Site,Date,Depth,chl
98_osh,2022-01-01,5,1.0706424713134766
98_osh,2022-01-01,10,1.0703895092010498
98_osh,2022-01-01,15,1.0702266693115234
98_osh,2022-01-01,20,1.0701383352279663
98_osh,2022-01-01,30,1.0715622901916504
98_osh,2022-01-01,40,0.9524664878845216
98_osh,2022-01-01,50,0.9523906707763672
98_osh,2022-01-02,5,1.0993634462356567
98_osh,2022-01-02,10,1.0990251302719116
98_osh,2022-01-02,15,1.0987801551818848
98_osh,2022-01-02,20,1.0986179113388062
98_osh,2022-01-02,30,1.099962830543518
98_osh,2022-01-02,40,0.990112841129303
98_osh,2022-01-02,50,0.9899917840957642
98_osh,2022-01-03,5,1.1360729932785034
98_osh,2022-01-03,10,1.1357808113098145
98_osh,2022-01-03,15,1.13555645942688
98_osh,2022-01-03,20,1.1353611946105957
98_osh,2022-01-03,30,1.1361241340637207
98_osh,2022-01-03,40,1.0334229469299316
98_osh,2022-01-03,50,1.0328612327575684
98_osh,2022-01-04,5,1.1742987632751465
98_osh,2022-01-04,10,1.1741441488265991
98_osh,2022-01-04,15,1.1740193367004397
98_osh,2022-01-04,20,1.1739288568496704
98_osh,2022-01-04,30,1.1752299070358276
98_osh,2022-01-04,40,1.0865622758865356
98_osh,2022-01-04,50,1.086016297340393
98_osh,2022-01-05,5,1.198561191558838
98_osh,2022-01-05,10,1.198582649230957
98_osh,2022-01-05,15,1.1986855268478394
98_osh,2022-01-05,20,1.1990106105804443
98_osh,2022-01-05,30,1.2023565769195557
98_osh,2022-01-05,40,1.130694031715393
98_osh,2022-01-05,50,1.129195213317871
98_osh,2022-01-06,5,1.217521071434021
98_osh,2022-01-06,10,1.2184691429138184
98_osh,2022-01-06,15,1.2193260192871094
98_osh,2022-01-06,20,1.2202365398406982
98_osh,2022-01-06,30,1.22537362575531
98_osh,2022-01-06,40,1.1544575691223145
98_osh,2022-01-06,50,1.145898461341858
98_osh,2022-01-07,5,1.2237461805343628
98_osh,2022-01-07,10,1.2244954109191897
98_osh,2022-01-07,15,1.2251750230789185
98_osh,2022-01-07,20,1.2260453701019287
98_osh,2022-01-07,30,1.230402588844299
98_osh,2022-01-07,40,1.1715272665023804
98_osh,2022-01-07,50,1.1658685207366943
98_osh,2022-01-08,5,1.2135511636734009
98_osh,2022-01-08,10,1.214005947113037
98_osh,2022-01-08,15,1.2145352363586426
98_osh,2022-01-08,20,1.2154147624969482
98_osh,2022-01-08,30,1.2197057008743286
98_osh,2022-01-08,40,1.1727986335754397
98_osh,2022-01-08,50,1.1737899780273438
98_osh,2022-01-09,5,1.201032042503357
98_osh,2022-01-09,10,1.2012572288513184
98_osh,2022-01-09,15,1.2016087770462036
98_osh,2022-01-09,20,1.202314376831055
98_osh,2022-01-09,30,1.2063230276107788
98_osh,2022-01-09,40,1.1601622104644775
98_osh,2022-01-09,50,1.1614699363708496
98_osh,2022-01-10,5,1.2135871648788452
98_osh,2022-01-10,10,1.214456558227539
98_osh,2022-01-10,15,1.215315580368042
98_osh,2022-01-10,20,1.216510534286499
98_osh,2022-01-10,30,1.2184959650039673
98_osh,2022-01-10,40,1.172671914100647
98_osh,2022-01-10,50,1.172635197639465
98_osh,2022-01-11,5,1.1966441869735718
98_osh,2022-01-11,10,1.198309063911438
98_osh,2022-01-11,15,1.1995649337768557
98_osh,2022-01-11,20,1.2001078128814695
98_osh,2022-01-11,30,1.1895670890808103
98_osh,2022-01-11,40,1.1503231525421145
98_osh,2022-01-11,50,1.1463251113891602
98_osh,2022-01-12,5,1.1651941537857056
98_osh,2022-01-12,10,1.1647274494171145
98_osh,2022-01-12,15,1.1639307737350464
98_osh,2022-01-12,20,1.1619874238967896
98_osh,2022-01-12,30,1.1492061614990234
98_osh,2022-01-12,40,1.0999518632888794
98_osh,2022-01-12,50,1.0912333726882937
98_osh,2022-01-13,5,1.1772849559783936
98_osh,2022-01-13,10,1.176698923110962
98_osh,2022-01-13,15,1.1760060787200928
98_osh,2022-01-13,20,1.17485249042511
98_osh,2022-01-13,30,1.1701266765594482
98_osh,2022-01-13,40,1.1070854663848877
98_osh,2022-01-13,50,1.1017104387283323
98_osh,2022-01-14,5,1.2084860801696775
98_osh,2022-01-14,10,1.2081942558288574
98_osh,2022-01-14,15,1.2078814506530762
98_osh,2022-01-14,20,1.207419991493225
98_osh,2022-01-14,30,1.2068445682525637
98_osh,2022-01-14,40,1.138974905014038
98_osh,2022-01-14,50,1.1372960805892944
98_osh,2022-01-15,5,1.24177348613739
98_osh,2022-01-15,10,1.2415930032730105
98_osh,2022-01-15,15,1.241444706916809
98_osh,2022-01-15,20,1.2413451671600342
98_osh,2022-01-15,30,1.242868423461914
98_osh,2022-01-15,40,1.1742783784866333
98_osh,2022-01-15,50,1.1736741065979004
98_osh,2022-01-16,5,1.2555996179580688
98_osh,2022-01-16,10,1.2562971115112305
98_osh,2022-01-16,15,1.2569540739059448
98_osh,2022-01-16,20,1.2578967809677124
98_osh,2022-01-16,30,1.2618035078048706
98_osh,2022-01-16,40,1.1933975219726562
98_osh,2022-01-16,50,1.1945794820785522
98_osh,2022-01-17,5,1.2836101055145264
98_osh,2022-01-17,10,1.283758521080017
98_osh,2022-01-17,15,1.283973217010498
98_osh,2022-01-17,20,1.2844454050064087
98_osh,2022-01-17,30,1.2879620790481567
98_osh,2022-01-17,40,1.2177671194076538
98_osh,2022-01-17,50,1.2191874980926514
98_osh,2022-01-18,5,1.3321834802627563
98_osh,2022-01-18,10,1.3323478698730469
98_osh,2022-01-18,15,1.3326292037963867
98_osh,2022-01-18,20,1.3332734107971191
98_osh,2022-01-18,30,1.3384724855422974
98_osh,2022-01-18,40,1.2770529985427856
98_osh,2022-01-18,50,1.2767045497894287
98_osh,2022-01-19,5,1.372685790061951
98_osh,2022-01-19,10,1.3732030391693115
98_osh,2022-01-19,15,1.373857498168945
98_osh,2022-01-19,20,1.3746967315673828
98_osh,2022-01-19,30,1.379552960395813
98_osh,2022-01-19,40,1.31979501247406
98_osh,2022-01-19,50,1.3050248622894287
98_osh,2022-01-20,5,1.3831424713134766
98_osh,2022-01-20,10,1.3832536935806274
98_osh,2022-01-20,15,1.3833744525909424
98_osh,2022-01-20,20,1.383620262145996
98_osh,2022-01-20,30,1.388250708580017
98_osh,2022-01-20,40,1.3426835536956787
98_osh,2022-01-20,50,1.334298014640808
98_osh,2022-01-21,5,1.3963239192962646
98_osh,2022-01-21,10,1.3962408304214478
98_osh,2022-01-21,15,1.396212100982666
98_osh,2022-01-21,20,1.396384358406067
98_osh,2022-01-21,30,1.4000006914138794
98_osh,2022-01-21,40,1.3743350505828855
98_osh,2022-01-21,50,1.3752700090408323
98_osh,2022-01-22,5,1.4250192642211914
98_osh,2022-01-22,10,1.4251147508621216
98_osh,2022-01-22,15,1.4253172874450684
98_osh,2022-01-22,20,1.4258670806884766
98_osh,2022-01-22,30,1.4312822818756104
98_osh,2022-01-22,40,1.4155206680297852
98_osh,2022-01-22,50,1.4158799648284912
98_osh,2022-01-23,5,1.4518576860427856
98_osh,2022-01-23,10,1.4523370265960691
98_osh,2022-01-23,15,1.4530086517333984
98_osh,2022-01-23,20,1.4540441036224363
98_osh,2022-01-23,30,1.4609371423721311
98_osh,2022-01-23,40,1.436062932014465
98_osh,2022-01-23,50,1.421433925628662
98_osh,2022-01-24,5,1.4640017747879028
98_osh,2022-01-24,10,1.4634517431259155
98_osh,2022-01-24,15,1.462924838066101
98_osh,2022-01-24,20,1.4623454809188845
98_osh,2022-01-24,30,1.4652103185653689
98_osh,2022-01-24,40,1.4424277544021606
98_osh,2022-01-24,50,1.4318249225616455
98_osh,2022-01-25,5,1.455836296081543
98_osh,2022-01-25,10,1.45611572265625
98_osh,2022-01-25,15,1.4564425945281982
98_osh,2022-01-25,20,1.4570629596710205
98_osh,2022-01-25,30,1.4598113298416138
98_osh,2022-01-25,40,1.4496512413024902
98_osh,2022-01-25,50,1.4491219520568848
98_osh,2022-01-26,5,1.449407696723938
98_osh,2022-01-26,10,1.4495004415512085
98_osh,2022-01-26,15,1.4493755102157593
98_osh,2022-01-26,20,1.448618769645691
98_osh,2022-01-26,30,1.4388976097106934
98_osh,2022-01-26,40,1.4289320707321167
98_osh,2022-01-26,50,1.419281244277954
98_osh,2022-01-27,5,1.4573512077331543
98_osh,2022-01-27,10,1.456684708595276
98_osh,2022-01-27,15,1.4559688568115234
98_osh,2022-01-27,20,1.4549133777618408
98_osh,2022-01-27,30,1.4495264291763306
98_osh,2022-01-27,40,1.431003212928772
98_osh,2022-01-27,50,1.4195982217788696
98_osh,2022-01-28,5,1.4779062271118164
98_osh,2022-01-28,10,1.477786660194397
98_osh,2022-01-28,15,1.47762930393219
98_osh,2022-01-28,20,1.477535605430603
98_osh,2022-01-28,30,1.479882001876831
98_osh,2022-01-28,40,1.4681575298309326
98_osh,2022-01-28,50,1.4674386978149414
98_osh,2022-01-29,5,1.5000834465026855
98_osh,2022-01-29,10,1.5000964403152466
98_osh,2022-01-29,15,1.5000545978546145
98_osh,2022-01-29,20,1.5000821352005005
98_osh,2022-01-29,30,1.50263512134552
98_osh,2022-01-29,40,1.499994158744812
98_osh,2022-01-29,50,1.5012067556381226
98_osh,2022-01-30,5,1.5208957195281982
98_osh,2022-01-30,10,1.5208461284637451
98_osh,2022-01-30,15,1.5207451581954956
98_osh,2022-01-30,20,1.5207003355026243
98_osh,2022-01-30,30,1.5232012271881104
98_osh,2022-01-30,40,1.5262348651885986
98_osh,2022-01-30,50,1.5273338556289673
98_osh,2022-01-31,5,1.5371109247207642
98_osh,2022-01-31,10,1.5370346307754517
98_osh,2022-01-31,15,1.536954641342163
98_osh,2022-01-31,20,1.5370252132415771
98_osh,2022-01-31,30,1.5404750108718872
98_osh,2022-01-31,40,1.54727041721344
98_osh,2022-01-31,50,1.5490851402282717
98_osh,2022-02-01,5,1.552729249000549
98_osh,2022-02-01,10,1.552927851676941
98_osh,2022-02-01,15,1.553086519241333
98_osh,2022-02-01,20,1.553479552268982
98_osh,2022-02-01,30,1.5580252408981323
98_osh,2022-02-01,40,1.5705798864364624
98_osh,2022-02-01,50,1.573405385017395
98_osh,2022-02-02,5,1.56303071975708
98_osh,2022-02-02,10,1.563318133354187
98_osh,2022-02-02,15,1.5635225772857666
98_osh,2022-02-02,20,1.5638957023620603
98_osh,2022-02-02,30,1.5678924322128296
98_osh,2022-02-02,40,1.5878994464874268
98_osh,2022-02-02,50,1.5902386903762815
98_osh,2022-02-03,5,1.5674235820770264
98_osh,2022-02-03,10,1.567711353302002
98_osh,2022-02-03,15,1.5679173469543457
98_osh,2022-02-03,20,1.5682671070098877
98_osh,2022-02-03,30,1.571819543838501
98_osh,2022-02-03,40,1.5967832803726196
98_osh,2022-02-03,50,1.5985904932022097
98_osh,2022-02-04,5,1.562821865081787
98_osh,2022-02-04,10,1.5632174015045166
98_osh,2022-02-04,15,1.563557744026184
98_osh,2022-02-04,20,1.5641796588897705
98_osh,2022-02-04,30,1.569162130355835
98_osh,2022-02-04,40,1.5980682373046875
98_osh,2022-02-04,50,1.6012569665908811
98_osh,2022-02-05,5,1.5510903596878052
98_osh,2022-02-05,10,1.5515488386154177
98_osh,2022-02-05,15,1.552022099494934
98_osh,2022-02-05,20,1.552884221076965
98_osh,2022-02-05,30,1.5586110353469849
98_osh,2022-02-05,40,1.5914829969406128
98_osh,2022-02-05,50,1.5973187685012815
98_osh,2022-02-06,5,1.5389339923858645
98_osh,2022-02-06,10,1.5394401550292969
98_osh,2022-02-06,15,1.539907932281494
98_osh,2022-02-06,20,1.540706753730774
98_osh,2022-02-06,30,1.5457152128219604
98_osh,2022-02-06,40,1.5784180164337158
98_osh,2022-02-06,50,1.5831414461135864
98_osh,2022-02-07,5,1.5187959671020508
98_osh,2022-02-07,10,1.5193345546722412
98_osh,2022-02-07,15,1.5198343992233276
98_osh,2022-02-07,20,1.520710587501526
98_osh,2022-02-07,30,1.5264652967453003
98_osh,2022-02-07,40,1.558382511138916
98_osh,2022-02-07,50,1.564208984375
98_osh,2022-02-08,5,1.4907022714614868
98_osh,2022-02-08,10,1.491408348083496
98_osh,2022-02-08,15,1.4920740127563477
98_osh,2022-02-08,20,1.4931851625442505
98_osh,2022-02-08,30,1.4992784261703491
98_osh,2022-02-08,40,1.5295895338058472
98_osh,2022-02-08,50,1.536301851272583
98_osh,2022-02-09,5,1.4708691835403442
98_osh,2022-02-09,10,1.4715412855148315
98_osh,2022-02-09,15,1.4722195863723757
98_osh,2022-02-09,20,1.4733057022094729
98_osh,2022-02-09,30,1.4768540859222412
98_osh,2022-02-09,40,1.5021034479141235
98_osh,2022-02-09,50,1.5049998760223389
98_osh,2022-02-10,5,1.4640263319015503
98_osh,2022-02-10,10,1.465104579925537
98_osh,2022-02-10,15,1.4659818410873413
98_osh,2022-02-10,20,1.466005563735962
98_osh,2022-02-10,30,1.4566099643707275
98_osh,2022-02-10,40,1.4638880491256714
98_osh,2022-02-10,50,1.4359256029129028
98_osh,2022-02-11,5,1.4312467575073242
98_osh,2022-02-11,10,1.4350427389144895
98_osh,2022-02-11,15,1.4388655424118042
98_osh,2022-02-11,20,1.439266562461853
98_osh,2022-02-11,30,1.4106594324111938
98_osh,2022-02-11,40,1.3809722661972046
98_osh,2022-02-11,50,1.3339208364486694
98_osh,2022-02-12,5,1.3710159063339231
98_osh,2022-02-12,10,1.3740395307540894
98_osh,2022-02-12,15,1.3770041465759275
98_osh,2022-02-12,20,1.3782846927642822
98_osh,2022-02-12,30,1.3685894012451172
98_osh,2022-02-12,40,1.3611751794815063
98_osh,2022-02-12,50,1.3277148008346558
98_osh,2022-02-13,5,1.3527337312698364
98_osh,2022-02-13,10,1.353272557258606
98_osh,2022-02-13,15,1.353671312332153
98_osh,2022-02-13,20,1.3541117906570437
98_osh,2022-02-13,30,1.3527884483337402
98_osh,2022-02-13,40,1.368496298789978
98_osh,2022-02-13,50,1.360592007637024
98_osh,2022-02-14,5,1.3647613525390625
98_osh,2022-02-14,10,1.3645143508911133
98_osh,2022-02-14,15,1.364108681678772
98_osh,2022-02-14,20,1.363034963607788
98_osh,2022-02-14,30,1.3549829721450806
98_osh,2022-02-14,40,1.370744228363037
98_osh,2022-02-14,50,1.3372479677200315
98_osh,2022-02-15,5,1.3312609195709229
98_osh,2022-02-15,10,1.3308521509170532
98_osh,2022-02-15,15,1.3303890228271484
98_osh,2022-02-15,20,1.329637050628662
98_osh,2022-02-15,30,1.326922059059143
98_osh,2022-02-15,40,1.359971284866333
98_osh,2022-02-15,50,1.352446436882019
98_osh,2022-02-16,5,1.3035293817520142
98_osh,2022-02-16,10,1.3037161827087402
98_osh,2022-02-16,15,1.3039331436157229
98_osh,2022-02-16,20,1.3043065071105957
98_osh,2022-02-16,30,1.3062162399291992
98_osh,2022-02-16,40,1.3483093976974487
98_osh,2022-02-16,50,1.3484342098236084
98_osh,2022-02-17,5,1.3079360723495483
98_osh,2022-02-17,10,1.3081930875778198
98_osh,2022-02-17,15,1.3085284233093262
98_osh,2022-02-17,20,1.309078812599182
98_osh,2022-02-17,30,1.3127601146697998
98_osh,2022-02-17,40,1.359399914741516
98_osh,2022-02-17,50,1.3545968532562256
98_osh,2022-02-18,5,1.3226927518844604
98_osh,2022-02-18,10,1.3236209154129028
98_osh,2022-02-18,15,1.3246029615402222
98_osh,2022-02-18,20,1.3260639905929563
98_osh,2022-02-18,30,1.3299351930618286
98_osh,2022-02-18,40,1.388717770576477
98_osh,2022-02-18,50,1.3721592426300049
98_osh,2022-02-19,5,1.3005279302597046
98_osh,2022-02-19,10,1.302623629570007
98_osh,2022-02-19,15,1.3048356771469116
98_osh,2022-02-19,20,1.3074182271957395
98_osh,2022-02-19,30,1.3049577474594116
98_osh,2022-02-19,40,1.3741039037704468
98_osh,2022-02-19,50,1.3533326387405396
98_osh,2022-02-20,5,1.2838428020477295
98_osh,2022-02-20,10,1.2844313383102417
98_osh,2022-02-20,15,1.2850335836410522
98_osh,2022-02-20,20,1.2858586311340332
98_osh,2022-02-20,30,1.2854372262954712
98_osh,2022-02-20,40,1.3678652048110962
98_osh,2022-02-20,50,1.359632968902588
98_osh,2022-02-21,5,1.2859244346618652
98_osh,2022-02-21,10,1.2862948179244995
98_osh,2022-02-21,15,1.2866294384002686
98_osh,2022-02-21,20,1.28711998462677
98_osh,2022-02-21,30,1.2884559631347656
98_osh,2022-02-21,40,1.374850153923035
98_osh,2022-02-21,50,1.3760002851486206
98_osh,2022-02-22,5,1.2949436902999878
98_osh,2022-02-22,10,1.2953150272369385
98_osh,2022-02-22,15,1.2956218719482422
98_osh,2022-02-22,20,1.2960717678070068
98_osh,2022-02-22,30,1.29856538772583
98_osh,2022-02-22,40,1.3729044198989868
98_osh,2022-02-22,50,1.3741085529327393
98_osh,2022-02-23,5,1.306829810142517
98_osh,2022-02-23,10,1.307315468788147
98_osh,2022-02-23,15,1.3077222108840942
98_osh,2022-02-23,20,1.308313012123108
98_osh,2022-02-23,30,1.3114409446716309
98_osh,2022-02-23,40,1.3817588090896606
98_osh,2022-02-23,50,1.3837929964065552
98_osh,2022-02-24,5,1.3085097074508667
98_osh,2022-02-24,10,1.3091293573379517
98_osh,2022-02-24,15,1.3096561431884766
98_osh,2022-02-24,20,1.310417413711548
98_osh,2022-02-24,30,1.3139920234680176
98_osh,2022-02-24,40,1.3837456703186035
98_osh,2022-02-24,50,1.3873043060302734
98_osh,2022-02-25,5,1.3125194311141968
98_osh,2022-02-25,10,1.3133939504623413
98_osh,2022-02-25,15,1.314184069633484
98_osh,2022-02-25,20,1.3154098987579346
98_osh,2022-02-25,30,1.3211421966552734
98_osh,2022-02-25,40,1.398205280303955
98_osh,2022-02-25,50,1.404351830482483
98_osh,2022-02-26,5,1.3031588792800903
98_osh,2022-02-26,10,1.3050825595855713
98_osh,2022-02-26,15,1.307388424873352
98_osh,2022-02-26,20,1.3110268115997314
98_osh,2022-02-26,30,1.3207751512527466
98_osh,2022-02-26,40,1.3990403413772583
98_osh,2022-02-26,50,1.3868409395217896
98_osh,2022-02-27,5,1.2603391408920288
98_osh,2022-02-27,10,1.2629234790802002
98_osh,2022-02-27,15,1.2657501697540283
98_osh,2022-02-27,20,1.2702854871749878
98_osh,2022-02-27,30,1.2817033529281616
98_osh,2022-02-27,40,1.3836389780044556
98_osh,2022-02-27,50,1.3823037147521973
98_osh,2022-02-28,5,1.238625407218933
98_osh,2022-02-28,10,1.2403008937835691
98_osh,2022-02-28,15,1.2419859170913696
98_osh,2022-02-28,20,1.24504554271698
98_osh,2022-02-28,30,1.2562352418899536
98_osh,2022-02-28,40,1.3832626342773438
98_osh,2022-02-28,50,1.397217035293579
98_osh,2022-03-01,5,1.2042595148086548
98_osh,2022-03-01,10,1.207605481147766
98_osh,2022-03-01,15,1.2108161449432373
98_osh,2022-03-01,20,1.215254545211792
98_osh,2022-03-01,30,1.2159857749938965
98_osh,2022-03-01,40,1.3252451419830322
98_osh,2022-03-01,50,1.313234806060791
98_osh,2022-03-02,5,1.1664636135101318
98_osh,2022-03-02,10,1.1713711023330688
98_osh,2022-03-02,15,1.1765342950820925
98_osh,2022-03-02,20,1.183707594871521
98_osh,2022-03-02,30,1.190025806427002
98_osh,2022-03-02,40,1.2845925092697144
98_osh,2022-03-02,50,1.2473506927490234
98_osh,2022-03-03,5,1.1427069902420044
98_osh,2022-03-03,10,1.1477086544036863
98_osh,2022-03-03,15,1.1532832384109497
98_osh,2022-03-03,20,1.1622060537338257
98_osh,2022-03-03,30,1.1795450448989868
98_osh,2022-03-03,40,1.2862088680267334
98_osh,2022-03-03,50,1.2719391584396362
98_osh,2022-03-04,5,1.1363751888275146
98_osh,2022-03-04,10,1.1399507522583008
98_osh,2022-03-04,15,1.1445105075836182
98_osh,2022-03-04,20,1.152403473854065
98_osh,2022-03-04,30,1.170661449432373
98_osh,2022-03-04,40,1.2851359844207764
98_osh,2022-03-04,50,1.258034586906433
98_osh,2022-03-05,5,1.1160892248153689
98_osh,2022-03-05,10,1.1178841590881348
98_osh,2022-03-05,15,1.1201497316360474
98_osh,2022-03-05,20,1.1234641075134275
98_osh,2022-03-05,30,1.1252645254135132
98_osh,2022-03-05,40,1.2543550729751587
98_osh,2022-03-05,50,1.24601948261261
98_osh,2022-03-06,5,1.119462251663208
98_osh,2022-03-06,10,1.121639370918274
98_osh,2022-03-06,15,1.1241655349731443
98_osh,2022-03-06,20,1.1279376745224
98_osh,2022-03-06,30,1.131303787231445
98_osh,2022-03-06,40,1.2584172487258911
98_osh,2022-03-06,50,1.2294822931289673
98_osh,2022-03-07,5,1.1087485551834106
98_osh,2022-03-07,10,1.1119790077209473
98_osh,2022-03-07,15,1.1159465312957764
98_osh,2022-03-07,20,1.1222448348999023
98_osh,2022-03-07,30,1.130770206451416
98_osh,2022-03-07,40,1.2325512170791626
98_osh,2022-03-07,50,1.181084156036377
98_osh,2022-03-08,5,1.037950873374939
98_osh,2022-03-08,10,1.0433999300003052
98_osh,2022-03-08,15,1.049703598022461
98_osh,2022-03-08,20,1.0599406957626345
98_osh,2022-03-08,30,1.0738259553909302
98_osh,2022-03-08,40,1.1544498205184937
98_osh,2022-03-08,50,1.0949560403823853
98_osh,2022-03-09,5,0.9450669288635254
98_osh,2022-03-09,10,0.9538565278053284
98_osh,2022-03-09,15,0.9650534987449646
98_osh,2022-03-09,20,0.9880279302597046
98_osh,2022-03-09,30,1.0088194608688354
98_osh,2022-03-09,40,1.0547552108764648
98_osh,2022-03-09,50,1.0011504888534546
98_osh,2022-03-10,5,0.8647297620773315
98_osh,2022-03-10,10,0.8780949115753174
98_osh,2022-03-10,15,0.9047139286994934
98_osh,2022-03-10,20,0.9561173319816588
98_osh,2022-03-10,30,0.9803521037101746
98_osh,2022-03-10,40,0.9563289880752563
98_osh,2022-03-10,50,0.9212541580200196
98_osh,2022-03-11,5,0.8104387521743774
98_osh,2022-03-11,10,0.8297304511070251
98_osh,2022-03-11,15,0.8639162182807922
98_osh,2022-03-11,20,0.9233749508857728
98_osh,2022-03-11,30,0.9564740061759948
98_osh,2022-03-11,40,0.8803619146347046
98_osh,2022-03-11,50,0.8571023344993591
98_osh,2022-03-12,5,0.7916221022605896
98_osh,2022-03-12,10,0.8009279370307922
98_osh,2022-03-12,15,0.8161216378211975
98_osh,2022-03-12,20,0.8622517585754395
98_osh,2022-03-12,30,0.9438284039497375
98_osh,2022-03-12,40,0.8429766893386841
98_osh,2022-03-12,50,0.7926807999610901
98_osh,2022-03-13,5,0.7821017503738403
98_osh,2022-03-13,10,0.7859848737716675
98_osh,2022-03-13,15,0.7975882291793823
98_osh,2022-03-13,20,0.8315828442573547
98_osh,2022-03-13,30,0.9391016364097596
98_osh,2022-03-13,40,0.8381341695785522
98_osh,2022-03-13,50,0.7246045470237732
98_osh,2022-03-14,5,0.787392258644104
98_osh,2022-03-14,10,0.7864862680435181
98_osh,2022-03-14,15,0.7953349947929382
98_osh,2022-03-14,20,0.8270230293273926
98_osh,2022-03-14,30,0.9005165100097656
98_osh,2022-03-14,40,0.8426693677902222
98_osh,2022-03-14,50,0.6809068918228149
98_osh,2022-03-15,5,0.7824674248695374
98_osh,2022-03-15,10,0.783942461013794
98_osh,2022-03-15,15,0.7949212193489075
98_osh,2022-03-15,20,0.8190462589263916
98_osh,2022-03-15,30,0.842971682548523
98_osh,2022-03-15,40,0.8230725526809692
98_osh,2022-03-15,50,0.668063759803772
98_osh,2022-03-16,5,0.7642163038253784
98_osh,2022-03-16,10,0.7753640413284302
98_osh,2022-03-16,15,0.8075975179672241
98_osh,2022-03-16,20,0.8462196588516235
98_osh,2022-03-16,30,0.8231263756752014
98_osh,2022-03-16,40,0.7907848358154297
98_osh,2022-03-16,50,0.6450457572937012
98_osh,2022-03-17,5,0.733249306678772
98_osh,2022-03-17,10,0.7500618696212769
98_osh,2022-03-17,15,0.7864949107170105
98_osh,2022-03-17,20,0.8863657116889954
98_osh,2022-03-17,30,0.8633641600608826
98_osh,2022-03-17,40,0.772430419921875
98_osh,2022-03-17,50,0.6094841957092285
98_osh,2022-03-18,5,0.7256008386611938
98_osh,2022-03-18,10,0.7395512461662292
98_osh,2022-03-18,15,0.7706264853477478
98_osh,2022-03-18,20,0.8781650066375732
98_osh,2022-03-18,30,0.8990440964698792
98_osh,2022-03-18,40,0.7504026293754578
98_osh,2022-03-18,50,0.5843361020088196
98_osh,2022-03-19,5,0.765938937664032
98_osh,2022-03-19,10,0.7762876152992249
98_osh,2022-03-19,15,0.7927150726318359
98_osh,2022-03-19,20,0.8339565396308899
98_osh,2022-03-19,30,0.8802640438079834
98_osh,2022-03-19,40,0.7185047268867493
98_osh,2022-03-19,50,0.5570939779281616
98_osh,2022-03-20,5,0.7967133522033691
98_osh,2022-03-20,10,0.8011793494224548
98_osh,2022-03-20,15,0.8083180785179138
98_osh,2022-03-20,20,0.8220336437225342
98_osh,2022-03-20,30,0.8614481687545776
98_osh,2022-03-20,40,0.7064232230186462
98_osh,2022-03-20,50,0.524503231048584
98_osh,2022-03-21,5,0.7924510836601257
98_osh,2022-03-21,10,0.7944973707199097
98_osh,2022-03-21,15,0.7976613640785217
98_osh,2022-03-21,20,0.8038541674613953
98_osh,2022-03-21,30,0.8284567594528198
98_osh,2022-03-21,40,0.7439964413642883
98_osh,2022-03-21,50,0.5292803049087524
98_osh,2022-03-22,5,0.7494785785675049
98_osh,2022-03-22,10,0.7517169117927551
98_osh,2022-03-22,15,0.7550816535949707
98_osh,2022-03-22,20,0.7628453969955444
98_osh,2022-03-22,30,0.7877383828163147
98_osh,2022-03-22,40,0.7902654409408569
98_osh,2022-03-22,50,0.5486674904823303
98_osh,2022-03-23,5,0.6778132319450378
98_osh,2022-03-23,10,0.6855446696281433
98_osh,2022-03-23,15,0.7025498151779175
98_osh,2022-03-23,20,0.7258355021476746
98_osh,2022-03-23,30,0.7658757567405701
98_osh,2022-03-23,40,0.7867434024810791
98_osh,2022-03-23,50,0.550530731678009
98_osh,2022-03-24,5,0.6043806672096252
98_osh,2022-03-24,10,0.6237936019897461
98_osh,2022-03-24,15,0.6740936636924744
98_osh,2022-03-24,20,0.7278940081596375
98_osh,2022-03-24,30,0.7748223543167114
98_osh,2022-03-24,40,0.7619404196739197
98_osh,2022-03-24,50,0.5569385886192322
98_osh,2022-03-25,5,0.5633055567741394
98_osh,2022-03-25,10,0.5824787616729736
98_osh,2022-03-25,15,0.6481549739837646
98_osh,2022-03-25,20,0.7370019555091858
98_osh,2022-03-25,30,0.7914497256278992
98_osh,2022-03-25,40,0.7469944953918457
98_osh,2022-03-25,50,0.5696609020233154
98_osh,2022-03-26,5,0.5480706691741943
98_osh,2022-03-26,10,0.5645588040351868
98_osh,2022-03-26,15,0.6272534132003784
98_osh,2022-03-26,20,0.7302994728088379
98_osh,2022-03-26,30,0.7887261509895325
98_osh,2022-03-26,40,0.7275898456573486
98_osh,2022-03-26,50,0.5833415389060974
98_osh,2022-03-27,5,0.5131042003631592
98_osh,2022-03-27,10,0.5507252812385559
98_osh,2022-03-27,15,0.6281985640525818
98_osh,2022-03-27,20,0.7476128935813904
98_osh,2022-03-27,30,0.8146107196807861
98_osh,2022-03-27,40,0.7113333344459534
98_osh,2022-03-27,50,0.5818131566047668
98_osh,2022-03-28,5,0.4870891869068146
98_osh,2022-03-28,10,0.517123281955719
98_osh,2022-03-28,15,0.6321527361869812
98_osh,2022-03-28,20,0.7750556468963623
98_osh,2022-03-28,30,0.8688563108444214
98_osh,2022-03-28,40,0.6974877715110779
98_osh,2022-03-28,50,0.5570266246795654
98_osh,2022-03-29,5,0.4587599337100982
98_osh,2022-03-29,10,0.4813900291919708
98_osh,2022-03-29,15,0.6068981289863586
98_osh,2022-03-29,20,0.7829110026359558
98_osh,2022-03-29,30,0.9238518476486206
98_osh,2022-03-29,40,0.6789210438728333
98_osh,2022-03-29,50,0.5302276015281677
98_osh,2022-03-30,5,0.4237259924411773
98_osh,2022-03-30,10,0.4477688372135162
98_osh,2022-03-30,15,0.5659478306770325
98_osh,2022-03-30,20,0.7746856808662415
98_osh,2022-03-30,30,0.974475085735321
98_osh,2022-03-30,40,0.6647050976753235
98_osh,2022-03-30,50,0.5136582851409912
98_osh,2022-03-31,5,0.4036865830421448
98_osh,2022-03-31,10,0.4231288731098175
98_osh,2022-03-31,15,0.529794454574585
98_osh,2022-03-31,20,0.7711028456687927
98_osh,2022-03-31,30,1.030329704284668
98_osh,2022-03-31,40,0.6580414772033691
98_osh,2022-03-31,50,0.5032194256782532
98_osh,2022-04-01,5,0.4216291010379791
98_osh,2022-04-01,10,0.4296424388885498
98_osh,2022-04-01,15,0.4758962094783783
98_osh,2022-04-01,20,0.7652117609977722
98_osh,2022-04-01,30,1.0842400789260864
98_osh,2022-04-01,40,0.6511087417602539
98_osh,2022-04-01,50,0.4892522692680359
98_osh,2022-04-02,5,0.4320945143699646
98_osh,2022-04-02,10,0.4414811432361603
98_osh,2022-04-02,15,0.4746663570404053
98_osh,2022-04-02,20,0.7312840819358826
98_osh,2022-04-02,30,1.1241850852966309
98_osh,2022-04-02,40,0.6483535766601562
98_osh,2022-04-02,50,0.4770576953887939
98_osh,2022-04-03,5,0.4190943241119385
98_osh,2022-04-03,10,0.4296176731586456
98_osh,2022-04-03,15,0.4657075703144073
98_osh,2022-04-03,20,0.6951883435249329
98_osh,2022-04-03,30,1.1679303646087646
98_osh,2022-04-03,40,0.6663256287574768
98_osh,2022-04-03,50,0.48023721575737
98_osh,2022-04-04,5,0.3869611918926239
98_osh,2022-04-04,10,0.3994919657707214
98_osh,2022-04-04,15,0.4426959753036499
98_osh,2022-04-04,20,0.6565616726875305
98_osh,2022-04-04,30,1.201311469078064
98_osh,2022-04-04,40,0.7065058946609497
98_osh,2022-04-04,50,0.495441734790802
98_osh,2022-04-05,5,0.3573991656303406
98_osh,2022-04-05,10,0.3692295849323272
98_osh,2022-04-05,15,0.4175387918949127
98_osh,2022-04-05,20,0.6186466813087463
98_osh,2022-04-05,30,1.1983484029769895
98_osh,2022-04-05,40,0.7641770839691162
98_osh,2022-04-05,50,0.5211408138275146
98_osh,2022-04-06,5,0.3373707830905914
98_osh,2022-04-06,10,0.3478494882583618
98_osh,2022-04-06,15,0.4036303758621216
98_osh,2022-04-06,20,0.6133862137794495
98_osh,2022-04-06,30,1.1817007064819336
98_osh,2022-04-06,40,0.8078246116638184
98_osh,2022-04-06,50,0.5444988012313843
98_osh,2022-04-07,5,0.3196174800395965
98_osh,2022-04-07,10,0.332476407289505
98_osh,2022-04-07,15,0.3903670907020569
98_osh,2022-04-07,20,0.6022644639015198
98_osh,2022-04-07,30,1.1669790744781494
98_osh,2022-04-07,40,0.8442134261131287
98_osh,2022-04-07,50,0.5680636763572693
98_osh,2022-04-08,5,0.3057656288146972
98_osh,2022-04-08,10,0.3180783987045288
98_osh,2022-04-08,15,0.3754914700984955
98_osh,2022-04-08,20,0.5873419642448425
98_osh,2022-04-08,30,1.1523758172988892
98_osh,2022-04-08,40,0.8839482069015503
98_osh,2022-04-08,50,0.600368082523346
98_osh,2022-04-09,5,0.292187362909317
98_osh,2022-04-09,10,0.3066397905349731
98_osh,2022-04-09,15,0.3656480610370636
98_osh,2022-04-09,20,0.5821653604507446
98_osh,2022-04-09,30,1.1514768600463867
98_osh,2022-04-09,40,0.9162347912788392
98_osh,2022-04-09,50,0.6428952217102051
98_osh,2022-04-10,5,0.280656486749649
98_osh,2022-04-10,10,0.2921494841575622
98_osh,2022-04-10,15,0.3479343950748443
98_osh,2022-04-10,20,0.5528041124343872
98_osh,2022-04-10,30,1.1377434730529783
98_osh,2022-04-10,40,0.9366128444671632
98_osh,2022-04-10,50,0.6972285509109497
98_osh,2022-04-11,5,0.2697589695453644
98_osh,2022-04-11,10,0.2768265008926391
98_osh,2022-04-11,15,0.3297807574272156
98_osh,2022-04-11,20,0.5185848474502563
98_osh,2022-04-11,30,1.1286298036575315
98_osh,2022-04-11,40,0.941408097743988
98_osh,2022-04-11,50,0.742773175239563
98_osh,2022-04-12,5,0.2545801699161529
98_osh,2022-04-12,10,0.2624389231204986
98_osh,2022-04-12,15,0.3168338537216186
98_osh,2022-04-12,20,0.4978471398353576
98_osh,2022-04-12,30,1.1475050449371338
98_osh,2022-04-12,40,0.9302486181259156
98_osh,2022-04-12,50,0.7661630511283875
98_osh,2022-04-13,5,0.2439221292734146
98_osh,2022-04-13,10,0.2519440650939941
98_osh,2022-04-13,15,0.3058238625526428
98_osh,2022-04-13,20,0.4815826416015625
98_osh,2022-04-13,30,1.1663230657577517
98_osh,2022-04-13,40,0.9112985134124756
98_osh,2022-04-13,50,0.7626761198043823
98_osh,2022-04-14,5,0.2470396012067794
98_osh,2022-04-14,10,0.2441804558038711
98_osh,2022-04-14,15,0.2905910909175873
98_osh,2022-04-14,20,0.4589587748050689
98_osh,2022-04-14,30,1.17212975025177
98_osh,2022-04-14,40,0.8905019164085388
98_osh,2022-04-14,50,0.7719790935516357
98_osh,2022-04-15,5,0.2456572204828262
98_osh,2022-04-15,10,0.2356238216161728
98_osh,2022-04-15,15,0.2735324800014496
98_osh,2022-04-15,20,0.430949717760086
98_osh,2022-04-15,30,1.1907685995101929
98_osh,2022-04-15,40,0.8599969744682312
98_osh,2022-04-15,50,0.7930300831794739
98_osh,2022-04-16,5,0.2373620420694351
98_osh,2022-04-16,10,0.2265430837869644
98_osh,2022-04-16,15,0.2622233033180237
98_osh,2022-04-16,20,0.4139307737350464
98_osh,2022-04-16,30,1.249200701713562
98_osh,2022-04-16,40,0.841606080532074
98_osh,2022-04-16,50,0.8120607733726501
98_osh,2022-04-17,5,0.2294070422649383
98_osh,2022-04-17,10,0.2225762605667114
98_osh,2022-04-17,15,0.2579422891139984
98_osh,2022-04-17,20,0.4199306964874267
98_osh,2022-04-17,30,1.2721329927444458
98_osh,2022-04-17,40,0.8134637475013733
98_osh,2022-04-17,50,0.8248389363288879
98_osh,2022-04-18,5,0.2229510098695755
98_osh,2022-04-18,10,0.2183056622743606
98_osh,2022-04-18,15,0.2561033964157104
98_osh,2022-04-18,20,0.4292290806770324
98_osh,2022-04-18,30,1.2612450122833252
98_osh,2022-04-18,40,0.7744261026382446
98_osh,2022-04-18,50,0.8145662546157837
98_osh,2022-04-19,5,0.2161706238985061
98_osh,2022-04-19,10,0.2114472240209579
98_osh,2022-04-19,15,0.2516774833202362
98_osh,2022-04-19,20,0.4276199638843536
98_osh,2022-04-19,30,1.2925281524658203
98_osh,2022-04-19,40,0.7605249881744385
98_osh,2022-04-19,50,0.823192298412323
98_osh,2022-04-20,5,0.2125675529241562
98_osh,2022-04-20,10,0.2047954499721527
98_osh,2022-04-20,15,0.2458424717187881
98_osh,2022-04-20,20,0.4252648651599884
98_osh,2022-04-20,30,1.3077080249786377
98_osh,2022-04-20,40,0.7433082461357117
98_osh,2022-04-20,50,0.8485329151153564
98_osh,2022-04-21,5,0.2103122025728225
98_osh,2022-04-21,10,0.1984504014253616
98_osh,2022-04-21,15,0.2378628551959991
98_osh,2022-04-21,20,0.4147070944309234
98_osh,2022-04-21,30,1.2917200326919556
98_osh,2022-04-21,40,0.7065393924713135
98_osh,2022-04-21,50,0.8597734570503235
98_osh,2022-04-22,5,0.210740715265274
98_osh,2022-04-22,10,0.2000539153814315
98_osh,2022-04-22,15,0.2397671043872833
98_osh,2022-04-22,20,0.4279735684394836
98_osh,2022-04-22,30,1.2302573919296265
98_osh,2022-04-22,40,0.657111406326294
98_osh,2022-04-22,50,0.8364202976226807
98_osh,2022-04-23,5,0.2126143276691436
98_osh,2022-04-23,10,0.2042576372623443
98_osh,2022-04-23,15,0.2495154440402984
98_osh,2022-04-23,20,0.4546016752719879
98_osh,2022-04-23,30,1.191676378250122
98_osh,2022-04-23,40,0.6397882103919983
98_osh,2022-04-23,50,0.8174335360527039
98_osh,2022-04-24,5,0.2069103270769119
98_osh,2022-04-24,10,0.199903205037117
98_osh,2022-04-24,15,0.2490339130163192
98_osh,2022-04-24,20,0.4529016315937042
98_osh,2022-04-24,30,1.2061388492584229
98_osh,2022-04-24,40,0.6538776159286499
98_osh,2022-04-24,50,0.8231109380722046
98_osh,2022-04-25,5,0.2006351202726364
98_osh,2022-04-25,10,0.191400408744812
98_osh,2022-04-25,15,0.238998994231224
98_osh,2022-04-25,20,0.4300957322120666
98_osh,2022-04-25,30,1.2106654644012451
98_osh,2022-04-25,40,0.654761552810669
98_osh,2022-04-25,50,0.8229355216026306
98_osh,2022-04-26,5,0.2008144110441208
98_osh,2022-04-26,10,0.1849762499332428
98_osh,2022-04-26,15,0.226228654384613
98_osh,2022-04-26,20,0.4003198444843292
98_osh,2022-04-26,30,1.1900207996368408
98_osh,2022-04-26,40,0.6371192336082458
98_osh,2022-04-26,50,0.8052000403404236
98_osh,2022-04-27,5,0.2043328285217285
98_osh,2022-04-27,10,0.2017150968313217
98_osh,2022-04-27,15,0.2455251812934875
98_osh,2022-04-27,20,0.443712830543518
98_osh,2022-04-27,30,1.1582447290420532
98_osh,2022-04-27,40,0.6526824831962585
98_osh,2022-04-27,50,0.7980866432189941
98_osh,2022-04-28,5,0.2027483433485031
98_osh,2022-04-28,10,0.2140921056270599
98_osh,2022-04-28,15,0.274307370185852
98_osh,2022-04-28,20,0.4993906915187835
98_osh,2022-04-28,30,1.1395585536956787
98_osh,2022-04-28,40,0.7230793237686157
98_osh,2022-04-28,50,0.8239519000053406
98_osh,2022-04-29,5,0.1981940269470214
98_osh,2022-04-29,10,0.2061686217784881
98_osh,2022-04-29,15,0.2740781307220459
98_osh,2022-04-29,20,0.4876091778278351
98_osh,2022-04-29,30,1.151464819908142
98_osh,2022-04-29,40,0.7705574035644531
98_osh,2022-04-29,50,0.836192786693573
98_osh,2022-04-30,5,0.194605216383934
98_osh,2022-04-30,10,0.1996386647224426
98_osh,2022-04-30,15,0.2695551514625549
98_osh,2022-04-30,20,0.470287024974823
98_osh,2022-04-30,30,1.1864913702011108
98_osh,2022-04-30,40,0.7973439693450928
98_osh,2022-04-30,50,0.8424821496009827
98_osh,2022-05-01,5,0.1949949860572815
98_osh,2022-05-01,10,0.1965962797403335
98_osh,2022-05-01,15,0.2622597515583038
98_osh,2022-05-01,20,0.4532870054244995
98_osh,2022-05-01,30,1.2046910524368286
98_osh,2022-05-01,40,0.7916854619979858
98_osh,2022-05-01,50,0.8364335894584656
98_osh,2022-05-02,5,0.1988552063703537
98_osh,2022-05-02,10,0.2050736993551254
98_osh,2022-05-02,15,0.2667608857154846
98_osh,2022-05-02,20,0.4640011787414551
98_osh,2022-05-02,30,1.2128663063049316
98_osh,2022-05-02,40,0.7798869013786316
98_osh,2022-05-02,50,0.8192340135574341
98_osh,2022-05-03,5,0.206751137971878
98_osh,2022-05-03,10,0.2205202132463455
98_osh,2022-05-03,15,0.2834024429321289
98_osh,2022-05-03,20,0.504899263381958
98_osh,2022-05-03,30,1.2235887050628662
98_osh,2022-05-03,40,0.7979066371917725
98_osh,2022-05-03,50,0.8138931393623352
98_osh,2022-05-04,5,0.2112122625112533
98_osh,2022-05-04,10,0.2266581505537033
98_osh,2022-05-04,15,0.2941296696662903
98_osh,2022-05-04,20,0.5228238701820374
98_osh,2022-05-04,30,1.2342183589935305
98_osh,2022-05-04,40,0.8268480896949768
98_osh,2022-05-04,50,0.8114064335823059
98_osh,2022-05-05,5,0.2105433195829391
98_osh,2022-05-05,10,0.2223976403474807
98_osh,2022-05-05,15,0.2893261015415191
98_osh,2022-05-05,20,0.5087518095970154
98_osh,2022-05-05,30,1.271323561668396
98_osh,2022-05-05,40,0.8713594675064087
98_osh,2022-05-05,50,0.8198986649513245
98_osh,2022-05-06,5,0.2104261666536331
98_osh,2022-05-06,10,0.2148531824350357
98_osh,2022-05-06,15,0.2752014696598053
98_osh,2022-05-06,20,0.4767431616783142
98_osh,2022-05-06,30,1.2868050336837769
98_osh,2022-05-06,40,0.9084069132804872
98_osh,2022-05-06,50,0.8401398062705994
98_osh,2022-05-07,5,0.2108494639396667
98_osh,2022-05-07,10,0.2101715058088302
98_osh,2022-05-07,15,0.2668699324131012
98_osh,2022-05-07,20,0.4554367959499359
98_osh,2022-05-07,30,1.2774279117584229
98_osh,2022-05-07,40,0.9061107635498048
98_osh,2022-05-07,50,0.8386484980583191
98_osh,2022-05-08,5,0.2178948819637298
98_osh,2022-05-08,10,0.2145589739084243
98_osh,2022-05-08,15,0.2699142396450043
98_osh,2022-05-08,20,0.4653533697128296
98_osh,2022-05-08,30,1.2796049118041992
98_osh,2022-05-08,40,0.899017333984375
98_osh,2022-05-08,50,0.8279361128807068
98_osh,2022-05-09,5,0.2184832096099853
98_osh,2022-05-09,10,0.2189792543649673
98_osh,2022-05-09,15,0.2766073048114776
98_osh,2022-05-09,20,0.4883972406387329
98_osh,2022-05-09,30,1.299868941307068
98_osh,2022-05-09,40,0.9164621829986572
98_osh,2022-05-09,50,0.8243085145950317
98_osh,2022-05-10,5,0.2156112939119339
98_osh,2022-05-10,10,0.2154539227485656
98_osh,2022-05-10,15,0.2782717049121856
98_osh,2022-05-10,20,0.4967195689678192
98_osh,2022-05-10,30,1.331704020500183
98_osh,2022-05-10,40,0.9450268149375916
98_osh,2022-05-10,50,0.8210676312446594
98_osh,2022-05-11,5,0.2106851935386657
98_osh,2022-05-11,10,0.2069273144006729
98_osh,2022-05-11,15,0.2682800590991974
98_osh,2022-05-11,20,0.4752475619316101
98_osh,2022-05-11,30,1.3450331687927246
98_osh,2022-05-11,40,0.9796205163002014
98_osh,2022-05-11,50,0.8224883079528809
98_osh,2022-05-12,5,0.2055949419736862
98_osh,2022-05-12,10,0.1979503482580185
98_osh,2022-05-12,15,0.2527609765529632
98_osh,2022-05-12,20,0.4408670961856842
98_osh,2022-05-12,30,1.3291562795639038
98_osh,2022-05-12,40,0.9955010414123536
98_osh,2022-05-12,50,0.8159759640693665
98_osh,2022-05-13,5,0.2038294523954391
98_osh,2022-05-13,10,0.1891579926013946
98_osh,2022-05-13,15,0.2367279678583145
98_osh,2022-05-13,20,0.4072084724903106
98_osh,2022-05-13,30,1.2848079204559326
98_osh,2022-05-13,40,0.9764004945755004
98_osh,2022-05-13,50,0.7892919182777405
98_osh,2022-05-14,5,0.2178159803152084
98_osh,2022-05-14,10,0.190954178571701
98_osh,2022-05-14,15,0.2349732369184494
98_osh,2022-05-14,20,0.4069680273532867
98_osh,2022-05-14,30,1.2522196769714355
98_osh,2022-05-14,40,0.9451446533203124
98_osh,2022-05-14,50,0.7611899375915527
98_osh,2022-05-15,5,0.2206335067749023
98_osh,2022-05-15,10,0.1973968595266342
98_osh,2022-05-15,15,0.2435290217399597
98_osh,2022-05-15,20,0.4306268393993377
98_osh,2022-05-15,30,1.2852156162261963
98_osh,2022-05-15,40,0.9499834179878236
98_osh,2022-05-15,50,0.7553219199180603
98_osh,2022-05-16,5,0.2199115604162216
98_osh,2022-05-16,10,0.1971911489963531
98_osh,2022-05-16,15,0.2408192753791809
98_osh,2022-05-16,20,0.4247190356254577
98_osh,2022-05-16,30,1.3350507020950315
98_osh,2022-05-16,40,0.9799911975860596
98_osh,2022-05-16,50,0.7695862650871277
98_osh,2022-05-17,5,0.2168528884649276
98_osh,2022-05-17,10,0.1927986443042755
98_osh,2022-05-17,15,0.2312534600496292
98_osh,2022-05-17,20,0.4032543301582336
98_osh,2022-05-17,30,1.344305157661438
98_osh,2022-05-17,40,1.013944149017334
98_osh,2022-05-17,50,0.7922471165657043
98_osh,2022-05-18,5,0.2115239202976226
98_osh,2022-05-18,10,0.1870980113744735
98_osh,2022-05-18,15,0.2217078804969787
98_osh,2022-05-18,20,0.3816044330596924
98_osh,2022-05-18,30,1.3174408674240112
98_osh,2022-05-18,40,1.0371421575546265
98_osh,2022-05-18,50,0.8132469058036804
98_osh,2022-05-19,5,0.2062977999448776
98_osh,2022-05-19,10,0.1811138838529586
98_osh,2022-05-19,15,0.2123605161905288
98_osh,2022-05-19,20,0.3613239228725433
98_osh,2022-05-19,30,1.273787260055542
98_osh,2022-05-19,40,1.0256911516189575
98_osh,2022-05-19,50,0.8163910508155823
98_osh,2022-05-20,5,0.2030950933694839
98_osh,2022-05-20,10,0.1753579527139663
98_osh,2022-05-20,15,0.2042232900857925
98_osh,2022-05-20,20,0.3449562788009643
98_osh,2022-05-20,30,1.2479655742645264
98_osh,2022-05-20,40,0.9965985417366028
98_osh,2022-05-20,50,0.805026650428772
98_osh,2022-05-21,5,0.2079086750745773
98_osh,2022-05-21,10,0.1708357334136963
98_osh,2022-05-21,15,0.1950862258672714
98_osh,2022-05-21,20,0.3244128823280334
98_osh,2022-05-21,30,1.2350739240646362
98_osh,2022-05-21,40,0.9882732033729552
98_osh,2022-05-21,50,0.8181777000427246
98_osh,2022-05-22,5,0.2161684930324554
98_osh,2022-05-22,10,0.1685149520635604
98_osh,2022-05-22,15,0.1840516924858093
98_osh,2022-05-22,20,0.2971034944057464
98_osh,2022-05-22,30,1.2150022983551023
98_osh,2022-05-22,40,0.9764389991760254
98_osh,2022-05-22,50,0.8437485694885254
98_osh,2022-05-23,5,0.2115189284086227
98_osh,2022-05-23,10,0.1651159673929214
98_osh,2022-05-23,15,0.1770840734243393
98_osh,2022-05-23,20,0.2829445004463196
98_osh,2022-05-23,30,1.2219496965408323
98_osh,2022-05-23,40,0.968256652355194
98_osh,2022-05-23,50,0.8620750904083252
98_osh,2022-05-24,5,0.1982879191637039
98_osh,2022-05-24,10,0.1605036854743957
98_osh,2022-05-24,15,0.1749452054500579
98_osh,2022-05-24,20,0.2812047004699707
98_osh,2022-05-24,30,1.2329504489898682
98_osh,2022-05-24,40,0.9770545363426208
98_osh,2022-05-24,50,0.8968126177787781
98_osh,2022-05-25,5,0.1936514377593994
98_osh,2022-05-25,10,0.1572461873292923
98_osh,2022-05-25,15,0.1716240495443344
98_osh,2022-05-25,20,0.2722867429256439
98_osh,2022-05-25,30,1.2039834260940552
98_osh,2022-05-25,40,0.9703266620635986
98_osh,2022-05-25,50,0.9393592476844788
98_osh,2022-05-26,5,0.2009340822696685
98_osh,2022-05-26,10,0.1557291597127914
98_osh,2022-05-26,15,0.1646040827035904
98_osh,2022-05-26,20,0.2534380853176117
98_osh,2022-05-26,30,1.134780764579773
98_osh,2022-05-26,40,0.9264100790023804
98_osh,2022-05-26,50,0.9663448929786682
98_osh,2022-05-27,5,0.2106964886188507
98_osh,2022-05-27,10,0.1570523679256439
98_osh,2022-05-27,15,0.1578375399112701
98_osh,2022-05-27,20,0.2353765964508056
98_osh,2022-05-27,30,1.075959086418152
98_osh,2022-05-27,40,0.8393937349319458
98_osh,2022-05-27,50,0.9328953623771667
98_osh,2022-05-28,5,0.2069506198167801
98_osh,2022-05-28,10,0.1579424738883972
98_osh,2022-05-28,15,0.1588285267353058
98_osh,2022-05-28,20,0.2368475049734115
98_osh,2022-05-28,30,1.1172785758972168
98_osh,2022-05-28,40,0.7931556701660156
98_osh,2022-05-28,50,0.9027807116508484
98_osh,2022-05-29,5,0.1922162771224975
98_osh,2022-05-29,10,0.1563863456249237
98_osh,2022-05-29,15,0.1620037108659744
98_osh,2022-05-29,20,0.2493790388107299
98_osh,2022-05-29,30,1.1676547527313232
98_osh,2022-05-29,40,0.8350318670272827
98_osh,2022-05-29,50,0.9327431321144104
98_osh,2022-05-30,5,0.1985564231872558
98_osh,2022-05-30,10,0.1627337485551834
98_osh,2022-05-30,15,0.1590579152107238
98_osh,2022-05-30,20,0.232645571231842
98_osh,2022-05-30,30,1.0775257349014282
98_osh,2022-05-30,40,0.8403127193450928
98_osh,2022-05-30,50,0.9552573561668396
98_osh,2022-05-31,5,0.2097789794206619
98_osh,2022-05-31,10,0.1873552799224853
98_osh,2022-05-31,15,0.1637722104787826
98_osh,2022-05-31,20,0.2057903558015823
98_osh,2022-05-31,30,0.961495876312256
98_osh,2022-05-31,40,0.7659753561019897
98_osh,2022-05-31,50,0.8899785280227661
98_osh,2022-06-01,5,0.2147637456655502
98_osh,2022-06-01,10,0.196791723370552
98_osh,2022-06-01,15,0.1727181673049926
98_osh,2022-06-01,20,0.1967093050479889
98_osh,2022-06-01,30,0.992596447467804
98_osh,2022-06-01,40,0.723676860332489
98_osh,2022-06-01,50,0.8276292085647583
98_osh,2022-06-02,5,0.2082944214344024
98_osh,2022-06-02,10,0.1901716291904449
98_osh,2022-06-02,15,0.1693557798862457
98_osh,2022-06-02,20,0.1851310580968856
98_osh,2022-06-02,30,1.135529398918152
98_osh,2022-06-02,40,0.7165275812149048
98_osh,2022-06-02,50,0.8208955526351929
98_osh,2022-06-03,5,0.2014121264219284
98_osh,2022-06-03,10,0.1815019696950912
98_osh,2022-06-03,15,0.1639886349439621
98_osh,2022-06-03,20,0.1761626750230789
98_osh,2022-06-03,30,1.2328119277954102
98_osh,2022-06-03,40,0.704431414604187
98_osh,2022-06-03,50,0.816645085811615
98_osh,2022-06-04,5,0.193976417183876
98_osh,2022-06-04,10,0.1729999333620071
98_osh,2022-06-04,15,0.1574799418449401
98_osh,2022-06-04,20,0.1710663735866546
98_osh,2022-06-04,30,1.265262246131897
98_osh,2022-06-04,40,0.6980067491531372
98_osh,2022-06-04,50,0.8225961923599243
98_osh,2022-06-05,5,0.1898075193166732
98_osh,2022-06-05,10,0.1700493246316909
98_osh,2022-06-05,15,0.1544678062200546
98_osh,2022-06-05,20,0.1657378524541854
98_osh,2022-06-05,30,1.2244716882705688
98_osh,2022-06-05,40,0.6843562126159668
98_osh,2022-06-05,50,0.7990179657936096
98_osh,2022-06-06,5,0.1878422796726226
98_osh,2022-06-06,10,0.183083951473236
98_osh,2022-06-06,15,0.159539982676506
98_osh,2022-06-06,20,0.1606735289096832
98_osh,2022-06-06,30,1.1308032274246216
98_osh,2022-06-06,40,0.6578789353370667
98_osh,2022-06-06,50,0.736847460269928
98_osh,2022-06-07,5,0.1862821131944656
98_osh,2022-06-07,10,0.1824733763933181
98_osh,2022-06-07,15,0.1641487628221511
98_osh,2022-06-07,20,0.1574575453996658
98_osh,2022-06-07,30,1.0852283239364624
98_osh,2022-06-07,40,0.6421194076538086
98_osh,2022-06-07,50,0.7087069749832153
98_osh,2022-06-08,5,0.1819619089365005
98_osh,2022-06-08,10,0.1728708893060684
98_osh,2022-06-08,15,0.1588626354932785
98_osh,2022-06-08,20,0.1524347811937332
98_osh,2022-06-08,30,1.071740746498108
98_osh,2022-06-08,40,0.6442741751670837
98_osh,2022-06-08,50,0.7249240875244141
98_osh,2022-06-09,5,0.1793819218873977
98_osh,2022-06-09,10,0.1638744473457336
98_osh,2022-06-09,15,0.1526763290166854
98_osh,2022-06-09,20,0.1473234146833419
98_osh,2022-06-09,30,1.0259549617767334
98_osh,2022-06-09,40,0.6521345973014832
98_osh,2022-06-09,50,0.745721161365509
98_osh,2022-06-10,5,0.1778173446655273
98_osh,2022-06-10,10,0.1566736996173858
98_osh,2022-06-10,15,0.1460161805152893
98_osh,2022-06-10,20,0.1422680169343948
98_osh,2022-06-10,30,0.9802729487419128
98_osh,2022-06-10,40,0.6563332676887512
98_osh,2022-06-10,50,0.7693687081336975
98_osh,2022-06-11,5,0.1739015132188797
98_osh,2022-06-11,10,0.149211972951889
98_osh,2022-06-11,15,0.139042243361473
98_osh,2022-06-11,20,0.1384835541248321
98_osh,2022-06-11,30,0.956567108631134
98_osh,2022-06-11,40,0.6570888161659241
98_osh,2022-06-11,50,0.8066743016242981
98_osh,2022-06-12,5,0.1672323942184448
98_osh,2022-06-12,10,0.1408103108406067
98_osh,2022-06-12,15,0.1312164962291717
98_osh,2022-06-12,20,0.1366880983114242
98_osh,2022-06-12,30,0.9405473470687866
98_osh,2022-06-12,40,0.6909273862838745
98_osh,2022-06-12,50,0.8926418423652649
98_osh,2022-06-13,5,0.1609420031309127
98_osh,2022-06-13,10,0.1330537050962448
98_osh,2022-06-13,15,0.1245991215109825
98_osh,2022-06-13,20,0.1370438337326049
98_osh,2022-06-13,30,0.9166721701622008
98_osh,2022-06-13,40,0.7413042783737183
98_osh,2022-06-13,50,0.972503125667572
98_osh,2022-06-14,5,0.1662388890981674
98_osh,2022-06-14,10,0.130296379327774
98_osh,2022-06-14,15,0.1204564347863197
98_osh,2022-06-14,20,0.1365110129117965
98_osh,2022-06-14,30,0.8556482791900635
98_osh,2022-06-14,40,0.766288697719574
98_osh,2022-06-14,50,1.008830428123474
98_osh,2022-06-15,5,0.1719372421503067
98_osh,2022-06-15,10,0.1345885843038559
98_osh,2022-06-15,15,0.1180576831102371
98_osh,2022-06-15,20,0.1337800770998001
98_osh,2022-06-15,30,0.7892425060272217
98_osh,2022-06-15,40,0.7518362402915955
98_osh,2022-06-15,50,1.0113149881362915
98_osh,2022-06-16,5,0.1709296852350235
98_osh,2022-06-16,10,0.1348428577184677
98_osh,2022-06-16,15,0.1167154759168624
98_osh,2022-06-16,20,0.1337324231863021
98_osh,2022-06-16,30,0.7913739681243896
98_osh,2022-06-16,40,0.7379244565963745
98_osh,2022-06-16,50,0.990485668182373
98_osh,2022-06-17,5,0.1648744493722915
98_osh,2022-06-17,10,0.1296357810497284
98_osh,2022-06-17,15,0.1155035346746444
98_osh,2022-06-17,20,0.1375910341739654
98_osh,2022-06-17,30,0.8610867261886597
98_osh,2022-06-17,40,0.776025116443634
98_osh,2022-06-17,50,1.006262183189392
98_osh,2022-06-18,5,0.1586760580539703
98_osh,2022-06-18,10,0.1234790459275245
98_osh,2022-06-18,15,0.1130808666348457
98_osh,2022-06-18,20,0.1411287635564804
98_osh,2022-06-18,30,0.869428277015686
98_osh,2022-06-18,40,0.8445951342582703
98_osh,2022-06-18,50,1.0614478588104248
98_osh,2022-06-19,5,0.153324082493782
98_osh,2022-06-19,10,0.1174295619130134
98_osh,2022-06-19,15,0.1107515543699264
98_osh,2022-06-19,20,0.1451016217470169
98_osh,2022-06-19,30,0.8313015699386597
98_osh,2022-06-19,40,0.9057080149650574
98_osh,2022-06-19,50,1.1059287786483765
98_osh,2022-06-20,5,0.1441067308187484
98_osh,2022-06-20,10,0.1120711043477058
98_osh,2022-06-20,15,0.1096129342913627
98_osh,2022-06-20,20,0.1519868522882461
98_osh,2022-06-20,30,0.7959795594215393
98_osh,2022-06-20,40,0.998641312122345
98_osh,2022-06-20,50,1.1784579753875732
98_osh,2022-06-21,5,0.1378657966852188
98_osh,2022-06-21,10,0.1077542081475257
98_osh,2022-06-21,15,0.1089195609092712
98_osh,2022-06-21,20,0.1581044793128967
98_osh,2022-06-21,30,0.756173849105835
98_osh,2022-06-21,40,1.1049102544784546
98_osh,2022-06-21,50,1.2808665037155151
98_osh,2022-06-22,5,0.1540504246950149
98_osh,2022-06-22,10,0.1085814386606216
98_osh,2022-06-22,15,0.1069979444146156
98_osh,2022-06-22,20,0.1575560122728347
98_osh,2022-06-22,30,0.7078020572662354
98_osh,2022-06-22,40,1.1486824750900269
98_osh,2022-06-22,50,1.3261373043060305
98_osh,2022-06-23,5,0.1740668714046478
98_osh,2022-06-23,10,0.1279118359088897
98_osh,2022-06-23,15,0.1068283915519714
98_osh,2022-06-23,20,0.1480702012777328
98_osh,2022-06-23,30,0.6372667551040649
98_osh,2022-06-23,40,1.0621683597564695
98_osh,2022-06-23,50,1.2595847845077517
98_osh,2022-06-24,5,0.1833208352327346
98_osh,2022-06-24,10,0.1504554748535156
98_osh,2022-06-24,15,0.1160362362861633
98_osh,2022-06-24,20,0.1452634483575821
98_osh,2022-06-24,30,0.5991472005844116
98_osh,2022-06-24,40,0.929860532283783
98_osh,2022-06-24,50,1.1366416215896606
98_osh,2022-06-25,5,0.1906359791755676
98_osh,2022-06-25,10,0.1575135886669159
98_osh,2022-06-25,15,0.1238349080085754
98_osh,2022-06-25,20,0.1532764881849289
98_osh,2022-06-25,30,0.6964402198791504
98_osh,2022-06-25,40,0.9301861524581908
98_osh,2022-06-25,50,1.110880970954895
98_osh,2022-06-26,5,0.1865501701831817
98_osh,2022-06-26,10,0.1509201973676681
98_osh,2022-06-26,15,0.1224094033241272
98_osh,2022-06-26,20,0.1544944047927856
98_osh,2022-06-26,30,0.8627203702926636
98_osh,2022-06-26,40,1.0085681676864624
98_osh,2022-06-26,50,1.1424520015716553
98_osh,2022-06-27,5,0.1758012920618057
98_osh,2022-06-27,10,0.1398405879735946
98_osh,2022-06-27,15,0.1188527420163154
98_osh,2022-06-27,20,0.1558602303266525
98_osh,2022-06-27,30,0.9739001989364624
98_osh,2022-06-27,40,1.1084104776382446
98_osh,2022-06-27,50,1.1683192253112793
98_osh,2022-06-28,5,0.167552039027214
98_osh,2022-06-28,10,0.129526674747467
98_osh,2022-06-28,15,0.1164835318922996
98_osh,2022-06-28,20,0.1600994914770126
98_osh,2022-06-28,30,0.9622904062271118
98_osh,2022-06-28,40,1.1381566524505615
98_osh,2022-06-28,50,1.119773268699646
98_osh,2022-06-29,5,0.1678388565778732
98_osh,2022-06-29,10,0.1236453130841255
98_osh,2022-06-29,15,0.1181812062859535
98_osh,2022-06-29,20,0.172003373503685
98_osh,2022-06-29,30,0.931111216545105
98_osh,2022-06-29,40,1.0833044052124023
98_osh,2022-06-29,50,1.0032113790512085
98_osh,2022-06-30,5,0.1711524873971939
98_osh,2022-06-30,10,0.1219117194414138
98_osh,2022-06-30,15,0.1212415322661399
98_osh,2022-06-30,20,0.186122715473175
98_osh,2022-06-30,30,0.998946249485016
98_osh,2022-06-30,40,1.0709571838378906
98_osh,2022-06-30,50,0.9260528683662416
98_osh,2022-07-01,5,0.174928531050682
98_osh,2022-07-01,10,0.1223851144313812
98_osh,2022-07-01,15,0.1209518685936927
98_osh,2022-07-01,20,0.1910220235586166
98_osh,2022-07-01,30,1.0988515615463257
98_osh,2022-07-01,40,1.0833561420440674
98_osh,2022-07-01,50,0.8787304162979126
98_osh,2022-07-02,5,0.1724031865596771
98_osh,2022-07-02,10,0.1203464344143867
98_osh,2022-07-02,15,0.1213172450661659
98_osh,2022-07-02,20,0.1983144879341125
98_osh,2022-07-02,30,1.2382009029388428
98_osh,2022-07-02,40,1.1199146509170532
98_osh,2022-07-02,50,0.8503496050834656
98_osh,2022-07-03,5,0.1640702486038208
98_osh,2022-07-03,10,0.1165235191583633
98_osh,2022-07-03,15,0.1231639683246612
98_osh,2022-07-03,20,0.20813749730587
98_osh,2022-07-03,30,1.427003026008606
98_osh,2022-07-03,40,1.2025294303894043
98_osh,2022-07-03,50,0.8544530868530273
98_osh,2022-07-04,5,0.1583858132362365
98_osh,2022-07-04,10,0.1133828833699226
98_osh,2022-07-04,15,0.1254460662603378
98_osh,2022-07-04,20,0.2174946367740631
98_osh,2022-07-04,30,1.4956636428833008
98_osh,2022-07-04,40,1.255703687667847
98_osh,2022-07-04,50,0.8454625010490417
98_osh,2022-07-05,5,0.1573806554079055
98_osh,2022-07-05,10,0.1115034446120262
98_osh,2022-07-05,15,0.1276358515024185
98_osh,2022-07-05,20,0.2268915623426437
98_osh,2022-07-05,30,1.5245912075042725
98_osh,2022-07-05,40,1.2522199153900146
98_osh,2022-07-05,50,0.8111381530761719
98_osh,2022-07-06,5,0.1619875282049179
98_osh,2022-07-06,10,0.1119198203086853
98_osh,2022-07-06,15,0.1278561353683471
98_osh,2022-07-06,20,0.2297503650188446
98_osh,2022-07-06,30,1.5551928281784058
98_osh,2022-07-06,40,1.2731529474258425
98_osh,2022-07-06,50,0.8023393154144287
98_osh,2022-07-07,5,0.1680229753255844
98_osh,2022-07-07,10,0.1176161617040634
98_osh,2022-07-07,15,0.1256426870822906
98_osh,2022-07-07,20,0.2230843752622604
98_osh,2022-07-07,30,1.5365173816680908
98_osh,2022-07-07,40,1.3177639245986938
98_osh,2022-07-07,50,0.8122804164886475
98_osh,2022-07-08,5,0.1645681709051132
98_osh,2022-07-08,10,0.1324491053819656
98_osh,2022-07-08,15,0.1233808398246765
98_osh,2022-07-08,20,0.2122344374656677
98_osh,2022-07-08,30,1.4750922918319702
98_osh,2022-07-08,40,1.348628282546997
98_osh,2022-07-08,50,0.8108646869659424
98_osh,2022-07-09,5,0.1605539917945861
98_osh,2022-07-09,10,0.1428126096725464
98_osh,2022-07-09,15,0.1234070062637329
98_osh,2022-07-09,20,0.2103077471256256
98_osh,2022-07-09,30,1.4892230033874512
98_osh,2022-07-09,40,1.3193867206573486
98_osh,2022-07-09,50,0.7746657729148865
98_osh,2022-07-10,5,0.1604612916707992
98_osh,2022-07-10,10,0.1389791071414947
98_osh,2022-07-10,15,0.1251838207244873
98_osh,2022-07-10,20,0.2205974608659744
98_osh,2022-07-10,30,1.5860552787780762
98_osh,2022-07-10,40,1.2544265985488892
98_osh,2022-07-10,50,0.7253972887992859
98_osh,2022-07-11,5,0.1559141427278518
98_osh,2022-07-11,10,0.1385557204484939
98_osh,2022-07-11,15,0.1270094662904739
98_osh,2022-07-11,20,0.2277067750692367
98_osh,2022-07-11,30,1.6273733377456665
98_osh,2022-07-11,40,1.2437888383865356
98_osh,2022-07-11,50,0.713062047958374
98_osh,2022-07-12,5,0.1501292437314987
98_osh,2022-07-12,10,0.1467781811952591
98_osh,2022-07-12,15,0.1277317851781845
98_osh,2022-07-12,20,0.2225488424301147
98_osh,2022-07-12,30,1.5466887950897217
98_osh,2022-07-12,40,1.2438350915908811
98_osh,2022-07-12,50,0.7104801535606384
98_osh,2022-07-13,5,0.1479353755712509
98_osh,2022-07-13,10,0.1617924273014068
98_osh,2022-07-13,15,0.1300511062145233
98_osh,2022-07-13,20,0.2154168933629989
98_osh,2022-07-13,30,1.496290922164917
98_osh,2022-07-13,40,1.2092710733413696
98_osh,2022-07-13,50,0.6909318566322327
98_osh,2022-07-14,5,0.1458819359540939
98_osh,2022-07-14,10,0.1829102933406829
98_osh,2022-07-14,15,0.1412843912839889
98_osh,2022-07-14,20,0.19707752764225
98_osh,2022-07-14,30,1.4674222469329834
98_osh,2022-07-14,40,1.2131750583648682
98_osh,2022-07-14,50,0.6978345513343811
98_osh,2022-07-15,5,0.1573663502931594
98_osh,2022-07-15,10,0.1814747303724289
98_osh,2022-07-15,15,0.1779965013265609
98_osh,2022-07-15,20,0.1743398457765579
98_osh,2022-07-15,30,1.2749075889587402
98_osh,2022-07-15,40,1.2137303352355957
98_osh,2022-07-15,50,0.7421472072601318
98_osh,2022-07-16,5,0.1690445393323898
98_osh,2022-07-16,10,0.1756893694400787
98_osh,2022-07-16,15,0.2106576412916183
98_osh,2022-07-16,20,0.1757742166519165
98_osh,2022-07-16,30,1.1393769979476929
98_osh,2022-07-16,40,1.1555792093276978
98_osh,2022-07-16,50,0.7492325305938721
98_osh,2022-07-17,5,0.1687233299016952
98_osh,2022-07-17,10,0.1745080798864364
98_osh,2022-07-17,15,0.2264073491096496
98_osh,2022-07-17,20,0.1808867156505584
98_osh,2022-07-17,30,1.1897722482681274
98_osh,2022-07-17,40,1.0737816095352173
98_osh,2022-07-17,50,0.699028730392456
98_osh,2022-07-18,5,0.1610736846923828
98_osh,2022-07-18,10,0.1696242988109588
98_osh,2022-07-18,15,0.2299300134181976
98_osh,2022-07-18,20,0.1815620064735412
98_osh,2022-07-18,30,1.3620456457138062
98_osh,2022-07-18,40,1.0554674863815308
98_osh,2022-07-18,50,0.681958019733429
98_osh,2022-07-19,5,0.1512186974287033
98_osh,2022-07-19,10,0.1623914837837219
98_osh,2022-07-19,15,0.2232348322868347
98_osh,2022-07-19,20,0.1815847307443618
98_osh,2022-07-19,30,1.4427189826965332
98_osh,2022-07-19,40,1.0970313549041748
98_osh,2022-07-19,50,0.6963740587234497
98_osh,2022-07-20,5,0.142525315284729
98_osh,2022-07-20,10,0.1577425897121429
98_osh,2022-07-20,15,0.2099772244691848
98_osh,2022-07-20,20,0.1838896125555038
98_osh,2022-07-20,30,1.4163790941238403
98_osh,2022-07-20,40,1.1183809041976929
98_osh,2022-07-20,50,0.6990281343460083
98_osh,2022-07-21,5,0.1351935118436813
98_osh,2022-07-21,10,0.1563841998577118
98_osh,2022-07-21,15,0.1934055685997009
98_osh,2022-07-21,20,0.1902560889720916
98_osh,2022-07-21,30,1.3767240047454834
98_osh,2022-07-21,40,1.164319396018982
98_osh,2022-07-21,50,0.7193494439125061
98_osh,2022-07-22,5,0.1284756511449813
98_osh,2022-07-22,10,0.151750773191452
98_osh,2022-07-22,15,0.1799475848674774
98_osh,2022-07-22,20,0.1911869794130325
98_osh,2022-07-22,30,1.2974156141281128
98_osh,2022-07-22,40,1.2243096828460691
98_osh,2022-07-22,50,0.754656970500946
98_osh,2022-07-23,5,0.1231670752167701
98_osh,2022-07-23,10,0.1493500620126724
98_osh,2022-07-23,15,0.169999822974205
98_osh,2022-07-23,20,0.191636174917221
98_osh,2022-07-23,30,1.2376400232315063
98_osh,2022-07-23,40,1.2263705730438232
98_osh,2022-07-23,50,0.7525099515914917
98_osh,2022-07-24,5,0.1199560239911079
98_osh,2022-07-24,10,0.1519295275211334
98_osh,2022-07-24,15,0.16098253428936
98_osh,2022-07-24,20,0.1988867223262787
98_osh,2022-07-24,30,1.2582080364227295
98_osh,2022-07-24,40,1.2324739694595337
98_osh,2022-07-24,50,0.7511568069458008
98_osh,2022-07-25,5,0.1168987452983856
98_osh,2022-07-25,10,0.1526660323143005
98_osh,2022-07-25,15,0.1533583253622055
98_osh,2022-07-25,20,0.2046656906604766
98_osh,2022-07-25,30,1.2705745697021484
98_osh,2022-07-25,40,1.304240345954895
98_osh,2022-07-25,50,0.7871149182319641
98_osh,2022-07-26,5,0.1132028624415397
98_osh,2022-07-26,10,0.1505995392799377
98_osh,2022-07-26,15,0.1468728631734848
98_osh,2022-07-26,20,0.2062938213348388
98_osh,2022-07-26,30,1.2439392805099487
98_osh,2022-07-26,40,1.3884553909301758
98_osh,2022-07-26,50,0.8244591355323792
98_osh,2022-07-27,5,0.1105231642723083
98_osh,2022-07-27,10,0.1475317329168319
98_osh,2022-07-27,15,0.1413636952638626
98_osh,2022-07-27,20,0.2080634236335754
98_osh,2022-07-27,30,1.2529646158218384
98_osh,2022-07-27,40,1.4408289194107056
98_osh,2022-07-27,50,0.8419030904769897
98_osh,2022-07-28,5,0.1090770214796066
98_osh,2022-07-28,10,0.1430138349533081
98_osh,2022-07-28,15,0.1372469514608383
98_osh,2022-07-28,20,0.2113182544708252
98_osh,2022-07-28,30,1.298255443572998
98_osh,2022-07-28,40,1.494456171989441
98_osh,2022-07-28,50,0.8559166193008423
98_osh,2022-07-29,5,0.1073506325483322
98_osh,2022-07-29,10,0.1395667940378189
98_osh,2022-07-29,15,0.1341401487588882
98_osh,2022-07-29,20,0.2136334180831909
98_osh,2022-07-29,30,1.3179876804351809
98_osh,2022-07-29,40,1.5790419578552246
98_osh,2022-07-29,50,0.883911669254303
98_osh,2022-07-30,5,0.1064739301800727
98_osh,2022-07-30,10,0.1354465782642364
98_osh,2022-07-30,15,0.132288709282875
98_osh,2022-07-30,20,0.2154616564512252
98_osh,2022-07-30,30,1.3158531188964844
98_osh,2022-07-30,40,1.6803990602493286
98_osh,2022-07-30,50,0.922157108783722
98_osh,2022-07-31,5,0.1081826761364936
98_osh,2022-07-31,10,0.131144642829895
98_osh,2022-07-31,15,0.1318164765834808
98_osh,2022-07-31,20,0.2181879729032516
98_osh,2022-07-31,30,1.350393533706665
98_osh,2022-07-31,40,1.7260404825210571
98_osh,2022-07-31,50,0.9308586716651917
98_osh,2022-08-01,5,0.107532724738121
98_osh,2022-08-01,10,0.1314388364553451
98_osh,2022-08-01,15,0.1308585107326507
98_osh,2022-08-01,20,0.2159366756677627
98_osh,2022-08-01,30,1.3216997385025024
98_osh,2022-08-01,40,1.6706953048706057
98_osh,2022-08-01,50,0.8971178531646729
98_osh,2022-08-02,5,0.1096468046307563
98_osh,2022-08-02,10,0.1397706717252731
98_osh,2022-08-02,15,0.1310408860445022
98_osh,2022-08-02,20,0.2144825309514999
98_osh,2022-08-02,30,1.3988415002822876
98_osh,2022-08-02,40,1.62081778049469
98_osh,2022-08-02,50,0.8720260858535767
98_osh,2022-08-03,5,0.1083808839321136
98_osh,2022-08-03,10,0.1459314525127411
98_osh,2022-08-03,15,0.1302188485860824
98_osh,2022-08-03,20,0.2035028040409088
98_osh,2022-08-03,30,1.4855471849441528
98_osh,2022-08-03,40,1.6255450248718262
98_osh,2022-08-03,50,0.8755013942718506
98_osh,2022-08-04,5,0.1041060015559196
98_osh,2022-08-04,10,0.1509153693914413
98_osh,2022-08-04,15,0.1361762732267379
98_osh,2022-08-04,20,0.1817596703767776
98_osh,2022-08-04,30,1.4583940505981443
98_osh,2022-08-04,40,1.6908472776412964
98_osh,2022-08-04,50,0.9090794324874878
98_osh,2022-08-05,5,0.1055922359228134
98_osh,2022-08-05,10,0.1333885341882705
98_osh,2022-08-05,15,0.1520253717899322
98_osh,2022-08-05,20,0.1630554497241974
98_osh,2022-08-05,30,1.3755561113357544
98_osh,2022-08-05,40,1.7929307222366333
98_osh,2022-08-05,50,0.9483053088188172
98_osh,2022-08-06,5,0.1089712977409362
98_osh,2022-08-06,10,0.1228475123643875
98_osh,2022-08-06,15,0.1692629605531692
98_osh,2022-08-06,20,0.1533024460077285
98_osh,2022-08-06,30,1.2848821878433228
98_osh,2022-08-06,40,1.792678713798523
98_osh,2022-08-06,50,0.9165509939193726
98_osh,2022-08-07,5,0.110518604516983
98_osh,2022-08-07,10,0.1188727542757988
98_osh,2022-08-07,15,0.1820505857467651
98_osh,2022-08-07,20,0.1513037085533142
98_osh,2022-08-07,30,1.270408272743225
98_osh,2022-08-07,40,1.6639559268951416
98_osh,2022-08-07,50,0.8881053924560547
98_osh,2022-08-08,5,0.1081653535366058
98_osh,2022-08-08,10,0.1204660981893539
98_osh,2022-08-08,15,0.1894219368696212
98_osh,2022-08-08,20,0.1552064716815948
98_osh,2022-08-08,30,1.3248106241226196
98_osh,2022-08-08,40,1.5271586179733276
98_osh,2022-08-08,50,0.8608461618423462
98_osh,2022-08-09,5,0.1048338264226913
98_osh,2022-08-09,10,0.1282759606838226
98_osh,2022-08-09,15,0.1967286616563797
98_osh,2022-08-09,20,0.1625533252954483
98_osh,2022-08-09,30,1.4431300163269043
98_osh,2022-08-09,40,1.411494255065918
98_osh,2022-08-09,50,0.8250668048858643
98_osh,2022-08-10,5,0.1023676544427871
98_osh,2022-08-10,10,0.1378229409456253
98_osh,2022-08-10,15,0.1896681487560272
98_osh,2022-08-10,20,0.172077476978302
98_osh,2022-08-10,30,1.5797040462493896
98_osh,2022-08-10,40,1.3469160795211792
98_osh,2022-08-10,50,0.8041436672210693
98_osh,2022-08-11,5,0.10117157548666
98_osh,2022-08-11,10,0.1484708040952682
98_osh,2022-08-11,15,0.1760482341051101
98_osh,2022-08-11,20,0.1844281256198883
98_osh,2022-08-11,30,1.6766488552093506
98_osh,2022-08-11,40,1.3402138948440552
98_osh,2022-08-11,50,0.8031318187713623
98_osh,2022-08-12,5,0.1015398353338241
98_osh,2022-08-12,10,0.1549231112003326
98_osh,2022-08-12,15,0.1636892110109329
98_osh,2022-08-12,20,0.1987531185150146
98_osh,2022-08-12,30,1.7444738149642944
98_osh,2022-08-12,40,1.3786729574203491
98_osh,2022-08-12,50,0.816087007522583
98_osh,2022-08-13,5,0.1033169478178024
98_osh,2022-08-13,10,0.1625339537858963
98_osh,2022-08-13,15,0.1541675478219986
98_osh,2022-08-13,20,0.2157673984766006
98_osh,2022-08-13,30,1.7985413074493408
98_osh,2022-08-13,40,1.4329955577850342
98_osh,2022-08-13,50,0.8321351408958435
98_osh,2022-08-14,5,0.1066782400012016
98_osh,2022-08-14,10,0.1660085618495941
98_osh,2022-08-14,15,0.1480282843112945
98_osh,2022-08-14,20,0.2378794997930526
98_osh,2022-08-14,30,1.8784773349761963
98_osh,2022-08-14,40,1.450586438179016
98_osh,2022-08-14,50,0.816856324672699
98_osh,2022-08-15,5,0.1061980947852134
98_osh,2022-08-15,10,0.1651975959539413
98_osh,2022-08-15,15,0.1468809098005294
98_osh,2022-08-15,20,0.2472036331892013
98_osh,2022-08-15,30,1.852169394493103
98_osh,2022-08-15,40,1.4700677394866943
98_osh,2022-08-15,50,0.7918102145195007
98_osh,2022-08-16,5,0.1126525253057479
98_osh,2022-08-16,10,0.1720446497201919
98_osh,2022-08-16,15,0.1493104547262191
98_osh,2022-08-16,20,0.2715588808059692
98_osh,2022-08-16,30,1.940390348434448
98_osh,2022-08-16,40,1.402429461479187
98_osh,2022-08-16,50,0.7595986723899841
98_osh,2022-08-17,5,0.1256587505340576
98_osh,2022-08-17,10,0.1671225130558014
98_osh,2022-08-17,15,0.1538733839988708
98_osh,2022-08-17,20,0.309386670589447
98_osh,2022-08-17,30,2.201669931411743
98_osh,2022-08-17,40,1.329433560371399
98_osh,2022-08-17,50,0.7191327810287476
98_osh,2022-08-18,5,0.1227486282587051
98_osh,2022-08-18,10,0.1697269976139068
98_osh,2022-08-18,15,0.1535486876964569
98_osh,2022-08-18,20,0.3024493753910064
98_osh,2022-08-18,30,2.2169737815856934
98_osh,2022-08-18,40,1.365908145904541
98_osh,2022-08-18,50,0.7033942341804504
98_osh,2022-08-19,5,0.1256406754255294
98_osh,2022-08-19,10,0.1756950467824936
98_osh,2022-08-19,15,0.1556287109851837
98_osh,2022-08-19,20,0.3062661588191986
98_osh,2022-08-19,30,2.28283429145813
98_osh,2022-08-19,40,1.334713578224182
98_osh,2022-08-19,50,0.679953396320343
98_osh,2022-08-20,5,0.1326967775821685
98_osh,2022-08-20,10,0.1727427691221237
98_osh,2022-08-20,15,0.1576161533594131
98_osh,2022-08-20,20,0.3241093754768371
98_osh,2022-08-20,30,2.4026284217834477
98_osh,2022-08-20,40,1.2837947607040403
98_osh,2022-08-20,50,0.661888837814331
98_osh,2022-08-21,5,0.1357755064964294
98_osh,2022-08-21,10,0.1684109270572662
98_osh,2022-08-21,15,0.1586711108684539
98_osh,2022-08-21,20,0.3403310179710388
98_osh,2022-08-21,30,2.4919116497039795
98_osh,2022-08-21,40,1.2992165088653564
98_osh,2022-08-21,50,0.6489714980125427
98_osh,2022-08-22,5,0.1302581280469894
98_osh,2022-08-22,10,0.1721097379922866
98_osh,2022-08-22,15,0.1557836830615997
98_osh,2022-08-22,20,0.325838953256607
98_osh,2022-08-22,30,2.4670190811157227
98_osh,2022-08-22,40,1.3933651447296145
98_osh,2022-08-22,50,0.6521784663200378
98_osh,2022-08-23,5,0.1345893144607544
98_osh,2022-08-23,10,0.1751374751329422
98_osh,2022-08-23,15,0.1600488424301147
98_osh,2022-08-23,20,0.3323970735073089
98_osh,2022-08-23,30,2.3843417167663574
98_osh,2022-08-23,40,1.4027478694915771
98_osh,2022-08-23,50,0.6436831951141357
98_osh,2022-08-24,5,0.1514743119478225
98_osh,2022-08-24,10,0.1717567592859268
98_osh,2022-08-24,15,0.172169417142868
98_osh,2022-08-24,20,0.3889826238155365
98_osh,2022-08-24,30,2.519959688186645
98_osh,2022-08-24,40,1.315132975578308
98_osh,2022-08-24,50,0.6020516753196716
98_osh,2022-08-25,5,0.1536692827939987
98_osh,2022-08-25,10,0.1683858036994934
98_osh,2022-08-25,15,0.1753878444433212
98_osh,2022-08-25,20,0.4096373319625854
98_osh,2022-08-25,30,2.6255624294281006
98_osh,2022-08-25,40,1.3231221437454224
98_osh,2022-08-25,50,0.5956862568855286
98_osh,2022-08-26,5,0.1471071988344192
98_osh,2022-08-26,10,0.1692094951868057
98_osh,2022-08-26,15,0.1704644560813903
98_osh,2022-08-26,20,0.3929779827594757
98_osh,2022-08-26,30,2.5896575450897217
98_osh,2022-08-26,40,1.3949496746063232
98_osh,2022-08-26,50,0.6162790656089783
98_osh,2022-08-27,5,0.1410934329032898
98_osh,2022-08-27,10,0.1773676425218582
98_osh,2022-08-27,15,0.164426103234291
98_osh,2022-08-27,20,0.3572925329208374
98_osh,2022-08-27,30,2.463365316390991
98_osh,2022-08-27,40,1.4595212936401367
98_osh,2022-08-27,50,0.6426293849945068
98_osh,2022-08-28,5,0.1465539187192917
98_osh,2022-08-28,10,0.1818805932998657
98_osh,2022-08-28,15,0.1687874644994735
98_osh,2022-08-28,20,0.3621287047863006
98_osh,2022-08-28,30,2.45784592628479
98_osh,2022-08-28,40,1.4494061470031738
98_osh,2022-08-28,50,0.6535823345184326
98_osh,2022-08-29,5,0.1555507332086563
98_osh,2022-08-29,10,0.1765702217817306
98_osh,2022-08-29,15,0.176408588886261
98_osh,2022-08-29,20,0.3921131789684295
98_osh,2022-08-29,30,2.550830125808716
98_osh,2022-08-29,40,1.3954975605010986
98_osh,2022-08-29,50,0.6484165787696838
98_osh,2022-08-30,5,0.1527924686670303
98_osh,2022-08-30,10,0.1763260513544082
98_osh,2022-08-30,15,0.1751120239496231
98_osh,2022-08-30,20,0.3877314329147339
98_osh,2022-08-30,30,2.5007731914520264
98_osh,2022-08-30,40,1.405165433883667
98_osh,2022-08-30,50,0.6711788773536682
98_osh,2022-08-31,5,0.1469929665327072
98_osh,2022-08-31,10,0.1867110282182693
98_osh,2022-08-31,15,0.1703665107488632
98_osh,2022-08-31,20,0.3507770597934723
98_osh,2022-08-31,30,2.242917537689209
98_osh,2022-08-31,40,1.4420005083084106
98_osh,2022-08-31,50,0.7435644268989563
98_osh,2022-09-01,5,0.1501545161008834
98_osh,2022-09-01,10,0.201044499874115
98_osh,2022-09-01,15,0.1775106638669967
98_osh,2022-09-01,20,0.3580654561519623
98_osh,2022-09-01,30,2.167083501815796
98_osh,2022-09-01,40,1.4606236219406128
98_osh,2022-09-01,50,0.8387753963470459
98_osh,2022-09-02,5,0.1605387777090072
98_osh,2022-09-02,10,0.1956487149000167
98_osh,2022-09-02,15,0.1840594410896301
98_osh,2022-09-02,20,0.380256175994873
98_osh,2022-09-02,30,2.314330101013184
98_osh,2022-09-02,40,1.482770919799805
98_osh,2022-09-02,50,0.9279960989952089
98_osh,2022-09-03,5,0.1584848761558532
98_osh,2022-09-03,10,0.1884225010871887
98_osh,2022-09-03,15,0.1820627301931381
98_osh,2022-09-03,20,0.3682744204998016
98_osh,2022-09-03,30,2.351669788360596
98_osh,2022-09-03,40,1.5278456211090088
98_osh,2022-09-03,50,1.0377684831619265
98_osh,2022-09-04,5,0.1432609856128692
98_osh,2022-09-04,10,0.1925960928201675
98_osh,2022-09-04,15,0.1706532835960388
98_osh,2022-09-04,20,0.3084068596363067
98_osh,2022-09-04,30,2.01515531539917
98_osh,2022-09-04,40,1.5876095294952393
98_osh,2022-09-04,50,1.1921992301940918
98_osh,2022-09-05,5,0.1336184591054916
98_osh,2022-09-05,10,0.1952334195375442
98_osh,2022-09-05,15,0.1737749725580215
98_osh,2022-09-05,20,0.2336702793836593
98_osh,2022-09-05,30,1.6049425601959229
98_osh,2022-09-05,40,1.5862308740615845
98_osh,2022-09-05,50,1.3335778713226318
98_osh,2022-09-06,5,0.1400374323129654
98_osh,2022-09-06,10,0.166092962026596
98_osh,2022-09-06,15,0.1906283050775528
98_osh,2022-09-06,20,0.209884375333786
98_osh,2022-09-06,30,1.3150051832199097
98_osh,2022-09-06,40,1.4836328029632568
98_osh,2022-09-06,50,1.4119244813919067
98_osh,2022-09-07,5,0.1395005881786346
98_osh,2022-09-07,10,0.154335156083107
98_osh,2022-09-07,15,0.1825077831745147
98_osh,2022-09-07,20,0.2152418047189712
98_osh,2022-09-07,30,1.194968342781067
98_osh,2022-09-07,40,1.311351656913757
98_osh,2022-09-07,50,1.445986032485962
98_osh,2022-09-08,5,0.1323014199733734
98_osh,2022-09-08,10,0.1416128724813461
98_osh,2022-09-08,15,0.1761064529418945
98_osh,2022-09-08,20,0.1975699514150619
98_osh,2022-09-08,30,1.1002440452575684
98_osh,2022-09-08,40,1.2001148462295532
98_osh,2022-09-08,50,1.483155608177185
98_osh,2022-09-09,5,0.1228243187069892
98_osh,2022-09-09,10,0.1301461905241012
98_osh,2022-09-09,15,0.1548147499561309
98_osh,2022-09-09,20,0.1953078061342239
98_osh,2022-09-09,30,0.969978392124176
98_osh,2022-09-09,40,1.177548885345459
98_osh,2022-09-09,50,1.5305286645889282
98_osh,2022-09-10,5,0.1135080307722091
98_osh,2022-09-10,10,0.120045281946659
98_osh,2022-09-10,15,0.142650231719017
98_osh,2022-09-10,20,0.1941122412681579
98_osh,2022-09-10,30,0.8649616837501526
98_osh,2022-09-10,40,1.130435585975647
98_osh,2022-09-10,50,1.5717737674713137
98_osh,2022-09-11,5,0.1119573041796684
98_osh,2022-09-11,10,0.1129872277379036
98_osh,2022-09-11,15,0.1310261934995651
98_osh,2022-09-11,20,0.1827754974365234
98_osh,2022-09-11,30,0.7754114866256714
98_osh,2022-09-11,40,1.0006810426712036
98_osh,2022-09-11,50,1.5503233671188354
98_osh,2022-09-12,5,0.1126540973782539
98_osh,2022-09-12,10,0.1122141480445861
98_osh,2022-09-12,15,0.1246839165687561
98_osh,2022-09-12,20,0.1765523552894592
98_osh,2022-09-12,30,0.7185702323913574
98_osh,2022-09-12,40,0.8861629962921143
98_osh,2022-09-12,50,1.491000056266785
98_osh,2022-09-13,5,0.1082838475704193
98_osh,2022-09-13,10,0.110940009355545
98_osh,2022-09-13,15,0.1276791393756866
98_osh,2022-09-13,20,0.1722660511732101
98_osh,2022-09-13,30,0.701172947883606
98_osh,2022-09-13,40,0.8620312809944153
98_osh,2022-09-13,50,1.497667670249939
98_osh,2022-09-14,5,0.1031688451766967
98_osh,2022-09-14,10,0.1099321246147155
98_osh,2022-09-14,15,0.1299254596233368
98_osh,2022-09-14,20,0.1622168719768524
98_osh,2022-09-14,30,0.6869907379150391
98_osh,2022-09-14,40,0.9272292852401732
98_osh,2022-09-14,50,1.5530205965042114
98_osh,2022-09-15,5,0.0989117696881294
98_osh,2022-09-15,10,0.1062383279204368
98_osh,2022-09-15,15,0.1237639114260673
98_osh,2022-09-15,20,0.1533975005149841
98_osh,2022-09-15,30,0.6726986765861511
98_osh,2022-09-15,40,0.9663198590278624
98_osh,2022-09-15,50,1.605945706367493
98_osh,2022-09-16,5,0.0968711227178573
98_osh,2022-09-16,10,0.1005028039216995
98_osh,2022-09-16,15,0.1175815165042877
98_osh,2022-09-16,20,0.1471292227506637
98_osh,2022-09-16,30,0.6573888659477234
98_osh,2022-09-16,40,0.933180809020996
98_osh,2022-09-16,50,1.570457100868225
98_osh,2022-09-17,5,0.0977167710661888
98_osh,2022-09-17,10,0.0996895506978035
98_osh,2022-09-17,15,0.11715779453516
98_osh,2022-09-17,20,0.1474577486515045
98_osh,2022-09-17,30,0.6907890439033508
98_osh,2022-09-17,40,0.9049462080001832
98_osh,2022-09-17,50,1.488229751586914
98_osh,2022-09-18,5,0.0959769338369369
98_osh,2022-09-18,10,0.0987728834152221
98_osh,2022-09-18,15,0.1170936599373817
98_osh,2022-09-18,20,0.1448014378547668
98_osh,2022-09-18,30,0.6932999491691589
98_osh,2022-09-18,40,0.8703182339668274
98_osh,2022-09-18,50,1.3795812129974363
98_osh,2022-09-19,5,0.1006443724036216
98_osh,2022-09-19,10,0.1082891374826431
98_osh,2022-09-19,15,0.131372332572937
98_osh,2022-09-19,20,0.1562442779541015
98_osh,2022-09-19,30,0.6780412197113037
98_osh,2022-09-19,40,0.8894898891448975
98_osh,2022-09-19,50,1.2470438480377195
98_osh,2022-09-20,5,0.102367527782917
98_osh,2022-09-20,10,0.1179050430655479
98_osh,2022-09-20,15,0.1450436264276504
98_osh,2022-09-20,20,0.1738196611404419
98_osh,2022-09-20,30,0.7900548577308655
98_osh,2022-09-20,40,1.0297213792800903
98_osh,2022-09-20,50,1.1962605714797974
98_osh,2022-09-21,5,0.1025101318955421
98_osh,2022-09-21,10,0.1180437579751014
98_osh,2022-09-21,15,0.1465320438146591
98_osh,2022-09-21,20,0.1758348792791366
98_osh,2022-09-21,30,0.8673670887947083
98_osh,2022-09-21,40,1.17681086063385
98_osh,2022-09-21,50,1.20382559299469
98_osh,2022-09-22,5,0.1037008464336395
98_osh,2022-09-22,10,0.1077472493052482
98_osh,2022-09-22,15,0.1469509154558181
98_osh,2022-09-22,20,0.1684484928846359
98_osh,2022-09-22,30,0.7912043929100037
98_osh,2022-09-22,40,1.2522488832473757
98_osh,2022-09-22,50,1.228293538093567
98_osh,2022-09-23,5,0.1031415313482284
98_osh,2022-09-23,10,0.1057670637965202
98_osh,2022-09-23,15,0.1437791734933853
98_osh,2022-09-23,20,0.1618594974279403
98_osh,2022-09-23,30,0.7162192463874817
98_osh,2022-09-23,40,1.2098387479782104
98_osh,2022-09-23,50,1.180664300918579
98_osh,2022-09-24,5,0.1037998273968696
98_osh,2022-09-24,10,0.1097116619348526
98_osh,2022-09-24,15,0.15438212454319
98_osh,2022-09-24,20,0.167232483625412
98_osh,2022-09-24,30,0.7717005610466003
98_osh,2022-09-24,40,1.202129364013672
98_osh,2022-09-24,50,1.1156691312789917
98_osh,2022-09-25,5,0.1022029146552085
98_osh,2022-09-25,10,0.1136296764016151
98_osh,2022-09-25,15,0.1652581393718719
98_osh,2022-09-25,20,0.165701076388359
98_osh,2022-09-25,30,0.914122462272644
98_osh,2022-09-25,40,1.2923259735107422
98_osh,2022-09-25,50,1.1133379936218262
98_osh,2022-09-26,5,0.0997703149914741
98_osh,2022-09-26,10,0.1175845339894294
98_osh,2022-09-26,15,0.1605346947908401
98_osh,2022-09-26,20,0.1592473834753036
98_osh,2022-09-26,30,0.998877227306366
98_osh,2022-09-26,40,1.4040015935897827
98_osh,2022-09-26,50,1.1215581893920898
98_osh,2022-09-27,5,0.097695268690586
98_osh,2022-09-27,10,0.1210935115814209
98_osh,2022-09-27,15,0.1523304730653762
98_osh,2022-09-27,20,0.1549894660711288
98_osh,2022-09-27,30,1.02363121509552
98_osh,2022-09-27,40,1.500300049781799
98_osh,2022-09-27,50,1.1335052251815796
98_osh,2022-09-28,5,0.095695212483406
98_osh,2022-09-28,10,0.1221731081604957
98_osh,2022-09-28,15,0.1430986523628235
98_osh,2022-09-28,20,0.1530741900205612
98_osh,2022-09-28,30,1.0317732095718384
98_osh,2022-09-28,40,1.5702050924301147
98_osh,2022-09-28,50,1.1479569673538208
98_osh,2022-09-29,5,0.094532772898674
98_osh,2022-09-29,10,0.1251651346683502
98_osh,2022-09-29,15,0.1350196003913879
98_osh,2022-09-29,20,0.1536612808704376
98_osh,2022-09-29,30,1.05427086353302
98_osh,2022-09-29,40,1.6046855449676514
98_osh,2022-09-29,50,1.1613965034484863
98_osh,2022-09-30,5,0.0942527502775192
98_osh,2022-09-30,10,0.1278090327978134
98_osh,2022-09-30,15,0.129355251789093
98_osh,2022-09-30,20,0.154860645532608
98_osh,2022-09-30,30,1.0964797735214231
98_osh,2022-09-30,40,1.648603439331055
98_osh,2022-09-30,50,1.1997997760772705
98_osh,2022-10-01,5,0.0940944105386734
98_osh,2022-10-01,10,0.128755047917366
98_osh,2022-10-01,15,0.1248495057225227
98_osh,2022-10-01,20,0.1541859358549118
98_osh,2022-10-01,30,1.1165319681167605
98_osh,2022-10-01,40,1.7103437185287476
98_osh,2022-10-01,50,1.276066780090332
98_osh,2022-10-02,5,0.0936249196529388
98_osh,2022-10-02,10,0.1251782029867172
98_osh,2022-10-02,15,0.1247649863362312
98_osh,2022-10-02,20,0.1489422917366027
98_osh,2022-10-02,30,1.0914413928985596
98_osh,2022-10-02,40,1.72930645942688
98_osh,2022-10-02,50,1.375124216079712
98_osh,2022-10-03,5,0.0939978286623954
98_osh,2022-10-03,10,0.1155317425727844
98_osh,2022-10-03,15,0.1328049004077911
98_osh,2022-10-03,20,0.1394410282373428
98_osh,2022-10-03,30,1.0017352104187012
98_osh,2022-10-03,40,1.607234001159668
98_osh,2022-10-03,50,1.4394763708114624
98_osh,2022-10-04,5,0.0995401516556739
98_osh,2022-10-04,10,0.1189812049269676
98_osh,2022-10-04,15,0.1395950466394424
98_osh,2022-10-04,20,0.1394398212432861
98_osh,2022-10-04,30,0.902344048023224
98_osh,2022-10-04,40,1.3900461196899414
98_osh,2022-10-04,50,1.3445905447006226
98_osh,2022-10-05,5,0.120578683912754
98_osh,2022-10-05,10,0.1272770017385482
98_osh,2022-10-05,15,0.1479744464159011
98_osh,2022-10-05,20,0.1553187817335128
98_osh,2022-10-05,30,0.8922345042228699
98_osh,2022-10-05,40,1.2593677043914795
98_osh,2022-10-05,50,1.230876326560974
98_osh,2022-10-06,5,0.1349180191755294
98_osh,2022-10-06,10,0.136662870645523
98_osh,2022-10-06,15,0.154261827468872
98_osh,2022-10-06,20,0.1657044440507888
98_osh,2022-10-06,30,0.9777864813804626
98_osh,2022-10-06,40,1.2248785495758057
98_osh,2022-10-06,50,1.1817619800567627
98_osh,2022-10-07,5,0.1412709802389145
98_osh,2022-10-07,10,0.1423544436693191
98_osh,2022-10-07,15,0.1573652178049087
98_osh,2022-10-07,20,0.1665956676006317
98_osh,2022-10-07,30,1.0422773361206057
98_osh,2022-10-07,40,1.1996842622756958
98_osh,2022-10-07,50,1.1378217935562134
98_osh,2022-10-08,5,0.1523275673389434
98_osh,2022-10-08,10,0.1538727283477783
98_osh,2022-10-08,15,0.1503038257360458
98_osh,2022-10-08,20,0.1665716618299484
98_osh,2022-10-08,30,1.093157172203064
98_osh,2022-10-08,40,1.174130082130432
98_osh,2022-10-08,50,1.092877745628357
98_osh,2022-10-09,5,0.1667727679014206
98_osh,2022-10-09,10,0.1672780364751815
98_osh,2022-10-09,15,0.1660364121198654
98_osh,2022-10-09,20,0.1668592244386673
98_osh,2022-10-09,30,1.0797637701034546
98_osh,2022-10-09,40,1.0801434516906738
98_osh,2022-10-09,50,1.0602222681045532
98_osh,2022-10-10,5,0.1693457216024398
98_osh,2022-10-10,10,0.171275794506073
98_osh,2022-10-10,15,0.1767929792404174
98_osh,2022-10-10,20,0.1895896196365356
98_osh,2022-10-10,30,0.9205412268638612
98_osh,2022-10-10,40,0.761252760887146
98_osh,2022-10-10,50,0.9523940682411194
98_osh,2022-10-11,5,0.184861958026886
98_osh,2022-10-11,10,0.1855991631746292
98_osh,2022-10-11,15,0.1890858113765716
98_osh,2022-10-11,20,0.2135654538869857
98_osh,2022-10-11,30,0.8520104289054871
98_osh,2022-10-11,40,0.5673152208328247
98_osh,2022-10-11,50,0.8264017701148987
98_osh,2022-10-12,5,0.1827346831560135
98_osh,2022-10-12,10,0.183249145746231
98_osh,2022-10-12,15,0.1854860931634903
98_osh,2022-10-12,20,0.2143698781728744
98_osh,2022-10-12,30,0.9252758622169496
98_osh,2022-10-12,40,0.6435682773590088
98_osh,2022-10-12,50,0.8465525507926941
98_osh,2022-10-13,5,0.1764495074748993
98_osh,2022-10-13,10,0.1776236593723297
98_osh,2022-10-13,15,0.1803387999534607
98_osh,2022-10-13,20,0.2089345604181289
98_osh,2022-10-13,30,0.9895234107971193
98_osh,2022-10-13,40,0.7852861881256104
98_osh,2022-10-13,50,0.8847490549087524
98_osh,2022-10-14,5,0.1670643538236618
98_osh,2022-10-14,10,0.1678738892078399
98_osh,2022-10-14,15,0.1696899980306625
98_osh,2022-10-14,20,0.197416290640831
98_osh,2022-10-14,30,0.982170581817627
98_osh,2022-10-14,40,0.8725848197937012
98_osh,2022-10-14,50,0.8998874425888062
98_osh,2022-10-15,5,0.1577589362859726
98_osh,2022-10-15,10,0.1588159799575805
98_osh,2022-10-15,15,0.1626429408788681
98_osh,2022-10-15,20,0.1875417381525039
98_osh,2022-10-15,30,0.966964066028595
98_osh,2022-10-15,40,0.925622820854187
98_osh,2022-10-15,50,0.8932854533195496
98_osh,2022-10-16,5,0.1501886695623397
98_osh,2022-10-16,10,0.151423379778862
98_osh,2022-10-16,15,0.155910924077034
98_osh,2022-10-16,20,0.1810735166072845
98_osh,2022-10-16,30,0.941172420978546
98_osh,2022-10-16,40,0.9546576738357544
98_osh,2022-10-16,50,0.8851625919342041
98_osh,2022-10-17,5,0.1496122628450393
98_osh,2022-10-17,10,0.1502811014652252
98_osh,2022-10-17,15,0.1519895642995834
98_osh,2022-10-17,20,0.1755858063697815
98_osh,2022-10-17,30,0.8930970430374146
98_osh,2022-10-17,40,0.9753093719482422
98_osh,2022-10-17,50,0.868606448173523
98_osh,2022-10-18,5,0.1621149629354477
98_osh,2022-10-18,10,0.1623795926570892
98_osh,2022-10-18,15,0.1627653390169143
98_osh,2022-10-18,20,0.1820430159568786
98_osh,2022-10-18,30,0.8785216808319092
98_osh,2022-10-18,40,0.9879582524299622
98_osh,2022-10-18,50,0.8339797258377075
98_osh,2022-10-19,5,0.1807988286018371
98_osh,2022-10-19,10,0.1809025108814239
98_osh,2022-10-19,15,0.1808662265539169
98_osh,2022-10-19,20,0.1973474323749542
98_osh,2022-10-19,30,0.8981931209564209
98_osh,2022-10-19,40,0.977941393852234
98_osh,2022-10-19,50,0.7908969521522522
98_osh,2022-10-20,5,0.1941555738449096
98_osh,2022-10-20,10,0.1941865235567093
98_osh,2022-10-20,15,0.1926286071538925
98_osh,2022-10-20,20,0.2192738503217697
98_osh,2022-10-20,30,0.9530443549156188
98_osh,2022-10-20,40,0.9421935081481934
98_osh,2022-10-20,50,0.7464494109153748
98_osh,2022-10-21,5,0.2003040313720703
98_osh,2022-10-21,10,0.2002354562282562
98_osh,2022-10-21,15,0.1974019855260849
98_osh,2022-10-21,20,0.2394055873155594
98_osh,2022-10-21,30,0.9993956089019777
98_osh,2022-10-21,40,0.9065093994140624
98_osh,2022-10-21,50,0.716864287853241
98_osh,2022-10-22,5,0.2004735022783279
98_osh,2022-10-22,10,0.200442761182785
98_osh,2022-10-22,15,0.1975696384906768
98_osh,2022-10-22,20,0.2548541128635406
98_osh,2022-10-22,30,1.0442321300506592
98_osh,2022-10-22,40,0.8751851916313171
98_osh,2022-10-22,50,0.6878401637077332
98_osh,2022-10-23,5,0.1974269598722458
98_osh,2022-10-23,10,0.1975278258323669
98_osh,2022-10-23,15,0.1954449415206909
98_osh,2022-10-23,20,0.268034428358078
98_osh,2022-10-23,30,1.1282607316970823
98_osh,2022-10-23,40,0.8350934386253357
98_osh,2022-10-23,50,0.6546754837036133
98_osh,2022-10-24,5,0.1908721178770065
98_osh,2022-10-24,10,0.1909699440002441
98_osh,2022-10-24,15,0.1906498372554779
98_osh,2022-10-24,20,0.2757406532764435
98_osh,2022-10-24,30,1.212762713432312
98_osh,2022-10-24,40,0.8049362897872925
98_osh,2022-10-24,50,0.6295440793037415
98_osh,2022-10-25,5,0.1840489208698272
98_osh,2022-10-25,10,0.1841955482959747
98_osh,2022-10-25,15,0.1845851242542266
98_osh,2022-10-25,20,0.269546240568161
98_osh,2022-10-25,30,1.269615888595581
98_osh,2022-10-25,40,0.8370922803878784
98_osh,2022-10-25,50,0.6374043822288513
98_osh,2022-10-26,5,0.178282618522644
98_osh,2022-10-26,10,0.1783698797225952
98_osh,2022-10-26,15,0.1788995265960693
98_osh,2022-10-26,20,0.2510721087455749
98_osh,2022-10-26,30,1.2280006408691406
98_osh,2022-10-26,40,0.9453970789909364
98_osh,2022-10-26,50,0.6874423027038574
98_osh,2022-10-27,5,0.1734712719917297
98_osh,2022-10-27,10,0.173484668135643
98_osh,2022-10-27,15,0.1738252937793731
98_osh,2022-10-27,20,0.2288213521242141
98_osh,2022-10-27,30,1.0855493545532229
98_osh,2022-10-27,40,1.0313879251480105
98_osh,2022-10-27,50,0.7733312249183655
98_osh,2022-10-28,5,0.1706559509038925
98_osh,2022-10-28,10,0.1707202941179275
98_osh,2022-10-28,15,0.1710926592350006
98_osh,2022-10-28,20,0.2128378897905349
98_osh,2022-10-28,30,0.9393020272254944
98_osh,2022-10-28,40,1.0039868354797363
98_osh,2022-10-28,50,0.8454746603965759
98_osh,2022-10-29,5,0.1693664342164993
98_osh,2022-10-29,10,0.169547751545906
98_osh,2022-10-29,15,0.1700161695480346
98_osh,2022-10-29,20,0.1977974772453308
98_osh,2022-10-29,30,0.9001065492630005
98_osh,2022-10-29,40,0.9497005343437196
98_osh,2022-10-29,50,0.845118522644043
98_osh,2022-10-30,5,0.1682209372520446
98_osh,2022-10-30,10,0.1684681624174118
98_osh,2022-10-30,15,0.1689352840185165
98_osh,2022-10-30,20,0.1732168942689895
98_osh,2022-10-30,30,0.9409096240997314
98_osh,2022-10-30,40,0.909634530544281
98_osh,2022-10-30,50,0.8107471466064453
98_osh,2022-10-31,5,0.1643842905759811
98_osh,2022-10-31,10,0.1644487231969833
98_osh,2022-10-31,15,0.1646350920200348
98_osh,2022-10-31,20,0.1656201928853988
98_osh,2022-10-31,30,0.9912723302841188
98_osh,2022-10-31,40,0.8711605072021484
98_osh,2022-10-31,50,0.7831975817680359
98_osh,2022-11-01,5,0.1607566773891449
98_osh,2022-11-01,10,0.160806268453598
98_osh,2022-11-01,15,0.1609278470277786
98_osh,2022-11-01,20,0.1619629561901092
98_osh,2022-11-01,30,1.014250874519348
98_osh,2022-11-01,40,0.8120558261871338
98_osh,2022-11-01,50,0.7496235966682434
98_osh,2022-11-02,5,0.1603059023618698
98_osh,2022-11-02,10,0.1606137156486511
98_osh,2022-11-02,15,0.1610864400863647
98_osh,2022-11-02,20,0.1633756905794143
98_osh,2022-11-02,30,1.036967158317566
98_osh,2022-11-02,40,0.7488857507705688
98_osh,2022-11-02,50,0.6999062895774841
98_osh,2022-11-03,5,0.1654422730207443
98_osh,2022-11-03,10,0.1657672226428985
98_osh,2022-11-03,15,0.1661655604839325
98_osh,2022-11-03,20,0.1675465852022171
98_osh,2022-11-03,30,1.039339303970337
98_osh,2022-11-03,40,0.6799106001853943
98_osh,2022-11-03,50,0.6282358765602112
98_osh,2022-11-04,5,0.1767001301050186
98_osh,2022-11-04,10,0.1775158643722534
98_osh,2022-11-04,15,0.1785022318363189
98_osh,2022-11-04,20,0.1816638559103012
98_osh,2022-11-04,30,1.03473699092865
98_osh,2022-11-04,40,0.6224943399429321
98_osh,2022-11-04,50,0.5621694326400757
98_osh,2022-11-05,5,0.2240189611911773
98_osh,2022-11-05,10,0.2258205860853195
98_osh,2022-11-05,15,0.2279438227415084
98_osh,2022-11-05,20,0.2338729202747345
98_osh,2022-11-05,30,0.8695194125175476
98_osh,2022-11-05,40,0.5835776329040527
98_osh,2022-11-05,50,0.5224241018295288
98_osh,2022-11-06,5,0.2713066637516022
98_osh,2022-11-06,10,0.2721882462501526
98_osh,2022-11-06,15,0.2732920944690704
98_osh,2022-11-06,20,0.2768423557281494
98_osh,2022-11-06,30,0.530066728591919
98_osh,2022-11-06,40,0.547157347202301
98_osh,2022-11-06,50,0.4941877424716949
98_osh,2022-11-07,5,0.2720702290534973
98_osh,2022-11-07,10,0.2725057899951935
98_osh,2022-11-07,15,0.2732229828834533
98_osh,2022-11-07,20,0.2767117023468017
98_osh,2022-11-07,30,0.5221888422966003
98_osh,2022-11-07,40,0.5219414830207825
98_osh,2022-11-07,50,0.477820485830307
98_osh,2022-11-08,5,0.266465961933136
98_osh,2022-11-08,10,0.2671568393707275
98_osh,2022-11-08,15,0.2682020664215088
98_osh,2022-11-08,20,0.2715017795562744
98_osh,2022-11-08,30,0.5246134996414185
98_osh,2022-11-08,40,0.500891923904419
98_osh,2022-11-08,50,0.4635111093521118
98_osh,2022-11-09,5,0.2702410221099853
98_osh,2022-11-09,10,0.2706329226493835
98_osh,2022-11-09,15,0.2711553275585174
98_osh,2022-11-09,20,0.273171991109848
98_osh,2022-11-09,30,0.526046872138977
98_osh,2022-11-09,40,0.4950466752052307
98_osh,2022-11-09,50,0.4592586755752563
98_osh,2022-11-10,5,0.2684992253780365
98_osh,2022-11-10,10,0.2688568830490112
98_osh,2022-11-10,15,0.2693865597248077
98_osh,2022-11-10,20,0.2714667320251465
98_osh,2022-11-10,30,0.5299357175827026
98_osh,2022-11-10,40,0.5001487135887146
98_osh,2022-11-10,50,0.4621449708938598
98_osh,2022-11-11,5,0.2624427080154419
98_osh,2022-11-11,10,0.2627931833267212
98_osh,2022-11-11,15,0.2633444666862488
98_osh,2022-11-11,20,0.2654321789741516
98_osh,2022-11-11,30,0.5358034372329712
98_osh,2022-11-11,40,0.5087330341339111
98_osh,2022-11-11,50,0.4658933281898498
98_osh,2022-11-12,5,0.2565634846687317
98_osh,2022-11-12,10,0.257102370262146
98_osh,2022-11-12,15,0.2579480409622192
98_osh,2022-11-12,20,0.2602320909500122
98_osh,2022-11-12,30,0.5329370498657227
98_osh,2022-11-12,40,0.5153949856758118
98_osh,2022-11-12,50,0.4661139547824859
98_osh,2022-11-13,5,0.2529906034469604
98_osh,2022-11-13,10,0.2541661560535431
98_osh,2022-11-13,15,0.2555168569087982
98_osh,2022-11-13,20,0.2587364315986633
98_osh,2022-11-13,30,0.4932695925235748
98_osh,2022-11-13,40,0.4886572659015655
98_osh,2022-11-13,50,0.4450687766075134
98_osh,2022-11-14,5,0.2761553525924682
98_osh,2022-11-14,10,0.2770218551158905
98_osh,2022-11-14,15,0.2779627740383148
98_osh,2022-11-14,20,0.2805269062519073
98_osh,2022-11-14,30,0.4644177854061126
98_osh,2022-11-14,40,0.4627453982830047
98_osh,2022-11-14,50,0.4247624576091766
98_osh,2022-11-15,5,0.2921908795833587
98_osh,2022-11-15,10,0.2926547825336456
98_osh,2022-11-15,15,0.2932997643947601
98_osh,2022-11-15,20,0.2950945496559143
98_osh,2022-11-15,30,0.4861542284488678
98_osh,2022-11-15,40,0.4645314216613769
98_osh,2022-11-15,50,0.4234617352485657
98_osh,2022-11-16,5,0.2954129576683044
98_osh,2022-11-16,10,0.2960134148597717
98_osh,2022-11-16,15,0.296741634607315
98_osh,2022-11-16,20,0.2988225221633911
98_osh,2022-11-16,30,0.5027003884315491
98_osh,2022-11-16,40,0.4719050824642181
98_osh,2022-11-16,50,0.4267961978912353
98_osh,2022-11-17,5,0.2952787280082702
98_osh,2022-11-17,10,0.295746386051178
98_osh,2022-11-17,15,0.2962987124919891
98_osh,2022-11-17,20,0.2977434396743774
98_osh,2022-11-17,30,0.5176693797111511
98_osh,2022-11-17,40,0.4823397099971771
98_osh,2022-11-17,50,0.4318162500858307
98_osh,2022-11-18,5,0.2881519198417663
98_osh,2022-11-18,10,0.2884597182273865
98_osh,2022-11-18,15,0.2888990938663482
98_osh,2022-11-18,20,0.2900044322013855
98_osh,2022-11-18,30,0.5253663063049316
98_osh,2022-11-18,40,0.4950713515281677
98_osh,2022-11-18,50,0.4380194544792175
98_osh,2022-11-19,5,0.283968061208725
98_osh,2022-11-19,10,0.2843762040138244
98_osh,2022-11-19,15,0.2848116457462311
98_osh,2022-11-19,20,0.2857359647750854
98_osh,2022-11-19,30,0.5284984707832336
98_osh,2022-11-19,40,0.5109869837760925
98_osh,2022-11-19,50,0.4474706053733825
98_osh,2022-11-20,5,0.2806369364261627
98_osh,2022-11-20,10,0.281069815158844
98_osh,2022-11-20,15,0.2815134227275848
98_osh,2022-11-20,20,0.2823572754859924
98_osh,2022-11-20,30,0.5027245879173279
98_osh,2022-11-20,40,0.5288752317428589
98_osh,2022-11-20,50,0.4623782932758331
98_osh,2022-11-21,5,0.2802177369594574
98_osh,2022-11-21,10,0.2816005349159241
98_osh,2022-11-21,15,0.2833144962787628
98_osh,2022-11-21,20,0.2858935296535492
98_osh,2022-11-21,30,0.4288911521434784
98_osh,2022-11-21,40,0.531359851360321
98_osh,2022-11-21,50,0.4739241600036621
98_osh,2022-11-22,5,0.307048350572586
98_osh,2022-11-22,10,0.3081400096416473
98_osh,2022-11-22,15,0.3092918694019317
98_osh,2022-11-22,20,0.3109528422355652
98_osh,2022-11-22,30,0.3296965956687927
98_osh,2022-11-22,40,0.5156245231628418
98_osh,2022-11-22,50,0.4657551944255829
98_osh,2022-11-23,5,0.3209652900695801
98_osh,2022-11-23,10,0.3212966620922088
98_osh,2022-11-23,15,0.3216792941093445
98_osh,2022-11-23,20,0.322388231754303
98_osh,2022-11-23,30,0.3268897235393524
98_osh,2022-11-23,40,0.5025067925453186
98_osh,2022-11-23,50,0.4547045528888702
98_osh,2022-11-24,5,0.320686399936676
98_osh,2022-11-24,10,0.3211030662059784
98_osh,2022-11-24,15,0.3216632306575775
98_osh,2022-11-24,20,0.3228651881217956
98_osh,2022-11-24,30,0.3395951390266418
98_osh,2022-11-24,40,0.4978442788124084
98_osh,2022-11-24,50,0.4478426873683929
98_osh,2022-11-25,5,0.31830894947052
98_osh,2022-11-25,10,0.3186933994293213
98_osh,2022-11-25,15,0.3192815482616424
98_osh,2022-11-25,20,0.3206537961959839
98_osh,2022-11-25,30,0.3536454141139984
98_osh,2022-11-25,40,0.4969102442264557
98_osh,2022-11-25,50,0.4432850480079651
98_osh,2022-11-26,5,0.3220886290073395
98_osh,2022-11-26,10,0.3227056264877319
98_osh,2022-11-26,15,0.3235612511634826
98_osh,2022-11-26,20,0.3253389000892639
98_osh,2022-11-26,30,0.3525362014770508
98_osh,2022-11-26,40,0.4894733130931854
98_osh,2022-11-26,50,0.4365951120853424
98_osh,2022-11-27,5,0.3346339464187622
98_osh,2022-11-27,10,0.3348598182201385
98_osh,2022-11-27,15,0.3351349234580993
98_osh,2022-11-27,20,0.3356641829013824
98_osh,2022-11-27,30,0.3809596598148346
98_osh,2022-11-27,40,0.4657474458217621
98_osh,2022-11-27,50,0.41719850897789
98_osh,2022-11-28,5,0.3407985270023346
98_osh,2022-11-28,10,0.340863972902298
98_osh,2022-11-28,15,0.3409200608730316
98_osh,2022-11-28,20,0.3409804999828338
98_osh,2022-11-28,30,0.4036246836185455
98_osh,2022-11-28,40,0.4423253238201141
98_osh,2022-11-28,50,0.3962953984737396
98_osh,2022-11-29,5,0.3394204080104828
98_osh,2022-11-29,10,0.3391592800617218
98_osh,2022-11-29,15,0.3388404548168182
98_osh,2022-11-29,20,0.3381014466285705
98_osh,2022-11-29,30,0.3923119306564331
98_osh,2022-11-29,40,0.4177944660186767
98_osh,2022-11-29,50,0.3777650892734527
98_osh,2022-11-30,5,0.3575094044208526
98_osh,2022-11-30,10,0.3574543595314026
98_osh,2022-11-30,15,0.3574117720127105
98_osh,2022-11-30,20,0.357335478067398
98_osh,2022-11-30,30,0.3996508717536926
98_osh,2022-11-30,40,0.3908331394195556
98_osh,2022-11-30,50,0.3593259453773498
98_osh,2022-12-01,5,0.4138708710670471
98_osh,2022-12-01,10,0.4138432145118713
98_osh,2022-12-01,15,0.4138256311416626
98_osh,2022-12-01,20,0.413799524307251
98_osh,2022-12-01,30,0.441308319568634
98_osh,2022-12-01,40,0.3806291818618774
98_osh,2022-12-01,50,0.3485657870769501
98_osh,2022-12-02,5,0.4725382328033447
98_osh,2022-12-02,10,0.4724803864955902
98_osh,2022-12-02,15,0.4724182188510895
98_osh,2022-12-02,20,0.4722808003425598
98_osh,2022-12-02,30,0.4859168827533722
98_osh,2022-12-02,40,0.381434828042984
98_osh,2022-12-02,50,0.3418504893779754
98_osh,2022-12-03,5,0.5024299025535583
98_osh,2022-12-03,10,0.502299964427948
98_osh,2022-12-03,15,0.5021505355834961
98_osh,2022-12-03,20,0.5018298029899597
98_osh,2022-12-03,30,0.496391087770462
98_osh,2022-12-03,40,0.3719375133514404
98_osh,2022-12-03,50,0.3278418779373169
98_osh,2022-12-04,5,0.5319012403488159
98_osh,2022-12-04,10,0.531726598739624
98_osh,2022-12-04,15,0.5315172672271729
98_osh,2022-12-04,20,0.531083881855011
98_osh,2022-12-04,30,0.4922958612442016
98_osh,2022-12-04,40,0.3579645156860351
98_osh,2022-12-04,50,0.3138215839862823
98_osh,2022-12-05,5,0.5742318034172058
98_osh,2022-12-05,10,0.5739802718162537
98_osh,2022-12-05,15,0.5736743807792664
98_osh,2022-12-05,20,0.5730389952659607
98_osh,2022-12-05,30,0.4826982617378235
98_osh,2022-12-05,40,0.3751232624053955
98_osh,2022-12-05,50,0.3293637335300445
98_osh,2022-12-06,5,0.6241227388381958
98_osh,2022-12-06,10,0.6235343813896179
98_osh,2022-12-06,15,0.6227918267250061
98_osh,2022-12-06,20,0.6213386654853821
98_osh,2022-12-06,30,0.5226677656173706
98_osh,2022-12-06,40,0.3842643499374389
98_osh,2022-12-06,50,0.3414669036865234
98_osh,2022-12-07,5,0.6657326817512512
98_osh,2022-12-07,10,0.6646202206611633
98_osh,2022-12-07,15,0.6633417010307312
98_osh,2022-12-07,20,0.6612970232963562
98_osh,2022-12-07,30,0.6471331119537354
98_osh,2022-12-07,40,0.3992538154125213
98_osh,2022-12-07,50,0.3515895307064056
98_osh,2022-12-08,5,0.7095620632171631
98_osh,2022-12-08,10,0.7087156176567078
98_osh,2022-12-08,15,0.7077345252037048
98_osh,2022-12-08,20,0.7062097191810608
98_osh,2022-12-08,30,0.6984679698944092
98_osh,2022-12-08,40,0.4066906869411468
98_osh,2022-12-08,50,0.3655233681201935
98_osh,2022-12-09,5,0.7522384524345398
98_osh,2022-12-09,10,0.7508691549301147
98_osh,2022-12-09,15,0.7492148280143738
98_osh,2022-12-09,20,0.7464639544487
98_osh,2022-12-09,30,0.7356444001197815
98_osh,2022-12-09,40,0.4953758716583252
98_osh,2022-12-09,50,0.4249709248542785
98_osh,2022-12-10,5,0.7387012839317322
98_osh,2022-12-10,10,0.7362833619117737
98_osh,2022-12-10,15,0.733612060546875
98_osh,2022-12-10,20,0.7295470237731934
98_osh,2022-12-10,30,0.719546377658844
98_osh,2022-12-10,40,0.744059681892395
98_osh,2022-12-10,50,0.6878780126571655
98_osh,2022-12-11,5,0.7453867793083191
98_osh,2022-12-11,10,0.7444313764572144
98_osh,2022-12-11,15,0.7433446049690247
98_osh,2022-12-11,20,0.7416528463363647
98_osh,2022-12-11,30,0.737188458442688
98_osh,2022-12-11,40,0.7953106164932251
98_osh,2022-12-11,50,0.7727880477905273
98_osh,2022-12-12,5,0.7741303443908691
98_osh,2022-12-12,10,0.7729067802429199
98_osh,2022-12-12,15,0.7714133262634277
98_osh,2022-12-12,20,0.7686022520065308
98_osh,2022-12-12,30,0.7564319968223572
98_osh,2022-12-12,40,0.8145837783813477
98_osh,2022-12-12,50,0.7872473001480103
98_osh,2022-12-13,5,0.76537024974823
98_osh,2022-12-13,10,0.7641965746879578
98_osh,2022-12-13,15,0.7625913023948669
98_osh,2022-12-13,20,0.7594403624534607
98_osh,2022-12-13,30,0.7464162111282349
98_osh,2022-12-13,40,0.8096809983253479
98_osh,2022-12-13,50,0.7958575487136841
98_osh,2022-12-14,5,0.7436783313751221
98_osh,2022-12-14,10,0.743681013584137
98_osh,2022-12-14,15,0.7436271905899048
98_osh,2022-12-14,20,0.74347323179245
98_osh,2022-12-14,30,0.742202877998352
98_osh,2022-12-14,40,0.8006243109703064
98_osh,2022-12-14,50,0.7972902059555054
98_osh,2022-12-15,5,0.7746050953865051
98_osh,2022-12-15,10,0.7747888565063477
98_osh,2022-12-15,15,0.7749531269073486
98_osh,2022-12-15,20,0.7751866579055786
98_osh,2022-12-15,30,0.7762412428855896
98_osh,2022-12-15,40,0.8201084733009338
98_osh,2022-12-15,50,0.8191351294517517
98_osh,2022-12-16,5,0.8160580396652222
98_osh,2022-12-16,10,0.816224992275238
98_osh,2022-12-16,15,0.8163772225379944
98_osh,2022-12-16,20,0.8166024088859558
98_osh,2022-12-16,30,0.8177477717399597
98_osh,2022-12-16,40,0.8547012805938721
98_osh,2022-12-16,50,0.8540347814559937
98_osh,2022-12-17,5,0.8390582799911499
98_osh,2022-12-17,10,0.8392011523246765
98_osh,2022-12-17,15,0.8393347263336182
98_osh,2022-12-17,20,0.8395534753799438
98_osh,2022-12-17,30,0.8410208821296692
98_osh,2022-12-17,40,0.8743292093276978
98_osh,2022-12-17,50,0.8738513588905334
98_osh,2022-12-18,5,0.8563279509544373
98_osh,2022-12-18,10,0.8563920259475708
98_osh,2022-12-18,15,0.8564523458480835
98_osh,2022-12-18,20,0.8565815091133118
98_osh,2022-12-18,30,0.8577811121940613
98_osh,2022-12-18,40,0.8884077072143555
98_osh,2022-12-18,50,0.887959361076355
98_osh,2022-12-19,5,0.8734327554702759
98_osh,2022-12-19,10,0.8734919428825378
98_osh,2022-12-19,15,0.8735545873641968
98_osh,2022-12-19,20,0.8736931681632996
98_osh,2022-12-19,30,0.8749880790710449
98_osh,2022-12-19,40,0.9024474024772644
98_osh,2022-12-19,50,0.9019982218742372
98_osh,2022-12-20,5,0.8884085416793823
98_osh,2022-12-20,10,0.8884541988372803
98_osh,2022-12-20,15,0.8885093331336975
98_osh,2022-12-20,20,0.8886356353759766
98_osh,2022-12-20,30,0.8898645043373108
98_osh,2022-12-20,40,0.9111592769622804
98_osh,2022-12-20,50,0.9105952382087708
98_osh,2022-12-21,5,0.8965396285057068
98_osh,2022-12-21,10,0.8966062068939209
98_osh,2022-12-21,15,0.8966428637504578
98_osh,2022-12-21,20,0.8966034650802612
98_osh,2022-12-21,30,0.8951314091682434
98_osh,2022-12-21,40,0.9116973280906676
98_osh,2022-12-21,50,0.9103227853775024
98_osh,2022-12-22,5,0.8786514401435852
98_osh,2022-12-22,10,0.8768326044082642
98_osh,2022-12-22,15,0.8741636872291565
98_osh,2022-12-22,20,0.8697760105133057
98_osh,2022-12-22,30,0.8530033826828003
98_osh,2022-12-22,40,0.8583760261535645
98_osh,2022-12-22,50,0.8496901392936707
98_osh,2022-12-23,5,0.848849892616272
98_osh,2022-12-23,10,0.8450675010681152
98_osh,2022-12-23,15,0.8398740887641907
98_osh,2022-12-23,20,0.8297286629676819
98_osh,2022-12-23,30,0.7998749017715454
98_osh,2022-12-23,40,0.7974233031272888
98_osh,2022-12-23,50,0.7850953340530396
98_osh,2022-12-24,5,0.8294570446014404
98_osh,2022-12-24,10,0.8284140229225159
98_osh,2022-12-24,15,0.8272568583488464
98_osh,2022-12-24,20,0.8253318667411804
98_osh,2022-12-24,30,0.8161107301712036
98_osh,2022-12-24,40,0.7936875224113464
98_osh,2022-12-24,50,0.785852313041687
98_osh,2022-12-25,5,0.8531469702720642
98_osh,2022-12-25,10,0.8529934287071228
98_osh,2022-12-25,15,0.8528369665145874
98_osh,2022-12-25,20,0.8526403307914734
98_osh,2022-12-25,30,0.8524423241615295
98_osh,2022-12-25,40,0.8163204193115234
98_osh,2022-12-25,50,0.815428614616394
98_osh,2022-12-26,5,0.8911452889442444
98_osh,2022-12-26,10,0.8911452889442444
98_osh,2022-12-26,15,0.891166090965271
98_osh,2022-12-26,20,0.8912367224693298
98_osh,2022-12-26,30,0.8917787075042725
98_osh,2022-12-26,40,0.841675341129303
98_osh,2022-12-26,50,0.8412603735923767
98_osh,2022-12-27,5,0.9396184682846068
98_osh,2022-12-27,10,0.9396031498908995
98_osh,2022-12-27,15,0.9396151304244996
98_osh,2022-12-27,20,0.939629852771759
98_osh,2022-12-27,30,0.9399632811546326
98_osh,2022-12-27,40,0.870491623878479
98_osh,2022-12-27,50,0.8665305376052856
98_osh,2022-12-28,5,0.9729201793670654
98_osh,2022-12-28,10,0.9724462032318116
98_osh,2022-12-28,15,0.972018539905548
98_osh,2022-12-28,20,0.9713990092277528
98_osh,2022-12-28,30,0.9704759120941162
98_osh,2022-12-28,40,0.8812020421028137
98_osh,2022-12-28,50,0.8778502345085144
98_osh,2022-12-29,5,1.006424069404602
98_osh,2022-12-29,10,1.0060133934020996
98_osh,2022-12-29,15,1.0056854486465454
98_osh,2022-12-29,20,1.005292296409607
98_osh,2022-12-29,30,1.0047059059143066
98_osh,2022-12-29,40,0.8986855149269104
98_osh,2022-12-29,50,0.8979881405830383
98_osh,2022-12-30,5,1.0374047756195068
98_osh,2022-12-30,10,1.0369813442230225
98_osh,2022-12-30,15,1.036668300628662
98_osh,2022-12-30,20,1.0363136529922483
98_osh,2022-12-30,30,1.0358108282089231
98_osh,2022-12-30,40,0.9167747497558594
98_osh,2022-12-30,50,0.9163683652877808
98_osh,2022-12-31,5,1.0639108419418335
98_osh,2022-12-31,10,1.0633132457733154
98_osh,2022-12-31,15,1.0628770589828491
98_osh,2022-12-31,20,1.0624138116836548
98_osh,2022-12-31,30,1.061801791191101
98_osh,2022-12-31,40,0.926605463027954
98_osh,2022-12-31,50,0.926253378391266
98_osh,2023-01-01,5,1.126317024230957
98_osh,2023-01-01,10,1.125806212425232
98_osh,2023-01-01,15,1.1254130601882937
98_osh,2023-01-01,20,1.124964952468872
98_osh,2023-01-01,30,1.124459981918335
98_osh,2023-01-01,40,0.9703621864318848
98_osh,2023-01-01,50,0.969637393951416
98_osh,2023-01-02,5,1.1942890882492063
98_osh,2023-01-02,10,1.1938167810440063
98_osh,2023-01-02,15,1.1934345960617063
98_osh,2023-01-02,20,1.1929675340652466
98_osh,2023-01-02,30,1.1924457550048828
98_osh,2023-01-02,40,1.0281213521957395
98_osh,2023-01-02,50,1.0271743535995483
98_osh,2023-01-03,5,1.2544689178466797
98_osh,2023-01-03,10,1.2540146112442017
98_osh,2023-01-03,15,1.2536410093307495
98_osh,2023-01-03,20,1.2531814575195312
98_osh,2023-01-03,30,1.2528172731399536
98_osh,2023-01-03,40,1.0854746103286743
98_osh,2023-01-03,50,1.0844671726226809
98_osh,2023-01-04,5,1.3083351850509644
98_osh,2023-01-04,10,1.3079228401184082
98_osh,2023-01-04,15,1.3075857162475586
98_osh,2023-01-04,20,1.307185411453247
98_osh,2023-01-04,30,1.3072556257247925
98_osh,2023-01-04,40,1.1397898197174072
98_osh,2023-01-04,50,1.138758420944214
98_osh,2023-01-05,5,1.3618892431259155
98_osh,2023-01-05,10,1.3615014553070068
98_osh,2023-01-05,15,1.3611915111541748
98_osh,2023-01-05,20,1.3608447313308716
98_osh,2023-01-05,30,1.361336350440979
98_osh,2023-01-05,40,1.1961684226989746
98_osh,2023-01-05,50,1.1950193643569946
98_osh,2023-01-06,5,1.4140228033065796
98_osh,2023-01-06,10,1.4139164686203003
98_osh,2023-01-06,15,1.4139015674591064
98_osh,2023-01-06,20,1.4140517711639404
98_osh,2023-01-06,30,1.417366623878479
98_osh,2023-01-06,40,1.2511624097824097
98_osh,2023-01-06,50,1.2503606081008911
98_osh,2023-01-07,5,1.4656981229782104
98_osh,2023-01-07,10,1.4663026332855225
98_osh,2023-01-07,15,1.466975450515747
98_osh,2023-01-07,20,1.468036413192749
98_osh,2023-01-07,30,1.475425124168396
98_osh,2023-01-07,40,1.3102960586547852
98_osh,2023-01-07,50,1.3102524280548096
98_osh,2023-01-08,5,1.5073573589324951
98_osh,2023-01-08,10,1.5079543590545654
98_osh,2023-01-08,15,1.5087378025054932
98_osh,2023-01-08,20,1.5100369453430176
98_osh,2023-01-08,30,1.5188403129577637
98_osh,2023-01-08,40,1.361670732498169
98_osh,2023-01-08,50,1.3621851205825806
98_osh,2023-01-09,5,1.5384531021118164
98_osh,2023-01-09,10,1.5385295152664185
98_osh,2023-01-09,15,1.5386285781860352
98_osh,2023-01-09,20,1.538919448852539
98_osh,2023-01-09,30,1.5431275367736816
98_osh,2023-01-09,40,1.4010207653045654
98_osh,2023-01-09,50,1.4005283117294312
98_osh,2023-01-10,5,1.566135287284851
98_osh,2023-01-10,10,1.565801739692688
98_osh,2023-01-10,15,1.5655150413513184
98_osh,2023-01-10,20,1.5652891397476196
98_osh,2023-01-10,30,1.567322850227356
98_osh,2023-01-10,40,1.4400792121887207
98_osh,2023-01-10,50,1.4390156269073486
98_osh,2023-01-11,5,1.590474009513855
98_osh,2023-01-11,10,1.5907448530197144
98_osh,2023-01-11,15,1.5911158323287964
98_osh,2023-01-11,20,1.591910719871521
98_osh,2023-01-11,30,1.5937159061431885
98_osh,2023-01-11,40,1.4796134233474731
98_osh,2023-01-11,50,1.4770246744155884
98_osh,2023-01-12,5,1.6352910995483398
98_osh,2023-01-12,10,1.636404514312744
98_osh,2023-01-12,15,1.637416958808899
98_osh,2023-01-12,20,1.638271450996399
98_osh,2023-01-12,30,1.6204861402511597
98_osh,2023-01-12,40,1.4665606021881104
98_osh,2023-01-12,50,1.4322201013565063
98_osh,2023-01-13,5,1.702209711074829
98_osh,2023-01-13,10,1.7017732858657837
98_osh,2023-01-13,15,1.6957892179489136
98_osh,2023-01-13,20,1.6649878025054932
98_osh,2023-01-13,30,1.5343139171600342
98_osh,2023-01-13,40,1.3715145587921145
98_osh,2023-01-13,50,1.3384222984313965
98_osh,2023-01-14,5,1.7319005727767944
98_osh,2023-01-14,10,1.727864146232605
98_osh,2023-01-14,15,1.7192370891571045
98_osh,2023-01-14,20,1.6756671667099
98_osh,2023-01-14,30,1.4163495302200315
98_osh,2023-01-14,40,1.2620925903320312
98_osh,2023-01-14,50,1.2412655353546145
98_osh,2023-01-15,5,1.7170560359954834
98_osh,2023-01-15,10,1.7151507139205933
98_osh,2023-01-15,15,1.711894989013672
98_osh,2023-01-15,20,1.689950704574585
98_osh,2023-01-15,30,1.4168968200683594
98_osh,2023-01-15,40,1.166782259941101
98_osh,2023-01-15,50,1.140347957611084
98_osh,2023-01-16,5,1.6963270902633667
98_osh,2023-01-16,10,1.6946178674697876
98_osh,2023-01-16,15,1.6927086114883425
98_osh,2023-01-16,20,1.6874884366989136
98_osh,2023-01-16,30,1.5085002183914185
98_osh,2023-01-16,40,1.0868337154388428
98_osh,2023-01-16,50,1.0478347539901731
98_osh,2023-01-17,5,1.7027970552444458
98_osh,2023-01-17,10,1.7013893127441406
98_osh,2023-01-17,15,1.6999343633651731
98_osh,2023-01-17,20,1.6973968744277954
98_osh,2023-01-17,30,1.611222267150879
98_osh,2023-01-17,40,1.0220657587051392
98_osh,2023-01-17,50,0.9689600467681884
98_osh,2023-01-18,5,1.7295953035354614
98_osh,2023-01-18,10,1.7283285856246948
98_osh,2023-01-18,15,1.7270396947860718
98_osh,2023-01-18,20,1.725143313407898
98_osh,2023-01-18,30,1.7020303010940552
98_osh,2023-01-18,40,0.9830490350723268
98_osh,2023-01-18,50,0.9047712087631226
98_osh,2023-01-19,5,1.7364258766174316
98_osh,2023-01-19,10,1.7363853454589844
98_osh,2023-01-19,15,1.73623526096344
98_osh,2023-01-19,20,1.7358070611953735
98_osh,2023-01-19,30,1.712391376495361
98_osh,2023-01-19,40,1.0641580820083618
98_osh,2023-01-19,50,0.8491802215576172
98_osh,2023-01-20,5,1.730893611907959
98_osh,2023-01-20,10,1.730561137199402
98_osh,2023-01-20,15,1.729991793632507
98_osh,2023-01-20,20,1.7281653881072998
98_osh,2023-01-20,30,1.695369005203247
98_osh,2023-01-20,40,1.229645609855652
98_osh,2023-01-20,50,0.8314850330352783
98_osh,2023-01-21,5,1.7070164680480957
98_osh,2023-01-21,10,1.7045358419418335
98_osh,2023-01-21,15,1.7017115354537964
98_osh,2023-01-21,20,1.6971105337142944
98_osh,2023-01-21,30,1.6784783601760864
98_osh,2023-01-21,40,1.3731989860534668
98_osh,2023-01-21,50,0.9402357935905457
98_osh,2023-01-22,5,1.5973782539367676
98_osh,2023-01-22,10,1.5938678979873655
98_osh,2023-01-22,15,1.5900654792785645
98_osh,2023-01-22,20,1.5843193531036377
98_osh,2023-01-22,30,1.5709446668624878
98_osh,2023-01-22,40,1.3401458263397217
98_osh,2023-01-22,50,1.2859166860580444
98_osh,2023-01-23,5,1.549439549446106
98_osh,2023-01-23,10,1.5493395328521729
98_osh,2023-01-23,15,1.549255609512329
98_osh,2023-01-23,20,1.5491645336151123
98_osh,2023-01-23,30,1.552227020263672
98_osh,2023-01-23,40,1.368973970413208
98_osh,2023-01-23,50,1.3573479652404783
98_osh,2023-01-24,5,1.5499792098999023
98_osh,2023-01-24,10,1.549818754196167
98_osh,2023-01-24,15,1.5496883392333984
98_osh,2023-01-24,20,1.549578070640564
98_osh,2023-01-24,30,1.5506635904312134
98_osh,2023-01-24,40,1.3935041427612305
98_osh,2023-01-24,50,1.3877352476119995
98_osh,2023-01-25,5,1.5685533285140991
98_osh,2023-01-25,10,1.568251132965088
98_osh,2023-01-25,15,1.5679572820663452
98_osh,2023-01-25,20,1.5675455331802368
98_osh,2023-01-25,30,1.5671409368515017
98_osh,2023-01-25,40,1.4219001531600952
98_osh,2023-01-25,50,1.420149803161621
98_osh,2023-01-26,5,1.5925735235214231
98_osh,2023-01-26,10,1.59227192401886
98_osh,2023-01-26,15,1.5920037031173706
98_osh,2023-01-26,20,1.5917034149169922
98_osh,2023-01-26,30,1.5922935009002686
98_osh,2023-01-26,40,1.452659249305725
98_osh,2023-01-26,50,1.4517154693603516
98_osh,2023-01-27,5,1.6141078472137451
98_osh,2023-01-27,10,1.6141616106033323
98_osh,2023-01-27,15,1.6143368482589722
98_osh,2023-01-27,20,1.6147969961166382
98_osh,2023-01-27,30,1.6186217069625854
98_osh,2023-01-27,40,1.4826970100402832
98_osh,2023-01-27,50,1.4836941957473757
98_osh,2023-01-28,5,1.6434143781661987
98_osh,2023-01-28,10,1.643328070640564
98_osh,2023-01-28,15,1.6433357000350952
98_osh,2023-01-28,20,1.6435316801071167
98_osh,2023-01-28,30,1.6462570428848269
98_osh,2023-01-28,40,1.515959620475769
98_osh,2023-01-28,50,1.517389893531799
98_osh,2023-01-29,5,1.6675513982772827
98_osh,2023-01-29,10,1.6680848598480225
98_osh,2023-01-29,15,1.6686978340148926
98_osh,2023-01-29,20,1.669782280921936
98_osh,2023-01-29,30,1.676340937614441
98_osh,2023-01-29,40,1.553336501121521
98_osh,2023-01-29,50,1.5541892051696775
98_osh,2023-01-30,5,1.680449604988098
98_osh,2023-01-30,10,1.681028127670288
98_osh,2023-01-30,15,1.6817381381988523
98_osh,2023-01-30,20,1.683080792427063
98_osh,2023-01-30,30,1.6901636123657229
98_osh,2023-01-30,40,1.5726628303527832
98_osh,2023-01-30,50,1.5722086429595947
98_osh,2023-01-31,5,1.6886309385299685
98_osh,2023-01-31,10,1.68919575214386
98_osh,2023-01-31,15,1.6898194551467896
98_osh,2023-01-31,20,1.6908588409423828
98_osh,2023-01-31,30,1.6944739818572998
98_osh,2023-01-31,40,1.595354676246643
98_osh,2023-01-31,50,1.593553066253662
98_osh,2023-02-01,5,1.6574000120162964
98_osh,2023-02-01,10,1.6577917337417605
98_osh,2023-02-01,15,1.658169150352478
98_osh,2023-02-01,20,1.6585794687271118
98_osh,2023-02-01,30,1.6546752452850342
98_osh,2023-02-01,40,1.5726096630096436
98_osh,2023-02-01,50,1.572115182876587
98_osh,2023-02-02,5,1.6464359760284424
98_osh,2023-02-02,10,1.6464014053344729
98_osh,2023-02-02,15,1.6463695764541626
98_osh,2023-02-02,20,1.6463737487792969
98_osh,2023-02-02,30,1.6453280448913574
98_osh,2023-02-02,40,1.563454508781433
98_osh,2023-02-02,50,1.5622214078903198
98_osh,2023-02-03,5,1.664276957511902
98_osh,2023-02-03,10,1.6645689010620115
98_osh,2023-02-03,15,1.6649473905563354
98_osh,2023-02-03,20,1.665690302848816
98_osh,2023-02-03,30,1.6704555749893188
98_osh,2023-02-03,40,1.594678282737732
98_osh,2023-02-03,50,1.5964186191558838
98_osh,2023-02-04,5,1.6570801734924316
98_osh,2023-02-04,10,1.6578468084335327
98_osh,2023-02-04,15,1.6586933135986328
98_osh,2023-02-04,20,1.6601046323776243
98_osh,2023-02-04,30,1.6672881841659546
98_osh,2023-02-04,40,1.6022202968597412
98_osh,2023-02-04,50,1.605104684829712
98_osh,2023-02-05,5,1.6508150100708008
98_osh,2023-02-05,10,1.651905179023743
98_osh,2023-02-05,15,1.6530367136001587
98_osh,2023-02-05,20,1.654808521270752
98_osh,2023-02-05,30,1.6627944707870483
98_osh,2023-02-05,40,1.6127852201461792
98_osh,2023-02-05,50,1.6145575046539309
98_osh,2023-02-06,5,1.6467379331588743
98_osh,2023-02-06,10,1.648237228393555
98_osh,2023-02-06,15,1.6500587463378906
98_osh,2023-02-06,20,1.6531026363372805
98_osh,2023-02-06,30,1.6633920669555664
98_osh,2023-02-06,40,1.6294794082641602
98_osh,2023-02-06,50,1.6291322708129885
98_osh,2023-02-07,5,1.638744235038757
98_osh,2023-02-07,10,1.640358328819275
98_osh,2023-02-07,15,1.6423362493515017
98_osh,2023-02-07,20,1.6456811428070068
98_osh,2023-02-07,30,1.6579512357711792
98_osh,2023-02-07,40,1.6476786136627195
98_osh,2023-02-07,50,1.6467081308364868
98_osh,2023-02-08,5,1.629791498184204
98_osh,2023-02-08,10,1.6310527324676514
98_osh,2023-02-08,15,1.6326138973236084
98_osh,2023-02-08,20,1.6352872848510742
98_osh,2023-02-08,30,1.644744634628296
98_osh,2023-02-08,40,1.6548964977264404
98_osh,2023-02-08,50,1.6552212238311768
98_osh,2023-02-09,5,1.6257219314575195
98_osh,2023-02-09,10,1.6262729167938232
98_osh,2023-02-09,15,1.6269025802612305
98_osh,2023-02-09,20,1.6280725002288818
98_osh,2023-02-09,30,1.635094404220581
98_osh,2023-02-09,40,1.6701679229736328
98_osh,2023-02-09,50,1.670292615890503
98_osh,2023-02-10,5,1.5870134830474854
98_osh,2023-02-10,10,1.5885473489761353
98_osh,2023-02-10,15,1.590040922164917
98_osh,2023-02-10,20,1.5921497344970703
98_osh,2023-02-10,30,1.5982377529144287
98_osh,2023-02-10,40,1.650930881500244
98_osh,2023-02-10,50,1.6532278060913086
98_osh,2023-02-11,5,1.5357762575149536
98_osh,2023-02-11,10,1.5399224758148191
98_osh,2023-02-11,15,1.5432794094085691
98_osh,2023-02-11,20,1.546422004699707
98_osh,2023-02-11,30,1.543830394744873
98_osh,2023-02-11,40,1.588352918624878
98_osh,2023-02-11,50,1.5771989822387695
98_osh,2023-02-12,5,1.4970794916152954
98_osh,2023-02-12,10,1.500338435173035
98_osh,2023-02-12,15,1.5029830932617188
98_osh,2023-02-12,20,1.504955768585205
98_osh,2023-02-12,30,1.4948803186416626
98_osh,2023-02-12,40,1.5303171873092651
98_osh,2023-02-12,50,1.5166937112808228
98_osh,2023-02-13,5,1.4833959341049194
98_osh,2023-02-13,10,1.4839235544204712
98_osh,2023-02-13,15,1.4832329750061035
98_osh,2023-02-13,20,1.4783231019973757
98_osh,2023-02-13,30,1.4613077640533447
98_osh,2023-02-13,40,1.4764554500579834
98_osh,2023-02-13,50,1.4529613256454468
98_osh,2023-02-14,5,1.4723442792892456
98_osh,2023-02-14,10,1.4698154926300049
98_osh,2023-02-14,15,1.4663171768188477
98_osh,2023-02-14,20,1.45945405960083
98_osh,2023-02-14,30,1.444865584373474
98_osh,2023-02-14,40,1.468628168106079
98_osh,2023-02-14,50,1.4460264444351196
98_osh,2023-02-15,5,1.4569140672683716
98_osh,2023-02-15,10,1.4563548564910889
98_osh,2023-02-15,15,1.455765724182129
98_osh,2023-02-15,20,1.4547429084777832
98_osh,2023-02-15,30,1.4522072076797483
98_osh,2023-02-15,40,1.490671992301941
98_osh,2023-02-15,50,1.4794734716415403
98_osh,2023-02-16,5,1.443299651145935
98_osh,2023-02-16,10,1.4440549612045288
98_osh,2023-02-16,15,1.4447780847549438
98_osh,2023-02-16,20,1.4458732604980469
98_osh,2023-02-16,30,1.4492100477218628
98_osh,2023-02-16,40,1.5022680759429932
98_osh,2023-02-16,50,1.5016546249389648
98_osh,2023-02-17,5,1.437971830368042
98_osh,2023-02-17,10,1.439661979675293
98_osh,2023-02-17,15,1.4410837888717651
98_osh,2023-02-17,20,1.4419631958007812
98_osh,2023-02-17,30,1.4364986419677734
98_osh,2023-02-17,40,1.4899845123291016
98_osh,2023-02-17,50,1.4775660037994385
98_osh,2023-02-18,5,1.428772211074829
98_osh,2023-02-18,10,1.4316860437393188
98_osh,2023-02-18,15,1.4343639612197876
98_osh,2023-02-18,20,1.4367269277572632
98_osh,2023-02-18,30,1.4327179193496704
98_osh,2023-02-18,40,1.4907374382019043
98_osh,2023-02-18,50,1.474718451499939
98_osh,2023-02-19,5,1.4008431434631348
98_osh,2023-02-19,10,1.4021592140197754
98_osh,2023-02-19,15,1.4026895761489868
98_osh,2023-02-19,20,1.4005924463272097
98_osh,2023-02-19,30,1.386320948600769
98_osh,2023-02-19,40,1.4392513036727903
98_osh,2023-02-19,50,1.4190316200256348
98_osh,2023-02-20,5,1.380160927772522
98_osh,2023-02-20,10,1.3787533044815063
98_osh,2023-02-20,15,1.3772330284118652
98_osh,2023-02-20,20,1.375031590461731
98_osh,2023-02-20,30,1.36820387840271
98_osh,2023-02-20,40,1.4221922159194946
98_osh,2023-02-20,50,1.4075555801391602
98_osh,2023-02-21,5,1.404783010482788
98_osh,2023-02-21,10,1.4044855833053589
98_osh,2023-02-21,15,1.4041920900344849
98_osh,2023-02-21,20,1.403848648071289
98_osh,2023-02-21,30,1.4048978090286257
98_osh,2023-02-21,40,1.449443817138672
98_osh,2023-02-21,50,1.4335752725601196
98_osh,2023-02-22,5,1.3975449800491333
98_osh,2023-02-22,10,1.3980615139007568
98_osh,2023-02-22,15,1.398391604423523
98_osh,2023-02-22,20,1.3987128734588623
98_osh,2023-02-22,30,1.399785041809082
98_osh,2023-02-22,40,1.4539779424667358
98_osh,2023-02-22,50,1.4400349855422974
98_osh,2023-02-23,5,1.3673521280288696
98_osh,2023-02-23,10,1.369433045387268
98_osh,2023-02-23,15,1.3695183992385864
98_osh,2023-02-23,20,1.3648515939712524
98_osh,2023-02-23,30,1.351060152053833
98_osh,2023-02-23,40,1.4012255668640137
98_osh,2023-02-23,50,1.3837817907333374
98_osh,2023-02-24,5,1.3249701261520386
98_osh,2023-02-24,10,1.329437017440796
98_osh,2023-02-24,15,1.3316174745559692
98_osh,2023-02-24,20,1.321871280670166
98_osh,2023-02-24,30,1.2875386476516724
98_osh,2023-02-24,40,1.313210129737854
98_osh,2023-02-24,50,1.29341721534729
98_osh,2023-02-25,5,1.3031262159347534
98_osh,2023-02-25,10,1.302775263786316
98_osh,2023-02-25,15,1.3019126653671265
98_osh,2023-02-25,20,1.299734115600586
98_osh,2023-02-25,30,1.2911971807479858
98_osh,2023-02-25,40,1.3254871368408203
98_osh,2023-02-25,50,1.2987964153289795
98_osh,2023-02-26,5,1.314016342163086
98_osh,2023-02-26,10,1.313783884048462
98_osh,2023-02-26,15,1.3134136199951172
98_osh,2023-02-26,20,1.3128701448440552
98_osh,2023-02-26,30,1.3133447170257568
98_osh,2023-02-26,40,1.369727373123169
98_osh,2023-02-26,50,1.3642065525054932
98_osh,2023-02-27,5,1.321363091468811
98_osh,2023-02-27,10,1.3228766918182373
98_osh,2023-02-27,15,1.324202060699463
98_osh,2023-02-27,20,1.3258811235427856
98_osh,2023-02-27,30,1.3287758827209473
98_osh,2023-02-27,40,1.3918741941452026
98_osh,2023-02-27,50,1.383186936378479
98_osh,2023-02-28,5,1.286191463470459
98_osh,2023-02-28,10,1.289705753326416
98_osh,2023-02-28,15,1.293458342552185
98_osh,2023-02-28,20,1.299176812171936
98_osh,2023-02-28,30,1.308914065361023
98_osh,2023-02-28,40,1.390720009803772
98_osh,2023-02-28,50,1.38594651222229
98_osh,2023-03-01,5,1.2345449924468994
98_osh,2023-03-01,10,1.2392098903656006
98_osh,2023-03-01,15,1.2452646493911743
98_osh,2023-03-01,20,1.2548673152923584
98_osh,2023-03-01,30,1.2506736516952517
98_osh,2023-03-01,40,1.316679835319519
98_osh,2023-03-01,50,1.302303671836853
98_osh,2023-03-02,5,1.17803156375885
98_osh,2023-03-02,10,1.1818991899490356
98_osh,2023-03-02,15,1.1860826015472412
98_osh,2023-03-02,20,1.1925843954086304
98_osh,2023-03-02,30,1.2007598876953125
98_osh,2023-03-02,40,1.2606070041656494
98_osh,2023-03-02,50,1.2290881872177124
98_osh,2023-03-03,5,1.1392028331756592
98_osh,2023-03-03,10,1.1428369283676147
98_osh,2023-03-03,15,1.1470818519592283
98_osh,2023-03-03,20,1.1543025970458984
98_osh,2023-03-03,30,1.1744099855422974
98_osh,2023-03-03,40,1.2490947246551514
98_osh,2023-03-03,50,1.228927493095398
98_osh,2023-03-04,5,1.102216362953186
98_osh,2023-03-04,10,1.1063400506973269
98_osh,2023-03-04,15,1.1109883785247805
98_osh,2023-03-04,20,1.1191059350967407
98_osh,2023-03-04,30,1.141235113143921
98_osh,2023-03-04,40,1.238061547279358
98_osh,2023-03-04,50,1.228192687034607
98_osh,2023-03-05,5,1.060519814491272
98_osh,2023-03-05,10,1.0659886598587036
98_osh,2023-03-05,15,1.0723997354507446
98_osh,2023-03-05,20,1.083751201629639
98_osh,2023-03-05,30,1.1083767414093018
98_osh,2023-03-05,40,1.1891536712646484
98_osh,2023-03-05,50,1.1703212261199951
98_osh,2023-03-06,5,0.993041694164276
98_osh,2023-03-06,10,0.9997131824493408
98_osh,2023-03-06,15,1.0084576606750488
98_osh,2023-03-06,20,1.02564537525177
98_osh,2023-03-06,30,1.046208381652832
98_osh,2023-03-06,40,1.121503233909607
98_osh,2023-03-06,50,1.1006301641464231
98_osh,2023-03-07,5,0.9095523953437804
98_osh,2023-03-07,10,0.919783055782318
98_osh,2023-03-07,15,0.9341912865638732
98_osh,2023-03-07,20,0.9647338390350342
98_osh,2023-03-07,30,0.9636439681053162
98_osh,2023-03-07,40,1.0281680822372437
98_osh,2023-03-07,50,1.0086448192596436
98_osh,2023-03-08,5,0.8265078067779541
98_osh,2023-03-08,10,0.8426809310913086
98_osh,2023-03-08,15,0.8632933497428894
98_osh,2023-03-08,20,0.8998799324035645
98_osh,2023-03-08,30,0.8989683389663696
98_osh,2023-03-08,40,0.9423320293426514
98_osh,2023-03-08,50,0.9203557968139648
98_osh,2023-03-09,5,0.8506396412849426
98_osh,2023-03-09,10,0.8584391474723816
98_osh,2023-03-09,15,0.8684171438217163
98_osh,2023-03-09,20,0.884893536567688
98_osh,2023-03-09,30,0.8962873816490173
98_osh,2023-03-09,40,0.9504269361495972
98_osh,2023-03-09,50,0.931034505367279
98_osh,2023-03-10,5,0.9104620814323424
98_osh,2023-03-10,10,0.915222465991974
98_osh,2023-03-10,15,0.9209367036819458
98_osh,2023-03-10,20,0.9268526434898376
98_osh,2023-03-10,30,0.8963631987571716
98_osh,2023-03-10,40,0.9337266087532043
98_osh,2023-03-10,50,0.9032019972801208
98_osh,2023-03-11,5,0.9177313446998596
98_osh,2023-03-11,10,0.9232320189476012
98_osh,2023-03-11,15,0.9300122261047364
98_osh,2023-03-11,20,0.934220552444458
98_osh,2023-03-11,30,0.8626672625541687
98_osh,2023-03-11,40,0.8465319871902466
98_osh,2023-03-11,50,0.8187007904052734
98_osh,2023-03-12,5,0.9132465124130248
98_osh,2023-03-12,10,0.9128810167312622
98_osh,2023-03-12,15,0.9122541546821594
98_osh,2023-03-12,20,0.909534513950348
98_osh,2023-03-12,30,0.8902676701545715
98_osh,2023-03-12,40,0.8983606696128845
98_osh,2023-03-12,50,0.8695691823959351
98_osh,2023-03-13,5,0.9126945734024048
98_osh,2023-03-13,10,0.9129706621170044
98_osh,2023-03-13,15,0.9128144979476928
98_osh,2023-03-13,20,0.911206066608429
98_osh,2023-03-13,30,0.8937927484512329
98_osh,2023-03-13,40,0.9340890645980836
98_osh,2023-03-13,50,0.9122947454452516
98_osh,2023-03-14,5,0.9505877494812012
98_osh,2023-03-14,10,0.951917052268982
98_osh,2023-03-14,15,0.952821671962738
98_osh,2023-03-14,20,0.9515635371208192
98_osh,2023-03-14,30,0.9064956903457642
98_osh,2023-03-14,40,0.9140421748161316
98_osh,2023-03-14,50,0.8783923983573914
98_osh,2023-03-15,5,0.977667272090912
98_osh,2023-03-15,10,0.9767977595329284
98_osh,2023-03-15,15,0.9756845831871032
98_osh,2023-03-15,20,0.9717451333999634
98_osh,2023-03-15,30,0.931444525718689
98_osh,2023-03-15,40,0.9409294128417968
98_osh,2023-03-15,50,0.8905984163284302
98_osh,2023-03-16,5,0.9620278477668762
98_osh,2023-03-16,10,0.9624799489974976
98_osh,2023-03-16,15,0.9621475338935852
98_osh,2023-03-16,20,0.9587184190750122
98_osh,2023-03-16,30,0.932938277721405
98_osh,2023-03-16,40,0.9899293184280396
98_osh,2023-03-16,50,0.9494622945785522
98_osh,2023-03-17,5,0.9595894813537598
98_osh,2023-03-17,10,0.9610462188720704
98_osh,2023-03-17,15,0.9624423384666444
98_osh,2023-03-17,20,0.9640089869499208
98_osh,2023-03-17,30,0.9617624878883362
98_osh,2023-03-17,40,1.0596781969070437
98_osh,2023-03-17,50,1.016948938369751
98_osh,2023-03-18,5,0.947992980480194
98_osh,2023-03-18,10,0.9512805938720704
98_osh,2023-03-18,15,0.9550005793571472
98_osh,2023-03-18,20,0.9615384936332704
98_osh,2023-03-18,30,0.9558451771736144
98_osh,2023-03-18,40,1.0230048894882202
98_osh,2023-03-18,50,0.9796140789985656
98_osh,2023-03-19,5,0.8677466511726379
98_osh,2023-03-19,10,0.8726325631141663
98_osh,2023-03-19,15,0.8795264363288879
98_osh,2023-03-19,20,0.8935522437095642
98_osh,2023-03-19,30,0.8980144262313843
98_osh,2023-03-19,40,0.9396792650222778
98_osh,2023-03-19,50,0.8874351382255554
98_osh,2023-03-20,5,0.7661734819412231
98_osh,2023-03-20,10,0.7773386836051941
98_osh,2023-03-20,15,0.8013092875480652
98_osh,2023-03-20,20,0.837890088558197
98_osh,2023-03-20,30,0.8602263331413269
98_osh,2023-03-20,40,0.8583082556724548
98_osh,2023-03-20,50,0.8068839311599731
98_osh,2023-03-21,5,0.6760081052780151
98_osh,2023-03-21,10,0.6885015964508057
98_osh,2023-03-21,15,0.7450144290924072
98_osh,2023-03-21,20,0.8162274360656738
98_osh,2023-03-21,30,0.8546255826950073
98_osh,2023-03-21,40,0.7791675925254822
98_osh,2023-03-21,50,0.7365202903747559
98_osh,2023-03-22,5,0.6316430568695068
98_osh,2023-03-22,10,0.628250777721405
98_osh,2023-03-22,15,0.6904457807540894
98_osh,2023-03-22,20,0.7977649569511414
98_osh,2023-03-22,30,0.8703184723854065
98_osh,2023-03-22,40,0.7170266509056091
98_osh,2023-03-22,50,0.678604006767273
98_osh,2023-03-23,5,0.6056480407714844
98_osh,2023-03-23,10,0.5938906073570251
98_osh,2023-03-23,15,0.6548280715942383
98_osh,2023-03-23,20,0.7806407809257507
98_osh,2023-03-23,30,0.8698744773864746
98_osh,2023-03-23,40,0.6573546528816223
98_osh,2023-03-23,50,0.6214861869812012
98_osh,2023-03-24,5,0.5692241191864014
98_osh,2023-03-24,10,0.5773334503173828
98_osh,2023-03-24,15,0.6510318517684937
98_osh,2023-03-24,20,0.790783703327179
98_osh,2023-03-24,30,0.861251711845398
98_osh,2023-03-24,40,0.589270293712616
98_osh,2023-03-24,50,0.5570850968360901
98_osh,2023-03-25,5,0.5328648686408997
98_osh,2023-03-25,10,0.5465328097343445
98_osh,2023-03-25,15,0.6393160223960876
98_osh,2023-03-25,20,0.8126071691513062
98_osh,2023-03-25,30,0.8891215920448303
98_osh,2023-03-25,40,0.5509042143821716
98_osh,2023-03-25,50,0.5092636346817017
98_osh,2023-03-26,5,0.5198072791099548
98_osh,2023-03-26,10,0.5346887111663818
98_osh,2023-03-26,15,0.6015734076499939
98_osh,2023-03-26,20,0.7967429161071777
98_osh,2023-03-26,30,0.9025476574897766
98_osh,2023-03-26,40,0.5329775214195251
98_osh,2023-03-26,50,0.4604333043098449
98_osh,2023-03-27,5,0.4970220029354095
98_osh,2023-03-27,10,0.5100892186164856
98_osh,2023-03-27,15,0.5927932262420654
98_osh,2023-03-27,20,0.8077500462532043
98_osh,2023-03-27,30,0.9202045798301696
98_osh,2023-03-27,40,0.5056989789009094
98_osh,2023-03-27,50,0.4240345358848572
98_osh,2023-03-28,5,0.4565374553203583
98_osh,2023-03-28,10,0.4734716415405273
98_osh,2023-03-28,15,0.5696032047271729
98_osh,2023-03-28,20,0.8343508839607239
98_osh,2023-03-28,30,0.9960469007492064
98_osh,2023-03-28,40,0.4945681095123291
98_osh,2023-03-28,50,0.4018416106700897
98_osh,2023-03-29,5,0.4154523909091949
98_osh,2023-03-29,10,0.4377001225948334
98_osh,2023-03-29,15,0.5281944274902344
98_osh,2023-03-29,20,0.8237247467041016
98_osh,2023-03-29,30,1.0851346254348757
98_osh,2023-03-29,40,0.4968768954277038
98_osh,2023-03-29,50,0.385855108499527
98_osh,2023-03-30,5,0.3844105005264282
98_osh,2023-03-30,10,0.4075658619403839
98_osh,2023-03-30,15,0.4928817749023437
98_osh,2023-03-30,20,0.8020496964454651
98_osh,2023-03-30,30,1.1540875434875488
98_osh,2023-03-30,40,0.5042247176170349
98_osh,2023-03-30,50,0.3749779462814331
98_osh,2023-03-31,5,0.3584975898265838
98_osh,2023-03-31,10,0.3835379779338836
98_osh,2023-03-31,15,0.4755986034870147
98_osh,2023-03-31,20,0.8001993894577026
98_osh,2023-03-31,30,1.2108166217803955
98_osh,2023-03-31,40,0.5062735676765442
98_osh,2023-03-31,50,0.3664552867412567
98_osh,2023-04-01,5,0.3380649387836456
98_osh,2023-04-01,10,0.3643492758274078
98_osh,2023-04-01,15,0.4733835160732269
98_osh,2023-04-01,20,0.8029265999794006
98_osh,2023-04-01,30,1.2843918800354004
98_osh,2023-04-01,40,0.4871872067451477
98_osh,2023-04-01,50,0.3553054630756378
98_osh,2023-04-02,5,0.3177071213722229
98_osh,2023-04-02,10,0.3438717722892761
98_osh,2023-04-02,15,0.4590257406234741
98_osh,2023-04-02,20,0.7824873924255371
98_osh,2023-04-02,30,1.3627498149871826
98_osh,2023-04-02,40,0.4737928211688995
98_osh,2023-04-02,50,0.3453475832939148
98_osh,2023-04-03,5,0.2943118214607239
98_osh,2023-04-03,10,0.3212242424488067
98_osh,2023-04-03,15,0.4360595047473907
98_osh,2023-04-03,20,0.7523249387741089
98_osh,2023-04-03,30,1.429712176322937
98_osh,2023-04-03,40,0.4799101054668426
98_osh,2023-04-03,50,0.3397278785705566
98_osh,2023-04-04,5,0.2794264256954193
98_osh,2023-04-04,10,0.3102351129055023
98_osh,2023-04-04,15,0.4245218336582184
98_osh,2023-04-04,20,0.7756696343421936
98_osh,2023-04-04,30,1.45611310005188
98_osh,2023-04-04,40,0.4875328540802002
98_osh,2023-04-04,50,0.338106095790863
98_osh,2023-04-05,5,0.2684291899204254
98_osh,2023-04-05,10,0.2992222309112549
98_osh,2023-04-05,15,0.415910005569458
98_osh,2023-04-05,20,0.7933806777000427
98_osh,2023-04-05,30,1.4548782110214231
98_osh,2023-04-05,40,0.4970602095127105
98_osh,2023-04-05,50,0.3369058668613434
98_osh,2023-04-06,5,0.261330783367157
98_osh,2023-04-06,10,0.2850567102432251
98_osh,2023-04-06,15,0.3952831029891968
98_osh,2023-04-06,20,0.7607108950614929
98_osh,2023-04-06,30,1.3951971530914309
98_osh,2023-04-06,40,0.5048682689666748
98_osh,2023-04-06,50,0.3288813531398773
98_osh,2023-04-07,5,0.2653129696846008
98_osh,2023-04-07,10,0.2888491153717041
98_osh,2023-04-07,15,0.3943902254104614
98_osh,2023-04-07,20,0.7402149438858032
98_osh,2023-04-07,30,1.2987992763519287
98_osh,2023-04-07,40,0.4862078428268432
98_osh,2023-04-07,50,0.313792735338211
98_osh,2023-04-08,5,0.2753562331199646
98_osh,2023-04-08,10,0.3117245137691498
98_osh,2023-04-08,15,0.4382628798484802
98_osh,2023-04-08,20,0.7905613780021667
98_osh,2023-04-08,30,1.3182839155197144
98_osh,2023-04-08,40,0.4633625149726867
98_osh,2023-04-08,50,0.3021273016929626
98_osh,2023-04-09,5,0.2765087485313415
98_osh,2023-04-09,10,0.3284519612789154
98_osh,2023-04-09,15,0.4760997891426086
98_osh,2023-04-09,20,0.8429591059684753
98_osh,2023-04-09,30,1.4092938899993896
98_osh,2023-04-09,40,0.4450859725475311
98_osh,2023-04-09,50,0.2876317799091339
98_osh,2023-04-10,5,0.2741989493370056
98_osh,2023-04-10,10,0.3344225585460663
98_osh,2023-04-10,15,0.4958243072032928
98_osh,2023-04-10,20,0.8822669386863708
98_osh,2023-04-10,30,1.4934592247009275
98_osh,2023-04-10,40,0.4434635043144226
98_osh,2023-04-10,50,0.289459079504013
98_osh,2023-04-11,5,0.2828165590763092
98_osh,2023-04-11,10,0.3354696631431579
98_osh,2023-04-11,15,0.4990232288837433
98_osh,2023-04-11,20,0.9069480299949646
98_osh,2023-04-11,30,1.5361288785934448
98_osh,2023-04-11,40,0.4807292520999908
98_osh,2023-04-11,50,0.2963263094425201
98_osh,2023-04-12,5,0.3010354340076446
98_osh,2023-04-12,10,0.3563282191753387
98_osh,2023-04-12,15,0.5317603945732117
98_osh,2023-04-12,20,0.9532201886177064
98_osh,2023-04-12,30,1.546259880065918
98_osh,2023-04-12,40,0.5141758322715759
98_osh,2023-04-12,50,0.305516242980957
98_osh,2023-04-13,5,0.31825852394104
98_osh,2023-04-13,10,0.3787242770195007
98_osh,2023-04-13,15,0.577016294002533
98_osh,2023-04-13,20,1.0166640281677246
98_osh,2023-04-13,30,1.5946907997131348
98_osh,2023-04-13,40,0.5240973830223083
98_osh,2023-04-13,50,0.3168888092041015
98_osh,2023-04-14,5,0.3137767016887665
98_osh,2023-04-14,10,0.3707968890666961
98_osh,2023-04-14,15,0.5800501108169556
98_osh,2023-04-14,20,1.0273481607437134
98_osh,2023-04-14,30,1.6871180534362793
98_osh,2023-04-14,40,0.5307555198669434
98_osh,2023-04-14,50,0.3273303508758545
98_osh,2023-04-15,5,0.3010013699531555
98_osh,2023-04-15,10,0.3462731540203094
98_osh,2023-04-15,15,0.5350212454795837
98_osh,2023-04-15,20,0.9543054103851318
98_osh,2023-04-15,30,1.763462781906128
98_osh,2023-04-15,40,0.545299232006073
98_osh,2023-04-15,50,0.3315570950508117
98_osh,2023-04-16,5,0.3006066083908081
98_osh,2023-04-16,10,0.3520444333553314
98_osh,2023-04-16,15,0.5343037843704224
98_osh,2023-04-16,20,0.9561691880226136
98_osh,2023-04-16,30,1.7000067234039309
98_osh,2023-04-16,40,0.5074210166931152
98_osh,2023-04-16,50,0.3178208172321319
98_osh,2023-04-17,5,0.3158535063266754
98_osh,2023-04-17,10,0.3626863062381744
98_osh,2023-04-17,15,0.5958961844444275
98_osh,2023-04-17,20,1.0786142349243164
98_osh,2023-04-17,30,1.641802430152893
98_osh,2023-04-17,40,0.4376892745494842
98_osh,2023-04-17,50,0.3042749464511871
98_osh,2023-04-18,5,0.3105341792106628
98_osh,2023-04-18,10,0.3566778898239136
98_osh,2023-04-18,15,0.6014464497566223
98_osh,2023-04-18,20,1.1184543371200562
98_osh,2023-04-18,30,1.7289646863937378
98_osh,2023-04-18,40,0.436121255159378
98_osh,2023-04-18,50,0.3070133030414581
98_osh,2023-04-19,5,0.2971128225326538
98_osh,2023-04-19,10,0.343995451927185
98_osh,2023-04-19,15,0.5699150562286377
98_osh,2023-04-19,20,1.0937762260437012
98_osh,2023-04-19,30,1.8174546957015991
98_osh,2023-04-19,40,0.4658572077751159
98_osh,2023-04-19,50,0.3091568052768707
98_osh,2023-04-20,5,0.2996248006820678
98_osh,2023-04-20,10,0.3503698110580444
98_osh,2023-04-20,15,0.5586910843849182
98_osh,2023-04-20,20,1.0985002517700195
98_osh,2023-04-20,30,1.8259837627410889
98_osh,2023-04-20,40,0.483818918466568
98_osh,2023-04-20,50,0.3055745363235473
98_osh,2023-04-21,5,0.3272166550159454
98_osh,2023-04-21,10,0.3899904489517212
98_osh,2023-04-21,15,0.6350957751274109
98_osh,2023-04-21,20,1.2174161672592163
98_osh,2023-04-21,30,1.8160247802734373
98_osh,2023-04-21,40,0.4747088849544525
98_osh,2023-04-21,50,0.3049685359001159
98_osh,2023-04-22,5,0.3746976852416992
98_osh,2023-04-22,10,0.4307523369789123
98_osh,2023-04-22,15,0.7545631527900696
98_osh,2023-04-22,20,1.3594915866851809
98_osh,2023-04-22,30,1.8013995885849
98_osh,2023-04-22,40,0.437974750995636
98_osh,2023-04-22,50,0.3039306104183197
98_osh,2023-04-23,5,0.4307159185409546
98_osh,2023-04-23,10,0.4674923121929168
98_osh,2023-04-23,15,0.839592695236206
98_osh,2023-04-23,20,1.4531689882278442
98_osh,2023-04-23,30,1.7689080238342283
98_osh,2023-04-23,40,0.408343106508255
98_osh,2023-04-23,50,0.3030683994293213
98_osh,2023-04-24,5,0.4844059348106384
98_osh,2023-04-24,10,0.5189810395240784
98_osh,2023-04-24,15,0.883514940738678
98_osh,2023-04-24,20,1.5295339822769165
98_osh,2023-04-24,30,1.756434679031372
98_osh,2023-04-24,40,0.4024469256401062
98_osh,2023-04-24,50,0.306862324476242
98_osh,2023-04-25,5,0.492131233215332
98_osh,2023-04-25,10,0.5365592241287231
98_osh,2023-04-25,15,0.8205732703208923
98_osh,2023-04-25,20,1.4925717115402222
98_osh,2023-04-25,30,1.8392757177352903
98_osh,2023-04-25,40,0.426749587059021
98_osh,2023-04-25,50,0.3110688626766205
98_osh,2023-04-26,5,0.4684377908706665
98_osh,2023-04-26,10,0.5335191488265991
98_osh,2023-04-26,15,0.7723998427391052
98_osh,2023-04-26,20,1.414848566055298
98_osh,2023-04-26,30,1.8603549003601076
98_osh,2023-04-26,40,0.4467352330684662
98_osh,2023-04-26,50,0.305222749710083
98_osh,2023-04-27,5,0.4701026976108551
98_osh,2023-04-27,10,0.541297197341919
98_osh,2023-04-27,15,0.8102136254310608
98_osh,2023-04-27,20,1.4564032554626465
98_osh,2023-04-27,30,1.816075325012207
98_osh,2023-04-27,40,0.4460832774639129
98_osh,2023-04-27,50,0.3040687143802643
98_osh,2023-04-28,5,0.4628039598464966
98_osh,2023-04-28,10,0.5296486616134644
98_osh,2023-04-28,15,0.8077351450920105
98_osh,2023-04-28,20,1.461584448814392
98_osh,2023-04-28,30,1.85509729385376
98_osh,2023-04-28,40,0.4548149108886719
98_osh,2023-04-28,50,0.3087168931961059
98_osh,2023-04-29,5,0.4335978627204895
98_osh,2023-04-29,10,0.4914663732051849
98_osh,2023-04-29,15,0.7305254936218262
98_osh,2023-04-29,20,1.3441059589385986
98_osh,2023-04-29,30,1.933509111404419
98_osh,2023-04-29,40,0.4774929285049438
98_osh,2023-04-29,50,0.314179390668869
98_osh,2023-04-30,5,0.4173749387264251
98_osh,2023-04-30,10,0.4817431569099426
98_osh,2023-04-30,15,0.6832271814346313
98_osh,2023-04-30,20,1.2750020027160645
98_osh,2023-04-30,30,2.0095291137695312
98_osh,2023-04-30,40,0.5103225111961365
98_osh,2023-04-30,50,0.3239095509052276
98_osh,2023-05-01,5,0.4042408168315887
98_osh,2023-05-01,10,0.4782352149486542
98_osh,2023-05-01,15,0.6820062398910522
98_osh,2023-05-01,20,1.2816752195358276
98_osh,2023-05-01,30,2.0965418815612797
98_osh,2023-05-01,40,0.5324132442474365
98_osh,2023-05-01,50,0.3354565501213074
98_osh,2023-05-02,5,0.3814569413661957
98_osh,2023-05-02,10,0.4588584303855896
98_osh,2023-05-02,15,0.6709553003311157
98_osh,2023-05-02,20,1.272937297821045
98_osh,2023-05-02,30,2.2040514945983887
98_osh,2023-05-02,40,0.5327720046043396
98_osh,2023-05-02,50,0.3421591520309448
98_osh,2023-05-03,5,0.3673694133758545
98_osh,2023-05-03,10,0.4469130337238312
98_osh,2023-05-03,15,0.6656460762023926
98_osh,2023-05-03,20,1.2807520627975464
98_osh,2023-05-03,30,2.291289091110229
98_osh,2023-05-03,40,0.5285205841064453
98_osh,2023-05-03,50,0.3454526662826538
98_osh,2023-05-04,5,0.3582155704498291
98_osh,2023-05-04,10,0.4384471774101257
98_osh,2023-05-04,15,0.6636251211166382
98_osh,2023-05-04,20,1.2886312007904053
98_osh,2023-05-04,30,2.3688454627990723
98_osh,2023-05-04,40,0.5352478623390198
98_osh,2023-05-04,50,0.3515990078449249
98_osh,2023-05-05,5,0.3408553898334503
98_osh,2023-05-05,10,0.4188556373119354
98_osh,2023-05-05,15,0.6464495658874512
98_osh,2023-05-05,20,1.2583922147750854
98_osh,2023-05-05,30,2.4130258560180664
98_osh,2023-05-05,40,0.5370006561279297
98_osh,2023-05-05,50,0.3543574213981628
98_osh,2023-05-06,5,0.3168098926544189
98_osh,2023-05-06,10,0.3909562826156616
98_osh,2023-05-06,15,0.6158373951911926
98_osh,2023-05-06,20,1.2036110162734983
98_osh,2023-05-06,30,2.386749267578125
98_osh,2023-05-06,40,0.5179449915885925
98_osh,2023-05-06,50,0.3461226224899292
98_osh,2023-05-07,5,0.2981105744838714
98_osh,2023-05-07,10,0.3582605123519897
98_osh,2023-05-07,15,0.571333646774292
98_osh,2023-05-07,20,1.128118634223938
98_osh,2023-05-07,30,2.41771936416626
98_osh,2023-05-07,40,0.5076603889465332
98_osh,2023-05-07,50,0.3402499258518219
98_osh,2023-05-08,5,0.2885417938232422
98_osh,2023-05-08,10,0.3387958407402038
98_osh,2023-05-08,15,0.5392395853996277
98_osh,2023-05-08,20,1.074794888496399
98_osh,2023-05-08,30,2.5034358501434326
98_osh,2023-05-08,40,0.512322187423706
98_osh,2023-05-08,50,0.3421622812747955
98_osh,2023-05-09,5,0.2856371402740478
98_osh,2023-05-09,10,0.3374284505844116
98_osh,2023-05-09,15,0.5358015298843384
98_osh,2023-05-09,20,1.095873475074768
98_osh,2023-05-09,30,2.5547423362731934
98_osh,2023-05-09,40,0.5183785557746887
98_osh,2023-05-09,50,0.3468204736709595
98_osh,2023-05-10,5,0.2766217887401581
98_osh,2023-05-10,10,0.3348024487495422
98_osh,2023-05-10,15,0.5357673764228821
98_osh,2023-05-10,20,1.128898024559021
98_osh,2023-05-10,30,2.6548805236816406
98_osh,2023-05-10,40,0.5252161026000977
98_osh,2023-05-10,50,0.3527755439281463
98_osh,2023-05-11,5,0.2637187838554382
98_osh,2023-05-11,10,0.3313067555427551
98_osh,2023-05-11,15,0.5389489531517029
98_osh,2023-05-11,20,1.1677281856536863
98_osh,2023-05-11,30,2.7694332599639893
98_osh,2023-05-11,40,0.5149737000465393
98_osh,2023-05-11,50,0.3489427864551544
98_osh,2023-05-12,5,0.2545373439788818
98_osh,2023-05-12,10,0.3220793306827545
98_osh,2023-05-12,15,0.5341573357582092
98_osh,2023-05-12,20,1.1756815910339355
98_osh,2023-05-12,30,2.893158197402954
98_osh,2023-05-12,40,0.5133059620857239
98_osh,2023-05-12,50,0.3480635285377502
98_osh,2023-05-13,5,0.2487462311983108
98_osh,2023-05-13,10,0.2982691824436188
98_osh,2023-05-13,15,0.4983963966369629
98_osh,2023-05-13,20,1.0930726528167725
98_osh,2023-05-13,30,3.0971624851226807
98_osh,2023-05-13,40,0.5406880378723145
98_osh,2023-05-13,50,0.3589765429496765
98_osh,2023-05-14,5,0.2484497874975204
98_osh,2023-05-14,10,0.2707193493843078
98_osh,2023-05-14,15,0.4396679103374481
98_osh,2023-05-14,20,0.9592901468276978
98_osh,2023-05-14,30,3.3043222427368164
98_osh,2023-05-14,40,0.5954068899154663
98_osh,2023-05-14,50,0.375106930732727
98_osh,2023-05-15,5,0.2510969638824463
98_osh,2023-05-15,10,0.2514305114746094
98_osh,2023-05-15,15,0.3840014338493347
98_osh,2023-05-15,20,0.8301876783370972
98_osh,2023-05-15,30,3.342040777206421
98_osh,2023-05-15,40,0.6816656589508057
98_osh,2023-05-15,50,0.3938550651073456
98_osh,2023-05-16,5,0.2556160688400268
98_osh,2023-05-16,10,0.2406625002622604
98_osh,2023-05-16,15,0.3428115844726562
98_osh,2023-05-16,20,0.7299216389656067
98_osh,2023-05-16,30,3.3327460289001465
98_osh,2023-05-16,40,0.7995822429656982
98_osh,2023-05-16,50,0.4231854081153869
98_osh,2023-05-17,5,0.25283944606781
98_osh,2023-05-17,10,0.2314735054969787
98_osh,2023-05-17,15,0.3132987916469574
98_osh,2023-05-17,20,0.6558316349983215
98_osh,2023-05-17,30,3.3966689109802246
98_osh,2023-05-17,40,0.9261049628257751
98_osh,2023-05-17,50,0.4643073976039886
98_osh,2023-05-18,5,0.2394764125347137
98_osh,2023-05-18,10,0.2214424163103103
98_osh,2023-05-18,15,0.2973256111145019
98_osh,2023-05-18,20,0.618760347366333
98_osh,2023-05-18,30,3.4343228340148926
98_osh,2023-05-18,40,0.995558738708496
98_osh,2023-05-18,50,0.4940292239189148
98_osh,2023-05-19,5,0.2276725471019745
98_osh,2023-05-19,10,0.2106534540653228
98_osh,2023-05-19,15,0.2814313769340515
98_osh,2023-05-19,20,0.5843724608421326
98_osh,2023-05-19,30,3.358515977859497
98_osh,2023-05-19,40,1.0198094844818115
98_osh,2023-05-19,50,0.5078098773956299
98_osh,2023-05-20,5,0.2374992221593856
98_osh,2023-05-20,10,0.2032885700464248
98_osh,2023-05-20,15,0.2529886066913605
98_osh,2023-05-20,20,0.5118525624275208
98_osh,2023-05-20,30,3.127336978912353
98_osh,2023-05-20,40,1.1247437000274658
98_osh,2023-05-20,50,0.5430471301078796
98_osh,2023-05-21,5,0.2407992482185363
98_osh,2023-05-21,10,0.2008713781833648
98_osh,2023-05-21,15,0.2329674661159515
98_osh,2023-05-21,20,0.458227127790451
98_osh,2023-05-21,30,2.8473265171051025
98_osh,2023-05-21,40,1.2476475238800049
98_osh,2023-05-21,50,0.6040059328079224
98_osh,2023-05-22,5,0.2298909574747085
98_osh,2023-05-22,10,0.1950113326311111
98_osh,2023-05-22,15,0.2299766540527343
98_osh,2023-05-22,20,0.4578457176685333
98_osh,2023-05-22,30,2.792769193649292
98_osh,2023-05-22,40,1.2673051357269287
98_osh,2023-05-22,50,0.6290895342826843
98_osh,2023-05-23,5,0.2142122685909271
98_osh,2023-05-23,10,0.1867626756429672
98_osh,2023-05-23,15,0.2261068373918533
98_osh,2023-05-23,20,0.4624299705028534
98_osh,2023-05-23,30,2.8590283393859863
98_osh,2023-05-23,40,1.2572944164276123
98_osh,2023-05-23,50,0.6231191158294678
98_osh,2023-05-24,5,0.1991928517818451
98_osh,2023-05-24,10,0.1800962835550308
98_osh,2023-05-24,15,0.2257773429155349
98_osh,2023-05-24,20,0.4794848263263702
98_osh,2023-05-24,30,2.855595111846924
98_osh,2023-05-24,40,1.2531917095184326
98_osh,2023-05-24,50,0.6236783862113953
98_osh,2023-05-25,5,0.186457023024559
98_osh,2023-05-25,10,0.1758146584033966
98_osh,2023-05-25,15,0.2299662679433822
98_osh,2023-05-25,20,0.5028005838394165
98_osh,2023-05-25,30,2.804293394088745
98_osh,2023-05-25,40,1.3020672798156738
98_osh,2023-05-25,50,0.6552086472511292
98_osh,2023-05-26,5,0.17951600253582
98_osh,2023-05-26,10,0.1704927682876587
98_osh,2023-05-26,15,0.228415235877037
98_osh,2023-05-26,20,0.507577121257782
98_osh,2023-05-26,30,2.673832416534424
98_osh,2023-05-26,40,1.4129478931427002
98_osh,2023-05-26,50,0.7204422950744629
98_osh,2023-05-27,5,0.1762482076883316
98_osh,2023-05-27,10,0.166596919298172
98_osh,2023-05-27,15,0.2269602566957473
98_osh,2023-05-27,20,0.5097242593765259
98_osh,2023-05-27,30,2.565244436264038
98_osh,2023-05-27,40,1.5016740560531616
98_osh,2023-05-27,50,0.7950899600982666
98_osh,2023-05-28,5,0.1726305186748504
98_osh,2023-05-28,10,0.1637081801891327
98_osh,2023-05-28,15,0.2267276495695114
98_osh,2023-05-28,20,0.5116150379180908
98_osh,2023-05-28,30,2.4574148654937744
98_osh,2023-05-28,40,1.5198101997375488
98_osh,2023-05-28,50,0.842278242111206
98_osh,2023-05-29,5,0.1671973764896392
98_osh,2023-05-29,10,0.1642382442951202
98_osh,2023-05-29,15,0.2336013913154602
98_osh,2023-05-29,20,0.5293868780136108
98_osh,2023-05-29,30,2.4749202728271484
98_osh,2023-05-29,40,1.472278356552124
98_osh,2023-05-29,50,0.8385851979255676
98_osh,2023-05-30,5,0.1616407483816146
98_osh,2023-05-30,10,0.1665049493312835
98_osh,2023-05-30,15,0.2444517165422439
98_osh,2023-05-30,20,0.5565670132637024
98_osh,2023-05-30,30,2.596247434616089
98_osh,2023-05-30,40,1.4190510511398315
98_osh,2023-05-30,50,0.813969612121582
98_osh,2023-05-31,5,0.1595620959997177
98_osh,2023-05-31,10,0.1681956201791763
98_osh,2023-05-31,15,0.2535987496376037
98_osh,2023-05-31,20,0.5790039300918579
98_osh,2023-05-31,30,2.632924318313598
98_osh,2023-05-31,40,1.416189432144165
98_osh,2023-05-31,50,0.8183217644691467
98_osh,2023-06-01,5,0.1620991975069046
98_osh,2023-06-01,10,0.1683363914489746
98_osh,2023-06-01,15,0.2566213011741638
98_osh,2023-06-01,20,0.5836224555969238
98_osh,2023-06-01,30,2.543287754058838
98_osh,2023-06-01,40,1.5106945037841797
98_osh,2023-06-01,50,0.8760198354721069
98_osh,2023-06-02,5,0.1659493744373321
98_osh,2023-06-02,10,0.1670953631401062
98_osh,2023-06-02,15,0.2537963092327118
98_osh,2023-06-02,20,0.5735372304916382
98_osh,2023-06-02,30,2.389397621154785
98_osh,2023-06-02,40,1.580049753189087
98_osh,2023-06-02,50,0.9261512756347656
98_osh,2023-06-03,5,0.1636533290147781
98_osh,2023-06-03,10,0.1687290072441101
98_osh,2023-06-03,15,0.2571989297866821
98_osh,2023-06-03,20,0.5777257084846497
98_osh,2023-06-03,30,2.376609563827514
98_osh,2023-06-03,40,1.530133605003357
98_osh,2023-06-03,50,0.8972609043121338
98_osh,2023-06-04,5,0.1618219316005706
98_osh,2023-06-04,10,0.17456616461277
98_osh,2023-06-04,15,0.2695900201797485
98_osh,2023-06-04,20,0.5987658500671387
98_osh,2023-06-04,30,2.4641008377075195
98_osh,2023-06-04,40,1.4519163370132446
98_osh,2023-06-04,50,0.8495720624923706
98_osh,2023-06-05,5,0.1626180112361908
98_osh,2023-06-05,10,0.1805625408887863
98_osh,2023-06-05,15,0.2826142609119415
98_osh,2023-06-05,20,0.6197201013565063
98_osh,2023-06-05,30,2.5014758110046387
98_osh,2023-06-05,40,1.4151036739349363
98_osh,2023-06-05,50,0.8354402780532837
98_osh,2023-06-06,5,0.1661065220832824
98_osh,2023-06-06,10,0.1800587177276611
98_osh,2023-06-06,15,0.2820081114768982
98_osh,2023-06-06,20,0.6123729348182678
98_osh,2023-06-06,30,2.461937665939331
98_osh,2023-06-06,40,1.4211657047271729
98_osh,2023-06-06,50,0.8367560505867004
98_osh,2023-06-07,5,0.1694992929697036
98_osh,2023-06-07,10,0.175991341471672
98_osh,2023-06-07,15,0.2735347151756286
98_osh,2023-06-07,20,0.5897287130355835
98_osh,2023-06-07,30,2.383917808532715
98_osh,2023-06-07,40,1.4206889867782593
98_osh,2023-06-07,50,0.8300427794456482
98_osh,2023-06-08,5,0.1792215406894683
98_osh,2023-06-08,10,0.1701118052005767
98_osh,2023-06-08,15,0.2578840255737304
98_osh,2023-06-08,20,0.5547981858253479
98_osh,2023-06-08,30,2.324635505676269
98_osh,2023-06-08,40,1.4129130840301514
98_osh,2023-06-08,50,0.8141677379608154
98_osh,2023-06-09,5,0.2145250290632248
98_osh,2023-06-09,10,0.1764508932828903
98_osh,2023-06-09,15,0.2221643775701522
98_osh,2023-06-09,20,0.4615411758422851
98_osh,2023-06-09,30,2.05684494972229
98_osh,2023-06-09,40,1.5017014741897583
98_osh,2023-06-09,50,0.8524304032325745
98_osh,2023-06-10,5,0.2283093929290771
98_osh,2023-06-10,10,0.193557783961296
98_osh,2023-06-10,15,0.2069713473320007
98_osh,2023-06-10,20,0.3918943107128143
98_osh,2023-06-10,30,1.8101171255111692
98_osh,2023-06-10,40,1.5321002006530762
98_osh,2023-06-10,50,0.9051002264022828
98_osh,2023-06-11,5,0.230069950222969
98_osh,2023-06-11,10,0.1937612891197204
98_osh,2023-06-11,15,0.1964917629957199
98_osh,2023-06-11,20,0.3468115329742431
98_osh,2023-06-11,30,1.835649490356445
98_osh,2023-06-11,40,1.531755447387695
98_osh,2023-06-11,50,0.8868745565414429
98_osh,2023-06-12,5,0.2325750142335891
98_osh,2023-06-12,10,0.1926207542419433
98_osh,2023-06-12,15,0.1859751641750335
98_osh,2023-06-12,20,0.2992165684700012
98_osh,2023-06-12,30,1.847964644432068
98_osh,2023-06-12,40,1.5262609720230105
98_osh,2023-06-12,50,0.8490681648254395
98_osh,2023-06-13,5,0.2327915579080581
98_osh,2023-06-13,10,0.1894137114286422
98_osh,2023-06-13,15,0.1784833967685699
98_osh,2023-06-13,20,0.2682980298995971
98_osh,2023-06-13,30,1.820939540863037
98_osh,2023-06-13,40,1.464444279670715
98_osh,2023-06-13,50,0.7955593466758728
98_osh,2023-06-14,5,0.2273409366607666
98_osh,2023-06-14,10,0.1826194524765014
98_osh,2023-06-14,15,0.172220230102539
98_osh,2023-06-14,20,0.2540453374385834
98_osh,2023-06-14,30,1.9014543294906616
98_osh,2023-06-14,40,1.3928204774856567
98_osh,2023-06-14,50,0.740238606929779
98_osh,2023-06-15,5,0.2178033292293548
98_osh,2023-06-15,10,0.1739090681076049
98_osh,2023-06-15,15,0.1652364432811737
98_osh,2023-06-15,20,0.2460294961929321
98_osh,2023-06-15,30,2.077836751937866
98_osh,2023-06-15,40,1.3511760234832764
98_osh,2023-06-15,50,0.7037788033485413
98_osh,2023-06-16,5,0.2049733251333236
98_osh,2023-06-16,10,0.1637254059314727
98_osh,2023-06-16,15,0.1588987857103347
98_osh,2023-06-16,20,0.2510477304458618
98_osh,2023-06-16,30,2.2693941593170166
98_osh,2023-06-16,40,1.311275601387024
98_osh,2023-06-16,50,0.6763786673545837
98_osh,2023-06-17,5,0.1877284348011016
98_osh,2023-06-17,10,0.1527185887098312
98_osh,2023-06-17,15,0.1568764299154281
98_osh,2023-06-17,20,0.2936965823173523
98_osh,2023-06-17,30,2.226383209228516
98_osh,2023-06-17,40,1.2500430345535278
98_osh,2023-06-17,50,0.6521475315093994
98_osh,2023-06-18,5,0.1696046590805053
98_osh,2023-06-18,10,0.1447256952524185
98_osh,2023-06-18,15,0.1684147864580154
98_osh,2023-06-18,20,0.3852206170558929
98_osh,2023-06-18,30,2.204345703125
98_osh,2023-06-18,40,1.1318514347076416
98_osh,2023-06-18,50,0.6127654910087585
98_osh,2023-06-19,5,0.1546066403388977
98_osh,2023-06-19,10,0.1443790942430496
98_osh,2023-06-19,15,0.2034040093421936
98_osh,2023-06-19,20,0.5093266367912292
98_osh,2023-06-19,30,2.321521043777466
98_osh,2023-06-19,40,1.0137338638305664
98_osh,2023-06-19,50,0.5817188620567322
98_osh,2023-06-20,5,0.1450378000736236
98_osh,2023-06-20,10,0.1508658230304718
98_osh,2023-06-20,15,0.2427100837230682
98_osh,2023-06-20,20,0.6206506490707397
98_osh,2023-06-20,30,2.4695065021514893
98_osh,2023-06-20,40,0.969967007637024
98_osh,2023-06-20,50,0.5780189633369446
98_osh,2023-06-21,5,0.1441628783941269
98_osh,2023-06-21,10,0.1523548662662506
98_osh,2023-06-21,15,0.2553032338619232
98_osh,2023-06-21,20,0.661224901676178
98_osh,2023-06-21,30,2.643125534057617
98_osh,2023-06-21,40,0.997230052947998
98_osh,2023-06-21,50,0.5880809426307678
98_osh,2023-06-22,5,0.159921184182167
98_osh,2023-06-22,10,0.1464831084012985
98_osh,2023-06-22,15,0.2384902834892273
98_osh,2023-06-22,20,0.6206573247909546
98_osh,2023-06-22,30,2.6856017112731934
98_osh,2023-06-22,40,1.0686410665512085
98_osh,2023-06-22,50,0.5988221764564514
98_osh,2023-06-23,5,0.1792454719543457
98_osh,2023-06-23,10,0.145792618393898
98_osh,2023-06-23,15,0.2180005013942718
98_osh,2023-06-23,20,0.558203399181366
98_osh,2023-06-23,30,2.602484941482544
98_osh,2023-06-23,40,1.0981144905090332
98_osh,2023-06-23,50,0.5967702269554138
98_osh,2023-06-24,5,0.188414067029953
98_osh,2023-06-24,10,0.1471374481916427
98_osh,2023-06-24,15,0.2072201818227768
98_osh,2023-06-24,20,0.5191813111305237
98_osh,2023-06-24,30,2.6895124912261963
98_osh,2023-06-24,40,1.063260793685913
98_osh,2023-06-24,50,0.5803087949752808
98_osh,2023-06-25,5,0.1850166022777557
98_osh,2023-06-25,10,0.1455496698617935
98_osh,2023-06-25,15,0.2050120383501052
98_osh,2023-06-25,20,0.5056769251823425
98_osh,2023-06-25,30,2.8980648517608643
98_osh,2023-06-25,40,1.0002546310424805
98_osh,2023-06-25,50,0.5554319620132446
98_osh,2023-06-26,5,0.1815762668848037
98_osh,2023-06-26,10,0.14450503885746
98_osh,2023-06-26,15,0.2042021453380584
98_osh,2023-06-26,20,0.4978488683700561
98_osh,2023-06-26,30,3.036551713943481
98_osh,2023-06-26,40,0.9403485655784608
98_osh,2023-06-26,50,0.5289800763130188
98_osh,2023-06-27,5,0.1867660880088806
98_osh,2023-06-27,10,0.1446077823638916
98_osh,2023-06-27,15,0.1986653804779052
98_osh,2023-06-27,20,0.479850560426712
98_osh,2023-06-27,30,3.123671531677246
98_osh,2023-06-27,40,0.8966375589370728
98_osh,2023-06-27,50,0.507460355758667
98_osh,2023-06-28,5,0.1872915476560592
98_osh,2023-06-28,10,0.143989697098732
98_osh,2023-06-28,15,0.1971217840909958
98_osh,2023-06-28,20,0.4748076796531677
98_osh,2023-06-28,30,3.2126054763793945
98_osh,2023-06-28,40,0.843155026435852
98_osh,2023-06-28,50,0.4926410019397735
98_osh,2023-06-29,5,0.1795197427272796
98_osh,2023-06-29,10,0.1423203349113464
98_osh,2023-06-29,15,0.2017547786235809
98_osh,2023-06-29,20,0.4985749721527099
98_osh,2023-06-29,30,3.3061070442199707
98_osh,2023-06-29,40,0.7802761197090149
98_osh,2023-06-29,50,0.4776342511177063
98_osh,2023-06-30,5,0.1778006106615066
98_osh,2023-06-30,10,0.1426528841257095
98_osh,2023-06-30,15,0.2042465060949325
98_osh,2023-06-30,20,0.5200505256652832
98_osh,2023-06-30,30,3.320051908493042
98_osh,2023-06-30,40,0.7316756248474121
98_osh,2023-06-30,50,0.4634111225605011
98_osh,2023-07-01,5,0.174974262714386
98_osh,2023-07-01,10,0.1475792825222015
98_osh,2023-07-01,15,0.2185726314783096
98_osh,2023-07-01,20,0.5933094620704651
98_osh,2023-07-01,30,3.3653218746185303
98_osh,2023-07-01,40,0.6846218705177307
98_osh,2023-07-01,50,0.4573906064033508
98_osh,2023-07-02,5,0.1653258204460144
98_osh,2023-07-02,10,0.1525363028049469
98_osh,2023-07-02,15,0.2406681478023529
98_osh,2023-07-02,20,0.6961365342140198
98_osh,2023-07-02,30,3.4702494144439697
98_osh,2023-07-02,40,0.6562459468841553
98_osh,2023-07-02,50,0.4543494880199432
98_osh,2023-07-03,5,0.1606894433498382
98_osh,2023-07-03,10,0.1534799039363861
98_osh,2023-07-03,15,0.2510307133197784
98_osh,2023-07-03,20,0.7220715284347534
98_osh,2023-07-03,30,3.616031885147095
98_osh,2023-07-03,40,0.6607595682144165
98_osh,2023-07-03,50,0.4543858468532562
98_osh,2023-07-04,5,0.1601558327674865
98_osh,2023-07-04,10,0.1522665321826934
98_osh,2023-07-04,15,0.2496305257081985
98_osh,2023-07-04,20,0.6984519958496094
98_osh,2023-07-04,30,3.806751489639282
98_osh,2023-07-04,40,0.6889845728874207
98_osh,2023-07-04,50,0.4609589278697967
98_osh,2023-07-05,5,0.1792877465486526
98_osh,2023-07-05,10,0.1485732048749923
98_osh,2023-07-05,15,0.2260719835758209
98_osh,2023-07-05,20,0.6020998358726501
98_osh,2023-07-05,30,3.8141839504241934
98_osh,2023-07-05,40,0.7661118507385254
98_osh,2023-07-05,50,0.4712590873241424
98_osh,2023-07-06,5,0.201608195900917
98_osh,2023-07-06,10,0.1529733389616012
98_osh,2023-07-06,15,0.2133067697286605
98_osh,2023-07-06,20,0.5388398766517639
98_osh,2023-07-06,30,3.789307832717896
98_osh,2023-07-06,40,0.8633346557617188
98_osh,2023-07-06,50,0.4839833378791809
98_osh,2023-07-07,5,0.2070156186819076
98_osh,2023-07-07,10,0.1552038043737411
98_osh,2023-07-07,15,0.2119888812303543
98_osh,2023-07-07,20,0.5299639105796814
98_osh,2023-07-07,30,3.84768009185791
98_osh,2023-07-07,40,0.8677608370780945
98_osh,2023-07-07,50,0.4861381351947784
98_osh,2023-07-08,5,0.2018541544675827
98_osh,2023-07-08,10,0.1524577438831329
98_osh,2023-07-08,15,0.2075137495994568
98_osh,2023-07-08,20,0.5291626453399658
98_osh,2023-07-08,30,3.978646755218506
98_osh,2023-07-08,40,0.8388856649398804
98_osh,2023-07-08,50,0.4802625477313995
98_osh,2023-07-09,5,0.1927448511123657
98_osh,2023-07-09,10,0.1501601487398147
98_osh,2023-07-09,15,0.2059333473443985
98_osh,2023-07-09,20,0.5336049795150757
98_osh,2023-07-09,30,4.042035102844238
98_osh,2023-07-09,40,0.8423181772232056
98_osh,2023-07-09,50,0.4786150455474853
98_osh,2023-07-10,5,0.1865445673465728
98_osh,2023-07-10,10,0.1483199447393417
98_osh,2023-07-10,15,0.2048029750585556
98_osh,2023-07-10,20,0.5315012335777283
98_osh,2023-07-10,30,3.996957063674927
98_osh,2023-07-10,40,0.8592290878295898
98_osh,2023-07-10,50,0.4777631461620331
98_osh,2023-07-11,5,0.1835987269878387
98_osh,2023-07-11,10,0.1471150517463684
98_osh,2023-07-11,15,0.2043231576681137
98_osh,2023-07-11,20,0.5282045006752014
98_osh,2023-07-11,30,3.90521502494812
98_osh,2023-07-11,40,0.8777338266372681
98_osh,2023-07-11,50,0.4765818119049072
98_osh,2023-07-12,5,0.1854921579360962
98_osh,2023-07-12,10,0.1475795954465866
98_osh,2023-07-12,15,0.207202672958374
98_osh,2023-07-12,20,0.5353406667709351
98_osh,2023-07-12,30,3.79924201965332
98_osh,2023-07-12,40,0.8892245292663574
98_osh,2023-07-12,50,0.4768000543117523
98_osh,2023-07-13,5,0.1811307072639465
98_osh,2023-07-13,10,0.1524042785167694
98_osh,2023-07-13,15,0.2244029343128204
98_osh,2023-07-13,20,0.5931866765022278
98_osh,2023-07-13,30,3.769694566726685
98_osh,2023-07-13,40,0.8644762635231018
98_osh,2023-07-13,50,0.4759204089641571
98_osh,2023-07-14,5,0.1806667149066925
98_osh,2023-07-14,10,0.1568709015846252
98_osh,2023-07-14,15,0.2401139289140701
98_osh,2023-07-14,20,0.6525505185127258
98_osh,2023-07-14,30,3.722936630249024
98_osh,2023-07-14,40,0.8452603220939636
98_osh,2023-07-14,50,0.475674957036972
98_osh,2023-07-15,5,0.1974583268165588
98_osh,2023-07-15,10,0.1540946662425995
98_osh,2023-07-15,15,0.2224741280078888
98_osh,2023-07-15,20,0.5889476537704468
98_osh,2023-07-15,30,3.464257001876831
98_osh,2023-07-15,40,0.917426347732544
98_osh,2023-07-15,50,0.4864964485168457
98_osh,2023-07-16,5,0.2162816226482391
98_osh,2023-07-16,10,0.1557754427194595
98_osh,2023-07-16,15,0.2074877917766571
98_osh,2023-07-16,20,0.5319655537605286
98_osh,2023-07-16,30,3.3672192096710205
98_osh,2023-07-16,40,0.9947034120559692
98_osh,2023-07-16,50,0.5031397342681885
98_osh,2023-07-17,5,0.2083074450492859
98_osh,2023-07-17,10,0.1540562808513641
98_osh,2023-07-17,15,0.2071913778781891
98_osh,2023-07-17,20,0.534775972366333
98_osh,2023-07-17,30,3.516935348510742
98_osh,2023-07-17,40,0.9842533469200134
98_osh,2023-07-17,50,0.5047395825386047
98_osh,2023-07-18,5,0.1932878792285919
98_osh,2023-07-18,10,0.1523914486169815
98_osh,2023-07-18,15,0.2116033881902694
98_osh,2023-07-18,20,0.5519481897354126
98_osh,2023-07-18,30,3.615014314651489
98_osh,2023-07-18,40,0.9669321179389954
98_osh,2023-07-18,50,0.5035019516944885
98_osh,2023-07-19,5,0.1891300529241562
98_osh,2023-07-19,10,0.1510234922170639
98_osh,2023-07-19,15,0.2070325464010238
98_osh,2023-07-19,20,0.5256198048591614
98_osh,2023-07-19,30,3.659271240234375
98_osh,2023-07-19,40,1.02174174785614
98_osh,2023-07-19,50,0.5172771215438843
98_osh,2023-07-20,5,0.1946683377027511
98_osh,2023-07-20,10,0.1493847519159317
98_osh,2023-07-20,15,0.1941814869642257
98_osh,2023-07-20,20,0.4732817411422729
98_osh,2023-07-20,30,3.610413074493408
98_osh,2023-07-20,40,1.1196209192276
98_osh,2023-07-20,50,0.5384063720703125
98_osh,2023-07-21,5,0.198166623711586
98_osh,2023-07-21,10,0.149300143122673
98_osh,2023-07-21,15,0.1815054714679718
98_osh,2023-07-21,20,0.4281217753887176
98_osh,2023-07-21,30,3.5927484035491943
98_osh,2023-07-21,40,1.15648090839386
98_osh,2023-07-21,50,0.5429100394248962
98_osh,2023-07-22,5,0.2012649327516555
98_osh,2023-07-22,10,0.1515135020017624
98_osh,2023-07-22,15,0.1702253669500351
98_osh,2023-07-22,20,0.3885843157768249
98_osh,2023-07-22,30,3.511502265930176
98_osh,2023-07-22,40,1.1282814741134644
98_osh,2023-07-22,50,0.5269899368286133
98_osh,2023-07-23,5,0.1902956366539001
98_osh,2023-07-23,10,0.1540093123912811
98_osh,2023-07-23,15,0.1626383960247039
98_osh,2023-07-23,20,0.3643024265766144
98_osh,2023-07-23,30,3.4302866458892822
98_osh,2023-07-23,40,1.0665003061294556
98_osh,2023-07-23,50,0.5049169659614563
98_osh,2023-07-24,5,0.1809068173170089
98_osh,2023-07-24,10,0.1533710360527038
98_osh,2023-07-24,15,0.1593994796276092
98_osh,2023-07-24,20,0.3605293929576874
98_osh,2023-07-24,30,3.4282147884368896
98_osh,2023-07-24,40,0.9786520600318908
98_osh,2023-07-24,50,0.4829955995082855
98_osh,2023-07-25,5,0.1793773770332336
98_osh,2023-07-25,10,0.1488407254219055
98_osh,2023-07-25,15,0.161558449268341
98_osh,2023-07-25,20,0.3885661959648132
98_osh,2023-07-25,30,3.519634485244751
98_osh,2023-07-25,40,0.8726750016212463
98_osh,2023-07-25,50,0.4627991914749145
98_osh,2023-07-26,5,0.1846538633108139
98_osh,2023-07-26,10,0.1436659842729568
98_osh,2023-07-26,15,0.1679726988077163
98_osh,2023-07-26,20,0.4731138050556183
98_osh,2023-07-26,30,3.6488146781921382
98_osh,2023-07-26,40,0.7716569900512695
98_osh,2023-07-26,50,0.445582240819931
98_osh,2023-07-27,5,0.1828344166278839
98_osh,2023-07-27,10,0.1405133754014969
98_osh,2023-07-27,15,0.1814833283424377
98_osh,2023-07-27,20,0.6288098096847534
98_osh,2023-07-27,30,3.6903951168060303
98_osh,2023-07-27,40,0.6796854734420776
98_osh,2023-07-27,50,0.4275182485580444
98_osh,2023-07-28,5,0.1767774075269699
98_osh,2023-07-28,10,0.1402385532855987
98_osh,2023-07-28,15,0.2080711871385574
98_osh,2023-07-28,20,0.8270488381385803
98_osh,2023-07-28,30,3.646652936935425
98_osh,2023-07-28,40,0.606471598148346
98_osh,2023-07-28,50,0.4112403392791748
98_osh,2023-07-29,5,0.1769002079963684
98_osh,2023-07-29,10,0.1437591314315796
98_osh,2023-07-29,15,0.2485100775957107
98_osh,2023-07-29,20,1.023806929588318
98_osh,2023-07-29,30,3.5146420001983643
98_osh,2023-07-29,40,0.5526505708694458
98_osh,2023-07-29,50,0.3972358703613281
98_osh,2023-07-30,5,0.1793968379497528
98_osh,2023-07-30,10,0.1529002636671066
98_osh,2023-07-30,15,0.301368772983551
98_osh,2023-07-30,20,1.2294925451278689
98_osh,2023-07-30,30,3.197385787963867
98_osh,2023-07-30,40,0.5007901787757874
98_osh,2023-07-30,50,0.3766148686408996
98_osh,2023-07-31,5,0.180258959531784
98_osh,2023-07-31,10,0.1660794168710708
98_osh,2023-07-31,15,0.369444340467453
98_osh,2023-07-31,20,1.4835952520370483
98_osh,2023-07-31,30,2.77158784866333
98_osh,2023-07-31,40,0.4487935304641723
98_osh,2023-07-31,50,0.3567569851875305
98_osh,2023-08-01,5,0.1812786012887954
98_osh,2023-08-01,10,0.1780595481395721
98_osh,2023-08-01,15,0.4281559586524963
98_osh,2023-08-01,20,1.6865707635879517
98_osh,2023-08-01,30,2.543786764144897
98_osh,2023-08-01,40,0.4184391796588897
98_osh,2023-08-01,50,0.3448220193386078
98_osh,2023-08-02,5,0.1841095685958862
98_osh,2023-08-02,10,0.1860364377498626
98_osh,2023-08-02,15,0.4519850611686706
98_osh,2023-08-02,20,1.7562947273254397
98_osh,2023-08-02,30,2.4786667823791504
98_osh,2023-08-02,40,0.4035623669624328
98_osh,2023-08-02,50,0.3380076289176941
98_osh,2023-08-03,5,0.1901587545871734
98_osh,2023-08-03,10,0.1912039518356323
98_osh,2023-08-03,15,0.4551886618137359
98_osh,2023-08-03,20,1.7618709802627563
98_osh,2023-08-03,30,2.4161336421966557
98_osh,2023-08-03,40,0.3899349272251129
98_osh,2023-08-03,50,0.3328929543495178
98_osh,2023-08-04,5,0.193995252251625
98_osh,2023-08-04,10,0.1947228163480758
98_osh,2023-08-04,15,0.4623965322971344
98_osh,2023-08-04,20,1.8454080820083616
98_osh,2023-08-04,30,2.321767091751098
98_osh,2023-08-04,40,0.3757494688034057
98_osh,2023-08-04,50,0.3281231820583343
98_osh,2023-08-05,5,0.1896915435791015
98_osh,2023-08-05,10,0.1973332613706588
98_osh,2023-08-05,15,0.4859346151351928
98_osh,2023-08-05,20,2.015676498413086
98_osh,2023-08-05,30,2.200965642929077
98_osh,2023-08-05,40,0.3623466193675995
98_osh,2023-08-05,50,0.3228523135185241
98_osh,2023-08-06,5,0.1876324266195297
98_osh,2023-08-06,10,0.1978258639574051
98_osh,2023-08-06,15,0.4971221685409546
98_osh,2023-08-06,20,2.032767534255981
98_osh,2023-08-06,30,2.083604335784912
98_osh,2023-08-06,40,0.3504080772399902
98_osh,2023-08-06,50,0.3157990276813507
98_osh,2023-08-07,5,0.2072789072990417
98_osh,2023-08-07,10,0.1902431696653366
98_osh,2023-08-07,15,0.4308818876743316
98_osh,2023-08-07,20,1.7216954231262207
98_osh,2023-08-07,30,2.216472625732422
98_osh,2023-08-07,40,0.3450860679149627
98_osh,2023-08-07,50,0.3084550201892853
98_osh,2023-08-08,5,0.2394700795412063
98_osh,2023-08-08,10,0.1879221498966217
98_osh,2023-08-08,15,0.3453529477119446
98_osh,2023-08-08,20,1.3336312770843506
98_osh,2023-08-08,30,2.5263829231262207
98_osh,2023-08-08,40,0.3443666696548462
98_osh,2023-08-08,50,0.3032273054122925
98_osh,2023-08-09,5,0.2500019669532776
98_osh,2023-08-09,10,0.1916414499282837
98_osh,2023-08-09,15,0.311221718788147
98_osh,2023-08-09,20,1.1658000946044922
98_osh,2023-08-09,30,2.7076416015625
98_osh,2023-08-09,40,0.3468027710914612
98_osh,2023-08-09,50,0.3025637865066528
98_osh,2023-08-10,5,0.2313101887702942
98_osh,2023-08-10,10,0.1895345151424408
98_osh,2023-08-10,15,0.289715439081192
98_osh,2023-08-10,20,1.043291449546814
98_osh,2023-08-10,30,3.0557703971862797
98_osh,2023-08-10,40,0.3609829246997833
98_osh,2023-08-10,50,0.3065312802791595
98_osh,2023-08-11,5,0.2110066711902618
98_osh,2023-08-11,10,0.1826689839363098
98_osh,2023-08-11,15,0.263793408870697
98_osh,2023-08-11,20,0.8919762969017029
98_osh,2023-08-11,30,3.649005174636841
98_osh,2023-08-11,40,0.3850118219852447
98_osh,2023-08-11,50,0.3117715716361999
98_osh,2023-08-12,5,0.1903660297393798
98_osh,2023-08-12,10,0.1723402738571167
98_osh,2023-08-12,15,0.2465218007564544
98_osh,2023-08-12,20,0.7999849915504456
98_osh,2023-08-12,30,4.148888111114502
98_osh,2023-08-12,40,0.4059698283672333
98_osh,2023-08-12,50,0.3155820667743683
98_osh,2023-08-13,5,0.1760813742876052
98_osh,2023-08-13,10,0.1634077429771423
98_osh,2023-08-13,15,0.2276288419961929
98_osh,2023-08-13,20,0.7072105407714844
98_osh,2023-08-13,30,4.314696788787842
98_osh,2023-08-13,40,0.4151076674461365
98_osh,2023-08-13,50,0.3170811235904693
98_osh,2023-08-14,5,0.1804304867982864
98_osh,2023-08-14,10,0.1683628410100937
98_osh,2023-08-14,15,0.1979756355285644
98_osh,2023-08-14,20,0.5533417463302612
98_osh,2023-08-14,30,4.197670936584473
98_osh,2023-08-14,40,0.4523898959159851
98_osh,2023-08-14,50,0.3215353786945343
98_osh,2023-08-15,5,0.2019248753786087
98_osh,2023-08-15,10,0.2017052769660949
98_osh,2023-08-15,15,0.1825219243764877
98_osh,2023-08-15,20,0.3713119626045227
98_osh,2023-08-15,30,3.923453569412232
98_osh,2023-08-15,40,0.6365199685096741
98_osh,2023-08-15,50,0.3417536616325378
98_osh,2023-08-16,5,0.2121319323778152
98_osh,2023-08-16,10,0.2153994590044021
98_osh,2023-08-16,15,0.2039657235145568
98_osh,2023-08-16,20,0.2720010876655578
98_osh,2023-08-16,30,3.347425699234009
98_osh,2023-08-16,40,1.038113355636597
98_osh,2023-08-16,50,0.3928643763065338
98_osh,2023-08-17,5,0.2013202309608459
98_osh,2023-08-17,10,0.2072872817516327
98_osh,2023-08-17,15,0.2061968892812729
98_osh,2023-08-17,20,0.2511056065559387
98_osh,2023-08-17,30,2.875258445739746
98_osh,2023-08-17,40,1.4291263818740845
98_osh,2023-08-17,50,0.467164397239685
98_osh,2023-08-18,5,0.1761402189731598
98_osh,2023-08-18,10,0.1811494827270507
98_osh,2023-08-18,15,0.1837144792079925
98_osh,2023-08-18,20,0.2269047945737838
98_osh,2023-08-18,30,2.8500869274139404
98_osh,2023-08-18,40,1.4775391817092896
98_osh,2023-08-18,50,0.5096108317375183
98_osh,2023-08-19,5,0.1551388204097747
98_osh,2023-08-19,10,0.1551676839590072
98_osh,2023-08-19,15,0.1629725396633148
98_osh,2023-08-19,20,0.200035274028778
98_osh,2023-08-19,30,2.964885711669922
98_osh,2023-08-19,40,1.3653192520141602
98_osh,2023-08-19,50,0.5370885729789734
98_osh,2023-08-20,5,0.1373359560966491
98_osh,2023-08-20,10,0.1358535885810852
98_osh,2023-08-20,15,0.1466518938541412
98_osh,2023-08-20,20,0.1849058270454406
98_osh,2023-08-20,30,3.109302282333374
98_osh,2023-08-20,40,1.3179115056991575
98_osh,2023-08-20,50,0.5526137948036194
98_osh,2023-08-21,5,0.1230014413595199
98_osh,2023-08-21,10,0.1210977360606193
98_osh,2023-08-21,15,0.1323376297950744
98_osh,2023-08-21,20,0.1787545830011367
98_osh,2023-08-21,30,3.16677188873291
98_osh,2023-08-21,40,1.25812029838562
98_osh,2023-08-21,50,0.5637266635894775
98_osh,2023-08-22,5,0.1158796623349189
98_osh,2023-08-22,10,0.1099589169025421
98_osh,2023-08-22,15,0.1215459555387497
98_osh,2023-08-22,20,0.1800746619701385
98_osh,2023-08-22,30,3.1186940670013428
98_osh,2023-08-22,40,1.246660232543945
98_osh,2023-08-22,50,0.5758703947067261
98_osh,2023-08-23,5,0.1124329790472984
98_osh,2023-08-23,10,0.1018349155783653
98_osh,2023-08-23,15,0.1138045713305473
98_osh,2023-08-23,20,0.1854450851678848
98_osh,2023-08-23,30,3.0796730518341064
98_osh,2023-08-23,40,1.257448673248291
98_osh,2023-08-23,50,0.6025597453117371
98_osh,2023-08-24,5,0.1090731918811798
98_osh,2023-08-24,10,0.0956897214055061
98_osh,2023-08-24,15,0.1081219986081123
98_osh,2023-08-24,20,0.1938640177249908
98_osh,2023-08-24,30,3.1004743576049805
98_osh,2023-08-24,40,1.2476842403411863
98_osh,2023-08-24,50,0.6251621842384338
98_osh,2023-08-25,5,0.1076458990573883
98_osh,2023-08-25,10,0.0911199897527694
98_osh,2023-08-25,15,0.1042027398943901
98_osh,2023-08-25,20,0.2025358825922012
98_osh,2023-08-25,30,3.166022777557373
98_osh,2023-08-25,40,1.2386058568954468
98_osh,2023-08-25,50,0.626221776008606
98_osh,2023-08-26,5,0.1073143705725669
98_osh,2023-08-26,10,0.0876188799738884
98_osh,2023-08-26,15,0.1012346968054771
98_osh,2023-08-26,20,0.2131057679653167
98_osh,2023-08-26,30,3.261352300643921
98_osh,2023-08-26,40,1.2217779159545898
98_osh,2023-08-26,50,0.6223240494728088
98_osh,2023-08-27,5,0.1072411760687828
98_osh,2023-08-27,10,0.0853573009371757
98_osh,2023-08-27,15,0.1000483706593513
98_osh,2023-08-27,20,0.2336442023515701
98_osh,2023-08-27,30,3.391451597213745
98_osh,2023-08-27,40,1.1690057516098022
98_osh,2023-08-27,50,0.6146253943443298
98_osh,2023-08-28,5,0.105668231844902
98_osh,2023-08-28,10,0.0849530473351478
98_osh,2023-08-28,15,0.1017744243144989
98_osh,2023-08-28,20,0.268396258354187
98_osh,2023-08-28,30,3.55118179321289
98_osh,2023-08-28,40,1.117423176765442
98_osh,2023-08-28,50,0.610325038433075
98_osh,2023-08-29,5,0.111255332827568
98_osh,2023-08-29,10,0.089065283536911
98_osh,2023-08-29,15,0.0987076088786125
98_osh,2023-08-29,20,0.2478232830762863
98_osh,2023-08-29,30,3.430294990539551
98_osh,2023-08-29,40,1.3672804832458496
98_osh,2023-08-29,50,0.615989625453949
98_osh,2023-08-30,5,0.1083524003624916
98_osh,2023-08-30,10,0.1176131889224052
98_osh,2023-08-30,15,0.0966890305280685
98_osh,2023-08-30,20,0.1810446679592132
98_osh,2023-08-30,30,2.8167076110839844
98_osh,2023-08-30,40,1.913767695426941
98_osh,2023-08-30,50,0.7113108038902283
98_osh,2023-08-31,5,0.1063584610819816
98_osh,2023-08-31,10,0.1303022503852844
98_osh,2023-08-31,15,0.1130107566714286
98_osh,2023-08-31,20,0.1437468230724334
98_osh,2023-08-31,30,2.391528367996216
98_osh,2023-08-31,40,2.139474868774414
98_osh,2023-08-31,50,0.7850354909896851
98_osh,2023-09-01,5,0.1030604690313339
98_osh,2023-09-01,10,0.128472238779068
98_osh,2023-09-01,15,0.1211724802851677
98_osh,2023-09-01,20,0.1273896396160125
98_osh,2023-09-01,30,2.257319450378418
98_osh,2023-09-01,40,2.0252010822296143
98_osh,2023-09-01,50,0.7444239854812622
98_osh,2023-09-02,5,0.0996525511145591
98_osh,2023-09-02,10,0.128839910030365
98_osh,2023-09-02,15,0.1204837262630462
98_osh,2023-09-02,20,0.1250562965869903
98_osh,2023-09-02,30,2.481172561645508
98_osh,2023-09-02,40,1.854408264160156
98_osh,2023-09-02,50,0.7336727976799011
98_osh,2023-09-03,5,0.0954010710120201
98_osh,2023-09-03,10,0.1249144524335861
98_osh,2023-09-03,15,0.1109511479735374
98_osh,2023-09-03,20,0.1360411942005157
98_osh,2023-09-03,30,2.7367775440216064
98_osh,2023-09-03,40,1.7127059698104858
98_osh,2023-09-03,50,0.7395708560943604
98_osh,2023-09-04,5,0.0921302214264869
98_osh,2023-09-04,10,0.1206329017877578
98_osh,2023-09-04,15,0.1061137467622757
98_osh,2023-09-04,20,0.1572714149951934
98_osh,2023-09-04,30,2.756166458129883
98_osh,2023-09-04,40,1.6385422945022583
98_osh,2023-09-04,50,0.7325170040130615
98_osh,2023-09-05,5,0.0900101438164711
98_osh,2023-09-05,10,0.1200915053486824
98_osh,2023-09-05,15,0.1046762019395828
98_osh,2023-09-05,20,0.1728496104478836
98_osh,2023-09-05,30,2.6999399662017822
98_osh,2023-09-05,40,1.595320463180542
98_osh,2023-09-05,50,0.7449358105659485
98_osh,2023-09-06,5,0.0905824452638626
98_osh,2023-09-06,10,0.1229240819811821
98_osh,2023-09-06,15,0.1055543720722198
98_osh,2023-09-06,20,0.22463920712471
98_osh,2023-09-06,30,2.822697162628174
98_osh,2023-09-06,40,1.4473546743392944
98_osh,2023-09-06,50,0.7353104948997498
98_osh,2023-09-07,5,0.0931018590927124
98_osh,2023-09-07,10,0.1219898834824562
98_osh,2023-09-07,15,0.1111117675900459
98_osh,2023-09-07,20,0.3042946755886078
98_osh,2023-09-07,30,3.0027637481689453
98_osh,2023-09-07,40,1.321610689163208
98_osh,2023-09-07,50,0.7187241315841675
98_osh,2023-09-08,5,0.0955765396356582
98_osh,2023-09-08,10,0.1309001147747039
98_osh,2023-09-08,15,0.1129641383886337
98_osh,2023-09-08,20,0.2802371978759765
98_osh,2023-09-08,30,2.982499837875366
98_osh,2023-09-08,40,1.4975998401641846
98_osh,2023-09-08,50,0.7390139102935791
98_osh,2023-09-09,5,0.0965757071971893
98_osh,2023-09-09,10,0.1450104266405105
98_osh,2023-09-09,15,0.1153133064508438
98_osh,2023-09-09,20,0.2469114363193512
98_osh,2023-09-09,30,2.884007453918457
98_osh,2023-09-09,40,1.5556117296218872
98_osh,2023-09-09,50,0.740041196346283
98_osh,2023-09-10,5,0.0959580987691879
98_osh,2023-09-10,10,0.1468479186296463
98_osh,2023-09-10,15,0.1181653812527656
98_osh,2023-09-10,20,0.2511207163333893
98_osh,2023-09-10,30,2.985851287841797
98_osh,2023-09-10,40,1.373128890991211
98_osh,2023-09-10,50,0.6836042404174805
98_osh,2023-09-11,5,0.0953260064125061
98_osh,2023-09-11,10,0.1417061537504196
98_osh,2023-09-11,15,0.1225058063864708
98_osh,2023-09-11,20,0.2373103499412536
98_osh,2023-09-11,30,2.9507882595062256
98_osh,2023-09-11,40,1.3328044414520264
98_osh,2023-09-11,50,0.6574961543083191
98_osh,2023-09-12,5,0.0951393097639083
98_osh,2023-09-12,10,0.1405689567327499
98_osh,2023-09-12,15,0.1266815215349197
98_osh,2023-09-12,20,0.2272191196680069
98_osh,2023-09-12,30,2.865385770797729
98_osh,2023-09-12,40,1.3138550519943235
98_osh,2023-09-12,50,0.6395792365074158
98_osh,2023-09-13,5,0.0954439491033554
98_osh,2023-09-13,10,0.1437091678380966
98_osh,2023-09-13,15,0.1271972954273224
98_osh,2023-09-13,20,0.2437139749526977
98_osh,2023-09-13,30,3.078458786010742
98_osh,2023-09-13,40,1.230807185173035
98_osh,2023-09-13,50,0.6214247941970825
98_osh,2023-09-14,5,0.0976371467113494
98_osh,2023-09-14,10,0.1493634134531021
98_osh,2023-09-14,15,0.1288352310657501
98_osh,2023-09-14,20,0.2710947692394256
98_osh,2023-09-14,30,3.1328446865081787
98_osh,2023-09-14,40,1.173576831817627
98_osh,2023-09-14,50,0.6077480912208557
98_osh,2023-09-15,5,0.0993124619126319
98_osh,2023-09-15,10,0.1519573479890823
98_osh,2023-09-15,15,0.1313692033290863
98_osh,2023-09-15,20,0.286447525024414
98_osh,2023-09-15,30,3.2204699516296387
98_osh,2023-09-15,40,1.1757400035858154
98_osh,2023-09-15,50,0.608784019947052
98_osh,2023-09-16,5,0.0983129516243934
98_osh,2023-09-16,10,0.1482965499162674
98_osh,2023-09-16,15,0.1309382617473602
98_osh,2023-09-16,20,0.2841317653656006
98_osh,2023-09-16,30,3.32199764251709
98_osh,2023-09-16,40,1.1944228410720823
98_osh,2023-09-16,50,0.6153016090393066
98_osh,2023-09-17,5,0.0982374623417854
98_osh,2023-09-17,10,0.1435201317071914
98_osh,2023-09-17,15,0.1304045468568802
98_osh,2023-09-17,20,0.2771900296211242
98_osh,2023-09-17,30,3.278413772583008
98_osh,2023-09-17,40,1.1601592302322388
98_osh,2023-09-17,50,0.6017987728118896
98_osh,2023-09-18,5,0.1044821292161941
98_osh,2023-09-18,10,0.1440439373254776
98_osh,2023-09-18,15,0.1342508494853973
98_osh,2023-09-18,20,0.2950923442840576
98_osh,2023-09-18,30,3.3139593601226807
98_osh,2023-09-18,40,1.0938016176223757
98_osh,2023-09-18,50,0.5847283601760864
98_osh,2023-09-19,5,0.1144668385386467
98_osh,2023-09-19,10,0.1420870870351791
98_osh,2023-09-19,15,0.1426723748445511
98_osh,2023-09-19,20,0.363501638174057
98_osh,2023-09-19,30,3.4041452407836914
98_osh,2023-09-19,40,1.001017451286316
98_osh,2023-09-19,50,0.5672943592071533
98_osh,2023-09-20,5,0.1287193894386291
98_osh,2023-09-20,10,0.1409284770488739
98_osh,2023-09-20,15,0.1576631218194961
98_osh,2023-09-20,20,0.5110807418823242
98_osh,2023-09-20,30,3.392899990081787
98_osh,2023-09-20,40,0.8969395756721497
98_osh,2023-09-20,50,0.5438205599784851
98_osh,2023-09-21,5,0.1546291559934616
98_osh,2023-09-21,10,0.1446759551763534
98_osh,2023-09-21,15,0.1809743195772171
98_osh,2023-09-21,20,0.6483681797981262
98_osh,2023-09-21,30,3.222146511077881
98_osh,2023-09-21,40,0.8326807022094727
98_osh,2023-09-21,50,0.5230511426925659
98_osh,2023-09-22,5,0.174513891339302
98_osh,2023-09-22,10,0.1536165177822113
98_osh,2023-09-22,15,0.2011159807443618
98_osh,2023-09-22,20,0.6918533444404602
98_osh,2023-09-22,30,3.2091715335845947
98_osh,2023-09-22,40,0.8230169415473938
98_osh,2023-09-22,50,0.5160447359085083
98_osh,2023-09-23,5,0.1916464865207672
98_osh,2023-09-23,10,0.1598434895277023
98_osh,2023-09-23,15,0.2233228981494903
98_osh,2023-09-23,20,0.7439104318618774
98_osh,2023-09-23,30,3.324887275695801
98_osh,2023-09-23,40,0.8025429248809814
98_osh,2023-09-23,50,0.510707437992096
98_osh,2023-09-24,5,0.2050403803586959
98_osh,2023-09-24,10,0.1660201996564865
98_osh,2023-09-24,15,0.2337385267019271
98_osh,2023-09-24,20,0.7592649459838867
98_osh,2023-09-24,30,3.4156415462493896
98_osh,2023-09-24,40,0.7959933876991272
98_osh,2023-09-24,50,0.5066136717796326
98_osh,2023-09-25,5,0.2161338925361633
98_osh,2023-09-25,10,0.1827122271060943
98_osh,2023-09-25,15,0.2163780629634857
98_osh,2023-09-25,20,0.6547592878341675
98_osh,2023-09-25,30,3.434490919113159
98_osh,2023-09-25,40,0.8402971625328064
98_osh,2023-09-25,50,0.5117228031158447
98_osh,2023-09-26,5,0.2146406024694442
98_osh,2023-09-26,10,0.1985456049442291
98_osh,2023-09-26,15,0.1980661302804947
98_osh,2023-09-26,20,0.5342130661010742
98_osh,2023-09-26,30,3.3707082271575928
98_osh,2023-09-26,40,0.8874521255493164
98_osh,2023-09-26,50,0.518164336681366
98_osh,2023-09-27,5,0.2015373110771179
98_osh,2023-09-27,10,0.2019275873899459
98_osh,2023-09-27,15,0.1870072782039642
98_osh,2023-09-27,20,0.4417698085308075
98_osh,2023-09-27,30,3.367928504943848
98_osh,2023-09-27,40,0.933155119419098
98_osh,2023-09-27,50,0.5260148048400879
98_osh,2023-09-28,5,0.1905386298894882
98_osh,2023-09-28,10,0.1999696493148803
98_osh,2023-09-28,15,0.1830376386642456
98_osh,2023-09-28,20,0.3771060109138489
98_osh,2023-09-28,30,3.206608772277832
98_osh,2023-09-28,40,0.990027904510498
98_osh,2023-09-28,50,0.5349434018135071
98_osh,2023-09-29,5,0.1899825036525726
98_osh,2023-09-29,10,0.1997997760772705
98_osh,2023-09-29,15,0.1835317760705948
98_osh,2023-09-29,20,0.3657727837562561
98_osh,2023-09-29,30,3.144316434860229
98_osh,2023-09-29,40,1.0203250646591189
98_osh,2023-09-29,50,0.5451890230178833
98_osh,2023-09-30,5,0.1894270330667495
98_osh,2023-09-30,10,0.1969631165266037
98_osh,2023-09-30,15,0.1807126104831695
98_osh,2023-09-30,20,0.3481143116950989
98_osh,2023-09-30,30,3.218467950820923
98_osh,2023-09-30,40,1.078074336051941
98_osh,2023-09-30,50,0.5747063755989075
98_osh,2023-10-01,5,0.1917228549718856
98_osh,2023-10-01,10,0.1935321539640426
98_osh,2023-10-01,15,0.1822588890790939
98_osh,2023-10-01,20,0.3564994633197784
98_osh,2023-10-01,30,3.2341413497924805
98_osh,2023-10-01,40,1.1072030067443848
98_osh,2023-10-01,50,0.6068487763404846
98_osh,2023-10-02,5,0.1973549574613571
98_osh,2023-10-02,10,0.189126506447792
98_osh,2023-10-02,15,0.2168180495500564
98_osh,2023-10-02,20,0.5482181310653687
98_osh,2023-10-02,30,3.1345255374908447
98_osh,2023-10-02,40,0.9872464537620544
98_osh,2023-10-02,50,0.5917834639549255
98_osh,2023-10-03,5,0.1924106627702713
98_osh,2023-10-03,10,0.200991615653038
98_osh,2023-10-03,15,0.3356346786022186
98_osh,2023-10-03,20,0.9224825501441956
98_osh,2023-10-03,30,2.892683506011963
98_osh,2023-10-03,40,0.8341442942619324
98_osh,2023-10-03,50,0.5551117062568665
98_osh,2023-10-04,5,0.1884390115737915
98_osh,2023-10-04,10,0.2079146355390548
98_osh,2023-10-04,15,0.3815198540687561
98_osh,2023-10-04,20,1.0530372858047483
98_osh,2023-10-04,30,2.7316699028015137
98_osh,2023-10-04,40,0.7834969162940979
98_osh,2023-10-04,50,0.5492954254150391
98_osh,2023-10-05,5,0.1893268376588821
98_osh,2023-10-05,10,0.2490607649087906
98_osh,2023-10-05,15,0.5159906148910522
98_osh,2023-10-05,20,1.2919894456863403
98_osh,2023-10-05,30,2.326179265975952
98_osh,2023-10-05,40,0.7185489535331726
98_osh,2023-10-05,50,0.5291378498077393
98_osh,2023-10-06,5,0.2327445447444915
98_osh,2023-10-06,10,0.5446470379829407
98_osh,2023-10-06,15,1.0352210998535156
98_osh,2023-10-06,20,1.6910004615783691
98_osh,2023-10-06,30,1.7133831977844238
98_osh,2023-10-06,40,0.5878612399101257
98_osh,2023-10-06,50,0.4614693820476532
98_osh,2023-10-07,5,0.3223544955253601
98_osh,2023-10-07,10,0.8622505068778992
98_osh,2023-10-07,15,1.4282289743423462
98_osh,2023-10-07,20,1.8183119297027588
98_osh,2023-10-07,30,1.383041262626648
98_osh,2023-10-07,40,0.51697838306427
98_osh,2023-10-07,50,0.4217218458652496
98_osh,2023-10-08,5,0.3186548948287964
98_osh,2023-10-08,10,0.7654942274093628
98_osh,2023-10-08,15,1.4457474946975708
98_osh,2023-10-08,20,2.0521559715271
98_osh,2023-10-08,30,1.2759114503860474
98_osh,2023-10-08,40,0.5091232657432556
98_osh,2023-10-08,50,0.418827623128891
98_osh,2023-10-09,5,0.3089381158351898
98_osh,2023-10-09,10,0.559461772441864
98_osh,2023-10-09,15,1.1629550457000732
98_osh,2023-10-09,20,2.1739251613616943
98_osh,2023-10-09,30,1.2980742454528809
98_osh,2023-10-09,40,0.5162268877029419
98_osh,2023-10-09,50,0.4251319766044616
98_osh,2023-10-10,5,0.3106933832168579
98_osh,2023-10-10,10,0.4632071852684021
98_osh,2023-10-10,15,0.9419565200805664
98_osh,2023-10-10,20,1.999711513519287
98_osh,2023-10-10,30,1.347018480300903
98_osh,2023-10-10,40,0.5120771527290344
98_osh,2023-10-10,50,0.4246928691864013
98_osh,2023-10-11,5,0.3134752213954925
98_osh,2023-10-11,10,0.4165622293949127
98_osh,2023-10-11,15,0.8466333746910095
98_osh,2023-10-11,20,1.838523268699646
98_osh,2023-10-11,30,1.364801049232483
98_osh,2023-10-11,40,0.504908561706543
98_osh,2023-10-11,50,0.4236382246017456
98_osh,2023-10-12,5,0.3117477595806122
98_osh,2023-10-12,10,0.3864835202693939
98_osh,2023-10-12,15,0.7561699151992798
98_osh,2023-10-12,20,1.654296636581421
98_osh,2023-10-12,30,1.4348968267440796
98_osh,2023-10-12,40,0.5115145444869995
98_osh,2023-10-12,50,0.4305248856544494
98_osh,2023-10-13,5,0.3020644783973694
98_osh,2023-10-13,10,0.3636146783828735
98_osh,2023-10-13,15,0.6660076379776001
98_osh,2023-10-13,20,1.472351312637329
98_osh,2023-10-13,30,1.531023025512695
98_osh,2023-10-13,40,0.5261709094047546
98_osh,2023-10-13,50,0.438219666481018
98_osh,2023-10-14,5,0.2867169976234436
98_osh,2023-10-14,10,0.3323950171470642
98_osh,2023-10-14,15,0.5850818753242493
98_osh,2023-10-14,20,1.327173948287964
98_osh,2023-10-14,30,1.6119329929351809
98_osh,2023-10-14,40,0.5326277017593384
98_osh,2023-10-14,50,0.4405521154403686
98_osh,2023-10-15,5,0.2729687094688415
98_osh,2023-10-15,10,0.3023903369903564
98_osh,2023-10-15,15,0.5162104964256287
98_osh,2023-10-15,20,1.2176920175552368
98_osh,2023-10-15,30,1.6797620058059692
98_osh,2023-10-15,40,0.5262149572372437
98_osh,2023-10-15,50,0.4358083307743072
98_osh,2023-10-16,5,0.2804355919361114
98_osh,2023-10-16,10,0.2936151623725891
98_osh,2023-10-16,15,0.5652727484703064
98_osh,2023-10-16,20,1.37837815284729
98_osh,2023-10-16,30,1.6549776792526243
98_osh,2023-10-16,40,0.5062429308891296
98_osh,2023-10-16,50,0.4270564317703247
98_osh,2023-10-17,5,0.315524697303772
98_osh,2023-10-17,10,0.3562035262584686
98_osh,2023-10-17,15,0.8814639449119568
98_osh,2023-10-17,20,1.700004816055298
98_osh,2023-10-17,30,1.507659673690796
98_osh,2023-10-17,40,0.4738178253173828
98_osh,2023-10-17,50,0.411601185798645
98_osh,2023-10-18,5,0.3419276475906372
98_osh,2023-10-18,10,0.4446405172348022
98_osh,2023-10-18,15,1.1138160228729248
98_osh,2023-10-18,20,1.8910895586013796
98_osh,2023-10-18,30,1.4001702070236206
98_osh,2023-10-18,40,0.4524278044700622
98_osh,2023-10-18,50,0.3960328698158264
98_osh,2023-10-19,5,0.333074688911438
98_osh,2023-10-19,10,0.4607580304145813
98_osh,2023-10-19,15,1.1173990964889526
98_osh,2023-10-19,20,1.9797601699829104
98_osh,2023-10-19,30,1.285720705986023
98_osh,2023-10-19,40,0.4324930012226105
98_osh,2023-10-19,50,0.379474014043808
98_osh,2023-10-20,5,0.3515346348285675
98_osh,2023-10-20,10,0.5631009936332703
98_osh,2023-10-20,15,1.2434474229812622
98_osh,2023-10-20,20,1.8569551706314087
98_osh,2023-10-20,30,1.110385537147522
98_osh,2023-10-20,40,0.3994138836860657
98_osh,2023-10-20,50,0.3563775420188904
98_osh,2023-10-21,5,0.4530657827854156
98_osh,2023-10-21,10,0.686884343624115
98_osh,2023-10-21,15,1.5025959014892578
98_osh,2023-10-21,20,1.720455765724182
98_osh,2023-10-21,30,0.972529411315918
98_osh,2023-10-21,40,0.3742730319499969
98_osh,2023-10-21,50,0.3373879790306091
98_osh,2023-10-22,5,0.574421226978302
98_osh,2023-10-22,10,0.7773823142051697
98_osh,2023-10-22,15,1.708302021026611
98_osh,2023-10-22,20,1.616398811340332
98_osh,2023-10-22,30,0.8788013458251953
98_osh,2023-10-22,40,0.3627659678459167
98_osh,2023-10-22,50,0.3270880281925201
98_osh,2023-10-23,5,0.6567602753639221
98_osh,2023-10-23,10,0.8819191455841064
98_osh,2023-10-23,15,1.8986186981201167
98_osh,2023-10-23,20,1.581434965133667
98_osh,2023-10-23,30,0.8053750395774841
98_osh,2023-10-23,40,0.358286440372467
98_osh,2023-10-23,50,0.321408599615097
98_osh,2023-10-24,5,0.6569616794586182
98_osh,2023-10-24,10,0.8686825633049011
98_osh,2023-10-24,15,2.103719472885132
98_osh,2023-10-24,20,1.7090582847595217
98_osh,2023-10-24,30,0.7611284852027893
98_osh,2023-10-24,40,0.3605933487415313
98_osh,2023-10-24,50,0.3201372027397156
98_osh,2023-10-25,5,0.6052514910697937
98_osh,2023-10-25,10,0.8275223970413208
98_osh,2023-10-25,15,2.086031198501587
98_osh,2023-10-25,20,2.005939245223999
98_osh,2023-10-25,30,0.7371803522109985
98_osh,2023-10-25,40,0.365262508392334
98_osh,2023-10-25,50,0.3209575414657593
98_osh,2023-10-26,5,0.5478753447532654
98_osh,2023-10-26,10,0.7876941561698914
98_osh,2023-10-26,15,1.852723479270935
98_osh,2023-10-26,20,2.2821316719055176
98_osh,2023-10-26,30,0.7252902388572693
98_osh,2023-10-26,40,0.3681644201278686
98_osh,2023-10-26,50,0.3216189742088318
98_osh,2023-10-27,5,0.512551486492157
98_osh,2023-10-27,10,0.7268749475479126
98_osh,2023-10-27,15,1.6035393476486206
98_osh,2023-10-27,20,2.3750014305114746
98_osh,2023-10-27,30,0.7202390432357788
98_osh,2023-10-27,40,0.3666206002235412
98_osh,2023-10-27,50,0.32111656665802
98_osh,2023-10-28,5,0.5060332417488098
98_osh,2023-10-28,10,0.6139809489250183
98_osh,2023-10-28,15,1.3679101467132568
98_osh,2023-10-28,20,2.3686318397521973
98_osh,2023-10-28,30,0.7421758770942688
98_osh,2023-10-28,40,0.3635023534297943
98_osh,2023-10-28,50,0.3234160542488098
98_osh,2023-10-29,5,0.4873227775096893
98_osh,2023-10-29,10,0.5073089599609375
98_osh,2023-10-29,15,1.112958550453186
98_osh,2023-10-29,20,2.29498553276062
98_osh,2023-10-29,30,0.8255077600479126
98_osh,2023-10-29,40,0.3626400530338287
98_osh,2023-10-29,50,0.3293755948543548
98_osh,2023-10-30,5,0.4579641819000244
98_osh,2023-10-30,10,0.4770295321941376
98_osh,2023-10-30,15,0.9004309773445129
98_osh,2023-10-30,20,2.1130096912384038
98_osh,2023-10-30,30,0.9789695739746094
98_osh,2023-10-30,40,0.3645360767841339
98_osh,2023-10-30,50,0.3335212171077728
98_osh,2023-10-31,5,0.4423452913761139
98_osh,2023-10-31,10,0.4529954791069031
98_osh,2023-10-31,15,0.7439643740653992
98_osh,2023-10-31,20,1.860262393951416
98_osh,2023-10-31,30,1.1672415733337402
98_osh,2023-10-31,40,0.3674875795841217
98_osh,2023-10-31,50,0.3340242207050323
98_osh,2023-11-01,5,0.4202950000762939
98_osh,2023-11-01,10,0.4366829991340637
98_osh,2023-11-01,15,0.657886266708374
98_osh,2023-11-01,20,1.63133704662323
98_osh,2023-11-01,30,1.2873060703277588
98_osh,2023-11-01,40,0.3735392987728119
98_osh,2023-11-01,50,0.3300858736038208
98_osh,2023-11-02,5,0.4008850157260895
98_osh,2023-11-02,10,0.4177152514457702
98_osh,2023-11-02,15,0.5815894603729248
98_osh,2023-11-02,20,1.4767645597457886
98_osh,2023-11-02,30,1.327419400215149
98_osh,2023-11-02,40,0.3767434060573578
98_osh,2023-11-02,50,0.323912501335144
98_osh,2023-11-03,5,0.3915430605411529
98_osh,2023-11-03,10,0.4050776660442352
98_osh,2023-11-03,15,0.5149431824684143
98_osh,2023-11-03,20,1.445934534072876
98_osh,2023-11-03,30,1.3240498304367063
98_osh,2023-11-03,40,0.3725174367427826
98_osh,2023-11-03,50,0.3186329007148742
98_osh,2023-11-04,5,0.4045125544071197
98_osh,2023-11-04,10,0.4084311127662658
98_osh,2023-11-04,15,0.4329296350479126
98_osh,2023-11-04,20,1.5339559316635132
98_osh,2023-11-04,30,1.2763094902038574
98_osh,2023-11-04,40,0.3619288504123688
98_osh,2023-11-04,50,0.3126926124095917
98_osh,2023-11-05,5,0.4144813120365143
98_osh,2023-11-05,10,0.421375960111618
98_osh,2023-11-05,15,0.4421055316925049
98_osh,2023-11-05,20,1.4432774782180786
98_osh,2023-11-05,30,1.282668113708496
98_osh,2023-11-05,40,0.3540276288986206
98_osh,2023-11-05,50,0.3058387339115143
98_osh,2023-11-06,5,0.4089074432849884
98_osh,2023-11-06,10,0.4167009592056274
98_osh,2023-11-06,15,0.4393805861473083
98_osh,2023-11-06,20,1.1819030046463013
98_osh,2023-11-06,30,1.319525122642517
98_osh,2023-11-06,40,0.3504585325717926
98_osh,2023-11-06,50,0.2968819737434387
98_osh,2023-11-07,5,0.421600192785263
98_osh,2023-11-07,10,0.4322805106639862
98_osh,2023-11-07,15,0.4968419373035431
98_osh,2023-11-07,20,1.2762092351913452
98_osh,2023-11-07,30,1.220302700996399
98_osh,2023-11-07,40,0.3376994132995605
98_osh,2023-11-07,50,0.2875158190727234
98_osh,2023-11-08,5,0.4657285511493683
98_osh,2023-11-08,10,0.4711921215057373
98_osh,2023-11-08,15,0.5417420864105225
98_osh,2023-11-08,20,1.4536430835723877
98_osh,2023-11-08,30,1.0955562591552734
98_osh,2023-11-08,40,0.3195327818393707
98_osh,2023-11-08,50,0.2795164585113525
98_osh,2023-11-09,5,0.4840301275253296
98_osh,2023-11-09,10,0.4889018833637237
98_osh,2023-11-09,15,0.507270097732544
98_osh,2023-11-09,20,1.5165581703186035
98_osh,2023-11-09,30,1.0553200244903564
98_osh,2023-11-09,40,0.3120417594909668
98_osh,2023-11-09,50,0.2749612331390381
98_osh,2023-11-10,5,0.5392013192176819
98_osh,2023-11-10,10,0.5487114787101746
98_osh,2023-11-10,15,0.5793942809104919
98_osh,2023-11-10,20,1.4669371843338013
98_osh,2023-11-10,30,0.953484296798706
98_osh,2023-11-10,40,0.3002521097660064
98_osh,2023-11-10,50,0.2693331837654114
98_osh,2023-11-11,5,0.7471436262130737
98_osh,2023-11-11,10,0.7531484961509705
98_osh,2023-11-11,15,0.7704054713249207
98_osh,2023-11-11,20,1.2369208335876465
98_osh,2023-11-11,30,0.8153498768806458
98_osh,2023-11-11,40,0.2857981324195862
98_osh,2023-11-11,50,0.2648448050022125
98_osh,2023-11-12,5,0.9437084197998048
98_osh,2023-11-12,10,0.9473775029182434
98_osh,2023-11-12,15,0.9602747559547424
98_osh,2023-11-12,20,1.1718469858169556
98_osh,2023-11-12,30,0.7477333545684814
98_osh,2023-11-12,40,0.2838382422924042
98_osh,2023-11-12,50,0.2664148509502411
98_osh,2023-11-13,5,1.1594884395599363
98_osh,2023-11-13,10,1.160374879837036
98_osh,2023-11-13,15,1.1638400554656982
98_osh,2023-11-13,20,1.15473210811615
98_osh,2023-11-13,30,0.689238429069519
98_osh,2023-11-13,40,0.2836363017559051
98_osh,2023-11-13,50,0.2675459086894989
98_osh,2023-11-14,5,1.365702509880066
98_osh,2023-11-14,10,1.3646498918533323
98_osh,2023-11-14,15,1.3612781763076782
98_osh,2023-11-14,20,1.1262829303741455
98_osh,2023-11-14,30,0.6363101005554199
98_osh,2023-11-14,40,0.2806764245033264
98_osh,2023-11-14,50,0.2659241259098053
98_osh,2023-11-15,5,1.567213773727417
98_osh,2023-11-15,10,1.5639829635620115
98_osh,2023-11-15,15,1.5553584098815918
98_osh,2023-11-15,20,1.2100610733032229
98_osh,2023-11-15,30,0.6093120574951172
98_osh,2023-11-15,40,0.2793020009994507
98_osh,2023-11-15,50,0.2635625302791595
98_osh,2023-11-16,5,1.7153332233428955
98_osh,2023-11-16,10,1.7119121551513672
98_osh,2023-11-16,15,1.7051719427108765
98_osh,2023-11-16,20,1.5499035120010376
98_osh,2023-11-16,30,0.674713671207428
98_osh,2023-11-16,40,0.2823323011398315
98_osh,2023-11-16,50,0.2623059749603271
98_osh,2023-11-17,5,1.7272214889526367
98_osh,2023-11-17,10,1.7176547050476074
98_osh,2023-11-17,15,1.6853840351104736
98_osh,2023-11-17,20,1.6275477409362793
98_osh,2023-11-17,30,0.9704529643058776
98_osh,2023-11-17,40,0.2867258489131927
98_osh,2023-11-17,50,0.2598311007022857
98_osh,2023-11-18,5,1.735309362411499
98_osh,2023-11-18,10,1.722990870475769
98_osh,2023-11-18,15,1.6844364404678345
98_osh,2023-11-18,20,1.593850016593933
98_osh,2023-11-18,30,1.0940234661102295
98_osh,2023-11-18,40,0.3056033551692962
98_osh,2023-11-18,50,0.2558425366878509
98_osh,2023-11-19,5,1.7316302061080933
98_osh,2023-11-19,10,1.7263131141662598
98_osh,2023-11-19,15,1.719892978668213
98_osh,2023-11-19,20,1.7044527530670166
98_osh,2023-11-19,30,1.1107873916625977
98_osh,2023-11-19,40,0.3035780489444732
98_osh,2023-11-19,50,0.2528916299343109
98_osh,2023-11-20,5,1.7727702856063845
98_osh,2023-11-20,10,1.7695245742797852
98_osh,2023-11-20,15,1.7659622430801392
98_osh,2023-11-20,20,1.7586933374404907
98_osh,2023-11-20,30,1.101104497909546
98_osh,2023-11-20,40,0.2761804759502411
98_osh,2023-11-20,50,0.2454308420419693
98_osh,2023-11-21,5,1.8421626091003416
98_osh,2023-11-21,10,1.8389233350753784
98_osh,2023-11-21,15,1.8354653120040891
98_osh,2023-11-21,20,1.82804536819458
98_osh,2023-11-21,30,1.077749490737915
98_osh,2023-11-21,40,0.2577762603759765
98_osh,2023-11-21,50,0.2365177422761917
98_osh,2023-11-22,5,1.9063531160354612
98_osh,2023-11-22,10,1.8983752727508545
98_osh,2023-11-22,15,1.8845107555389404
98_osh,2023-11-22,20,1.8381017446517944
98_osh,2023-11-22,30,1.0062317848205566
98_osh,2023-11-22,40,0.2489403784275055
98_osh,2023-11-22,50,0.2294241935014724
98_osh,2023-11-23,5,1.8605455160140991
98_osh,2023-11-23,10,1.849980711936951
98_osh,2023-11-23,15,1.8336652517318728
98_osh,2023-11-23,20,1.7859680652618408
98_osh,2023-11-23,30,0.9059951901435852
98_osh,2023-11-23,40,0.240035280585289
98_osh,2023-11-23,50,0.2232367247343063
98_osh,2023-11-24,5,1.748854637145996
98_osh,2023-11-24,10,1.7441176176071167
98_osh,2023-11-24,15,1.738613843917847
98_osh,2023-11-24,20,1.7269760370254517
98_osh,2023-11-24,30,0.9067657589912416
98_osh,2023-11-24,40,0.2280745506286621
98_osh,2023-11-24,50,0.2166382074356079
98_osh,2023-11-25,5,1.7240780591964722
98_osh,2023-11-25,10,1.7202386856079102
98_osh,2023-11-25,15,1.7158937454223633
98_osh,2023-11-25,20,1.7073230743408203
98_osh,2023-11-25,30,0.9228712916374208
98_osh,2023-11-25,40,0.2352825850248336
98_osh,2023-11-25,50,0.2172442823648452
98_osh,2023-11-26,5,1.7310168743133545
98_osh,2023-11-26,10,1.726730465888977
98_osh,2023-11-26,15,1.7220200300216677
98_osh,2023-11-26,20,1.7132890224456787
98_osh,2023-11-26,30,0.9876977205276488
98_osh,2023-11-26,40,0.3554960489273071
98_osh,2023-11-26,50,0.2967965304851532
98_osh,2023-11-27,5,1.787492036819458
98_osh,2023-11-27,10,1.7784464359283447
98_osh,2023-11-27,15,1.7666198015213013
98_osh,2023-11-27,20,1.7391802072525024
98_osh,2023-11-27,30,1.3024027347564695
98_osh,2023-11-27,40,0.4149996638298034
98_osh,2023-11-27,50,0.3534290194511413
98_osh,2023-11-28,5,1.7553950548171997
98_osh,2023-11-28,10,1.747336506843567
98_osh,2023-11-28,15,1.737080454826355
98_osh,2023-11-28,20,1.7141542434692385
98_osh,2023-11-28,30,1.5941728353500366
98_osh,2023-11-28,40,0.7570797204971313
98_osh,2023-11-28,50,0.5557321310043335
98_osh,2023-11-29,5,1.6128416061401367
98_osh,2023-11-29,10,1.607503056526184
98_osh,2023-11-29,15,1.601650953292847
98_osh,2023-11-29,20,1.592261552810669
98_osh,2023-11-29,30,1.5680489540100098
98_osh,2023-11-29,40,1.2959095239639282
98_osh,2023-11-29,50,1.2375751733779907
98_osh,2023-11-30,5,1.6958762407302856
98_osh,2023-11-30,10,1.6950159072875977
98_osh,2023-11-30,15,1.6942827701568604
98_osh,2023-11-30,20,1.6934115886688232
98_osh,2023-11-30,30,1.6932255029678345
98_osh,2023-11-30,40,1.4983712434768677
98_osh,2023-11-30,50,1.4937142133712769
98_osh,2023-12-01,5,1.8203405141830444
98_osh,2023-12-01,10,1.820041537284851
98_osh,2023-12-01,15,1.819851636886597
98_osh,2023-12-01,20,1.819770574569702
98_osh,2023-12-01,30,1.822484850883484
98_osh,2023-12-01,40,1.6620850563049316
98_osh,2023-12-01,50,1.6597371101379397
98_osh,2023-12-02,5,1.921720027923584
98_osh,2023-12-02,10,1.9216800928115845
98_osh,2023-12-02,15,1.9217573404312132
98_osh,2023-12-02,20,1.9221268892288208
98_osh,2023-12-02,30,1.927026629447937
98_osh,2023-12-02,40,1.793006420135498
98_osh,2023-12-02,50,1.789008855819702
98_osh,2023-12-03,5,2.03437614440918
98_osh,2023-12-03,10,2.0347390174865723
98_osh,2023-12-03,15,2.0351216793060303
98_osh,2023-12-03,20,2.035849094390869
98_osh,2023-12-03,30,2.042536973953247
98_osh,2023-12-03,40,1.9216405153274536
98_osh,2023-12-03,50,1.9047558307647705
98_osh,2023-12-04,5,2.122814893722534
98_osh,2023-12-04,10,2.123281240463257
98_osh,2023-12-04,15,2.1236109733581543
98_osh,2023-12-04,20,2.1240367889404297
98_osh,2023-12-04,30,2.1236422061920166
98_osh,2023-12-04,40,2.024127244949341
98_osh,2023-12-04,50,2.006157875061035
98_osh,2023-12-05,5,2.212601900100708
98_osh,2023-12-05,10,2.2128841876983643
98_osh,2023-12-05,15,2.2126431465148926
98_osh,2023-12-05,20,2.21057653427124
98_osh,2023-12-05,30,2.183478355407715
98_osh,2023-12-05,40,2.083341360092163
98_osh,2023-12-05,50,2.0105385780334477
98_osh,2023-12-06,5,2.278816938400269
98_osh,2023-12-06,10,2.2791221141815186
98_osh,2023-12-06,15,2.2783124446868896
98_osh,2023-12-06,20,2.273961544036865
98_osh,2023-12-06,30,2.2302935123443604
98_osh,2023-12-06,40,2.047482967376709
98_osh,2023-12-06,50,1.9285303354263303
98_osh,2023-12-07,5,2.2175679206848145
98_osh,2023-12-07,10,2.215721368789673
98_osh,2023-12-07,15,2.212831258773804
98_osh,2023-12-07,20,2.2064077854156494
98_osh,2023-12-07,30,2.1636316776275635
98_osh,2023-12-07,40,1.966168999671936
98_osh,2023-12-07,50,1.888113021850586
98_osh,2023-12-08,5,2.1517763137817383
98_osh,2023-12-08,10,2.148898124694824
98_osh,2023-12-08,15,2.145655393600464
98_osh,2023-12-08,20,2.140681028366089
98_osh,2023-12-08,30,2.112677812576294
98_osh,2023-12-08,40,2.0287868976593018
98_osh,2023-12-08,50,1.997657299041748
98_osh,2023-12-09,5,2.204691171646118
98_osh,2023-12-09,10,2.198959350585937
98_osh,2023-12-09,15,2.19175124168396
98_osh,2023-12-09,20,2.178136110305786
98_osh,2023-12-09,30,2.116816759109497
98_osh,2023-12-09,40,2.0234405994415283
98_osh,2023-12-09,50,1.981270670890808
98_osh,2023-12-10,5,2.135384559631348
98_osh,2023-12-10,10,2.1336371898651123
98_osh,2023-12-10,15,2.131608724594116
98_osh,2023-12-10,20,2.1281659603118896
98_osh,2023-12-10,30,2.1130850315093994
98_osh,2023-12-10,40,2.0053179264068604
98_osh,2023-12-10,50,1.9863210916519165
98_osh,2023-12-11,5,2.067708969116211
98_osh,2023-12-11,10,2.067626714706421
98_osh,2023-12-11,15,2.0675466060638428
98_osh,2023-12-11,20,2.0674962997436523
98_osh,2023-12-11,30,2.06812596321106
98_osh,2023-12-11,40,1.942828059196472
98_osh,2023-12-11,50,1.9414304494857788
98_osh,2023-12-12,5,2.013156652450561
98_osh,2023-12-12,10,2.0130598545074463
98_osh,2023-12-12,15,2.013007164001465
98_osh,2023-12-12,20,2.0130417346954346
98_osh,2023-12-12,30,2.0137336254119877
98_osh,2023-12-12,40,1.8703713417053225
98_osh,2023-12-12,50,1.8710238933563232
98_osh,2023-12-13,5,2.038379907608032
98_osh,2023-12-13,10,2.0380868911743164
98_osh,2023-12-13,15,2.037794351577759
98_osh,2023-12-13,20,2.0373623371124268
98_osh,2023-12-13,30,2.03646183013916
98_osh,2023-12-13,40,1.8638174533843996
98_osh,2023-12-13,50,1.862576484680176
98_osh,2023-12-14,5,2.047603130340576
98_osh,2023-12-14,10,2.0472114086151123
98_osh,2023-12-14,15,2.0468361377716064
98_osh,2023-12-14,20,2.046315193176269
98_osh,2023-12-14,30,2.045386791229248
98_osh,2023-12-14,40,1.852419137954712
98_osh,2023-12-14,50,1.8507617712020876
98_osh,2023-12-15,5,1.9730945825576784
98_osh,2023-12-15,10,1.9739750623703003
98_osh,2023-12-15,15,1.9747732877731323
98_osh,2023-12-15,20,1.975685715675354
98_osh,2023-12-15,30,1.9738850593566892
98_osh,2023-12-15,40,1.7746855020523071
98_osh,2023-12-15,50,1.7745308876037598
98_osh,2023-12-16,5,1.861568570137024
98_osh,2023-12-16,10,1.86214816570282
98_osh,2023-12-16,15,1.862531661987305
98_osh,2023-12-16,20,1.862259149551392
98_osh,2023-12-16,30,1.846001148223877
98_osh,2023-12-16,40,1.6536056995391846
98_osh,2023-12-16,50,1.6540135145187378
98_osh,2023-12-17,5,1.855830669403076
98_osh,2023-12-17,10,1.8552677631378172
98_osh,2023-12-17,15,1.8547202348709104
98_osh,2023-12-17,20,1.853803634643555
98_osh,2023-12-17,30,1.8465678691864011
98_osh,2023-12-17,40,1.6295602321624756
98_osh,2023-12-17,50,1.627106785774231
98_osh,2023-12-18,5,1.9580215215682983
98_osh,2023-12-18,10,1.957469820976257
98_osh,2023-12-18,15,1.9569804668426516
98_osh,2023-12-18,20,1.9563462734222408
98_osh,2023-12-18,30,1.9548555612564087
98_osh,2023-12-18,40,1.7124357223510742
98_osh,2023-12-18,50,1.710963010787964
98_osh,2023-12-19,5,2.008516788482666
98_osh,2023-12-19,10,2.0078914165496826
98_osh,2023-12-19,15,2.0074610710144043
98_osh,2023-12-19,20,2.007086992263794
98_osh,2023-12-19,30,2.007187604904175
98_osh,2023-12-19,40,1.7522739171981812
98_osh,2023-12-19,50,1.7519835233688354
98_osh,2023-12-20,5,2.061638355255127
98_osh,2023-12-20,10,2.0609726905822754
98_osh,2023-12-20,15,2.060547113418579
98_osh,2023-12-20,20,2.060246229171753
98_osh,2023-12-20,30,2.0611684322357178
98_osh,2023-12-20,40,1.7967256307601929
98_osh,2023-12-20,50,1.7968850135803225
98_osh,2023-12-21,5,2.154481649398804
98_osh,2023-12-21,10,2.1538589000701904
98_osh,2023-12-21,15,2.153412103652954
98_osh,2023-12-21,20,2.153066396713257
98_osh,2023-12-21,30,2.1541810035705566
98_osh,2023-12-21,40,1.8887583017349243
98_osh,2023-12-21,50,1.8887863159179688
98_osh,2023-12-22,5,2.224733352661133
98_osh,2023-12-22,10,2.2242488861083984
98_osh,2023-12-22,15,2.223950862884521
98_osh,2023-12-22,20,2.22385311126709
98_osh,2023-12-22,30,2.2258880138397217
98_osh,2023-12-22,40,1.97467052936554
98_osh,2023-12-22,50,1.975175738334656
98_osh,2023-12-23,5,2.262362003326416
98_osh,2023-12-23,10,2.2620348930358887
98_osh,2023-12-23,15,2.261866569519043
98_osh,2023-12-23,20,2.2619194984436035
98_osh,2023-12-23,30,2.2643606662750244
98_osh,2023-12-23,40,2.0338706970214844
98_osh,2023-12-23,50,2.0346057415008545
98_osh,2023-12-24,5,2.234023094177246
98_osh,2023-12-24,10,2.235595464706421
98_osh,2023-12-24,15,2.237123727798462
98_osh,2023-12-24,20,2.239199161529541
98_osh,2023-12-24,30,2.246266365051269
98_osh,2023-12-24,40,2.0370211601257324
98_osh,2023-12-24,50,2.038810968399048
98_osh,2023-12-25,5,2.19727635383606
98_osh,2023-12-25,10,2.199369430541992
98_osh,2023-12-25,15,2.201479434967041
98_osh,2023-12-25,20,2.2044599056243896
98_osh,2023-12-25,30,2.2131991386413574
98_osh,2023-12-25,40,2.018198013305664
98_osh,2023-12-25,50,2.020670175552368
98_osh,2023-12-26,5,2.1726815700531006
98_osh,2023-12-26,10,2.172999143600464
98_osh,2023-12-26,15,2.1735100746154785
98_osh,2023-12-26,20,2.174483060836792
98_osh,2023-12-26,30,2.17848539352417
98_osh,2023-12-26,40,1.9869409799575808
98_osh,2023-12-26,50,1.9868396520614624
98_osh,2023-12-27,5,2.171426057815552
98_osh,2023-12-27,10,2.171107292175293
98_osh,2023-12-27,15,2.1708996295928955
98_osh,2023-12-27,20,2.170809745788574
98_osh,2023-12-27,30,2.17206072807312
98_osh,2023-12-27,40,1.9748332500457764
98_osh,2023-12-27,50,1.9745475053787231
98_osh,2023-12-28,5,2.1885266304016118
98_osh,2023-12-28,10,2.1884634494781494
98_osh,2023-12-28,15,2.188621282577514
98_osh,2023-12-28,20,2.18908429145813
98_osh,2023-12-28,30,2.1918728351593018
98_osh,2023-12-28,40,1.9948935508728027
98_osh,2023-12-28,50,1.995400309562683
98_osh,2023-12-29,5,2.1884145736694336
98_osh,2023-12-29,10,2.188937902450561
98_osh,2023-12-29,15,2.1896235942840576
98_osh,2023-12-29,20,2.1907401084899902
98_osh,2023-12-29,30,2.195118904113769
98_osh,2023-12-29,40,2.0020246505737305
98_osh,2023-12-29,50,2.0033721923828125
98_osh,2023-12-30,5,2.1722512245178223
98_osh,2023-12-30,10,2.173732042312622
98_osh,2023-12-30,15,2.175200700759888
98_osh,2023-12-30,20,2.177086114883423
98_osh,2023-12-30,30,2.1790096759796143
98_osh,2023-12-30,40,1.994072675704956
98_osh,2023-12-30,50,1.9949924945831297
98_osh,2023-12-31,5,2.043056011199951
98_osh,2023-12-31,10,2.044686079025269
98_osh,2023-12-31,15,2.046558141708374
98_osh,2023-12-31,20,2.0489118099212646
98_osh,2023-12-31,30,2.045769214630127
98_osh,2023-12-31,40,1.8696404695510864
98_osh,2023-12-31,50,1.8694829940795896
98_osh,2024-01-01,5,1.93721342086792
98_osh,2024-01-01,10,1.9382741451263428
98_osh,2024-01-01,15,1.9394443035125728
98_osh,2024-01-01,20,1.940869927406311
98_osh,2024-01-01,30,1.9342827796936035
98_osh,2024-01-01,40,1.750195026397705
98_osh,2024-01-01,50,1.7496267557144165
98_osh,2024-01-02,5,1.922633528709412
98_osh,2024-01-02,10,1.9231619834899905
98_osh,2024-01-02,15,1.9239581823349
98_osh,2024-01-02,20,1.9247804880142207
98_osh,2024-01-02,30,1.9125643968582156
98_osh,2024-01-02,40,1.7139919996261597
98_osh,2024-01-02,50,1.7150559425354004
98_osh,2024-01-03,5,1.9067471027374268
98_osh,2024-01-03,10,1.9081141948699951
98_osh,2024-01-03,15,1.909373998641968
98_osh,2024-01-03,20,1.9105857610702517
98_osh,2024-01-03,30,1.8990890979766848
98_osh,2024-01-03,40,1.6860527992248535
98_osh,2024-01-03,50,1.6851245164871216
98_osh,2024-01-04,5,1.920242547988892
98_osh,2024-01-04,10,1.9207839965820312
98_osh,2024-01-04,15,1.9207723140716555
98_osh,2024-01-04,20,1.919542908668518
98_osh,2024-01-04,30,1.8933329582214355
98_osh,2024-01-04,40,1.6616195440292358
98_osh,2024-01-04,50,1.64997398853302
98_osh,2024-01-05,5,1.887822508811951
98_osh,2024-01-05,10,1.8865896463394165
98_osh,2024-01-05,15,1.8851001262664795
98_osh,2024-01-05,20,1.8822985887527464
98_osh,2024-01-05,30,1.8543925285339355
98_osh,2024-01-05,40,1.618492841720581
98_osh,2024-01-05,50,1.607880711555481
98_osh,2024-01-06,5,1.865656852722168
98_osh,2024-01-06,10,1.864689588546753
98_osh,2024-01-06,15,1.8638663291931152
98_osh,2024-01-06,20,1.862782835960388
98_osh,2024-01-06,30,1.855360984802246
98_osh,2024-01-06,40,1.599430799484253
98_osh,2024-01-06,50,1.5936193466186523
98_osh,2024-01-07,5,1.903502106666565
98_osh,2024-01-07,10,1.902844309806824
98_osh,2024-01-07,15,1.9022823572158811
98_osh,2024-01-07,20,1.901640772819519
98_osh,2024-01-07,30,1.9011932611465452
98_osh,2024-01-07,40,1.635210394859314
98_osh,2024-01-07,50,1.6298956871032717
98_osh,2024-01-08,5,1.9299547672271729
98_osh,2024-01-08,10,1.929358720779419
98_osh,2024-01-08,15,1.928965210914612
98_osh,2024-01-08,20,1.9286794662475584
98_osh,2024-01-08,30,1.9295926094055176
98_osh,2024-01-08,40,1.665265679359436
98_osh,2024-01-08,50,1.6648151874542236
98_osh,2024-01-09,5,1.888161063194275
98_osh,2024-01-09,10,1.8877413272857664
98_osh,2024-01-09,15,1.8877109289169312
98_osh,2024-01-09,20,1.8880401849746704
98_osh,2024-01-09,30,1.8907814025878904
98_osh,2024-01-09,40,1.6338860988616943
98_osh,2024-01-09,50,1.634293556213379
98_osh,2024-01-10,5,1.8619695901870728
98_osh,2024-01-10,10,1.8616552352905276
98_osh,2024-01-10,15,1.8615801334381104
98_osh,2024-01-10,20,1.8617212772369385
98_osh,2024-01-10,30,1.8603394031524656
98_osh,2024-01-10,40,1.6110495328903198
98_osh,2024-01-10,50,1.611538648605347
98_osh,2024-01-11,5,1.836853265762329
98_osh,2024-01-11,10,1.839026689529419
98_osh,2024-01-11,15,1.8412171602249143
98_osh,2024-01-11,20,1.844067096710205
98_osh,2024-01-11,30,1.83890163898468
98_osh,2024-01-11,40,1.6050963401794434
98_osh,2024-01-11,50,1.605621576309204
98_osh,2024-01-12,5,1.807050466537476
98_osh,2024-01-12,10,1.8076913356781008
98_osh,2024-01-12,15,1.808511972427368
98_osh,2024-01-12,20,1.8101426362991333
98_osh,2024-01-12,30,1.8088884353637693
98_osh,2024-01-12,40,1.5794708728790283
98_osh,2024-01-12,50,1.5766890048980713
98_osh,2024-01-13,5,1.7893428802490234
98_osh,2024-01-13,10,1.7901057004928589
98_osh,2024-01-13,15,1.7911430597305298
98_osh,2024-01-13,20,1.793833613395691
98_osh,2024-01-13,30,1.798949956893921
98_osh,2024-01-13,40,1.5726051330566406
98_osh,2024-01-13,50,1.5701072216033936
98_osh,2024-01-14,5,1.7485369443893433
98_osh,2024-01-14,10,1.748105525970459
98_osh,2024-01-14,15,1.7479395866394043
98_osh,2024-01-14,20,1.748126983642578
98_osh,2024-01-14,30,1.7463858127593994
98_osh,2024-01-14,40,1.5000216960906982
98_osh,2024-01-14,50,1.4896597862243652
98_osh,2024-01-15,5,1.719163417816162
98_osh,2024-01-15,10,1.7178480625152588
98_osh,2024-01-15,15,1.7165907621383667
98_osh,2024-01-15,20,1.7148269414901731
98_osh,2024-01-15,30,1.7074782848358154
98_osh,2024-01-15,40,1.462437629699707
98_osh,2024-01-15,50,1.4491325616836548
98_osh,2024-01-16,5,1.720963954925537
98_osh,2024-01-16,10,1.7201811075210571
98_osh,2024-01-16,15,1.7195736169815063
98_osh,2024-01-16,20,1.7189505100250244
98_osh,2024-01-16,30,1.7185580730438232
98_osh,2024-01-16,40,1.4739196300506592
98_osh,2024-01-16,50,1.4684966802597046
98_osh,2024-01-17,5,1.7133280038833618
98_osh,2024-01-17,10,1.7138279676437378
98_osh,2024-01-17,15,1.7145167589187622
98_osh,2024-01-17,20,1.715723752975464
98_osh,2024-01-17,30,1.7197023630142212
98_osh,2024-01-17,40,1.4804325103759766
98_osh,2024-01-17,50,1.477173089981079
98_osh,2024-01-18,5,1.7060332298278809
98_osh,2024-01-18,10,1.707321047782898
98_osh,2024-01-18,15,1.7091039419174194
98_osh,2024-01-18,20,1.7117953300476074
98_osh,2024-01-18,30,1.7178951501846311
98_osh,2024-01-18,40,1.4701323509216309
98_osh,2024-01-18,50,1.4672216176986694
98_osh,2024-01-19,5,1.690745830535889
98_osh,2024-01-19,10,1.692654013633728
98_osh,2024-01-19,15,1.6954171657562256
98_osh,2024-01-19,20,1.7000775337219238
98_osh,2024-01-19,30,1.71116304397583
98_osh,2024-01-19,40,1.4610097408294678
98_osh,2024-01-19,50,1.4573322534561155
98_osh,2024-01-20,5,1.672407150268555
98_osh,2024-01-20,10,1.6751110553741455
98_osh,2024-01-20,15,1.6777355670928955
98_osh,2024-01-20,20,1.681790113449097
98_osh,2024-01-20,30,1.6916556358337402
98_osh,2024-01-20,40,1.4478143453598022
98_osh,2024-01-20,50,1.443797945976257
98_osh,2024-01-21,5,1.593717098236084
98_osh,2024-01-21,10,1.595916748046875
98_osh,2024-01-21,15,1.5979264974594116
98_osh,2024-01-21,20,1.6003409624099731
98_osh,2024-01-21,30,1.603746771812439
98_osh,2024-01-21,40,1.3796244859695437
98_osh,2024-01-21,50,1.3764369487762451
98_osh,2024-01-22,5,1.443814754486084
98_osh,2024-01-22,10,1.4475356340408323
98_osh,2024-01-22,15,1.452233076095581
98_osh,2024-01-22,20,1.4579815864562988
98_osh,2024-01-22,30,1.4599790573120115
98_osh,2024-01-22,40,1.2470142841339111
98_osh,2024-01-22,50,1.2499282360076904
98_osh,2024-01-23,5,1.4371027946472168
98_osh,2024-01-23,10,1.4372637271881104
98_osh,2024-01-23,15,1.437427997589111
98_osh,2024-01-23,20,1.437004804611206
98_osh,2024-01-23,30,1.417370080947876
98_osh,2024-01-23,40,1.1290363073349
98_osh,2024-01-23,50,1.1262032985687256
98_osh,2024-01-24,5,1.5154145956039429
98_osh,2024-01-24,10,1.5140063762664795
98_osh,2024-01-24,15,1.5124425888061523
98_osh,2024-01-24,20,1.5092628002166748
98_osh,2024-01-24,30,1.493017315864563
98_osh,2024-01-24,40,1.0565192699432373
98_osh,2024-01-24,50,1.0094231367111206
98_osh,2024-01-25,5,1.502521514892578
98_osh,2024-01-25,10,1.5010334253311155
98_osh,2024-01-25,15,1.4993215799331665
98_osh,2024-01-25,20,1.4964534044265747
98_osh,2024-01-25,30,1.4867515563964844
98_osh,2024-01-25,40,1.153920292854309
98_osh,2024-01-25,50,1.053702473640442
98_osh,2024-01-26,5,1.44524085521698
98_osh,2024-01-26,10,1.444198727607727
98_osh,2024-01-26,15,1.443090796470642
98_osh,2024-01-26,20,1.4414441585540771
98_osh,2024-01-26,30,1.437619686126709
98_osh,2024-01-26,40,1.1466656923294067
98_osh,2024-01-26,50,1.130848407745361
98_osh,2024-01-27,5,1.456377029418945
98_osh,2024-01-27,10,1.456302285194397
98_osh,2024-01-27,15,1.4561893939971924
98_osh,2024-01-27,20,1.455919623374939
98_osh,2024-01-27,30,1.452930212020874
98_osh,2024-01-27,40,1.1840198040008545
98_osh,2024-01-27,50,1.1724220514297483
98_osh,2024-01-28,5,1.4865193367004397
98_osh,2024-01-28,10,1.4857935905456543
98_osh,2024-01-28,15,1.4847512245178225
98_osh,2024-01-28,20,1.4823073148727417
98_osh,2024-01-28,30,1.4696884155273438
98_osh,2024-01-28,40,1.2070999145507812
98_osh,2024-01-28,50,1.1901189088821411
98_osh,2024-01-29,5,1.4956276416778564
98_osh,2024-01-29,10,1.4941630363464355
98_osh,2024-01-29,15,1.4925466775894165
98_osh,2024-01-29,20,1.489824652671814
98_osh,2024-01-29,30,1.482282280921936
98_osh,2024-01-29,40,1.2273790836334229
98_osh,2024-01-29,50,1.20816171169281
98_osh,2024-01-30,5,1.4910480976104736
98_osh,2024-01-30,10,1.4903249740600586
98_osh,2024-01-30,15,1.4898062944412231
98_osh,2024-01-30,20,1.4894373416900637
98_osh,2024-01-30,30,1.4940650463104248
98_osh,2024-01-30,40,1.261630296707153
98_osh,2024-01-30,50,1.2413532733917236
98_osh,2024-01-31,5,1.4660892486572266
98_osh,2024-01-31,10,1.4659667015075684
98_osh,2024-01-31,15,1.4660104513168335
98_osh,2024-01-31,20,1.4663364887237549
98_osh,2024-01-31,30,1.4710067510604858
98_osh,2024-01-31,40,1.2714414596557615
98_osh,2024-01-31,50,1.2593218088150024
98_osh,2024-02-01,5,1.4640544652938845
98_osh,2024-02-01,10,1.463663101196289
98_osh,2024-02-01,15,1.4633891582489014
98_osh,2024-02-01,20,1.463161587715149
98_osh,2024-02-01,30,1.4643267393112185
98_osh,2024-02-01,40,1.2850886583328247
98_osh,2024-02-01,50,1.2831199169158936
98_osh,2024-02-02,5,1.4578213691711426
98_osh,2024-02-02,10,1.4574943780899048
98_osh,2024-02-02,15,1.4572508335113523
98_osh,2024-02-02,20,1.4570175409317017
98_osh,2024-02-02,30,1.4578431844711304
98_osh,2024-02-02,40,1.29843270778656
98_osh,2024-02-02,50,1.297431707382202
98_osh,2024-02-03,5,1.447798490524292
98_osh,2024-02-03,10,1.447473406791687
98_osh,2024-02-03,15,1.4473084211349487
98_osh,2024-02-03,20,1.447304606437683
98_osh,2024-02-03,30,1.4495751857757568
98_osh,2024-02-03,40,1.301316261291504
98_osh,2024-02-03,50,1.3011385202407837
98_osh,2024-02-04,5,1.4475212097167969
98_osh,2024-02-04,10,1.447364330291748
98_osh,2024-02-04,15,1.4473702907562256
98_osh,2024-02-04,20,1.4475888013839722
98_osh,2024-02-04,30,1.4481236934661863
98_osh,2024-02-04,40,1.311359167098999
98_osh,2024-02-04,50,1.310378909111023
98_osh,2024-02-05,5,1.4502103328704834
98_osh,2024-02-05,10,1.4505430459976196
98_osh,2024-02-05,15,1.4505804777145386
98_osh,2024-02-05,20,1.44998300075531
98_osh,2024-02-05,30,1.4383045434951782
98_osh,2024-02-05,40,1.31251323223114
98_osh,2024-02-05,50,1.301498293876648
98_osh,2024-02-06,5,1.444594144821167
98_osh,2024-02-06,10,1.4450500011444092
98_osh,2024-02-06,15,1.4454262256622314
98_osh,2024-02-06,20,1.4456568956375122
98_osh,2024-02-06,30,1.4426331520080566
98_osh,2024-02-06,40,1.322118639945984
98_osh,2024-02-06,50,1.3111307621002195
98_osh,2024-02-07,5,1.4520615339279177
98_osh,2024-02-07,10,1.4527225494384766
98_osh,2024-02-07,15,1.4535709619522097
98_osh,2024-02-07,20,1.4549602270126345
98_osh,2024-02-07,30,1.4625577926635742
98_osh,2024-02-07,40,1.3462063074111938
98_osh,2024-02-07,50,1.3374571800231934
98_osh,2024-02-08,5,1.466076374053955
98_osh,2024-02-08,10,1.4662514925003052
98_osh,2024-02-08,15,1.4665428400039673
98_osh,2024-02-08,20,1.4672671556472778
98_osh,2024-02-08,30,1.4738304615020752
98_osh,2024-02-08,40,1.3982203006744385
98_osh,2024-02-08,50,1.3940998315811155
98_osh,2024-02-09,5,1.4633944034576416
98_osh,2024-02-09,10,1.464141607284546
98_osh,2024-02-09,15,1.4649162292480469
98_osh,2024-02-09,20,1.4661442041397097
98_osh,2024-02-09,30,1.471233606338501
98_osh,2024-02-09,40,1.4344782829284668
98_osh,2024-02-09,50,1.4328559637069702
98_osh,2024-02-10,5,1.4590226411819458
98_osh,2024-02-10,10,1.4584505558013916
98_osh,2024-02-10,15,1.4569438695907593
98_osh,2024-02-10,20,1.4532999992370603
98_osh,2024-02-10,30,1.4386261701583862
98_osh,2024-02-10,40,1.4163163900375366
98_osh,2024-02-10,50,1.396801233291626
98_osh,2024-02-11,5,1.4431191682815552
98_osh,2024-02-11,10,1.4420545101165771
98_osh,2024-02-11,15,1.4408752918243408
98_osh,2024-02-11,20,1.4391194581985474
98_osh,2024-02-11,30,1.4335168600082395
98_osh,2024-02-11,40,1.4303767681121826
98_osh,2024-02-11,50,1.4165728092193604
98_osh,2024-02-12,5,1.4534497261047363
98_osh,2024-02-12,10,1.4537755250930786
98_osh,2024-02-12,15,1.4541246891021729
98_osh,2024-02-12,20,1.45476233959198
98_osh,2024-02-12,30,1.4595974683761597
98_osh,2024-02-12,40,1.4866143465042114
98_osh,2024-02-12,50,1.486493706703186
98_osh,2024-02-13,5,1.4690327644348145
98_osh,2024-02-13,10,1.4695619344711304
98_osh,2024-02-13,15,1.47022545337677
98_osh,2024-02-13,20,1.4712035655975342
98_osh,2024-02-13,30,1.4733587503433228
98_osh,2024-02-13,40,1.5169998407363892
98_osh,2024-02-13,50,1.5155919790267944
98_osh,2024-02-14,5,1.487257480621338
98_osh,2024-02-14,10,1.4867384433746338
98_osh,2024-02-14,15,1.4851901531219482
98_osh,2024-02-14,20,1.4797881841659546
98_osh,2024-02-14,30,1.4648903608322144
98_osh,2024-02-14,40,1.4971712827682495
98_osh,2024-02-14,50,1.4756271839141846
98_osh,2024-02-15,5,1.4480741024017334
98_osh,2024-02-15,10,1.4466261863708496
98_osh,2024-02-15,15,1.4447579383850098
98_osh,2024-02-15,20,1.4414689540863037
98_osh,2024-02-15,30,1.4356632232666016
98_osh,2024-02-15,40,1.4777113199234009
98_osh,2024-02-15,50,1.4640183448791504
98_osh,2024-02-16,5,1.4256352186203003
98_osh,2024-02-16,10,1.42583966255188
98_osh,2024-02-16,15,1.4260958433151243
98_osh,2024-02-16,20,1.4266799688339231
98_osh,2024-02-16,30,1.4322030544281006
98_osh,2024-02-16,40,1.4823987483978271
98_osh,2024-02-16,50,1.480252981185913
98_osh,2024-02-17,5,1.4339147806167605
98_osh,2024-02-17,10,1.4350297451019287
98_osh,2024-02-17,15,1.4360671043395996
98_osh,2024-02-17,20,1.4367551803588867
98_osh,2024-02-17,30,1.4379738569259644
98_osh,2024-02-17,40,1.4822767972946167
98_osh,2024-02-17,50,1.4673885107040403
98_osh,2024-02-18,5,1.4240469932556152
98_osh,2024-02-18,10,1.4254183769226074
98_osh,2024-02-18,15,1.4254698753356934
98_osh,2024-02-18,20,1.412125587463379
98_osh,2024-02-18,30,1.372196912765503
98_osh,2024-02-18,40,1.4054169654846191
98_osh,2024-02-18,50,1.3866432905197144
98_osh,2024-02-19,5,1.3730329275131226
98_osh,2024-02-19,10,1.3773162364959717
98_osh,2024-02-19,15,1.377545714378357
98_osh,2024-02-19,20,1.355930209159851
98_osh,2024-02-19,30,1.2771705389022827
98_osh,2024-02-19,40,1.2979331016540527
98_osh,2024-02-19,50,1.2790039777755735
98_osh,2024-02-20,5,1.3224470615386963
98_osh,2024-02-20,10,1.320783615112305
98_osh,2024-02-20,15,1.3181512355804443
98_osh,2024-02-20,20,1.312433838844299
98_osh,2024-02-20,30,1.2904545068740845
98_osh,2024-02-20,40,1.319387435913086
98_osh,2024-02-20,50,1.279563069343567
98_osh,2024-02-21,5,1.3153420686721802
98_osh,2024-02-21,10,1.314771056175232
98_osh,2024-02-21,15,1.3140500783920288
98_osh,2024-02-21,20,1.3129222393035889
98_osh,2024-02-21,30,1.3094321489334106
98_osh,2024-02-21,40,1.349238634109497
98_osh,2024-02-21,50,1.340215086936951
98_osh,2024-02-22,5,1.316561579704285
98_osh,2024-02-22,10,1.3166444301605225
98_osh,2024-02-22,15,1.3167332410812378
98_osh,2024-02-22,20,1.3170653581619265
98_osh,2024-02-22,30,1.321075201034546
98_osh,2024-02-22,40,1.3600236177444458
98_osh,2024-02-22,50,1.360416054725647
98_osh,2024-02-23,5,1.3260732889175415
98_osh,2024-02-23,10,1.326419711112976
98_osh,2024-02-23,15,1.3269097805023191
98_osh,2024-02-23,20,1.3279619216918943
98_osh,2024-02-23,30,1.3346205949783323
98_osh,2024-02-23,40,1.380261778831482
98_osh,2024-02-23,50,1.3828964233398438
98_osh,2024-02-24,5,1.334149718284607
98_osh,2024-02-24,10,1.334864377975464
98_osh,2024-02-24,15,1.3357287645339966
98_osh,2024-02-24,20,1.33737313747406
98_osh,2024-02-24,30,1.3459330797195437
98_osh,2024-02-24,40,1.4024642705917358
98_osh,2024-02-24,50,1.4035792350769043
98_osh,2024-02-25,5,1.3305906057357788
98_osh,2024-02-25,10,1.332033395767212
98_osh,2024-02-25,15,1.333696365356445
98_osh,2024-02-25,20,1.3359204530715942
98_osh,2024-02-25,30,1.3435866832733154
98_osh,2024-02-25,40,1.3986736536026
98_osh,2024-02-25,50,1.3926454782485962
98_osh,2024-02-26,5,1.3126522302627563
98_osh,2024-02-26,10,1.312824249267578
98_osh,2024-02-26,15,1.313177466392517
98_osh,2024-02-26,20,1.31355619430542
98_osh,2024-02-26,30,1.3166611194610596
98_osh,2024-02-26,40,1.3675944805145264
98_osh,2024-02-26,50,1.3556745052337646
98_osh,2024-02-27,5,1.307044267654419
98_osh,2024-02-27,10,1.306354284286499
98_osh,2024-02-27,15,1.3057786226272583
98_osh,2024-02-27,20,1.3049373626708984
98_osh,2024-02-27,30,1.304481863975525
98_osh,2024-02-27,40,1.3605716228485107
98_osh,2024-02-27,50,1.3501291275024414
98_osh,2024-02-28,5,1.331740140914917
98_osh,2024-02-28,10,1.3311588764190674
98_osh,2024-02-28,15,1.3306682109832764
98_osh,2024-02-28,20,1.3301153182983398
98_osh,2024-02-28,30,1.3284920454025269
98_osh,2024-02-28,40,1.3880670070648191
98_osh,2024-02-28,50,1.3783506155014038
98_osh,2024-02-29,5,1.3534839153289795
98_osh,2024-02-29,10,1.3537490367889404
98_osh,2024-02-29,15,1.3539003133773804
98_osh,2024-02-29,20,1.3533979654312134
98_osh,2024-02-29,30,1.3453764915466309
98_osh,2024-02-29,40,1.3911261558532717
98_osh,2024-02-29,50,1.341238498687744
98_osh,2024-03-01,5,1.3050698041915894
98_osh,2024-03-01,10,1.3050644397735596
98_osh,2024-03-01,15,1.3044888973236084
98_osh,2024-03-01,20,1.3025104999542236
98_osh,2024-03-01,30,1.2940998077392578
98_osh,2024-03-01,40,1.3504610061645508
98_osh,2024-03-01,50,1.3378229141235352
98_osh,2024-03-02,5,1.301722764968872
98_osh,2024-03-02,10,1.302050232887268
98_osh,2024-03-02,15,1.3022664785385132
98_osh,2024-03-02,20,1.3024462461471558
98_osh,2024-03-02,30,1.302184820175171
98_osh,2024-03-02,40,1.3607454299926758
98_osh,2024-03-02,50,1.3545325994491575
98_osh,2024-03-03,5,1.331043004989624
98_osh,2024-03-03,10,1.3319092988967896
98_osh,2024-03-03,15,1.332788348197937
98_osh,2024-03-03,20,1.3340598344802856
98_osh,2024-03-03,30,1.338923096656799
98_osh,2024-03-03,40,1.4024906158447266
98_osh,2024-03-03,50,1.393212080001831
98_osh,2024-03-04,5,1.3179118633270264
98_osh,2024-03-04,10,1.3188680410385132
98_osh,2024-03-04,15,1.3197442293167114
98_osh,2024-03-04,20,1.3210574388504028
98_osh,2024-03-04,30,1.3277740478515625
98_osh,2024-03-04,40,1.414288878440857
98_osh,2024-03-04,50,1.409050226211548
98_osh,2024-03-05,5,1.2741280794143677
98_osh,2024-03-05,10,1.2759636640548706
98_osh,2024-03-05,15,1.2781604528427124
98_osh,2024-03-05,20,1.282106637954712
98_osh,2024-03-05,30,1.2939836978912354
98_osh,2024-03-05,40,1.3934959173202517
98_osh,2024-03-05,50,1.3830580711364746
98_osh,2024-03-06,5,1.2023788690567017
98_osh,2024-03-06,10,1.205830216407776
98_osh,2024-03-06,15,1.210126519203186
98_osh,2024-03-06,20,1.2171223163604736
98_osh,2024-03-06,30,1.2252200841903689
98_osh,2024-03-06,40,1.3168346881866455
98_osh,2024-03-06,50,1.2944647073745728
98_osh,2024-03-07,5,1.146379828453064
98_osh,2024-03-07,10,1.1501269340515137
98_osh,2024-03-07,15,1.154422402381897
98_osh,2024-03-07,20,1.1614441871643066
98_osh,2024-03-07,30,1.173362135887146
98_osh,2024-03-07,40,1.2681150436401367
98_osh,2024-03-07,50,1.235347032546997
98_osh,2024-03-08,5,1.0865416526794434
98_osh,2024-03-08,10,1.0914421081542969
98_osh,2024-03-08,15,1.0976896286010742
98_osh,2024-03-08,20,1.107448697090149
98_osh,2024-03-08,30,1.1166127920150757
98_osh,2024-03-08,40,1.195021629333496
98_osh,2024-03-08,50,1.1692743301391602
98_osh,2024-03-09,5,1.0393446683883667
98_osh,2024-03-09,10,1.0438792705535889
98_osh,2024-03-09,15,1.0492762327194214
98_osh,2024-03-09,20,1.0581471920013428
98_osh,2024-03-09,30,1.0701297521591189
98_osh,2024-03-09,40,1.1506530046463013
98_osh,2024-03-09,50,1.1016453504562378
98_osh,2024-03-10,5,1.0152629613876345
98_osh,2024-03-10,10,1.0185117721557615
98_osh,2024-03-10,15,1.02204430103302
98_osh,2024-03-10,20,1.0278526544570925
98_osh,2024-03-10,30,1.0400395393371582
98_osh,2024-03-10,40,1.135020136833191
98_osh,2024-03-10,50,1.097040057182312
98_osh,2024-03-11,5,0.9564255475997924
98_osh,2024-03-11,10,0.9631617665290833
98_osh,2024-03-11,15,0.97197288274765
98_osh,2024-03-11,20,0.987052857875824
98_osh,2024-03-11,30,0.9725446701049804
98_osh,2024-03-11,40,1.0340721607208252
98_osh,2024-03-11,50,1.014933466911316
98_osh,2024-03-12,5,0.8677365779876709
98_osh,2024-03-12,10,0.8770666122436523
98_osh,2024-03-12,15,0.8912850618362427
98_osh,2024-03-12,20,0.9184216260910034
98_osh,2024-03-12,30,0.8965655565261841
98_osh,2024-03-12,40,0.9348180890083312
98_osh,2024-03-12,50,0.9186270236968994
98_osh,2024-03-13,5,0.8974586129188538
98_osh,2024-03-13,10,0.8990527987480164
98_osh,2024-03-13,15,0.9007158279418945
98_osh,2024-03-13,20,0.9034996628761292
98_osh,2024-03-13,30,0.9035815000534058
98_osh,2024-03-13,40,0.9583369493484496
98_osh,2024-03-13,50,0.9232041835784912
98_osh,2024-03-14,5,0.9285706877708436
98_osh,2024-03-14,10,0.9304606914520264
98_osh,2024-03-14,15,0.932954967021942
98_osh,2024-03-14,20,0.9371102452278136
98_osh,2024-03-14,30,0.9187630414962769
98_osh,2024-03-14,40,0.9472545385360718
98_osh,2024-03-14,50,0.8963497281074524
98_osh,2024-03-15,5,0.8651534914970398
98_osh,2024-03-15,10,0.8714958429336548
98_osh,2024-03-15,15,0.8805480599403381
98_osh,2024-03-15,20,0.8907151222229004
98_osh,2024-03-15,30,0.8478879332542419
98_osh,2024-03-15,40,0.8648204207420349
98_osh,2024-03-15,50,0.8319600224494934
98_osh,2024-03-16,5,0.8199896812438965
98_osh,2024-03-16,10,0.8281263709068298
98_osh,2024-03-16,15,0.8380632400512695
98_osh,2024-03-16,20,0.852511465549469
98_osh,2024-03-16,30,0.8206633925437927
98_osh,2024-03-16,40,0.8117350935935974
98_osh,2024-03-16,50,0.769296407699585
98_osh,2024-03-17,5,0.8039658665657043
98_osh,2024-03-17,10,0.8099645972251892
98_osh,2024-03-17,15,0.8175222873687744
98_osh,2024-03-17,20,0.8279588222503662
98_osh,2024-03-17,30,0.8204484581947327
98_osh,2024-03-17,40,0.848137617111206
98_osh,2024-03-17,50,0.8144153952598572
98_osh,2024-03-18,5,0.8536431789398193
98_osh,2024-03-18,10,0.8543369174003601
98_osh,2024-03-18,15,0.8555725812911987
98_osh,2024-03-18,20,0.8580273985862732
98_osh,2024-03-18,30,0.8581901788711548
98_osh,2024-03-18,40,0.9027715921401978
98_osh,2024-03-18,50,0.8794358372688293
98_osh,2024-03-19,5,0.9184160828590392
98_osh,2024-03-19,10,0.9191381335258484
98_osh,2024-03-19,15,0.9201385378837584
98_osh,2024-03-19,20,0.9219486117362976
98_osh,2024-03-19,30,0.9244465827941896
98_osh,2024-03-19,40,0.9737605452537536
98_osh,2024-03-19,50,0.9279854893684388
98_osh,2024-03-20,5,0.9238758683204652
98_osh,2024-03-20,10,0.9258373379707336
98_osh,2024-03-20,15,0.9283971786499025
98_osh,2024-03-20,20,0.9332407116889954
98_osh,2024-03-20,30,0.9420504570007324
98_osh,2024-03-20,40,0.9746423959732056
98_osh,2024-03-20,50,0.8996031284332275
98_osh,2024-03-21,5,0.8783955574035645
98_osh,2024-03-21,10,0.8816863894462585
98_osh,2024-03-21,15,0.885805070400238
98_osh,2024-03-21,20,0.8939632177352905
98_osh,2024-03-21,30,0.9076690077781676
98_osh,2024-03-21,40,0.9201518297195436
98_osh,2024-03-21,50,0.840021550655365
98_osh,2024-03-22,5,0.8131665587425232
98_osh,2024-03-22,10,0.817988932132721
98_osh,2024-03-22,15,0.8244994282722473
98_osh,2024-03-22,20,0.8388547301292419
98_osh,2024-03-22,30,0.8450588583946228
98_osh,2024-03-22,40,0.8516082763671875
98_osh,2024-03-22,50,0.7765657305717468
98_osh,2024-03-23,5,0.7356833815574646
98_osh,2024-03-23,10,0.7428086400032043
98_osh,2024-03-23,15,0.7614378333091736
98_osh,2024-03-23,20,0.7993372678756714
98_osh,2024-03-23,30,0.8157678842544556
98_osh,2024-03-23,40,0.7781009674072266
98_osh,2024-03-23,50,0.6992179155349731
98_osh,2024-03-24,5,0.673578143119812
98_osh,2024-03-24,10,0.6864657402038574
98_osh,2024-03-24,15,0.71122807264328
98_osh,2024-03-24,20,0.7624741792678833
98_osh,2024-03-24,30,0.8068565130233765
98_osh,2024-03-24,40,0.7144688367843628
98_osh,2024-03-24,50,0.6270103454589844
98_osh,2024-03-25,5,0.6479514241218567
98_osh,2024-03-25,10,0.6586751341819763
98_osh,2024-03-25,15,0.6756296157836914
98_osh,2024-03-25,20,0.7145850658416748
98_osh,2024-03-25,30,0.7928862571716309
98_osh,2024-03-25,40,0.6556179523468018
98_osh,2024-03-25,50,0.5633319616317749
98_osh,2024-03-26,5,0.6150500178337097
98_osh,2024-03-26,10,0.6254688501358032
98_osh,2024-03-26,15,0.6429488062858582
98_osh,2024-03-26,20,0.6869608163833618
98_osh,2024-03-26,30,0.774645209312439
98_osh,2024-03-26,40,0.6044894456863403
98_osh,2024-03-26,50,0.519484281539917
98_osh,2024-03-27,5,0.5744410157203674
98_osh,2024-03-27,10,0.5877079367637634
98_osh,2024-03-27,15,0.6113998889923096
98_osh,2024-03-27,20,0.6794789433479309
98_osh,2024-03-27,30,0.777895987033844
98_osh,2024-03-27,40,0.5709627866744995
98_osh,2024-03-27,50,0.4850204288959503
98_osh,2024-03-28,5,0.5618545413017273
98_osh,2024-03-28,10,0.5706714391708374
98_osh,2024-03-28,15,0.5908621549606323
98_osh,2024-03-28,20,0.6607653498649597
98_osh,2024-03-28,30,0.7729523181915283
98_osh,2024-03-28,40,0.5748443603515625
98_osh,2024-03-28,50,0.4540746808052063
98_osh,2024-03-29,5,0.5504627823829651
98_osh,2024-03-29,10,0.5633053779602051
98_osh,2024-03-29,15,0.586122989654541
98_osh,2024-03-29,20,0.638291597366333
98_osh,2024-03-29,30,0.7313289046287537
98_osh,2024-03-29,40,0.5774094462394714
98_osh,2024-03-29,50,0.4179723262786865
98_osh,2024-03-30,5,0.5110058188438416
98_osh,2024-03-30,10,0.5382063388824463
98_osh,2024-03-30,15,0.5904197692871094
98_osh,2024-03-30,20,0.6580892205238342
98_osh,2024-03-30,30,0.7362231016159058
98_osh,2024-03-30,40,0.5608348250389099
98_osh,2024-03-30,50,0.3915808796882629
98_osh,2024-03-31,5,0.4857190251350403
98_osh,2024-03-31,10,0.5004783272743225
98_osh,2024-03-31,15,0.5728480815887451
98_osh,2024-03-31,20,0.6917726397514343
98_osh,2024-03-31,30,0.7896023988723755
98_osh,2024-03-31,40,0.5458036065101624
98_osh,2024-03-31,50,0.3762154579162597
98_osh,2024-04-01,5,0.4819740653038025
98_osh,2024-04-01,10,0.4921399652957916
98_osh,2024-04-01,15,0.53058260679245
98_osh,2024-04-01,20,0.6920092105865479
98_osh,2024-04-01,30,0.8422346711158752
98_osh,2024-04-01,40,0.5232895612716675
98_osh,2024-04-01,50,0.3610991537570953
98_osh,2024-04-02,5,0.4898126721382141
98_osh,2024-04-02,10,0.4978661835193634
98_osh,2024-04-02,15,0.5178078413009644
98_osh,2024-04-02,20,0.6548722386360168
98_osh,2024-04-02,30,0.8809964656829834
98_osh,2024-04-02,40,0.4958433210849762
98_osh,2024-04-02,50,0.3476198315620422
98_osh,2024-04-03,5,0.4684174060821533
98_osh,2024-04-03,10,0.4770154356956482
98_osh,2024-04-03,15,0.5016583204269409
98_osh,2024-04-03,20,0.6386012434959412
98_osh,2024-04-03,30,0.9189379811286926
98_osh,2024-04-03,40,0.4887319207191467
98_osh,2024-04-03,50,0.3407187163829803
98_osh,2024-04-04,5,0.4215451180934906
98_osh,2024-04-04,10,0.4361972510814667
98_osh,2024-04-04,15,0.4832524955272674
98_osh,2024-04-04,20,0.6400661468505859
98_osh,2024-04-04,30,0.9701043367385864
98_osh,2024-04-04,40,0.495866447687149
98_osh,2024-04-04,50,0.3404423296451568
98_osh,2024-04-05,5,0.3852008879184723
98_osh,2024-04-05,10,0.4017838835716247
98_osh,2024-04-05,15,0.4689089357852936
98_osh,2024-04-05,20,0.6486719250679016
98_osh,2024-04-05,30,1.015133023262024
98_osh,2024-04-05,40,0.4991534054279327
98_osh,2024-04-05,50,0.3403970897197723
98_osh,2024-04-06,5,0.3578639328479767
98_osh,2024-04-06,10,0.3719155788421631
98_osh,2024-04-06,15,0.4428654015064239
98_osh,2024-04-06,20,0.6364935040473938
98_osh,2024-04-06,30,1.051174521446228
98_osh,2024-04-06,40,0.5293517112731934
98_osh,2024-04-06,50,0.3430903851985931
98_osh,2024-04-07,5,0.3378562331199646
98_osh,2024-04-07,10,0.3456518650054931
98_osh,2024-04-07,15,0.4096485376358032
98_osh,2024-04-07,20,0.603905439376831
98_osh,2024-04-07,30,1.059850573539734
98_osh,2024-04-07,40,0.5948531031608582
98_osh,2024-04-07,50,0.3559443652629852
98_osh,2024-04-08,5,0.3222843706607818
98_osh,2024-04-08,10,0.3266707956790924
98_osh,2024-04-08,15,0.3873004615306854
98_osh,2024-04-08,20,0.586683988571167
98_osh,2024-04-08,30,1.041702151298523
98_osh,2024-04-08,40,0.654548704624176
98_osh,2024-04-08,50,0.3764852583408355
98_osh,2024-04-09,5,0.3189278841018677
98_osh,2024-04-09,10,0.3255832195281982
98_osh,2024-04-09,15,0.37559774518013
98_osh,2024-04-09,20,0.5983011722564697
98_osh,2024-04-09,30,1.0276960134506226
98_osh,2024-04-09,40,0.6270358562469482
98_osh,2024-04-09,50,0.3655610978603363
98_osh,2024-04-10,5,0.314231127500534
98_osh,2024-04-10,10,0.3232828676700592
98_osh,2024-04-10,15,0.3776396214962005
98_osh,2024-04-10,20,0.6126253604888916
98_osh,2024-04-10,30,1.0551114082336426
98_osh,2024-04-10,40,0.5948693752288818
98_osh,2024-04-10,50,0.3566105365753174
98_osh,2024-04-11,5,0.2997921407222748
98_osh,2024-04-11,10,0.3091416656970978
98_osh,2024-04-11,15,0.3583672344684601
98_osh,2024-04-11,20,0.5868028402328491
98_osh,2024-04-11,30,1.0758382081985474
98_osh,2024-04-11,40,0.6277755498886108
98_osh,2024-04-11,50,0.3672516047954559
98_osh,2024-04-12,5,0.2944369316101074
98_osh,2024-04-12,10,0.2973146736621856
98_osh,2024-04-12,15,0.3391956090927124
98_osh,2024-04-12,20,0.5444649457931519
98_osh,2024-04-12,30,1.067581057548523
98_osh,2024-04-12,40,0.6664553284645081
98_osh,2024-04-12,50,0.3864041268825531
98_osh,2024-04-13,5,0.2896941602230072
98_osh,2024-04-13,10,0.2861890196800232
98_osh,2024-04-13,15,0.3267242014408111
98_osh,2024-04-13,20,0.5106571316719055
98_osh,2024-04-13,30,1.086409091949463
98_osh,2024-04-13,40,0.7166922688484192
98_osh,2024-04-13,50,0.4281667470932007
98_osh,2024-04-14,5,0.2726435661315918
98_osh,2024-04-14,10,0.2727508544921875
98_osh,2024-04-14,15,0.3184868991374969
98_osh,2024-04-14,20,0.4925746917724609
98_osh,2024-04-14,30,1.139859676361084
98_osh,2024-04-14,40,0.7678490281105042
98_osh,2024-04-14,50,0.4827620685100555
98_osh,2024-04-15,5,0.262512594461441
98_osh,2024-04-15,10,0.2578564584255218
98_osh,2024-04-15,15,0.3036006093025207
98_osh,2024-04-15,20,0.4674133360385895
98_osh,2024-04-15,30,1.197809100151062
98_osh,2024-04-15,40,0.8059858083724976
98_osh,2024-04-15,50,0.5385271310806274
98_osh,2024-04-16,5,0.2757620513439178
98_osh,2024-04-16,10,0.2464526295661926
98_osh,2024-04-16,15,0.2814663648605346
98_osh,2024-04-16,20,0.4336050152778625
98_osh,2024-04-16,30,1.2049075365066528
98_osh,2024-04-16,40,0.8225048184394836
98_osh,2024-04-16,50,0.5966734290122986
98_osh,2024-04-17,5,0.2851109802722931
98_osh,2024-04-17,10,0.2425761073827743
98_osh,2024-04-17,15,0.2718191146850586
98_osh,2024-04-17,20,0.4205524325370788
98_osh,2024-04-17,30,1.1615533828735352
98_osh,2024-04-17,40,0.7895243167877197
98_osh,2024-04-17,50,0.6267288327217102
98_osh,2024-04-18,5,0.2770957350730896
98_osh,2024-04-18,10,0.2402969151735305
98_osh,2024-04-18,15,0.2778232991695404
98_osh,2024-04-18,20,0.43089359998703
98_osh,2024-04-18,30,1.1764979362487793
98_osh,2024-04-18,40,0.7543056011199951
98_osh,2024-04-18,50,0.6260413527488708
98_osh,2024-04-19,5,0.262381911277771
98_osh,2024-04-19,10,0.248406782746315
98_osh,2024-04-19,15,0.300294816493988
98_osh,2024-04-19,20,0.4699909090995788
98_osh,2024-04-19,30,1.2571316957473757
98_osh,2024-04-19,40,0.7511245608329773
98_osh,2024-04-19,50,0.5946440100669861
98_osh,2024-04-20,5,0.2539993226528168
98_osh,2024-04-20,10,0.2698879241943359
98_osh,2024-04-20,15,0.3415085077285766
98_osh,2024-04-20,20,0.5289003252983093
98_osh,2024-04-20,30,1.319237232208252
98_osh,2024-04-20,40,0.7430102229118347
98_osh,2024-04-20,50,0.5227166414260864
98_osh,2024-04-21,5,0.245680034160614
98_osh,2024-04-21,10,0.2845002114772796
98_osh,2024-04-21,15,0.3673915266990661
98_osh,2024-04-21,20,0.5537044405937195
98_osh,2024-04-21,30,1.386171579360962
98_osh,2024-04-21,40,0.7320560216903687
98_osh,2024-04-21,50,0.4776926040649414
98_osh,2024-04-22,5,0.2390427887439727
98_osh,2024-04-22,10,0.280764490365982
98_osh,2024-04-22,15,0.3570011556148529
98_osh,2024-04-22,20,0.5381208658218384
98_osh,2024-04-22,30,1.4421569108963013
98_osh,2024-04-22,40,0.7390292286872864
98_osh,2024-04-22,50,0.4747965633869171
98_osh,2024-04-23,5,0.2448015958070755
98_osh,2024-04-23,10,0.263383537530899
98_osh,2024-04-23,15,0.3228362798690796
98_osh,2024-04-23,20,0.5041927695274353
98_osh,2024-04-23,30,1.409248948097229
98_osh,2024-04-23,40,0.7852779030799866
98_osh,2024-04-23,50,0.507250964641571
98_osh,2024-04-24,5,0.2784710228443146
98_osh,2024-04-24,10,0.2750678360462188
98_osh,2024-04-24,15,0.2962167859077453
98_osh,2024-04-24,20,0.4617334008216858
98_osh,2024-04-24,30,1.2589330673217771
98_osh,2024-04-24,40,0.8097103834152222
98_osh,2024-04-24,50,0.5623961687088013
98_osh,2024-04-25,5,0.2918898165225982
98_osh,2024-04-25,10,0.2908484637737274
98_osh,2024-04-25,15,0.306021124124527
98_osh,2024-04-25,20,0.4627337455749511
98_osh,2024-04-25,30,1.1550335884094238
98_osh,2024-04-25,40,0.7724570631980896
98_osh,2024-04-25,50,0.5933778285980225
98_osh,2024-04-26,5,0.2748384177684784
98_osh,2024-04-26,10,0.2793517410755157
98_osh,2024-04-26,15,0.3123265504837036
98_osh,2024-04-26,20,0.4832654297351837
98_osh,2024-04-26,30,1.2136268615722656
98_osh,2024-04-26,40,0.7674628496170044
98_osh,2024-04-26,50,0.6287588477134705
98_osh,2024-04-27,5,0.2541167438030243
98_osh,2024-04-27,10,0.2623115181922912
98_osh,2024-04-27,15,0.3041264712810516
98_osh,2024-04-27,20,0.4752775132656097
98_osh,2024-04-27,30,1.3053908348083496
98_osh,2024-04-27,40,0.7988458871841431
98_osh,2024-04-27,50,0.6710736155509949
98_osh,2024-04-28,5,0.2365530729293823
98_osh,2024-04-28,10,0.2480206042528152
98_osh,2024-04-28,15,0.2931371927261352
98_osh,2024-04-28,20,0.4626679420471191
98_osh,2024-04-28,30,1.329038143157959
98_osh,2024-04-28,40,0.8317877650260925
98_osh,2024-04-28,50,0.6953956484794617
98_osh,2024-04-29,5,0.227051243185997
98_osh,2024-04-29,10,0.2326519787311554
98_osh,2024-04-29,15,0.277156263589859
98_osh,2024-04-29,20,0.438931405544281
98_osh,2024-04-29,30,1.3190505504608154
98_osh,2024-04-29,40,0.8626025915145874
98_osh,2024-04-29,50,0.7121129035949707
98_osh,2024-04-30,5,0.2239344865083694
98_osh,2024-04-30,10,0.2212934643030166
98_osh,2024-04-30,15,0.2686809599399566
98_osh,2024-04-30,20,0.4282289445400238
98_osh,2024-04-30,30,1.2938921451568604
98_osh,2024-04-30,40,0.8722075819969177
98_osh,2024-04-30,50,0.718268096446991
98_osh,2024-05-01,5,0.2168030440807342
98_osh,2024-05-01,10,0.216164231300354
98_osh,2024-05-01,15,0.266894668340683
98_osh,2024-05-01,20,0.4286583662033081
98_osh,2024-05-01,30,1.3251980543136597
98_osh,2024-05-01,40,0.8965010046958923
98_osh,2024-05-01,50,0.7291552424430847
98_osh,2024-05-02,5,0.2086118757724762
98_osh,2024-05-02,10,0.2062611281871795
98_osh,2024-05-02,15,0.257734477519989
98_osh,2024-05-02,20,0.4224852621555328
98_osh,2024-05-02,30,1.3100868463516235
98_osh,2024-05-02,40,0.9578989148139954
98_osh,2024-05-02,50,0.7757143974304199
98_osh,2024-05-03,5,0.2012397944927215
98_osh,2024-05-03,10,0.2001459300518036
98_osh,2024-05-03,15,0.2554365694522857
98_osh,2024-05-03,20,0.4352835416793823
98_osh,2024-05-03,30,1.2713029384613037
98_osh,2024-05-03,40,1.009397268295288
98_osh,2024-05-03,50,0.8256343603134155
98_osh,2024-05-04,5,0.194507285952568
98_osh,2024-05-04,10,0.1926998794078827
98_osh,2024-05-04,15,0.2488706558942794
98_osh,2024-05-04,20,0.4382006525993347
98_osh,2024-05-04,30,1.257082223892212
98_osh,2024-05-04,40,1.055947184562683
98_osh,2024-05-04,50,0.8639198541641235
98_osh,2024-05-05,5,0.1900149136781692
98_osh,2024-05-05,10,0.1822957098484039
98_osh,2024-05-05,15,0.2354597747325897
98_osh,2024-05-05,20,0.4226091206073761
98_osh,2024-05-05,30,1.2401148080825806
98_osh,2024-05-05,40,1.0723823308944702
98_osh,2024-05-05,50,0.8995886445045471
98_osh,2024-05-06,5,0.1916257441043853
98_osh,2024-05-06,10,0.1751734167337417
98_osh,2024-05-06,15,0.2232460379600525
98_osh,2024-05-06,20,0.4010171890258789
98_osh,2024-05-06,30,1.192068576812744
98_osh,2024-05-06,40,1.0091174840927124
98_osh,2024-05-06,50,0.8924471735954285
98_osh,2024-05-07,5,0.1968694627285003
98_osh,2024-05-07,10,0.1832034289836883
98_osh,2024-05-07,15,0.2321023494005203
98_osh,2024-05-07,20,0.4067648649215698
98_osh,2024-05-07,30,1.1270323991775513
98_osh,2024-05-07,40,0.9260687828063964
98_osh,2024-05-07,50,0.8243687748908997
98_osh,2024-05-08,5,0.2020846009254455
98_osh,2024-05-08,10,0.2012893110513687
98_osh,2024-05-08,15,0.2503028213977813
98_osh,2024-05-08,20,0.4297838509082794
98_osh,2024-05-08,30,1.1827762126922607
98_osh,2024-05-08,40,0.900392472743988
98_osh,2024-05-08,50,0.7552697062492371
98_osh,2024-05-09,5,0.2014375776052475
98_osh,2024-05-09,10,0.201073333621025
98_osh,2024-05-09,15,0.2521729469299316
98_osh,2024-05-09,20,0.4339285790920257
98_osh,2024-05-09,30,1.2910950183868408
98_osh,2024-05-09,40,0.93135267496109
98_osh,2024-05-09,50,0.7542799115180969
98_osh,2024-05-10,5,0.1961514353752136
98_osh,2024-05-10,10,0.1933747977018356
98_osh,2024-05-10,15,0.2498489022254943
98_osh,2024-05-10,20,0.4408546984195709
98_osh,2024-05-10,30,1.3597509860992432
98_osh,2024-05-10,40,0.9787974953651428
98_osh,2024-05-10,50,0.8030263781547546
98_osh,2024-05-11,5,0.192686527967453
98_osh,2024-05-11,10,0.1856418401002884
98_osh,2024-05-11,15,0.2407589256763458
98_osh,2024-05-11,20,0.4339874386787414
98_osh,2024-05-11,30,1.3559515476226809
98_osh,2024-05-11,40,1.0088751316070557
98_osh,2024-05-11,50,0.8535788655281067
98_osh,2024-05-12,5,0.1951961070299148
98_osh,2024-05-12,10,0.1802195012569427
98_osh,2024-05-12,15,0.233092576265335
98_osh,2024-05-12,20,0.42902871966362
98_osh,2024-05-12,30,1.3074761629104614
98_osh,2024-05-12,40,0.980446994304657
98_osh,2024-05-12,50,0.8660462498664856
98_osh,2024-05-13,5,0.194804236292839
98_osh,2024-05-13,10,0.1786817610263824
98_osh,2024-05-13,15,0.2311804145574569
98_osh,2024-05-13,20,0.4291931092739105
98_osh,2024-05-13,30,1.3042924404144287
98_osh,2024-05-13,40,0.9476016759872437
98_osh,2024-05-13,50,0.8473607897758484
98_osh,2024-05-14,5,0.1920309960842132
98_osh,2024-05-14,10,0.1745516508817672
98_osh,2024-05-14,15,0.2237170040607452
98_osh,2024-05-14,20,0.4119297564029693
98_osh,2024-05-14,30,1.3444609642028809
98_osh,2024-05-14,40,0.9761853218078612
98_osh,2024-05-14,50,0.8514760136604309
98_osh,2024-05-15,5,0.1982334107160568
98_osh,2024-05-15,10,0.1690694689750671
98_osh,2024-05-15,15,0.2096588760614395
98_osh,2024-05-15,20,0.3803730309009552
98_osh,2024-05-15,30,1.334429383277893
98_osh,2024-05-15,40,1.0318272113800049
98_osh,2024-05-15,50,0.8770714402198792
98_osh,2024-05-16,5,0.2124244719743728
98_osh,2024-05-16,10,0.1709920018911361
98_osh,2024-05-16,15,0.1943769007921219
98_osh,2024-05-16,20,0.3442479372024536
98_osh,2024-05-16,30,1.2773183584213257
98_osh,2024-05-16,40,1.06083083152771
98_osh,2024-05-16,50,0.9045276045799256
98_osh,2024-05-17,5,0.2148254662752151
98_osh,2024-05-17,10,0.1731813102960586
98_osh,2024-05-17,15,0.1874100118875503
98_osh,2024-05-17,20,0.323850005865097
98_osh,2024-05-17,30,1.2404160499572754
98_osh,2024-05-17,40,1.0671329498291016
98_osh,2024-05-17,50,0.910843789577484
98_osh,2024-05-18,5,0.2067660242319107
98_osh,2024-05-18,10,0.1688050925731659
98_osh,2024-05-18,15,0.1877024471759796
98_osh,2024-05-18,20,0.3209857940673828
98_osh,2024-05-18,30,1.2253564596176147
98_osh,2024-05-18,40,1.0950912237167358
98_osh,2024-05-18,50,0.9130561947822572
98_osh,2024-05-19,5,0.19495390355587
98_osh,2024-05-19,10,0.1625447124242782
98_osh,2024-05-19,15,0.1846690475940704
98_osh,2024-05-19,20,0.3178400099277496
98_osh,2024-05-19,30,1.2374588251113892
98_osh,2024-05-19,40,1.144580364227295
98_osh,2024-05-19,50,0.9161850214004515
98_osh,2024-05-20,5,0.18055360019207
98_osh,2024-05-20,10,0.1554079800844192
98_osh,2024-05-20,15,0.1812752485275268
98_osh,2024-05-20,20,0.315734326839447
98_osh,2024-05-20,30,1.2818282842636108
98_osh,2024-05-20,40,1.1896744966506958
98_osh,2024-05-20,50,0.9034583568572998
98_osh,2024-05-21,5,0.1696014404296875
98_osh,2024-05-21,10,0.1519105434417724
98_osh,2024-05-21,15,0.1833910793066024
98_osh,2024-05-21,20,0.3208983838558197
98_osh,2024-05-21,30,1.298682689666748
98_osh,2024-05-21,40,1.2208943367004397
98_osh,2024-05-21,50,0.8796212077140808
98_osh,2024-05-22,5,0.1654011309146881
98_osh,2024-05-22,10,0.1509297490119934
98_osh,2024-05-22,15,0.1892075091600418
98_osh,2024-05-22,20,0.3422175645828247
98_osh,2024-05-22,30,1.2859233617782593
98_osh,2024-05-22,40,1.2613011598587036
98_osh,2024-05-22,50,0.891563892364502
98_osh,2024-05-23,5,0.1625252515077591
98_osh,2024-05-23,10,0.1499269008636474
98_osh,2024-05-23,15,0.1944223046302795
98_osh,2024-05-23,20,0.3682618141174316
98_osh,2024-05-23,30,1.2787643671035769
98_osh,2024-05-23,40,1.2908694744110107
98_osh,2024-05-23,50,0.9317212700843812
98_osh,2024-05-24,5,0.1565293222665786
98_osh,2024-05-24,10,0.154817521572113
98_osh,2024-05-24,15,0.2073026001453399
98_osh,2024-05-24,20,0.4042496681213379
98_osh,2024-05-24,30,1.3431901931762695
98_osh,2024-05-24,40,1.2527759075164795
98_osh,2024-05-24,50,0.8926388621330261
98_osh,2024-05-25,5,0.1563209444284439
98_osh,2024-05-25,10,0.1651236861944198
98_osh,2024-05-25,15,0.2295416891574859
98_osh,2024-05-25,20,0.4593029618263244
98_osh,2024-05-25,30,1.4295891523361206
98_osh,2024-05-25,40,1.1973671913146973
98_osh,2024-05-25,50,0.8254759907722473
98_osh,2024-05-26,5,0.1590081751346588
98_osh,2024-05-26,10,0.1706057339906692
98_osh,2024-05-26,15,0.2434197068214416
98_osh,2024-05-26,20,0.4942896068096161
98_osh,2024-05-26,30,1.4766030311584473
98_osh,2024-05-26,40,1.1585955619812012
98_osh,2024-05-26,50,0.8031580448150635
98_osh,2024-05-27,5,0.1647508591413498
98_osh,2024-05-27,10,0.1722686886787414
98_osh,2024-05-27,15,0.247592344880104
98_osh,2024-05-27,20,0.5044891238212585
98_osh,2024-05-27,30,1.42814040184021
98_osh,2024-05-27,40,1.0956554412841797
98_osh,2024-05-27,50,0.7977288961410522
98_osh,2024-05-28,5,0.17068412899971
98_osh,2024-05-28,10,0.1769004315137863
98_osh,2024-05-28,15,0.2547842860221863
98_osh,2024-05-28,20,0.5158565640449524
98_osh,2024-05-28,30,1.3977220058441162
98_osh,2024-05-28,40,1.0145630836486816
98_osh,2024-05-28,50,0.7589847445487976
98_osh,2024-05-29,5,0.171211838722229
98_osh,2024-05-29,10,0.1833808869123459
98_osh,2024-05-29,15,0.2689009308815002
98_osh,2024-05-29,20,0.5464524030685425
98_osh,2024-05-29,30,1.4912792444229126
98_osh,2024-05-29,40,0.9417039752006532
98_osh,2024-05-29,50,0.7004580497741699
98_osh,2024-05-30,5,0.1701481938362121
98_osh,2024-05-30,10,0.1867470294237136
98_osh,2024-05-30,15,0.2787493765354156
98_osh,2024-05-30,20,0.5713747143745422
98_osh,2024-05-30,30,1.6385447978973389
98_osh,2024-05-30,40,0.8978726267814636
98_osh,2024-05-30,50,0.6646353602409363
98_osh,2024-05-31,5,0.1717607229948043
98_osh,2024-05-31,10,0.1818959861993789
98_osh,2024-05-31,15,0.2686968445777893
98_osh,2024-05-31,20,0.5447984933853149
98_osh,2024-05-31,30,1.7557480335235596
98_osh,2024-05-31,40,0.8999101519584656
98_osh,2024-05-31,50,0.6568025350570679
98_osh,2024-06-01,5,0.1870337277650833
98_osh,2024-06-01,10,0.1749180257320404
98_osh,2024-06-01,15,0.246158018708229
98_osh,2024-06-01,20,0.4838505387306213
98_osh,2024-06-01,30,1.7929152250289917
98_osh,2024-06-01,40,0.9389130473136902
98_osh,2024-06-01,50,0.6616272330284119
98_osh,2024-06-02,5,0.2120002210140228
98_osh,2024-06-02,10,0.1771470755338668
98_osh,2024-06-02,15,0.2197443544864654
98_osh,2024-06-02,20,0.4118289351463318
98_osh,2024-06-02,30,1.749940276145935
98_osh,2024-06-02,40,1.0049806833267212
98_osh,2024-06-02,50,0.6779254674911499
98_osh,2024-06-03,5,0.220751017332077
98_osh,2024-06-03,10,0.1849153488874435
98_osh,2024-06-03,15,0.2006473243236541
98_osh,2024-06-03,20,0.3555961847305298
98_osh,2024-06-03,30,1.6686639785766602
98_osh,2024-06-03,40,1.0489104986190796
98_osh,2024-06-03,50,0.680171549320221
98_osh,2024-06-04,5,0.2209889590740203
98_osh,2024-06-04,10,0.1851960122585296
98_osh,2024-06-04,15,0.1902102082967758
98_osh,2024-06-04,20,0.3229286670684814
98_osh,2024-06-04,30,1.642783522605896
98_osh,2024-06-04,40,1.0455727577209473
98_osh,2024-06-04,50,0.6529714465141296
98_osh,2024-06-05,5,0.2150099128484726
98_osh,2024-06-05,10,0.1803377717733383
98_osh,2024-06-05,15,0.1842312216758728
98_osh,2024-06-05,20,0.3078994750976562
98_osh,2024-06-05,30,1.6512277126312256
98_osh,2024-06-05,40,0.992305874824524
98_osh,2024-06-05,50,0.6079633235931396
98_osh,2024-06-06,5,0.2067097574472427
98_osh,2024-06-06,10,0.1734274476766586
98_osh,2024-06-06,15,0.1815521121025085
98_osh,2024-06-06,20,0.3083657920360565
98_osh,2024-06-06,30,1.7064335346221924
98_osh,2024-06-06,40,0.931236743927002
98_osh,2024-06-06,50,0.5738817453384399
98_osh,2024-06-07,5,0.2012217342853546
98_osh,2024-06-07,10,0.1667670905590057
98_osh,2024-06-07,15,0.1762954741716385
98_osh,2024-06-07,20,0.2997024357318878
98_osh,2024-06-07,30,1.7479346990585327
98_osh,2024-06-07,40,0.9469870328903198
98_osh,2024-06-07,50,0.5797197818756104
98_osh,2024-06-08,5,0.2027953863143921
98_osh,2024-06-08,10,0.163293570280075
98_osh,2024-06-08,15,0.1689748764038086
98_osh,2024-06-08,20,0.2795864343643188
98_osh,2024-06-08,30,1.7004610300064087
98_osh,2024-06-08,40,1.0012643337249756
98_osh,2024-06-08,50,0.6001620292663574
98_osh,2024-06-09,5,0.2078509628772735
98_osh,2024-06-09,10,0.1617905497550964
98_osh,2024-06-09,15,0.162412092089653
98_osh,2024-06-09,20,0.2608785629272461
98_osh,2024-06-09,30,1.6200182437896729
98_osh,2024-06-09,40,1.0334571599960327
98_osh,2024-06-09,50,0.6069998741149902
98_osh,2024-06-10,5,0.2061633914709091
98_osh,2024-06-10,10,0.159072995185852
98_osh,2024-06-10,15,0.1589345932006836
98_osh,2024-06-10,20,0.2535860538482666
98_osh,2024-06-10,30,1.6119022369384766
98_osh,2024-06-10,40,1.0478296279907229
98_osh,2024-06-10,50,0.6087932586669922
98_osh,2024-06-11,5,0.196061909198761
98_osh,2024-06-11,10,0.1535763293504715
98_osh,2024-06-11,15,0.1556364297866821
98_osh,2024-06-11,20,0.2527102530002594
98_osh,2024-06-11,30,1.6718333959579468
98_osh,2024-06-11,40,1.0624442100524902
98_osh,2024-06-11,50,0.6137017607688904
98_osh,2024-06-12,5,0.1876823157072067
98_osh,2024-06-12,10,0.1473681926727295
98_osh,2024-06-12,15,0.1516201049089431
98_osh,2024-06-12,20,0.2521852254867553
98_osh,2024-06-12,30,1.7251040935516355
98_osh,2024-06-12,40,1.0859529972076416
98_osh,2024-06-12,50,0.6225118041038513
98_osh,2024-06-13,5,0.1778686493635177
98_osh,2024-06-13,10,0.140571728348732
98_osh,2024-06-13,15,0.1478672623634338
98_osh,2024-06-13,20,0.2537067532539367
98_osh,2024-06-13,30,1.7913092374801636
98_osh,2024-06-13,40,1.098803162574768
98_osh,2024-06-13,50,0.6268395781517029
98_osh,2024-06-14,5,0.1693818420171737
98_osh,2024-06-14,10,0.1346063017845153
98_osh,2024-06-14,15,0.1446641385555267
98_osh,2024-06-14,20,0.2565536201000213
98_osh,2024-06-14,30,1.868305206298828
98_osh,2024-06-14,40,1.0965640544891355
98_osh,2024-06-14,50,0.6255432367324829
98_osh,2024-06-15,5,0.185830220580101
98_osh,2024-06-15,10,0.1341353356838226
98_osh,2024-06-15,15,0.1403630077838897
98_osh,2024-06-15,20,0.2475467771291732
98_osh,2024-06-15,30,1.738961100578308
98_osh,2024-06-15,40,1.1580443382263184
98_osh,2024-06-15,50,0.6438317894935608
98_osh,2024-06-16,5,0.2003665417432785
98_osh,2024-06-16,10,0.1382386535406112
98_osh,2024-06-16,15,0.1375956088304519
98_osh,2024-06-16,20,0.2382483333349228
98_osh,2024-06-16,30,1.6096596717834473
98_osh,2024-06-16,40,1.2371177673339844
98_osh,2024-06-16,50,0.6668627262115479
98_osh,2024-06-17,5,0.19308902323246
98_osh,2024-06-17,10,0.1377727389335632
98_osh,2024-06-17,15,0.1376447230577469
98_osh,2024-06-17,20,0.2413383424282074
98_osh,2024-06-17,30,1.6150869131088257
98_osh,2024-06-17,40,1.2755688428878784
98_osh,2024-06-17,50,0.6796186566352844
98_osh,2024-06-18,5,0.1791286021471023
98_osh,2024-06-18,10,0.1327834725379943
98_osh,2024-06-18,15,0.1367068439722061
98_osh,2024-06-18,20,0.2475211322307586
98_osh,2024-06-18,30,1.7178337574005127
98_osh,2024-06-18,40,1.2821608781814575
98_osh,2024-06-18,50,0.6793928146362305
98_osh,2024-06-19,5,0.162685364484787
98_osh,2024-06-19,10,0.1263824254274368
98_osh,2024-06-19,15,0.1362846046686172
98_osh,2024-06-19,20,0.2599772214889526
98_osh,2024-06-19,30,1.890916109085083
98_osh,2024-06-19,40,1.2366101741790771
98_osh,2024-06-19,50,0.6652103662490845
98_osh,2024-06-20,5,0.1526139676570892
98_osh,2024-06-20,10,0.1216179504990577
98_osh,2024-06-20,15,0.1363793164491653
98_osh,2024-06-20,20,0.2787966132164001
98_osh,2024-06-20,30,1.9794747829437256
98_osh,2024-06-20,40,1.238080382347107
98_osh,2024-06-20,50,0.671863317489624
98_osh,2024-06-21,5,0.1488607227802276
98_osh,2024-06-21,10,0.1183286979794502
98_osh,2024-06-21,15,0.135989710688591
98_osh,2024-06-21,20,0.2911655902862549
98_osh,2024-06-21,30,1.9875108003616333
98_osh,2024-06-21,40,1.3094215393066406
98_osh,2024-06-21,50,0.7008345723152161
98_osh,2024-06-22,5,0.1462746262550354
98_osh,2024-06-22,10,0.1156088262796402
98_osh,2024-06-22,15,0.1354049295186996
98_osh,2024-06-22,20,0.2959809303283691
98_osh,2024-06-22,30,1.957975506782532
98_osh,2024-06-22,40,1.3790980577468872
98_osh,2024-06-22,50,0.7254870533943176
98_osh,2024-06-23,5,0.1662824004888534
98_osh,2024-06-23,10,0.1177262365818023
98_osh,2024-06-23,15,0.1317822337150573
98_osh,2024-06-23,20,0.2780580818653106
98_osh,2024-06-23,30,1.7686680555343628
98_osh,2024-06-23,40,1.501927137374878
98_osh,2024-06-23,50,0.7588591575622559
98_osh,2024-06-24,5,0.187139555811882
98_osh,2024-06-24,10,0.1257111877202987
98_osh,2024-06-24,15,0.1283967941999435
98_osh,2024-06-24,20,0.2553430199623108
98_osh,2024-06-24,30,1.5831459760665894
98_osh,2024-06-24,40,1.5899394750595093
98_osh,2024-06-24,50,0.7894492149353027
98_osh,2024-06-25,5,0.1811013966798782
98_osh,2024-06-25,10,0.1259638965129852
98_osh,2024-06-25,15,0.1306323111057281
98_osh,2024-06-25,20,0.2598649561405182
98_osh,2024-06-25,30,1.6862199306488037
98_osh,2024-06-25,40,1.5374407768249512
98_osh,2024-06-25,50,0.7683961987495422
98_osh,2024-06-26,5,0.1643590480089187
98_osh,2024-06-26,10,0.12110086530447
98_osh,2024-06-26,15,0.1353921145200729
98_osh,2024-06-26,20,0.283618301153183
98_osh,2024-06-26,30,1.9390878677368164
98_osh,2024-06-26,40,1.4258079528808594
98_osh,2024-06-26,50,0.7248216271400452
98_osh,2024-06-27,5,0.1530728638172149
98_osh,2024-06-27,10,0.118699736893177
98_osh,2024-06-27,15,0.1429890543222427
98_osh,2024-06-27,20,0.3217291533946991
98_osh,2024-06-27,30,2.022364854812622
98_osh,2024-06-27,40,1.380450963973999
98_osh,2024-06-27,50,0.7115477919578552
98_osh,2024-06-28,5,0.1465541869401931
98_osh,2024-06-28,10,0.1182712167501449
98_osh,2024-06-28,15,0.1496729254722595
98_osh,2024-06-28,20,0.3537115454673767
98_osh,2024-06-28,30,2.033642292022705
98_osh,2024-06-28,40,1.426346778869629
98_osh,2024-06-28,50,0.7367196679115295
98_osh,2024-06-29,5,0.140858992934227
98_osh,2024-06-29,10,0.1177403181791305
98_osh,2024-06-29,15,0.1544644683599472
98_osh,2024-06-29,20,0.3793729841709137
98_osh,2024-06-29,30,2.0734634399414062
98_osh,2024-06-29,40,1.468136191368103
98_osh,2024-06-29,50,0.7624375224113464
98_osh,2024-06-30,5,0.1471659690141677
98_osh,2024-06-30,10,0.1185125261545181
98_osh,2024-06-30,15,0.1550207734107971
98_osh,2024-06-30,20,0.3782045245170593
98_osh,2024-06-30,30,2.015474319458008
98_osh,2024-06-30,40,1.5151753425598145
98_osh,2024-06-30,50,0.7828484177589417
98_osh,2024-07-01,5,0.1491306126117706
98_osh,2024-07-01,10,0.1233345940709114
98_osh,2024-07-01,15,0.1715306490659713
98_osh,2024-07-01,20,0.4303262829780578
98_osh,2024-07-01,30,2.11904525756836
98_osh,2024-07-01,40,1.4121402502059937
98_osh,2024-07-01,50,0.7496647238731384
98_osh,2024-07-02,5,0.1380675286054611
98_osh,2024-07-02,10,0.1352679431438446
98_osh,2024-07-02,15,0.2172732353210449
98_osh,2024-07-02,20,0.5791415572166443
98_osh,2024-07-02,30,2.3453152179718018
98_osh,2024-07-02,40,1.24175226688385
98_osh,2024-07-02,50,0.6966903805732727
98_osh,2024-07-03,5,0.134091317653656
98_osh,2024-07-03,10,0.1452247351408004
98_osh,2024-07-03,15,0.2538986802101135
98_osh,2024-07-03,20,0.6840839385986328
98_osh,2024-07-03,30,2.423966646194458
98_osh,2024-07-03,40,1.1657391786575315
98_osh,2024-07-03,50,0.6756336688995361
98_osh,2024-07-04,5,0.1344953775405883
98_osh,2024-07-04,10,0.15120230615139
98_osh,2024-07-04,15,0.274294912815094
98_osh,2024-07-04,20,0.7347016334533691
98_osh,2024-07-04,30,2.4637255668640137
98_osh,2024-07-04,40,1.120688796043396
98_osh,2024-07-04,50,0.6626512408256531
98_osh,2024-07-05,5,0.1475367099046707
98_osh,2024-07-05,10,0.1500228196382522
98_osh,2024-07-05,15,0.2644179463386535
98_osh,2024-07-05,20,0.7027234435081482
98_osh,2024-07-05,30,2.446150064468384
98_osh,2024-07-05,40,1.131663799285889
98_osh,2024-07-05,50,0.6655179262161255
98_osh,2024-07-06,5,0.1638938784599304
98_osh,2024-07-06,10,0.1506814956665039
98_osh,2024-07-06,15,0.2537212669849396
98_osh,2024-07-06,20,0.6667032241821289
98_osh,2024-07-06,30,2.411813259124756
98_osh,2024-07-06,40,1.1506521701812744
98_osh,2024-07-06,50,0.6780552864074707
98_osh,2024-07-07,5,0.1700095236301422
98_osh,2024-07-07,10,0.152477815747261
98_osh,2024-07-07,15,0.255522072315216
98_osh,2024-07-07,20,0.6692138314247131
98_osh,2024-07-07,30,2.4076709747314453
98_osh,2024-07-07,40,1.1104986667633057
98_osh,2024-07-07,50,0.6654671430587769
98_osh,2024-07-08,5,0.169104978442192
98_osh,2024-07-08,10,0.1538078635931015
98_osh,2024-07-08,15,0.261960357427597
98_osh,2024-07-08,20,0.6893441081047058
98_osh,2024-07-08,30,2.440078020095825
98_osh,2024-07-08,40,1.026073932647705
98_osh,2024-07-08,50,0.6216669678688049
98_osh,2024-07-09,5,0.1628574430942535
98_osh,2024-07-09,10,0.1582719981670379
98_osh,2024-07-09,15,0.2825829684734344
98_osh,2024-07-09,20,0.7491677403450012
98_osh,2024-07-09,30,2.480491876602173
98_osh,2024-07-09,40,0.9333372116088868
98_osh,2024-07-09,50,0.5761852264404297
98_osh,2024-07-10,5,0.1577967405319214
98_osh,2024-07-10,10,0.1625753939151764
98_osh,2024-07-10,15,0.303518146276474
98_osh,2024-07-10,20,0.8076316714286804
98_osh,2024-07-10,30,2.570103645324707
98_osh,2024-07-10,40,0.8770192861557007
98_osh,2024-07-10,50,0.5509692430496216
98_osh,2024-07-11,5,0.15408755838871
98_osh,2024-07-11,10,0.1664004027843475
98_osh,2024-07-11,15,0.3171042501926422
98_osh,2024-07-11,20,0.8417028784751892
98_osh,2024-07-11,30,2.7114806175231934
98_osh,2024-07-11,40,0.8535614013671875
98_osh,2024-07-11,50,0.5429155826568604
98_osh,2024-07-12,5,0.1522977650165558
98_osh,2024-07-12,10,0.17181296646595
98_osh,2024-07-12,15,0.3283731043338775
98_osh,2024-07-12,20,0.8688438534736633
98_osh,2024-07-12,30,2.80495023727417
98_osh,2024-07-12,40,0.8382600545883179
98_osh,2024-07-12,50,0.5399068593978882
98_osh,2024-07-13,5,0.1500636637210846
98_osh,2024-07-13,10,0.1800215989351272
98_osh,2024-07-13,15,0.349181592464447
98_osh,2024-07-13,20,0.9260292649269104
98_osh,2024-07-13,30,2.8486459255218506
98_osh,2024-07-13,40,0.811994731426239
98_osh,2024-07-13,50,0.531509518623352
98_osh,2024-07-14,5,0.1496271193027496
98_osh,2024-07-14,10,0.1816764324903488
98_osh,2024-07-14,15,0.3555376529693603
98_osh,2024-07-14,20,0.942093789577484
98_osh,2024-07-14,30,2.9231600761413574
98_osh,2024-07-14,40,0.7969693541526794
98_osh,2024-07-14,50,0.5243602395057678
98_osh,2024-07-15,5,0.1521165668964386
98_osh,2024-07-15,10,0.1742217987775802
98_osh,2024-07-15,15,0.3352416157722473
98_osh,2024-07-15,20,0.8841760754585266
98_osh,2024-07-15,30,3.041712999343872
98_osh,2024-07-15,40,0.8046420812606812
98_osh,2024-07-15,50,0.5229267477989197
98_osh,2024-07-16,5,0.1626183837652206
98_osh,2024-07-16,10,0.1640276461839676
98_osh,2024-07-16,15,0.3006806969642639
98_osh,2024-07-16,20,0.7920646071434021
98_osh,2024-07-16,30,3.0950093269348145
98_osh,2024-07-16,40,0.825466513633728
98_osh,2024-07-16,50,0.524411678314209
98_osh,2024-07-17,5,0.1763837039470672
98_osh,2024-07-17,10,0.1560319364070892
98_osh,2024-07-17,15,0.2705743610858917
98_osh,2024-07-17,20,0.7128015756607056
98_osh,2024-07-17,30,3.133512258529663
98_osh,2024-07-17,40,0.8350814580917358
98_osh,2024-07-17,50,0.5217671990394592
98_osh,2024-07-18,5,0.1884081363677978
98_osh,2024-07-18,10,0.1523261666297912
98_osh,2024-07-18,15,0.25070720911026
98_osh,2024-07-18,20,0.6613689064979553
98_osh,2024-07-18,30,3.099567651748657
98_osh,2024-07-18,40,0.8089840412139893
98_osh,2024-07-18,50,0.5055288672447205
98_osh,2024-07-19,5,0.2020811438560485
98_osh,2024-07-19,10,0.15186607837677
98_osh,2024-07-19,15,0.2330726683139801
98_osh,2024-07-19,20,0.6137068867683411
98_osh,2024-07-19,30,2.944183349609375
98_osh,2024-07-19,40,0.7628763318061829
98_osh,2024-07-19,50,0.4815942049026489
98_osh,2024-07-20,5,0.2047067284584045
98_osh,2024-07-20,10,0.1528942286968231
98_osh,2024-07-20,15,0.2304112017154693
98_osh,2024-07-20,20,0.6123970150947571
98_osh,2024-07-20,30,2.8697078227996826
98_osh,2024-07-20,40,0.7046518921852112
98_osh,2024-07-20,50,0.4569028913974762
98_osh,2024-07-21,5,0.1985127627849578
98_osh,2024-07-21,10,0.1554519832134246
98_osh,2024-07-21,15,0.2402166426181793
98_osh,2024-07-21,20,0.6544560790061951
98_osh,2024-07-21,30,2.811206817626953
98_osh,2024-07-21,40,0.6475759148597717
98_osh,2024-07-21,50,0.435996413230896
98_osh,2024-07-22,5,0.1891182363033294
98_osh,2024-07-22,10,0.1633874475955963
98_osh,2024-07-22,15,0.2681248486042022
98_osh,2024-07-22,20,0.7620283961296082
98_osh,2024-07-22,30,2.728443384170532
98_osh,2024-07-22,40,0.5961155891418457
98_osh,2024-07-22,50,0.4144482612609863
98_osh,2024-07-23,5,0.1785553395748138
98_osh,2024-07-23,10,0.1758577078580856
98_osh,2024-07-23,15,0.3142485022544861
98_osh,2024-07-23,20,0.9316198229789734
98_osh,2024-07-23,30,2.5553297996521
98_osh,2024-07-23,40,0.5387027859687805
98_osh,2024-07-23,50,0.3864293396472931
98_osh,2024-07-24,5,0.1692193299531936
98_osh,2024-07-24,10,0.1970285475254058
98_osh,2024-07-24,15,0.3982877433300018
98_osh,2024-07-24,20,1.1733671426773071
98_osh,2024-07-24,30,2.293445348739624
98_osh,2024-07-24,40,0.4793971478939056
98_osh,2024-07-24,50,0.3719857335090637
98_osh,2024-07-25,5,0.1632007956504821
98_osh,2024-07-25,10,0.2190037965774536
98_osh,2024-07-25,15,0.4902086853981018
98_osh,2024-07-25,20,1.4071156978607178
98_osh,2024-07-25,30,2.1623177528381348
98_osh,2024-07-25,40,0.4473720490932464
98_osh,2024-07-25,50,0.3668317496776581
98_osh,2024-07-26,5,0.162188321352005
98_osh,2024-07-26,10,0.2128888070583343
98_osh,2024-07-26,15,0.4904972612857818
98_osh,2024-07-26,20,1.4489774703979492
98_osh,2024-07-26,30,2.113710641860962
98_osh,2024-07-26,40,0.4422504603862762
98_osh,2024-07-26,50,0.3639005422592163
98_osh,2024-07-27,5,0.1692669093608856
98_osh,2024-07-27,10,0.196559801697731
98_osh,2024-07-27,15,0.4386784434318542
98_osh,2024-07-27,20,1.3359936475753784
98_osh,2024-07-27,30,1.9883027076721191
98_osh,2024-07-27,40,0.4289315640926361
98_osh,2024-07-27,50,0.3579797446727752
98_osh,2024-07-28,5,0.1761861145496368
98_osh,2024-07-28,10,0.188271939754486
98_osh,2024-07-28,15,0.4087081551551819
98_osh,2024-07-28,20,1.256440043449402
98_osh,2024-07-28,30,1.8183977603912356
98_osh,2024-07-28,40,0.4065676033496856
98_osh,2024-07-28,50,0.3477250933647156
98_osh,2024-07-29,5,0.1743925660848617
98_osh,2024-07-29,10,0.1907304972410202
98_osh,2024-07-29,15,0.4221635460853576
98_osh,2024-07-29,20,1.321534276008606
98_osh,2024-07-29,30,1.6879411935806274
98_osh,2024-07-29,40,0.3880593180656433
98_osh,2024-07-29,50,0.33956378698349
98_osh,2024-07-30,5,0.1698504239320755
98_osh,2024-07-30,10,0.2049667239189148
98_osh,2024-07-30,15,0.4703260660171509
98_osh,2024-07-30,20,1.492890477180481
98_osh,2024-07-30,30,1.68917715549469
98_osh,2024-07-30,40,0.38348188996315
98_osh,2024-07-30,50,0.3412730395793915
98_osh,2024-07-31,5,0.1645380556583404
98_osh,2024-07-31,10,0.2177123725414276
98_osh,2024-07-31,15,0.5150370597839355
98_osh,2024-07-31,20,1.6393553018569946
98_osh,2024-07-31,30,1.8354949951171875
98_osh,2024-07-31,40,0.3894039392471313
98_osh,2024-07-31,50,0.3472108244895935
98_osh,2024-08-01,5,0.160630851984024
98_osh,2024-08-01,10,0.213162362575531
98_osh,2024-08-01,15,0.4995848834514618
98_osh,2024-08-01,20,1.6159406900405884
98_osh,2024-08-01,30,2.043342351913452
98_osh,2024-08-01,40,0.3974987268447876
98_osh,2024-08-01,50,0.3478918671607971
98_osh,2024-08-02,5,0.1617929339408874
98_osh,2024-08-02,10,0.2000326067209243
98_osh,2024-08-02,15,0.4540517330169678
98_osh,2024-08-02,20,1.49111807346344
98_osh,2024-08-02,30,2.2836971282958984
98_osh,2024-08-02,40,0.4086789786815643
98_osh,2024-08-02,50,0.3473659753799438
98_osh,2024-08-03,5,0.162899300456047
98_osh,2024-08-03,10,0.1931225657463073
98_osh,2024-08-03,15,0.4308854341506958
98_osh,2024-08-03,20,1.4339735507965088
98_osh,2024-08-03,30,2.463286161422729
98_osh,2024-08-03,40,0.4138869643211365
98_osh,2024-08-03,50,0.3472436368465423
98_osh,2024-08-04,5,0.161106675863266
98_osh,2024-08-04,10,0.2021222412586212
98_osh,2024-08-04,15,0.4556396007537842
98_osh,2024-08-04,20,1.5738691091537476
98_osh,2024-08-04,30,2.5769824981689453
98_osh,2024-08-04,40,0.4076113700866699
98_osh,2024-08-04,50,0.3498716950416565
98_osh,2024-08-05,5,0.1580980718135833
98_osh,2024-08-05,10,0.2150527983903885
98_osh,2024-08-05,15,0.4999009072780609
98_osh,2024-08-05,20,1.6671957969665527
98_osh,2024-08-05,30,2.6628670692443848
98_osh,2024-08-05,40,0.4034017622470855
98_osh,2024-08-05,50,0.3489470481872558
98_osh,2024-08-06,5,0.1547847390174865
98_osh,2024-08-06,10,0.2120031714439392
98_osh,2024-08-06,15,0.4925343990325928
98_osh,2024-08-06,20,1.5625404119491575
98_osh,2024-08-06,30,2.795957565307617
98_osh,2024-08-06,40,0.4053988754749298
98_osh,2024-08-06,50,0.3420352935791015
98_osh,2024-08-07,5,0.1527136266231537
98_osh,2024-08-07,10,0.2030135244131088
98_osh,2024-08-07,15,0.4620185196399688
98_osh,2024-08-07,20,1.416316032409668
98_osh,2024-08-07,30,3.00196385383606
98_osh,2024-08-07,40,0.4126373529434204
98_osh,2024-08-07,50,0.3362363278865814
98_osh,2024-08-08,5,0.15025195479393
98_osh,2024-08-08,10,0.2023592740297317
98_osh,2024-08-08,15,0.4511561095714569
98_osh,2024-08-08,20,1.3289742469787598
98_osh,2024-08-08,30,3.1859982013702397
98_osh,2024-08-08,40,0.4261359274387359
98_osh,2024-08-08,50,0.3334011733531952
98_osh,2024-08-09,5,0.1471017897129058
98_osh,2024-08-09,10,0.2057069838047027
98_osh,2024-08-09,15,0.4505415260791778
98_osh,2024-08-09,20,1.2800486087799072
98_osh,2024-08-09,30,3.3267741203308105
98_osh,2024-08-09,40,0.4409530758857727
98_osh,2024-08-09,50,0.3315162360668182
98_osh,2024-08-10,5,0.1442448645830154
98_osh,2024-08-10,10,0.2069776803255081
98_osh,2024-08-10,15,0.4473515152931213
98_osh,2024-08-10,20,1.239113450050354
98_osh,2024-08-10,30,3.4774577617645264
98_osh,2024-08-10,40,0.4582040011882782
98_osh,2024-08-10,50,0.3313715755939483
98_osh,2024-08-11,5,0.1444273889064788
98_osh,2024-08-11,10,0.2068125605583191
98_osh,2024-08-11,15,0.4397239983081817
98_osh,2024-08-11,20,1.1960426568984983
98_osh,2024-08-11,30,3.6347556114196777
98_osh,2024-08-11,40,0.4831359982490539
98_osh,2024-08-11,50,0.3335324823856354
98_osh,2024-08-12,5,0.1674427539110183
98_osh,2024-08-12,10,0.1825044304132461
98_osh,2024-08-12,15,0.3648155927658081
98_osh,2024-08-12,20,1.0016891956329346
98_osh,2024-08-12,30,3.753098249435425
98_osh,2024-08-12,40,0.554149866104126
98_osh,2024-08-12,50,0.3406748175621032
98_osh,2024-08-13,5,0.1933619827032089
98_osh,2024-08-13,10,0.1669659465551376
98_osh,2024-08-13,15,0.2934449911117553
98_osh,2024-08-13,20,0.7939385175704956
98_osh,2024-08-13,30,3.582141876220703
98_osh,2024-08-13,40,0.7068841457366943
98_osh,2024-08-13,50,0.3516513705253601
98_osh,2024-08-14,5,0.1885394603013992
98_osh,2024-08-14,10,0.1682524383068084
98_osh,2024-08-14,15,0.2790601253509521
98_osh,2024-08-14,20,0.7068256735801697
98_osh,2024-08-14,30,3.3194899559021
98_osh,2024-08-14,40,0.8524226546287537
98_osh,2024-08-14,50,0.3663271367549896
98_osh,2024-08-15,5,0.1756268590688705
98_osh,2024-08-15,10,0.1691693812608719
98_osh,2024-08-15,15,0.2731290757656097
98_osh,2024-08-15,20,0.6539410352706909
98_osh,2024-08-15,30,3.225433588027954
98_osh,2024-08-15,40,0.9291328191757202
98_osh,2024-08-15,50,0.3672360777854919
98_osh,2024-08-16,5,0.1686812937259674
98_osh,2024-08-16,10,0.1616313457489013
98_osh,2024-08-16,15,0.2533255815505981
98_osh,2024-08-16,20,0.5842345356941223
98_osh,2024-08-16,30,3.139960289001465
98_osh,2024-08-16,40,0.9978001713752748
98_osh,2024-08-16,50,0.3828331530094147
98_osh,2024-08-17,5,0.1599908620119094
98_osh,2024-08-17,10,0.156313881278038
98_osh,2024-08-17,15,0.2467013150453567
98_osh,2024-08-17,20,0.5560877919197083
98_osh,2024-08-17,30,3.0352776050567627
98_osh,2024-08-17,40,1.0128227472305298
98_osh,2024-08-17,50,0.3952354490756988
98_osh,2024-08-18,5,0.142315074801445
98_osh,2024-08-18,10,0.1579815149307251
98_osh,2024-08-18,15,0.2578390836715698
98_osh,2024-08-18,20,0.5833524465560913
98_osh,2024-08-18,30,3.0832772254943848
98_osh,2024-08-18,40,0.9637256860733032
98_osh,2024-08-18,50,0.4044480621814728
98_osh,2024-08-19,5,0.1306719630956649
98_osh,2024-08-19,10,0.1550251990556717
98_osh,2024-08-19,15,0.2575303614139557
98_osh,2024-08-19,20,0.5968459248542786
98_osh,2024-08-19,30,3.1041183471679688
98_osh,2024-08-19,40,0.9729244112968444
98_osh,2024-08-19,50,0.420772522687912
98_osh,2024-08-20,5,0.1287954002618789
98_osh,2024-08-20,10,0.1455253958702087
98_osh,2024-08-20,15,0.2430417686700821
98_osh,2024-08-20,20,0.5661250948905945
98_osh,2024-08-20,30,2.9453225135803223
98_osh,2024-08-20,40,1.0293477773666382
98_osh,2024-08-20,50,0.4514976739883423
98_osh,2024-08-21,5,0.1377260535955429
98_osh,2024-08-21,10,0.1368506252765655
98_osh,2024-08-21,15,0.2271527200937271
98_osh,2024-08-21,20,0.5264216661453247
98_osh,2024-08-21,30,2.802030086517334
98_osh,2024-08-21,40,1.1002177000045776
98_osh,2024-08-21,50,0.4977350533008575
98_osh,2024-08-22,5,0.1490773409605026
98_osh,2024-08-22,10,0.1306537389755249
98_osh,2024-08-22,15,0.2102448493242263
98_osh,2024-08-22,20,0.4814133644104004
98_osh,2024-08-22,30,2.6874642372131348
98_osh,2024-08-22,40,1.160317301750183
98_osh,2024-08-22,50,0.5472123026847839
98_osh,2024-08-23,5,0.1561728566884994
98_osh,2024-08-23,10,0.130851000547409
98_osh,2024-08-23,15,0.2050049304962158
98_osh,2024-08-23,20,0.4579493999481201
98_osh,2024-08-23,30,2.5913703441619877
98_osh,2024-08-23,40,1.1988996267318726
98_osh,2024-08-23,50,0.594216525554657
98_osh,2024-08-24,5,0.1520393043756485
98_osh,2024-08-24,10,0.1302011609077453
98_osh,2024-08-24,15,0.2010031789541244
98_osh,2024-08-24,20,0.4474803209304809
98_osh,2024-08-24,30,2.654374837875366
98_osh,2024-08-24,40,1.2044273614883425
98_osh,2024-08-24,50,0.6151620745658875
98_osh,2024-08-25,5,0.1569535583257675
98_osh,2024-08-25,10,0.1246591359376907
98_osh,2024-08-25,15,0.1842758357524871
98_osh,2024-08-25,20,0.414214164018631
98_osh,2024-08-25,30,2.613610029220581
98_osh,2024-08-25,40,1.219224452972412
98_osh,2024-08-25,50,0.632128119468689
98_osh,2024-08-26,5,0.1654926389455795
98_osh,2024-08-26,10,0.1207465603947639
98_osh,2024-08-26,15,0.1698076277971267
98_osh,2024-08-26,20,0.3765542209148407
98_osh,2024-08-26,30,2.4594433307647705
98_osh,2024-08-26,40,1.239775538444519
98_osh,2024-08-26,50,0.6569651365280151
98_osh,2024-08-27,5,0.1570133417844772
98_osh,2024-08-27,10,0.1194511130452156
98_osh,2024-08-27,15,0.1701506078243255
98_osh,2024-08-27,20,0.3644942045211792
98_osh,2024-08-27,30,2.286470413208008
98_osh,2024-08-27,40,1.2085602283477783
98_osh,2024-08-27,50,0.6613156795501709
98_osh,2024-08-28,5,0.1475885063409805
98_osh,2024-08-28,10,0.1200783625245094
98_osh,2024-08-28,15,0.1786528825759887
98_osh,2024-08-28,20,0.3802062273025512
98_osh,2024-08-28,30,2.2503976821899414
98_osh,2024-08-28,40,1.2079867124557495
98_osh,2024-08-28,50,0.6840955018997192
98_osh,2024-08-29,5,0.1456249207258224
98_osh,2024-08-29,10,0.1151633113622665
98_osh,2024-08-29,15,0.1656652837991714
98_osh,2024-08-29,20,0.3574058711528778
98_osh,2024-08-29,30,2.281229019165039
98_osh,2024-08-29,40,1.2665194272994995
98_osh,2024-08-29,50,0.7459618449211121
98_osh,2024-08-30,5,0.156761884689331
98_osh,2024-08-30,10,0.1112399846315383
98_osh,2024-08-30,15,0.1470059007406234
98_osh,2024-08-30,20,0.3126864433288574
98_osh,2024-08-30,30,2.1854405403137207
98_osh,2024-08-30,40,1.351131796836853
98_osh,2024-08-30,50,0.8329280614852905
98_osh,2024-08-31,5,0.1576390862464904
98_osh,2024-08-31,10,0.1106590330600738
98_osh,2024-08-31,15,0.1395296454429626
98_osh,2024-08-31,20,0.2892808020114898
98_osh,2024-08-31,30,2.1128780841827397
98_osh,2024-08-31,40,1.4125531911849976
98_osh,2024-08-31,50,0.9073549509048462
98_osh,2024-09-01,5,0.1472978740930557
98_osh,2024-09-01,10,0.1085466518998146
98_osh,2024-09-01,15,0.1388504952192306
98_osh,2024-09-01,20,0.282949686050415
98_osh,2024-09-01,30,2.139961004257202
98_osh,2024-09-01,40,1.465954303741455
98_osh,2024-09-01,50,0.9598354697227478
98_osh,2024-09-02,5,0.1351141631603241
98_osh,2024-09-02,10,0.1047257781028747
98_osh,2024-09-02,15,0.1371278464794159
98_osh,2024-09-02,20,0.2797105014324188
98_osh,2024-09-02,30,2.13677716255188
98_osh,2024-09-02,40,1.5233443975448608
98_osh,2024-09-02,50,1.0020986795425415
98_osh,2024-09-03,5,0.1259755790233612
98_osh,2024-09-03,10,0.1023101434111595
98_osh,2024-09-03,15,0.138026013970375
98_osh,2024-09-03,20,0.2869586050510406
98_osh,2024-09-03,30,2.089160680770874
98_osh,2024-09-03,40,1.5811219215393066
98_osh,2024-09-03,50,1.0440231561660769
98_osh,2024-09-04,5,0.134066641330719
98_osh,2024-09-04,10,0.0993511974811554
98_osh,2024-09-04,15,0.1304574757814407
98_osh,2024-09-04,20,0.2739297449588775
98_osh,2024-09-04,30,1.875604271888733
98_osh,2024-09-04,40,1.6729106903076172
98_osh,2024-09-04,50,1.1326733827590942
98_osh,2024-09-05,5,0.1447457075119018
98_osh,2024-09-05,10,0.0990954861044883
98_osh,2024-09-05,15,0.1247621849179267
98_osh,2024-09-05,20,0.2620873153209686
98_osh,2024-09-05,30,1.6852967739105225
98_osh,2024-09-05,40,1.7077593803405762
98_osh,2024-09-05,50,1.2190632820129397
98_osh,2024-09-06,5,0.1395645886659622
98_osh,2024-09-06,10,0.099785566329956
98_osh,2024-09-06,15,0.1275151520967483
98_osh,2024-09-06,20,0.2679190933704376
98_osh,2024-09-06,30,1.6989730596542358
98_osh,2024-09-06,40,1.7163827419281006
98_osh,2024-09-06,50,1.2370076179504397
98_osh,2024-09-07,5,0.1316707581281662
98_osh,2024-09-07,10,0.0994941145181655
98_osh,2024-09-07,15,0.1297969222068786
98_osh,2024-09-07,20,0.2725819647312164
98_osh,2024-09-07,30,1.7262840270996094
98_osh,2024-09-07,40,1.7377077341079712
98_osh,2024-09-07,50,1.245802879333496
98_osh,2024-09-08,5,0.125700369477272
98_osh,2024-09-08,10,0.0993942394852638
98_osh,2024-09-08,15,0.132290318608284
98_osh,2024-09-08,20,0.2820108532905578
98_osh,2024-09-08,30,1.7115583419799805
98_osh,2024-09-08,40,1.7454980611801147
98_osh,2024-09-08,50,1.2670495510101318
98_osh,2024-09-09,5,0.1275908946990966
98_osh,2024-09-09,10,0.098316952586174
98_osh,2024-09-09,15,0.1303999423980713
98_osh,2024-09-09,20,0.281778872013092
98_osh,2024-09-09,30,1.6820454597473145
98_osh,2024-09-09,40,1.7487441301345823
98_osh,2024-09-09,50,1.2784640789031982
98_osh,2024-09-10,5,0.1361221969127655
98_osh,2024-09-10,10,0.0970832258462905
98_osh,2024-09-10,15,0.1248963475227356
98_osh,2024-09-10,20,0.2688150405883789
98_osh,2024-09-10,30,1.61280357837677
98_osh,2024-09-10,40,1.704905986785889
98_osh,2024-09-10,50,1.2805290222167969
98_osh,2024-09-11,5,0.134803220629692
98_osh,2024-09-11,10,0.0973850414156913
98_osh,2024-09-11,15,0.1267302930355072
98_osh,2024-09-11,20,0.2734118700027466
98_osh,2024-09-11,30,1.5933746099472046
98_osh,2024-09-11,40,1.5895304679870603
98_osh,2024-09-11,50,1.2312017679214478
98_osh,2024-09-12,5,0.1293138265609741
98_osh,2024-09-12,10,0.0990423858165741
98_osh,2024-09-12,15,0.1343306899070739
98_osh,2024-09-12,20,0.2929288446903229
98_osh,2024-09-12,30,1.6845201253890991
98_osh,2024-09-12,40,1.5119621753692627
98_osh,2024-09-12,50,1.1780720949172974
98_osh,2024-09-13,5,0.1269031167030334
98_osh,2024-09-13,10,0.1014348790049552
98_osh,2024-09-13,15,0.1390076577663421
98_osh,2024-09-13,20,0.3034910261631012
98_osh,2024-09-13,30,1.7477627992630005
98_osh,2024-09-13,40,1.4779605865478516
98_osh,2024-09-13,50,1.1509876251220703
98_osh,2024-09-14,5,0.1291154623031616
98_osh,2024-09-14,10,0.1032745689153671
98_osh,2024-09-14,15,0.1409209370613098
98_osh,2024-09-14,20,0.309933453798294
98_osh,2024-09-14,30,1.7551203966140747
98_osh,2024-09-14,40,1.43702232837677
98_osh,2024-09-14,50,1.125102162361145
98_osh,2024-09-15,5,0.1282525807619094
98_osh,2024-09-15,10,0.1054139956831932
98_osh,2024-09-15,15,0.1444778144359588
98_osh,2024-09-15,20,0.3244264125823974
98_osh,2024-09-15,30,1.7753101587295532
98_osh,2024-09-15,40,1.3746010065078735
98_osh,2024-09-15,50,1.084465503692627
98_osh,2024-09-16,5,0.131496399641037
98_osh,2024-09-16,10,0.1065625324845314
98_osh,2024-09-16,15,0.1456949263811111
98_osh,2024-09-16,20,0.3309871852397918
98_osh,2024-09-16,30,1.7700167894363403
98_osh,2024-09-16,40,1.3344289064407349
98_osh,2024-09-16,50,1.0553607940673828
98_osh,2024-09-17,5,0.134280264377594
98_osh,2024-09-17,10,0.1069470718502998
98_osh,2024-09-17,15,0.1447260230779647
98_osh,2024-09-17,20,0.3281221687793731
98_osh,2024-09-17,30,1.7483845949172974
98_osh,2024-09-17,40,1.3003058433532717
98_osh,2024-09-17,50,1.033497333526611
98_osh,2024-09-18,5,0.131982073187828
98_osh,2024-09-18,10,0.1080584824085235
98_osh,2024-09-18,15,0.1477041989564895
98_osh,2024-09-18,20,0.3323388695716858
98_osh,2024-09-18,30,1.8238325119018557
98_osh,2024-09-18,40,1.2437535524368286
98_osh,2024-09-18,50,0.989890992641449
98_osh,2024-09-19,5,0.1309971362352371
98_osh,2024-09-19,10,0.1079089492559433
98_osh,2024-09-19,15,0.1489447951316833
98_osh,2024-09-19,20,0.3325783014297485
98_osh,2024-09-19,30,1.9305925369262693
98_osh,2024-09-19,40,1.202904462814331
98_osh,2024-09-19,50,0.9471495747566224
98_osh,2024-09-20,5,0.1321987509727478
98_osh,2024-09-20,10,0.1123165041208267
98_osh,2024-09-20,15,0.1596349030733108
98_osh,2024-09-20,20,0.3610179424285888
98_osh,2024-09-20,30,1.948039412498474
98_osh,2024-09-20,40,1.125504970550537
98_osh,2024-09-20,50,0.885189414024353
98_osh,2024-09-21,5,0.1362888365983963
98_osh,2024-09-21,10,0.1191106364130973
98_osh,2024-09-21,15,0.1685968339443206
98_osh,2024-09-21,20,0.3829525113105774
98_osh,2024-09-21,30,1.8732116222381592
98_osh,2024-09-21,40,1.036860466003418
98_osh,2024-09-21,50,0.8242251873016357
98_osh,2024-09-22,5,0.1416555643081665
98_osh,2024-09-22,10,0.1271334439516067
98_osh,2024-09-22,15,0.1639720648527145
98_osh,2024-09-22,20,0.3656479120254516
98_osh,2024-09-22,30,1.7628507614135742
98_osh,2024-09-22,40,0.9901916980743408
98_osh,2024-09-22,50,0.7796111702919006
98_osh,2024-09-23,5,0.1485939770936966
98_osh,2024-09-23,10,0.1371630281209945
98_osh,2024-09-23,15,0.1591674238443374
98_osh,2024-09-23,20,0.343525618314743
98_osh,2024-09-23,30,1.781805157661438
98_osh,2024-09-23,40,0.9876168370246888
98_osh,2024-09-23,50,0.7611975073814392
98_osh,2024-09-24,5,0.1554138958454132
98_osh,2024-09-24,10,0.1501447260379791
98_osh,2024-09-24,15,0.1526218056678772
98_osh,2024-09-24,20,0.2911960780620575
98_osh,2024-09-24,30,1.7272639274597168
98_osh,2024-09-24,40,1.0574193000793457
98_osh,2024-09-24,50,0.7957023978233337
98_osh,2024-09-25,5,0.1612391769886016
98_osh,2024-09-25,10,0.1594519168138504
98_osh,2024-09-25,15,0.1584408581256866
98_osh,2024-09-25,20,0.232422724366188
98_osh,2024-09-25,30,1.500511646270752
98_osh,2024-09-25,40,1.1343075037002563
98_osh,2024-09-25,50,0.8658740520477295
98_osh,2024-09-26,5,0.1632750183343887
98_osh,2024-09-26,10,0.1610956341028213
98_osh,2024-09-26,15,0.1583804637193679
98_osh,2024-09-26,20,0.1952617019414901
98_osh,2024-09-26,30,1.359775424003601
98_osh,2024-09-26,40,1.156434178352356
98_osh,2024-09-26,50,0.9155757427215576
98_osh,2024-09-27,5,0.1621499061584472
98_osh,2024-09-27,10,0.1564688086509704
98_osh,2024-09-27,15,0.1538303643465042
98_osh,2024-09-27,20,0.1755647212266922
98_osh,2024-09-27,30,1.4304641485214231
98_osh,2024-09-27,40,1.1948319673538208
98_osh,2024-09-27,50,0.9397135972976683
98_osh,2024-09-28,5,0.1608680039644241
98_osh,2024-09-28,10,0.1490254253149032
98_osh,2024-09-28,15,0.1451352387666702
98_osh,2024-09-28,20,0.1604295670986175
98_osh,2024-09-28,30,1.6218186616897583
98_osh,2024-09-28,40,1.2690012454986572
98_osh,2024-09-28,50,0.9729296565055848
98_osh,2024-09-29,5,0.155317410826683
98_osh,2024-09-29,10,0.1443958580493927
98_osh,2024-09-29,15,0.1360085308551788
98_osh,2024-09-29,20,0.1502842754125595
98_osh,2024-09-29,30,1.6701642274856567
98_osh,2024-09-29,40,1.3210529088974
98_osh,2024-09-29,50,1.0078611373901367
98_osh,2024-09-30,5,0.151590347290039
98_osh,2024-09-30,10,0.1439277529716491
98_osh,2024-09-30,15,0.1289675533771515
98_osh,2024-09-30,20,0.1435140818357467
98_osh,2024-09-30,30,1.5616257190704346
98_osh,2024-09-30,40,1.3360347747802734
98_osh,2024-09-30,50,1.0423870086669922
98_osh,2024-10-01,5,0.1484941095113754
98_osh,2024-10-01,10,0.1416487693786621
98_osh,2024-10-01,15,0.1239017024636268
98_osh,2024-10-01,20,0.1389164328575134
98_osh,2024-10-01,30,1.4678298234939575
98_osh,2024-10-01,40,1.333706259727478
98_osh,2024-10-01,50,1.0583778619766235
98_osh,2024-10-02,5,0.1429650336503982
98_osh,2024-10-02,10,0.1397837251424789
98_osh,2024-10-02,15,0.119281992316246
98_osh,2024-10-02,20,0.1392435282468795
98_osh,2024-10-02,30,1.4132901430130005
98_osh,2024-10-02,40,1.307585597038269
98_osh,2024-10-02,50,1.0263991355895996
98_osh,2024-10-03,5,0.1373342275619506
98_osh,2024-10-03,10,0.1366709768772125
98_osh,2024-10-03,15,0.1201413124799728
98_osh,2024-10-03,20,0.141600102186203
98_osh,2024-10-03,30,1.382283329963684
98_osh,2024-10-03,40,1.24104905128479
98_osh,2024-10-03,50,0.9656442999839784
98_osh,2024-10-04,5,0.1357928812503814
98_osh,2024-10-04,10,0.1350202858448028
98_osh,2024-10-04,15,0.12298583984375
98_osh,2024-10-04,20,0.1462002396583557
98_osh,2024-10-04,30,1.331185221672058
98_osh,2024-10-04,40,1.1548945903778076
98_osh,2024-10-04,50,0.9039305448532104
98_osh,2024-10-05,5,0.1370524019002914
98_osh,2024-10-05,10,0.1355563998222351
98_osh,2024-10-05,15,0.1233248710632324
98_osh,2024-10-05,20,0.1544248014688491
98_osh,2024-10-05,30,1.389503836631775
98_osh,2024-10-05,40,1.1469131708145142
98_osh,2024-10-05,50,0.8953980803489685
98_osh,2024-10-06,5,0.1365810632705688
98_osh,2024-10-06,10,0.1331742703914642
98_osh,2024-10-06,15,0.1204422637820243
98_osh,2024-10-06,20,0.1500050127506256
98_osh,2024-10-06,30,1.4456137418746948
98_osh,2024-10-06,40,1.179916501045227
98_osh,2024-10-06,50,0.9327559471130372
98_osh,2024-10-07,5,0.1350739896297454
98_osh,2024-10-07,10,0.1317422091960907
98_osh,2024-10-07,15,0.1191048249602317
98_osh,2024-10-07,20,0.1461535841226577
98_osh,2024-10-07,30,1.3589619398117063
98_osh,2024-10-07,40,1.127472162246704
98_osh,2024-10-07,50,0.9306157231330872
98_osh,2024-10-08,5,0.1335314065217971
98_osh,2024-10-08,10,0.1327438950538635
98_osh,2024-10-08,15,0.1245804503560066
98_osh,2024-10-08,20,0.1458439230918884
98_osh,2024-10-08,30,1.4019880294799805
98_osh,2024-10-08,40,1.1145424842834473
98_osh,2024-10-08,50,0.9463135600090028
98_osh,2024-10-09,5,0.1303792148828506
98_osh,2024-10-09,10,0.1300353854894638
98_osh,2024-10-09,15,0.1291841715574264
98_osh,2024-10-09,20,0.1390751451253891
98_osh,2024-10-09,30,1.415508508682251
98_osh,2024-10-09,40,1.1725196838378906
98_osh,2024-10-09,50,1.0076897144317627
98_osh,2024-10-10,5,0.1276865303516388
98_osh,2024-10-10,10,0.1274031847715377
98_osh,2024-10-10,15,0.1268758028745651
98_osh,2024-10-10,20,0.1331745237112045
98_osh,2024-10-10,30,1.322309136390686
98_osh,2024-10-10,40,1.1925060749053955
98_osh,2024-10-10,50,1.073922872543335
98_osh,2024-10-11,5,0.1255864053964615
98_osh,2024-10-11,10,0.1253565847873687
98_osh,2024-10-11,15,0.1250554323196411
98_osh,2024-10-11,20,0.1304004192352295
98_osh,2024-10-11,30,1.2442423105239868
98_osh,2024-10-11,40,1.1866971254348757
98_osh,2024-10-11,50,1.1352380514144895
98_osh,2024-10-12,5,0.1237515360116958
98_osh,2024-10-12,10,0.1235106810927391
98_osh,2024-10-12,15,0.1232322081923484
98_osh,2024-10-12,20,0.1301009356975555
98_osh,2024-10-12,30,1.189882516860962
98_osh,2024-10-12,40,1.1571345329284668
98_osh,2024-10-12,50,1.1831563711166382
98_osh,2024-10-13,5,0.1218760386109352
98_osh,2024-10-13,10,0.1218136474490165
98_osh,2024-10-13,15,0.1217133775353431
98_osh,2024-10-13,20,0.1302657127380371
98_osh,2024-10-13,30,1.1407133340835571
98_osh,2024-10-13,40,1.143343806266785
98_osh,2024-10-13,50,1.2381354570388794
98_osh,2024-10-14,5,0.1198492348194122
98_osh,2024-10-14,10,0.1196762546896934
98_osh,2024-10-14,15,0.1195016130805015
98_osh,2024-10-14,20,0.1297148168087005
98_osh,2024-10-14,30,1.0731807947158811
98_osh,2024-10-14,40,1.1290704011917114
98_osh,2024-10-14,50,1.296117901802063
98_osh,2024-10-15,5,0.1190906837582588
98_osh,2024-10-15,10,0.1183047220110893
98_osh,2024-10-15,15,0.1180221587419509
98_osh,2024-10-15,20,0.1271824091672897
98_osh,2024-10-15,30,1.0098800659179688
98_osh,2024-10-15,40,1.0448150634765625
98_osh,2024-10-15,50,1.2931255102157593
98_osh,2024-10-16,5,0.1196408420801162
98_osh,2024-10-16,10,0.1185479611158371
98_osh,2024-10-16,15,0.1176594272255897
98_osh,2024-10-16,20,0.1253324598073959
98_osh,2024-10-16,30,1.01878821849823
98_osh,2024-10-16,40,1.0414531230926514
98_osh,2024-10-16,50,1.2925459146499634
98_osh,2024-10-17,5,0.1179505065083503
98_osh,2024-10-17,10,0.1177012398838996
98_osh,2024-10-17,15,0.1174071952700614
98_osh,2024-10-17,20,0.1220864877104759
98_osh,2024-10-17,30,1.012317419052124
98_osh,2024-10-17,40,1.113034725189209
98_osh,2024-10-17,50,1.3054624795913696
98_osh,2024-10-18,5,0.1167795807123184
98_osh,2024-10-18,10,0.116536721587181
98_osh,2024-10-18,15,0.1164105758070945
98_osh,2024-10-18,20,0.1216770112514495
98_osh,2024-10-18,30,0.9927586913108826
98_osh,2024-10-18,40,1.1329522132873535
98_osh,2024-10-18,50,1.281191110610962
98_osh,2024-10-19,5,0.1176361441612243
98_osh,2024-10-19,10,0.1177926659584045
98_osh,2024-10-19,15,0.1180801317095756
98_osh,2024-10-19,20,0.1223889738321304
98_osh,2024-10-19,30,0.8878027200698853
98_osh,2024-10-19,40,1.1784497499465942
98_osh,2024-10-19,50,1.2036073207855225
98_osh,2024-10-20,5,0.1231527104973793
98_osh,2024-10-20,10,0.123308815062046
98_osh,2024-10-20,15,0.1235570833086967
98_osh,2024-10-20,20,0.1337751746177673
98_osh,2024-10-20,30,0.8923459649085999
98_osh,2024-10-20,40,1.2054331302642822
98_osh,2024-10-20,50,1.1051689386367798
98_osh,2024-10-21,5,0.1271558701992035
98_osh,2024-10-21,10,0.127281978726387
98_osh,2024-10-21,15,0.1275259852409362
98_osh,2024-10-21,20,0.1377483010292053
98_osh,2024-10-21,30,0.926115095615387
98_osh,2024-10-21,40,1.203182816505432
98_osh,2024-10-21,50,1.056209921836853
98_osh,2024-10-22,5,0.1299310773611068
98_osh,2024-10-22,10,0.1297949403524398
98_osh,2024-10-22,15,0.1300735771656036
98_osh,2024-10-22,20,0.1400848180055618
98_osh,2024-10-22,30,0.8979315161705017
98_osh,2024-10-22,40,1.1635276079177856
98_osh,2024-10-22,50,1.017688512802124
98_osh,2024-10-23,5,0.13396817445755
98_osh,2024-10-23,10,0.1327182799577713
98_osh,2024-10-23,15,0.1334123313426971
98_osh,2024-10-23,20,0.1583356112241745
98_osh,2024-10-23,30,0.7868514060974121
98_osh,2024-10-23,40,1.042704939842224
98_osh,2024-10-23,50,0.93543940782547
98_osh,2024-10-24,5,0.1431155353784561
98_osh,2024-10-24,10,0.1425479352474212
98_osh,2024-10-24,15,0.1422899663448333
98_osh,2024-10-24,20,0.1855375617742538
98_osh,2024-10-24,30,0.799051821231842
98_osh,2024-10-24,40,0.9651505947113036
98_osh,2024-10-24,50,0.8624989986419678
98_osh,2024-10-25,5,0.1464584320783615
98_osh,2024-10-25,10,0.1465004086494445
98_osh,2024-10-25,15,0.1466995924711227
98_osh,2024-10-25,20,0.1947230249643325
98_osh,2024-10-25,30,0.9661397337913512
98_osh,2024-10-25,40,0.9812273979187012
98_osh,2024-10-25,50,0.8250886797904968
98_osh,2024-10-26,5,0.1459406167268753
98_osh,2024-10-26,10,0.1459607630968094
98_osh,2024-10-26,15,0.1459983587265014
98_osh,2024-10-26,20,0.1952860206365585
98_osh,2024-10-26,30,1.1188708543777466
98_osh,2024-10-26,40,0.9926586151123048
98_osh,2024-10-26,50,0.7858229279518127
98_osh,2024-10-27,5,0.1459095180034637
98_osh,2024-10-27,10,0.1461938321590423
98_osh,2024-10-27,15,0.1467214375734329
98_osh,2024-10-27,20,0.1955195814371109
98_osh,2024-10-27,30,1.1924729347229004
98_osh,2024-10-27,40,0.9559820294380188
98_osh,2024-10-27,50,0.7324454188346863
98_osh,2024-10-28,5,0.1536826640367508
98_osh,2024-10-28,10,0.1540374755859375
98_osh,2024-10-28,15,0.154590368270874
98_osh,2024-10-28,20,0.1824304610490799
98_osh,2024-10-28,30,1.226030945777893
98_osh,2024-10-28,40,0.8869199156761169
98_osh,2024-10-28,50,0.665523111820221
98_osh,2024-10-29,5,0.1584730148315429
98_osh,2024-10-29,10,0.15877366065979
98_osh,2024-10-29,15,0.1594044119119644
98_osh,2024-10-29,20,0.2017440497875213
98_osh,2024-10-29,30,1.2955799102783203
98_osh,2024-10-29,40,0.8384754657745361
98_osh,2024-10-29,50,0.6202351450920105
98_osh,2024-10-30,5,0.1622326225042343
98_osh,2024-10-30,10,0.1627807170152664
98_osh,2024-10-30,15,0.1638398915529251
98_osh,2024-10-30,20,0.21429044008255
98_osh,2024-10-30,30,1.3750487565994265
98_osh,2024-10-30,40,0.8132303953170776
98_osh,2024-10-30,50,0.6005987524986267
98_osh,2024-10-31,5,0.1677527278661728
98_osh,2024-10-31,10,0.168274775147438
98_osh,2024-10-31,15,0.1693421453237533
98_osh,2024-10-31,20,0.2243952602148056
98_osh,2024-10-31,30,1.461099624633789
98_osh,2024-10-31,40,0.7919629812240601
98_osh,2024-10-31,50,0.5912384390830994
98_osh,2024-11-01,5,0.1707764565944671
98_osh,2024-11-01,10,0.1710218489170074
98_osh,2024-11-01,15,0.171691745519638
98_osh,2024-11-01,20,0.2386098206043243
98_osh,2024-11-01,30,1.5158357620239258
98_osh,2024-11-01,40,0.7728874683380127
98_osh,2024-11-01,50,0.5799033045768738
98_osh,2024-11-02,5,0.17275170981884
98_osh,2024-11-02,10,0.1732127815485
98_osh,2024-11-02,15,0.1742170006036758
98_osh,2024-11-02,20,0.2725145816802978
98_osh,2024-11-02,30,1.499320387840271
98_osh,2024-11-02,40,0.7309156060218811
98_osh,2024-11-02,50,0.5549424886703491
98_osh,2024-11-03,5,0.1829048693180084
98_osh,2024-11-03,10,0.183625042438507
98_osh,2024-11-03,15,0.1848139017820358
98_osh,2024-11-03,20,0.2812840938568115
98_osh,2024-11-03,30,1.4932830333709717
98_osh,2024-11-03,40,0.6837199330329895
98_osh,2024-11-03,50,0.5258908867835999
98_osh,2024-11-04,5,0.1963143199682235
98_osh,2024-11-04,10,0.1974459588527679
98_osh,2024-11-04,15,0.1995283365249633
98_osh,2024-11-04,20,0.3557886779308319
98_osh,2024-11-04,30,1.445873737335205
98_osh,2024-11-04,40,0.6325170397758484
98_osh,2024-11-04,50,0.4982402920722961
98_osh,2024-11-05,5,0.224985122680664
98_osh,2024-11-05,10,0.2263783365488052
98_osh,2024-11-05,15,0.2289792448282241
98_osh,2024-11-05,20,0.4700101613998413
98_osh,2024-11-05,30,1.4131704568862915
98_osh,2024-11-05,40,0.5887735486030579
98_osh,2024-11-05,50,0.4740611910820007
98_osh,2024-11-06,5,0.2496128678321838
98_osh,2024-11-06,10,0.2514728307723999
98_osh,2024-11-06,15,0.2556955218315124
98_osh,2024-11-06,20,0.6270712614059448
98_osh,2024-11-06,30,1.426786184310913
98_osh,2024-11-06,40,0.5619831085205078
98_osh,2024-11-06,50,0.457246869802475
98_osh,2024-11-07,5,0.2928437888622284
98_osh,2024-11-07,10,0.2953474819660187
98_osh,2024-11-07,15,0.3018276393413543
98_osh,2024-11-07,20,0.8724787831306458
98_osh,2024-11-07,30,1.3737677335739136
98_osh,2024-11-07,40,0.522473931312561
98_osh,2024-11-07,50,0.4302499890327453
98_osh,2024-11-08,5,0.3737850785255432
98_osh,2024-11-08,10,0.3776764869689941
98_osh,2024-11-08,15,0.3880153298377991
98_osh,2024-11-08,20,1.0594449043273926
98_osh,2024-11-08,30,1.269830584526062
98_osh,2024-11-08,40,0.4796059727668762
98_osh,2024-11-08,50,0.4027604460716247
98_osh,2024-11-09,5,0.4346944689750671
98_osh,2024-11-09,10,0.4388397336006164
98_osh,2024-11-09,15,0.4517664909362793
98_osh,2024-11-09,20,1.1658741235733032
98_osh,2024-11-09,30,1.204002857208252
98_osh,2024-11-09,40,0.4595593810081482
98_osh,2024-11-09,50,0.3886055052280426
98_osh,2024-11-10,5,0.4733092784881592
98_osh,2024-11-10,10,0.4792852997779846
98_osh,2024-11-10,15,0.4901503920555115
98_osh,2024-11-10,20,1.1877347230911257
98_osh,2024-11-10,30,1.188357949256897
98_osh,2024-11-10,40,0.4552957117557525
98_osh,2024-11-10,50,0.3821180462837219
98_osh,2024-11-11,5,0.4976617097854614
98_osh,2024-11-11,10,0.5010067820549011
98_osh,2024-11-11,15,0.508205235004425
98_osh,2024-11-11,20,1.1436954736709597
98_osh,2024-11-11,30,1.1794918775558472
98_osh,2024-11-11,40,0.4519349932670593
98_osh,2024-11-11,50,0.3768613040447235
98_osh,2024-11-12,5,0.5417703986167908
98_osh,2024-11-12,10,0.5463815331459045
98_osh,2024-11-12,15,0.5557271838188171
98_osh,2024-11-12,20,1.1972993612289429
98_osh,2024-11-12,30,1.1273751258850098
98_osh,2024-11-12,40,0.4365001618862152
98_osh,2024-11-12,50,0.3656875491142273
98_osh,2024-11-13,5,0.5971513986587524
98_osh,2024-11-13,10,0.6015821099281311
98_osh,2024-11-13,15,0.6092135906219482
98_osh,2024-11-13,20,1.16502046585083
98_osh,2024-11-13,30,1.059688687324524
98_osh,2024-11-13,40,0.4175912141799927
98_osh,2024-11-13,50,0.3510914444923401
98_osh,2024-11-14,5,0.6552810072898865
98_osh,2024-11-14,10,0.6621721982955933
98_osh,2024-11-14,15,0.6716761589050293
98_osh,2024-11-14,20,0.8015650510787964
98_osh,2024-11-14,30,1.0541691780090332
98_osh,2024-11-14,40,0.4104900658130646
98_osh,2024-11-14,50,0.3428322672843933
98_osh,2024-11-15,5,0.6629924774169922
98_osh,2024-11-15,10,0.6649646759033203
98_osh,2024-11-15,15,0.6677114963531494
98_osh,2024-11-15,20,0.683627724647522
98_osh,2024-11-15,30,1.0618736743927002
98_osh,2024-11-15,40,0.4042097926139831
98_osh,2024-11-15,50,0.3360105752944946
98_osh,2024-11-16,5,0.655154287815094
98_osh,2024-11-16,10,0.6576889157295227
98_osh,2024-11-16,15,0.6608346104621887
98_osh,2024-11-16,20,0.6778361797332764
98_osh,2024-11-16,30,1.111888408660889
98_osh,2024-11-16,40,0.4017908871173858
98_osh,2024-11-16,50,0.3317350447177887
98_osh,2024-11-17,5,0.6735104322433472
98_osh,2024-11-17,10,0.6796792149543762
98_osh,2024-11-17,15,0.6873105764389038
98_osh,2024-11-17,20,0.7188171148300171
98_osh,2024-11-17,30,1.0727770328521729
98_osh,2024-11-17,40,0.3924687504768371
98_osh,2024-11-17,50,0.3251238167285919
98_osh,2024-11-18,5,0.816490650177002
98_osh,2024-11-18,10,0.8177624940872192
98_osh,2024-11-18,15,0.8191661238670349
98_osh,2024-11-18,20,0.8231194615364075
98_osh,2024-11-18,30,0.9314931035041808
98_osh,2024-11-18,40,0.366119921207428
98_osh,2024-11-18,50,0.3105895817279815
98_osh,2024-11-19,5,0.9589263200759888
98_osh,2024-11-19,10,0.9589206576347352
98_osh,2024-11-19,15,0.9589049220085144
98_osh,2024-11-19,20,0.9584969878196716
98_osh,2024-11-19,30,0.8205335140228271
98_osh,2024-11-19,40,0.344849169254303
98_osh,2024-11-19,50,0.2963690459728241
98_osh,2024-11-20,5,1.086530685424805
98_osh,2024-11-20,10,1.0853203535079956
98_osh,2024-11-20,15,1.0838031768798828
98_osh,2024-11-20,20,1.0786250829696655
98_osh,2024-11-20,30,0.7587186098098755
98_osh,2024-11-20,40,0.3345534801483154
98_osh,2024-11-20,50,0.2878729104995727
98_osh,2024-11-21,5,1.1817189455032349
98_osh,2024-11-21,10,1.180587649345398
98_osh,2024-11-21,15,1.1788698434829712
98_osh,2024-11-21,20,1.17199969291687
98_osh,2024-11-21,30,0.7416545748710632
98_osh,2024-11-21,40,0.3329666554927826
98_osh,2024-11-21,50,0.2851256728172302
98_osh,2024-11-22,5,1.2034751176834106
98_osh,2024-11-22,10,1.201552391052246
98_osh,2024-11-22,15,1.1980286836624146
98_osh,2024-11-22,20,1.183158040046692
98_osh,2024-11-22,30,0.7545478343963623
98_osh,2024-11-22,40,0.3296507894992828
98_osh,2024-11-22,50,0.2819138765335083
98_osh,2024-11-23,5,1.217489242553711
98_osh,2024-11-23,10,1.2163180112838743
98_osh,2024-11-23,15,1.2148716449737549
98_osh,2024-11-23,20,1.2107025384902954
98_osh,2024-11-23,30,0.8651098012924194
98_osh,2024-11-23,40,0.3235416710376739
98_osh,2024-11-23,50,0.2780870497226715
98_osh,2024-11-24,5,1.26029634475708
98_osh,2024-11-24,10,1.2593501806259155
98_osh,2024-11-24,15,1.2583037614822388
98_osh,2024-11-24,20,1.255232572555542
98_osh,2024-11-24,30,0.892979621887207
98_osh,2024-11-24,40,0.3123722374439239
98_osh,2024-11-24,50,0.2714810967445373
98_osh,2024-11-25,5,1.317879319190979
98_osh,2024-11-25,10,1.3157724142074585
98_osh,2024-11-25,15,1.3133740425109863
98_osh,2024-11-25,20,1.3079882860183716
98_osh,2024-11-25,30,0.903894305229187
98_osh,2024-11-25,40,0.3056603372097015
98_osh,2024-11-25,50,0.2664497494697571
98_osh,2024-11-26,5,1.3726167678833008
98_osh,2024-11-26,10,1.371778964996338
98_osh,2024-11-26,15,1.3693629503250122
98_osh,2024-11-26,20,1.362905502319336
98_osh,2024-11-26,30,1.070561766624451
98_osh,2024-11-26,40,0.3147316873073578
98_osh,2024-11-26,50,0.2692201733589172
98_osh,2024-11-27,5,1.3952399492263794
98_osh,2024-11-27,10,1.3867921829223633
98_osh,2024-11-27,15,1.3724253177642822
98_osh,2024-11-27,20,1.3418810367584229
98_osh,2024-11-27,30,1.152905821800232
98_osh,2024-11-27,40,0.3523401319980621
98_osh,2024-11-27,50,0.2756721675395965
98_osh,2024-11-28,5,1.3692786693572998
98_osh,2024-11-28,10,1.3649436235427856
98_osh,2024-11-28,15,1.3602259159088137
98_osh,2024-11-28,20,1.3524904251098633
98_osh,2024-11-28,30,1.2563921213150024
98_osh,2024-11-28,40,0.3812552094459533
98_osh,2024-11-28,50,0.286222368478775
98_osh,2024-11-29,5,1.3828049898147583
98_osh,2024-11-29,10,1.3811397552490234
98_osh,2024-11-29,15,1.379298448562622
98_osh,2024-11-29,20,1.376470685005188
98_osh,2024-11-29,30,1.3568511009216309
98_osh,2024-11-29,40,0.3826918005943298
98_osh,2024-11-29,50,0.2897365391254425
98_osh,2024-11-30,5,1.3797571659088137
98_osh,2024-11-30,10,1.3782840967178345
98_osh,2024-11-30,15,1.3766508102416992
98_osh,2024-11-30,20,1.3741767406463623
98_osh,2024-11-30,30,1.3624025583267212
98_osh,2024-11-30,40,0.4124572575092315
98_osh,2024-11-30,50,0.2913252711296081
98_osh,2024-12-01,5,1.3901902437210083
98_osh,2024-12-01,10,1.3886902332305908
98_osh,2024-12-01,15,1.386994481086731
98_osh,2024-12-01,20,1.38438618183136
98_osh,2024-12-01,30,1.3700822591781616
98_osh,2024-12-01,40,0.516284167766571
98_osh,2024-12-01,50,0.3516749739646911
98_osh,2024-12-02,5,1.4199289083480835
98_osh,2024-12-02,10,1.4174662828445437
98_osh,2024-12-02,15,1.414101481437683
98_osh,2024-12-02,20,1.407685399055481
98_osh,2024-12-02,30,1.3682246208190918
98_osh,2024-12-02,40,0.627820611000061
98_osh,2024-12-02,50,0.3789066672325134
98_osh,2024-12-03,5,1.3810381889343262
98_osh,2024-12-03,10,1.3762768507003784
98_osh,2024-12-03,15,1.3710274696350098
98_osh,2024-12-03,20,1.3630753755569458
98_osh,2024-12-03,30,1.3355413675308228
98_osh,2024-12-03,40,1.182320237159729
98_osh,2024-12-03,50,0.4247700572013855
98_osh,2024-12-04,5,1.3690311908721924
98_osh,2024-12-04,10,1.368050217628479
98_osh,2024-12-04,15,1.36689293384552
98_osh,2024-12-04,20,1.3651498556137085
98_osh,2024-12-04,30,1.3624740839004517
98_osh,2024-12-04,40,1.3135727643966677
98_osh,2024-12-04,50,0.5517709255218506
98_osh,2024-12-05,5,1.3365614414215088
98_osh,2024-12-05,10,1.3323863744735718
98_osh,2024-12-05,15,1.3277757167816162
98_osh,2024-12-05,20,1.3207721710205078
98_osh,2024-12-05,30,1.304158091545105
98_osh,2024-12-05,40,1.243690013885498
98_osh,2024-12-05,50,1.0482605695724487
98_osh,2024-12-06,5,1.2718647718429563
98_osh,2024-12-06,10,1.2698098421096802
98_osh,2024-12-06,15,1.267516851425171
98_osh,2024-12-06,20,1.264055252075195
98_osh,2024-12-06,30,1.2568342685699463
98_osh,2024-12-06,40,1.2461154460906982
98_osh,2024-12-06,50,1.211200714111328
98_osh,2024-12-07,5,1.300695538520813
98_osh,2024-12-07,10,1.3002256155014038
98_osh,2024-12-07,15,1.2997275590896606
98_osh,2024-12-07,20,1.2990418672561646
98_osh,2024-12-07,30,1.2989298105239868
98_osh,2024-12-07,40,1.3055899143218994
98_osh,2024-12-07,50,1.2988449335098269
98_osh,2024-12-08,5,1.3735933303833008
98_osh,2024-12-08,10,1.3734785318374634
98_osh,2024-12-08,15,1.3733638525009155
98_osh,2024-12-08,20,1.3732528686523438
98_osh,2024-12-08,30,1.3745523691177368
98_osh,2024-12-08,40,1.3864219188690186
98_osh,2024-12-08,50,1.3847789764404297
98_osh,2024-12-09,5,1.4163625240325928
98_osh,2024-12-09,10,1.4162341356277466
98_osh,2024-12-09,15,1.4161030054092407
98_osh,2024-12-09,20,1.4159504175186155
98_osh,2024-12-09,30,1.4167770147323608
98_osh,2024-12-09,40,1.4204944372177124
98_osh,2024-12-09,50,1.4194555282592771
98_osh,2024-12-10,5,1.460440993309021
98_osh,2024-12-10,10,1.460314393043518
98_osh,2024-12-10,15,1.460188388824463
98_osh,2024-12-10,20,1.4600465297698977
98_osh,2024-12-10,30,1.460902452468872
98_osh,2024-12-10,40,1.4463173151016235
98_osh,2024-12-10,50,1.4453808069229126
98_osh,2024-12-11,5,1.5418672561645508
98_osh,2024-12-11,10,1.5416978597640991
98_osh,2024-12-11,15,1.5415244102478027
98_osh,2024-12-11,20,1.54130220413208
98_osh,2024-12-11,30,1.541768193244934
98_osh,2024-12-11,40,1.5068970918655396
98_osh,2024-12-11,50,1.505789041519165
98_osh,2024-12-12,5,1.630140781402588
98_osh,2024-12-12,10,1.6299244165420532
98_osh,2024-12-12,15,1.6297065019607544
98_osh,2024-12-12,20,1.6294240951538086
98_osh,2024-12-12,30,1.629927158355713
98_osh,2024-12-12,40,1.5776355266571045
98_osh,2024-12-12,50,1.5763742923736572
98_osh,2024-12-13,5,1.69863760471344
98_osh,2024-12-13,10,1.6984325647354126
98_osh,2024-12-13,15,1.698236107826233
98_osh,2024-12-13,20,1.698003172874451
98_osh,2024-12-13,30,1.6989083290100098
98_osh,2024-12-13,40,1.633756399154663
98_osh,2024-12-13,50,1.63254714012146
98_osh,2024-12-14,5,1.7391865253448486
98_osh,2024-12-14,10,1.738970398902893
98_osh,2024-12-14,15,1.7387700080871582
98_osh,2024-12-14,20,1.7385382652282717
98_osh,2024-12-14,30,1.7394390106201172
98_osh,2024-12-14,40,1.6606484651565552
98_osh,2024-12-14,50,1.6595158576965332
98_osh,2024-12-15,5,1.744483232498169
98_osh,2024-12-15,10,1.7442630529403689
98_osh,2024-12-15,15,1.7440606355667114
98_osh,2024-12-15,20,1.7438195943832395
98_osh,2024-12-15,30,1.7443499565124512
98_osh,2024-12-15,40,1.647213339805603
98_osh,2024-12-15,50,1.6461197137832642
98_osh,2024-12-16,5,1.7709850072860718
98_osh,2024-12-16,10,1.7707549333572388
98_osh,2024-12-16,15,1.7705440521240234
98_osh,2024-12-16,20,1.7702953815460205
98_osh,2024-12-16,30,1.770941138267517
98_osh,2024-12-16,40,1.6520094871520996
98_osh,2024-12-16,50,1.6508907079696655
98_osh,2024-12-17,5,1.8102333545684812
98_osh,2024-12-17,10,1.8100115060806277
98_osh,2024-12-17,15,1.809814453125
98_osh,2024-12-17,20,1.8096007108688357
98_osh,2024-12-17,30,1.8106906414031985
98_osh,2024-12-17,40,1.673573613166809
98_osh,2024-12-17,50,1.6723434925079346
98_osh,2024-12-18,5,1.8379275798797607
98_osh,2024-12-18,10,1.8377385139465328
98_osh,2024-12-18,15,1.8375781774520876
98_osh,2024-12-18,20,1.8374340534210205
98_osh,2024-12-18,30,1.839038968086243
98_osh,2024-12-18,40,1.686629056930542
98_osh,2024-12-18,50,1.6853797435760498
98_osh,2024-12-19,5,1.8572942018508911
98_osh,2024-12-19,10,1.856978297233581
98_osh,2024-12-19,15,1.856720209121704
98_osh,2024-12-19,20,1.856448769569397
98_osh,2024-12-19,30,1.8575379848480225
98_osh,2024-12-19,40,1.6940191984176636
98_osh,2024-12-19,50,1.692612648010254
98_osh,2024-12-20,5,1.8248199224472048
98_osh,2024-12-20,10,1.824609637260437
98_osh,2024-12-20,15,1.824421048164368
98_osh,2024-12-20,20,1.8242379426956177
98_osh,2024-12-20,30,1.8253486156463623
98_osh,2024-12-20,40,1.6536173820495603
98_osh,2024-12-20,50,1.652188777923584
98_osh,2024-12-21,5,1.8031264543533323
98_osh,2024-12-21,10,1.8032087087631223
98_osh,2024-12-21,15,1.8033686876297
98_osh,2024-12-21,20,1.8037536144256592
98_osh,2024-12-21,30,1.806350946426392
98_osh,2024-12-21,40,1.6206001043319702
98_osh,2024-12-21,50,1.6194592714309692
98_osh,2024-12-22,5,1.8304362297058103
98_osh,2024-12-22,10,1.830030918121338
98_osh,2024-12-22,15,1.829692244529724
98_osh,2024-12-22,20,1.8292715549468996
98_osh,2024-12-22,30,1.8295416831970213
98_osh,2024-12-22,40,1.6274278163909912
98_osh,2024-12-22,50,1.620736837387085
98_osh,2024-12-23,5,1.8441588878631592
98_osh,2024-12-23,10,1.8433504104614256
98_osh,2024-12-23,15,1.8425852060317995
98_osh,2024-12-23,20,1.841599464416504
98_osh,2024-12-23,30,1.8404669761657717
98_osh,2024-12-23,40,1.6327362060546875
98_osh,2024-12-23,50,1.6271766424179075
98_osh,2024-12-24,5,1.8481851816177368
98_osh,2024-12-24,10,1.8475580215454104
98_osh,2024-12-24,15,1.8470401763916016
98_osh,2024-12-24,20,1.8464356660842896
98_osh,2024-12-24,30,1.8427218198776243
98_osh,2024-12-24,40,1.639062523841858
98_osh,2024-12-24,50,1.6380127668380735
98_osh,2024-12-25,5,1.8536843061447144
98_osh,2024-12-25,10,1.853895902633667
98_osh,2024-12-25,15,1.8541138172149656
98_osh,2024-12-25,20,1.854254126548767
98_osh,2024-12-25,30,1.8418333530426023
98_osh,2024-12-25,40,1.648992657661438
98_osh,2024-12-25,50,1.649789571762085
98_osh,2024-12-26,5,1.8740142583847048
98_osh,2024-12-26,10,1.8733279705047607
98_osh,2024-12-26,15,1.8726060390472408
98_osh,2024-12-26,20,1.8713196516036987
98_osh,2024-12-26,30,1.860355257987976
98_osh,2024-12-26,40,1.6543493270874023
98_osh,2024-12-26,50,1.6496880054473877
98_osh,2024-12-27,5,1.8808127641677856
98_osh,2024-12-27,10,1.8799903392791748
98_osh,2024-12-27,15,1.8791543245315552
98_osh,2024-12-27,20,1.8778409957885744
98_osh,2024-12-27,30,1.8712491989135744
98_osh,2024-12-27,40,1.6500513553619385
98_osh,2024-12-27,50,1.6452871561050415
98_osh,2024-12-28,5,1.87593686580658
98_osh,2024-12-28,10,1.8753421306610107
98_osh,2024-12-28,15,1.8748455047607424
98_osh,2024-12-28,20,1.8742741346359253
98_osh,2024-12-28,30,1.873518705368042
98_osh,2024-12-28,40,1.6421489715576172
98_osh,2024-12-28,50,1.6409268379211426
98_osh,2024-12-29,5,1.881273627281189
98_osh,2024-12-29,10,1.880791187286377
98_osh,2024-12-29,15,1.8804048299789429
98_osh,2024-12-29,20,1.8799970149993896
98_osh,2024-12-29,30,1.8796837329864504
98_osh,2024-12-29,40,1.6416627168655396
98_osh,2024-12-29,50,1.6412018537521362
98_osh,2024-12-30,5,1.8830450773239136
98_osh,2024-12-30,10,1.883538126945496
98_osh,2024-12-30,15,1.884074687957764
98_osh,2024-12-30,20,1.8849287033081052
98_osh,2024-12-30,30,1.8880867958068848
98_osh,2024-12-30,40,1.6433422565460205
98_osh,2024-12-30,50,1.6445555686950684
98_osh,2024-12-31,5,1.8744641542434688
98_osh,2024-12-31,10,1.8747870922088623
98_osh,2024-12-31,15,1.8752342462539675
98_osh,2024-12-31,20,1.876046895980835
98_osh,2024-12-31,30,1.8791877031326292
98_osh,2024-12-31,40,1.633676290512085
98_osh,2024-12-31,50,1.6358534097671509
98_osh,2025-01-01,5,1.888385891914368
98_osh,2025-01-01,10,1.8882248401641848
98_osh,2025-01-01,15,1.888248085975647
98_osh,2025-01-01,20,1.8884931802749636
98_osh,2025-01-01,30,1.889983892440796
98_osh,2025-01-01,40,1.6450350284576416
98_osh,2025-01-01,50,1.6467204093933103
98_osh,2025-01-02,5,1.9216159582138064
98_osh,2025-01-02,10,1.9213792085647583
98_osh,2025-01-02,15,1.9212915897369385
98_osh,2025-01-02,20,1.9213818311691284
98_osh,2025-01-02,30,1.9227858781814573
98_osh,2025-01-02,40,1.6764849424362185
98_osh,2025-01-02,50,1.6776565313339231
98_osh,2025-01-03,5,1.949388146400452
98_osh,2025-01-03,10,1.949274063110352
98_osh,2025-01-03,15,1.949328064918518
98_osh,2025-01-03,20,1.9496568441390991
98_osh,2025-01-03,30,1.9522217512130735
98_osh,2025-01-03,40,1.7053228616714478
98_osh,2025-01-03,50,1.7067899703979492
98_osh,2025-01-04,5,1.9708268642425537
98_osh,2025-01-04,10,1.9704941511154173
98_osh,2025-01-04,15,1.970292568206787
98_osh,2025-01-04,20,1.970164179801941
98_osh,2025-01-04,30,1.9683815240859983
98_osh,2025-01-04,40,1.7271382808685305
98_osh,2025-01-04,50,1.7283236980438232
98_osh,2025-01-05,5,1.953136920928955
98_osh,2025-01-05,10,1.9538476467132568
98_osh,2025-01-05,15,1.9544131755828855
98_osh,2025-01-05,20,1.95487380027771
98_osh,2025-01-05,30,1.946312427520752
98_osh,2025-01-05,40,1.7178218364715576
98_osh,2025-01-05,50,1.7180111408233645
98_osh,2025-01-06,5,1.896178960800171
98_osh,2025-01-06,10,1.8946774005889893
98_osh,2025-01-06,15,1.8921083211898804
98_osh,2025-01-06,20,1.8848273754119875
98_osh,2025-01-06,30,1.8562787771224976
98_osh,2025-01-06,40,1.6374424695968628
98_osh,2025-01-06,50,1.6241551637649536
98_osh,2025-01-07,5,1.8234513998031616
98_osh,2025-01-07,10,1.8220906257629397
98_osh,2025-01-07,15,1.8206868171691892
98_osh,2025-01-07,20,1.8183064460754397
98_osh,2025-01-07,30,1.8052788972854612
98_osh,2025-01-07,40,1.5830154418945312
98_osh,2025-01-07,50,1.571012258529663
98_osh,2025-01-08,5,1.8222854137420652
98_osh,2025-01-08,10,1.8217018842697144
98_osh,2025-01-08,15,1.8212007284164429
98_osh,2025-01-08,20,1.820570707321167
98_osh,2025-01-08,30,1.819236636161804
98_osh,2025-01-08,40,1.5949134826660156
98_osh,2025-01-08,50,1.593368411064148
98_osh,2025-01-09,5,1.8578089475631716
98_osh,2025-01-09,10,1.8572577238082888
98_osh,2025-01-09,15,1.8568782806396484
98_osh,2025-01-09,20,1.856499195098877
98_osh,2025-01-09,30,1.8559792041778564
98_osh,2025-01-09,40,1.6242941617965698
98_osh,2025-01-09,50,1.6226530075073242
98_osh,2025-01-10,5,1.8893221616744995
98_osh,2025-01-10,10,1.8894885778427124
98_osh,2025-01-10,15,1.8896420001983645
98_osh,2025-01-10,20,1.8896551132202148
98_osh,2025-01-10,30,1.889640212059021
98_osh,2025-01-10,40,1.6308317184448242
98_osh,2025-01-10,50,1.6180695295333862
98_osh,2025-01-11,5,1.9024498462677
98_osh,2025-01-11,10,1.9031578302383425
98_osh,2025-01-11,15,1.903756856918335
98_osh,2025-01-11,20,1.9045360088348389
98_osh,2025-01-11,30,1.908464789390564
98_osh,2025-01-11,40,1.6368319988250732
98_osh,2025-01-11,50,1.6241601705551147
98_osh,2025-01-12,5,1.893435001373291
98_osh,2025-01-12,10,1.895269513130188
98_osh,2025-01-12,15,1.8968387842178345
98_osh,2025-01-12,20,1.898833394050598
98_osh,2025-01-12,30,1.902015328407288
98_osh,2025-01-12,40,1.643213391304016
98_osh,2025-01-12,50,1.6395819187164309
98_osh,2025-01-13,5,1.8821922540664675
98_osh,2025-01-13,10,1.8824808597564695
98_osh,2025-01-13,15,1.8826428651809688
98_osh,2025-01-13,20,1.8824775218963623
98_osh,2025-01-13,30,1.871685028076172
98_osh,2025-01-13,40,1.625879168510437
98_osh,2025-01-13,50,1.6200673580169678
98_osh,2025-01-14,5,1.8729671239852903
98_osh,2025-01-14,10,1.872114300727844
98_osh,2025-01-14,15,1.871338129043579
98_osh,2025-01-14,20,1.8703418970108032
98_osh,2025-01-14,30,1.86538827419281
98_osh,2025-01-14,40,1.6223342418670654
98_osh,2025-01-14,50,1.6161857843399048
98_osh,2025-01-15,5,1.8788790702819824
98_osh,2025-01-15,10,1.8784599304199217
98_osh,2025-01-15,15,1.8781284093856807
98_osh,2025-01-15,20,1.877784848213196
98_osh,2025-01-15,30,1.8789799213409424
98_osh,2025-01-15,40,1.6507567167282104
98_osh,2025-01-15,50,1.649985671043396
98_osh,2025-01-16,5,1.8723071813583372
98_osh,2025-01-16,10,1.87222957611084
98_osh,2025-01-16,15,1.8722528219223025
98_osh,2025-01-16,20,1.8725320100784304
98_osh,2025-01-16,30,1.87639582157135
98_osh,2025-01-16,40,1.6689378023147583
98_osh,2025-01-16,50,1.669671654701233
98_osh,2025-01-17,5,1.8646996021270752
98_osh,2025-01-17,10,1.8645942211151123
98_osh,2025-01-17,15,1.8645291328430176
98_osh,2025-01-17,20,1.8646228313446045
98_osh,2025-01-17,30,1.867736339569092
98_osh,2025-01-17,40,1.678414225578308
98_osh,2025-01-17,50,1.6790833473205566
98_osh,2025-01-18,5,1.861271619796753
98_osh,2025-01-18,10,1.8621114492416384
98_osh,2025-01-18,15,1.8629233837127688
98_osh,2025-01-18,20,1.863994002342224
98_osh,2025-01-18,30,1.865522146224976
98_osh,2025-01-18,40,1.694974660873413
98_osh,2025-01-18,50,1.6936029195785522
98_osh,2025-01-19,5,1.84019935131073
98_osh,2025-01-19,10,1.841394662857056
98_osh,2025-01-19,15,1.8331091403961184
98_osh,2025-01-19,20,1.814260005950928
98_osh,2025-01-19,30,1.7776607275009155
98_osh,2025-01-19,40,1.6223942041397097
98_osh,2025-01-19,50,1.6092787981033323
98_osh,2025-01-20,5,1.8109368085861208
98_osh,2025-01-20,10,1.8070305585861208
98_osh,2025-01-20,15,1.789719820022583
98_osh,2025-01-20,20,1.7456090450286863
98_osh,2025-01-20,30,1.664257287979126
98_osh,2025-01-20,40,1.5159597396850586
98_osh,2025-01-20,50,1.4978046417236328
98_osh,2025-01-21,5,1.7500299215316772
98_osh,2025-01-21,10,1.74224853515625
98_osh,2025-01-21,15,1.7306835651397705
98_osh,2025-01-21,20,1.7107502222061155
98_osh,2025-01-21,30,1.6671611070632937
98_osh,2025-01-21,40,1.5151922702789309
98_osh,2025-01-21,50,1.4843485355377195
98_osh,2025-01-22,5,1.6723145246505735
98_osh,2025-01-22,10,1.6720396280288696
98_osh,2025-01-22,15,1.671507477760315
98_osh,2025-01-22,20,1.670275330543518
98_osh,2025-01-22,30,1.6590018272399902
98_osh,2025-01-22,40,1.504071593284607
98_osh,2025-01-22,50,1.4920848608016968
98_osh,2025-01-23,5,1.6685171127319336
98_osh,2025-01-23,10,1.667528748512268
98_osh,2025-01-23,15,1.6645023822784424
98_osh,2025-01-23,20,1.6564210653305054
98_osh,2025-01-23,30,1.6294718980789185
98_osh,2025-01-23,40,1.4731162786483765
98_osh,2025-01-23,50,1.4532709121704102
98_osh,2025-01-24,5,1.6919000148773191
98_osh,2025-01-24,10,1.6864475011825562
98_osh,2025-01-24,15,1.6763291358947754
98_osh,2025-01-24,20,1.6545259952545166
98_osh,2025-01-24,30,1.6097779273986816
98_osh,2025-01-24,40,1.4446107149124146
98_osh,2025-01-24,50,1.415880799293518
98_osh,2025-01-25,5,1.6849403381347656
98_osh,2025-01-25,10,1.6797747611999512
98_osh,2025-01-25,15,1.672431468963623
98_osh,2025-01-25,20,1.6582462787628174
98_osh,2025-01-25,30,1.623146414756775
98_osh,2025-01-25,40,1.4636337757110596
98_osh,2025-01-25,50,1.418789029121399
98_osh,2025-01-26,5,1.6912697553634644
98_osh,2025-01-26,10,1.6877740621566772
98_osh,2025-01-26,15,1.6828334331512451
98_osh,2025-01-26,20,1.6722228527069092
98_osh,2025-01-26,30,1.6410633325576782
98_osh,2025-01-26,40,1.4971940517425537
98_osh,2025-01-26,50,1.4484481811523438
98_osh,2025-01-27,5,1.6946758031845093
98_osh,2025-01-27,10,1.691693663597107
98_osh,2025-01-27,15,1.6871696710586548
98_osh,2025-01-27,20,1.6761038303375244
98_osh,2025-01-27,30,1.6439168453216553
98_osh,2025-01-27,40,1.5191915035247805
98_osh,2025-01-27,50,1.4682374000549316
98_osh,2025-01-28,5,1.6853746175765991
98_osh,2025-01-28,10,1.682685375213623
98_osh,2025-01-28,15,1.6780520677566528
98_osh,2025-01-28,20,1.6659526824951172
98_osh,2025-01-28,30,1.6289218664169312
98_osh,2025-01-28,40,1.5301127433776855
98_osh,2025-01-28,50,1.4825432300567627
98_osh,2025-01-29,5,1.652963399887085
98_osh,2025-01-29,10,1.6505993604660034
98_osh,2025-01-29,15,1.6475342512130735
98_osh,2025-01-29,20,1.642364263534546
98_osh,2025-01-29,30,1.6275522708892822
98_osh,2025-01-29,40,1.572987675666809
98_osh,2025-01-29,50,1.5441752672195437
98_osh,2025-01-30,5,1.6336942911148071
98_osh,2025-01-30,10,1.6334673166275024
98_osh,2025-01-30,15,1.6331430673599243
98_osh,2025-01-30,20,1.6326555013656616
98_osh,2025-01-30,30,1.6333619356155396
98_osh,2025-01-30,40,1.6140304803848269
98_osh,2025-01-30,50,1.6103649139404297
98_osh,2025-01-31,5,1.6401742696762085
98_osh,2025-01-31,10,1.6402658224105835
98_osh,2025-01-31,15,1.6402770280838013
98_osh,2025-01-31,20,1.640313744544983
98_osh,2025-01-31,30,1.642871618270874
98_osh,2025-01-31,40,1.6388763189315796
98_osh,2025-01-31,50,1.6376798152923584
98_osh,2025-02-01,5,1.6589207649230957
98_osh,2025-02-01,10,1.6591938734054563
98_osh,2025-02-01,15,1.6593519449234009
98_osh,2025-02-01,20,1.659561276435852
98_osh,2025-02-01,30,1.663583517074585
98_osh,2025-02-01,40,1.6690993309020996
98_osh,2025-02-01,50,1.6615242958068848
98_osh,2025-02-02,5,1.67632257938385
98_osh,2025-02-02,10,1.6767033338546753
98_osh,2025-02-02,15,1.6770765781402588
98_osh,2025-02-02,20,1.6775506734848022
98_osh,2025-02-02,30,1.682360053062439
98_osh,2025-02-02,40,1.6852831840515137
98_osh,2025-02-02,50,1.6609818935394287
98_osh,2025-02-03,5,1.6331032514572144
98_osh,2025-02-03,10,1.6331989765167236
98_osh,2025-02-03,15,1.6332343816757202
98_osh,2025-02-03,20,1.6333070993423462
98_osh,2025-02-03,30,1.6359044313430786
98_osh,2025-02-03,40,1.6617822647094729
98_osh,2025-02-03,50,1.6530827283859253
98_osh,2025-02-04,5,1.5911375284194946
98_osh,2025-02-04,10,1.5919392108917236
98_osh,2025-02-04,15,1.5927414894104004
98_osh,2025-02-04,20,1.5938559770584106
98_osh,2025-02-04,30,1.5970890522003174
98_osh,2025-02-04,40,1.6367889642715454
98_osh,2025-02-04,50,1.637972116470337
98_osh,2025-02-05,5,1.5854891538619995
98_osh,2025-02-05,10,1.5860868692398071
98_osh,2025-02-05,15,1.5866522789001465
98_osh,2025-02-05,20,1.5874221324920654
98_osh,2025-02-05,30,1.5898337364196775
98_osh,2025-02-05,40,1.6373440027236938
98_osh,2025-02-05,50,1.6384953260421753
98_osh,2025-02-06,5,1.5999279022216797
98_osh,2025-02-06,10,1.6007025241851809
98_osh,2025-02-06,15,1.6013853549957275
98_osh,2025-02-06,20,1.6023011207580566
98_osh,2025-02-06,30,1.6057312488555908
98_osh,2025-02-06,40,1.6653823852539062
98_osh,2025-02-06,50,1.6665208339691162
98_osh,2025-02-07,5,1.6278162002563477
98_osh,2025-02-07,10,1.6289055347442627
98_osh,2025-02-07,15,1.6298818588256836
98_osh,2025-02-07,20,1.631300687789917
98_osh,2025-02-07,30,1.6380757093429563
98_osh,2025-02-07,40,1.7237815856933594
98_osh,2025-02-07,50,1.7234338521957395
98_osh,2025-02-08,5,1.6550005674362185
98_osh,2025-02-08,10,1.6554933786392212
98_osh,2025-02-08,15,1.6558557748794556
98_osh,2025-02-08,20,1.6562349796295166
98_osh,2025-02-08,30,1.659214735031128
98_osh,2025-02-08,40,1.763430953025818
98_osh,2025-02-08,50,1.7439711093902588
98_osh,2025-02-09,5,1.6474542617797852
98_osh,2025-02-09,10,1.647382140159607
98_osh,2025-02-09,15,1.6471439599990845
98_osh,2025-02-09,20,1.6467622518539429
98_osh,2025-02-09,30,1.6477829217910769
98_osh,2025-02-09,40,1.774356722831726
98_osh,2025-02-09,50,1.7590107917785645
98_osh,2025-02-10,5,1.6373189687728882
98_osh,2025-02-10,10,1.6379235982894895
98_osh,2025-02-10,15,1.6383975744247437
98_osh,2025-02-10,20,1.6390953063964844
98_osh,2025-02-10,30,1.6436856985092163
98_osh,2025-02-10,40,1.795536756515503
98_osh,2025-02-10,50,1.7975636720657349
98_osh,2025-02-11,5,1.628190279006958
98_osh,2025-02-11,10,1.6292191743850708
98_osh,2025-02-11,15,1.6300702095031738
98_osh,2025-02-11,20,1.6312400102615356
98_osh,2025-02-11,30,1.6353182792663574
98_osh,2025-02-11,40,1.801290512084961
98_osh,2025-02-11,50,1.803666353225708
98_osh,2025-02-12,5,1.5971108675003052
98_osh,2025-02-12,10,1.599109768867493
98_osh,2025-02-12,15,1.6005438566207886
98_osh,2025-02-12,20,1.6014206409454346
98_osh,2025-02-12,30,1.5962892770767212
98_osh,2025-02-12,40,1.7569334506988523
98_osh,2025-02-12,50,1.742584466934204
98_osh,2025-02-13,5,1.5714144706726074
98_osh,2025-02-13,10,1.5717289447784424
98_osh,2025-02-13,15,1.5718282461166382
98_osh,2025-02-13,20,1.571797251701355
98_osh,2025-02-13,30,1.5708245038986206
98_osh,2025-02-13,40,1.7300668954849243
98_osh,2025-02-13,50,1.7235336303710938
98_osh,2025-02-14,5,1.5778789520263672
98_osh,2025-02-14,10,1.578549027442932
98_osh,2025-02-14,15,1.579120635986328
98_osh,2025-02-14,20,1.5799453258514404
98_osh,2025-02-14,30,1.5836127996444702
98_osh,2025-02-14,40,1.7453898191452026
98_osh,2025-02-14,50,1.747767686843872
98_osh,2025-02-15,5,1.5652512311935425
98_osh,2025-02-15,10,1.5664877891540527
98_osh,2025-02-15,15,1.5676161050796509
98_osh,2025-02-15,20,1.5692495107650757
98_osh,2025-02-15,30,1.57455575466156
98_osh,2025-02-15,40,1.7455962896347046
98_osh,2025-02-15,50,1.7476153373718262
98_osh,2025-02-16,5,1.5214298963546753
98_osh,2025-02-16,10,1.5253690481185913
98_osh,2025-02-16,15,1.5282878875732422
98_osh,2025-02-16,20,1.528795599937439
98_osh,2025-02-16,30,1.511275053024292
98_osh,2025-02-16,40,1.6566922664642334
98_osh,2025-02-16,50,1.6329973936080933
98_osh,2025-02-17,5,1.4513434171676636
98_osh,2025-02-17,10,1.452831149101257
98_osh,2025-02-17,15,1.4537855386734009
98_osh,2025-02-17,20,1.454106688499451
98_osh,2025-02-17,30,1.4489485025405884
98_osh,2025-02-17,40,1.587777018547058
98_osh,2025-02-17,50,1.5602121353149414
98_osh,2025-02-18,5,1.4340169429779053
98_osh,2025-02-18,10,1.434436917304993
98_osh,2025-02-18,15,1.434783935546875
98_osh,2025-02-18,20,1.4352997541427612
98_osh,2025-02-18,30,1.4379879236221311
98_osh,2025-02-18,40,1.5690678358078003
98_osh,2025-02-18,50,1.5662750005722046
98_osh,2025-02-19,5,1.4573171138763428
98_osh,2025-02-19,10,1.4577205181121826
98_osh,2025-02-19,15,1.4581445455551147
98_osh,2025-02-19,20,1.4590827226638794
98_osh,2025-02-19,30,1.4639489650726318
98_osh,2025-02-19,40,1.587177872657776
98_osh,2025-02-19,50,1.5879839658737185
98_osh,2025-02-20,5,1.4853336811065674
98_osh,2025-02-20,10,1.4861234426498413
98_osh,2025-02-20,15,1.4870896339416504
98_osh,2025-02-20,20,1.4887758493423462
98_osh,2025-02-20,30,1.49304461479187
98_osh,2025-02-20,40,1.578922152519226
98_osh,2025-02-20,50,1.5424480438232422
98_osh,2025-02-21,5,1.4698548316955566
98_osh,2025-02-21,10,1.47157621383667
98_osh,2025-02-21,15,1.4734355211257937
98_osh,2025-02-21,20,1.4760288000106812
98_osh,2025-02-21,30,1.4769326448440552
98_osh,2025-02-21,40,1.533103346824646
98_osh,2025-02-21,50,1.4684069156646729
98_osh,2025-02-22,5,1.430033802986145
98_osh,2025-02-22,10,1.432692050933838
98_osh,2025-02-22,15,1.4354851245880127
98_osh,2025-02-22,20,1.4387751817703247
98_osh,2025-02-22,30,1.429487228393555
98_osh,2025-02-22,40,1.444185733795166
98_osh,2025-02-22,50,1.3907479047775269
98_osh,2025-02-23,5,1.38782000541687
98_osh,2025-02-23,10,1.3901125192642212
98_osh,2025-02-23,15,1.392272710800171
98_osh,2025-02-23,20,1.3946893215179443
98_osh,2025-02-23,30,1.3903205394744873
98_osh,2025-02-23,40,1.405622959136963
98_osh,2025-02-23,50,1.3463199138641355
98_osh,2025-02-24,5,1.366384983062744
98_osh,2025-02-24,10,1.368530035018921
98_osh,2025-02-24,15,1.370582938194275
98_osh,2025-02-24,20,1.3733989000320437
98_osh,2025-02-24,30,1.3758093118667605
98_osh,2025-02-24,40,1.3848809003829956
98_osh,2025-02-24,50,1.31272554397583
98_osh,2025-02-25,5,1.3399085998535156
98_osh,2025-02-25,10,1.341850757598877
98_osh,2025-02-25,15,1.343658208847046
98_osh,2025-02-25,20,1.3460594415664673
98_osh,2025-02-25,30,1.3464618921279907
98_osh,2025-02-25,40,1.362006664276123
98_osh,2025-02-25,50,1.2930163145065308
98_osh,2025-02-26,5,1.3095635175704956
98_osh,2025-02-26,10,1.310058355331421
98_osh,2025-02-26,15,1.3103835582733154
98_osh,2025-02-26,20,1.3107073307037354
98_osh,2025-02-26,30,1.31196391582489
98_osh,2025-02-26,40,1.3964983224868774
98_osh,2025-02-26,50,1.374229073524475
98_osh,2025-02-27,5,1.3022364377975464
98_osh,2025-02-27,10,1.3035675287246704
98_osh,2025-02-27,15,1.304792046546936
98_osh,2025-02-27,20,1.3068333864212036
98_osh,2025-02-27,30,1.3143268823623655
98_osh,2025-02-27,40,1.4285863637924194
98_osh,2025-02-27,50,1.4336360692977903
98_osh,2025-02-28,5,1.27739679813385
98_osh,2025-02-28,10,1.2811006307601929
98_osh,2025-02-28,15,1.2849794626235962
98_osh,2025-02-28,20,1.2912322282791138
98_osh,2025-02-28,30,1.3046233654022217
98_osh,2025-02-28,40,1.426191329956055
98_osh,2025-02-28,50,1.414037585258484
98_osh,2025-03-01,5,1.2043449878692627
98_osh,2025-03-01,10,1.2098430395126345
98_osh,2025-03-01,15,1.2161400318145752
98_osh,2025-03-01,20,1.2259114980697632
98_osh,2025-03-01,30,1.228973388671875
98_osh,2025-03-01,40,1.3128008842468262
98_osh,2025-03-01,50,1.2920562028884888
98_osh,2025-03-02,5,1.1491045951843262
98_osh,2025-03-02,10,1.1506283283233645
98_osh,2025-03-02,15,1.1523597240447998
98_osh,2025-03-02,20,1.1546282768249512
98_osh,2025-03-02,30,1.1573646068572998
98_osh,2025-03-02,40,1.224697232246399
98_osh,2025-03-02,50,1.2006360292434692
98_osh,2025-03-03,5,1.13810133934021
98_osh,2025-03-03,10,1.1385279893875122
98_osh,2025-03-03,15,1.1389120817184448
98_osh,2025-03-03,20,1.1394354104995728
98_osh,2025-03-03,30,1.1411542892456057
98_osh,2025-03-03,40,1.241103172302246
98_osh,2025-03-03,50,1.2301514148712158
98_osh,2025-03-04,5,1.1451691389083862
98_osh,2025-03-04,10,1.1452951431274414
98_osh,2025-03-04,15,1.145531177520752
98_osh,2025-03-04,20,1.1459187269210815
98_osh,2025-03-04,30,1.1449402570724487
98_osh,2025-03-04,40,1.246793270111084
98_osh,2025-03-04,50,1.2286399602890017
98_osh,2025-03-05,5,1.1016982793807983
98_osh,2025-03-05,10,1.1012964248657229
98_osh,2025-03-05,15,1.1009465456008911
98_osh,2025-03-05,20,1.1001126766204834
98_osh,2025-03-05,30,1.095522165298462
98_osh,2025-03-05,40,1.2038345336914062
98_osh,2025-03-05,50,1.196603775024414
98_osh,2025-03-06,5,1.103886961936951
98_osh,2025-03-06,10,1.104224443435669
98_osh,2025-03-06,15,1.1046380996704102
98_osh,2025-03-06,20,1.105390548706055
98_osh,2025-03-06,30,1.1012731790542605
98_osh,2025-03-06,40,1.170935034751892
98_osh,2025-03-06,50,1.1356111764907837
98_osh,2025-03-07,5,1.1049877405166626
98_osh,2025-03-07,10,1.1067545413970947
98_osh,2025-03-07,15,1.1084517240524292
98_osh,2025-03-07,20,1.110074162483215
98_osh,2025-03-07,30,1.0734738111495972
98_osh,2025-03-07,40,1.0853527784347534
98_osh,2025-03-07,50,1.0583597421646118
98_osh,2025-03-08,5,1.040838360786438
98_osh,2025-03-08,10,1.044904112815857
98_osh,2025-03-08,15,1.0487066507339478
98_osh,2025-03-08,20,1.0519126653671265
98_osh,2025-03-08,30,0.977181315422058
98_osh,2025-03-08,40,0.9972018599510192
98_osh,2025-03-08,50,0.980338454246521
98_osh,2025-03-09,5,0.9699122309684752
98_osh,2025-03-09,10,0.9756803512573242
98_osh,2025-03-09,15,0.9832186102867126
98_osh,2025-03-09,20,0.9956272840499878
98_osh,2025-03-09,30,0.9153263568878174
98_osh,2025-03-09,40,0.9179955720901488
98_osh,2025-03-09,50,0.9051188230514526
98_osh,2025-03-10,5,0.893047571182251
98_osh,2025-03-10,10,0.9064451456069946
98_osh,2025-03-10,15,0.9358572363853456
98_osh,2025-03-10,20,0.9667178392410278
98_osh,2025-03-10,30,0.8680334687232971
98_osh,2025-03-10,40,0.8414151072502136
98_osh,2025-03-10,50,0.8299523591995239
98_osh,2025-03-11,5,0.8514412641525269
98_osh,2025-03-11,10,0.8679728507995605
98_osh,2025-03-11,15,0.9019059538841248
98_osh,2025-03-11,20,0.9417954683303832
98_osh,2025-03-11,30,0.8393937349319458
98_osh,2025-03-11,40,0.7713286876678467
98_osh,2025-03-11,50,0.7593551278114319
98_osh,2025-03-12,5,0.857661783695221
98_osh,2025-03-12,10,0.8614193797111511
98_osh,2025-03-12,15,0.8669312596321106
98_osh,2025-03-12,20,0.8785397410392761
98_osh,2025-03-12,30,0.8188750147819519
98_osh,2025-03-12,40,0.7044254541397095
98_osh,2025-03-12,50,0.6859884262084961
98_osh,2025-03-13,5,0.8552577495574951
98_osh,2025-03-13,10,0.8557316660881042
98_osh,2025-03-13,15,0.85630202293396
98_osh,2025-03-13,20,0.856966495513916
98_osh,2025-03-13,30,0.8061318397521973
98_osh,2025-03-13,40,0.6629787683486938
98_osh,2025-03-13,50,0.630615770816803
98_osh,2025-03-14,5,0.8535287380218506
98_osh,2025-03-14,10,0.8545653820037842
98_osh,2025-03-14,15,0.8556037545204163
98_osh,2025-03-14,20,0.8561883568763733
98_osh,2025-03-14,30,0.8411582708358765
98_osh,2025-03-14,40,0.6903420686721802
98_osh,2025-03-14,50,0.5995351672172546
98_osh,2025-03-15,5,0.8489725589752197
98_osh,2025-03-15,10,0.848501443862915
98_osh,2025-03-15,15,0.8473811149597168
98_osh,2025-03-15,20,0.8392167091369629
98_osh,2025-03-15,30,0.8205088376998901
98_osh,2025-03-15,40,0.8332585096359253
98_osh,2025-03-15,50,0.7603124380111694
98_osh,2025-03-16,5,0.8972921967506409
98_osh,2025-03-16,10,0.8963978886604309
98_osh,2025-03-16,15,0.8941497206687927
98_osh,2025-03-16,20,0.8832493424415588
98_osh,2025-03-16,30,0.8216211199760437
98_osh,2025-03-16,40,0.832538366317749
98_osh,2025-03-16,50,0.7292439937591553
98_osh,2025-03-17,5,0.94919353723526
98_osh,2025-03-17,10,0.951746106147766
98_osh,2025-03-17,15,0.9588420987129213
98_osh,2025-03-17,20,0.952816605567932
98_osh,2025-03-17,30,0.8119179606437683
98_osh,2025-03-17,40,0.7386103272438049
98_osh,2025-03-17,50,0.6560893654823303
98_osh,2025-03-18,5,0.9310467839241028
98_osh,2025-03-18,10,0.9437341690063475
98_osh,2025-03-18,15,0.9596280455589294
98_osh,2025-03-18,20,0.976417362689972
98_osh,2025-03-18,30,0.815807044506073
98_osh,2025-03-18,40,0.6569502949714661
98_osh,2025-03-18,50,0.6078511476516724
98_osh,2025-03-19,5,0.9209180474281312
98_osh,2025-03-19,10,0.9249849319458008
98_osh,2025-03-19,15,0.9297495484352112
98_osh,2025-03-19,20,0.9358455538749696
98_osh,2025-03-19,30,0.8440630435943604
98_osh,2025-03-19,40,0.6088279485702515
98_osh,2025-03-19,50,0.570473849773407
98_osh,2025-03-20,5,0.8719168901443481
98_osh,2025-03-20,10,0.8773971199989319
98_osh,2025-03-20,15,0.887237548828125
98_osh,2025-03-20,20,0.8978542685508728
98_osh,2025-03-20,30,0.8323480486869812
98_osh,2025-03-20,40,0.6084255576133728
98_osh,2025-03-20,50,0.5359617471694946
98_osh,2025-03-21,5,0.8033974766731262
98_osh,2025-03-21,10,0.8103814721107483
98_osh,2025-03-21,15,0.8256098031997681
98_osh,2025-03-21,20,0.8632530570030212
98_osh,2025-03-21,30,0.8367106318473816
98_osh,2025-03-21,40,0.6030573844909668
98_osh,2025-03-21,50,0.4926868677139282
98_osh,2025-03-22,5,0.7635073661804199
98_osh,2025-03-22,10,0.7716397047042847
98_osh,2025-03-22,15,0.785132884979248
98_osh,2025-03-22,20,0.8154665231704712
98_osh,2025-03-22,30,0.8305774927139282
98_osh,2025-03-22,40,0.5789249539375305
98_osh,2025-03-22,50,0.4528915584087372
98_osh,2025-03-23,5,0.724920928478241
98_osh,2025-03-23,10,0.731506884098053
98_osh,2025-03-23,15,0.7514521479606628
98_osh,2025-03-23,20,0.7839379906654358
98_osh,2025-03-23,30,0.8185237050056458
98_osh,2025-03-23,40,0.6000904440879822
98_osh,2025-03-23,50,0.426080971956253
98_osh,2025-03-24,5,0.683355987071991
98_osh,2025-03-24,10,0.6863713264465332
98_osh,2025-03-24,15,0.7297699451446533
98_osh,2025-03-24,20,0.7819952964782715
98_osh,2025-03-24,30,0.8237037062644958
98_osh,2025-03-24,40,0.6361809968948364
98_osh,2025-03-24,50,0.4116081595420837
98_osh,2025-03-25,5,0.6287493705749512
98_osh,2025-03-25,10,0.6476762890815735
98_osh,2025-03-25,15,0.715505063533783
98_osh,2025-03-25,20,0.7929769158363342
98_osh,2025-03-25,30,0.8234436511993408
98_osh,2025-03-25,40,0.6193298697471619
98_osh,2025-03-25,50,0.3874779939651489
98_osh,2025-03-26,5,0.5937044620513916
98_osh,2025-03-26,10,0.6052637100219727
98_osh,2025-03-26,15,0.7017593383789062
98_osh,2025-03-26,20,0.8123915791511536
98_osh,2025-03-26,30,0.8165661096572876
98_osh,2025-03-26,40,0.5638993978500366
98_osh,2025-03-26,50,0.3609348237514496
98_osh,2025-03-27,5,0.595551609992981
98_osh,2025-03-27,10,0.6031941175460815
98_osh,2025-03-27,15,0.6538881659507751
98_osh,2025-03-27,20,0.7969096899032593
98_osh,2025-03-27,30,0.7982349991798401
98_osh,2025-03-27,40,0.5426056981086731
98_osh,2025-03-27,50,0.3416216373443603
98_osh,2025-03-28,5,0.6082653999328613
98_osh,2025-03-28,10,0.6174948215484619
98_osh,2025-03-28,15,0.6437121033668518
98_osh,2025-03-28,20,0.7640993595123291
98_osh,2025-03-28,30,0.7780979871749878
98_osh,2025-03-28,40,0.5262532830238342
98_osh,2025-03-28,50,0.3274788856506347
98_osh,2025-03-29,5,0.6316645741462708
98_osh,2025-03-29,10,0.6364220976829529
98_osh,2025-03-29,15,0.6469127535820007
98_osh,2025-03-29,20,0.7065019011497498
98_osh,2025-03-29,30,0.8001986145973206
98_osh,2025-03-29,40,0.4979806542396545
98_osh,2025-03-29,50,0.312096506357193
98_osh,2025-03-30,5,0.6763437390327454
98_osh,2025-03-30,10,0.6805561780929565
98_osh,2025-03-30,15,0.6867778301239014
98_osh,2025-03-30,20,0.7023344039916992
98_osh,2025-03-30,30,0.7932155132293701
98_osh,2025-03-30,40,0.5060989260673523
98_osh,2025-03-30,50,0.3018523752689361
98_osh,2025-03-31,5,0.7030531764030457
98_osh,2025-03-31,10,0.7042121887207031
98_osh,2025-03-31,15,0.7061327695846558
98_osh,2025-03-31,20,0.7106021642684937
98_osh,2025-03-31,30,0.7743042707443237
98_osh,2025-03-31,40,0.5324537754058838
98_osh,2025-03-31,50,0.296034425497055
98_osh,2025-04-01,5,0.6905755996704102
98_osh,2025-04-01,10,0.6906282901763916
98_osh,2025-04-01,15,0.6926337480545044
98_osh,2025-04-01,20,0.7018972635269165
98_osh,2025-04-01,30,0.7524072527885437
98_osh,2025-04-01,40,0.5708756446838379
98_osh,2025-04-01,50,0.3095438778400421
98_osh,2025-04-02,5,0.6683835387229919
98_osh,2025-04-02,10,0.669674813747406
98_osh,2025-04-02,15,0.6765637397766113
98_osh,2025-04-02,20,0.6949970722198486
98_osh,2025-04-02,30,0.7235714197158813
98_osh,2025-04-02,40,0.6111127138137817
98_osh,2025-04-02,50,0.3567915856838226
98_osh,2025-04-03,5,0.6388848423957825
98_osh,2025-04-03,10,0.6461526155471802
98_osh,2025-04-03,15,0.6638196110725403
98_osh,2025-04-03,20,0.6945640444755554
98_osh,2025-04-03,30,0.7063408493995667
98_osh,2025-04-03,40,0.5940492749214172
98_osh,2025-04-03,50,0.3779191970825195
98_osh,2025-04-04,5,0.5908929705619812
98_osh,2025-04-04,10,0.6077260375022888
98_osh,2025-04-04,15,0.6519069671630859
98_osh,2025-04-04,20,0.7202503681182861
98_osh,2025-04-04,30,0.7276044487953186
98_osh,2025-04-04,40,0.5536214709281921
98_osh,2025-04-04,50,0.3650728464126587
98_osh,2025-04-05,5,0.5455180406570435
98_osh,2025-04-05,10,0.5669064521789551
98_osh,2025-04-05,15,0.6272589564323425
98_osh,2025-04-05,20,0.7440920472145081
98_osh,2025-04-05,30,0.7641340494155884
98_osh,2025-04-05,40,0.5231732726097107
98_osh,2025-04-05,50,0.3532880544662475
98_osh,2025-04-06,5,0.5164642930030823
98_osh,2025-04-06,10,0.5345720052719116
98_osh,2025-04-06,15,0.5924275517463684
98_osh,2025-04-06,20,0.7387144565582275
98_osh,2025-04-06,30,0.7965331673622131
98_osh,2025-04-06,40,0.5121986865997314
98_osh,2025-04-06,50,0.3549679815769195
98_osh,2025-04-07,5,0.4882557094097137
98_osh,2025-04-07,10,0.5093892216682434
98_osh,2025-04-07,15,0.5743640065193176
98_osh,2025-04-07,20,0.73298180103302
98_osh,2025-04-07,30,0.8254866600036621
98_osh,2025-04-07,40,0.5087599754333496
98_osh,2025-04-07,50,0.363257497549057
98_osh,2025-04-08,5,0.4472812116146087
98_osh,2025-04-08,10,0.4807312786579132
98_osh,2025-04-08,15,0.5693029761314392
98_osh,2025-04-08,20,0.7551445960998535
98_osh,2025-04-08,30,0.8679291605949402
98_osh,2025-04-08,40,0.5048352479934692
98_osh,2025-04-08,50,0.3673307299613952
98_osh,2025-04-09,5,0.409693568944931
98_osh,2025-04-09,10,0.4508063197135925
98_osh,2025-04-09,15,0.5554569363594055
98_osh,2025-04-09,20,0.773086667060852
98_osh,2025-04-09,30,0.9373494386672974
98_osh,2025-04-09,40,0.5099383592605591
98_osh,2025-04-09,50,0.3741843402385711
98_osh,2025-04-10,5,0.3776442408561706
98_osh,2025-04-10,10,0.4161226451396942
98_osh,2025-04-10,15,0.5281665921211243
98_osh,2025-04-10,20,0.7725750207901001
98_osh,2025-04-10,30,0.9904994368553162
98_osh,2025-04-10,40,0.5158563256263733
98_osh,2025-04-10,50,0.3808992207050323
98_osh,2025-04-11,5,0.3483933806419372
98_osh,2025-04-11,10,0.3772402703762054
98_osh,2025-04-11,15,0.4916948080062866
98_osh,2025-04-11,20,0.7444246411323547
98_osh,2025-04-11,30,1.0298587083816528
98_osh,2025-04-11,40,0.5219427347183228
98_osh,2025-04-11,50,0.3849207758903503
98_osh,2025-04-12,5,0.3307510912418365
98_osh,2025-04-12,10,0.3466720283031463
98_osh,2025-04-12,15,0.4520082175731659
98_osh,2025-04-12,20,0.699636697769165
98_osh,2025-04-12,30,1.0836204290390017
98_osh,2025-04-12,40,0.5397119522094727
98_osh,2025-04-12,50,0.3933680951595306
98_osh,2025-04-13,5,0.385990560054779
98_osh,2025-04-13,10,0.3911024630069732
98_osh,2025-04-13,15,0.4303235709667206
98_osh,2025-04-13,20,0.6216580867767334
98_osh,2025-04-13,30,1.0387749671936035
98_osh,2025-04-13,40,0.6000075936317444
98_osh,2025-04-13,50,0.4338618814945221
98_osh,2025-04-14,5,0.4491517841815948
98_osh,2025-04-14,10,0.4500081241130829
98_osh,2025-04-14,15,0.4624506533145904
98_osh,2025-04-14,20,0.5849751234054565
98_osh,2025-04-14,30,0.891925573348999
98_osh,2025-04-14,40,0.5971969366073608
98_osh,2025-04-14,50,0.4679180979728699
98_osh,2025-04-15,5,0.4478393793106079
98_osh,2025-04-15,10,0.4550411105155945
98_osh,2025-04-15,15,0.4816637933254242
98_osh,2025-04-15,20,0.6071962714195251
98_osh,2025-04-15,30,0.8458243608474731
98_osh,2025-04-15,40,0.5517358779907227
98_osh,2025-04-15,50,0.4502143859863281
98_osh,2025-04-16,5,0.4211737811565399
98_osh,2025-04-16,10,0.4423395693302154
98_osh,2025-04-16,15,0.4980400204658508
98_osh,2025-04-16,20,0.6640132665634155
98_osh,2025-04-16,30,0.8827512860298157
98_osh,2025-04-16,40,0.5142236351966858
98_osh,2025-04-16,50,0.414074033498764
98_osh,2025-04-17,5,0.3898204267024994
98_osh,2025-04-17,10,0.4195697009563446
98_osh,2025-04-17,15,0.4961597323417663
98_osh,2025-04-17,20,0.6919558048248291
98_osh,2025-04-17,30,0.9675620198249816
98_osh,2025-04-17,40,0.4891948103904724
98_osh,2025-04-17,50,0.3704385757446289
98_osh,2025-04-18,5,0.3652291893959045
98_osh,2025-04-18,10,0.3830125331878662
98_osh,2025-04-18,15,0.4572565853595733
98_osh,2025-04-18,20,0.651349663734436
98_osh,2025-04-18,30,1.0281484127044678
98_osh,2025-04-18,40,0.4777345061302185
98_osh,2025-04-18,50,0.3589920997619629
98_osh,2025-04-19,5,0.3505072593688965
98_osh,2025-04-19,10,0.3608183562755584
98_osh,2025-04-19,15,0.4264669716358185
98_osh,2025-04-19,20,0.6176992654800415
98_osh,2025-04-19,30,1.0567946434020996
98_osh,2025-04-19,40,0.4731865227222442
98_osh,2025-04-19,50,0.3581762313842773
98_osh,2025-04-20,5,0.328345775604248
98_osh,2025-04-20,10,0.3430657684803009
98_osh,2025-04-20,15,0.4137783646583557
98_osh,2025-04-20,20,0.6163878440856934
98_osh,2025-04-20,30,1.101701259613037
98_osh,2025-04-20,40,0.4704119563102722
98_osh,2025-04-20,50,0.3618080615997314
98_osh,2025-04-21,5,0.3075442910194397
98_osh,2025-04-21,10,0.3278664648532867
98_osh,2025-04-21,15,0.4063872396945953
98_osh,2025-04-21,20,0.6184713244438171
98_osh,2025-04-21,30,1.1793746948242188
98_osh,2025-04-21,40,0.471572071313858
98_osh,2025-04-21,50,0.3647343814373016
98_osh,2025-04-22,5,0.291667103767395
98_osh,2025-04-22,10,0.3038801550865173
98_osh,2025-04-22,15,0.3775672912597656
98_osh,2025-04-22,20,0.5830704569816589
98_osh,2025-04-22,30,1.2782131433486938
98_osh,2025-04-22,40,0.4910527467727661
98_osh,2025-04-22,50,0.3708497285842895
98_osh,2025-04-23,5,0.2855329811573028
98_osh,2025-04-23,10,0.2800031304359436
98_osh,2025-04-23,15,0.3427035808563232
98_osh,2025-04-23,20,0.5352352261543274
98_osh,2025-04-23,30,1.3118380308151243
98_osh,2025-04-23,40,0.5109210014343262
98_osh,2025-04-23,50,0.3774862885475158
98_osh,2025-04-24,5,0.2830817103385925
98_osh,2025-04-24,10,0.2645668983459472
98_osh,2025-04-24,15,0.318926453590393
98_osh,2025-04-24,20,0.5006800293922424
98_osh,2025-04-24,30,1.3419281244277954
98_osh,2025-04-24,40,0.5299965143203735
98_osh,2025-04-24,50,0.3889285922050476
98_osh,2025-04-25,5,0.2823628783226013
98_osh,2025-04-25,10,0.2590109407901764
98_osh,2025-04-25,15,0.3091760873794555
98_osh,2025-04-25,20,0.4974270462989807
98_osh,2025-04-25,30,1.3742636442184448
98_osh,2025-04-25,40,0.5513434410095215
98_osh,2025-04-25,50,0.4040553867816925
98_osh,2025-04-26,5,0.2714920341968536
98_osh,2025-04-26,10,0.268108606338501
98_osh,2025-04-26,15,0.3303896486759186
98_osh,2025-04-26,20,0.5797564387321472
98_osh,2025-04-26,30,1.41353178024292
98_osh,2025-04-26,40,0.5657992959022522
98_osh,2025-04-26,50,0.4180540740489959
98_osh,2025-04-27,5,0.2561312019824981
98_osh,2025-04-27,10,0.2693679332733154
98_osh,2025-04-27,15,0.3506040871143341
98_osh,2025-04-27,20,0.6396463513374329
98_osh,2025-04-27,30,1.4949921369552612
98_osh,2025-04-27,40,0.5783514380455017
98_osh,2025-04-27,50,0.4103930294513702
98_osh,2025-04-28,5,0.2498710006475448
98_osh,2025-04-28,10,0.2570303380489349
98_osh,2025-04-28,15,0.3273494243621826
98_osh,2025-04-28,20,0.593833327293396
98_osh,2025-04-28,30,1.552727222442627
98_osh,2025-04-28,40,0.6087303161621094
98_osh,2025-04-28,50,0.4139013886451721
98_osh,2025-04-29,5,0.2478477209806442
98_osh,2025-04-29,10,0.2493400573730468
98_osh,2025-04-29,15,0.3045386672019958
98_osh,2025-04-29,20,0.544922411441803
98_osh,2025-04-29,30,1.529354691505432
98_osh,2025-04-29,40,0.6113503575325012
98_osh,2025-04-29,50,0.4133638739585876
98_osh,2025-04-30,5,0.2403051406145095
98_osh,2025-04-30,10,0.2437187284231186
98_osh,2025-04-30,15,0.3064171075820923
98_osh,2025-04-30,20,0.5449098944664001
98_osh,2025-04-30,30,1.599078893661499
98_osh,2025-04-30,40,0.5828543901443481
98_osh,2025-04-30,50,0.4004124402999878
98_osh,2025-05-01,5,0.2371350228786468
98_osh,2025-05-01,10,0.2366866767406463
98_osh,2025-05-01,15,0.2887468636035919
98_osh,2025-05-01,20,0.5137757658958435
98_osh,2025-05-01,30,1.696636199951172
98_osh,2025-05-01,40,0.633976936340332
98_osh,2025-05-01,50,0.4237300157546997
98_osh,2025-05-02,5,0.2539245188236236
98_osh,2025-05-02,10,0.2479279637336731
98_osh,2025-05-02,15,0.2685028612613678
98_osh,2025-05-02,20,0.4545365571975708
98_osh,2025-05-02,30,1.612452507019043
98_osh,2025-05-02,40,0.7793135046958923
98_osh,2025-05-02,50,0.496925801038742
98_osh,2025-05-03,5,0.2565592229366302
98_osh,2025-05-03,10,0.2513123750686645
98_osh,2025-05-03,15,0.2702860236167907
98_osh,2025-05-03,20,0.4469500482082367
98_osh,2025-05-03,30,1.5050723552703855
98_osh,2025-05-03,40,0.862927258014679
98_osh,2025-05-03,50,0.5741827487945557
98_osh,2025-05-04,5,0.2422166615724563
98_osh,2025-05-04,10,0.2374022156000137
98_osh,2025-05-04,15,0.2664766013622284
98_osh,2025-05-04,20,0.4534542858600616
98_osh,2025-05-04,30,1.5141834020614624
98_osh,2025-05-04,40,0.8995099067687988
98_osh,2025-05-04,50,0.5853015184402466
98_osh,2025-05-05,5,0.2292345315217971
98_osh,2025-05-05,10,0.2241386026144027
98_osh,2025-05-05,15,0.258419394493103
98_osh,2025-05-05,20,0.4396118819713592
98_osh,2025-05-05,30,1.5376293659210205
98_osh,2025-05-05,40,0.93946772813797
98_osh,2025-05-05,50,0.5881287455558777
98_osh,2025-05-06,5,0.218151107430458
98_osh,2025-05-06,10,0.2107592076063156
98_osh,2025-05-06,15,0.2475288957357406
98_osh,2025-05-06,20,0.4218154549598694
98_osh,2025-05-06,30,1.5687700510025024
98_osh,2025-05-06,40,0.989770531654358
98_osh,2025-05-06,50,0.6069660186767578
98_osh,2025-05-07,5,0.2078571915626526
98_osh,2025-05-07,10,0.1989940851926803
98_osh,2025-05-07,15,0.2372269630432129
98_osh,2025-05-07,20,0.4081292748451233
98_osh,2025-05-07,30,1.6108051538467407
98_osh,2025-05-07,40,1.0171164274215698
98_osh,2025-05-07,50,0.6141371726989746
98_osh,2025-05-08,5,0.2000791877508163
98_osh,2025-05-08,10,0.190489113330841
98_osh,2025-05-08,15,0.2312645614147186
98_osh,2025-05-08,20,0.402203232049942
98_osh,2025-05-08,30,1.6295130252838137
98_osh,2025-05-08,40,1.0680794715881348
98_osh,2025-05-08,50,0.6405314207077026
98_osh,2025-05-09,5,0.1968443989753723
98_osh,2025-05-09,10,0.1814397424459457
98_osh,2025-05-09,15,0.2217003852128982
98_osh,2025-05-09,20,0.3899046182632446
98_osh,2025-05-09,30,1.6122366189956665
98_osh,2025-05-09,40,1.1545886993408203
98_osh,2025-05-09,50,0.6889545917510986
98_osh,2025-05-10,5,0.198980376124382
98_osh,2025-05-10,10,0.1742393523454666
98_osh,2025-05-10,15,0.2109092026948928
98_osh,2025-05-10,20,0.3726003766059875
98_osh,2025-05-10,30,1.5643199682235718
98_osh,2025-05-10,40,1.2033883333206177
98_osh,2025-05-10,50,0.7180567979812622
98_osh,2025-05-11,5,0.1965815126895904
98_osh,2025-05-11,10,0.1717744916677475
98_osh,2025-05-11,15,0.2087850272655487
98_osh,2025-05-11,20,0.3699664175510406
98_osh,2025-05-11,30,1.5750468969345093
98_osh,2025-05-11,40,1.2159230709075928
98_osh,2025-05-11,50,0.7295032143592834
98_osh,2025-05-12,5,0.1879667192697525
98_osh,2025-05-12,10,0.1693731546401977
98_osh,2025-05-12,15,0.2094990164041519
98_osh,2025-05-12,20,0.3753025233745575
98_osh,2025-05-12,30,1.6172033548355105
98_osh,2025-05-12,40,1.25813889503479
98_osh,2025-05-12,50,0.7454140186309814
98_osh,2025-05-13,5,0.1816622465848922
98_osh,2025-05-13,10,0.1654577851295471
98_osh,2025-05-13,15,0.2076800763607025
98_osh,2025-05-13,20,0.3777492642402649
98_osh,2025-05-13,30,1.6562302112579346
98_osh,2025-05-13,40,1.3175337314605713
98_osh,2025-05-13,50,0.7639467120170593
98_osh,2025-05-14,5,0.1788112372159958
98_osh,2025-05-14,10,0.1606151759624481
98_osh,2025-05-14,15,0.2031095921993255
98_osh,2025-05-14,20,0.3759423792362213
98_osh,2025-05-14,30,1.693328857421875
98_osh,2025-05-14,40,1.3635448217391968
98_osh,2025-05-14,50,0.7759650945663452
98_osh,2025-05-15,5,0.1862432360649109
98_osh,2025-05-15,10,0.1566289961338043
98_osh,2025-05-15,15,0.1963193416595459
98_osh,2025-05-15,20,0.3674598336219787
98_osh,2025-05-15,30,1.655093789100647
98_osh,2025-05-15,40,1.4070991277694702
98_osh,2025-05-15,50,0.7983682155609131
98_osh,2025-05-16,5,0.1938417255878448
98_osh,2025-05-16,10,0.1542761772871017
98_osh,2025-05-16,15,0.1890728324651718
98_osh,2025-05-16,20,0.3545252978801727
98_osh,2025-05-16,30,1.6098310947418213
98_osh,2025-05-16,40,1.448949694633484
98_osh,2025-05-16,50,0.8302067518234253
98_osh,2025-05-17,5,0.1997623443603515
98_osh,2025-05-17,10,0.1534457802772522
98_osh,2025-05-17,15,0.1818051189184188
98_osh,2025-05-17,20,0.3396018147468567
98_osh,2025-05-17,30,1.5694191455841064
98_osh,2025-05-17,40,1.459339261054993
98_osh,2025-05-17,50,0.8517534732818604
98_osh,2025-05-18,5,0.2058936059474945
98_osh,2025-05-18,10,0.1548911333084106
98_osh,2025-05-18,15,0.1805800646543502
98_osh,2025-05-18,20,0.3362787961959839
98_osh,2025-05-18,30,1.530463933944702
98_osh,2025-05-18,40,1.440441012382507
98_osh,2025-05-18,50,0.8598455786705017
98_osh,2025-05-19,5,0.2070336937904358
98_osh,2025-05-19,10,0.1552237570285797
98_osh,2025-05-19,15,0.1795777380466461
98_osh,2025-05-19,20,0.3345572352409363
98_osh,2025-05-19,30,1.5390725135803225
98_osh,2025-05-19,40,1.4521948099136353
98_osh,2025-05-19,50,0.866262674331665
98_osh,2025-05-20,5,0.2045289129018783
98_osh,2025-05-20,10,0.1546268463134765
98_osh,2025-05-20,15,0.1776472479104995
98_osh,2025-05-20,20,0.33136847615242
98_osh,2025-05-20,30,1.610851764678955
98_osh,2025-05-20,40,1.482809066772461
98_osh,2025-05-20,50,0.8702418208122253
98_osh,2025-05-21,5,0.195268914103508
98_osh,2025-05-21,10,0.1511782854795456
98_osh,2025-05-21,15,0.1765994131565094
98_osh,2025-05-21,20,0.333590030670166
98_osh,2025-05-21,30,1.6833690404891968
98_osh,2025-05-21,40,1.498593807220459
98_osh,2025-05-21,50,0.8585445880889893
98_osh,2025-05-22,5,0.1794861406087875
98_osh,2025-05-22,10,0.1454895138740539
98_osh,2025-05-22,15,0.1739999055862426
98_osh,2025-05-22,20,0.3352444767951965
98_osh,2025-05-22,30,1.7527179718017578
98_osh,2025-05-22,40,1.493664026260376
98_osh,2025-05-22,50,0.8253453373908997
98_osh,2025-05-23,5,0.1663971841335296
98_osh,2025-05-23,10,0.1415535658597946
98_osh,2025-05-23,15,0.1733181625604629
98_osh,2025-05-23,20,0.3419821262359619
98_osh,2025-05-23,30,1.8160053491592407
98_osh,2025-05-23,40,1.484026551246643
98_osh,2025-05-23,50,0.7990663647651672
98_osh,2025-05-24,5,0.1768052726984024
98_osh,2025-05-24,10,0.1438600867986679
98_osh,2025-05-24,15,0.1689554154872894
98_osh,2025-05-24,20,0.3322976529598236
98_osh,2025-05-24,30,1.7094552516937256
98_osh,2025-05-24,40,1.5011082887649536
98_osh,2025-05-24,50,0.8443647027015686
98_osh,2025-05-25,5,0.185726061463356
98_osh,2025-05-25,10,0.1522122770547866
98_osh,2025-05-25,15,0.1671810001134872
98_osh,2025-05-25,20,0.3222556114196777
98_osh,2025-05-25,30,1.5216941833496094
98_osh,2025-05-25,40,1.444514274597168
98_osh,2025-05-25,50,0.9119291305541992
98_osh,2025-05-26,5,0.1854254752397537
98_osh,2025-05-26,10,0.1540192365646362
98_osh,2025-05-26,15,0.1761836856603622
98_osh,2025-05-26,20,0.3460680246353149
98_osh,2025-05-26,30,1.527888536453247
98_osh,2025-05-26,40,1.4155328273773191
98_osh,2025-05-26,50,0.91367369890213
98_osh,2025-05-27,5,0.1797442138195037
98_osh,2025-05-27,10,0.1514094471931457
98_osh,2025-05-27,15,0.1829350888729095
98_osh,2025-05-27,20,0.3670127093791961
98_osh,2025-05-27,30,1.6141958236694336
98_osh,2025-05-27,40,1.4724078178405762
98_osh,2025-05-27,50,0.939460813999176
98_osh,2025-05-28,5,0.1729645431041717
98_osh,2025-05-28,10,0.1479915380477905
98_osh,2025-05-28,15,0.1822090446949005
98_osh,2025-05-28,20,0.3655262291431427
98_osh,2025-05-28,30,1.627914547920227
98_osh,2025-05-28,40,1.5633141994476318
98_osh,2025-05-28,50,1.00543212890625
98_osh,2025-05-29,5,0.1654214859008789
98_osh,2025-05-29,10,0.1447291076183319
98_osh,2025-05-29,15,0.1813099235296249
98_osh,2025-05-29,20,0.3623474240303039
98_osh,2025-05-29,30,1.6204723119735718
98_osh,2025-05-29,40,1.6578415632247925
98_osh,2025-05-29,50,1.05151104927063
98_osh,2025-05-30,5,0.1609855443239212
98_osh,2025-05-30,10,0.1407249867916107
98_osh,2025-05-30,15,0.1781187355518341
98_osh,2025-05-30,20,0.3550741374492645
98_osh,2025-05-30,30,1.6324182748794556
98_osh,2025-05-30,40,1.7417949438095093
98_osh,2025-05-30,50,1.0681301355361938
98_osh,2025-05-31,5,0.1609835773706436
98_osh,2025-05-31,10,0.136251226067543
98_osh,2025-05-31,15,0.1714501827955246
98_osh,2025-05-31,20,0.3398139774799347
98_osh,2025-05-31,30,1.648925542831421
98_osh,2025-05-31,40,1.8197736740112305
98_osh,2025-05-31,50,1.0744374990463257
98_osh,2025-06-01,5,0.1572814285755157
98_osh,2025-06-01,10,0.1333118826150894
98_osh,2025-06-01,15,0.1703138202428817
98_osh,2025-06-01,20,0.3374325037002563
98_osh,2025-06-01,30,1.653492093086243
98_osh,2025-06-01,40,1.8844237327575684
98_osh,2025-06-01,50,1.06499445438385
98_osh,2025-06-02,5,0.1505414992570877
98_osh,2025-06-02,10,0.1328869014978408
98_osh,2025-06-02,15,0.1741600483655929
98_osh,2025-06-02,20,0.3461939692497253
98_osh,2025-06-02,30,1.679676175117493
98_osh,2025-06-02,40,1.932522892951965
98_osh,2025-06-02,50,1.0592957735061646
98_osh,2025-06-03,5,0.1612986922264099
98_osh,2025-06-03,10,0.1325650513172149
98_osh,2025-06-03,15,0.1702528893947601
98_osh,2025-06-03,20,0.3371680378913879
98_osh,2025-06-03,30,1.6008046865463257
98_osh,2025-06-03,40,1.938637375831604
98_osh,2025-06-03,50,1.12919819355011
98_osh,2025-06-04,5,0.1725241392850875
98_osh,2025-06-04,10,0.1363560259342193
98_osh,2025-06-04,15,0.1725982129573822
98_osh,2025-06-04,20,0.3413183391094208
98_osh,2025-06-04,30,1.5272789001464844
98_osh,2025-06-04,40,1.8895002603530884
98_osh,2025-06-04,50,1.201020359992981
98_osh,2025-06-05,5,0.1722370535135269
98_osh,2025-06-05,10,0.1416783481836319
98_osh,2025-06-05,15,0.1850940585136413
98_osh,2025-06-05,20,0.3718097805976867
98_osh,2025-06-05,30,1.5495206117630005
98_osh,2025-06-05,40,1.8436219692230225
98_osh,2025-06-05,50,1.211940884590149
98_osh,2025-06-06,5,0.1728888601064682
98_osh,2025-06-06,10,0.1450550556182861
98_osh,2025-06-06,15,0.190668299794197
98_osh,2025-06-06,20,0.3857747614383697
98_osh,2025-06-06,30,1.5816868543624878
98_osh,2025-06-06,40,1.8296760320663448
98_osh,2025-06-06,50,1.222297430038452
98_osh,2025-06-07,5,0.1706950962543487
98_osh,2025-06-07,10,0.1454105079174041
98_osh,2025-06-07,15,0.1915914416313171
98_osh,2025-06-07,20,0.3904463350772857
98_osh,2025-06-07,30,1.628706455230713
98_osh,2025-06-07,40,1.847091794013977
98_osh,2025-06-07,50,1.214754581451416
98_osh,2025-06-08,5,0.1642109155654907
98_osh,2025-06-08,10,0.1442545354366302
98_osh,2025-06-08,15,0.1930141597986221
98_osh,2025-06-08,20,0.4002163410186767
98_osh,2025-06-08,30,1.713999629020691
98_osh,2025-06-08,40,1.8535070419311523
98_osh,2025-06-08,50,1.1558796167373655
98_osh,2025-06-09,5,0.1612889915704727
98_osh,2025-06-09,10,0.1423737108707428
98_osh,2025-06-09,15,0.1926884204149246
98_osh,2025-06-09,20,0.4043421745300293
98_osh,2025-06-09,30,1.7918808460235596
98_osh,2025-06-09,40,1.863033652305603
98_osh,2025-06-09,50,1.0990110635757446
98_osh,2025-06-10,5,0.1637336462736129
98_osh,2025-06-10,10,0.1398161947727203
98_osh,2025-06-10,15,0.1889396905899047
98_osh,2025-06-10,20,0.3970423936843872
98_osh,2025-06-10,30,1.823319435119629
98_osh,2025-06-10,40,1.8760422468185425
98_osh,2025-06-10,50,1.0622531175613403
98_osh,2025-06-11,5,0.162484735250473
98_osh,2025-06-11,10,0.1397612392902374
98_osh,2025-06-11,15,0.19190613925457
98_osh,2025-06-11,20,0.4079418480396271
98_osh,2025-06-11,30,1.8236362934112549
98_osh,2025-06-11,40,1.8405158519744875
98_osh,2025-06-11,50,1.019882082939148
98_osh,2025-06-12,5,0.1542271375656128
98_osh,2025-06-12,10,0.1433664858341217
98_osh,2025-06-12,15,0.2055294513702392
98_osh,2025-06-12,20,0.4499052762985229
98_osh,2025-06-12,30,1.9246537685394287
98_osh,2025-06-12,40,1.7448371648788452
98_osh,2025-06-12,50,0.9433074593544006
98_osh,2025-06-13,5,0.1503422707319259
98_osh,2025-06-13,10,0.1460160613059997
98_osh,2025-06-13,15,0.2147383242845535
98_osh,2025-06-13,20,0.4771097004413605
98_osh,2025-06-13,30,2.034330129623413
98_osh,2025-06-13,40,1.691645860671997
98_osh,2025-06-13,50,0.9089375734329224
98_osh,2025-06-14,5,0.1581360697746276
98_osh,2025-06-14,10,0.1444356143474578
98_osh,2025-06-14,15,0.2090831100940704
98_osh,2025-06-14,20,0.4585127532482147
98_osh,2025-06-14,30,2.0019400119781494
98_osh,2025-06-14,40,1.6998289823532104
98_osh,2025-06-14,50,0.9778020977973938
98_osh,2025-06-15,5,0.1686999946832656
98_osh,2025-06-15,10,0.1434931606054306
98_osh,2025-06-15,15,0.1993212848901748
98_osh,2025-06-15,20,0.4272181093692779
98_osh,2025-06-15,30,1.9211939573287964
98_osh,2025-06-15,40,1.7084667682647705
98_osh,2025-06-15,50,1.059423565864563
98_osh,2025-06-16,5,0.1786505132913589
98_osh,2025-06-16,10,0.1437951624393463
98_osh,2025-06-16,15,0.1893128603696823
98_osh,2025-06-16,20,0.3962883949279785
98_osh,2025-06-16,30,1.835745096206665
98_osh,2025-06-16,40,1.6954777240753174
98_osh,2025-06-16,50,1.1001914739608765
98_osh,2025-06-17,5,0.1851729899644851
98_osh,2025-06-17,10,0.1454803943634033
98_osh,2025-06-17,15,0.1839545518159866
98_osh,2025-06-17,20,0.3740177750587463
98_osh,2025-06-17,30,1.7592685222625732
98_osh,2025-06-17,40,1.7005733251571655
98_osh,2025-06-17,50,1.1150405406951904
98_osh,2025-06-18,5,0.1802438795566558
98_osh,2025-06-18,10,0.144979178905487
98_osh,2025-06-18,15,0.183313250541687
98_osh,2025-06-18,20,0.3659515082836151
98_osh,2025-06-18,30,1.7951816320419312
98_osh,2025-06-18,40,1.7294141054153442
98_osh,2025-06-18,50,1.1038612127304075
98_osh,2025-06-19,5,0.1729840487241745
98_osh,2025-06-19,10,0.1407251805067062
98_osh,2025-06-19,15,0.1775704622268676
98_osh,2025-06-19,20,0.3534026741981506
98_osh,2025-06-19,30,1.8771121501922607
98_osh,2025-06-19,40,1.7507752180099487
98_osh,2025-06-19,50,1.060093879699707
98_osh,2025-06-20,5,0.1753620058298111
98_osh,2025-06-20,10,0.1375723183155059
98_osh,2025-06-20,15,0.1690214574337005
98_osh,2025-06-20,20,0.3337595760822296
98_osh,2025-06-20,30,1.852283239364624
98_osh,2025-06-20,40,1.7749640941619873
98_osh,2025-06-20,50,1.0363502502441406
98_osh,2025-06-21,5,0.1853779107332229
98_osh,2025-06-21,10,0.1377550959587097
98_osh,2025-06-21,15,0.1619379222393036
98_osh,2025-06-21,20,0.3133639693260193
98_osh,2025-06-21,30,1.7278008460998535
98_osh,2025-06-21,40,1.767213225364685
98_osh,2025-06-21,50,1.045653223991394
98_osh,2025-06-22,5,0.1865661442279815
98_osh,2025-06-22,10,0.1387728601694107
98_osh,2025-06-22,15,0.1589688956737518
98_osh,2025-06-22,20,0.3029825091361999
98_osh,2025-06-22,30,1.6684244871139526
98_osh,2025-06-22,40,1.712109923362732
98_osh,2025-06-22,50,1.0355740785598757
98_osh,2025-06-23,5,0.1811230480670929
98_osh,2025-06-23,10,0.1376847922801971
98_osh,2025-06-23,15,0.1571633964776992
98_osh,2025-06-23,20,0.2990749478340149
98_osh,2025-06-23,30,1.7186856269836426
98_osh,2025-06-23,40,1.710940957069397
98_osh,2025-06-23,50,1.0173169374465942
98_osh,2025-06-24,5,0.1719146817922592
98_osh,2025-06-24,10,0.1340413987636566
98_osh,2025-06-24,15,0.1565143913030624
98_osh,2025-06-24,20,0.3021569550037384
98_osh,2025-06-24,30,1.8121246099472048
98_osh,2025-06-24,40,1.7425765991210938
98_osh,2025-06-24,50,1.0047017335891724
98_osh,2025-06-25,5,0.1643744260072708
98_osh,2025-06-25,10,0.1302847266197204
98_osh,2025-06-25,15,0.1559536457061767
98_osh,2025-06-25,20,0.3075835108757019
98_osh,2025-06-25,30,1.854108452796936
98_osh,2025-06-25,40,1.787142992019653
98_osh,2025-06-25,50,1.0078297853469849
98_osh,2025-06-26,5,0.1580584496259689
98_osh,2025-06-26,10,0.1272028237581253
98_osh,2025-06-26,15,0.1553355455398559
98_osh,2025-06-26,20,0.3120011389255523
98_osh,2025-06-26,30,1.854525089263916
98_osh,2025-06-26,40,1.7966114282608032
98_osh,2025-06-26,50,1.0109031200408936
98_osh,2025-06-27,5,0.1477531343698501
98_osh,2025-06-27,10,0.1276066452264785
98_osh,2025-06-27,15,0.1620300710201263
98_osh,2025-06-27,20,0.333922415971756
98_osh,2025-06-27,30,1.8715702295303345
98_osh,2025-06-27,40,1.7893143892288208
98_osh,2025-06-27,50,1.007270336151123
98_osh,2025-06-28,5,0.1400375962257385
98_osh,2025-06-28,10,0.1299596577882766
98_osh,2025-06-28,15,0.1724512428045272
98_osh,2025-06-28,20,0.363263189792633
98_osh,2025-06-28,30,1.8734452724456787
98_osh,2025-06-28,40,1.8298101425170896
98_osh,2025-06-28,50,1.0426265001296997
98_osh,2025-06-29,5,0.1369567513465881
98_osh,2025-06-29,10,0.1312289088964462
98_osh,2025-06-29,15,0.1791315078735351
98_osh,2025-06-29,20,0.3815652430057525
98_osh,2025-06-29,30,1.8029701709747317
98_osh,2025-06-29,40,1.8679062128067017
98_osh,2025-06-29,50,1.1494593620300293
98_osh,2025-06-30,5,0.1378260403871536
98_osh,2025-06-30,10,0.1317103952169418
98_osh,2025-06-30,15,0.1815389543771743
98_osh,2025-06-30,20,0.3839787244796753
98_osh,2025-06-30,30,1.7046726942062378
98_osh,2025-06-30,40,1.875913500785828
98_osh,2025-06-30,50,1.2822810411453247
98_osh,2025-07-01,5,0.141032338142395
98_osh,2025-07-01,10,0.1304994076490402
98_osh,2025-07-01,15,0.1786378026008606
98_osh,2025-07-01,20,0.3685609102249145
98_osh,2025-07-01,30,1.607563614845276
98_osh,2025-07-01,40,1.8697409629821775
98_osh,2025-07-01,50,1.3959134817123413
98_osh,2025-07-02,5,0.1499840766191482
98_osh,2025-07-02,10,0.1288861781358719
98_osh,2025-07-02,15,0.1701813340187072
98_osh,2025-07-02,20,0.3372749388217926
98_osh,2025-07-02,30,1.4799660444259644
98_osh,2025-07-02,40,1.8338100910186768
98_osh,2025-07-02,50,1.4886419773101809
98_osh,2025-07-03,5,0.1675462126731872
98_osh,2025-07-03,10,0.1295108795166015
98_osh,2025-07-03,15,0.1575698554515838
98_osh,2025-07-03,20,0.2958702445030212
98_osh,2025-07-03,30,1.3360285758972168
98_osh,2025-07-03,40,1.7481215000152588
98_osh,2025-07-03,50,1.5488150119781494
98_osh,2025-07-04,5,0.181339681148529
98_osh,2025-07-04,10,0.1318757981061935
98_osh,2025-07-04,15,0.1437270790338516
98_osh,2025-07-04,20,0.2517593502998352
98_osh,2025-07-04,30,1.2590540647506714
98_osh,2025-07-04,40,1.6239885091781616
98_osh,2025-07-04,50,1.5541999340057373
98_osh,2025-07-05,5,0.1849264651536941
98_osh,2025-07-05,10,0.1331642419099807
98_osh,2025-07-05,15,0.134000077843666
98_osh,2025-07-05,20,0.215002179145813
98_osh,2025-07-05,30,1.3137811422348022
98_osh,2025-07-05,40,1.542854905128479
98_osh,2025-07-05,50,1.5654962062835691
98_osh,2025-07-06,5,0.1820623725652694
98_osh,2025-07-06,10,0.132332757115364
98_osh,2025-07-06,15,0.1279123872518539
98_osh,2025-07-06,20,0.1896651834249496
98_osh,2025-07-06,30,1.4257190227508545
98_osh,2025-07-06,40,1.5140007734298706
98_osh,2025-07-06,50,1.6169644594192505
98_osh,2025-07-07,5,0.1733197420835495
98_osh,2025-07-07,10,0.1289040744304657
98_osh,2025-07-07,15,0.1234839111566543
98_osh,2025-07-07,20,0.1760102361440658
98_osh,2025-07-07,30,1.4406262636184692
98_osh,2025-07-07,40,1.5222846269607544
98_osh,2025-07-07,50,1.6782405376434326
98_osh,2025-07-08,5,0.1588969230651855
98_osh,2025-07-08,10,0.1227779760956764
98_osh,2025-07-08,15,0.1199445128440857
98_osh,2025-07-08,20,0.1727863699197769
98_osh,2025-07-08,30,1.30186927318573
98_osh,2025-07-08,40,1.573084831237793
98_osh,2025-07-08,50,1.7407138347625732
98_osh,2025-07-09,5,0.1493104547262191
98_osh,2025-07-09,10,0.1173135042190551
98_osh,2025-07-09,15,0.1175899654626846
98_osh,2025-07-09,20,0.1753550469875335
98_osh,2025-07-09,30,1.15990948677063
98_osh,2025-07-09,40,1.597596287727356
98_osh,2025-07-09,50,1.8187021017074585
98_osh,2025-07-10,5,0.1616477072238922
98_osh,2025-07-10,10,0.1159852668642997
98_osh,2025-07-10,15,0.1152922883629798
98_osh,2025-07-10,20,0.1723385602235794
98_osh,2025-07-10,30,1.0186351537704468
98_osh,2025-07-10,40,1.5271937847137451
98_osh,2025-07-10,50,1.898748993873596
98_osh,2025-07-11,5,0.1943645626306533
98_osh,2025-07-11,10,0.1256061047315597
98_osh,2025-07-11,15,0.1136547699570655
98_osh,2025-07-11,20,0.162433922290802
98_osh,2025-07-11,30,0.9543978571891784
98_osh,2025-07-11,40,1.3933981657028198
98_osh,2025-07-11,50,1.9313009977340696
98_osh,2025-07-12,5,0.2074115574359893
98_osh,2025-07-12,10,0.1464772820472717
98_osh,2025-07-12,15,0.1158022359013557
98_osh,2025-07-12,20,0.1490589082241058
98_osh,2025-07-12,30,0.9480493068695068
98_osh,2025-07-12,40,1.2824422121047974
98_osh,2025-07-12,50,1.9816149473190308
98_osh,2025-07-13,5,0.1965980231761932
98_osh,2025-07-13,10,0.1627961695194244
98_osh,2025-07-13,15,0.1215144619345665
98_osh,2025-07-13,20,0.1349731683731079
98_osh,2025-07-13,30,0.9063829183578492
98_osh,2025-07-13,40,1.181661605834961
98_osh,2025-07-13,50,2.0369882583618164
98_osh,2025-07-14,5,0.1840388476848602
98_osh,2025-07-14,10,0.1711854785680771
98_osh,2025-07-14,15,0.1315061450004577
98_osh,2025-07-14,20,0.1244283765554428
98_osh,2025-07-14,30,0.8729974627494812
98_osh,2025-07-14,40,1.05882465839386
98_osh,2025-07-14,50,1.98276686668396
98_osh,2025-07-15,5,0.1731779128313064
98_osh,2025-07-15,10,0.1722453534603119
98_osh,2025-07-15,15,0.1393519937992096
98_osh,2025-07-15,20,0.1192311942577362
98_osh,2025-07-15,30,0.8492680191993713
98_osh,2025-07-15,40,0.9175686836242676
98_osh,2025-07-15,50,1.8178150653839111
98_osh,2025-07-16,5,0.1629062294960022
98_osh,2025-07-16,10,0.166991114616394
98_osh,2025-07-16,15,0.1425583362579345
98_osh,2025-07-16,20,0.1180052384734153
98_osh,2025-07-16,30,0.8606029748916626
98_osh,2025-07-16,40,0.8139047026634216
98_osh,2025-07-16,50,1.638544678688049
98_osh,2025-07-17,5,0.1541732400655746
98_osh,2025-07-17,10,0.1596580892801284
98_osh,2025-07-17,15,0.1424727439880371
98_osh,2025-07-17,20,0.1175853833556175
98_osh,2025-07-17,30,0.843039333820343
98_osh,2025-07-17,40,0.7804927825927734
98_osh,2025-07-17,50,1.5443483591079712
98_osh,2025-07-18,5,0.1466857939958572
98_osh,2025-07-18,10,0.1532972306013107
98_osh,2025-07-18,15,0.1375005394220352
98_osh,2025-07-18,20,0.1162123829126358
98_osh,2025-07-18,30,0.7871397733688354
98_osh,2025-07-18,40,0.7689424157142639
98_osh,2025-07-18,50,1.4931124448776243
98_osh,2025-07-19,5,0.1411729305982589
98_osh,2025-07-19,10,0.1493174880743026
98_osh,2025-07-19,15,0.1304724514484405
98_osh,2025-07-19,20,0.1146035194396972
98_osh,2025-07-19,30,0.7596213221549988
98_osh,2025-07-19,40,0.7818677425384521
98_osh,2025-07-19,50,1.4785696268081665
98_osh,2025-07-20,5,0.1370086073875427
98_osh,2025-07-20,10,0.1447293609380722
98_osh,2025-07-20,15,0.1228872537612915
98_osh,2025-07-20,20,0.1134486272931099
98_osh,2025-07-20,30,0.7388697862625122
98_osh,2025-07-20,40,0.8242565989494324
98_osh,2025-07-20,50,1.502765417098999
98_osh,2025-07-21,5,0.1346988528966903
98_osh,2025-07-21,10,0.1365453600883484
98_osh,2025-07-21,15,0.1161679998040199
98_osh,2025-07-21,20,0.1144326478242874
98_osh,2025-07-21,30,0.7082843780517578
98_osh,2025-07-21,40,0.8842727541923523
98_osh,2025-07-21,50,1.554871916770935
98_osh,2025-07-22,5,0.1339730322360992
98_osh,2025-07-22,10,0.128660500049591
98_osh,2025-07-22,15,0.1104563400149345
98_osh,2025-07-22,20,0.1173120588064193
98_osh,2025-07-22,30,0.6622963547706604
98_osh,2025-07-22,40,0.9508653283119202
98_osh,2025-07-22,50,1.6280187368392944
98_osh,2025-07-23,5,0.1344028264284134
98_osh,2025-07-23,10,0.120722159743309
98_osh,2025-07-23,15,0.1051200702786445
98_osh,2025-07-23,20,0.1218375712633133
98_osh,2025-07-23,30,0.6272079348564148
98_osh,2025-07-23,40,1.0331116914749146
98_osh,2025-07-23,50,1.7128169536590576
98_osh,2025-07-24,5,0.1336060166358947
98_osh,2025-07-24,10,0.1129492372274398
98_osh,2025-07-24,15,0.1008697375655174
98_osh,2025-07-24,20,0.1275802999734878
98_osh,2025-07-24,30,0.5933830142021179
98_osh,2025-07-24,40,1.1180802583694458
98_osh,2025-07-24,50,1.8079689741134644
98_osh,2025-07-25,5,0.1321897804737091
98_osh,2025-07-25,10,0.1066507250070571
98_osh,2025-07-25,15,0.0986053496599197
98_osh,2025-07-25,20,0.1337323486804962
98_osh,2025-07-25,30,0.5354397296905518
98_osh,2025-07-25,40,1.1898971796035769
98_osh,2025-07-25,50,1.87398898601532
98_osh,2025-07-26,5,0.1312103122472763
98_osh,2025-07-26,10,0.1024854257702827
98_osh,2025-07-26,15,0.097909428179264
98_osh,2025-07-26,20,0.1398446261882782
98_osh,2025-07-26,30,0.5078363418579102
98_osh,2025-07-26,40,1.22756028175354
98_osh,2025-07-26,50,1.8310168981552124
98_osh,2025-07-27,5,0.1339775472879409
98_osh,2025-07-27,10,0.0995833724737167
98_osh,2025-07-27,15,0.0979821979999542
98_osh,2025-07-27,20,0.1456523984670639
98_osh,2025-07-27,30,0.5530562400817871
98_osh,2025-07-27,40,1.279195785522461
98_osh,2025-07-27,50,1.7468576431274414
98_osh,2025-07-28,5,0.1354552805423736
98_osh,2025-07-28,10,0.0974417626857757
98_osh,2025-07-28,15,0.097617320716381
98_osh,2025-07-28,20,0.1478184759616851
98_osh,2025-07-28,30,0.6137884259223938
98_osh,2025-07-28,40,1.3545879125595093
98_osh,2025-07-28,50,1.7081977128982544
98_osh,2025-07-29,5,0.1343500763177871
98_osh,2025-07-29,10,0.0989692062139511
98_osh,2025-07-29,15,0.0964040160179138
98_osh,2025-07-29,20,0.1449285745620727
98_osh,2025-07-29,30,0.6458742618560791
98_osh,2025-07-29,40,1.4131584167480469
98_osh,2025-07-29,50,1.7029012441635132
98_osh,2025-07-30,5,0.135741040110588
98_osh,2025-07-30,10,0.1072246581315994
98_osh,2025-07-30,15,0.0951333418488502
98_osh,2025-07-30,20,0.1376557648181915
98_osh,2025-07-30,30,0.6550131440162659
98_osh,2025-07-30,40,1.4716246128082275
98_osh,2025-07-30,50,1.7205365896224976
98_osh,2025-07-31,5,0.1325186192989349
98_osh,2025-07-31,10,0.1237788870930671
98_osh,2025-07-31,15,0.09583630412817
98_osh,2025-07-31,20,0.1287663727998733
98_osh,2025-07-31,30,0.6678547263145447
98_osh,2025-07-31,40,1.5416693687438965
98_osh,2025-07-31,50,1.7154594659805298
98_osh,2025-08-01,5,0.1293863356113433
98_osh,2025-08-01,10,0.1433600634336471
98_osh,2025-08-01,15,0.0998918488621711
98_osh,2025-08-01,20,0.1214759647846221
98_osh,2025-08-01,30,0.688034176826477
98_osh,2025-08-01,40,1.6573511362075806
98_osh,2025-08-01,50,1.7200583219528198
98_osh,2025-08-02,5,0.1264834254980087
98_osh,2025-08-02,10,0.1531991511583328
98_osh,2025-08-02,15,0.103041373193264
98_osh,2025-08-02,20,0.1182237342000007
98_osh,2025-08-02,30,0.6868615746498108
98_osh,2025-08-02,40,1.7988911867141724
98_osh,2025-08-02,50,1.7253049612045288
98_osh,2025-08-03,5,0.1228044331073761
98_osh,2025-08-03,10,0.1530739516019821
98_osh,2025-08-03,15,0.1019651517271995
98_osh,2025-08-03,20,0.1187435463070869
98_osh,2025-08-03,30,0.6830688714981079
98_osh,2025-08-03,40,1.9523124694824217
98_osh,2025-08-03,50,1.731502652168274
98_osh,2025-08-04,5,0.1193961426615715
98_osh,2025-08-04,10,0.1504342257976532
98_osh,2025-08-04,15,0.1035063862800598
98_osh,2025-08-04,20,0.1181938871741294
98_osh,2025-08-04,30,0.6680369973182678
98_osh,2025-08-04,40,2.0385003089904785
98_osh,2025-08-04,50,1.7270338535308838
98_osh,2025-08-05,5,0.1179136112332344
98_osh,2025-08-05,10,0.1515687555074691
98_osh,2025-08-05,15,0.1047493442893028
98_osh,2025-08-05,20,0.1181709691882133
98_osh,2025-08-05,30,0.6877747774124146
98_osh,2025-08-05,40,2.045151710510254
98_osh,2025-08-05,50,1.6564185619354248
98_osh,2025-08-06,5,0.1178245693445205
98_osh,2025-08-06,10,0.1471202671527862
98_osh,2025-08-06,15,0.103127583861351
98_osh,2025-08-06,20,0.1200414523482322
98_osh,2025-08-06,30,0.7348241806030273
98_osh,2025-08-06,40,2.0536913871765137
98_osh,2025-08-06,50,1.5360329151153564
98_osh,2025-08-07,5,0.1199442595243454
98_osh,2025-08-07,10,0.1404048651456833
98_osh,2025-08-07,15,0.1012087985873222
98_osh,2025-08-07,20,0.1230760067701339
98_osh,2025-08-07,30,0.8152432441711426
98_osh,2025-08-07,40,2.049261569976806
98_osh,2025-08-07,50,1.4066318273544312
98_osh,2025-08-08,5,0.1268677562475204
98_osh,2025-08-08,10,0.1296567767858505
98_osh,2025-08-08,15,0.0997942835092544
98_osh,2025-08-08,20,0.1276929974555969
98_osh,2025-08-08,30,0.9331900477409364
98_osh,2025-08-08,40,2.08241605758667
98_osh,2025-08-08,50,1.306207537651062
98_osh,2025-08-09,5,0.1305785775184631
98_osh,2025-08-09,10,0.1231096312403678
98_osh,2025-08-09,15,0.0996183082461357
98_osh,2025-08-09,20,0.1313406527042389
98_osh,2025-08-09,30,0.9806183576583862
98_osh,2025-08-09,40,2.1645724773406982
98_osh,2025-08-09,50,1.2707575559616089
98_osh,2025-08-10,5,0.1282093822956085
98_osh,2025-08-10,10,0.1218716129660606
98_osh,2025-08-10,15,0.0992056056857109
98_osh,2025-08-10,20,0.1324829310178756
98_osh,2025-08-10,30,0.9631041288375854
98_osh,2025-08-10,40,2.255111694335937
98_osh,2025-08-10,50,1.2577786445617676
98_osh,2025-08-11,5,0.1270140558481216
98_osh,2025-08-11,10,0.1202747300267219
98_osh,2025-08-11,15,0.0984492003917694
98_osh,2025-08-11,20,0.1322910338640213
98_osh,2025-08-11,30,1.0081374645233154
98_osh,2025-08-11,40,2.3109233379364014
98_osh,2025-08-11,50,1.199690580368042
98_osh,2025-08-12,5,0.1302214115858078
98_osh,2025-08-12,10,0.1163327693939209
98_osh,2025-08-12,15,0.0973657146096229
98_osh,2025-08-12,20,0.1323835998773574
98_osh,2025-08-12,30,1.1149331331253052
98_osh,2025-08-12,40,2.33969521522522
98_osh,2025-08-12,50,1.114288568496704
98_osh,2025-08-13,5,0.1340624839067459
98_osh,2025-08-13,10,0.1135267838835716
98_osh,2025-08-13,15,0.0965549424290657
98_osh,2025-08-13,20,0.1331580430269241
98_osh,2025-08-13,30,1.1948233842849731
98_osh,2025-08-13,40,2.363876819610596
98_osh,2025-08-13,50,1.0605517625808716
98_osh,2025-08-14,5,0.1321632266044616
98_osh,2025-08-14,10,0.1194885969161987
98_osh,2025-08-14,15,0.0967678874731063
98_osh,2025-08-14,20,0.131149023771286
98_osh,2025-08-14,30,1.16232430934906
98_osh,2025-08-14,40,2.386697769165039
98_osh,2025-08-14,50,1.042887568473816
98_osh,2025-08-15,5,0.137626364827156
98_osh,2025-08-15,10,0.1243617758154869
98_osh,2025-08-15,15,0.0971611142158508
98_osh,2025-08-15,20,0.1307006180286407
98_osh,2025-08-15,30,1.2727363109588623
98_osh,2025-08-15,40,2.356039762496948
98_osh,2025-08-15,50,1.0090411901474
98_osh,2025-08-16,5,0.1476672887802124
98_osh,2025-08-16,10,0.1199709996581077
98_osh,2025-08-16,15,0.0963297113776207
98_osh,2025-08-16,20,0.1342687755823135
98_osh,2025-08-16,30,1.4723495244979858
98_osh,2025-08-16,40,2.2895665168762207
98_osh,2025-08-16,50,0.9672077894210817
98_osh,2025-08-17,5,0.1579884439706802
98_osh,2025-08-17,10,0.1160021424293518
98_osh,2025-08-17,15,0.096621572971344
98_osh,2025-08-17,20,0.1410834193229675
98_osh,2025-08-17,30,1.5950154066085815
98_osh,2025-08-17,40,2.159219980239868
98_osh,2025-08-17,50,0.9245972633361816
98_osh,2025-08-18,5,0.1717974096536636
98_osh,2025-08-18,10,0.1126616522669792
98_osh,2025-08-18,15,0.0975938513875007
98_osh,2025-08-18,20,0.1541002839803695
98_osh,2025-08-18,30,1.7766609191894531
98_osh,2025-08-18,40,2.005704879760742
98_osh,2025-08-18,50,0.8823148012161255
98_osh,2025-08-19,5,0.1821195632219314
98_osh,2025-08-19,10,0.1103631928563118
98_osh,2025-08-19,15,0.0984999760985374
98_osh,2025-08-19,20,0.1693370640277862
98_osh,2025-08-19,30,1.893348693847656
98_osh,2025-08-19,40,1.8990797996521
98_osh,2025-08-19,50,0.8524354100227356
98_osh,2025-08-20,5,0.1888303458690643
98_osh,2025-08-20,10,0.108384683728218
98_osh,2025-08-20,15,0.0999037325382232
98_osh,2025-08-20,20,0.18789042532444
98_osh,2025-08-20,30,1.9994491338729856
98_osh,2025-08-20,40,1.764304757118225
98_osh,2025-08-20,50,0.8149418234825134
98_osh,2025-08-21,5,0.185814768075943
98_osh,2025-08-21,10,0.1052858233451843
98_osh,2025-08-21,15,0.1025191619992256
98_osh,2025-08-21,20,0.2182355672121048
98_osh,2025-08-21,30,2.221622943878174
98_osh,2025-08-21,40,1.6067816019058228
98_osh,2025-08-21,50,0.7659931778907776
98_osh,2025-08-22,5,0.186184823513031
98_osh,2025-08-22,10,0.1088844090700149
98_osh,2025-08-22,15,0.1047520637512207
98_osh,2025-08-22,20,0.2330145835876464
98_osh,2025-08-22,30,2.300065517425537
98_osh,2025-08-22,40,1.5268632173538208
98_osh,2025-08-22,50,0.7320002317428589
98_osh,2025-08-23,5,0.2012991309165954
98_osh,2025-08-23,10,0.1138531193137168
98_osh,2025-08-23,15,0.1069589480757713
98_osh,2025-08-23,20,0.2387482970952987
98_osh,2025-08-23,30,2.388156652450561
98_osh,2025-08-23,40,1.4906303882598877
98_osh,2025-08-23,50,0.7133558392524719
98_osh,2025-08-24,5,0.2012870460748672
98_osh,2025-08-24,10,0.1134310141205787
98_osh,2025-08-24,15,0.1087796837091445
98_osh,2025-08-24,20,0.2500276565551758
98_osh,2025-08-24,30,2.554541826248169
98_osh,2025-08-24,40,1.4219913482666016
98_osh,2025-08-24,50,0.6785005331039429
98_osh,2025-08-25,5,0.1991885751485824
98_osh,2025-08-25,10,0.1280432194471359
98_osh,2025-08-25,15,0.1085300669074058
98_osh,2025-08-25,20,0.230040043592453
98_osh,2025-08-25,30,2.5097784996032715
98_osh,2025-08-25,40,1.438495397567749
98_osh,2025-08-25,50,0.6589982509613037
98_osh,2025-08-26,5,0.1973512321710586
98_osh,2025-08-26,10,0.1506574153900146
98_osh,2025-08-26,15,0.1119463071227073
98_osh,2025-08-26,20,0.2069604992866516
98_osh,2025-08-26,30,2.4226715564727783
98_osh,2025-08-26,40,1.461124300956726
98_osh,2025-08-26,50,0.6503173112869263
98_osh,2025-08-27,5,0.2027695178985595
98_osh,2025-08-27,10,0.1490689367055893
98_osh,2025-08-27,15,0.1154457852244377
98_osh,2025-08-27,20,0.2220426499843597
98_osh,2025-08-27,30,2.611229419708252
98_osh,2025-08-27,40,1.2843828201293943
98_osh,2025-08-27,50,0.6056779623031616
98_osh,2025-08-28,5,0.2107968181371688
98_osh,2025-08-28,10,0.1374829113483429
98_osh,2025-08-28,15,0.1196115240454673
98_osh,2025-08-28,20,0.2694670259952545
98_osh,2025-08-28,30,2.757056474685669
98_osh,2025-08-28,40,1.1117243766784668
98_osh,2025-08-28,50,0.5835437774658203
98_osh,2025-08-29,5,0.2043135464191436
98_osh,2025-08-29,10,0.1438348293304443
98_osh,2025-08-29,15,0.1208537742495536
98_osh,2025-08-29,20,0.2708029150962829
98_osh,2025-08-29,30,2.6395516395568848
98_osh,2025-08-29,40,1.146369695663452
98_osh,2025-08-29,50,0.5717745423316956
98_osh,2025-08-30,5,0.1969950646162033
98_osh,2025-08-30,10,0.1538134068250656
98_osh,2025-08-30,15,0.1228741779923439
98_osh,2025-08-30,20,0.2630142867565155
98_osh,2025-08-30,30,2.565364122390747
98_osh,2025-08-30,40,1.1553940773010254
98_osh,2025-08-30,50,0.5575903058052063
98_osh,2025-08-31,5,0.1885975003242492
98_osh,2025-08-31,10,0.1549268364906311
98_osh,2025-08-31,15,0.1244247630238533
98_osh,2025-08-31,20,0.2723267078399658
98_osh,2025-08-31,30,2.6897926330566406
98_osh,2025-08-31,40,1.0736640691757202
98_osh,2025-08-31,50,0.5233840942382812
98_osh,2025-09-01,5,0.1840285807847976
98_osh,2025-09-01,10,0.1528675854206085
98_osh,2025-09-01,15,0.126717522740364
98_osh,2025-09-01,20,0.2820444703102112
98_osh,2025-09-01,30,2.789026975631714
98_osh,2025-09-01,40,1.0161373615264893
98_osh,2025-09-01,50,0.502355694770813
98_osh,2025-09-02,5,0.1908948272466659
98_osh,2025-09-02,10,0.1441526263952255
98_osh,2025-09-02,15,0.1308401823043823
98_osh,2025-09-02,20,0.3120186030864715
98_osh,2025-09-02,30,2.7642157077789307
98_osh,2025-09-02,40,0.9424387216567992
98_osh,2025-09-02,50,0.4857933223247528
98_osh,2025-09-03,5,0.2002931535243988
98_osh,2025-09-03,10,0.1344625651836395
98_osh,2025-09-03,15,0.1390647739171981
98_osh,2025-09-03,20,0.3821586370468139
98_osh,2025-09-03,30,2.88923454284668
98_osh,2025-09-03,40,0.8838088512420654
98_osh,2025-09-03,50,0.4806313216686249
98_osh,2025-09-04,5,0.1996336132287979
98_osh,2025-09-04,10,0.1306612193584442
98_osh,2025-09-04,15,0.1451157033443451
98_osh,2025-09-04,20,0.4177793860435486
98_osh,2025-09-04,30,3.138695240020752
98_osh,2025-09-04,40,0.920140266418457
98_osh,2025-09-04,50,0.4923538267612457
98_osh,2025-09-05,5,0.2025561928749084
98_osh,2025-09-05,10,0.1322800815105438
98_osh,2025-09-05,15,0.1423718631267547
98_osh,2025-09-05,20,0.3870302438735962
98_osh,2025-09-05,30,3.277744770050049
98_osh,2025-09-05,40,1.0036005973815918
98_osh,2025-09-05,50,0.5114429593086243
98_osh,2025-09-06,5,0.1973055154085159
98_osh,2025-09-06,10,0.1334041506052017
98_osh,2025-09-06,15,0.1397329419851303
98_osh,2025-09-06,20,0.3650607764720917
98_osh,2025-09-06,30,3.375779628753662
98_osh,2025-09-06,40,1.0365668535232544
98_osh,2025-09-06,50,0.5224508047103882
98_osh,2025-09-07,5,0.198123887181282
98_osh,2025-09-07,10,0.1308916509151458
98_osh,2025-09-07,15,0.1417651772499084
98_osh,2025-09-07,20,0.3762421607971191
98_osh,2025-09-07,30,3.4523794651031494
98_osh,2025-09-07,40,1.0081274509429932
98_osh,2025-09-07,50,0.5223371386528015
98_osh,2025-09-08,5,0.199340745806694
98_osh,2025-09-08,10,0.1271605491638183
98_osh,2025-09-08,15,0.1465435624122619
98_osh,2025-09-08,20,0.4081758856773376
98_osh,2025-09-08,30,3.5800461769104004
98_osh,2025-09-08,40,0.9706946015357972
98_osh,2025-09-08,50,0.5209716558456421
98_osh,2025-09-09,5,0.1915360540151596
98_osh,2025-09-09,10,0.1245123594999313
98_osh,2025-09-09,15,0.15190190076828
98_osh,2025-09-09,20,0.4413237571716308
98_osh,2025-09-09,30,3.619093894958496
98_osh,2025-09-09,40,0.9508513808250428
98_osh,2025-09-09,50,0.5208432078361511
98_osh,2025-09-10,5,0.1895223259925842
98_osh,2025-09-10,10,0.1231923028826713
98_osh,2025-09-10,15,0.157456561923027
98_osh,2025-09-10,20,0.4695438742637634
98_osh,2025-09-10,30,3.626974105834961
98_osh,2025-09-10,40,0.9271640777587892
98_osh,2025-09-10,50,0.516867995262146
98_osh,2025-09-11,5,0.1898717433214187
98_osh,2025-09-11,10,0.1228862404823303
98_osh,2025-09-11,15,0.1601519286632537
98_osh,2025-09-11,20,0.4781989455223083
98_osh,2025-09-11,30,3.7481472492218018
98_osh,2025-09-11,40,0.9221203327178956
98_osh,2025-09-11,50,0.5163873434066772
98_osh,2025-09-12,5,0.1963739693164825
98_osh,2025-09-12,10,0.1291555762290954
98_osh,2025-09-12,15,0.1548348069190979
98_osh,2025-09-12,20,0.4383150041103363
98_osh,2025-09-12,30,3.76898717880249
98_osh,2025-09-12,40,0.970983862876892
98_osh,2025-09-12,50,0.5267317295074463
98_osh,2025-09-13,5,0.2025680392980575
98_osh,2025-09-13,10,0.1618225425481796
98_osh,2025-09-13,15,0.1484104245901107
98_osh,2025-09-13,20,0.3646813631057739
98_osh,2025-09-13,30,3.383415460586548
98_osh,2025-09-13,40,1.1024136543273926
98_osh,2025-09-13,50,0.5550121068954468
98_osh,2025-09-14,5,0.2169940024614334
98_osh,2025-09-14,10,0.1842072606086731
98_osh,2025-09-14,15,0.1576645374298095
98_osh,2025-09-14,20,0.372643381357193
98_osh,2025-09-14,30,3.1907899379730225
98_osh,2025-09-14,40,1.0921154022216797
98_osh,2025-09-14,50,0.553547203540802
98_osh,2025-09-15,5,0.2170094698667526
98_osh,2025-09-15,10,0.1744942665100097
98_osh,2025-09-15,15,0.1707185059785843
98_osh,2025-09-15,20,0.4222942888736725
98_osh,2025-09-15,30,3.3203938007354736
98_osh,2025-09-15,40,1.065902829170227
98_osh,2025-09-15,50,0.5537368655204773
98_osh,2025-09-16,5,0.2186647057533264
98_osh,2025-09-16,10,0.1682517528533935
98_osh,2025-09-16,15,0.1763410419225692
98_osh,2025-09-16,20,0.4291281104087829
98_osh,2025-09-16,30,3.335587978363037
98_osh,2025-09-16,40,1.13322114944458
98_osh,2025-09-16,50,0.5823771357536316
98_osh,2025-09-17,5,0.2099356055259704
98_osh,2025-09-17,10,0.1606412082910537
98_osh,2025-09-17,15,0.1878455579280853
98_osh,2025-09-17,20,0.5014916658401489
98_osh,2025-09-17,30,3.26305890083313
98_osh,2025-09-17,40,1.0715086460113523
98_osh,2025-09-17,50,0.5733053684234619
98_osh,2025-09-18,5,0.1979783922433853
98_osh,2025-09-18,10,0.15943443775177
98_osh,2025-09-18,15,0.2189755588769912
98_osh,2025-09-18,20,0.6411842703819275
98_osh,2025-09-18,30,3.1626973152160645
98_osh,2025-09-18,40,0.9711034297943116
98_osh,2025-09-18,50,0.5454980731010437
98_osh,2025-09-19,5,0.2014369666576385
98_osh,2025-09-19,10,0.1619409024715423
98_osh,2025-09-19,15,0.2401265054941177
98_osh,2025-09-19,20,0.707770586013794
98_osh,2025-09-19,30,3.074185371398926
98_osh,2025-09-19,40,0.944038987159729
98_osh,2025-09-19,50,0.5382721424102783
98_osh,2025-09-20,5,0.1980710327625274
98_osh,2025-09-20,10,0.1703329086303711
98_osh,2025-09-20,15,0.2551850378513336
98_osh,2025-09-20,20,0.7187923789024353
98_osh,2025-09-20,30,2.904489278793335
98_osh,2025-09-20,40,0.947947323322296
98_osh,2025-09-20,50,0.5409742593765259
98_osh,2025-09-21,5,0.1882474720478058
98_osh,2025-09-21,10,0.1842465251684188
98_osh,2025-09-21,15,0.2842615842819214
98_osh,2025-09-21,20,0.7615880966186523
98_osh,2025-09-21,30,2.7885429859161377
98_osh,2025-09-21,40,0.9141071438789368
98_osh,2025-09-21,50,0.5279701352119446
98_osh,2025-09-22,5,0.182681143283844
98_osh,2025-09-22,10,0.1876548528671264
98_osh,2025-09-22,15,0.2907452583312988
98_osh,2025-09-22,20,0.7488259077072144
98_osh,2025-09-22,30,2.788350343704224
98_osh,2025-09-22,40,0.9727834463119508
98_osh,2025-09-22,50,0.5505524277687073
98_osh,2025-09-23,5,0.1843730956315994
98_osh,2025-09-23,10,0.1796142011880874
98_osh,2025-09-23,15,0.2681851089000702
98_osh,2025-09-23,20,0.6619259715080261
98_osh,2025-09-23,30,2.7664284706115723
98_osh,2025-09-23,40,1.1252317428588867
98_osh,2025-09-23,50,0.6232136487960815
98_osh,2025-09-24,5,0.1918404102325439
98_osh,2025-09-24,10,0.174190416932106
98_osh,2025-09-24,15,0.2287287265062332
98_osh,2025-09-24,20,0.5282410383224487
98_osh,2025-09-24,30,2.6339597702026367
98_osh,2025-09-24,40,1.2693625688552856
98_osh,2025-09-24,50,0.7017545104026794
98_osh,2025-09-25,5,0.194676399230957
98_osh,2025-09-25,10,0.1757209748029709
98_osh,2025-09-25,15,0.2020407766103744
98_osh,2025-09-25,20,0.4265563488006592
98_osh,2025-09-25,30,2.4003329277038574
98_osh,2025-09-25,40,1.3624471426010132
98_osh,2025-09-25,50,0.7699534893035889
98_osh,2025-09-26,5,0.1938205659389495
98_osh,2025-09-26,10,0.1717408746480941
98_osh,2025-09-26,15,0.1993187963962555
98_osh,2025-09-26,20,0.4153035581111908
98_osh,2025-09-26,30,2.367447853088379
98_osh,2025-09-26,40,1.3589123487472534
98_osh,2025-09-26,50,0.7988342642784119
98_osh,2025-09-27,5,0.1892090439796447
98_osh,2025-09-27,10,0.1655251830816269
98_osh,2025-09-27,15,0.2082722932100296
98_osh,2025-09-27,20,0.458685040473938
98_osh,2025-09-27,30,2.4911227226257324
98_osh,2025-09-27,40,1.3423811197280884
98_osh,2025-09-27,50,0.8258381485939026
98_osh,2025-09-28,5,0.1805043667554855
98_osh,2025-09-28,10,0.160729169845581
98_osh,2025-09-28,15,0.2168752998113632
98_osh,2025-09-28,20,0.4910814762115478
98_osh,2025-09-28,30,2.5584185123443604
98_osh,2025-09-28,40,1.338117241859436
98_osh,2025-09-28,50,0.8706849813461304
98_osh,2025-09-29,5,0.1720933467149734
98_osh,2025-09-29,10,0.1582079231739044
98_osh,2025-09-29,15,0.2239170223474502
98_osh,2025-09-29,20,0.5121911764144897
98_osh,2025-09-29,30,2.60319185256958
98_osh,2025-09-29,40,1.3012505769729614
98_osh,2025-09-29,50,0.8862049579620361
98_osh,2025-09-30,5,0.1694722026586532
98_osh,2025-09-30,10,0.1538792997598648
98_osh,2025-09-30,15,0.2201157957315445
98_osh,2025-09-30,20,0.5066950917243958
98_osh,2025-09-30,30,2.712552547454834
98_osh,2025-09-30,40,1.270819067955017
98_osh,2025-09-30,50,0.8856457471847534
98_osh,2025-10-01,5,0.170399323105812
98_osh,2025-10-01,10,0.1458067148923874
98_osh,2025-10-01,15,0.197454497218132
98_osh,2025-10-01,20,0.4436288177967071
98_osh,2025-10-01,30,2.738743305206299
98_osh,2025-10-01,40,1.285611271858215
98_osh,2025-10-01,50,0.9071256518363952
98_osh,2025-10-02,5,0.166476160287857
98_osh,2025-10-02,10,0.1406108886003494
98_osh,2025-10-02,15,0.180613711476326
98_osh,2025-10-02,20,0.3848629593849182
98_osh,2025-10-02,30,2.682184219360352
98_osh,2025-10-02,40,1.3079384565353394
98_osh,2025-10-02,50,0.9354652762413024
98_osh,2025-10-03,5,0.163666695356369
98_osh,2025-10-03,10,0.1362674832344055
98_osh,2025-10-03,15,0.1699341088533401
98_osh,2025-10-03,20,0.3426750898361206
98_osh,2025-10-03,30,2.5918996334075928
98_osh,2025-10-03,40,1.3384504318237305
98_osh,2025-10-03,50,0.9649931192398072
98_osh,2025-10-04,5,0.1737085878849029
98_osh,2025-10-04,10,0.1325886994600296
98_osh,2025-10-04,15,0.155463770031929
98_osh,2025-10-04,20,0.2901716828346252
98_osh,2025-10-04,30,2.4398796558380127
98_osh,2025-10-04,40,1.380508542060852
98_osh,2025-10-04,50,1.0022187232971191
98_osh,2025-10-05,5,0.1754829883575439
98_osh,2025-10-05,10,0.1321865171194076
98_osh,2025-10-05,15,0.1451758593320846
98_osh,2025-10-05,20,0.2512319982051849
98_osh,2025-10-05,30,2.29573917388916
98_osh,2025-10-05,40,1.4077576398849487
98_osh,2025-10-05,50,1.0242167711257937
98_osh,2025-10-06,5,0.1639048904180526
98_osh,2025-10-06,10,0.1436423510313034
98_osh,2025-10-06,15,0.1403164714574813
98_osh,2025-10-06,20,0.2284280955791473
98_osh,2025-10-06,30,2.1789464950561523
98_osh,2025-10-06,40,1.4257954359054563
98_osh,2025-10-06,50,1.0289021730422974
98_osh,2025-10-07,5,0.1565576493740081
98_osh,2025-10-07,10,0.1549393832683563
98_osh,2025-10-07,15,0.1370934545993805
98_osh,2025-10-07,20,0.1995202898979187
98_osh,2025-10-07,30,1.969349026679993
98_osh,2025-10-07,40,1.4176201820373535
98_osh,2025-10-07,50,1.0907447338104248
98_osh,2025-10-08,5,0.1523178666830063
98_osh,2025-10-08,10,0.1517803221940994
98_osh,2025-10-08,15,0.1411696076393127
98_osh,2025-10-08,20,0.1890187263488769
98_osh,2025-10-08,30,1.813035488128662
98_osh,2025-10-08,40,1.388967514038086
98_osh,2025-10-08,50,1.1254031658172607
98_osh,2025-10-09,5,0.1474171876907348
98_osh,2025-10-09,10,0.1472727656364441
98_osh,2025-10-09,15,0.1423724591732025
98_osh,2025-10-09,20,0.18763267993927
98_osh,2025-10-09,30,1.758792281150818
98_osh,2025-10-09,40,1.3862507343292236
98_osh,2025-10-09,50,1.0996651649475098
98_osh,2025-10-10,5,0.1439422518014907
98_osh,2025-10-10,10,0.1438567042350769
98_osh,2025-10-10,15,0.1409217864274978
98_osh,2025-10-10,20,0.1893124878406524
98_osh,2025-10-10,30,1.7644888162612915
98_osh,2025-10-10,40,1.387046217918396
98_osh,2025-10-10,50,1.0686426162719729
98_osh,2025-10-11,5,0.1412867605686187
98_osh,2025-10-11,10,0.1412086933851242
98_osh,2025-10-11,15,0.1402697712182998
98_osh,2025-10-11,20,0.1885106861591339
98_osh,2025-10-11,30,1.708519697189331
98_osh,2025-10-11,40,1.3671324253082275
98_osh,2025-10-11,50,1.052463412284851
98_osh,2025-10-12,5,0.1406639516353607
98_osh,2025-10-12,10,0.1406344324350357
98_osh,2025-10-12,15,0.1405445337295532
98_osh,2025-10-12,20,0.1826238632202148
98_osh,2025-10-12,30,1.6122928857803345
98_osh,2025-10-12,40,1.287038803100586
98_osh,2025-10-12,50,1.0343948602676392
98_osh,2025-10-13,5,0.1426179409027099
98_osh,2025-10-13,10,0.1426403969526291
98_osh,2025-10-13,15,0.1428002268075943
98_osh,2025-10-13,20,0.1865149885416031
98_osh,2025-10-13,30,1.6470303535461426
98_osh,2025-10-13,40,1.2492865324020386
98_osh,2025-10-13,50,1.0236523151397705
98_osh,2025-10-14,5,0.1423839926719665
98_osh,2025-10-14,10,0.1423267424106598
98_osh,2025-10-14,15,0.1424400955438614
98_osh,2025-10-14,20,0.1827991008758545
98_osh,2025-10-14,30,1.691120982170105
98_osh,2025-10-14,40,1.2584224939346311
98_osh,2025-10-14,50,1.0647252798080444
98_osh,2025-10-15,5,0.1412370204925537
98_osh,2025-10-15,10,0.1412386149168014
98_osh,2025-10-15,15,0.1413288414478302
98_osh,2025-10-15,20,0.1725956350564956
98_osh,2025-10-15,30,1.6102176904678345
98_osh,2025-10-15,40,1.243767499923706
98_osh,2025-10-15,50,1.1122981309890747
98_osh,2025-10-16,5,0.1401111632585525
98_osh,2025-10-16,10,0.1400888115167617
98_osh,2025-10-16,15,0.1401531398296356
98_osh,2025-10-16,20,0.1625512391328811
98_osh,2025-10-16,30,1.4886069297790527
98_osh,2025-10-16,40,1.168486475944519
98_osh,2025-10-16,50,1.130630373954773
98_osh,2025-10-17,5,0.1398575603961944
98_osh,2025-10-17,10,0.1398065090179443
98_osh,2025-10-17,15,0.139838695526123
98_osh,2025-10-17,20,0.157953679561615
98_osh,2025-10-17,30,1.404984712600708
98_osh,2025-10-17,40,1.063517689704895
98_osh,2025-10-17,50,1.11836838722229
98_osh,2025-10-18,5,0.1399166882038116
98_osh,2025-10-18,10,0.1399611830711364
98_osh,2025-10-18,15,0.1401503682136535
98_osh,2025-10-18,20,0.1579712927341461
98_osh,2025-10-18,30,1.3045748472213743
98_osh,2025-10-18,40,0.9944366812705994
98_osh,2025-10-18,50,1.0696742534637451
98_osh,2025-10-19,5,0.1461387425661087
98_osh,2025-10-19,10,0.1463239639997482
98_osh,2025-10-19,15,0.1466266065835952
98_osh,2025-10-19,20,0.1590271145105362
98_osh,2025-10-19,30,1.295022964477539
98_osh,2025-10-19,40,0.999280571937561
98_osh,2025-10-19,50,1.026915431022644
98_osh,2025-10-20,5,0.1488870978355407
98_osh,2025-10-20,10,0.1490255445241928
98_osh,2025-10-20,15,0.1492500156164169
98_osh,2025-10-20,20,0.1628331542015075
98_osh,2025-10-20,30,1.3991248607635498
98_osh,2025-10-20,40,1.075421929359436
98_osh,2025-10-20,50,1.0130006074905396
98_osh,2025-10-21,5,0.1498195081949234
98_osh,2025-10-21,10,0.1499907672405243
98_osh,2025-10-21,15,0.1502766609191894
98_osh,2025-10-21,20,0.1728750765323639
98_osh,2025-10-21,30,1.4215909242630005
98_osh,2025-10-21,40,1.1295301914215088
98_osh,2025-10-21,50,0.9814124703407288
98_osh,2025-10-22,5,0.1517336964607238
98_osh,2025-10-22,10,0.1519377678632736
98_osh,2025-10-22,15,0.152275949716568
98_osh,2025-10-22,20,0.1809563636779785
98_osh,2025-10-22,30,1.396212100982666
98_osh,2025-10-22,40,1.1514995098114014
98_osh,2025-10-22,50,0.9382237792015076
98_osh,2025-10-23,5,0.1545290946960449
98_osh,2025-10-23,10,0.1547808051109314
98_osh,2025-10-23,15,0.1552057862281799
98_osh,2025-10-23,20,0.1884164810180664
98_osh,2025-10-23,30,1.3909372091293335
98_osh,2025-10-23,40,1.1753637790679932
98_osh,2025-10-23,50,0.9062989950180054
98_osh,2025-10-24,5,0.1570285111665725
98_osh,2025-10-24,10,0.1573027670383453
98_osh,2025-10-24,15,0.1577441245317459
98_osh,2025-10-24,20,0.1892578899860382
98_osh,2025-10-24,30,1.366282939910889
98_osh,2025-10-24,40,1.203046441078186
98_osh,2025-10-24,50,0.8973081111907959
98_osh,2025-10-25,5,0.1598963588476181
98_osh,2025-10-25,10,0.1604031771421432
98_osh,2025-10-25,15,0.1612287312746048
98_osh,2025-10-25,20,0.1779775470495224
98_osh,2025-10-25,30,1.3067415952682495
98_osh,2025-10-25,40,1.2211551666259766
98_osh,2025-10-25,50,0.9123634099960328
98_osh,2025-10-26,5,0.163226917386055
98_osh,2025-10-26,10,0.1639549881219864
98_osh,2025-10-26,15,0.1653182357549667
98_osh,2025-10-26,20,0.1745019704103469
98_osh,2025-10-26,30,1.18232262134552
98_osh,2025-10-26,40,1.1930882930755615
98_osh,2025-10-26,50,0.9269479513168336
98_osh,2025-10-27,5,0.1765501946210861
98_osh,2025-10-27,10,0.1778453141450882
98_osh,2025-10-27,15,0.1800757944583892
98_osh,2025-10-27,20,0.1925975680351257
98_osh,2025-10-27,30,1.1477761268615725
98_osh,2025-10-27,40,1.140185832977295
98_osh,2025-10-27,50,0.8927202224731445
98_osh,2025-10-28,5,0.2100869864225387
98_osh,2025-10-28,10,0.2110000997781753
98_osh,2025-10-28,15,0.2122973352670669
98_osh,2025-10-28,20,0.2362287044525146
98_osh,2025-10-28,30,1.308221459388733
98_osh,2025-10-28,40,1.056522011756897
98_osh,2025-10-28,50,0.7887248396873474
98_osh,2025-10-29,5,0.2343896180391311
98_osh,2025-10-29,10,0.235096275806427
98_osh,2025-10-29,15,0.2361335903406143
98_osh,2025-10-29,20,0.3128436505794525
98_osh,2025-10-29,30,1.4167280197143557
98_osh,2025-10-29,40,0.9298279285430908
98_osh,2025-10-29,50,0.6766481399536133
98_osh,2025-10-30,5,0.2425346970558166
98_osh,2025-10-30,10,0.243108794093132
98_osh,2025-10-30,15,0.2439401149749755
98_osh,2025-10-30,20,0.3259643018245697
98_osh,2025-10-30,30,1.4571914672851562
98_osh,2025-10-30,40,0.8599080443382263
98_osh,2025-10-30,50,0.6200306415557861
98_osh,2025-10-31,5,0.2421385049819946
98_osh,2025-10-31,10,0.2431659251451492
98_osh,2025-10-31,15,0.2445909827947616
98_osh,2025-10-31,20,0.3062678575515747
98_osh,2025-10-31,30,1.4086605310440063
98_osh,2025-10-31,40,0.8003204464912415
98_osh,2025-10-31,50,0.575340986251831
98_osh,2025-11-01,5,0.2369860112667083
98_osh,2025-11-01,10,0.2383008152246475
98_osh,2025-11-01,15,0.2426228821277618
98_osh,2025-11-01,20,0.3201005160808563
98_osh,2025-11-01,30,1.267182469367981
98_osh,2025-11-01,40,0.6827335953712463
98_osh,2025-11-01,50,0.5017671585083008
98_osh,2025-11-02,5,0.2455333173274994
98_osh,2025-11-02,10,0.2469679117202758
98_osh,2025-11-02,15,0.2537287175655365
98_osh,2025-11-02,20,0.3673032522201538
98_osh,2025-11-02,30,1.218454122543335
98_osh,2025-11-02,40,0.6035933494567871
98_osh,2025-11-02,50,0.4584763348102569
98_osh,2025-11-03,5,0.2553094029426574
98_osh,2025-11-03,10,0.2563408315181732
98_osh,2025-11-03,15,0.25862717628479
98_osh,2025-11-03,20,0.3649436831474304
98_osh,2025-11-03,30,1.2958992719650269
98_osh,2025-11-03,40,0.592975914478302
98_osh,2025-11-03,50,0.4527855217456817
98_osh,2025-11-04,5,0.2601413428783417
98_osh,2025-11-04,10,0.2608163058757782
98_osh,2025-11-04,15,0.2618798911571502
98_osh,2025-11-04,20,0.3574565351009369
98_osh,2025-11-04,30,1.3868634700775146
98_osh,2025-11-04,40,0.6023902297019958
98_osh,2025-11-04,50,0.4571070671081543
98_osh,2025-11-05,5,0.2600647211074829
98_osh,2025-11-05,10,0.2608263194561004
98_osh,2025-11-05,15,0.2623545229434967
98_osh,2025-11-05,20,0.3540951609611511
98_osh,2025-11-05,30,1.4706584215164185
98_osh,2025-11-05,40,0.6283827424049377
98_osh,2025-11-05,50,0.4660691022872925
98_osh,2025-11-06,5,0.2610993385314941
98_osh,2025-11-06,10,0.2630031406879425
98_osh,2025-11-06,15,0.2663984298706054
98_osh,2025-11-06,20,0.3682205080986023
98_osh,2025-11-06,30,1.5508402585983276
98_osh,2025-11-06,40,0.6381878852844238
98_osh,2025-11-06,50,0.4692369699478149
98_osh,2025-11-07,5,0.2836268842220306
98_osh,2025-11-07,10,0.2850231230258941
98_osh,2025-11-07,15,0.2873216271400451
98_osh,2025-11-07,20,0.4516499936580658
98_osh,2025-11-07,30,1.5699105262756348
98_osh,2025-11-07,40,0.5897455811500549
98_osh,2025-11-07,50,0.4413057565689087
98_osh,2025-11-08,5,0.3020175695419311
98_osh,2025-11-08,10,0.3036455810070038
98_osh,2025-11-08,15,0.3062423467636108
98_osh,2025-11-08,20,0.4917637407779693
98_osh,2025-11-08,30,1.5466004610061646
98_osh,2025-11-08,40,0.550592839717865
98_osh,2025-11-08,50,0.4157814085483551
98_osh,2025-11-09,5,0.3236094117164612
98_osh,2025-11-09,10,0.3258303999900818
98_osh,2025-11-09,15,0.3288113474845886
98_osh,2025-11-09,20,0.3705755472183227
98_osh,2025-11-09,30,1.504534125328064
98_osh,2025-11-09,40,0.5498725771903992
98_osh,2025-11-09,50,0.4060898423194885
98_osh,2025-11-10,5,0.3755481839179992
98_osh,2025-11-10,10,0.3780647814273834
98_osh,2025-11-10,15,0.3818567991256714
98_osh,2025-11-10,20,0.4221644699573517
98_osh,2025-11-10,30,1.426252007484436
98_osh,2025-11-10,40,0.5149897336959839
98_osh,2025-11-10,50,0.3968849182128906
98_osh,2025-11-11,5,0.4949203729629516
98_osh,2025-11-11,10,0.4980304837226867
98_osh,2025-11-11,15,0.5027449727058411
98_osh,2025-11-11,20,0.6613304018974304
98_osh,2025-11-11,30,1.2773072719573977
98_osh,2025-11-11,40,0.4558677673339844
98_osh,2025-11-11,50,0.3730750381946563
98_osh,2025-11-12,5,0.5995270609855652
98_osh,2025-11-12,10,0.6019677519798279
98_osh,2025-11-12,15,0.6055576801300049
98_osh,2025-11-12,20,0.7611446976661682
98_osh,2025-11-12,30,1.1860698461532593
98_osh,2025-11-12,40,0.4293700456619262
98_osh,2025-11-12,50,0.3618396520614624
98_osh,2025-11-13,5,0.6784466505050659
98_osh,2025-11-13,10,0.6811192631721497
98_osh,2025-11-13,15,0.6841540336608887
98_osh,2025-11-13,20,0.7243830561637878
98_osh,2025-11-13,30,1.122212052345276
98_osh,2025-11-13,40,0.4189782738685608
98_osh,2025-11-13,50,0.3553265035152435
98_osh,2025-11-14,5,0.7552760243415833
98_osh,2025-11-14,10,0.756904125213623
98_osh,2025-11-14,15,0.7590992450714111
98_osh,2025-11-14,20,0.795433521270752
98_osh,2025-11-14,30,1.0190240144729614
98_osh,2025-11-14,40,0.3970665037631988
98_osh,2025-11-14,50,0.3434487283229828
98_osh,2025-11-15,5,0.8033568859100342
98_osh,2025-11-15,10,0.8039166927337646
98_osh,2025-11-15,15,0.8046225309371948
98_osh,2025-11-15,20,0.8080113530158997
98_osh,2025-11-15,30,0.9719310998916626
98_osh,2025-11-15,40,0.386743426322937
98_osh,2025-11-15,50,0.3340854942798614
98_osh,2025-11-16,5,0.8212081789970398
98_osh,2025-11-16,10,0.8224456906318665
98_osh,2025-11-16,15,0.8239300847053528
98_osh,2025-11-16,20,0.8289949297904968
98_osh,2025-11-16,30,1.0394984483718872
98_osh,2025-11-16,40,0.4003300666809082
98_osh,2025-11-16,50,0.3337080776691437
98_osh,2025-11-17,5,0.8762836456298828
98_osh,2025-11-17,10,0.8775254487991333
98_osh,2025-11-17,15,0.8791371583938599
98_osh,2025-11-17,20,0.8841129541397095
98_osh,2025-11-17,30,1.0106875896453855
98_osh,2025-11-17,40,0.4048051536083221
98_osh,2025-11-17,50,0.3314739167690277
98_osh,2025-11-18,5,0.9926800727844238
98_osh,2025-11-18,10,0.9923858642578124
98_osh,2025-11-18,15,0.9920743107795716
98_osh,2025-11-18,20,0.9913619756698608
98_osh,2025-11-18,30,0.8936963677406311
98_osh,2025-11-18,40,0.3815549910068512
98_osh,2025-11-18,50,0.3191116154193878
98_osh,2025-11-19,5,1.086857795715332
98_osh,2025-11-19,10,1.0857539176940918
98_osh,2025-11-19,15,1.0846858024597168
98_osh,2025-11-19,20,1.0821220874786377
98_osh,2025-11-19,30,0.922390639781952
98_osh,2025-11-19,40,0.364564448595047
98_osh,2025-11-19,50,0.3015572428703308
98_osh,2025-11-20,5,1.1546952724456787
98_osh,2025-11-20,10,1.153618097305298
98_osh,2025-11-20,15,1.1525897979736328
98_osh,2025-11-20,20,1.1501106023788452
98_osh,2025-11-20,30,0.960896909236908
98_osh,2025-11-20,40,0.363403856754303
98_osh,2025-11-20,50,0.2935724854469299
98_osh,2025-11-21,5,1.2385852336883545
98_osh,2025-11-21,10,1.2373521327972412
98_osh,2025-11-21,15,1.2361297607421875
98_osh,2025-11-21,20,1.2335526943206787
98_osh,2025-11-21,30,0.9950007796287536
98_osh,2025-11-21,40,0.3588019013404846
98_osh,2025-11-21,50,0.2920992970466614
98_osh,2025-11-22,5,1.312829852104187
98_osh,2025-11-22,10,1.3110805749893188
98_osh,2025-11-22,15,1.3093392848968506
98_osh,2025-11-22,20,1.306116819381714
98_osh,2025-11-22,30,0.9802037477493286
98_osh,2025-11-22,40,0.3406107723712921
98_osh,2025-11-22,50,0.2811752557754516
98_osh,2025-11-23,5,1.3698853254318235
98_osh,2025-11-23,10,1.367709994316101
98_osh,2025-11-23,15,1.3650482892990112
98_osh,2025-11-23,20,1.3597657680511477
98_osh,2025-11-23,30,0.9939584136009216
98_osh,2025-11-23,40,0.3365027606487274
98_osh,2025-11-23,50,0.2749089300632477
98_osh,2025-11-24,5,1.4082835912704468
98_osh,2025-11-24,10,1.4049255847930908
98_osh,2025-11-24,15,1.3995490074157717
98_osh,2025-11-24,20,1.3839894533157349
98_osh,2025-11-24,30,1.0416020154953003
98_osh,2025-11-24,40,0.342912882566452
98_osh,2025-11-24,50,0.2756083011627197
98_osh,2025-11-25,5,1.4076142311096191
98_osh,2025-11-25,10,1.404272437095642
98_osh,2025-11-25,15,1.3984347581863403
98_osh,2025-11-25,20,1.3808640241622925
98_osh,2025-11-25,30,1.0737261772155762
98_osh,2025-11-25,40,0.3515099883079529
98_osh,2025-11-25,50,0.2784715294837951
98_osh,2025-11-26,5,1.3909586668014526
98_osh,2025-11-26,10,1.3894132375717163
98_osh,2025-11-26,15,1.387018084526062
98_osh,2025-11-26,20,1.3808176517486572
98_osh,2025-11-26,30,1.1057815551757812
98_osh,2025-11-26,40,0.3597182929515838
98_osh,2025-11-26,50,0.2816620767116546
98_osh,2025-11-27,5,1.369101643562317
98_osh,2025-11-27,10,1.3680579662322998
98_osh,2025-11-27,15,1.365941882133484
98_osh,2025-11-27,20,1.3600809574127195
98_osh,2025-11-27,30,1.230046272277832
98_osh,2025-11-27,40,0.3812968134880066
98_osh,2025-11-27,50,0.2892460525035858
98_osh,2025-11-28,5,1.329922080039978
98_osh,2025-11-28,10,1.327963948249817
98_osh,2025-11-28,15,1.325202465057373
98_osh,2025-11-28,20,1.3199135065078735
98_osh,2025-11-28,30,1.277820348739624
98_osh,2025-11-28,40,0.3848249018192291
98_osh,2025-11-28,50,0.2917611598968506
98_osh,2025-11-29,5,1.3000092506408691
98_osh,2025-11-29,10,1.2981271743774414
98_osh,2025-11-29,15,1.2960022687911987
98_osh,2025-11-29,20,1.292749524116516
98_osh,2025-11-29,30,1.2769708633422852
98_osh,2025-11-29,40,0.3722232580184936
98_osh,2025-11-29,50,0.2950111627578735
98_osh,2025-11-30,5,1.3335189819335938
98_osh,2025-11-30,10,1.332669734954834
98_osh,2025-11-30,15,1.3316693305969238
98_osh,2025-11-30,20,1.3299384117126465
98_osh,2025-11-30,30,1.3175747394561768
98_osh,2025-11-30,40,0.4353116750717163
98_osh,2025-11-30,50,0.3293512165546417
98_osh,2025-12-01,5,1.3513967990875244
98_osh,2025-12-01,10,1.3502180576324463
98_osh,2025-12-01,15,1.3487712144851685
98_osh,2025-12-01,20,1.346200704574585
98_osh,2025-12-01,30,1.332851767539978
98_osh,2025-12-01,40,0.545803427696228
98_osh,2025-12-01,50,0.3813327252864837
98_osh,2025-12-02,5,1.3449040651321411
98_osh,2025-12-02,10,1.3425828218460083
98_osh,2025-12-02,15,1.3399688005447388
98_osh,2025-12-02,20,1.3357326984405518
98_osh,2025-12-02,30,1.3183597326278689
98_osh,2025-12-02,40,0.8869901299476624
98_osh,2025-12-02,50,0.4166584014892578
98_osh,2025-12-03,5,1.3406604528427124
98_osh,2025-12-03,10,1.338202953338623
98_osh,2025-12-03,15,1.3354483842849731
98_osh,2025-12-03,20,1.3311666250228882
98_osh,2025-12-03,30,1.3180639743804932
98_osh,2025-12-03,40,1.1350678205490112
98_osh,2025-12-03,50,0.5485185980796814
98_osh,2025-12-04,5,1.2953238487243652
98_osh,2025-12-04,10,1.2927435636520386
98_osh,2025-12-04,15,1.289872407913208
98_osh,2025-12-04,20,1.2854628562927246
98_osh,2025-12-04,30,1.2741434574127195
98_osh,2025-12-04,40,1.200313687324524
98_osh,2025-12-04,50,1.0809173583984375
98_osh,2025-12-05,5,1.2945133447647097
98_osh,2025-12-05,10,1.2929340600967407
98_osh,2025-12-05,15,1.291260004043579
98_osh,2025-12-05,20,1.2888176441192627
98_osh,2025-12-05,30,1.283867120742798
98_osh,2025-12-05,40,1.233502745628357
98_osh,2025-12-05,50,1.2113690376281738
98_osh,2025-12-06,5,1.3619844913482666
98_osh,2025-12-06,10,1.361575484275818
98_osh,2025-12-06,15,1.3612635135650637
98_osh,2025-12-06,20,1.3610306978225708
98_osh,2025-12-06,30,1.3633297681808472
98_osh,2025-12-06,40,1.3416337966918943
98_osh,2025-12-06,50,1.3377718925476074
98_osh,2025-12-07,5,1.4294273853302002
98_osh,2025-12-07,10,1.4294321537017822
98_osh,2025-12-07,15,1.429558038711548
98_osh,2025-12-07,20,1.4300932884216309
98_osh,2025-12-07,30,1.4338383674621582
98_osh,2025-12-07,40,1.4243786334991455
98_osh,2025-12-07,50,1.4227244853973389
98_osh,2025-12-08,5,1.4316757917404177
98_osh,2025-12-08,10,1.4318039417266846
98_osh,2025-12-08,15,1.4319968223571775
98_osh,2025-12-08,20,1.4325090646743774
98_osh,2025-12-08,30,1.4352598190307615
98_osh,2025-12-08,40,1.4310518503189087
98_osh,2025-12-08,50,1.4300345182418823
98_osh,2025-12-09,5,1.4724074602127075
98_osh,2025-12-09,10,1.472344994544983
98_osh,2025-12-09,15,1.472319722175598
98_osh,2025-12-09,20,1.472370982170105
98_osh,2025-12-09,30,1.4735026359558103
98_osh,2025-12-09,40,1.462064504623413
98_osh,2025-12-09,50,1.4611070156097412
98_osh,2025-12-10,5,1.5848289728164673
98_osh,2025-12-10,10,1.584841251373291
98_osh,2025-12-10,15,1.5848910808563232
98_osh,2025-12-10,20,1.5850683450698853
98_osh,2025-12-10,30,1.5871975421905518
98_osh,2025-12-10,40,1.5710809230804443
98_osh,2025-12-10,50,1.57042133808136
98_osh,2025-12-11,5,1.598222255706787
98_osh,2025-12-11,10,1.5982203483581543
98_osh,2025-12-11,15,1.5982234477996826
98_osh,2025-12-11,20,1.598319411277771
98_osh,2025-12-11,30,1.59955096244812
98_osh,2025-12-11,40,1.581298589706421
98_osh,2025-12-11,50,1.580562949180603
98_osh,2025-12-12,5,1.613991379737854
98_osh,2025-12-12,10,1.6138293743133545
98_osh,2025-12-12,15,1.6136592626571655
98_osh,2025-12-12,20,1.6134265661239624
98_osh,2025-12-12,30,1.613258957862854
98_osh,2025-12-12,40,1.5767741203308103
98_osh,2025-12-12,50,1.5753802061080933
98_osh,2025-12-13,5,1.6557612419128418
98_osh,2025-12-13,10,1.6555936336517334
98_osh,2025-12-13,15,1.6554312705993652
98_osh,2025-12-13,20,1.6552047729492188
98_osh,2025-12-13,30,1.652803659439087
98_osh,2025-12-13,40,1.6003241539001465
98_osh,2025-12-13,50,1.5994685888290403
98_osh,2025-12-14,5,1.606438159942627
98_osh,2025-12-14,10,1.6063926219940186
98_osh,2025-12-14,15,1.606336236000061
98_osh,2025-12-14,20,1.6062047481536863
98_osh,2025-12-14,30,1.6007778644561768
98_osh,2025-12-14,40,1.5383853912353516
98_osh,2025-12-14,50,1.5386109352111816
98_osh,2025-12-15,5,1.619801640510559
98_osh,2025-12-15,10,1.6195104122161863
98_osh,2025-12-15,15,1.6191997528076172
98_osh,2025-12-15,20,1.6186938285827637
98_osh,2025-12-15,30,1.6143693923950195
98_osh,2025-12-15,40,1.536556363105774
98_osh,2025-12-15,50,1.5360667705535889
98_osh,2025-12-16,5,1.7019654512405396
98_osh,2025-12-16,10,1.7016621828079224
98_osh,2025-12-16,15,1.7013862133026123
98_osh,2025-12-16,20,1.7010035514831543
98_osh,2025-12-16,30,1.7001299858093262
98_osh,2025-12-16,40,1.602024793624878
98_osh,2025-12-16,50,1.6012316942214966
98_osh,2025-12-17,5,1.735788106918335
98_osh,2025-12-17,10,1.7354469299316406
98_osh,2025-12-17,15,1.7351634502410889
98_osh,2025-12-17,20,1.734810709953308
98_osh,2025-12-17,30,1.73404061794281
98_osh,2025-12-17,40,1.6179430484771729
98_osh,2025-12-17,50,1.617223024368286
98_osh,2025-12-18,5,1.7404834032058716
98_osh,2025-12-18,10,1.7401728630065918
98_osh,2025-12-18,15,1.7399423122406006
98_osh,2025-12-18,20,1.739694595336914
98_osh,2025-12-18,30,1.739361047744751
98_osh,2025-12-18,40,1.6081162691116333
98_osh,2025-12-18,50,1.6079524755477903
98_osh,2025-12-19,5,1.7501115798950195
98_osh,2025-12-19,10,1.7508409023284912
98_osh,2025-12-19,15,1.7514314651489258
98_osh,2025-12-19,20,1.7518634796142578
98_osh,2025-12-19,30,1.7480756044387815
98_osh,2025-12-19,40,1.6035490036010742
98_osh,2025-12-19,50,1.6022213697433472
98_osh,2025-12-20,5,1.759556531906128
98_osh,2025-12-20,10,1.75312077999115
98_osh,2025-12-20,15,1.7387868165969849
98_osh,2025-12-20,20,1.7052468061447144
98_osh,2025-12-20,30,1.663361668586731
98_osh,2025-12-20,40,1.5192396640777588
98_osh,2025-12-20,50,1.511631965637207
98_osh,2025-12-21,5,1.7393158674240112
98_osh,2025-12-21,10,1.715829610824585
98_osh,2025-12-21,15,1.6864213943481443
98_osh,2025-12-21,20,1.632344365119934
98_osh,2025-12-21,30,1.5277949571609497
98_osh,2025-12-21,40,1.3910882472991943
98_osh,2025-12-21,50,1.380448818206787
98_osh,2025-12-22,5,1.6407253742218018
98_osh,2025-12-22,10,1.6344172954559326
98_osh,2025-12-22,15,1.6281471252441406
98_osh,2025-12-22,20,1.6187973022460938
98_osh,2025-12-22,30,1.583332896232605
98_osh,2025-12-22,40,1.4120204448699951
98_osh,2025-12-22,50,1.3914268016815186
98_osh,2025-12-23,5,1.6422804594039917
98_osh,2025-12-23,10,1.6432071924209597
98_osh,2025-12-23,15,1.643935203552246
98_osh,2025-12-23,20,1.6446654796600342
98_osh,2025-12-23,30,1.6423273086547852
98_osh,2025-12-23,40,1.458877444267273
98_osh,2025-12-23,50,1.4554933309555054
98_osh,2025-12-24,5,1.607696294784546
98_osh,2025-12-24,10,1.6083259582519531
98_osh,2025-12-24,15,1.608806610107422
98_osh,2025-12-24,20,1.6089040040969849
98_osh,2025-12-24,30,1.5958020687103271
98_osh,2025-12-24,40,1.417019605636597
98_osh,2025-12-24,50,1.4143221378326416
98_osh,2025-12-25,5,1.5665603876113892
98_osh,2025-12-25,10,1.5663946866989136
98_osh,2025-12-25,15,1.5662840604782104
98_osh,2025-12-25,20,1.5660653114318848
98_osh,2025-12-25,30,1.5608539581298828
98_osh,2025-12-25,40,1.374414086341858
98_osh,2025-12-25,50,1.3700073957443235
98_osh,2025-12-26,5,1.580180048942566
98_osh,2025-12-26,10,1.5798243284225464
98_osh,2025-12-26,15,1.579503297805786
98_osh,2025-12-26,20,1.5790891647338867
98_osh,2025-12-26,30,1.5782090425491333
98_osh,2025-12-26,40,1.387325882911682
98_osh,2025-12-26,50,1.3863667249679563
98_osh,2025-12-27,5,1.631523370742798
98_osh,2025-12-27,10,1.630976676940918
98_osh,2025-12-27,15,1.630523920059204
98_osh,2025-12-27,20,1.6299488544464111
98_osh,2025-12-27,30,1.628603458404541
98_osh,2025-12-27,40,1.431462645530701
98_osh,2025-12-27,50,1.4308542013168335
98_osh,2025-12-28,5,1.7153215408325195
98_osh,2025-12-28,10,1.714906930923462
98_osh,2025-12-28,15,1.714557647705078
98_osh,2025-12-28,20,1.7140129804611206
98_osh,2025-12-28,30,1.708577275276184
98_osh,2025-12-28,40,1.4974902868270874
98_osh,2025-12-28,50,1.4967576265335083
98_osh,2025-12-29,5,1.760505199432373
98_osh,2025-12-29,10,1.7589306831359863
98_osh,2025-12-29,15,1.7558246850967407
98_osh,2025-12-29,20,1.7481887340545654
98_osh,2025-12-29,30,1.7172517776489258
98_osh,2025-12-29,40,1.5123921632766724
98_osh,2025-12-29,50,1.5110690593719482
98_osh,2025-12-30,5,1.7842233180999756
98_osh,2025-12-30,10,1.7818965911865234
98_osh,2025-12-30,15,1.7795554399490356
98_osh,2025-12-30,20,1.7751760482788086
98_osh,2025-12-30,30,1.752299189567566
98_osh,2025-12-30,40,1.525576949119568
98_osh,2025-12-30,50,1.5227532386779783
98_osh,2025-12-31,5,1.855097770690918
98_osh,2025-12-31,10,1.8542790412902832
98_osh,2025-12-31,15,1.8535902500152588
98_osh,2025-12-31,20,1.8526344299316408
98_osh,2025-12-31,30,1.846849083900452
98_osh,2025-12-31,40,1.6005675792694092
98_osh,2025-12-31,50,1.5974762439727783
98_osh,2026-01-01,5,1.432461500167847
98_osh,2026-01-01,10,1.4320580959320068
98_osh,2026-01-01,15,1.4317463636398315
98_osh,2026-01-01,20,1.4313610792160034
98_osh,2026-01-01,30,1.4307714700698853
98_osh,2026-01-01,40,1.430376648902893
98_osh,2026-01-01,50,1.4301106929779053
98_osh,2026-01-02,5,1.4886116981506348
98_osh,2026-01-02,10,1.4881718158721924
98_osh,2026-01-02,15,1.4878556728363037
98_osh,2026-01-02,20,1.4874286651611328
98_osh,2026-01-02,30,1.486780285835266
98_osh,2026-01-02,40,1.486236572265625
98_osh,2026-01-02,50,1.4857529401779177
98_osh,2026-01-03,5,1.4827337265014648
98_osh,2026-01-03,10,1.482276201248169
98_osh,2026-01-03,15,1.4819318056106567
98_osh,2026-01-03,20,1.481487274169922
98_osh,2026-01-03,30,1.4807767868041992
98_osh,2026-01-03,40,1.4801456928253174
98_osh,2026-01-03,50,1.479583978652954
98_osh,2026-01-04,5,1.448997139930725
98_osh,2026-01-04,10,1.448626160621643
98_osh,2026-01-04,15,1.4483144283294678
98_osh,2026-01-04,20,1.447911262512207
98_osh,2026-01-04,30,1.4472745656967163
98_osh,2026-01-04,40,1.446786642074585
98_osh,2026-01-04,50,1.446433186531067
98_osh,2026-01-05,5,1.459232211112976
98_osh,2026-01-05,10,1.4588913917541504
98_osh,2026-01-05,15,1.458646297454834
98_osh,2026-01-05,20,1.458338499069214
98_osh,2026-01-05,30,1.4578168392181396
98_osh,2026-01-05,40,1.4573311805725098
98_osh,2026-01-05,50,1.4569270610809326
98_osh,2026-01-06,5,1.4861364364624023
98_osh,2026-01-06,10,1.485891342163086
98_osh,2026-01-06,15,1.4857232570648191
98_osh,2026-01-06,20,1.4855045080184937
98_osh,2026-01-06,30,1.4851129055023191
98_osh,2026-01-06,40,1.4847310781478882
98_osh,2026-01-06,50,1.4844212532043457
98_osh,2026-01-07,5,1.4590120315551758
98_osh,2026-01-07,10,1.4589529037475586
98_osh,2026-01-07,15,1.4588998556137085
98_osh,2026-01-07,20,1.4588173627853394
98_osh,2026-01-07,30,1.4586530923843384
98_osh,2026-01-07,40,1.4585133790969849
98_osh,2026-01-07,50,1.4584323167800903
98_osh,2026-01-08,5,1.4634705781936646
98_osh,2026-01-08,10,1.463363528251648
98_osh,2026-01-08,15,1.4632741212844849
98_osh,2026-01-08,20,1.463140606880188
98_osh,2026-01-08,30,1.4629122018814087
98_osh,2026-01-08,40,1.462693452835083
98_osh,2026-01-08,50,1.4624727964401243
98_osh,2026-01-09,5,1.4778119325637815
98_osh,2026-01-09,10,1.4777605533599854
98_osh,2026-01-09,15,1.4777231216430664
98_osh,2026-01-09,20,1.47766375541687
98_osh,2026-01-09,30,1.4776273965835571
98_osh,2026-01-09,40,1.4777299165725708
98_osh,2026-01-09,50,1.477842926979065
98_osh,2026-01-10,5,1.4047616720199585
98_osh,2026-01-10,10,1.40484356880188
98_osh,2026-01-10,15,1.4048832654953003
98_osh,2026-01-10,20,1.4048316478729248
98_osh,2026-01-10,30,1.404895544052124
98_osh,2026-01-10,40,1.4047507047653198
98_osh,2026-01-10,50,1.4039913415908811
98_osh,2026-01-11,5,1.3875049352645874
98_osh,2026-01-11,10,1.3874355554580688
98_osh,2026-01-11,15,1.3873543739318848
98_osh,2026-01-11,20,1.3871780633926392
98_osh,2026-01-11,30,1.386828899383545
98_osh,2026-01-11,40,1.3863391876220703
98_osh,2026-01-11,50,1.3856672048568726
98_osh,2026-01-12,5,1.405285358428955
98_osh,2026-01-12,10,1.4050699472427368
98_osh,2026-01-12,15,1.4048722982406616
98_osh,2026-01-12,20,1.4045881032943726
98_osh,2026-01-12,30,1.4040906429290771
98_osh,2026-01-12,40,1.4037054777145386
98_osh,2026-01-12,50,1.4033797979354858
98_osh,2026-01-13,5,1.365062236785889
98_osh,2026-01-13,10,1.3647998571395874
98_osh,2026-01-13,15,1.364530086517334
98_osh,2026-01-13,20,1.3641544580459597
98_osh,2026-01-13,30,1.3634384870529177
98_osh,2026-01-13,40,1.3628013134002686
98_osh,2026-01-13,50,1.3622373342514038
98_osh,2026-01-14,5,1.343841552734375
98_osh,2026-01-14,10,1.3435112237930298
98_osh,2026-01-14,15,1.3432046175003052
98_osh,2026-01-14,20,1.3427951335906982
98_osh,2026-01-14,30,1.3420610427856443
98_osh,2026-01-14,40,1.3414427042007446
98_osh,2026-01-14,50,1.340946078300476
98_osh,2026-01-15,5,1.3783533573150637
98_osh,2026-01-15,10,1.378021001815796
98_osh,2026-01-15,15,1.377777338027954
98_osh,2026-01-15,20,1.3774609565734863
98_osh,2026-01-15,30,1.3769384622573853
98_osh,2026-01-15,40,1.3765109777450562
98_osh,2026-01-15,50,1.3761814832687378
98_osh,2026-01-16,5,1.3707815408706665
98_osh,2026-01-16,10,1.3703217506408691
98_osh,2026-01-16,15,1.370010495185852
98_osh,2026-01-16,20,1.3696377277374268
98_osh,2026-01-16,30,1.3690476417541504
98_osh,2026-01-16,40,1.368569016456604
98_osh,2026-01-16,50,1.3682124614715576
98_osh,2026-01-17,5,1.3349655866622925
98_osh,2026-01-17,10,1.3345129489898682
98_osh,2026-01-17,15,1.3341822624206543
98_osh,2026-01-17,20,1.333791732788086
98_osh,2026-01-17,30,1.333144187927246
98_osh,2026-01-17,40,1.3326154947280884
98_osh,2026-01-17,50,1.332253336906433
98_osh,2026-01-18,5,1.3432409763336182
98_osh,2026-01-18,10,1.3430724143981934
98_osh,2026-01-18,15,1.342937707901001
98_osh,2026-01-18,20,1.3427199125289917
98_osh,2026-01-18,30,1.3423326015472412
98_osh,2026-01-18,40,1.341924786567688
98_osh,2026-01-18,50,1.3415354490280151
98_osh,2026-01-19,5,1.34348464012146
98_osh,2026-01-19,10,1.3433620929718018
98_osh,2026-01-19,15,1.3432496786117554
98_osh,2026-01-19,20,1.3430527448654177
98_osh,2026-01-19,30,1.3427178859710691
98_osh,2026-01-19,40,1.3423672914505005
98_osh,2026-01-19,50,1.3419588804244995
98_osh,2026-01-20,5,1.3274086713790894
98_osh,2026-01-20,10,1.3273215293884275
98_osh,2026-01-20,15,1.3272359371185305
98_osh,2026-01-20,20,1.327082276344299
98_osh,2026-01-20,30,1.326829433441162
98_osh,2026-01-20,40,1.3266440629959106
98_osh,2026-01-20,50,1.326479196548462
98_osh,2026-01-21,5,1.344502568244934
98_osh,2026-01-21,10,1.3443866968154907
98_osh,2026-01-21,15,1.3443069458007812
98_osh,2026-01-21,20,1.344213843345642
98_osh,2026-01-21,30,1.3441015481948853
98_osh,2026-01-21,40,1.3441277742385864
98_osh,2026-01-21,50,1.344230055809021
98_osh,2026-01-22,5,1.3555333614349363
98_osh,2026-01-22,10,1.3554247617721558
98_osh,2026-01-22,15,1.3553575277328491
98_osh,2026-01-22,20,1.3552757501602173
98_osh,2026-01-22,30,1.355204463005066
98_osh,2026-01-22,40,1.3552792072296145
98_osh,2026-01-22,50,1.3554428815841677
98_osh,2026-01-23,5,1.38076913356781
98_osh,2026-01-23,10,1.3806709051132202
98_osh,2026-01-23,15,1.3805962800979614
98_osh,2026-01-23,20,1.3804936408996582
98_osh,2026-01-23,30,1.3803147077560425
98_osh,2026-01-23,40,1.3802027702331543
98_osh,2026-01-23,50,1.3800907135009766
98_osh,2026-01-24,5,1.4083970785140991
98_osh,2026-01-24,10,1.4083104133605957
98_osh,2026-01-24,15,1.408223032951355
98_osh,2026-01-24,20,1.4080761671066284
98_osh,2026-01-24,30,1.4078187942504885
98_osh,2026-01-24,40,1.407617211341858
98_osh,2026-01-24,50,1.4073911905288696
98_osh,2026-01-25,5,1.4047726392745972
98_osh,2026-01-25,10,1.4047304391860962
98_osh,2026-01-25,15,1.404696702957153
98_osh,2026-01-25,20,1.4046523571014404
98_osh,2026-01-25,30,1.4045934677124023
98_osh,2026-01-25,40,1.4046504497528076
98_osh,2026-01-25,50,1.4047867059707642
98_osh,2026-01-26,5,1.380577564239502
98_osh,2026-01-26,10,1.3805269002914429
98_osh,2026-01-26,15,1.3804820775985718
98_osh,2026-01-26,20,1.3804173469543457
98_osh,2026-01-26,30,1.3802984952926636
98_osh,2026-01-26,40,1.3802250623703003
98_osh,2026-01-26,50,1.3800880908966064
98_osh,2026-01-27,5,1.3500596284866333
98_osh,2026-01-27,10,1.3499748706817627
98_osh,2026-01-27,15,1.349918007850647
98_osh,2026-01-27,20,1.3498626947402954
98_osh,2026-01-27,30,1.349822163581848
98_osh,2026-01-27,40,1.3494077920913696
98_osh,2026-01-27,50,1.3478045463562012
98_osh,2026-01-28,5,1.3605339527130127
98_osh,2026-01-28,10,1.3608384132385254
98_osh,2026-01-28,15,1.3612815141677856
98_osh,2026-01-28,20,1.3622725009918213
98_osh,2026-01-28,30,1.365870714187622
98_osh,2026-01-28,40,1.3664190769195557
98_osh,2026-01-28,50,1.3598920106887815
98_osh,2026-01-29,5,1.3819634914398191
98_osh,2026-01-29,10,1.382789134979248
98_osh,2026-01-29,15,1.3839997053146362
98_osh,2026-01-29,20,1.3869245052337646
98_osh,2026-01-29,30,1.4000681638717651
98_osh,2026-01-29,40,1.405946969985962
98_osh,2026-01-29,50,1.393082618713379
98_osh,2026-01-30,5,1.4071853160858154
98_osh,2026-01-30,10,1.4072185754776
98_osh,2026-01-30,15,1.407274603843689
98_osh,2026-01-30,20,1.4074630737304688
98_osh,2026-01-30,30,1.4107608795166016
98_osh,2026-01-30,40,1.4174253940582275
98_osh,2026-01-30,50,1.403065800666809
98_osh,2026-01-31,5,1.4291021823883057
98_osh,2026-01-31,10,1.428808093070984
98_osh,2026-01-31,15,1.4284178018569946
98_osh,2026-01-31,20,1.4270018339157104
98_osh,2026-01-31,30,1.419022798538208
98_osh,2026-01-31,40,1.4135125875473022
98_osh,2026-01-31,50,1.3953619003295898
98_osh,2026-02-01,5,1.4571293592453003
98_osh,2026-02-01,10,1.4568402767181396
98_osh,2026-02-01,15,1.456326961517334
98_osh,2026-02-01,20,1.4538580179214478
98_osh,2026-02-01,30,1.4402276277542114
98_osh,2026-02-01,40,1.433993220329285
98_osh,2026-02-01,50,1.3622639179229736
98_osh,2026-02-02,5,1.515475511550903
98_osh,2026-02-02,10,1.515127658843994
98_osh,2026-02-02,15,1.514575719833374
98_osh,2026-02-02,20,1.5116355419158936
98_osh,2026-02-02,30,1.5015404224395752
98_osh,2026-02-02,40,1.4702047109603882
98_osh,2026-02-02,50,1.2797266244888306
98_osh,2026-02-03,5,1.555715560913086
98_osh,2026-02-03,10,1.5557143688201904
98_osh,2026-02-03,15,1.555686354637146
98_osh,2026-02-03,20,1.5555089712142944
98_osh,2026-02-03,30,1.5422255992889404
98_osh,2026-02-03,40,1.3340305089950562
98_osh,2026-02-03,50,1.193384051322937
98_osh,2026-02-04,5,1.6240315437316897
98_osh,2026-02-04,10,1.6237937211990356
98_osh,2026-02-04,15,1.62321674823761
98_osh,2026-02-04,20,1.6191242933273315
98_osh,2026-02-04,30,1.45863139629364
98_osh,2026-02-04,40,1.1833701133728027
98_osh,2026-02-04,50,1.1165544986724854
98_osh,2026-02-05,5,1.6526012420654297
98_osh,2026-02-05,10,1.6486358642578125
98_osh,2026-02-05,15,1.6425068378448486
98_osh,2026-02-05,20,1.625719666481018
98_osh,2026-02-05,30,1.4503802061080933
98_osh,2026-02-05,40,1.2354488372802734
98_osh,2026-02-05,50,1.132660150527954
98_osh,2026-02-06,5,1.4538086652755735
98_osh,2026-02-06,10,1.4532697200775146
98_osh,2026-02-06,15,1.4526301622390747
98_osh,2026-02-06,20,1.451595425605774
98_osh,2026-02-06,30,1.4485726356506348
98_osh,2026-02-06,40,1.4413195848464966
98_osh,2026-02-06,50,1.4176491498947144
98_osh,2026-02-07,5,1.4627617597579956
98_osh,2026-02-07,10,1.4624903202056885
98_osh,2026-02-07,15,1.4622492790222168
98_osh,2026-02-07,20,1.4618756771087646
98_osh,2026-02-07,30,1.460767149925232
98_osh,2026-02-07,40,1.4589848518371582
98_osh,2026-02-07,50,1.4574753046035769
98_osh,2026-02-08,5,1.4872609376907349
98_osh,2026-02-08,10,1.4869329929351809
98_osh,2026-02-08,15,1.486592411994934
98_osh,2026-02-08,20,1.4860466718673706
98_osh,2026-02-08,30,1.484860897064209
98_osh,2026-02-08,40,1.483527421951294
98_osh,2026-02-08,50,1.48257577419281
98_osh,2026-02-09,5,1.5070310831069946
98_osh,2026-02-09,10,1.506653904914856
98_osh,2026-02-09,15,1.5063157081604004
98_osh,2026-02-09,20,1.5058059692382812
98_osh,2026-02-09,30,1.5049474239349363
98_osh,2026-02-09,40,1.504133224487305
98_osh,2026-02-09,50,1.503220558166504
98_osh,2026-02-10,5,1.5489675998687744
98_osh,2026-02-10,10,1.5481371879577637
98_osh,2026-02-10,15,1.5473202466964722
98_osh,2026-02-10,20,1.5457850694656372
98_osh,2026-02-10,30,1.532795786857605
98_osh,2026-02-10,40,1.5013209581375122
98_osh,2026-02-10,50,1.4812264442443848
98_osh,2026-02-11,5,1.5877666473388672
98_osh,2026-02-11,10,1.587388277053833
98_osh,2026-02-11,15,1.586932897567749
98_osh,2026-02-11,20,1.5858465433120728
98_osh,2026-02-11,30,1.573943853378296
98_osh,2026-02-11,40,1.486012578010559
98_osh,2026-02-11,50,1.409915566444397
98_osh,2026-02-12,5,1.5446957349777222
98_osh,2026-02-12,10,1.5444486141204834
98_osh,2026-02-12,15,1.544178485870361
98_osh,2026-02-12,20,1.5437291860580444
98_osh,2026-02-12,30,1.5419994592666626
98_osh,2026-02-12,40,1.5192722082138062
98_osh,2026-02-12,50,1.4579777717590332
98_osh,2026-02-13,5,1.530225157737732
98_osh,2026-02-13,10,1.5304057598114014
98_osh,2026-02-13,15,1.5307174921035769
98_osh,2026-02-13,20,1.5321766138076782
98_osh,2026-02-13,30,1.533895492553711
98_osh,2026-02-13,40,1.4923923015594482
98_osh,2026-02-13,50,1.425074577331543
98_osh,2026-02-14,5,1.564833402633667
98_osh,2026-02-14,10,1.5683091878890991
98_osh,2026-02-14,15,1.5751030445098877
98_osh,2026-02-14,20,1.5899276733398438
98_osh,2026-02-14,30,1.539231300354004
98_osh,2026-02-14,40,1.4626457691192627
98_osh,2026-02-14,50,1.367884397506714
98_osh,2026-02-15,5,1.6381871700286863
98_osh,2026-02-15,10,1.6396325826644895
98_osh,2026-02-15,15,1.6428608894348145
98_osh,2026-02-15,20,1.645638346672058
98_osh,2026-02-15,30,1.5362749099731443
98_osh,2026-02-15,40,1.4650695323944092
98_osh,2026-02-15,50,1.3724286556243896
98_osh,2026-02-16,5,1.6810027360916138
98_osh,2026-02-16,10,1.680639386177063
98_osh,2026-02-16,15,1.6800199747085571
98_osh,2026-02-16,20,1.675662398338318
98_osh,2026-02-16,30,1.508983850479126
98_osh,2026-02-16,40,1.414905309677124
98_osh,2026-02-16,50,1.3717089891433716
98_osh,2026-02-17,5,1.673516035079956
98_osh,2026-02-17,10,1.673097848892212
98_osh,2026-02-17,15,1.6723604202270508
98_osh,2026-02-17,20,1.669194579124451
98_osh,2026-02-17,30,1.517548680305481
98_osh,2026-02-17,40,1.347244381904602
98_osh,2026-02-17,50,1.2975575923919678
98_osh,2026-02-18,5,1.553821682929993
98_osh,2026-02-18,10,1.553533673286438
98_osh,2026-02-18,15,1.5530967712402344
98_osh,2026-02-18,20,1.551966667175293
98_osh,2026-02-18,30,1.5389578342437744
98_osh,2026-02-18,40,1.3736813068389893
98_osh,2026-02-18,50,1.216099739074707
98_osh,2026-02-19,5,1.4667398929595947
98_osh,2026-02-19,10,1.4665179252624512
98_osh,2026-02-19,15,1.466203212738037
98_osh,2026-02-19,20,1.4654721021652222
98_osh,2026-02-19,30,1.45937180519104
98_osh,2026-02-19,40,1.3631263971328735
98_osh,2026-02-19,50,1.161556601524353
98_osh,2026-02-20,5,1.4562885761260986
98_osh,2026-02-20,10,1.4586076736450195
98_osh,2026-02-20,15,1.4631516933441162
98_osh,2026-02-20,20,1.4711273908615112
98_osh,2026-02-20,30,1.4342247247695925
98_osh,2026-02-20,40,1.2742903232574463
98_osh,2026-02-20,50,1.1064977645874023
98_osh,2026-02-21,5,1.5019365549087524
98_osh,2026-02-21,10,1.5099865198135376
98_osh,2026-02-21,15,1.5266177654266355
98_osh,2026-02-21,20,1.5375789403915403
98_osh,2026-02-21,30,1.4320366382598877
98_osh,2026-02-21,40,1.2410547733306885
98_osh,2026-02-21,50,1.072832107543945
98_osh,2026-02-22,5,1.5253961086273191
98_osh,2026-02-22,10,1.5253126621246338
98_osh,2026-02-22,15,1.5251060724258425
98_osh,2026-02-22,20,1.5244790315628052
98_osh,2026-02-22,30,1.5115796327590942
98_osh,2026-02-22,40,1.3771079778671265
98_osh,2026-02-22,50,1.190438747406006
98_osh,2026-02-23,5,1.5190351009368896
98_osh,2026-02-23,10,1.5188403129577637
98_osh,2026-02-23,15,1.5186223983764648
98_osh,2026-02-23,20,1.5182342529296875
98_osh,2026-02-23,30,1.5171650648117063
98_osh,2026-02-23,40,1.490248203277588
98_osh,2026-02-23,50,1.3204376697540283
98_osh,2026-02-24,5,1.5031695365905762
98_osh,2026-02-24,10,1.5029364824295044
98_osh,2026-02-24,15,1.5027114152908323
98_osh,2026-02-24,20,1.5023812055587769
98_osh,2026-02-24,30,1.5030423402786257
98_osh,2026-02-24,40,1.4036346673965454
98_osh,2026-02-24,50,1.1872642040252686
98_osh,2026-02-25,5,1.5307931900024414
98_osh,2026-02-25,10,1.5309011936187744
98_osh,2026-02-25,15,1.5314862728118896
98_osh,2026-02-25,20,1.5319406986236572
98_osh,2026-02-25,30,1.4880692958831787
98_osh,2026-02-25,40,1.2665921449661257
98_osh,2026-02-25,50,1.0385395288467407
98_osh,2026-02-26,5,1.5360832214355469
98_osh,2026-02-26,10,1.535846471786499
98_osh,2026-02-26,15,1.5355536937713623
98_osh,2026-02-26,20,1.5351221561431885
98_osh,2026-02-26,30,1.5314234495162964
98_osh,2026-02-26,40,1.3621779680252075
98_osh,2026-02-26,50,1.0661221742630005
98_osh,2026-02-27,5,1.4702444076538086
98_osh,2026-02-27,10,1.472406029701233
98_osh,2026-02-27,15,1.4749407768249512
98_osh,2026-02-27,20,1.4773266315460205
98_osh,2026-02-27,30,1.4847605228424072
98_osh,2026-02-27,40,1.4234107732772827
98_osh,2026-02-27,50,1.181265354156494
98_osh,2026-02-28,5,1.4471487998962402
98_osh,2026-02-28,10,1.4477685689926147
98_osh,2026-02-28,15,1.448815941810608
98_osh,2026-02-28,20,1.450286626815796
98_osh,2026-02-28,30,1.4390251636505127
98_osh,2026-02-28,40,1.346376895904541
98_osh,2026-02-28,50,1.1702879667282104
98_osh,2026-03-01,5,1.4900753498077393
98_osh,2026-03-01,10,1.4899829626083374
98_osh,2026-03-01,15,1.4898782968521118
98_osh,2026-03-01,20,1.4897994995117188
98_osh,2026-03-01,30,1.4755656719207764
98_osh,2026-03-01,40,1.241627812385559
98_osh,2026-03-01,50,1.0750352144241333
98_osh,2026-03-02,5,1.5622317790985107
98_osh,2026-03-02,10,1.562228798866272
98_osh,2026-03-02,15,1.5622540712356567
98_osh,2026-03-02,20,1.562456130981445
98_osh,2026-03-02,30,1.556259036064148
98_osh,2026-03-02,40,1.1827456951141355
98_osh,2026-03-02,50,1.0082221031188965
98_osh,2026-03-03,5,1.6604955196380615
98_osh,2026-03-03,10,1.6622194051742554
98_osh,2026-03-03,15,1.6662979125976562
98_osh,2026-03-03,20,1.671530842781067
98_osh,2026-03-03,30,1.596850872039795
98_osh,2026-03-03,40,1.2538721561431885
98_osh,2026-03-03,50,1.0226157903671265
98_osh,2026-03-04,5,1.7067888975143433
98_osh,2026-03-04,10,1.7375555038452148
98_osh,2026-03-04,15,1.735621690750122
98_osh,2026-03-04,20,1.684847712516785
98_osh,2026-03-04,30,1.5649017095565796
98_osh,2026-03-04,40,1.3258358240127563
98_osh,2026-03-04,50,1.0854451656341553
98_osh,2026-03-05,5,1.7545695304870603
98_osh,2026-03-05,10,1.8252661228179927
98_osh,2026-03-05,15,1.8145171403884888
98_osh,2026-03-05,20,1.7044662237167358
98_osh,2026-03-05,30,1.5354689359664917
98_osh,2026-03-05,40,1.3410475254058838
98_osh,2026-03-05,50,1.1129671335220337
98_osh,2026-03-06,5,1.790954351425171
98_osh,2026-03-06,10,1.7925968170166016
98_osh,2026-03-06,15,1.7908769845962524
98_osh,2026-03-06,20,1.7672425508499146
98_osh,2026-03-06,30,1.6085644960403442
98_osh,2026-03-06,40,1.4145790338516235
98_osh,2026-03-06,50,1.2104099988937378
98_osh,2026-03-07,5,1.6754732131958008
98_osh,2026-03-07,10,1.6748967170715332
98_osh,2026-03-07,15,1.6738804578781128
98_osh,2026-03-07,20,1.6713109016418457
98_osh,2026-03-07,30,1.6524206399917605
98_osh,2026-03-07,40,1.568566918373108
98_osh,2026-03-07,50,1.3340401649475098
98_osh,2026-03-08,5,1.5890861749649048
98_osh,2026-03-08,10,1.5888742208480835
98_osh,2026-03-08,15,1.5886316299438477
98_osh,2026-03-08,20,1.5885218381881714
98_osh,2026-03-08,30,1.5935219526290894
98_osh,2026-03-08,40,1.5660547018051147
98_osh,2026-03-08,50,1.3233388662338257
98_osh,2026-03-09,5,1.605346441268921
98_osh,2026-03-09,10,1.6085054874420166
98_osh,2026-03-09,15,1.6195446252822876
98_osh,2026-03-09,20,1.6018978357315063
98_osh,2026-03-09,30,1.5332733392715454
98_osh,2026-03-09,40,1.4116204977035522
98_osh,2026-03-09,50,1.189763426780701
98_osh,2026-03-10,5,1.679490089416504
98_osh,2026-03-10,10,1.7145484685897827
98_osh,2026-03-10,15,1.7753701210021973
98_osh,2026-03-10,20,1.6852068901062012
98_osh,2026-03-10,30,1.4803924560546875
98_osh,2026-03-10,40,1.3033345937728882
98_osh,2026-03-10,50,1.0835583209991455
98_osh,2026-03-11,5,1.8205212354660036
98_osh,2026-03-11,10,1.8412401676177976
98_osh,2026-03-11,15,1.8868987560272217
98_osh,2026-03-11,20,1.7806429862976074
98_osh,2026-03-11,30,1.482093334197998
98_osh,2026-03-11,40,1.251893162727356
98_osh,2026-03-11,50,1.0211849212646484
98_osh,2026-03-12,5,1.9224148988723757
98_osh,2026-03-12,10,1.9210127592086792
98_osh,2026-03-12,15,1.9162046909332275
98_osh,2026-03-12,20,1.8555684089660645
98_osh,2026-03-12,30,1.492895007133484
98_osh,2026-03-12,40,1.213763952255249
98_osh,2026-03-12,50,0.970676839351654
98_osh,2026-03-13,5,1.9761266708374023
98_osh,2026-03-13,10,1.97576904296875
98_osh,2026-03-13,15,1.9737164974212649
98_osh,2026-03-13,20,1.926891565322876
98_osh,2026-03-13,30,1.4724143743515017
98_osh,2026-03-13,40,1.193196415901184
98_osh,2026-03-13,50,0.9759275317192078
98_osh,2026-03-14,5,2.073521852493286
98_osh,2026-03-14,10,2.076609373092652
98_osh,2026-03-14,15,2.085165739059448
98_osh,2026-03-14,20,1.9679725170135496
98_osh,2026-03-14,30,1.4639500379562378
98_osh,2026-03-14,40,1.194808006286621
98_osh,2026-03-14,50,0.9843233823776244
98_osh,2026-03-15,5,2.18815016746521
98_osh,2026-03-15,10,2.227234125137329
98_osh,2026-03-15,15,2.270771741867065
98_osh,2026-03-15,20,2.0427634716033936
98_osh,2026-03-15,30,1.45057475566864
98_osh,2026-03-15,40,1.1637513637542725
98_osh,2026-03-15,50,0.9638755321502686
98_osh,2026-03-16,5,2.358282327651977
98_osh,2026-03-16,10,2.405179023742676
98_osh,2026-03-16,15,2.4462151527404785
98_osh,2026-03-16,20,2.087754726409912
98_osh,2026-03-16,30,1.4045814275741575
98_osh,2026-03-16,40,1.0958482027053833
98_osh,2026-03-16,50,0.9291561245918274
98_osh,2026-03-17,5,2.491904258728028
98_osh,2026-03-17,10,2.55460786819458
98_osh,2026-03-17,15,2.5766942501068115
98_osh,2026-03-17,20,2.0902256965637207
98_osh,2026-03-17,30,1.3501622676849363
98_osh,2026-03-17,40,1.0256704092025757
98_osh,2026-03-17,50,0.8732484579086304
98_osh,2026-03-18,5,2.5705883502960205
98_osh,2026-03-18,10,2.667448043823242
98_osh,2026-03-18,15,2.705610036849976
98_osh,2026-03-18,20,2.1398205757141118
98_osh,2026-03-18,30,1.3244868516921997
98_osh,2026-03-18,40,0.9950730204582214
98_osh,2026-03-18,50,0.8254334330558777
98_osh,2026-03-19,5,2.546370029449463
98_osh,2026-03-19,10,2.5949511528015137
98_osh,2026-03-19,15,2.6900789737701416
98_osh,2026-03-19,20,2.2042477130889893
98_osh,2026-03-19,30,1.3206499814987185
98_osh,2026-03-19,40,1.016457438468933
98_osh,2026-03-19,50,0.8212339282035828
98_osh,2026-03-20,5,2.4667749404907227
98_osh,2026-03-20,10,2.472155332565308
98_osh,2026-03-20,15,2.49867582321167
98_osh,2026-03-20,20,2.2709758281707764
98_osh,2026-03-20,30,1.2795488834381104
98_osh,2026-03-20,40,1.0249468088150024
98_osh,2026-03-20,50,0.8265969753265381
98_osh,2026-03-21,5,2.351454257965088
98_osh,2026-03-21,10,2.349141359329224
98_osh,2026-03-21,15,2.3428380489349365
98_osh,2026-03-21,20,2.2350308895111084
98_osh,2026-03-21,30,1.2866157293319702
98_osh,2026-03-21,40,0.9706210494041444
98_osh,2026-03-21,50,0.7717132568359375
98_osh,2026-03-22,5,2.2546846866607666
98_osh,2026-03-22,10,2.290613889694214
98_osh,2026-03-22,15,2.334433078765869
98_osh,2026-03-22,20,2.2186787128448486
98_osh,2026-03-22,30,1.369740605354309
98_osh,2026-03-22,40,0.9479051232337952
98_osh,2026-03-22,50,0.734058141708374
98_osh,2026-03-23,5,2.227787494659424
98_osh,2026-03-23,10,2.3717973232269287
98_osh,2026-03-23,15,2.4450325965881348
98_osh,2026-03-23,20,2.2088472843170166
98_osh,2026-03-23,30,1.3854390382766724
98_osh,2026-03-23,40,0.9655661582946776
98_osh,2026-03-23,50,0.7252824902534485
98_osh,2026-03-24,5,2.201587200164795
98_osh,2026-03-24,10,2.398341655731201
98_osh,2026-03-24,15,2.553400039672852
98_osh,2026-03-24,20,2.215951681137085
98_osh,2026-03-24,30,1.3878284692764282
98_osh,2026-03-24,40,0.9881016612052916
98_osh,2026-03-24,50,0.7373327612876892
98_osh,2026-03-25,5,2.160740852355957
98_osh,2026-03-25,10,2.4053850173950195
98_osh,2026-03-25,15,2.7356278896331787
98_osh,2026-03-25,20,2.3444178104400635
98_osh,2026-03-25,30,1.4417541027069092
98_osh,2026-03-25,40,1.034704089164734
98_osh,2026-03-25,50,0.7880604267120361
98_osh,2026-03-26,5,2.1601717472076416
98_osh,2026-03-26,10,2.356865406036377
98_osh,2026-03-26,15,2.814507007598877
98_osh,2026-03-26,20,2.5381131172180176
98_osh,2026-03-26,30,1.5249667167663574
98_osh,2026-03-26,40,1.091799020767212
98_osh,2026-03-26,50,0.8381210565567017
98_osh,2026-03-27,5,2.136457681655884
98_osh,2026-03-27,10,2.204904317855835
98_osh,2026-03-27,15,2.539860248565674
98_osh,2026-03-27,20,2.616899251937866
98_osh,2026-03-27,30,1.6525216102600098
98_osh,2026-03-27,40,1.16975736618042
98_osh,2026-03-27,50,0.9271807074546814
98_osh,2026-03-28,5,2.044114589691162
98_osh,2026-03-28,10,2.1292972564697266
98_osh,2026-03-28,15,2.381795644760132
98_osh,2026-03-28,20,2.478921413421631
98_osh,2026-03-28,30,1.7616063356399536
98_osh,2026-03-28,40,1.2529609203338623
98_osh,2026-03-28,50,1.0491186380386353
98_osh,2026-03-29,5,1.9758148193359373
98_osh,2026-03-29,10,2.1587610244750977
98_osh,2026-03-29,15,2.4734930992126465
98_osh,2026-03-29,20,2.41668438911438
98_osh,2026-03-29,30,1.7800661325454712
98_osh,2026-03-29,40,1.292750120162964
98_osh,2026-03-29,50,1.1107248067855835
98_osh,2026-03-30,5,1.9344302415847776
98_osh,2026-03-30,10,2.147201538085937
98_osh,2026-03-30,15,2.5640931129455566
98_osh,2026-03-30,20,2.4432873725891118
98_osh,2026-03-30,30,1.7914998531341553
98_osh,2026-03-30,40,1.2937582731246948
98_osh,2026-03-30,50,1.1172828674316406
98_osh,2026-03-31,5,1.9257068634033203
98_osh,2026-03-31,10,2.1167800426483154
98_osh,2026-03-31,15,2.54638409614563
98_osh,2026-03-31,20,2.471515417098999
98_osh,2026-03-31,30,1.8171523809432983
98_osh,2026-03-31,40,1.3178954124450684
98_osh,2026-03-31,50,1.1178587675094604
98_osh,2026-04-01,5,1.9077485799789429
98_osh,2026-04-01,10,2.103182792663574
98_osh,2026-04-01,15,2.5713913440704346
98_osh,2026-04-01,20,2.4854252338409424
98_osh,2026-04-01,30,1.813428521156311
98_osh,2026-04-01,40,1.3317773342132568
98_osh,2026-04-01,50,1.1170289516448977
98_osh,2026-04-02,5,1.9019135236740112
98_osh,2026-04-02,10,2.1515705585479736
98_osh,2026-04-02,15,2.5942840576171875
98_osh,2026-04-02,20,2.4470369815826416
98_osh,2026-04-02,30,1.7619887590408323
98_osh,2026-04-02,40,1.2893067598342896
98_osh,2026-04-02,50,1.0835171937942505
98_osh,2026-04-03,5,1.8784687519073489
98_osh,2026-04-03,10,2.139646291732788
98_osh,2026-04-03,15,2.5830326080322266
98_osh,2026-04-03,20,2.4038307666778564
98_osh,2026-04-03,30,1.7227025032043457
98_osh,2026-04-03,40,1.2437788248062134
98_osh,2026-04-03,50,1.0452182292938232
98_osh,2026-04-04,5,1.8225136995315552
98_osh,2026-04-04,10,2.084861516952514
98_osh,2026-04-04,15,2.600433826446533
98_osh,2026-04-04,20,2.438106060028076
98_osh,2026-04-04,30,1.6863092184066772
98_osh,2026-04-04,40,1.1900691986083984
98_osh,2026-04-04,50,1.01033616065979
98_osh,2026-04-05,5,1.7784820795059204
98_osh,2026-04-05,10,2.04468297958374
98_osh,2026-04-05,15,2.5679287910461426
98_osh,2026-04-05,20,2.418083667755127
98_osh,2026-04-05,30,1.638132095336914
98_osh,2026-04-05,40,1.1298112869262695
98_osh,2026-04-05,50,0.9527899026870728
98_osh,2026-04-06,5,1.8424605131149288
98_osh,2026-04-06,10,1.879610061645508
98_osh,2026-04-06,15,2.072295904159546
98_osh,2026-04-06,20,2.397112369537353
98_osh,2026-04-06,30,1.7309463024139404
98_osh,2026-04-06,40,1.1398019790649414
98_osh,2026-04-06,50,0.936127781867981
98_osh,2026-04-07,5,1.7659350633621216
98_osh,2026-04-07,10,1.7861093282699585
98_osh,2026-04-07,15,1.914284586906433
98_osh,2026-04-07,20,2.169506549835205
98_osh,2026-04-07,30,1.8175071477890012
98_osh,2026-04-07,40,1.157437801361084
98_osh,2026-04-07,50,0.931971788406372
98_osh,2026-04-08,5,1.7051680088043213
98_osh,2026-04-08,10,1.7512710094451904
98_osh,2026-04-08,15,1.994389295578003
98_osh,2026-04-08,20,2.1258552074432373
98_osh,2026-04-08,30,1.707117795944214
98_osh,2026-04-08,40,1.0814779996871948
98_osh,2026-04-08,50,0.8911817073822021
98_osh,2026-04-09,5,1.688750982284546
98_osh,2026-04-09,10,1.7863869667053225
98_osh,2026-04-09,15,2.1271326541900635
98_osh,2026-04-09,20,2.145637273788452
98_osh,2026-04-09,30,1.5676395893096924
98_osh,2026-04-09,40,0.9637179374694824
98_osh,2026-04-09,50,0.8073520660400391
98_osh,2026-04-10,5,1.7386271953582764
98_osh,2026-04-10,10,1.7824527025222778
98_osh,2026-04-10,15,2.026905298233032
98_osh,2026-04-10,20,2.094314813613892
98_osh,2026-04-10,30,1.46235191822052
98_osh,2026-04-10,40,0.8763799071311951
98_osh,2026-04-10,50,0.7131951451301575
98_osh,2026-04-11,5,1.7148184776306152
98_osh,2026-04-11,10,1.7583144903182983
98_osh,2026-04-11,15,1.9196631908416748
98_osh,2026-04-11,20,1.8971182107925413
98_osh,2026-04-11,30,1.2870116233825684
98_osh,2026-04-11,40,0.7919272184371948
98_osh,2026-04-11,50,0.6227190494537354
98_osh,2026-04-12,5,1.6931958198547363
98_osh,2026-04-12,10,1.7298904657363892
98_osh,2026-04-12,15,1.8361364603042605
98_osh,2026-04-12,20,1.723270058631897
98_osh,2026-04-12,30,1.1374051570892334
98_osh,2026-04-12,40,0.7044694423675537
98_osh,2026-04-12,50,0.5497720241546631
98_osh,2026-04-13,5,1.6514908075332642
98_osh,2026-04-13,10,1.706766963005066
98_osh,2026-04-13,15,1.8573509454727173
98_osh,2026-04-13,20,1.7170835733413696
98_osh,2026-04-13,30,1.0887805223464966
98_osh,2026-04-13,40,0.6455221772193909
98_osh,2026-04-13,50,0.5118534564971924
98_osh,2026-04-14,5,1.6176440715789795
98_osh,2026-04-14,10,1.738876461982727
98_osh,2026-04-14,15,1.9637055397033687
98_osh,2026-04-14,20,1.7760372161865234
98_osh,2026-04-14,30,1.0647920370101929
98_osh,2026-04-14,40,0.608669102191925
98_osh,2026-04-14,50,0.4812076091766357
98_osh,2026-04-15,5,1.6284276247024536
98_osh,2026-04-15,10,1.79265034198761
98_osh,2026-04-15,15,2.0177462100982666
98_osh,2026-04-15,20,1.7959047555923462
98_osh,2026-04-15,30,1.0966107845306396
98_osh,2026-04-15,40,0.6018587350845337
98_osh,2026-04-15,50,0.4697665572166443
98_osh,2026-04-16,5,1.6580092906951904
98_osh,2026-04-16,10,1.7878865003585815
98_osh,2026-04-16,15,2.1116154193878174
98_osh,2026-04-16,20,1.8889080286026
98_osh,2026-04-16,30,1.1689327955245972
98_osh,2026-04-16,40,0.6208979487419128
98_osh,2026-04-16,50,0.4814095795154571
98_osh,2026-04-17,5,1.7032289505004885
98_osh,2026-04-17,10,1.8605948686599727
98_osh,2026-04-17,15,2.262840747833252
98_osh,2026-04-17,20,1.9990944862365725
98_osh,2026-04-17,30,1.1739307641983032
98_osh,2026-04-17,40,0.6256412267684937
98_osh,2026-04-17,50,0.4925625026226043
98_osh,2026-04-18,5,1.7282875776290894
98_osh,2026-04-18,10,1.9887953996658323
98_osh,2026-04-18,15,2.332391262054444
98_osh,2026-04-18,20,1.9888644218444824
98_osh,2026-04-18,30,1.1526838541030884
98_osh,2026-04-18,40,0.6337091326713562
98_osh,2026-04-18,50,0.4919180870056152
98_osh,2026-04-19,5,1.7214049100875854
98_osh,2026-04-19,10,1.9813278913497925
98_osh,2026-04-19,15,2.3857223987579346
98_osh,2026-04-19,20,2.040525436401367
98_osh,2026-04-19,30,1.1839507818222046
98_osh,2026-04-19,40,0.6554393172264099
98_osh,2026-04-19,50,0.494245707988739
98_osh,2026-04-20,5,1.7122864723205566
98_osh,2026-04-20,10,1.8975818157196045
98_osh,2026-04-20,15,2.4444363117218018
98_osh,2026-04-20,20,2.214369058609009
98_osh,2026-04-20,30,1.2068438529968262
98_osh,2026-04-20,40,0.6459100246429443
98_osh,2026-04-20,50,0.4862977862358093
98_osh,2026-04-21,5,1.627729892730713
98_osh,2026-04-21,10,1.9055567979812624
98_osh,2026-04-21,15,2.46187162399292
98_osh,2026-04-21,20,2.283022880554199
98_osh,2026-04-21,30,1.221489667892456
98_osh,2026-04-21,40,0.6564995050430298
98_osh,2026-04-21,50,0.4848007261753082
