Site,Date,Depth,chl
99_sik,2022/1/1,5,0.632722318
99_sik,2022/1/1,10,0.63263613
99_sik,2022/1/1,15,0.632593274
99_sik,2022/1/1,20,0.632567883
99_sik,2022/1/1,30,0.632583439
99_sik,2022/1/1,40,0.632659376
99_sik,2022/1/1,50,0.632729828
99_sik,2022/1/2,5,0.622955024
99_sik,2022/1/2,10,0.622885227
99_sik,2022/1/2,15,0.622868001
99_sik,2022/1/2,20,0.622881532
99_sik,2022/1/2,30,0.622985065
99_sik,2022/1/2,40,0.623167992
99_sik,2022/1/2,50,0.623387039
99_sik,2022/1/3,5,0.617313564
99_sik,2022/1/3,10,0.61711967
99_sik,2022/1/3,15,0.616980255
99_sik,2022/1/3,20,0.616842508
99_sik,2022/1/3,30,0.616671383
99_sik,2022/1/3,40,0.616642892
99_sik,2022/1/3,50,0.616720498
99_sik,2022/1/4,5,0.62078613
99_sik,2022/1/4,10,0.620616257
99_sik,2022/1/4,15,0.620499671
99_sik,2022/1/4,20,0.620390713
99_sik,2022/1/4,30,0.62027061
99_sik,2022/1/4,40,0.620216846
99_sik,2022/1/4,50,0.620191216
99_sik,2022/1/5,5,0.620723367
99_sik,2022/1/5,10,0.620744646
99_sik,2022/1/5,15,0.620791793
99_sik,2022/1/5,20,0.620880127
99_sik,2022/1/5,30,0.62109828
99_sik,2022/1/5,40,0.621149421
99_sik,2022/1/5,50,0.62107867
99_sik,2022/1/6,5,0.613254011
99_sik,2022/1/6,10,0.613383472
99_sik,2022/1/6,15,0.613531649
99_sik,2022/1/6,20,0.613744736
99_sik,2022/1/6,30,0.614190102
99_sik,2022/1/6,40,0.614092886
99_sik,2022/1/6,50,0.613781154
99_sik,2022/1/7,5,0.593590438
99_sik,2022/1/7,10,0.59368521
99_sik,2022/1/7,15,0.593782008
99_sik,2022/1/7,20,0.593909681
99_sik,2022/1/7,30,0.594118416
99_sik,2022/1/7,40,0.594053209
99_sik,2022/1/7,50,0.593897581
99_sik,2022/1/8,5,0.561084509
99_sik,2022/1/8,10,0.561135054
99_sik,2022/1/8,15,0.56121099
99_sik,2022/1/8,20,0.561329603
99_sik,2022/1/8,30,0.561587632
99_sik,2022/1/8,40,0.561750531
99_sik,2022/1/8,50,0.561783731
99_sik,2022/1/9,5,0.527685106
99_sik,2022/1/9,10,0.527731359
99_sik,2022/1/9,15,0.527807474
99_sik,2022/1/9,20,0.527937055
99_sik,2022/1/9,30,0.528245747
99_sik,2022/1/9,40,0.528362095
99_sik,2022/1/9,50,0.528232217
99_sik,2022/1/10,5,0.510901511
99_sik,2022/1/10,10,0.511088729
99_sik,2022/1/10,15,0.511277854
99_sik,2022/1/10,20,0.511538625
99_sik,2022/1/10,30,0.512076199
99_sik,2022/1/10,40,0.512214363
99_sik,2022/1/10,50,0.511089265
99_sik,2022/1/11,5,0.482865661
99_sik,2022/1/11,10,0.482923597
99_sik,2022/1/11,15,0.482954979
99_sik,2022/1/11,20,0.482966274
99_sik,2022/1/11,30,0.482925385
99_sik,2022/1/11,40,0.481573701
99_sik,2022/1/11,50,0.474703044
99_sik,2022/1/12,5,0.448555321
99_sik,2022/1/12,10,0.448137641
99_sik,2022/1/12,15,0.447732955
99_sik,2022/1/12,20,0.447200894
99_sik,2022/1/12,30,0.44605571
99_sik,2022/1/12,40,0.444410056
99_sik,2022/1/12,50,0.441057205
99_sik,2022/1/13,5,0.455765873
99_sik,2022/1/13,10,0.455276906
99_sik,2022/1/13,15,0.454822063
99_sik,2022/1/13,20,0.454242647
99_sik,2022/1/13,30,0.453109831
99_sik,2022/1/13,40,0.452083647
99_sik,2022/1/13,50,0.451094568
99_sik,2022/1/14,5,0.481523514
99_sik,2022/1/14,10,0.481090158
99_sik,2022/1/14,15,0.480696917
99_sik,2022/1/14,20,0.480208099
99_sik,2022/1/14,30,0.479286224
99_sik,2022/1/14,40,0.478593349
99_sik,2022/1/14,50,0.478289664
99_sik,2022/1/15,5,0.505366027
99_sik,2022/1/15,10,0.505168378
99_sik,2022/1/15,15,0.505026162
99_sik,2022/1/15,20,0.504871488
99_sik,2022/1/15,30,0.504555464
99_sik,2022/1/15,40,0.504182458
99_sik,2022/1/15,50,0.503931046
99_sik,2022/1/16,5,0.50794816
99_sik,2022/1/16,10,0.508070111
99_sik,2022/1/16,15,0.508198977
99_sik,2022/1/16,20,0.508375406
99_sik,2022/1/16,30,0.508690655
99_sik,2022/1/16,40,0.508811831
99_sik,2022/1/16,50,0.508788526
99_sik,2022/1/17,5,0.516333342
99_sik,2022/1/17,10,0.516165555
99_sik,2022/1/17,15,0.516079545
99_sik,2022/1/17,20,0.516033232
99_sik,2022/1/17,30,0.516061246
99_sik,2022/1/17,40,0.516076565
99_sik,2022/1/17,50,0.516018033
99_sik,2022/1/18,5,0.546683967
99_sik,2022/1/18,10,0.546694815
99_sik,2022/1/18,15,0.546751142
99_sik,2022/1/18,20,0.546856403
99_sik,2022/1/18,30,0.547011733
99_sik,2022/1/18,40,0.546829164
99_sik,2022/1/18,50,0.546482444
99_sik,2022/1/19,5,0.578662634
99_sik,2022/1/19,10,0.578915119
99_sik,2022/1/19,15,0.579158127
99_sik,2022/1/19,20,0.579493284
99_sik,2022/1/19,30,0.58008635
99_sik,2022/1/19,40,0.579556406
99_sik,2022/1/19,50,0.578754723
99_sik,2022/1/20,5,0.596131921
99_sik,2022/1/20,10,0.596328139
99_sik,2022/1/20,15,0.596502423
99_sik,2022/1/20,20,0.596685648
99_sik,2022/1/20,30,0.596765697
99_sik,2022/1/20,40,0.596246421
99_sik,2022/1/20,50,0.595511138
99_sik,2022/1/21,5,0.612275004
99_sik,2022/1/21,10,0.612187862
99_sik,2022/1/21,15,0.612150133
99_sik,2022/1/21,20,0.612115145
99_sik,2022/1/21,30,0.611937761
99_sik,2022/1/21,40,0.611467779
99_sik,2022/1/21,50,0.610884547
99_sik,2022/1/22,5,0.639232516
99_sik,2022/1/22,10,0.639218867
99_sik,2022/1/22,15,0.639250219
99_sik,2022/1/22,20,0.639309883
99_sik,2022/1/22,30,0.639352858
99_sik,2022/1/22,40,0.639120638
99_sik,2022/1/22,50,0.63879025
99_sik,2022/1/23,5,0.658254266
99_sik,2022/1/23,10,0.658405185
99_sik,2022/1/23,15,0.658569157
99_sik,2022/1/23,20,0.658784032
99_sik,2022/1/23,30,0.659199119
99_sik,2022/1/23,40,0.659063995
99_sik,2022/1/23,50,0.658684909
99_sik,2022/1/24,5,0.670147955
99_sik,2022/1/24,10,0.670104086
99_sik,2022/1/24,15,0.670093954
99_sik,2022/1/24,20,0.670083284
99_sik,2022/1/24,30,0.669927537
99_sik,2022/1/24,40,0.669429958
99_sik,2022/1/24,50,0.668818593
99_sik,2022/1/25,5,0.671305597
99_sik,2022/1/25,10,0.671360493
99_sik,2022/1/25,15,0.671436548
99_sik,2022/1/25,20,0.671540201
99_sik,2022/1/25,30,0.671671093
99_sik,2022/1/25,40,0.671465576
99_sik,2022/1/25,50,0.671072245
99_sik,2022/1/26,5,0.659553647
99_sik,2022/1/26,10,0.659649491
99_sik,2022/1/26,15,0.659762919
99_sik,2022/1/26,20,0.659902155
99_sik,2022/1/26,30,0.660183191
99_sik,2022/1/26,40,0.659892678
99_sik,2022/1/26,50,0.659238577
99_sik,2022/1/27,5,0.661647856
99_sik,2022/1/27,10,0.661474228
99_sik,2022/1/27,15,0.661351264
99_sik,2022/1/27,20,0.661208332
99_sik,2022/1/27,30,0.660873175
99_sik,2022/1/27,40,0.660306931
99_sik,2022/1/27,50,0.659533679
99_sik,2022/1/28,5,0.678521991
99_sik,2022/1/28,10,0.6781829
99_sik,2022/1/28,15,0.677916527
99_sik,2022/1/28,20,0.677604675
99_sik,2022/1/28,30,0.677005351
99_sik,2022/1/28,40,0.676435888
99_sik,2022/1/28,50,0.67592591
99_sik,2022/1/29,5,0.695967555
99_sik,2022/1/29,10,0.695553482
99_sik,2022/1/29,15,0.695213616
99_sik,2022/1/29,20,0.694808424
99_sik,2022/1/29,30,0.694033146
99_sik,2022/1/29,40,0.69340229
99_sik,2022/1/29,50,0.693026066
99_sik,2022/1/30,5,0.712354481
99_sik,2022/1/30,10,0.71198076
99_sik,2022/1/30,15,0.711689234
99_sik,2022/1/30,20,0.711359203
99_sik,2022/1/30,30,0.710782945
99_sik,2022/1/30,40,0.710379601
99_sik,2022/1/30,50,0.710230052
99_sik,2022/1/31,5,0.726354718
99_sik,2022/1/31,10,0.726119399
99_sik,2022/1/31,15,0.725961268
99_sik,2022/1/31,20,0.725804687
99_sik,2022/1/31,30,0.725578606
99_sik,2022/1/31,40,0.725433469
99_sik,2022/1/31,50,0.725408375
99_sik,2022/2/1,5,0.741183043
99_sik,2022/2/1,10,0.740968108
99_sik,2022/2/1,15,0.74083221
99_sik,2022/2/1,20,0.740715921
99_sik,2022/2/1,30,0.74063015
99_sik,2022/2/1,40,0.740687966
99_sik,2022/2/1,50,0.740850925
99_sik,2022/2/2,5,0.757454455
99_sik,2022/2/2,10,0.75714606
99_sik,2022/2/2,15,0.756918371
99_sik,2022/2/2,20,0.756686807
99_sik,2022/2/2,30,0.756383479
99_sik,2022/2/2,40,0.756291986
99_sik,2022/2/2,50,0.756382644
99_sik,2022/2/3,5,0.772703528
99_sik,2022/2/3,10,0.772353649
99_sik,2022/2/3,15,0.772074282
99_sik,2022/2/3,20,0.771765172
99_sik,2022/2/3,30,0.771280825
99_sik,2022/2/3,40,0.771025836
99_sik,2022/2/3,50,0.771011114
99_sik,2022/2/4,5,0.78713578
99_sik,2022/2/4,10,0.786853254
99_sik,2022/2/4,15,0.786643565
99_sik,2022/2/4,20,0.786423624
99_sik,2022/2/4,30,0.786119103
99_sik,2022/2/4,40,0.786002517
99_sik,2022/2/4,50,0.78605777
99_sik,2022/2/5,5,0.799946547
99_sik,2022/2/5,10,0.799715042
99_sik,2022/2/5,15,0.79955858
99_sik,2022/2/5,20,0.79941535
99_sik,2022/2/5,30,0.799301505
99_sik,2022/2/5,40,0.799396038
99_sik,2022/2/5,50,0.799632668
99_sik,2022/2/6,5,0.815444469
99_sik,2022/2/6,10,0.815155208
99_sik,2022/2/6,15,0.814942062
99_sik,2022/2/6,20,0.814725518
99_sik,2022/2/6,30,0.814464211
99_sik,2022/2/6,40,0.814438999
99_sik,2022/2/6,50,0.814598978
99_sik,2022/2/7,5,0.826252401
99_sik,2022/2/7,10,0.826055288
99_sik,2022/2/7,15,0.825918674
99_sik,2022/2/7,20,0.82579124
99_sik,2022/2/7,30,0.825693011
99_sik,2022/2/7,40,0.825767934
99_sik,2022/2/7,50,0.825951099
99_sik,2022/2/8,5,0.827428937
99_sik,2022/2/8,10,0.827264428
99_sik,2022/2/8,15,0.827163577
99_sik,2022/2/8,20,0.827091992
99_sik,2022/2/8,30,0.827135801
99_sik,2022/2/8,40,0.827350557
99_sik,2022/2/8,50,0.827626765
99_sik,2022/2/9,5,0.826338887
99_sik,2022/2/9,10,0.826237738
99_sik,2022/2/9,15,0.826198697
99_sik,2022/2/9,20,0.826206446
99_sik,2022/2/9,30,0.826371729
99_sik,2022/2/9,40,0.826461792
99_sik,2022/2/9,50,0.825452149
99_sik,2022/2/10,5,0.839572787
99_sik,2022/2/10,10,0.839572847
99_sik,2022/2/10,15,0.839540899
99_sik,2022/2/10,20,0.839277446
99_sik,2022/2/10,30,0.837401628
99_sik,2022/2/10,40,0.829889774
99_sik,2022/2/10,50,0.812179446
99_sik,2022/2/11,5,0.879951239
99_sik,2022/2/11,10,0.878858626
99_sik,2022/2/11,15,0.877254188
99_sik,2022/2/11,20,0.873662055
99_sik,2022/2/11,30,0.857133508
99_sik,2022/2/11,40,0.818624973
99_sik,2022/2/11,50,0.783506155
99_sik,2022/2/12,5,0.888915539
99_sik,2022/2/12,10,0.886851132
99_sik,2022/2/12,15,0.884332478
99_sik,2022/2/12,20,0.879604936
99_sik,2022/2/12,30,0.864558816
99_sik,2022/2/12,40,0.84210664
99_sik,2022/2/12,50,0.81069684
99_sik,2022/2/13,5,0.878330588
99_sik,2022/2/13,10,0.877912939
99_sik,2022/2/13,15,0.877432883
99_sik,2022/2/13,20,0.876660585
99_sik,2022/2/13,30,0.874488235
99_sik,2022/2/13,40,0.870678663
99_sik,2022/2/13,50,0.863068759
99_sik,2022/2/14,5,0.921183109
99_sik,2022/2/14,10,0.9207021
99_sik,2022/2/14,15,0.920074284
99_sik,2022/2/14,20,0.918926239
99_sik,2022/2/14,30,0.914570808
99_sik,2022/2/14,40,0.904327869
99_sik,2022/2/14,50,0.881795049
99_sik,2022/2/15,5,0.93438977
99_sik,2022/2/15,10,0.934085846
99_sik,2022/2/15,15,0.933712006
99_sik,2022/2/15,20,0.933095276
99_sik,2022/2/15,30,0.931257486
99_sik,2022/2/15,40,0.927559555
99_sik,2022/2/15,50,0.918956041
99_sik,2022/2/16,5,0.932842612
99_sik,2022/2/16,10,0.93298012
99_sik,2022/2/16,15,0.933129191
99_sik,2022/2/16,20,0.933350027
99_sik,2022/2/16,30,0.933895707
99_sik,2022/2/16,40,0.934541345
99_sik,2022/2/16,50,0.935260534
99_sik,2022/2/17,5,0.961874723
99_sik,2022/2/17,10,0.96199435
99_sik,2022/2/17,15,0.962144315
99_sik,2022/2/17,20,0.962400675
99_sik,2022/2/17,30,0.963083088
99_sik,2022/2/17,40,0.963804543
99_sik,2022/2/17,50,0.964689016
99_sik,2022/2/18,5,1.028089285
99_sik,2022/2/18,10,1.027820706
99_sik,2022/2/18,15,1.027528882
99_sik,2022/2/18,20,1.027078509
99_sik,2022/2/18,30,1.025565743
99_sik,2022/2/18,40,1.023671627
99_sik,2022/2/18,50,1.022569656
99_sik,2022/2/19,5,1.091729522
99_sik,2022/2/19,10,1.09135747
99_sik,2022/2/19,15,1.090801358
99_sik,2022/2/19,20,1.089831114
99_sik,2022/2/19,30,1.086263299
99_sik,2022/2/19,40,1.080964923
99_sik,2022/2/19,50,1.076628208
99_sik,2022/2/20,5,1.143585682
99_sik,2022/2/20,10,1.143232107
99_sik,2022/2/20,15,1.142802358
99_sik,2022/2/20,20,1.142089844
99_sik,2022/2/20,30,1.139641166
99_sik,2022/2/20,40,1.135995746
99_sik,2022/2/20,50,1.133069277
99_sik,2022/2/21,5,1.179388046
99_sik,2022/2/21,10,1.179261327
99_sik,2022/2/21,15,1.17908895
99_sik,2022/2/21,20,1.17878592
99_sik,2022/2/21,30,1.1778754
99_sik,2022/2/21,40,1.176749587
99_sik,2022/2/21,50,1.175791979
99_sik,2022/2/22,5,1.202603221
99_sik,2022/2/22,10,1.20265305
99_sik,2022/2/22,15,1.202681184
99_sik,2022/2/22,20,1.202697396
99_sik,2022/2/22,30,1.20271194
99_sik,2022/2/22,40,1.202978969
99_sik,2022/2/22,50,1.203688025
99_sik,2022/2/23,5,1.253380537
99_sik,2022/2/23,10,1.253496289
99_sik,2022/2/23,15,1.25358057
99_sik,2022/2/23,20,1.253666878
99_sik,2022/2/23,30,1.253836155
99_sik,2022/2/23,40,1.254438281
99_sik,2022/2/23,50,1.255858302
99_sik,2022/2/24,5,1.319102287
99_sik,2022/2/24,10,1.319382906
99_sik,2022/2/24,15,1.319607139
99_sik,2022/2/24,20,1.319858432
99_sik,2022/2/24,30,1.320293307
99_sik,2022/2/24,40,1.321076512
99_sik,2022/2/24,50,1.322743058
99_sik,2022/2/25,5,1.402509451
99_sik,2022/2/25,10,1.402865052
99_sik,2022/2/25,15,1.403144479
99_sik,2022/2/25,20,1.403453946
99_sik,2022/2/25,30,1.40389955
99_sik,2022/2/25,40,1.404242873
99_sik,2022/2/25,50,1.405027747
99_sik,2022/2/26,5,1.499364734
99_sik,2022/2/26,10,1.499940395
99_sik,2022/2/26,15,1.500434995
99_sik,2022/2/26,20,1.501117587
99_sik,2022/2/26,30,1.502257943
99_sik,2022/2/26,40,1.50232923
99_sik,2022/2/26,50,1.502545357
99_sik,2022/2/27,5,1.585722208
99_sik,2022/2/27,10,1.585985303
99_sik,2022/2/27,15,1.586151958
99_sik,2022/2/27,20,1.58620882
99_sik,2022/2/27,30,1.585157156
99_sik,2022/2/27,40,1.582566977
99_sik,2022/2/27,50,1.581639409
99_sik,2022/2/28,5,1.66818583
99_sik,2022/2/28,10,1.668262601
99_sik,2022/2/28,15,1.668204665
99_sik,2022/2/28,20,1.667945862
99_sik,2022/2/28,30,1.666325927
99_sik,2022/2/28,40,1.66286397
99_sik,2022/2/28,50,1.657283425
99_sik,2022/3/1,5,1.732917666
99_sik,2022/3/1,10,1.732792735
99_sik,2022/3/1,15,1.732193232
99_sik,2022/3/1,20,1.730480433
99_sik,2022/3/1,30,1.719503403
99_sik,2022/3/1,40,1.692176938
99_sik,2022/3/1,50,1.654045105
99_sik,2022/3/2,5,1.791751504
99_sik,2022/3/2,10,1.78995955
99_sik,2022/3/2,15,1.787231445
99_sik,2022/3/2,20,1.781738162
99_sik,2022/3/2,30,1.75890851
99_sik,2022/3/2,40,1.714517832
99_sik,2022/3/2,50,1.668669581
99_sik,2022/3/3,5,1.850846767
99_sik,2022/3/3,10,1.848685026
99_sik,2022/3/3,15,1.845823288
99_sik,2022/3/3,20,1.840488076
99_sik,2022/3/3,30,1.820712209
99_sik,2022/3/3,40,1.789107203
99_sik,2022/3/3,50,1.763593435
99_sik,2022/3/4,5,1.915759206
99_sik,2022/3/4,10,1.914116263
99_sik,2022/3/4,15,1.911760449
99_sik,2022/3/4,20,1.907092094
99_sik,2022/3/4,30,1.887832284
99_sik,2022/3/4,40,1.856624126
99_sik,2022/3/4,50,1.838182688
99_sik,2022/3/5,5,1.903468728
99_sik,2022/3/5,10,1.902388692
99_sik,2022/3/5,15,1.900813818
99_sik,2022/3/5,20,1.897994757
99_sik,2022/3/5,30,1.889114976
99_sik,2022/3/5,40,1.878215551
99_sik,2022/3/5,50,1.873333693
99_sik,2022/3/6,5,1.909723282
99_sik,2022/3/6,10,1.909388542
99_sik,2022/3/6,15,1.908773065
99_sik,2022/3/6,20,1.907422185
99_sik,2022/3/6,30,1.902272105
99_sik,2022/3/6,40,1.894846559
99_sik,2022/3/6,50,1.893644929
99_sik,2022/3/7,5,2.030997276
99_sik,2022/3/7,10,2.030413866
99_sik,2022/3/7,15,2.02939868
99_sik,2022/3/7,20,2.027079821
99_sik,2022/3/7,30,2.016667366
99_sik,2022/3/7,40,1.997686267
99_sik,2022/3/7,50,1.981830835
99_sik,2022/3/8,5,2.176868677
99_sik,2022/3/8,10,2.175918579
99_sik,2022/3/8,15,2.174184799
99_sik,2022/3/8,20,2.169968843
99_sik,2022/3/8,30,2.145403385
99_sik,2022/3/8,40,2.058566332
99_sik,2022/3/8,50,1.952466726
99_sik,2022/3/9,5,2.343274355
99_sik,2022/3/9,10,2.341194153
99_sik,2022/3/9,15,2.337120295
99_sik,2022/3/9,20,2.325471163
99_sik,2022/3/9,30,2.194076777
99_sik,2022/3/9,40,1.932022572
99_sik,2022/3/9,50,1.810606837
99_sik,2022/3/10,5,2.468434572
99_sik,2022/3/10,10,2.46467638
99_sik,2022/3/10,15,2.455482006
99_sik,2022/3/10,20,2.410137653
99_sik,2022/3/10,30,2.069856405
99_sik,2022/3/10,40,1.736290812
99_sik,2022/3/10,50,1.631285548
99_sik,2022/3/11,5,2.471404791
99_sik,2022/3/11,10,2.462231159
99_sik,2022/3/11,15,2.444282532
99_sik,2022/3/11,20,2.38201046
99_sik,2022/3/11,30,2.016108036
99_sik,2022/3/11,40,1.612707734
99_sik,2022/3/11,50,1.48813355
99_sik,2022/3/12,5,2.363687515
99_sik,2022/3/12,10,2.355000496
99_sik,2022/3/12,15,2.3426404
99_sik,2022/3/12,20,2.31460166
99_sik,2022/3/12,30,2.162927866
99_sik,2022/3/12,40,1.729990482
99_sik,2022/3/12,50,1.465082049
99_sik,2022/3/13,5,2.388652802
99_sik,2022/3/13,10,2.383951187
99_sik,2022/3/13,15,2.377587795
99_sik,2022/3/13,20,2.36193037
99_sik,2022/3/13,30,2.219923735
99_sik,2022/3/13,40,1.766281128
99_sik,2022/3/13,50,1.457103968
99_sik,2022/3/14,5,2.448140144
99_sik,2022/3/14,10,2.440429211
99_sik,2022/3/14,15,2.429927349
99_sik,2022/3/14,20,2.403689384
99_sik,2022/3/14,30,2.116918325
99_sik,2022/3/14,40,1.646512628
99_sik,2022/3/14,50,1.432306647
99_sik,2022/3/15,5,2.293141842
99_sik,2022/3/15,10,2.28666091
99_sik,2022/3/15,15,2.27895093
99_sik,2022/3/15,20,2.260618448
99_sik,2022/3/15,30,2.019170523
99_sik,2022/3/15,40,1.73412919
99_sik,2022/3/15,50,1.58533597
99_sik,2022/3/16,5,2.284395456
99_sik,2022/3/16,10,2.278568506
99_sik,2022/3/16,15,2.268834114
99_sik,2022/3/16,20,2.236828327
99_sik,2022/3/16,30,1.908124804
99_sik,2022/3/16,40,1.664392591
99_sik,2022/3/16,50,1.576147676
99_sik,2022/3/17,5,2.37282896
99_sik,2022/3/17,10,2.36365509
99_sik,2022/3/17,15,2.349197626
99_sik,2022/3/17,20,2.309751987
99_sik,2022/3/17,30,1.900861859
99_sik,2022/3/17,40,1.448726892
99_sik,2022/3/17,50,1.368737698
99_sik,2022/3/18,5,2.409092665
99_sik,2022/3/18,10,2.398528576
99_sik,2022/3/18,15,2.382719755
99_sik,2022/3/18,20,2.334645033
99_sik,2022/3/18,30,1.867903352
99_sik,2022/3/18,40,1.282168984
99_sik,2022/3/18,50,1.177048326
99_sik,2022/3/19,5,2.322048426
99_sik,2022/3/19,10,2.313439131
99_sik,2022/3/19,15,2.301196337
99_sik,2022/3/19,20,2.269356012
99_sik,2022/3/19,30,1.896698594
99_sik,2022/3/19,40,1.198794603
99_sik,2022/3/19,50,1.020929217
99_sik,2022/3/20,5,2.21594882
99_sik,2022/3/20,10,2.20931983
99_sik,2022/3/20,15,2.199438572
99_sik,2022/3/20,20,2.177002192
99_sik,2022/3/20,30,2.043045044
99_sik,2022/3/20,40,1.4357903
99_sik,2022/3/20,50,0.997922003
99_sik,2022/3/21,5,2.139981031
99_sik,2022/3/21,10,2.136172771
99_sik,2022/3/21,15,2.130665541
99_sik,2022/3/21,20,2.119423866
99_sik,2022/3/21,30,2.073058367
99_sik,2022/3/21,40,1.91106534
99_sik,2022/3/21,50,1.455976725
99_sik,2022/3/22,5,2.17330265
99_sik,2022/3/22,10,2.173356056
99_sik,2022/3/22,15,2.172409296
99_sik,2022/3/22,20,2.169288397
99_sik,2022/3/22,30,2.143911839
99_sik,2022/3/22,40,2.029025078
99_sik,2022/3/22,50,1.728184342
99_sik,2022/3/23,5,2.247947454
99_sik,2022/3/23,10,2.250109911
99_sik,2022/3/23,15,2.251715422
99_sik,2022/3/23,20,2.208482742
99_sik,2022/3/23,30,2.043282509
99_sik,2022/3/23,40,1.835284591
99_sik,2022/3/23,50,1.568039894
99_sik,2022/3/24,5,2.239901304
99_sik,2022/3/24,10,2.263388634
99_sik,2022/3/24,15,2.294142485
99_sik,2022/3/24,20,2.160703659
99_sik,2022/3/24,30,1.8042202
99_sik,2022/3/24,40,1.562958241
99_sik,2022/3/24,50,1.346343637
99_sik,2022/3/25,5,2.196373224
99_sik,2022/3/25,10,2.226944208
99_sik,2022/3/25,15,2.258008718
99_sik,2022/3/25,20,2.123509169
99_sik,2022/3/25,30,1.596212745
99_sik,2022/3/25,40,1.342506051
99_sik,2022/3/25,50,1.174341917
99_sik,2022/3/26,5,2.112846851
99_sik,2022/3/26,10,2.129566908
99_sik,2022/3/26,15,2.141779423
99_sik,2022/3/26,20,2.037741899
99_sik,2022/3/26,30,1.421207309
99_sik,2022/3/26,40,1.163085699
99_sik,2022/3/26,50,1.031766176
99_sik,2022/3/27,5,1.961395621
99_sik,2022/3/27,10,1.970218182
99_sik,2022/3/27,15,1.997391582
99_sik,2022/3/27,20,2.009241343
99_sik,2022/3/27,30,1.272017002
99_sik,2022/3/27,40,0.988607943
99_sik,2022/3/27,50,0.863841057
99_sik,2022/3/28,5,1.846162796
99_sik,2022/3/28,10,1.848275423
99_sik,2022/3/28,15,1.855276704
99_sik,2022/3/28,20,1.895449162
99_sik,2022/3/28,30,1.269388318
99_sik,2022/3/28,40,0.833034158
99_sik,2022/3/28,50,0.696110249
99_sik,2022/3/29,5,1.78810811
99_sik,2022/3/29,10,1.796392441
99_sik,2022/3/29,15,1.814796925
99_sik,2022/3/29,20,1.831878185
99_sik,2022/3/29,30,1.255033135
99_sik,2022/3/29,40,0.730002344
99_sik,2022/3/29,50,0.596286416
99_sik,2022/3/30,5,1.742519259
99_sik,2022/3/30,10,1.77163136
99_sik,2022/3/30,15,1.815322995
99_sik,2022/3/30,20,1.797443748
99_sik,2022/3/30,30,1.149891853
99_sik,2022/3/30,40,0.657331944
99_sik,2022/3/30,50,0.534200132
99_sik,2022/3/31,5,1.694982171
99_sik,2022/3/31,10,1.707960486
99_sik,2022/3/31,15,1.727792025
99_sik,2022/3/31,20,1.745110869
99_sik,2022/3/31,30,1.090967774
99_sik,2022/3/31,40,0.599603057
99_sik,2022/3/31,50,0.484309316
99_sik,2022/4/1,5,1.624740601
99_sik,2022/4/1,10,1.623843908
99_sik,2022/4/1,15,1.623501778
99_sik,2022/4/1,20,1.625257492
99_sik,2022/4/1,30,1.373888016
99_sik,2022/4/1,40,0.571146786
99_sik,2022/4/1,50,0.440122128
99_sik,2022/4/2,5,1.628257751
99_sik,2022/4/2,10,1.630428672
99_sik,2022/4/2,15,1.632761121
99_sik,2022/4/2,20,1.632987618
99_sik,2022/4/2,30,1.477714062
99_sik,2022/4/2,40,0.575586736
99_sik,2022/4/2,50,0.412899166
99_sik,2022/4/3,5,1.627613783
99_sik,2022/4/3,10,1.635352612
99_sik,2022/4/3,15,1.648892641
99_sik,2022/4/3,20,1.644938946
99_sik,2022/4/3,30,1.402077317
99_sik,2022/4/3,40,0.559134126
99_sik,2022/4/3,50,0.395505428
99_sik,2022/4/4,5,1.587571144
99_sik,2022/4/4,10,1.613606811
99_sik,2022/4/4,15,1.666075945
99_sik,2022/4/4,20,1.622414351
99_sik,2022/4/4,30,1.246397376
99_sik,2022/4/4,40,0.536008596
99_sik,2022/4/4,50,0.377726167
99_sik,2022/4/5,5,1.50553596
99_sik,2022/4/5,10,1.561204791
99_sik,2022/4/5,15,1.66565299
99_sik,2022/4/5,20,1.567401171
99_sik,2022/4/5,30,1.08491683
99_sik,2022/4/5,40,0.508460641
99_sik,2022/4/5,50,0.360340327
99_sik,2022/4/6,5,1.435803413
99_sik,2022/4/6,10,1.472460032
99_sik,2022/4/6,15,1.571362734
99_sik,2022/4/6,20,1.543787122
99_sik,2022/4/6,30,0.970051527
99_sik,2022/4/6,40,0.477832705
99_sik,2022/4/6,50,0.33955127
99_sik,2022/4/7,5,1.400143385
99_sik,2022/4/7,10,1.421661377
99_sik,2022/4/7,15,1.492465258
99_sik,2022/4/7,20,1.534352183
99_sik,2022/4/7,30,0.88520962
99_sik,2022/4/7,40,0.453955323
99_sik,2022/4/7,50,0.323222935
99_sik,2022/4/8,5,1.359921813
99_sik,2022/4/8,10,1.372894049
99_sik,2022/4/8,15,1.434282184
99_sik,2022/4/8,20,1.554397225
99_sik,2022/4/8,30,0.821722806
99_sik,2022/4/8,40,0.435613722
99_sik,2022/4/8,50,0.310869187
99_sik,2022/4/9,5,1.279802084
99_sik,2022/4/9,10,1.3060776
99_sik,2022/4/9,15,1.396571636
99_sik,2022/4/9,20,1.537922025
99_sik,2022/4/9,30,0.780356765
99_sik,2022/4/9,40,0.422180414
99_sik,2022/4/9,50,0.299616486
99_sik,2022/4/10,5,1.215339899
99_sik,2022/4/10,10,1.251999497
99_sik,2022/4/10,15,1.372047186
99_sik,2022/4/10,20,1.484390974
99_sik,2022/4/10,30,0.733459473
99_sik,2022/4/10,40,0.415783316
99_sik,2022/4/10,50,0.295560598
99_sik,2022/4/11,5,1.130420446
99_sik,2022/4/11,10,1.221313238
99_sik,2022/4/11,15,1.381294727
99_sik,2022/4/11,20,1.418166041
99_sik,2022/4/11,30,0.694855809
99_sik,2022/4/11,40,0.409606367
99_sik,2022/4/11,50,0.292735308
99_sik,2022/4/12,5,0.999205947
99_sik,2022/4/12,10,1.18433547
99_sik,2022/4/12,15,1.395727038
99_sik,2022/4/12,20,1.370773792
99_sik,2022/4/12,30,0.677403927
99_sik,2022/4/12,40,0.403364509
99_sik,2022/4/12,50,0.288077742
99_sik,2022/4/13,5,0.947273016
99_sik,2022/4/13,10,1.114840269
99_sik,2022/4/13,15,1.356181145
99_sik,2022/4/13,20,1.315463543
99_sik,2022/4/13,30,0.678824782
99_sik,2022/4/13,40,0.399336874
99_sik,2022/4/13,50,0.286718339
99_sik,2022/4/14,5,1.05752182
99_sik,2022/4/14,10,1.088432312
99_sik,2022/4/14,15,1.216646314
99_sik,2022/4/14,20,1.286805034
99_sik,2022/4/14,30,0.680386364
99_sik,2022/4/14,40,0.400882125
99_sik,2022/4/14,50,0.294450521
99_sik,2022/4/15,5,1.09181428
99_sik,2022/4/15,10,1.108451486
99_sik,2022/4/15,15,1.206978559
99_sik,2022/4/15,20,1.277741194
99_sik,2022/4/15,30,0.671194613
99_sik,2022/4/15,40,0.397446871
99_sik,2022/4/15,50,0.299556196
99_sik,2022/4/16,5,1.054717779
99_sik,2022/4/16,10,1.08432734
99_sik,2022/4/16,15,1.215019822
99_sik,2022/4/16,20,1.333765984
99_sik,2022/4/16,30,0.671652555
99_sik,2022/4/16,40,0.394894809
99_sik,2022/4/16,50,0.299685895
99_sik,2022/4/17,5,1.014361978
99_sik,2022/4/17,10,1.043034315
99_sik,2022/4/17,15,1.200898528
99_sik,2022/4/17,20,1.365742326
99_sik,2022/4/17,30,0.684521139
99_sik,2022/4/17,40,0.39086318
99_sik,2022/4/17,50,0.294148117
99_sik,2022/4/18,5,0.986638606
99_sik,2022/4/18,10,1.037608862
99_sik,2022/4/18,15,1.210371137
99_sik,2022/4/18,20,1.36651516
99_sik,2022/4/18,30,0.690868437
99_sik,2022/4/18,40,0.38299334
99_sik,2022/4/18,50,0.284932971
99_sik,2022/4/19,5,0.924079597
99_sik,2022/4/19,10,1.032098413
99_sik,2022/4/19,15,1.25696218
99_sik,2022/4/19,20,1.38831985
99_sik,2022/4/19,30,0.706192553
99_sik,2022/4/19,40,0.385441661
99_sik,2022/4/19,50,0.285029411
99_sik,2022/4/20,5,0.837056577
99_sik,2022/4/20,10,0.98853296
99_sik,2022/4/20,15,1.313199282
99_sik,2022/4/20,20,1.427692413
99_sik,2022/4/20,30,0.730993152
99_sik,2022/4/20,40,0.393354774
99_sik,2022/4/20,50,0.288806498
99_sik,2022/4/21,5,0.758071065
99_sik,2022/4/21,10,0.93645066
99_sik,2022/4/21,15,1.345256925
99_sik,2022/4/21,20,1.465828419
99_sik,2022/4/21,30,0.753586173
99_sik,2022/4/21,40,0.404648542
99_sik,2022/4/21,50,0.294165641
99_sik,2022/4/22,5,0.700606763
99_sik,2022/4/22,10,0.890695453
99_sik,2022/4/22,15,1.318004966
99_sik,2022/4/22,20,1.497276306
99_sik,2022/4/22,30,0.753856719
99_sik,2022/4/22,40,0.398664415
99_sik,2022/4/22,50,0.29045102
99_sik,2022/4/23,5,0.721961379
99_sik,2022/4/23,10,0.848028421
99_sik,2022/4/23,15,1.235833287
99_sik,2022/4/23,20,1.509979367
99_sik,2022/4/23,30,0.798494399
99_sik,2022/4/23,40,0.388647795
99_sik,2022/4/23,50,0.283604711
99_sik,2022/4/24,5,0.707302451
99_sik,2022/4/24,10,0.845777035
99_sik,2022/4/24,15,1.256614208
99_sik,2022/4/24,20,1.556075096
99_sik,2022/4/24,30,0.866443694
99_sik,2022/4/24,40,0.399905741
99_sik,2022/4/24,50,0.286190093
99_sik,2022/4/25,5,0.668300748
99_sik,2022/4/25,10,0.817887485
99_sik,2022/4/25,15,1.290619373
99_sik,2022/4/25,20,1.664639831
99_sik,2022/4/25,30,0.889337838
99_sik,2022/4/25,40,0.413511544
99_sik,2022/4/25,50,0.292317629
99_sik,2022/4/26,5,0.665841818
99_sik,2022/4/26,10,0.799518883
99_sik,2022/4/26,15,1.240735054
99_sik,2022/4/26,20,1.718189716
99_sik,2022/4/26,30,0.89587611
99_sik,2022/4/26,40,0.420776069
99_sik,2022/4/26,50,0.297545254
99_sik,2022/4/27,5,0.807192981
99_sik,2022/4/27,10,0.868123293
99_sik,2022/4/27,15,1.142392278
99_sik,2022/4/27,20,1.525706172
99_sik,2022/4/27,30,0.971342862
99_sik,2022/4/27,40,0.412780255
99_sik,2022/4/27,50,0.287002861
99_sik,2022/4/28,5,0.856188059
99_sik,2022/4/28,10,0.939410746
99_sik,2022/4/28,15,1.206391215
99_sik,2022/4/28,20,1.403862238
99_sik,2022/4/28,30,1.039225698
99_sik,2022/4/28,40,0.426546037
99_sik,2022/4/28,50,0.279710799
99_sik,2022/4/29,5,0.832498789
99_sik,2022/4/29,10,0.951842427
99_sik,2022/4/29,15,1.260526299
99_sik,2022/4/29,20,1.412538052
99_sik,2022/4/29,30,1.041767478
99_sik,2022/4/29,40,0.436220169
99_sik,2022/4/29,50,0.282568872
99_sik,2022/4/30,5,0.798106611
99_sik,2022/4/30,10,0.924040437
99_sik,2022/4/30,15,1.241499066
99_sik,2022/4/30,20,1.418294311
99_sik,2022/4/30,30,1.069441915
99_sik,2022/4/30,40,0.436134398
99_sik,2022/4/30,50,0.282126844
99_sik,2022/5/1,5,0.751892328
99_sik,2022/5/1,10,0.837792277
99_sik,2022/5/1,15,1.166418314
99_sik,2022/5/1,20,1.444112182
99_sik,2022/5/1,30,1.053977251
99_sik,2022/5/1,40,0.419328779
99_sik,2022/5/1,50,0.276763618
99_sik,2022/5/2,5,0.728294075
99_sik,2022/5/2,10,0.796228647
99_sik,2022/5/2,15,1.106265068
99_sik,2022/5/2,20,1.39361155
99_sik,2022/5/2,30,1.035894752
99_sik,2022/5/2,40,0.392193109
99_sik,2022/5/2,50,0.263413936
99_sik,2022/5/3,5,0.709637702
99_sik,2022/5/3,10,0.789393187
99_sik,2022/5/3,15,1.064266562
99_sik,2022/5/3,20,1.299770236
99_sik,2022/5/3,30,1.058357716
99_sik,2022/5/3,40,0.370977521
99_sik,2022/5/3,50,0.250954717
99_sik,2022/5/4,5,0.685826302
99_sik,2022/5/4,10,0.797724664
99_sik,2022/5/4,15,1.045957088
99_sik,2022/5/4,20,1.256364822
99_sik,2022/5/4,30,1.078418255
99_sik,2022/5/4,40,0.361514509
99_sik,2022/5/4,50,0.244787976
99_sik,2022/5/5,5,0.658971667
99_sik,2022/5/5,10,0.751298666
99_sik,2022/5/5,15,1.039165616
99_sik,2022/5/5,20,1.335804105
99_sik,2022/5/5,30,1.105847597
99_sik,2022/5/5,40,0.35973677
99_sik,2022/5/5,50,0.242898419
99_sik,2022/5/6,5,0.601882577
99_sik,2022/5/6,10,0.665573597
99_sik,2022/5/6,15,1.0034132
99_sik,2022/5/6,20,1.513723493
99_sik,2022/5/6,30,1.145204425
99_sik,2022/5/6,40,0.365911514
99_sik,2022/5/6,50,0.245291129
99_sik,2022/5/7,5,0.540872574
99_sik,2022/5/7,10,0.631386399
99_sik,2022/5/7,15,0.997114062
99_sik,2022/5/7,20,1.60492897
99_sik,2022/5/7,30,1.170029283
99_sik,2022/5/7,40,0.370476276
99_sik,2022/5/7,50,0.246358901
99_sik,2022/5/8,5,0.521322012
99_sik,2022/5/8,10,0.644139528
99_sik,2022/5/8,15,1.018799543
99_sik,2022/5/8,20,1.587245822
99_sik,2022/5/8,30,1.195630789
99_sik,2022/5/8,40,0.358967513
99_sik,2022/5/8,50,0.241918966
99_sik,2022/5/9,5,0.517589033
99_sik,2022/5/9,10,0.677935183
99_sik,2022/5/9,15,1.027880788
99_sik,2022/5/9,20,1.560715556
99_sik,2022/5/9,30,1.250428796
99_sik,2022/5/9,40,0.347655416
99_sik,2022/5/9,50,0.237152264
99_sik,2022/5/10,5,0.495129615
99_sik,2022/5/10,10,0.677933872
99_sik,2022/5/10,15,1.026873112
99_sik,2022/5/10,20,1.594082236
99_sik,2022/5/10,30,1.287245512
99_sik,2022/5/10,40,0.343077749
99_sik,2022/5/10,50,0.234432295
99_sik,2022/5/11,5,0.461174816
99_sik,2022/5/11,10,0.60151881
99_sik,2022/5/11,15,0.984160542
99_sik,2022/5/11,20,1.720446587
99_sik,2022/5/11,30,1.314547181
99_sik,2022/5/11,40,0.348807722
99_sik,2022/5/11,50,0.235481784
99_sik,2022/5/12,5,0.427807182
99_sik,2022/5/12,10,0.523401618
99_sik,2022/5/12,15,0.917325854
99_sik,2022/5/12,20,1.842938185
99_sik,2022/5/12,30,1.304498076
99_sik,2022/5/12,40,0.360662639
99_sik,2022/5/12,50,0.237806723
99_sik,2022/5/13,5,0.420197427
99_sik,2022/5/13,10,0.497040272
99_sik,2022/5/13,15,0.879878342
99_sik,2022/5/13,20,1.823566318
99_sik,2022/5/13,30,1.274579883
99_sik,2022/5/13,40,0.374308705
99_sik,2022/5/13,50,0.241218463
99_sik,2022/5/14,5,0.442756712
99_sik,2022/5/14,10,0.52485621
99_sik,2022/5/14,15,0.89068228
99_sik,2022/5/14,20,1.728473663
99_sik,2022/5/14,30,1.253131986
99_sik,2022/5/14,40,0.369750202
99_sik,2022/5/14,50,0.238511726
99_sik,2022/5/15,5,0.437973797
99_sik,2022/5/15,10,0.5487445
99_sik,2022/5/15,15,0.934259653
99_sik,2022/5/15,20,1.72198081
99_sik,2022/5/15,30,1.243412733
99_sik,2022/5/15,40,0.35074079
99_sik,2022/5/15,50,0.230599985
99_sik,2022/5/16,5,0.422623456
99_sik,2022/5/16,10,0.533251405
99_sik,2022/5/16,15,0.957330644
99_sik,2022/5/16,20,1.825728297
99_sik,2022/5/16,30,1.237232447
99_sik,2022/5/16,40,0.34644258
99_sik,2022/5/16,50,0.229754299
99_sik,2022/5/17,5,0.401003331
99_sik,2022/5/17,10,0.508353174
99_sik,2022/5/17,15,0.9567011
99_sik,2022/5/17,20,1.919733047
99_sik,2022/5/17,30,1.274642348
99_sik,2022/5/17,40,0.359976202
99_sik,2022/5/17,50,0.23498933
99_sik,2022/5/18,5,0.378975689
99_sik,2022/5/18,10,0.492208749
99_sik,2022/5/18,15,0.957321048
99_sik,2022/5/18,20,1.973427653
99_sik,2022/5/18,30,1.330211401
99_sik,2022/5/18,40,0.380629599
99_sik,2022/5/18,50,0.242867753
99_sik,2022/5/19,5,0.362738639
99_sik,2022/5/19,10,0.493442267
99_sik,2022/5/19,15,0.993180692
99_sik,2022/5/19,20,1.992805004
99_sik,2022/5/19,30,1.332586169
99_sik,2022/5/19,40,0.395403475
99_sik,2022/5/19,50,0.249476358
99_sik,2022/5/20,5,0.358975381
99_sik,2022/5/20,10,0.50377506
99_sik,2022/5/20,15,1.035932541
99_sik,2022/5/20,20,1.987864137
99_sik,2022/5/20,30,1.293093204
99_sik,2022/5/20,40,0.404853255
99_sik,2022/5/20,50,0.254585773
99_sik,2022/5/21,5,0.367551178
99_sik,2022/5/21,10,0.517522514
99_sik,2022/5/21,15,1.075640082
99_sik,2022/5/21,20,1.987531185
99_sik,2022/5/21,30,1.299277782
99_sik,2022/5/21,40,0.426663071
99_sik,2022/5/21,50,0.265758723
99_sik,2022/5/22,5,0.377895623
99_sik,2022/5/22,10,0.546202421
99_sik,2022/5/22,15,1.139331937
99_sik,2022/5/22,20,1.976839542
99_sik,2022/5/22,30,1.327350855
99_sik,2022/5/22,40,0.463106453
99_sik,2022/5/22,50,0.285664439
99_sik,2022/5/23,5,0.374128252
99_sik,2022/5/23,10,0.554206491
99_sik,2022/5/23,15,1.159867048
99_sik,2022/5/23,20,2.026664734
99_sik,2022/5/23,30,1.324621797
99_sik,2022/5/23,40,0.488342017
99_sik,2022/5/23,50,0.30226326
99_sik,2022/5/24,5,0.351174086
99_sik,2022/5/24,10,0.525466621
99_sik,2022/5/24,15,1.121125937
99_sik,2022/5/24,20,2.089938879
99_sik,2022/5/24,30,1.33613193
99_sik,2022/5/24,40,0.50018394
99_sik,2022/5/24,50,0.312150419
99_sik,2022/5/25,5,0.333687723
99_sik,2022/5/25,10,0.498774081
99_sik,2022/5/25,15,1.092346668
99_sik,2022/5/25,20,2.099188089
99_sik,2022/5/25,30,1.397867084
99_sik,2022/5/25,40,0.521672308
99_sik,2022/5/25,50,0.325100064
99_sik,2022/5/26,5,0.340333045
99_sik,2022/5/26,10,0.507896483
99_sik,2022/5/26,15,1.099369764
99_sik,2022/5/26,20,2.060446739
99_sik,2022/5/26,30,1.467811823
99_sik,2022/5/26,40,0.563709319
99_sik,2022/5/26,50,0.347831041
99_sik,2022/5/27,5,0.360510498
99_sik,2022/5/27,10,0.549444973
99_sik,2022/5/27,15,1.120055676
99_sik,2022/5/27,20,1.92237246
99_sik,2022/5/27,30,1.440122843
99_sik,2022/5/27,40,0.608967066
99_sik,2022/5/27,50,0.377333432
99_sik,2022/5/28,5,0.37655589
99_sik,2022/5/28,10,0.573513925
99_sik,2022/5/28,15,1.109775186
99_sik,2022/5/28,20,1.862081409
99_sik,2022/5/28,30,1.419658542
99_sik,2022/5/28,40,0.620941877
99_sik,2022/5/28,50,0.389249444
99_sik,2022/5/29,5,0.357897937
99_sik,2022/5/29,10,0.5293172
99_sik,2022/5/29,15,1.034439564
99_sik,2022/5/29,20,1.816461086
99_sik,2022/5/29,30,1.516192555
99_sik,2022/5/29,40,0.623692691
99_sik,2022/5/29,50,0.394706935
99_sik,2022/5/30,5,0.376976907
99_sik,2022/5/30,10,0.510935605
99_sik,2022/5/30,15,1.004213691
99_sik,2022/5/30,20,1.817099929
99_sik,2022/5/30,30,1.559334993
99_sik,2022/5/30,40,0.664004385
99_sik,2022/5/30,50,0.423818469
99_sik,2022/5/31,5,0.485204458
99_sik,2022/5/31,10,0.680756271
99_sik,2022/5/31,15,1.196032047
99_sik,2022/5/31,20,1.651020288
99_sik,2022/5/31,30,1.434666276
99_sik,2022/5/31,40,0.744299352
99_sik,2022/5/31,50,0.469266444
99_sik,2022/6/1,5,0.552718103
99_sik,2022/6/1,10,0.738432467
99_sik,2022/6/1,15,1.253656745
99_sik,2022/6/1,20,1.547541976
99_sik,2022/6/1,30,1.373159051
99_sik,2022/6/1,40,0.820046186
99_sik,2022/6/1,50,0.51704514
99_sik,2022/6/2,5,0.499811709
99_sik,2022/6/2,10,0.617088735
99_sik,2022/6/2,15,1.100992918
99_sik,2022/6/2,20,1.610620499
99_sik,2022/6/2,30,1.454790831
99_sik,2022/6/2,40,0.886481822
99_sik,2022/6/2,50,0.566984534
99_sik,2022/6/3,5,0.445329666
99_sik,2022/6/3,10,0.525655448
99_sik,2022/6/3,15,0.941676974
99_sik,2022/6/3,20,1.549522877
99_sik,2022/6/3,30,1.533451319
99_sik,2022/6/3,40,0.939378679
99_sik,2022/6/3,50,0.614193439
99_sik,2022/6/4,5,0.398623794
99_sik,2022/6/4,10,0.443356365
99_sik,2022/6/4,15,0.739750028
99_sik,2022/6/4,20,1.372605681
99_sik,2022/6/4,30,1.650994897
99_sik,2022/6/4,40,0.974763334
99_sik,2022/6/4,50,0.652255416
99_sik,2022/6/5,5,0.378316283
99_sik,2022/6/5,10,0.400754452
99_sik,2022/6/5,15,0.617979944
99_sik,2022/6/5,20,1.201053977
99_sik,2022/6/5,30,1.687776089
99_sik,2022/6/5,40,1.00206399
99_sik,2022/6/5,50,0.678068936
99_sik,2022/6/6,5,0.402717084
99_sik,2022/6/6,10,0.419716686
99_sik,2022/6/6,15,0.599890828
99_sik,2022/6/6,20,1.119170904
99_sik,2022/6/6,30,1.574160814
99_sik,2022/6/6,40,1.011155725
99_sik,2022/6/6,50,0.690598726
99_sik,2022/6/7,5,0.407212824
99_sik,2022/6/7,10,0.42321521
99_sik,2022/6/7,15,0.573879182
99_sik,2022/6/7,20,1.026431084
99_sik,2022/6/7,30,1.531393528
99_sik,2022/6/7,40,1.023210764
99_sik,2022/6/7,50,0.710961223
99_sik,2022/6/8,5,0.375425309
99_sik,2022/6/8,10,0.382913023
99_sik,2022/6/8,15,0.497144014
99_sik,2022/6/8,20,0.885221362
99_sik,2022/6/8,30,1.596172452
99_sik,2022/6/8,40,1.062775731
99_sik,2022/6/8,50,0.745197117
99_sik,2022/6/9,5,0.3493056
99_sik,2022/6/9,10,0.352095008
99_sik,2022/6/9,15,0.441376209
99_sik,2022/6/9,20,0.761372447
99_sik,2022/6/9,30,1.634444118
99_sik,2022/6/9,40,1.114821553
99_sik,2022/6/9,50,0.781072319
99_sik,2022/6/10,5,0.329899758
99_sik,2022/6/10,10,0.325182319
99_sik,2022/6/10,15,0.395644277
99_sik,2022/6/10,20,0.659463286
99_sik,2022/6/10,30,1.641946435
99_sik,2022/6/10,40,1.155861974
99_sik,2022/6/10,50,0.812126994
99_sik,2022/6/11,5,0.311223656
99_sik,2022/6/11,10,0.298738927
99_sik,2022/6/11,15,0.35570389
99_sik,2022/6/11,20,0.570735693
99_sik,2022/6/11,30,1.609296441
99_sik,2022/6/11,40,1.19140923
99_sik,2022/6/11,50,0.838092685
99_sik,2022/6/12,5,0.291006178
99_sik,2022/6/12,10,0.273391277
99_sik,2022/6/12,15,0.319167197
99_sik,2022/6/12,20,0.497138858
99_sik,2022/6/12,30,1.567148566
99_sik,2022/6/12,40,1.247351527
99_sik,2022/6/12,50,0.866466939
99_sik,2022/6/13,5,0.272281587
99_sik,2022/6/13,10,0.250820518
99_sik,2022/6/13,15,0.287610441
99_sik,2022/6/13,20,0.43983376
99_sik,2022/6/13,30,1.539186358
99_sik,2022/6/13,40,1.289809942
99_sik,2022/6/13,50,0.874625087
99_sik,2022/6/14,5,0.265338689
99_sik,2022/6/14,10,0.237676874
99_sik,2022/6/14,15,0.266635478
99_sik,2022/6/14,20,0.404319495
99_sik,2022/6/14,30,1.525678039
99_sik,2022/6/14,40,1.311663032
99_sik,2022/6/14,50,0.865885139
99_sik,2022/6/15,5,0.256852031
99_sik,2022/6/15,10,0.235420525
99_sik,2022/6/15,15,0.254414111
99_sik,2022/6/15,20,0.382386863
99_sik,2022/6/15,30,1.467254996
99_sik,2022/6/15,40,1.305976033
99_sik,2022/6/15,50,0.862759173
99_sik,2022/6/16,5,0.252577096
99_sik,2022/6/16,10,0.232478783
99_sik,2022/6/16,15,0.248515174
99_sik,2022/6/16,20,0.36589396
99_sik,2022/6/16,30,1.377768874
99_sik,2022/6/16,40,1.261750579
99_sik,2022/6/16,50,0.840005338
99_sik,2022/6/17,5,0.243734941
99_sik,2022/6/17,10,0.222127154
99_sik,2022/6/17,15,0.239013374
99_sik,2022/6/17,20,0.350879371
99_sik,2022/6/17,30,1.343105912
99_sik,2022/6/17,40,1.237813711
99_sik,2022/6/17,50,0.811192513
99_sik,2022/6/18,5,0.229413792
99_sik,2022/6/18,10,0.205022991
99_sik,2022/6/18,15,0.223692983
99_sik,2022/6/18,20,0.333574533
99_sik,2022/6/18,30,1.349354744
99_sik,2022/6/18,40,1.230849504
99_sik,2022/6/18,50,0.786769867
99_sik,2022/6/19,5,0.21688728
99_sik,2022/6/19,10,0.191299707
99_sik,2022/6/19,15,0.21351485
99_sik,2022/6/19,20,0.321507156
99_sik,2022/6/19,30,1.339920998
99_sik,2022/6/19,40,1.211794972
99_sik,2022/6/19,50,0.756145239
99_sik,2022/6/20,5,0.211032897
99_sik,2022/6/20,10,0.182383388
99_sik,2022/6/20,15,0.204047143
99_sik,2022/6/20,20,0.309071183
99_sik,2022/6/20,30,1.342063069
99_sik,2022/6/20,40,1.227873325
99_sik,2022/6/20,50,0.739975512
99_sik,2022/6/21,5,0.198893696
99_sik,2022/6/21,10,0.171915188
99_sik,2022/6/21,15,0.191080898
99_sik,2022/6/21,20,0.293171912
99_sik,2022/6/21,30,1.379284978
99_sik,2022/6/21,40,1.269952178
99_sik,2022/6/21,50,0.733905256
99_sik,2022/6/22,5,0.203975499
99_sik,2022/6/22,10,0.165364549
99_sik,2022/6/22,15,0.180985004
99_sik,2022/6/22,20,0.277551115
99_sik,2022/6/22,30,1.419758081
99_sik,2022/6/22,40,1.286499381
99_sik,2022/6/22,50,0.722740471
99_sik,2022/6/23,5,0.210909143
99_sik,2022/6/23,10,0.178901225
99_sik,2022/6/23,15,0.181396842
99_sik,2022/6/23,20,0.270874441
99_sik,2022/6/23,30,1.336113811
99_sik,2022/6/23,40,1.247230768
99_sik,2022/6/23,50,0.719065011
99_sik,2022/6/24,5,0.225499302
99_sik,2022/6/24,10,0.199519917
99_sik,2022/6/24,15,0.202202678
99_sik,2022/6/24,20,0.29317674
99_sik,2022/6/24,30,1.194739103
99_sik,2022/6/24,40,1.150434494
99_sik,2022/6/24,50,0.699457407
99_sik,2022/6/25,5,0.240612194
99_sik,2022/6/25,10,0.212467834
99_sik,2022/6/25,15,0.224232927
99_sik,2022/6/25,20,0.337305009
99_sik,2022/6/25,30,1.167385817
99_sik,2022/6/25,40,1.115139604
99_sik,2022/6/25,50,0.689382792
99_sik,2022/6/26,5,0.226971567
99_sik,2022/6/26,10,0.203608945
99_sik,2022/6/26,15,0.213875145
99_sik,2022/6/26,20,0.339859784
99_sik,2022/6/26,30,1.186808467
99_sik,2022/6/26,40,1.121320248
99_sik,2022/6/26,50,0.697389662
99_sik,2022/6/27,5,0.212133259
99_sik,2022/6/27,10,0.191980273
99_sik,2022/6/27,15,0.204961807
99_sik,2022/6/27,20,0.332906276
99_sik,2022/6/27,30,1.220512509
99_sik,2022/6/27,40,1.1359092
99_sik,2022/6/27,50,0.699258983
99_sik,2022/6/28,5,0.19921726
99_sik,2022/6/28,10,0.181712285
99_sik,2022/6/28,15,0.202104494
99_sik,2022/6/28,20,0.326864004
99_sik,2022/6/28,30,1.221768737
99_sik,2022/6/28,40,1.081593871
99_sik,2022/6/28,50,0.657429695
99_sik,2022/6/29,5,0.199555784
99_sik,2022/6/29,10,0.184521064
99_sik,2022/6/29,15,0.212688744
99_sik,2022/6/29,20,0.336590618
99_sik,2022/6/29,30,1.144625783
99_sik,2022/6/29,40,0.968996048
99_sik,2022/6/29,50,0.587201178
99_sik,2022/6/30,5,0.202558041
99_sik,2022/6/30,10,0.186739117
99_sik,2022/6/30,15,0.220339462
99_sik,2022/6/30,20,0.347884029
99_sik,2022/6/30,30,1.11439991
99_sik,2022/6/30,40,0.908122957
99_sik,2022/6/30,50,0.544978917
99_sik,2022/7/1,5,0.205249578
99_sik,2022/7/1,10,0.181880265
99_sik,2022/7/1,15,0.216057479
99_sik,2022/7/1,20,0.347294331
99_sik,2022/7/1,30,1.118776083
99_sik,2022/7/1,40,0.866364062
99_sik,2022/7/1,50,0.518167734
99_sik,2022/7/2,5,0.199505582
99_sik,2022/7/2,10,0.176181525
99_sik,2022/7/2,15,0.211334065
99_sik,2022/7/2,20,0.358241111
99_sik,2022/7/2,30,1.14783442
99_sik,2022/7/2,40,0.851628125
99_sik,2022/7/2,50,0.504767656
99_sik,2022/7/3,5,0.186813205
99_sik,2022/7/3,10,0.170818344
99_sik,2022/7/3,15,0.204596937
99_sik,2022/7/3,20,0.361179024
99_sik,2022/7/3,30,1.21445632
99_sik,2022/7/3,40,0.882802665
99_sik,2022/7/3,50,0.507827401
99_sik,2022/7/4,5,0.177888721
99_sik,2022/7/4,10,0.163135946
99_sik,2022/7/4,15,0.194800958
99_sik,2022/7/4,20,0.351752698
99_sik,2022/7/4,30,1.292263746
99_sik,2022/7/4,40,0.897926033
99_sik,2022/7/4,50,0.503273308
99_sik,2022/7/5,5,0.172020242
99_sik,2022/7/5,10,0.154777244
99_sik,2022/7/5,15,0.186240405
99_sik,2022/7/5,20,0.348901153
99_sik,2022/7/5,30,1.350628018
99_sik,2022/7/5,40,0.87703228
99_sik,2022/7/5,50,0.486102194
99_sik,2022/7/6,5,0.170744658
99_sik,2022/7/6,10,0.149221569
99_sik,2022/7/6,15,0.180544809
99_sik,2022/7/6,20,0.3447932
99_sik,2022/7/6,30,1.415193081
99_sik,2022/7/6,40,0.873444736
99_sik,2022/7/6,50,0.476898998
99_sik,2022/7/7,5,0.177087188
99_sik,2022/7/7,10,0.147013441
99_sik,2022/7/7,15,0.175487876
99_sik,2022/7/7,20,0.332383811
99_sik,2022/7/7,30,1.483520508
99_sik,2022/7/7,40,0.886858463
99_sik,2022/7/7,50,0.47641328
99_sik,2022/7/8,5,0.182410076
99_sik,2022/7/8,10,0.149832979
99_sik,2022/7/8,15,0.175653502
99_sik,2022/7/8,20,0.333110482
99_sik,2022/7/8,30,1.507108212
99_sik,2022/7/8,40,0.893990278
99_sik,2022/7/8,50,0.477295756
99_sik,2022/7/9,5,0.190242812
99_sik,2022/7/9,10,0.152242765
99_sik,2022/7/9,15,0.178239912
99_sik,2022/7/9,20,0.342290848
99_sik,2022/7/9,30,1.438621521
99_sik,2022/7/9,40,0.906798422
99_sik,2022/7/9,50,0.481608421
99_sik,2022/7/10,5,0.190294236
99_sik,2022/7/10,10,0.151815653
99_sik,2022/7/10,15,0.175918281
99_sik,2022/7/10,20,0.33921966
99_sik,2022/7/10,30,1.352869511
99_sik,2022/7/10,40,0.947362781
99_sik,2022/7/10,50,0.501596272
99_sik,2022/7/11,5,0.182921574
99_sik,2022/7/11,10,0.152997211
99_sik,2022/7/11,15,0.171599075
99_sik,2022/7/11,20,0.323076457
99_sik,2022/7/11,30,1.339610815
99_sik,2022/7/11,40,0.991887689
99_sik,2022/7/11,50,0.52275604
99_sik,2022/7/12,5,0.181223392
99_sik,2022/7/12,10,0.15689607
99_sik,2022/7/12,15,0.171473712
99_sik,2022/7/12,20,0.310549736
99_sik,2022/7/12,30,1.290105343
99_sik,2022/7/12,40,0.982875347
99_sik,2022/7/12,50,0.522366703
99_sik,2022/7/13,5,0.191717863
99_sik,2022/7/13,10,0.166567311
99_sik,2022/7/13,15,0.178307861
99_sik,2022/7/13,20,0.306868255
99_sik,2022/7/13,30,1.17761457
99_sik,2022/7/13,40,0.953460336
99_sik,2022/7/13,50,0.516928792
99_sik,2022/7/14,5,0.206567541
99_sik,2022/7/14,10,0.184965447
99_sik,2022/7/14,15,0.190665796
99_sik,2022/7/14,20,0.298546076
99_sik,2022/7/14,30,1.121833086
99_sik,2022/7/14,40,0.971091509
99_sik,2022/7/14,50,0.532858074
99_sik,2022/7/15,5,0.236926749
99_sik,2022/7/15,10,0.214484155
99_sik,2022/7/15,15,0.219868228
99_sik,2022/7/15,20,0.290185779
99_sik,2022/7/15,30,1.027997851
99_sik,2022/7/15,40,0.998026431
99_sik,2022/7/15,50,0.576018512
99_sik,2022/7/16,5,0.271951765
99_sik,2022/7/16,10,0.244109198
99_sik,2022/7/16,15,0.248368308
99_sik,2022/7/16,20,0.289017975
99_sik,2022/7/16,30,0.877946556
99_sik,2022/7/16,40,1.004089594
99_sik,2022/7/16,50,0.652450979
99_sik,2022/7/17,5,0.288665473
99_sik,2022/7/17,10,0.259856761
99_sik,2022/7/17,15,0.257121265
99_sik,2022/7/17,20,0.278586179
99_sik,2022/7/17,30,0.745726585
99_sik,2022/7/17,40,0.985087812
99_sik,2022/7/17,50,0.735597968
99_sik,2022/7/18,5,0.277712435
99_sik,2022/7/18,10,0.260735691
99_sik,2022/7/18,15,0.259654433
99_sik,2022/7/18,20,0.276754767
99_sik,2022/7/18,30,0.697002411
99_sik,2022/7/18,40,0.985825658
99_sik,2022/7/18,50,0.778482139
99_sik,2022/7/19,5,0.248259455
99_sik,2022/7/19,10,0.244122013
99_sik,2022/7/19,15,0.252396643
99_sik,2022/7/19,20,0.270330191
99_sik,2022/7/19,30,0.703136325
99_sik,2022/7/19,40,0.998239994
99_sik,2022/7/19,50,0.777109802
99_sik,2022/7/20,5,0.223356918
99_sik,2022/7/20,10,0.228512779
99_sik,2022/7/20,15,0.243001938
99_sik,2022/7/20,20,0.262464672
99_sik,2022/7/20,30,0.704885662
99_sik,2022/7/20,40,0.977324665
99_sik,2022/7/20,50,0.746439159
99_sik,2022/7/21,5,0.200368866
99_sik,2022/7/21,10,0.211094588
99_sik,2022/7/21,15,0.232354537
99_sik,2022/7/21,20,0.256624937
99_sik,2022/7/21,30,0.723459303
99_sik,2022/7/21,40,0.986112416
99_sik,2022/7/21,50,0.734745324
99_sik,2022/7/22,5,0.180034995
99_sik,2022/7/22,10,0.191361114
99_sik,2022/7/22,15,0.218144029
99_sik,2022/7/22,20,0.246551961
99_sik,2022/7/22,30,0.728715181
99_sik,2022/7/22,40,1.002455711
99_sik,2022/7/22,50,0.724734664
99_sik,2022/7/23,5,0.167431638
99_sik,2022/7/23,10,0.177145377
99_sik,2022/7/23,15,0.204452693
99_sik,2022/7/23,20,0.238212109
99_sik,2022/7/23,30,0.704852462
99_sik,2022/7/23,40,0.973254144
99_sik,2022/7/23,50,0.693234324
99_sik,2022/7/24,5,0.15764153
99_sik,2022/7/24,10,0.166274801
99_sik,2022/7/24,15,0.191086829
99_sik,2022/7/24,20,0.230052143
99_sik,2022/7/24,30,0.707280338
99_sik,2022/7/24,40,0.966416478
99_sik,2022/7/24,50,0.6796754
99_sik,2022/7/25,5,0.146957517
99_sik,2022/7/25,10,0.154808044
99_sik,2022/7/25,15,0.178315803
99_sik,2022/7/25,20,0.2189904
99_sik,2022/7/25,30,0.741002917
99_sik,2022/7/25,40,1.008230448
99_sik,2022/7/25,50,0.688610435
99_sik,2022/7/26,5,0.136851415
99_sik,2022/7/26,10,0.147749498
99_sik,2022/7/26,15,0.169385135
99_sik,2022/7/26,20,0.212300003
99_sik,2022/7/26,30,0.789482415
99_sik,2022/7/26,40,1.044815898
99_sik,2022/7/26,50,0.689062774
99_sik,2022/7/27,5,0.133333415
99_sik,2022/7/27,10,0.145515844
99_sik,2022/7/27,15,0.164098233
99_sik,2022/7/27,20,0.210399404
99_sik,2022/7/27,30,0.834176123
99_sik,2022/7/27,40,1.061022639
99_sik,2022/7/27,50,0.680285215
99_sik,2022/7/28,5,0.133325234
99_sik,2022/7/28,10,0.144894853
99_sik,2022/7/28,15,0.161444023
99_sik,2022/7/28,20,0.213755742
99_sik,2022/7/28,30,0.888003409
99_sik,2022/7/28,40,1.087576032
99_sik,2022/7/28,50,0.678527236
99_sik,2022/7/29,5,0.132481754
99_sik,2022/7/29,10,0.145807788
99_sik,2022/7/29,15,0.161821336
99_sik,2022/7/29,20,0.223323032
99_sik,2022/7/29,30,0.971685529
99_sik,2022/7/29,40,1.116248488
99_sik,2022/7/29,50,0.677522779
99_sik,2022/7/30,5,0.13356857
99_sik,2022/7/30,10,0.151863903
99_sik,2022/7/30,15,0.168516815
99_sik,2022/7/30,20,0.242997244
99_sik,2022/7/30,30,1.086802363
99_sik,2022/7/30,40,1.117981672
99_sik,2022/7/30,50,0.665626943
99_sik,2022/7/31,5,0.140105352
99_sik,2022/7/31,10,0.162407756
99_sik,2022/7/31,15,0.177983686
99_sik,2022/7/31,20,0.266767651
99_sik,2022/7/31,30,1.196036935
99_sik,2022/7/31,40,1.07575953
99_sik,2022/7/31,50,0.63576591
99_sik,2022/8/1,5,0.147038579
99_sik,2022/8/1,10,0.178194642
99_sik,2022/8/1,15,0.202002347
99_sik,2022/8/1,20,0.297673404
99_sik,2022/8/1,30,1.178309917
99_sik,2022/8/1,40,0.955342948
99_sik,2022/8/1,50,0.576898515
99_sik,2022/8/2,5,0.169879273
99_sik,2022/8/2,10,0.207033798
99_sik,2022/8/2,15,0.236936659
99_sik,2022/8/2,20,0.342418611
99_sik,2022/8/2,30,1.123792768
99_sik,2022/8/2,40,0.883051097
99_sik,2022/8/2,50,0.543639064
99_sik,2022/8/3,5,0.189643502
99_sik,2022/8/3,10,0.230144769
99_sik,2022/8/3,15,0.260709554
99_sik,2022/8/3,20,0.372460425
99_sik,2022/8/3,30,1.086594224
99_sik,2022/8/3,40,0.868826509
99_sik,2022/8/3,50,0.539358914
99_sik,2022/8/4,5,0.217072144
99_sik,2022/8/4,10,0.25332436
99_sik,2022/8/4,15,0.29875347
99_sik,2022/8/4,20,0.422886491
99_sik,2022/8/4,30,1.037700772
99_sik,2022/8/4,40,0.866100132
99_sik,2022/8/4,50,0.55118376
99_sik,2022/8/5,5,0.242639139
99_sik,2022/8/5,10,0.277560085
99_sik,2022/8/5,15,0.342763007
99_sik,2022/8/5,20,0.481402487
99_sik,2022/8/5,30,1.034080982
99_sik,2022/8/5,40,0.912012458
99_sik,2022/8/5,50,0.597534716
99_sik,2022/8/6,5,0.266406626
99_sik,2022/8/6,10,0.305672437
99_sik,2022/8/6,15,0.382754803
99_sik,2022/8/6,20,0.511285901
99_sik,2022/8/6,30,0.992351234
99_sik,2022/8/6,40,0.935309112
99_sik,2022/8/6,50,0.650855243
99_sik,2022/8/7,5,0.284337908
99_sik,2022/8/7,10,0.323813319
99_sik,2022/8/7,15,0.395229191
99_sik,2022/8/7,20,0.489718169
99_sik,2022/8/7,30,0.882817864
99_sik,2022/8/7,40,0.898772418
99_sik,2022/8/7,50,0.672648907
99_sik,2022/8/8,5,0.273265243
99_sik,2022/8/8,10,0.321033299
99_sik,2022/8/8,15,0.394623786
99_sik,2022/8/8,20,0.471584499
99_sik,2022/8/8,30,0.795683265
99_sik,2022/8/8,40,0.826744914
99_sik,2022/8/8,50,0.638387918
99_sik,2022/8/9,5,0.251897901
99_sik,2022/8/9,10,0.295335054
99_sik,2022/8/9,15,0.368999243
99_sik,2022/8/9,20,0.466557533
99_sik,2022/8/9,30,0.751873136
99_sik,2022/8/9,40,0.742181242
99_sik,2022/8/9,50,0.564242721
99_sik,2022/8/10,5,0.226710752
99_sik,2022/8/10,10,0.266040593
99_sik,2022/8/10,15,0.330219507
99_sik,2022/8/10,20,0.461655378
99_sik,2022/8/10,30,0.744985819
99_sik,2022/8/10,40,0.657188833
99_sik,2022/8/10,50,0.486429095
99_sik,2022/8/11,5,0.195410997
99_sik,2022/8/11,10,0.245865613
99_sik,2022/8/11,15,0.309257388
99_sik,2022/8/11,20,0.472175211
99_sik,2022/8/11,30,0.779471636
99_sik,2022/8/11,40,0.58915478
99_sik,2022/8/11,50,0.429607153
99_sik,2022/8/12,5,0.177174613
99_sik,2022/8/12,10,0.230947867
99_sik,2022/8/12,15,0.295239121
99_sik,2022/8/12,20,0.480687171
99_sik,2022/8/12,30,0.839351416
99_sik,2022/8/12,40,0.559292257
99_sik,2022/8/12,50,0.402234316
99_sik,2022/8/13,5,0.164723948
99_sik,2022/8/13,10,0.216468558
99_sik,2022/8/13,15,0.283536941
99_sik,2022/8/13,20,0.488431484
99_sik,2022/8/13,30,0.927223682
99_sik,2022/8/13,40,0.554433107
99_sik,2022/8/13,50,0.392908126
99_sik,2022/8/14,5,0.154005885
99_sik,2022/8/14,10,0.204576194
99_sik,2022/8/14,15,0.28026247
99_sik,2022/8/14,20,0.523829401
99_sik,2022/8/14,30,1.00381875
99_sik,2022/8/14,40,0.53921324
99_sik,2022/8/14,50,0.382724613
99_sik,2022/8/15,5,0.151685342
99_sik,2022/8/15,10,0.207326621
99_sik,2022/8/15,15,0.294486552
99_sik,2022/8/15,20,0.582637429
99_sik,2022/8/15,30,0.984807193
99_sik,2022/8/15,40,0.495880455
99_sik,2022/8/15,50,0.361129105
99_sik,2022/8/16,5,0.173657686
99_sik,2022/8/16,10,0.235870212
99_sik,2022/8/16,15,0.326794952
99_sik,2022/8/16,20,0.613658726
99_sik,2022/8/16,30,0.938027203
99_sik,2022/8/16,40,0.457398355
99_sik,2022/8/16,50,0.34227258
99_sik,2022/8/17,5,0.186098158
99_sik,2022/8/17,10,0.25323987
99_sik,2022/8/17,15,0.347627819
99_sik,2022/8/17,20,0.624392569
99_sik,2022/8/17,30,0.983399987
99_sik,2022/8/17,40,0.453301519
99_sik,2022/8/17,50,0.339441001
99_sik,2022/8/18,5,0.194213644
99_sik,2022/8/18,10,0.259889096
99_sik,2022/8/18,15,0.367645413
99_sik,2022/8/18,20,0.63326782
99_sik,2022/8/18,30,0.983458996
99_sik,2022/8/18,40,0.438522995
99_sik,2022/8/18,50,0.330897361
99_sik,2022/8/19,5,0.210112542
99_sik,2022/8/19,10,0.27897051
99_sik,2022/8/19,15,0.396345675
99_sik,2022/8/19,20,0.637100637
99_sik,2022/8/19,30,0.979363739
99_sik,2022/8/19,40,0.426671088
99_sik,2022/8/19,50,0.323455572
99_sik,2022/8/20,5,0.204243377
99_sik,2022/8/20,10,0.28555885
99_sik,2022/8/20,15,0.414698511
99_sik,2022/8/20,20,0.655636966
99_sik,2022/8/20,30,0.993568838
99_sik,2022/8/20,40,0.419321418
99_sik,2022/8/20,50,0.319001347
99_sik,2022/8/21,5,0.191144422
99_sik,2022/8/21,10,0.27527836
99_sik,2022/8/21,15,0.426169991
99_sik,2022/8/21,20,0.690930545
99_sik,2022/8/21,30,1.002573013
99_sik,2022/8/21,40,0.416137755
99_sik,2022/8/21,50,0.318128109
99_sik,2022/8/22,5,0.183179006
99_sik,2022/8/22,10,0.271351308
99_sik,2022/8/22,15,0.44337514
99_sik,2022/8/22,20,0.764567971
99_sik,2022/8/22,30,1.0350281
99_sik,2022/8/22,40,0.425710827
99_sik,2022/8/22,50,0.323915362
99_sik,2022/8/23,5,0.198315069
99_sik,2022/8/23,10,0.291452944
99_sik,2022/8/23,15,0.465321541
99_sik,2022/8/23,20,0.803360343
99_sik,2022/8/23,30,0.998082161
99_sik,2022/8/23,40,0.413683414
99_sik,2022/8/23,50,0.317462713
99_sik,2022/8/24,5,0.204700559
99_sik,2022/8/24,10,0.2873438
99_sik,2022/8/24,15,0.44907254
99_sik,2022/8/24,20,0.800556064
99_sik,2022/8/24,30,0.997266889
99_sik,2022/8/24,40,0.407066405
99_sik,2022/8/24,50,0.314429522
99_sik,2022/8/25,5,0.19463703
99_sik,2022/8/25,10,0.265156627
99_sik,2022/8/25,15,0.424988508
99_sik,2022/8/25,20,0.822887778
99_sik,2022/8/25,30,1.034976602
99_sik,2022/8/25,40,0.414533108
99_sik,2022/8/25,50,0.318205982
99_sik,2022/8/26,5,0.189052656
99_sik,2022/8/26,10,0.259833604
99_sik,2022/8/26,15,0.413792342
99_sik,2022/8/26,20,0.829484224
99_sik,2022/8/26,30,1.03866303
99_sik,2022/8/26,40,0.413474768
99_sik,2022/8/26,50,0.317665905
99_sik,2022/8/27,5,0.203402922
99_sik,2022/8/27,10,0.272656351
99_sik,2022/8/27,15,0.399058968
99_sik,2022/8/27,20,0.761326015
99_sik,2022/8/27,30,0.99361515
99_sik,2022/8/27,40,0.406710535
99_sik,2022/8/27,50,0.313186258
99_sik,2022/8/28,5,0.220081612
99_sik,2022/8/28,10,0.285326928
99_sik,2022/8/28,15,0.386985153
99_sik,2022/8/28,20,0.695318699
99_sik,2022/8/28,30,0.970609367
99_sik,2022/8/28,40,0.405797899
99_sik,2022/8/28,50,0.312728018
99_sik,2022/8/29,5,0.220885068
99_sik,2022/8/29,10,0.284956127
99_sik,2022/8/29,15,0.377546012
99_sik,2022/8/29,20,0.656352341
99_sik,2022/8/29,30,0.98962611
99_sik,2022/8/29,40,0.411707729
99_sik,2022/8/29,50,0.317329884
99_sik,2022/8/30,5,0.223648712
99_sik,2022/8/30,10,0.282833815
99_sik,2022/8/30,15,0.356743127
99_sik,2022/8/30,20,0.580234587
99_sik,2022/8/30,30,0.94903183
99_sik,2022/8/30,40,0.408665657
99_sik,2022/8/30,50,0.314453334
99_sik,2022/8/31,5,0.238685489
99_sik,2022/8/31,10,0.27686578
99_sik,2022/8/31,15,0.306898594
99_sik,2022/8/31,20,0.461176068
99_sik,2022/8/31,30,0.847730815
99_sik,2022/8/31,40,0.405582726
99_sik,2022/8/31,50,0.30831489
99_sik,2022/9/1,5,0.263428032
99_sik,2022/9/1,10,0.292045772
99_sik,2022/9/1,15,0.303940028
99_sik,2022/9/1,20,0.401585609
99_sik,2022/9/1,30,0.829930544
99_sik,2022/9/1,40,0.430295199
99_sik,2022/9/1,50,0.319028229
99_sik,2022/9/2,5,0.232227564
99_sik,2022/9/2,10,0.283547759
99_sik,2022/9/2,15,0.331248462
99_sik,2022/9/2,20,0.397899836
99_sik,2022/9/2,30,0.937346518
99_sik,2022/9/2,40,0.484189421
99_sik,2022/9/2,50,0.349961817
99_sik,2022/9/3,5,0.202948824
99_sik,2022/9/3,10,0.26136896
99_sik,2022/9/3,15,0.348875552
99_sik,2022/9/3,20,0.424919516
99_sik,2022/9/3,30,1.040530205
99_sik,2022/9/3,40,0.548805177
99_sik,2022/9/3,50,0.386366397
99_sik,2022/9/4,5,0.188541025
99_sik,2022/9/4,10,0.245793596
99_sik,2022/9/4,15,0.3433851
99_sik,2022/9/4,20,0.464253098
99_sik,2022/9/4,30,1.062155962
99_sik,2022/9/4,40,0.635508895
99_sik,2022/9/4,50,0.439041495
99_sik,2022/9/5,5,0.204558879
99_sik,2022/9/5,10,0.255271643
99_sik,2022/9/5,15,0.320094824
99_sik,2022/9/5,20,0.479490399
99_sik,2022/9/5,30,0.961247385
99_sik,2022/9/5,40,0.726296663
99_sik,2022/9/5,50,0.529323757
99_sik,2022/9/6,5,0.23951526
99_sik,2022/9/6,10,0.274734527
99_sik,2022/9/6,15,0.318150252
99_sik,2022/9/6,20,0.456343204
99_sik,2022/9/6,30,0.799406469
99_sik,2022/9/6,40,0.746587873
99_sik,2022/9/6,50,0.642890334
99_sik,2022/9/7,5,0.239127859
99_sik,2022/9/7,10,0.259083897
99_sik,2022/9/7,15,0.30119276
99_sik,2022/9/7,20,0.387297213
99_sik,2022/9/7,30,0.737642229
99_sik,2022/9/7,40,0.771322727
99_sik,2022/9/7,50,0.738368809
99_sik,2022/9/8,5,0.208453938
99_sik,2022/9/8,10,0.226989806
99_sik,2022/9/8,15,0.264222324
99_sik,2022/9/8,20,0.326709121
99_sik,2022/9/8,30,0.658014178
99_sik,2022/9/8,40,0.848021269
99_sik,2022/9/8,50,0.8312608
99_sik,2022/9/9,5,0.184842303
99_sik,2022/9/9,10,0.193046212
99_sik,2022/9/9,15,0.228818312
99_sik,2022/9/9,20,0.291138321
99_sik,2022/9/9,30,0.572482586
99_sik,2022/9/9,40,0.89056921
99_sik,2022/9/9,50,0.883076906
99_sik,2022/9/10,5,0.176173568
99_sik,2022/9/10,10,0.17112036
99_sik,2022/9/10,15,0.197541133
99_sik,2022/9/10,20,0.258853078
99_sik,2022/9/10,30,0.506263196
99_sik,2022/9/10,40,0.917504668
99_sik,2022/9/10,50,0.907451451
99_sik,2022/9/11,5,0.169975951
99_sik,2022/9/11,10,0.171576053
99_sik,2022/9/11,15,0.179321185
99_sik,2022/9/11,20,0.233500525
99_sik,2022/9/11,30,0.438596159
99_sik,2022/9/11,40,0.885531127
99_sik,2022/9/11,50,0.894393981
99_sik,2022/9/12,5,0.169545516
99_sik,2022/9/12,10,0.171845973
99_sik,2022/9/12,15,0.175408974
99_sik,2022/9/12,20,0.219694644
99_sik,2022/9/12,30,0.38187018
99_sik,2022/9/12,40,0.793144405
99_sik,2022/9/12,50,0.842210293
99_sik,2022/9/13,5,0.170128688
99_sik,2022/9/13,10,0.166684657
99_sik,2022/9/13,15,0.167448789
99_sik,2022/9/13,20,0.204534188
99_sik,2022/9/13,30,0.358330965
99_sik,2022/9/13,40,0.712289214
99_sik,2022/9/13,50,0.811541915
99_sik,2022/9/14,5,0.166069612
99_sik,2022/9/14,10,0.160946384
99_sik,2022/9/14,15,0.155475497
99_sik,2022/9/14,20,0.182550296
99_sik,2022/9/14,30,0.357700288
99_sik,2022/9/14,40,0.673649848
99_sik,2022/9/14,50,0.811496615
99_sik,2022/9/15,5,0.158866733
99_sik,2022/9/15,10,0.154371291
99_sik,2022/9/15,15,0.14652133
99_sik,2022/9/15,20,0.16678226
99_sik,2022/9/15,30,0.357830435
99_sik,2022/9/15,40,0.666926682
99_sik,2022/9/15,50,0.790685892
99_sik,2022/9/16,5,0.155858576
99_sik,2022/9/16,10,0.154347777
99_sik,2022/9/16,15,0.144824922
99_sik,2022/9/16,20,0.161372453
99_sik,2022/9/16,30,0.338019758
99_sik,2022/9/16,40,0.63456732
99_sik,2022/9/16,50,0.722549915
99_sik,2022/9/17,5,0.158888549
99_sik,2022/9/17,10,0.158353433
99_sik,2022/9/17,15,0.153810889
99_sik,2022/9/17,20,0.171211198
99_sik,2022/9/17,30,0.320355862
99_sik,2022/9/17,40,0.585826397
99_sik,2022/9/17,50,0.656738043
99_sik,2022/9/18,5,0.157177225
99_sik,2022/9/18,10,0.15388456
99_sik,2022/9/18,15,0.151736408
99_sik,2022/9/18,20,0.17030102
99_sik,2022/9/18,30,0.298409224
99_sik,2022/9/18,40,0.530609131
99_sik,2022/9/18,50,0.585654914
99_sik,2022/9/19,5,0.173035473
99_sik,2022/9/19,10,0.164426073
99_sik,2022/9/19,15,0.165945187
99_sik,2022/9/19,20,0.18435201
99_sik,2022/9/19,30,0.276307046
99_sik,2022/9/19,40,0.467119128
99_sik,2022/9/19,50,0.507934153
99_sik,2022/9/20,5,0.173868328
99_sik,2022/9/20,10,0.172793582
99_sik,2022/9/20,15,0.174929187
99_sik,2022/9/20,20,0.205479696
99_sik,2022/9/20,30,0.327786177
99_sik,2022/9/20,40,0.459672689
99_sik,2022/9/20,50,0.463459343
99_sik,2022/9/21,5,0.158330351
99_sik,2022/9/21,10,0.15865849
99_sik,2022/9/21,15,0.162556782
99_sik,2022/9/21,20,0.187989309
99_sik,2022/9/21,30,0.424616456
99_sik,2022/9/21,40,0.483420849
99_sik,2022/9/21,50,0.435118139
99_sik,2022/9/22,5,0.148186296
99_sik,2022/9/22,10,0.148497283
99_sik,2022/9/22,15,0.155725703
99_sik,2022/9/22,20,0.172130287
99_sik,2022/9/22,30,0.49364236
99_sik,2022/9/22,40,0.504863262
99_sik,2022/9/22,50,0.430073828
99_sik,2022/9/23,5,0.145945519
99_sik,2022/9/23,10,0.146369398
99_sik,2022/9/23,15,0.153994694
99_sik,2022/9/23,20,0.167971775
99_sik,2022/9/23,30,0.478191108
99_sik,2022/9/23,40,0.486903489
99_sik,2022/9/23,50,0.414609075
99_sik,2022/9/24,5,0.151381999
99_sik,2022/9/24,10,0.152014866
99_sik,2022/9/24,15,0.164488986
99_sik,2022/9/24,20,0.182204872
99_sik,2022/9/24,30,0.484291434
99_sik,2022/9/24,40,0.466495275
99_sik,2022/9/24,50,0.396602064
99_sik,2022/9/25,5,0.144119576
99_sik,2022/9/25,10,0.14435491
99_sik,2022/9/25,15,0.157513335
99_sik,2022/9/25,20,0.181792021
99_sik,2022/9/25,30,0.561765552
99_sik,2022/9/25,40,0.48770088
99_sik,2022/9/25,50,0.407050431
99_sik,2022/9/26,5,0.133630171
99_sik,2022/9/26,10,0.135273769
99_sik,2022/9/26,15,0.148112267
99_sik,2022/9/26,20,0.171970472
99_sik,2022/9/26,30,0.63746357
99_sik,2022/9/26,40,0.522441387
99_sik,2022/9/26,50,0.428802848
99_sik,2022/9/27,5,0.126343697
99_sik,2022/9/27,10,0.12961556
99_sik,2022/9/27,15,0.141782269
99_sik,2022/9/27,20,0.162450001
99_sik,2022/9/27,30,0.69102788
99_sik,2022/9/27,40,0.556389034
99_sik,2022/9/27,50,0.452545017
99_sik,2022/9/28,5,0.122275159
99_sik,2022/9/28,10,0.12702179
99_sik,2022/9/28,15,0.137117416
99_sik,2022/9/28,20,0.156209379
99_sik,2022/9/28,30,0.717197061
99_sik,2022/9/28,40,0.585036933
99_sik,2022/9/28,50,0.474271446
99_sik,2022/9/29,5,0.118946984
99_sik,2022/9/29,10,0.125512719
99_sik,2022/9/29,15,0.133467644
99_sik,2022/9/29,20,0.153566197
99_sik,2022/9/29,30,0.726985276
99_sik,2022/9/29,40,0.610001028
99_sik,2022/9/29,50,0.493311673
99_sik,2022/9/30,5,0.113636248
99_sik,2022/9/30,10,0.122743331
99_sik,2022/9/30,15,0.130166128
99_sik,2022/9/30,20,0.150011435
99_sik,2022/9/30,30,0.732475877
99_sik,2022/9/30,40,0.647056818
99_sik,2022/9/30,50,0.519398272
99_sik,2022/10/1,5,0.108259477
99_sik,2022/10/1,10,0.118343301
99_sik,2022/10/1,15,0.126302138
99_sik,2022/10/1,20,0.14655447
99_sik,2022/10/1,30,0.735608935
99_sik,2022/10/1,40,0.702354431
99_sik,2022/10/1,50,0.555536866
99_sik,2022/10/2,5,0.106128529
99_sik,2022/10/2,10,0.116252586
99_sik,2022/10/2,15,0.124019861
99_sik,2022/10/2,20,0.146867052
99_sik,2022/10/2,30,0.711914837
99_sik,2022/10/2,40,0.757782102
99_sik,2022/10/2,50,0.586844802
99_sik,2022/10/3,5,0.108035982
99_sik,2022/10/3,10,0.117035531
99_sik,2022/10/3,15,0.126477495
99_sik,2022/10/3,20,0.152432948
99_sik,2022/10/3,30,0.620522141
99_sik,2022/10/3,40,0.762245119
99_sik,2022/10/3,50,0.597820342
99_sik,2022/10/4,5,0.119799897
99_sik,2022/10/4,10,0.126197591
99_sik,2022/10/4,15,0.13461706
99_sik,2022/10/4,20,0.156525984
99_sik,2022/10/4,30,0.479321241
99_sik,2022/10/4,40,0.705319107
99_sik,2022/10/4,50,0.58390528
99_sik,2022/10/5,5,0.149074316
99_sik,2022/10/5,10,0.149617329
99_sik,2022/10/5,15,0.153487995
99_sik,2022/10/5,20,0.178761557
99_sik,2022/10/5,30,0.409282535
99_sik,2022/10/5,40,0.650750816
99_sik,2022/10/5,50,0.573594689
99_sik,2022/10/6,5,0.161154479
99_sik,2022/10/6,10,0.161291063
99_sik,2022/10/6,15,0.164429188
99_sik,2022/10/6,20,0.189663887
99_sik,2022/10/6,30,0.41347146
99_sik,2022/10/6,40,0.628176391
99_sik,2022/10/6,50,0.582506597
99_sik,2022/10/7,5,0.15995191
99_sik,2022/10/7,10,0.160138071
99_sik,2022/10/7,15,0.158235103
99_sik,2022/10/7,20,0.186391249
99_sik,2022/10/7,30,0.425973386
99_sik,2022/10/7,40,0.595025063
99_sik,2022/10/7,50,0.584059119
99_sik,2022/10/8,5,0.156852573
99_sik,2022/10/8,10,0.156990647
99_sik,2022/10/8,15,0.157314166
99_sik,2022/10/8,20,0.182906762
99_sik,2022/10/8,30,0.438274533
99_sik,2022/10/8,40,0.56536901
99_sik,2022/10/8,50,0.578926861
99_sik,2022/10/9,5,0.159955606
99_sik,2022/10/9,10,0.160189286
99_sik,2022/10/9,15,0.160904422
99_sik,2022/10/9,20,0.187201306
99_sik,2022/10/9,30,0.424469262
99_sik,2022/10/9,40,0.538492024
99_sik,2022/10/9,50,0.566683233
99_sik,2022/10/10,5,0.17109175
99_sik,2022/10/10,10,0.171530515
99_sik,2022/10/10,15,0.172875524
99_sik,2022/10/10,20,0.197528303
99_sik,2022/10/10,30,0.33775872
99_sik,2022/10/10,40,0.472893894
99_sik,2022/10/10,50,0.512570262
99_sik,2022/10/11,5,0.190506175
99_sik,2022/10/11,10,0.190880522
99_sik,2022/10/11,15,0.192615181
99_sik,2022/10/11,20,0.214405149
99_sik,2022/10/11,30,0.317854285
99_sik,2022/10/11,40,0.443988025
99_sik,2022/10/11,50,0.482465744
99_sik,2022/10/12,5,0.195361018
99_sik,2022/10/12,10,0.195555359
99_sik,2022/10/12,15,0.195969447
99_sik,2022/10/12,20,0.202469006
99_sik,2022/10/12,30,0.371296078
99_sik,2022/10/12,40,0.491180629
99_sik,2022/10/12,50,0.498382181
99_sik,2022/10/13,5,0.184427097
99_sik,2022/10/13,10,0.184455007
99_sik,2022/10/13,15,0.184641704
99_sik,2022/10/13,20,0.186387196
99_sik,2022/10/13,30,0.408421278
99_sik,2022/10/13,40,0.561903536
99_sik,2022/10/13,50,0.522828341
99_sik,2022/10/14,5,0.172204107
99_sik,2022/10/14,10,0.172138885
99_sik,2022/10/14,15,0.172337458
99_sik,2022/10/14,20,0.177898675
99_sik,2022/10/14,30,0.421505928
99_sik,2022/10/14,40,0.609447002
99_sik,2022/10/14,50,0.527776062
99_sik,2022/10/15,5,0.162055105
99_sik,2022/10/15,10,0.161764622
99_sik,2022/10/15,15,0.162092581
99_sik,2022/10/15,20,0.172751173
99_sik,2022/10/15,30,0.434152961
99_sik,2022/10/15,40,0.609494984
99_sik,2022/10/15,50,0.502073407
99_sik,2022/10/16,5,0.154207945
99_sik,2022/10/16,10,0.153769597
99_sik,2022/10/16,15,0.154372051
99_sik,2022/10/16,20,0.170048028
99_sik,2022/10/16,30,0.442005724
99_sik,2022/10/16,40,0.590415597
99_sik,2022/10/16,50,0.47584185
99_sik,2022/10/17,5,0.151229337
99_sik,2022/10/17,10,0.151702911
99_sik,2022/10/17,15,0.152521089
99_sik,2022/10/17,20,0.160000324
99_sik,2022/10/17,30,0.437074453
99_sik,2022/10/17,40,0.578621149
99_sik,2022/10/17,50,0.46195206
99_sik,2022/10/18,5,0.156666905
99_sik,2022/10/18,10,0.156825379
99_sik,2022/10/18,15,0.157018602
99_sik,2022/10/18,20,0.161912262
99_sik,2022/10/18,30,0.447578877
99_sik,2022/10/18,40,0.556936562
99_sik,2022/10/18,50,0.456355304
99_sik,2022/10/19,5,0.159759372
99_sik,2022/10/19,10,0.159914687
99_sik,2022/10/19,15,0.160119116
99_sik,2022/10/19,20,0.170320898
99_sik,2022/10/19,30,0.462203652
99_sik,2022/10/19,40,0.524735034
99_sik,2022/10/19,50,0.451810896
99_sik,2022/10/20,5,0.169152886
99_sik,2022/10/20,10,0.169330999
99_sik,2022/10/20,15,0.169613943
99_sik,2022/10/20,20,0.184449613
99_sik,2022/10/20,30,0.477716744
99_sik,2022/10/20,40,0.501614869
99_sik,2022/10/20,50,0.446068525
99_sik,2022/10/21,5,0.178318456
99_sik,2022/10/21,10,0.178550795
99_sik,2022/10/21,15,0.179187924
99_sik,2022/10/21,20,0.195390418
99_sik,2022/10/21,30,0.5146631
99_sik,2022/10/21,40,0.492880672
99_sik,2022/10/21,50,0.442832649
99_sik,2022/10/22,5,0.18480289
99_sik,2022/10/22,10,0.18525891
99_sik,2022/10/22,15,0.18683219
99_sik,2022/10/22,20,0.204174355
99_sik,2022/10/22,30,0.552325547
99_sik,2022/10/22,40,0.491936833
99_sik,2022/10/22,50,0.439396232
99_sik,2022/10/23,5,0.194466993
99_sik,2022/10/23,10,0.194830656
99_sik,2022/10/23,15,0.195904672
99_sik,2022/10/23,20,0.219939098
99_sik,2022/10/23,30,0.579621971
99_sik,2022/10/23,40,0.501418173
99_sik,2022/10/23,50,0.440462589
99_sik,2022/10/24,5,0.209919512
99_sik,2022/10/24,10,0.210485399
99_sik,2022/10/24,15,0.211464569
99_sik,2022/10/24,20,0.239144892
99_sik,2022/10/24,30,0.608559668
99_sik,2022/10/24,40,0.519983351
99_sik,2022/10/24,50,0.447638571
99_sik,2022/10/25,5,0.217867732
99_sik,2022/10/25,10,0.218260154
99_sik,2022/10/25,15,0.219116867
99_sik,2022/10/25,20,0.24334389
99_sik,2022/10/25,30,0.636980534
99_sik,2022/10/25,40,0.54590714
99_sik,2022/10/25,50,0.461888343
99_sik,2022/10/26,5,0.213857442
99_sik,2022/10/26,10,0.214078724
99_sik,2022/10/26,15,0.214636981
99_sik,2022/10/26,20,0.233434111
99_sik,2022/10/26,30,0.652132094
99_sik,2022/10/26,40,0.574472427
99_sik,2022/10/26,50,0.481197298
99_sik,2022/10/27,5,0.205781266
99_sik,2022/10/27,10,0.205774233
99_sik,2022/10/27,15,0.205985472
99_sik,2022/10/27,20,0.219826415
99_sik,2022/10/27,30,0.635436893
99_sik,2022/10/27,40,0.582659304
99_sik,2022/10/27,50,0.489649683
99_sik,2022/10/28,5,0.200158253
99_sik,2022/10/28,10,0.200453341
99_sik,2022/10/28,15,0.20098266
99_sik,2022/10/28,20,0.215375319
99_sik,2022/10/28,30,0.595766485
99_sik,2022/10/28,40,0.567569435
99_sik,2022/10/28,50,0.481852293
99_sik,2022/10/29,5,0.205697685
99_sik,2022/10/29,10,0.206084535
99_sik,2022/10/29,15,0.206615523
99_sik,2022/10/29,20,0.224788651
99_sik,2022/10/29,30,0.55642122
99_sik,2022/10/29,40,0.564131796
99_sik,2022/10/29,50,0.475978315
99_sik,2022/10/30,5,0.205188498
99_sik,2022/10/30,10,0.205390066
99_sik,2022/10/30,15,0.205763668
99_sik,2022/10/30,20,0.223347381
99_sik,2022/10/30,30,0.522534788
99_sik,2022/10/30,40,0.576375008
99_sik,2022/10/30,50,0.485032856
99_sik,2022/10/31,5,0.201972693
99_sik,2022/10/31,10,0.202204496
99_sik,2022/10/31,15,0.202684268
99_sik,2022/10/31,20,0.209897637
99_sik,2022/10/31,30,0.500688136
99_sik,2022/10/31,40,0.574941397
99_sik,2022/10/31,50,0.493975073
99_sik,2022/11/1,5,0.200462922
99_sik,2022/11/1,10,0.200723931
99_sik,2022/11/1,15,0.201089129
99_sik,2022/11/1,20,0.203310877
99_sik,2022/11/1,30,0.47654587
99_sik,2022/11/1,40,0.55094105
99_sik,2022/11/1,50,0.493625373
99_sik,2022/11/2,5,0.203483716
99_sik,2022/11/2,10,0.203832164
99_sik,2022/11/2,15,0.204300702
99_sik,2022/11/2,20,0.205900893
99_sik,2022/11/2,30,0.448803842
99_sik,2022/11/2,40,0.517995656
99_sik,2022/11/2,50,0.486231953
99_sik,2022/11/3,5,0.212815419
99_sik,2022/11/3,10,0.213182345
99_sik,2022/11/3,15,0.213600636
99_sik,2022/11/3,20,0.214729473
99_sik,2022/11/3,30,0.383751899
99_sik,2022/11/3,40,0.463588983
99_sik,2022/11/3,50,0.457218498
99_sik,2022/11/4,5,0.233957261
99_sik,2022/11/4,10,0.234359428
99_sik,2022/11/4,15,0.234808534
99_sik,2022/11/4,20,0.235805944
99_sik,2022/11/4,30,0.328820169
99_sik,2022/11/4,40,0.420834005
99_sik,2022/11/4,50,0.433612525
99_sik,2022/11/5,5,0.251873702
99_sik,2022/11/5,10,0.252049595
99_sik,2022/11/5,15,0.252239764
99_sik,2022/11/5,20,0.252607375
99_sik,2022/11/5,30,0.322533578
99_sik,2022/11/5,40,0.405403018
99_sik,2022/11/5,50,0.429431975
99_sik,2022/11/6,5,0.25487721
99_sik,2022/11/6,10,0.255026966
99_sik,2022/11/6,15,0.255188614
99_sik,2022/11/6,20,0.255480021
99_sik,2022/11/6,30,0.332572639
99_sik,2022/11/6,40,0.391810685
99_sik,2022/11/6,50,0.423680156
99_sik,2022/11/7,5,0.253936976
99_sik,2022/11/7,10,0.25415501
99_sik,2022/11/7,15,0.254452169
99_sik,2022/11/7,20,0.255087525
99_sik,2022/11/7,30,0.347096652
99_sik,2022/11/7,40,0.383161515
99_sik,2022/11/7,50,0.413620114
99_sik,2022/11/8,5,0.254009902
99_sik,2022/11/8,10,0.254353523
99_sik,2022/11/8,15,0.254781544
99_sik,2022/11/8,20,0.255692333
99_sik,2022/11/8,30,0.358832002
99_sik,2022/11/8,40,0.372268975
99_sik,2022/11/8,50,0.398631364
99_sik,2022/11/9,5,0.260845959
99_sik,2022/11/9,10,0.261158198
99_sik,2022/11/9,15,0.26150158
99_sik,2022/11/9,20,0.262271702
99_sik,2022/11/9,30,0.366608232
99_sik,2022/11/9,40,0.370953172
99_sik,2022/11/9,50,0.392771572
99_sik,2022/11/10,5,0.267473638
99_sik,2022/11/10,10,0.267755985
99_sik,2022/11/10,15,0.268080115
99_sik,2022/11/10,20,0.268804699
99_sik,2022/11/10,30,0.371667147
99_sik,2022/11/10,40,0.379261196
99_sik,2022/11/10,50,0.395722181
99_sik,2022/11/11,5,0.270257026
99_sik,2022/11/11,10,0.270479977
99_sik,2022/11/11,15,0.270753413
99_sik,2022/11/11,20,0.271483272
99_sik,2022/11/11,30,0.381739318
99_sik,2022/11/11,40,0.388571501
99_sik,2022/11/11,50,0.398975074
99_sik,2022/11/12,5,0.267755896
99_sik,2022/11/12,10,0.267879069
99_sik,2022/11/12,15,0.268078804
99_sik,2022/11/12,20,0.26864478
99_sik,2022/11/12,30,0.389735729
99_sik,2022/11/12,40,0.394297212
99_sik,2022/11/12,50,0.398478478
99_sik,2022/11/13,5,0.264204443
99_sik,2022/11/13,10,0.264553756
99_sik,2022/11/13,15,0.264983982
99_sik,2022/11/13,20,0.265900522
99_sik,2022/11/13,30,0.353968441
99_sik,2022/11/13,40,0.375308067
99_sik,2022/11/13,50,0.379565686
99_sik,2022/11/14,5,0.283397317
99_sik,2022/11/14,10,0.283525407
99_sik,2022/11/14,15,0.283644676
99_sik,2022/11/14,20,0.283870965
99_sik,2022/11/14,30,0.338965505
99_sik,2022/11/14,40,0.357335418
99_sik,2022/11/14,50,0.362732649
99_sik,2022/11/15,5,0.307758421
99_sik,2022/11/15,10,0.307810366
99_sik,2022/11/15,15,0.307848632
99_sik,2022/11/15,20,0.307912588
99_sik,2022/11/15,30,0.363806784
99_sik,2022/11/15,40,0.361466199
99_sik,2022/11/15,50,0.362128526
99_sik,2022/11/16,5,0.322764546
99_sik,2022/11/16,10,0.322828203
99_sik,2022/11/16,15,0.322877616
99_sik,2022/11/16,20,0.322951972
99_sik,2022/11/16,30,0.389937997
99_sik,2022/11/16,40,0.372326761
99_sik,2022/11/16,50,0.367172033
99_sik,2022/11/17,5,0.337349832
99_sik,2022/11/17,10,0.33741492
99_sik,2022/11/17,15,0.337458014
99_sik,2022/11/17,20,0.337498277
99_sik,2022/11/17,30,0.41138792
99_sik,2022/11/17,40,0.383439332
99_sik,2022/11/17,50,0.373651832
99_sik,2022/11/18,5,0.348728329
99_sik,2022/11/18,10,0.348675936
99_sik,2022/11/18,15,0.348570198
99_sik,2022/11/18,20,0.348333448
99_sik,2022/11/18,30,0.419922829
99_sik,2022/11/18,40,0.385940403
99_sik,2022/11/18,50,0.373350024
99_sik,2022/11/19,5,0.357777268
99_sik,2022/11/19,10,0.35781914
99_sik,2022/11/19,15,0.357850492
99_sik,2022/11/19,20,0.35793674
99_sik,2022/11/19,30,0.402133048
99_sik,2022/11/19,40,0.383177429
99_sik,2022/11/19,50,0.368771911
99_sik,2022/11/20,5,0.371438503
99_sik,2022/11/20,10,0.371352434
99_sik,2022/11/20,15,0.371251971
99_sik,2022/11/20,20,0.371037483
99_sik,2022/11/20,30,0.365872443
99_sik,2022/11/20,40,0.372922361
99_sik,2022/11/20,50,0.357320815
99_sik,2022/11/21,5,0.383170605
99_sik,2022/11/21,10,0.382326901
99_sik,2022/11/21,15,0.381226659
99_sik,2022/11/21,20,0.378896475
99_sik,2022/11/21,30,0.352698922
99_sik,2022/11/21,40,0.360559434
99_sik,2022/11/21,50,0.343884915
99_sik,2022/11/22,5,0.3877832
99_sik,2022/11/22,10,0.387392133
99_sik,2022/11/22,15,0.386938483
99_sik,2022/11/22,20,0.386179835
99_sik,2022/11/22,30,0.377672762
99_sik,2022/11/22,40,0.355006933
99_sik,2022/11/22,50,0.340080142
99_sik,2022/11/23,5,0.400512606
99_sik,2022/11/23,10,0.400337845
99_sik,2022/11/23,15,0.400128603
99_sik,2022/11/23,20,0.399737149
99_sik,2022/11/23,30,0.393909156
99_sik,2022/11/23,40,0.351261407
99_sik,2022/11/23,50,0.33830291
99_sik,2022/11/24,5,0.411174417
99_sik,2022/11/24,10,0.411021739
99_sik,2022/11/24,15,0.410803288
99_sik,2022/11/24,20,0.410322458
99_sik,2022/11/24,30,0.403797776
99_sik,2022/11/24,40,0.350467861
99_sik,2022/11/24,50,0.337133646
99_sik,2022/11/25,5,0.421173304
99_sik,2022/11/25,10,0.420879662
99_sik,2022/11/25,15,0.420512706
99_sik,2022/11/25,20,0.419780791
99_sik,2022/11/25,30,0.411121547
99_sik,2022/11/25,40,0.350352019
99_sik,2022/11/25,50,0.33616209
99_sik,2022/11/26,5,0.421609372
99_sik,2022/11/26,10,0.421310633
99_sik,2022/11/26,15,0.420924723
99_sik,2022/11/26,20,0.420215428
99_sik,2022/11/26,30,0.414516985
99_sik,2022/11/26,40,0.340122104
99_sik,2022/11/26,50,0.327572435
99_sik,2022/11/27,5,0.416966647
99_sik,2022/11/27,10,0.416753292
99_sik,2022/11/27,15,0.416505545
99_sik,2022/11/27,20,0.416099697
99_sik,2022/11/27,30,0.413807034
99_sik,2022/11/27,40,0.336130351
99_sik,2022/11/27,50,0.310793549
99_sik,2022/11/28,5,0.41343227
99_sik,2022/11/28,10,0.413075298
99_sik,2022/11/28,15,0.41267392
99_sik,2022/11/28,20,0.41203174
99_sik,2022/11/28,30,0.408657432
99_sik,2022/11/28,40,0.345127076
99_sik,2022/11/28,50,0.297295064
99_sik,2022/11/29,5,0.396035492
99_sik,2022/11/29,10,0.395392746
99_sik,2022/11/29,15,0.394607425
99_sik,2022/11/29,20,0.39321813
99_sik,2022/11/29,30,0.384622484
99_sik,2022/11/29,40,0.321391642
99_sik,2022/11/29,50,0.282032281
99_sik,2022/11/30,5,0.37106508
99_sik,2022/11/30,10,0.370701104
99_sik,2022/11/30,15,0.370278269
99_sik,2022/11/30,20,0.369603008
99_sik,2022/11/30,30,0.366453648
99_sik,2022/11/30,40,0.319888651
99_sik,2022/11/30,50,0.262838364
99_sik,2022/12/1,5,0.389477104
99_sik,2022/12/1,10,0.38918066
99_sik,2022/12/1,15,0.388855398
99_sik,2022/12/1,20,0.388353795
99_sik,2022/12/1,30,0.386142552
99_sik,2022/12/1,40,0.333813339
99_sik,2022/12/1,50,0.271625727
99_sik,2022/12/2,5,0.42886129
99_sik,2022/12/2,10,0.428435504
99_sik,2022/12/2,15,0.427973717
99_sik,2022/12/2,20,0.427262574
99_sik,2022/12/2,30,0.424368888
99_sik,2022/12/2,40,0.36285916
99_sik,2022/12/2,50,0.297498912
99_sik,2022/12/3,5,0.444429576
99_sik,2022/12/3,10,0.443864912
99_sik,2022/12/3,15,0.44324103
99_sik,2022/12/3,20,0.442275912
99_sik,2022/12/3,30,0.438561529
99_sik,2022/12/3,40,0.391389132
99_sik,2022/12/3,50,0.317067921
99_sik,2022/12/4,5,0.456425577
99_sik,2022/12/4,10,0.456019074
99_sik,2022/12/4,15,0.455557197
99_sik,2022/12/4,20,0.454831541
99_sik,2022/12/4,30,0.452032596
99_sik,2022/12/4,40,0.410402834
99_sik,2022/12/4,50,0.34830457
99_sik,2022/12/5,5,0.476321995
99_sik,2022/12/5,10,0.475641578
99_sik,2022/12/5,15,0.474893153
99_sik,2022/12/5,20,0.473741233
99_sik,2022/12/5,30,0.469948322
99_sik,2022/12/5,40,0.451553762
99_sik,2022/12/5,50,0.374004841
99_sik,2022/12/6,5,0.502063572
99_sik,2022/12/6,10,0.501381516
99_sik,2022/12/6,15,0.500652134
99_sik,2022/12/6,20,0.499543995
99_sik,2022/12/6,30,0.4959701
99_sik,2022/12/6,40,0.476526827
99_sik,2022/12/6,50,0.39820084
99_sik,2022/12/7,5,0.541853964
99_sik,2022/12/7,10,0.540948987
99_sik,2022/12/7,15,0.539979279
99_sik,2022/12/7,20,0.538508534
99_sik,2022/12/7,30,0.533990383
99_sik,2022/12/7,40,0.515736938
99_sik,2022/12/7,50,0.441263676
99_sik,2022/12/8,5,0.582618415
99_sik,2022/12/8,10,0.58189708
99_sik,2022/12/8,15,0.58112514
99_sik,2022/12/8,20,0.579957008
99_sik,2022/12/8,30,0.576451063
99_sik,2022/12/8,40,0.565375924
99_sik,2022/12/8,50,0.48751682
99_sik,2022/12/9,5,0.61617893
99_sik,2022/12/9,10,0.615180194
99_sik,2022/12/9,15,0.614123762
99_sik,2022/12/9,20,0.612537026
99_sik,2022/12/9,30,0.608070791
99_sik,2022/12/9,40,0.596528053
99_sik,2022/12/9,50,0.567989647
99_sik,2022/12/10,5,0.638244867
99_sik,2022/12/10,10,0.637419879
99_sik,2022/12/10,15,0.636546135
99_sik,2022/12/10,20,0.635224104
99_sik,2022/12/10,30,0.631576478
99_sik,2022/12/10,40,0.62351191
99_sik,2022/12/10,50,0.608653605
99_sik,2022/12/11,5,0.647016346
99_sik,2022/12/11,10,0.645943046
99_sik,2022/12/11,15,0.644785166
99_sik,2022/12/11,20,0.643013299
99_sik,2022/12/11,30,0.638227999
99_sik,2022/12/11,40,0.629649878
99_sik,2022/12/11,50,0.617463231
99_sik,2022/12/12,5,0.651593328
99_sik,2022/12/12,10,0.651117623
99_sik,2022/12/12,15,0.650563121
99_sik,2022/12/12,20,0.649641216
99_sik,2022/12/12,30,0.646505058
99_sik,2022/12/12,40,0.639625549
99_sik,2022/12/12,50,0.628631055
99_sik,2022/12/13,5,0.614870429
99_sik,2022/12/13,10,0.614171445
99_sik,2022/12/13,15,0.613414347
99_sik,2022/12/13,20,0.612250328
99_sik,2022/12/13,30,0.608650148
99_sik,2022/12/13,40,0.601956606
99_sik,2022/12/13,50,0.592129588
99_sik,2022/12/14,5,0.565854371
99_sik,2022/12/14,10,0.56534636
99_sik,2022/12/14,15,0.564792514
99_sik,2022/12/14,20,0.563955963
99_sik,2022/12/14,30,0.56173408
99_sik,2022/12/14,40,0.558606207
99_sik,2022/12/14,50,0.554938734
99_sik,2022/12/15,5,0.555566132
99_sik,2022/12/15,10,0.554989696
99_sik,2022/12/15,15,0.554367185
99_sik,2022/12/15,20,0.553437412
99_sik,2022/12/15,30,0.551059723
99_sik,2022/12/15,40,0.548186779
99_sik,2022/12/15,50,0.545231521
99_sik,2022/12/16,5,0.576793611
99_sik,2022/12/16,10,0.576394796
99_sik,2022/12/16,15,0.575985193
99_sik,2022/12/16,20,0.575400591
99_sik,2022/12/16,30,0.573984802
99_sik,2022/12/16,40,0.572402298
99_sik,2022/12/16,50,0.570854783
99_sik,2022/12/17,5,0.603332877
99_sik,2022/12/17,10,0.603011489
99_sik,2022/12/17,15,0.602682173
99_sik,2022/12/17,20,0.602204621
99_sik,2022/12/17,30,0.601027071
99_sik,2022/12/17,40,0.599687219
99_sik,2022/12/17,50,0.598346174
99_sik,2022/12/18,5,0.627919614
99_sik,2022/12/18,10,0.627532065
99_sik,2022/12/18,15,0.627149045
99_sik,2022/12/18,20,0.626616657
99_sik,2022/12/18,30,0.625380397
99_sik,2022/12/18,40,0.624008596
99_sik,2022/12/18,50,0.622625947
99_sik,2022/12/19,5,0.652252555
99_sik,2022/12/19,10,0.65187335
99_sik,2022/12/19,15,0.651508451
99_sik,2022/12/19,20,0.651008964
99_sik,2022/12/19,30,0.649842441
99_sik,2022/12/19,40,0.648543
99_sik,2022/12/19,50,0.647247195
99_sik,2022/12/20,5,0.665708184
99_sik,2022/12/20,10,0.665335178
99_sik,2022/12/20,15,0.664975464
99_sik,2022/12/20,20,0.664475024
99_sik,2022/12/20,30,0.663264513
99_sik,2022/12/20,40,0.66193074
99_sik,2022/12/20,50,0.660742462
99_sik,2022/12/21,5,0.667281747
99_sik,2022/12/21,10,0.667163372
99_sik,2022/12/21,15,0.667044699
99_sik,2022/12/21,20,0.666874468
99_sik,2022/12/21,30,0.666440845
99_sik,2022/12/21,40,0.665685296
99_sik,2022/12/21,50,0.663591444
99_sik,2022/12/22,5,0.632905781
99_sik,2022/12/22,10,0.632571697
99_sik,2022/12/22,15,0.632188082
99_sik,2022/12/22,20,0.631578803
99_sik,2022/12/22,30,0.629703939
99_sik,2022/12/22,40,0.625160396
99_sik,2022/12/22,50,0.616111577
99_sik,2022/12/23,5,0.593086362
99_sik,2022/12/23,10,0.592749417
99_sik,2022/12/23,15,0.592392087
99_sik,2022/12/23,20,0.591852009
99_sik,2022/12/23,30,0.590120673
99_sik,2022/12/23,40,0.586486399
99_sik,2022/12/23,50,0.577672839
99_sik,2022/12/24,5,0.594829321
99_sik,2022/12/24,10,0.594619989
99_sik,2022/12/24,15,0.594414532
99_sik,2022/12/24,20,0.594106555
99_sik,2022/12/24,30,0.593188763
99_sik,2022/12/24,40,0.591560662
99_sik,2022/12/24,50,0.588502705
99_sik,2022/12/25,5,0.613872647
99_sik,2022/12/25,10,0.613826036
99_sik,2022/12/25,15,0.613794565
99_sik,2022/12/25,20,0.613747537
99_sik,2022/12/25,30,0.613541722
99_sik,2022/12/25,40,0.613073945
99_sik,2022/12/25,50,0.612409413
99_sik,2022/12/26,5,0.629166901
99_sik,2022/12/26,10,0.629260004
99_sik,2022/12/26,15,0.62936151
99_sik,2022/12/26,20,0.629490733
99_sik,2022/12/26,30,0.629642785
99_sik,2022/12/26,40,0.629505634
99_sik,2022/12/26,50,0.629203916
99_sik,2022/12/27,5,0.635653198
99_sik,2022/12/27,10,0.635802686
99_sik,2022/12/27,15,0.635964453
99_sik,2022/12/27,20,0.636185765
99_sik,2022/12/27,30,0.636578441
99_sik,2022/12/27,40,0.636737347
99_sik,2022/12/27,50,0.636739314
99_sik,2022/12/28,5,0.619668961
99_sik,2022/12/28,10,0.619584024
99_sik,2022/12/28,15,0.619545937
99_sik,2022/12/28,20,0.619532943
99_sik,2022/12/28,30,0.619558454
99_sik,2022/12/28,40,0.619572639
99_sik,2022/12/28,50,0.619561851
99_sik,2022/12/29,5,0.604664803
99_sik,2022/12/29,10,0.604383767
99_sik,2022/12/29,15,0.604151905
99_sik,2022/12/29,20,0.603885233
99_sik,2022/12/29,30,0.603426516
99_sik,2022/12/29,40,0.60305649
99_sik,2022/12/29,50,0.602756202
99_sik,2022/12/30,5,0.5908916
99_sik,2022/12/30,10,0.59059906
99_sik,2022/12/30,15,0.590374887
99_sik,2022/12/30,20,0.590135813
99_sik,2022/12/30,30,0.589756429
99_sik,2022/12/30,40,0.589461029
99_sik,2022/12/30,50,0.589180827
99_sik,2022/12/31,5,0.569896102
99_sik,2022/12/31,10,0.569618583
99_sik,2022/12/31,15,0.56941241
99_sik,2022/12/31,20,0.569201887
99_sik,2022/12/31,30,0.568879068
99_sik,2022/12/31,40,0.568632364
99_sik,2022/12/31,50,0.568391204
99_sik,2023/1/1,5,0.57217288
99_sik,2023/1/1,10,0.571816802
99_sik,2023/1/1,15,0.571518481
99_sik,2023/1/1,20,0.571173131
99_sik,2023/1/1,30,0.570562005
99_sik,2023/1/1,40,0.570026278
99_sik,2023/1/1,50,0.56953311
99_sik,2023/1/2,5,0.586164653
99_sik,2023/1/2,10,0.585723579
99_sik,2023/1/2,15,0.585332215
99_sik,2023/1/2,20,0.584851861
99_sik,2023/1/2,30,0.583955348
99_sik,2023/1/2,40,0.583143234
99_sik,2023/1/2,50,0.582404137
99_sik,2023/1/3,5,0.598678052
99_sik,2023/1/3,10,0.598166823
99_sik,2023/1/3,15,0.597711861
99_sik,2023/1/3,20,0.597148359
99_sik,2023/1/3,30,0.596077263
99_sik,2023/1/3,40,0.59511286
99_sik,2023/1/3,50,0.594302237
99_sik,2023/1/4,5,0.609197199
99_sik,2023/1/4,10,0.608638525
99_sik,2023/1/4,15,0.608139932
99_sik,2023/1/4,20,0.607514441
99_sik,2023/1/4,30,0.606274664
99_sik,2023/1/4,40,0.605114341
99_sik,2023/1/4,50,0.604257405
99_sik,2023/1/5,5,0.618622899
99_sik,2023/1/5,10,0.61798048
99_sik,2023/1/5,15,0.617398918
99_sik,2023/1/5,20,0.616650879
99_sik,2023/1/5,30,0.615092397
99_sik,2023/1/5,40,0.613434374
99_sik,2023/1/5,50,0.612127721
99_sik,2023/1/6,5,0.629325151
99_sik,2023/1/6,10,0.628765643
99_sik,2023/1/6,15,0.628240585
99_sik,2023/1/6,20,0.627521694
99_sik,2023/1/6,30,0.625516295
99_sik,2023/1/6,40,0.618850052
99_sik,2023/1/6,50,0.606359541
99_sik,2023/1/7,5,0.650312483
99_sik,2023/1/7,10,0.64969933
99_sik,2023/1/7,15,0.64907968
99_sik,2023/1/7,20,0.648040652
99_sik,2023/1/7,30,0.633204997
99_sik,2023/1/7,40,0.593153775
99_sik,2023/1/7,50,0.556518912
99_sik,2023/1/8,5,0.683460832
99_sik,2023/1/8,10,0.682376385
99_sik,2023/1/8,15,0.6812433
99_sik,2023/1/8,20,0.67869103
99_sik,2023/1/8,30,0.605547547
99_sik,2023/1/8,40,0.526067436
99_sik,2023/1/8,50,0.493878782
99_sik,2023/1/9,5,0.709395587
99_sik,2023/1/9,10,0.707406282
99_sik,2023/1/9,15,0.705266595
99_sik,2023/1/9,20,0.700240672
99_sik,2023/1/9,30,0.565864086
99_sik,2023/1/9,40,0.467663497
99_sik,2023/1/9,50,0.43992582
99_sik,2023/1/10,5,0.711718619
99_sik,2023/1/10,10,0.709639013
99_sik,2023/1/10,15,0.707420528
99_sik,2023/1/10,20,0.703439295
99_sik,2023/1/10,30,0.594302893
99_sik,2023/1/10,40,0.454307407
99_sik,2023/1/10,50,0.423582166
99_sik,2023/1/11,5,0.733747959
99_sik,2023/1/11,10,0.731518626
99_sik,2023/1/11,15,0.729148209
99_sik,2023/1/11,20,0.725272298
99_sik,2023/1/11,30,0.642175138
99_sik,2023/1/11,40,0.451159328
99_sik,2023/1/11,50,0.423646241
99_sik,2023/1/12,5,0.774093747
99_sik,2023/1/12,10,0.771329165
99_sik,2023/1/12,15,0.767821372
99_sik,2023/1/12,20,0.755962849
99_sik,2023/1/12,30,0.631490767
99_sik,2023/1/12,40,0.471929699
99_sik,2023/1/12,50,0.418331832
99_sik,2023/1/13,5,0.814930975
99_sik,2023/1/13,10,0.808517158
99_sik,2023/1/13,15,0.787378848
99_sik,2023/1/13,20,0.719832003
99_sik,2023/1/13,30,0.613048792
99_sik,2023/1/13,40,0.509435058
99_sik,2023/1/13,50,0.448994845
99_sik,2023/1/14,5,0.798493445
99_sik,2023/1/14,10,0.790818453
99_sik,2023/1/14,15,0.726370633
99_sik,2023/1/14,20,0.636930406
99_sik,2023/1/14,30,0.596267998
99_sik,2023/1/14,40,0.556585193
99_sik,2023/1/14,50,0.476177722
99_sik,2023/1/15,5,0.728582978
99_sik,2023/1/15,10,0.722155571
99_sik,2023/1/15,15,0.660990059
99_sik,2023/1/15,20,0.592369676
99_sik,2023/1/15,30,0.569137573
99_sik,2023/1/15,40,0.550946116
99_sik,2023/1/15,50,0.493732959
99_sik,2023/1/16,5,0.661210299
99_sik,2023/1/16,10,0.657927454
99_sik,2023/1/16,15,0.648151398
99_sik,2023/1/16,20,0.605906785
99_sik,2023/1/16,30,0.545028567
99_sik,2023/1/16,40,0.533777654
99_sik,2023/1/16,50,0.489563763
99_sik,2023/1/17,5,0.646961987
99_sik,2023/1/17,10,0.644739151
99_sik,2023/1/17,15,0.642198443
99_sik,2023/1/17,20,0.636218667
99_sik,2023/1/17,30,0.540986776
99_sik,2023/1/17,40,0.530218959
99_sik,2023/1/17,50,0.487713724
99_sik,2023/1/18,5,0.670753598
99_sik,2023/1/18,10,0.669300795
99_sik,2023/1/18,15,0.667800486
99_sik,2023/1/18,20,0.664705694
99_sik,2023/1/18,30,0.556941628
99_sik,2023/1/18,40,0.543153167
99_sik,2023/1/18,50,0.496355414
99_sik,2023/1/19,5,0.703249574
99_sik,2023/1/19,10,0.701670706
99_sik,2023/1/19,15,0.699926674
99_sik,2023/1/19,20,0.695031345
99_sik,2023/1/19,30,0.581350744
99_sik,2023/1/19,40,0.560011446
99_sik,2023/1/19,50,0.515944123
99_sik,2023/1/20,5,0.727391124
99_sik,2023/1/20,10,0.725937724
99_sik,2023/1/20,15,0.724154651
99_sik,2023/1/20,20,0.716306865
99_sik,2023/1/20,30,0.609188378
99_sik,2023/1/20,40,0.582537174
99_sik,2023/1/20,50,0.535883486
99_sik,2023/1/21,5,0.754178703
99_sik,2023/1/21,10,0.752687335
99_sik,2023/1/21,15,0.751064122
99_sik,2023/1/21,20,0.748021603
99_sik,2023/1/21,30,0.685496569
99_sik,2023/1/21,40,0.589234889
99_sik,2023/1/21,50,0.559002399
99_sik,2023/1/22,5,0.789256334
99_sik,2023/1/22,10,0.78799957
99_sik,2023/1/22,15,0.786707163
99_sik,2023/1/22,20,0.784753859
99_sik,2023/1/22,30,0.77284658
99_sik,2023/1/22,40,0.642368615
99_sik,2023/1/22,50,0.585029423
99_sik,2023/1/23,5,0.807871342
99_sik,2023/1/23,10,0.806946754
99_sik,2023/1/23,15,0.805918515
99_sik,2023/1/23,20,0.804243445
99_sik,2023/1/23,30,0.791951895
99_sik,2023/1/23,40,0.664453447
99_sik,2023/1/23,50,0.605419934
99_sik,2023/1/24,5,0.776278198
99_sik,2023/1/24,10,0.774707735
99_sik,2023/1/24,15,0.772949457
99_sik,2023/1/24,20,0.770202041
99_sik,2023/1/24,30,0.759160638
99_sik,2023/1/24,40,0.708726764
99_sik,2023/1/24,50,0.658546269
99_sik,2023/1/25,5,0.732493162
99_sik,2023/1/25,10,0.7315678
99_sik,2023/1/25,15,0.730574369
99_sik,2023/1/25,20,0.729110003
99_sik,2023/1/25,30,0.725370526
99_sik,2023/1/25,40,0.720916986
99_sik,2023/1/25,50,0.717211843
99_sik,2023/1/26,5,0.737270534
99_sik,2023/1/26,10,0.736491024
99_sik,2023/1/26,15,0.735733092
99_sik,2023/1/26,20,0.734692276
99_sik,2023/1/26,30,0.732349813
99_sik,2023/1/26,40,0.730079412
99_sik,2023/1/26,50,0.728552163
99_sik,2023/1/27,5,0.75210005
99_sik,2023/1/27,10,0.751615763
99_sik,2023/1/27,15,0.751182675
99_sik,2023/1/27,20,0.750620663
99_sik,2023/1/27,30,0.749403417
99_sik,2023/1/27,40,0.748229384
99_sik,2023/1/27,50,0.747559249
99_sik,2023/1/28,5,0.776388168
99_sik,2023/1/28,10,0.775817752
99_sik,2023/1/28,15,0.775300384
99_sik,2023/1/28,20,0.774629176
99_sik,2023/1/28,30,0.773218572
99_sik,2023/1/28,40,0.771918535
99_sik,2023/1/28,50,0.771105349
99_sik,2023/1/29,5,0.80114758
99_sik,2023/1/29,10,0.80081749
99_sik,2023/1/29,15,0.800534427
99_sik,2023/1/29,20,0.800169945
99_sik,2023/1/29,30,0.799363077
99_sik,2023/1/29,40,0.798480093
99_sik,2023/1/29,50,0.797835469
99_sik,2023/1/30,5,0.822592258
99_sik,2023/1/30,10,0.822349489
99_sik,2023/1/30,15,0.822152913
99_sik,2023/1/30,20,0.821885943
99_sik,2023/1/30,30,0.821166754
99_sik,2023/1/30,40,0.819876432
99_sik,2023/1/30,50,0.818627059
99_sik,2023/1/31,5,0.831761599
99_sik,2023/1/31,10,0.831390977
99_sik,2023/1/31,15,0.831033468
99_sik,2023/1/31,20,0.830525994
99_sik,2023/1/31,30,0.829285443
99_sik,2023/1/31,40,0.827836514
99_sik,2023/1/31,50,0.826608419
99_sik,2023/2/1,5,0.803281426
99_sik,2023/2/1,10,0.803209186
99_sik,2023/2/1,15,0.803144932
99_sik,2023/2/1,20,0.803071916
99_sik,2023/2/1,30,0.803043842
99_sik,2023/2/1,40,0.802574813
99_sik,2023/2/1,50,0.801621377
99_sik,2023/2/2,5,0.783195555
99_sik,2023/2/2,10,0.782692969
99_sik,2023/2/2,15,0.782226205
99_sik,2023/2/2,20,0.781603038
99_sik,2023/2/2,30,0.780200005
99_sik,2023/2/2,40,0.778671563
99_sik,2023/2/2,50,0.777347147
99_sik,2023/2/3,5,0.785553753
99_sik,2023/2/3,10,0.785183966
99_sik,2023/2/3,15,0.78486371
99_sik,2023/2/3,20,0.784457445
99_sik,2023/2/3,30,0.783596516
99_sik,2023/2/3,40,0.782607973
99_sik,2023/2/3,50,0.781649053
99_sik,2023/2/4,5,0.77933979
99_sik,2023/2/4,10,0.77923584
99_sik,2023/2/4,15,0.779169023
99_sik,2023/2/4,20,0.7791031
99_sik,2023/2/4,30,0.779033065
99_sik,2023/2/4,40,0.778705895
99_sik,2023/2/4,50,0.778028727
99_sik,2023/2/5,5,0.776960135
99_sik,2023/2/5,10,0.776986957
99_sik,2023/2/5,15,0.777041316
99_sik,2023/2/5,20,0.777134478
99_sik,2023/2/5,30,0.777443588
99_sik,2023/2/5,40,0.7775141
99_sik,2023/2/5,50,0.777028918
99_sik,2023/2/6,5,0.782744169
99_sik,2023/2/6,10,0.782911956
99_sik,2023/2/6,15,0.783110797
99_sik,2023/2/6,20,0.783423722
99_sik,2023/2/6,30,0.784602404
99_sik,2023/2/6,40,0.785265088
99_sik,2023/2/6,50,0.785021007
99_sik,2023/2/7,5,0.788291514
99_sik,2023/2/7,10,0.788509667
99_sik,2023/2/7,15,0.788752556
99_sik,2023/2/7,20,0.789107025
99_sik,2023/2/7,30,0.79033041
99_sik,2023/2/7,40,0.790680766
99_sik,2023/2/7,50,0.790248096
99_sik,2023/2/8,5,0.78932637
99_sik,2023/2/8,10,0.789389193
99_sik,2023/2/8,15,0.789495528
99_sik,2023/2/8,20,0.789716721
99_sik,2023/2/8,30,0.79044354
99_sik,2023/2/8,40,0.790538132
99_sik,2023/2/8,50,0.790079653
99_sik,2023/2/9,5,0.787216663
99_sik,2023/2/9,10,0.787028968
99_sik,2023/2/9,15,0.786886811
99_sik,2023/2/9,20,0.786721051
99_sik,2023/2/9,30,0.786363125
99_sik,2023/2/9,40,0.785775423
99_sik,2023/2/9,50,0.785071015
99_sik,2023/2/10,5,0.759469271
99_sik,2023/2/10,10,0.759872139
99_sik,2023/2/10,15,0.760253847
99_sik,2023/2/10,20,0.760749459
99_sik,2023/2/10,30,0.762086987
99_sik,2023/2/10,40,0.76288414
99_sik,2023/2/10,50,0.762564957
99_sik,2023/2/11,5,0.731858492
99_sik,2023/2/11,10,0.732546508
99_sik,2023/2/11,15,0.73318851
99_sik,2023/2/11,20,0.734051108
99_sik,2023/2/11,30,0.737388611
99_sik,2023/2/11,40,0.73320514
99_sik,2023/2/11,50,0.717557728
99_sik,2023/2/12,5,0.723185658
99_sik,2023/2/12,10,0.722914934
99_sik,2023/2/12,15,0.722584665
99_sik,2023/2/12,20,0.721958995
99_sik,2023/2/12,30,0.716516912
99_sik,2023/2/12,40,0.682611823
99_sik,2023/2/12,50,0.661111772
99_sik,2023/2/13,5,0.720624685
99_sik,2023/2/13,10,0.718891084
99_sik,2023/2/13,15,0.716625452
99_sik,2023/2/13,20,0.712321818
99_sik,2023/2/13,30,0.688324571
99_sik,2023/2/13,40,0.643944323
99_sik,2023/2/13,50,0.61065948
99_sik,2023/2/14,5,0.699094892
99_sik,2023/2/14,10,0.697287261
99_sik,2023/2/14,15,0.695330083
99_sik,2023/2/14,20,0.691960871
99_sik,2023/2/14,30,0.677790463
99_sik,2023/2/14,40,0.653388023
99_sik,2023/2/14,50,0.627990305
99_sik,2023/2/15,5,0.680786192
99_sik,2023/2/15,10,0.680309713
99_sik,2023/2/15,15,0.67979902
99_sik,2023/2/15,20,0.678973079
99_sik,2023/2/15,30,0.675949931
99_sik,2023/2/15,40,0.670854032
99_sik,2023/2/15,50,0.664843917
99_sik,2023/2/16,5,0.675267756
99_sik,2023/2/16,10,0.675199926
99_sik,2023/2/16,15,0.675145566
99_sik,2023/2/16,20,0.67506063
99_sik,2023/2/16,30,0.674741745
99_sik,2023/2/16,40,0.674152195
99_sik,2023/2/16,50,0.673356175
99_sik,2023/2/17,5,0.676137269
99_sik,2023/2/17,10,0.676454782
99_sik,2023/2/17,15,0.67685926
99_sik,2023/2/17,20,0.677559316
99_sik,2023/2/17,30,0.679826915
99_sik,2023/2/17,40,0.681806803
99_sik,2023/2/17,50,0.682255149
99_sik,2023/2/18,5,0.695814013
99_sik,2023/2/18,10,0.69639039
99_sik,2023/2/18,15,0.69713068
99_sik,2023/2/18,20,0.698291183
99_sik,2023/2/18,30,0.701291502
99_sik,2023/2/18,40,0.702613294
99_sik,2023/2/18,50,0.699244142
99_sik,2023/2/19,5,0.701278448
99_sik,2023/2/19,10,0.701158702
99_sik,2023/2/19,15,0.700857759
99_sik,2023/2/19,20,0.699907303
99_sik,2023/2/19,30,0.694008768
99_sik,2023/2/19,40,0.676012218
99_sik,2023/2/19,50,0.653012097
99_sik,2023/2/20,5,0.680609822
99_sik,2023/2/20,10,0.679671705
99_sik,2023/2/20,15,0.678676903
99_sik,2023/2/20,20,0.677172184
99_sik,2023/2/20,30,0.673081338
99_sik,2023/2/20,40,0.665896297
99_sik,2023/2/20,50,0.65255034
99_sik,2023/2/21,5,0.696088076
99_sik,2023/2/21,10,0.695945382
99_sik,2023/2/21,15,0.695774674
99_sik,2023/2/21,20,0.695416033
99_sik,2023/2/21,30,0.694136381
99_sik,2023/2/21,40,0.691920459
99_sik,2023/2/21,50,0.689112365
99_sik,2023/2/22,5,0.710697234
99_sik,2023/2/22,10,0.710538149
99_sik,2023/2/22,15,0.710368037
99_sik,2023/2/22,20,0.710071087
99_sik,2023/2/22,30,0.709151924
99_sik,2023/2/22,40,0.707997143
99_sik,2023/2/22,50,0.706612051
99_sik,2023/2/23,5,0.708523154
99_sik,2023/2/23,10,0.708747149
99_sik,2023/2/23,15,0.708961487
99_sik,2023/2/23,20,0.709198296
99_sik,2023/2/23,30,0.708937705
99_sik,2023/2/23,40,0.705952764
99_sik,2023/2/23,50,0.697682559
99_sik,2023/2/24,5,0.727541029
99_sik,2023/2/24,10,0.727013648
99_sik,2023/2/24,15,0.726226807
99_sik,2023/2/24,20,0.724453688
99_sik,2023/2/24,30,0.713597059
99_sik,2023/2/24,40,0.680174768
99_sik,2023/2/24,50,0.645221412
99_sik,2023/2/25,5,0.72425586
99_sik,2023/2/25,10,0.722736478
99_sik,2023/2/25,15,0.721075475
99_sik,2023/2/25,20,0.718510926
99_sik,2023/2/25,30,0.711259425
99_sik,2023/2/25,40,0.696836174
99_sik,2023/2/25,50,0.673173368
99_sik,2023/2/26,5,0.731730998
99_sik,2023/2/26,10,0.731243312
99_sik,2023/2/26,15,0.730761588
99_sik,2023/2/26,20,0.730063856
99_sik,2023/2/26,30,0.72823751
99_sik,2023/2/26,40,0.725748837
99_sik,2023/2/26,50,0.722793877
99_sik,2023/2/27,5,0.761312008
99_sik,2023/2/27,10,0.761372447
99_sik,2023/2/27,15,0.761449158
99_sik,2023/2/27,20,0.761560977
99_sik,2023/2/27,30,0.761715531
99_sik,2023/2/27,40,0.761661053
99_sik,2023/2/27,50,0.761461139
99_sik,2023/2/28,5,0.794529676
99_sik,2023/2/28,10,0.794781744
99_sik,2023/2/28,15,0.795068204
99_sik,2023/2/28,20,0.795479596
99_sik,2023/2/28,30,0.796214342
99_sik,2023/2/28,40,0.796025455
99_sik,2023/2/28,50,0.793194711
99_sik,2023/3/1,5,0.83892411
99_sik,2023/3/1,10,0.838595808
99_sik,2023/3/1,15,0.837977409
99_sik,2023/3/1,20,0.836290836
99_sik,2023/3/1,30,0.821881413
99_sik,2023/3/1,40,0.783574402
99_sik,2023/3/1,50,0.75296998
99_sik,2023/3/2,5,0.871279299
99_sik,2023/3/2,10,0.868802071
99_sik,2023/3/2,15,0.86542207
99_sik,2023/3/2,20,0.858907163
99_sik,2023/3/2,30,0.831179142
99_sik,2023/3/2,40,0.783395767
99_sik,2023/3/2,50,0.737405717
99_sik,2023/3/3,5,0.872570634
99_sik,2023/3/3,10,0.870807409
99_sik,2023/3/3,15,0.868628263
99_sik,2023/3/3,20,0.864457965
99_sik,2023/3/3,30,0.849218249
99_sik,2023/3/3,40,0.827235937
99_sik,2023/3/3,50,0.808681965
99_sik,2023/3/4,5,0.888757885
99_sik,2023/3/4,10,0.887997508
99_sik,2023/3/4,15,0.887005389
99_sik,2023/3/4,20,0.885101616
99_sik,2023/3/4,30,0.878206313
99_sik,2023/3/4,40,0.868586242
99_sik,2023/3/4,50,0.860423923
99_sik,2023/3/5,5,0.930474222
99_sik,2023/3/5,10,0.930202425
99_sik,2023/3/5,15,0.92971158
99_sik,2023/3/5,20,0.928512812
99_sik,2023/3/5,30,0.921848774
99_sik,2023/3/5,40,0.906118214
99_sik,2023/3/5,50,0.88851285
99_sik,2023/3/6,5,0.977426946
99_sik,2023/3/6,10,0.976915538
99_sik,2023/3/6,15,0.976019621
99_sik,2023/3/6,20,0.973892331
99_sik,2023/3/6,30,0.961574078
99_sik,2023/3/6,40,0.927590191
99_sik,2023/3/6,50,0.888214767
99_sik,2023/3/7,5,1.03509593
99_sik,2023/3/7,10,1.034029365
99_sik,2023/3/7,15,1.032233834
99_sik,2023/3/7,20,1.027885318
99_sik,2023/3/7,30,0.997179151
99_sik,2023/3/7,40,0.887732148
99_sik,2023/3/7,50,0.810796976
99_sik,2023/3/8,5,1.08846581
99_sik,2023/3/8,10,1.084171534
99_sik,2023/3/8,15,1.078249931
99_sik,2023/3/8,20,1.066267133
99_sik,2023/3/8,30,1.005731463
99_sik,2023/3/8,40,0.871622145
99_sik,2023/3/8,50,0.772037625
99_sik,2023/3/9,5,1.076554179
99_sik,2023/3/9,10,1.073101878
99_sik,2023/3/9,15,1.068467379
99_sik,2023/3/9,20,1.05932188
99_sik,2023/3/9,30,1.01712811
99_sik,2023/3/9,40,0.922147632
99_sik,2023/3/9,50,0.831931829
99_sik,2023/3/10,5,1.09159863
99_sik,2023/3/10,10,1.088605762
99_sik,2023/3/10,15,1.084500909
99_sik,2023/3/10,20,1.076567888
99_sik,2023/3/10,30,1.041373134
99_sik,2023/3/10,40,0.934898257
99_sik,2023/3/10,50,0.834810972
99_sik,2023/3/11,5,1.178479195
99_sik,2023/3/11,10,1.173358798
99_sik,2023/3/11,15,1.165572286
99_sik,2023/3/11,20,1.148488164
99_sik,2023/3/11,30,1.055266142
99_sik,2023/3/11,40,0.87654072
99_sik,2023/3/11,50,0.784486711
99_sik,2023/3/12,5,1.185777068
99_sik,2023/3/12,10,1.180917501
99_sik,2023/3/12,15,1.173612356
99_sik,2023/3/12,20,1.159790397
99_sik,2023/3/12,30,1.10163188
99_sik,2023/3/12,40,0.97644788
99_sik,2023/3/12,50,0.843030393
99_sik,2023/3/13,5,1.113422513
99_sik,2023/3/13,10,1.111020923
99_sik,2023/3/13,15,1.107908607
99_sik,2023/3/13,20,1.102544665
99_sik,2023/3/13,30,1.083655953
99_sik,2023/3/13,40,1.033130288
99_sik,2023/3/13,50,0.955829918
99_sik,2023/3/14,5,1.161648154
99_sik,2023/3/14,10,1.159277201
99_sik,2023/3/14,15,1.155809402
99_sik,2023/3/14,20,1.148199201
99_sik,2023/3/14,30,1.099706292
99_sik,2023/3/14,40,0.997930646
99_sik,2023/3/14,50,0.902074099
99_sik,2023/3/15,5,1.289826155
99_sik,2023/3/15,10,1.283930898
99_sik,2023/3/15,15,1.275631905
99_sik,2023/3/15,20,1.258357286
99_sik,2023/3/15,30,1.17580843
99_sik,2023/3/15,40,0.993355215
99_sik,2023/3/15,50,0.866294265
99_sik,2023/3/16,5,1.313017845
99_sik,2023/3/16,10,1.304729819
99_sik,2023/3/16,15,1.294893503
99_sik,2023/3/16,20,1.278231859
99_sik,2023/3/16,30,1.224053741
99_sik,2023/3/16,40,1.121989846
99_sik,2023/3/16,50,0.9979375
99_sik,2023/3/17,5,1.33012569
99_sik,2023/3/17,10,1.326368451
99_sik,2023/3/17,15,1.32163918
99_sik,2023/3/17,20,1.31341517
99_sik,2023/3/17,30,1.28630662
99_sik,2023/3/17,40,1.230957627
99_sik,2023/3/17,50,1.158891678
99_sik,2023/3/18,5,1.472414136
99_sik,2023/3/18,10,1.469955564
99_sik,2023/3/18,15,1.46642673
99_sik,2023/3/18,20,1.458921432
99_sik,2023/3/18,30,1.416098952
99_sik,2023/3/18,40,1.279655933
99_sik,2023/3/18,50,1.168381214
99_sik,2023/3/19,5,1.663684368
99_sik,2023/3/19,10,1.65929234
99_sik,2023/3/19,15,1.652817607
99_sik,2023/3/19,20,1.638350487
99_sik,2023/3/19,30,1.55096817
99_sik,2023/3/19,40,1.287353158
99_sik,2023/3/19,50,1.107486367
99_sik,2023/3/20,5,1.878384948
99_sik,2023/3/20,10,1.873908043
99_sik,2023/3/20,15,1.864710689
99_sik,2023/3/20,20,1.819181204
99_sik,2023/3/20,30,1.583390832
99_sik,2023/3/20,40,1.244045258
99_sik,2023/3/20,50,1.032843947
99_sik,2023/3/21,5,2.0974648
99_sik,2023/3/21,10,2.099802256
99_sik,2023/3/21,15,2.0944767
99_sik,2023/3/21,20,1.937186241
99_sik,2023/3/21,30,1.457040668
99_sik,2023/3/21,40,1.060531735
99_sik,2023/3/21,50,0.872028649
99_sik,2023/3/22,5,2.275708437
99_sik,2023/3/22,10,2.295111656
99_sik,2023/3/22,15,2.2854321
99_sik,2023/3/22,20,1.980303288
99_sik,2023/3/22,30,1.285453677
99_sik,2023/3/22,40,0.894959807
99_sik,2023/3/22,50,0.740676105
99_sik,2023/3/23,5,2.397843838
99_sik,2023/3/23,10,2.410484791
99_sik,2023/3/23,15,2.353681564
99_sik,2023/3/23,20,1.966139674
99_sik,2023/3/23,30,1.131378174
99_sik,2023/3/23,40,0.762919843
99_sik,2023/3/23,50,0.631285667
99_sik,2023/3/24,5,2.360540867
99_sik,2023/3/24,10,2.351511955
99_sik,2023/3/24,15,2.323360682
99_sik,2023/3/24,20,2.066622734
99_sik,2023/3/24,30,1.033906221
99_sik,2023/3/24,40,0.643854856
99_sik,2023/3/24,50,0.536042988
99_sik,2023/3/25,5,2.319897413
99_sik,2023/3/25,10,2.316783667
99_sik,2023/3/25,15,2.302624226
99_sik,2023/3/25,20,2.11585331
99_sik,2023/3/25,30,0.981669486
99_sik,2023/3/25,40,0.540856898
99_sik,2023/3/25,50,0.451188028
99_sik,2023/3/26,5,2.232683659
99_sik,2023/3/26,10,2.217369318
99_sik,2023/3/26,15,2.175409555
99_sik,2023/3/26,20,1.982632637
99_sik,2023/3/26,30,0.963110447
99_sik,2023/3/26,40,0.480833948
99_sik,2023/3/26,50,0.382032961
99_sik,2023/3/27,5,2.101423025
99_sik,2023/3/27,10,2.092866421
99_sik,2023/3/27,15,2.074158907
99_sik,2023/3/27,20,1.98525238
99_sik,2023/3/27,30,0.983026624
99_sik,2023/3/27,40,0.426681817
99_sik,2023/3/27,50,0.323851138
99_sik,2023/3/28,5,2.026523352
99_sik,2023/3/28,10,2.033410549
99_sik,2023/3/28,15,2.045483351
99_sik,2023/3/28,20,1.980370879
99_sik,2023/3/28,30,0.930463552
99_sik,2023/3/28,40,0.351045519
99_sik,2023/3/28,50,0.276293635
99_sik,2023/3/29,5,1.931842923
99_sik,2023/3/29,10,1.983621597
99_sik,2023/3/29,15,2.058195114
99_sik,2023/3/29,20,1.946421146
99_sik,2023/3/29,30,0.80055809
99_sik,2023/3/29,40,0.293884069
99_sik,2023/3/29,50,0.241398007
99_sik,2023/3/30,5,1.81697607
99_sik,2023/3/30,10,1.887419462
99_sik,2023/3/30,15,2.009740829
99_sik,2023/3/30,20,1.889200211
99_sik,2023/3/30,30,0.678693652
99_sik,2023/3/30,40,0.254007459
99_sik,2023/3/30,50,0.214655265
99_sik,2023/3/31,5,1.698809385
99_sik,2023/3/31,10,1.765748143
99_sik,2023/3/31,15,1.887596846
99_sik,2023/3/31,20,1.840833068
99_sik,2023/3/31,30,0.581373811
99_sik,2023/3/31,40,0.225095645
99_sik,2023/3/31,50,0.193675414
99_sik,2023/4/1,5,1.622691631
99_sik,2023/4/1,10,1.645751357
99_sik,2023/4/1,15,1.695575356
99_sik,2023/4/1,20,1.810401917
99_sik,2023/4/1,30,0.52367276
99_sik,2023/4/1,40,0.206226811
99_sik,2023/4/1,50,0.177472711
99_sik,2023/4/2,5,1.525789142
99_sik,2023/4/2,10,1.560822725
99_sik,2023/4/2,15,1.648046136
99_sik,2023/4/2,20,1.779209733
99_sik,2023/4/2,30,0.482045323
99_sik,2023/4/2,40,0.19387421
99_sik,2023/4/2,50,0.165352255
99_sik,2023/4/3,5,1.370229125
99_sik,2023/4/3,10,1.455558538
99_sik,2023/4/3,15,1.677413106
99_sik,2023/4/3,20,1.814184189
99_sik,2023/4/3,30,0.442299008
99_sik,2023/4/3,40,0.183998048
99_sik,2023/4/3,50,0.156441584
99_sik,2023/4/4,5,1.264067292
99_sik,2023/4/4,10,1.330213428
99_sik,2023/4/4,15,1.5871315
99_sik,2023/4/4,20,1.804127455
99_sik,2023/4/4,30,0.427844673
99_sik,2023/4/4,40,0.175847828
99_sik,2023/4/4,50,0.149411485
99_sik,2023/4/5,5,1.165441871
99_sik,2023/4/5,10,1.246176243
99_sik,2023/4/5,15,1.515745997
99_sik,2023/4/5,20,1.743754745
99_sik,2023/4/5,30,0.405045569
99_sik,2023/4/5,40,0.168066084
99_sik,2023/4/5,50,0.143160775
99_sik,2023/4/6,5,1.068987608
99_sik,2023/4/6,10,1.18590486
99_sik,2023/4/6,15,1.42893827
99_sik,2023/4/6,20,1.585195184
99_sik,2023/4/6,30,0.367490858
99_sik,2023/4/6,40,0.159802586
99_sik,2023/4/6,50,0.136537388
99_sik,2023/4/7,5,1.01288712
99_sik,2023/4/7,10,1.151027679
99_sik,2023/4/7,15,1.323594928
99_sik,2023/4/7,20,1.379543304
99_sik,2023/4/7,30,0.333251655
99_sik,2023/4/7,40,0.150599226
99_sik,2023/4/7,50,0.129545972
99_sik,2023/4/8,5,0.97851342
99_sik,2023/4/8,10,1.130505204
99_sik,2023/4/8,15,1.36370492
99_sik,2023/4/8,20,1.350404263
99_sik,2023/4/8,30,0.320592284
99_sik,2023/4/8,40,0.146935523
99_sik,2023/4/8,50,0.127100781
99_sik,2023/4/9,5,0.990801573
99_sik,2023/4/9,10,1.047428846
99_sik,2023/4/9,15,1.356913209
99_sik,2023/4/9,20,1.447543502
99_sik,2023/4/9,30,0.332990915
99_sik,2023/4/9,40,0.149214357
99_sik,2023/4/9,50,0.128985569
99_sik,2023/4/10,5,0.982868135
99_sik,2023/4/10,10,1.048970699
99_sik,2023/4/10,15,1.329058647
99_sik,2023/4/10,20,1.498431087
99_sik,2023/4/10,30,0.34925127
99_sik,2023/4/10,40,0.151902243
99_sik,2023/4/10,50,0.131622985
99_sik,2023/4/11,5,0.954723299
99_sik,2023/4/11,10,1.042775989
99_sik,2023/4/11,15,1.299274206
99_sik,2023/4/11,20,1.472370625
99_sik,2023/4/11,30,0.357783705
99_sik,2023/4/11,40,0.153171808
99_sik,2023/4/11,50,0.134387866
99_sik,2023/4/12,5,0.96317482
99_sik,2023/4/12,10,1.013976216
99_sik,2023/4/12,15,1.240700006
99_sik,2023/4/12,20,1.440891623
99_sik,2023/4/12,30,0.368118316
99_sik,2023/4/12,40,0.15591535
99_sik,2023/4/12,50,0.137915686
99_sik,2023/4/13,5,0.966214895
99_sik,2023/4/13,10,0.999400973
99_sik,2023/4/13,15,1.201984882
99_sik,2023/4/13,20,1.46649003
99_sik,2023/4/13,30,0.382233679
99_sik,2023/4/13,40,0.160935014
99_sik,2023/4/13,50,0.14264521
99_sik,2023/4/14,5,0.935601592
99_sik,2023/4/14,10,0.986582994
99_sik,2023/4/14,15,1.219536662
99_sik,2023/4/14,20,1.54418242
99_sik,2023/4/14,30,0.399419248
99_sik,2023/4/14,40,0.166798964
99_sik,2023/4/14,50,0.146911532
99_sik,2023/4/15,5,0.91506809
99_sik,2023/4/15,10,0.971328974
99_sik,2023/4/15,15,1.202094436
99_sik,2023/4/15,20,1.60218823
99_sik,2023/4/15,30,0.426754415
99_sik,2023/4/15,40,0.173563644
99_sik,2023/4/15,50,0.149251401
99_sik,2023/4/16,5,0.955751479
99_sik,2023/4/16,10,0.985324025
99_sik,2023/4/16,15,1.107763886
99_sik,2023/4/16,20,1.432888269
99_sik,2023/4/16,30,0.444144696
99_sik,2023/4/16,40,0.175190642
99_sik,2023/4/16,50,0.148053154
99_sik,2023/4/17,5,1.035823226
99_sik,2023/4/17,10,1.039490342
99_sik,2023/4/17,15,1.063261032
99_sik,2023/4/17,20,1.304981709
99_sik,2023/4/17,30,0.495488554
99_sik,2023/4/17,40,0.176262841
99_sik,2023/4/17,50,0.146459699
99_sik,2023/4/18,5,1.064507604
99_sik,2023/4/18,10,1.074944258
99_sik,2023/4/18,15,1.115341902
99_sik,2023/4/18,20,1.378479362
99_sik,2023/4/18,30,0.539721429
99_sik,2023/4/18,40,0.181832686
99_sik,2023/4/18,50,0.148458079
99_sik,2023/4/19,5,1.03269136
99_sik,2023/4/19,10,1.080683112
99_sik,2023/4/19,15,1.175652623
99_sik,2023/4/19,20,1.432786226
99_sik,2023/4/19,30,0.534817219
99_sik,2023/4/19,40,0.186051205
99_sik,2023/4/19,50,0.150838166
99_sik,2023/4/20,5,0.984488487
99_sik,2023/4/20,10,1.044556618
99_sik,2023/4/20,15,1.172627091
99_sik,2023/4/20,20,1.399465084
99_sik,2023/4/20,30,0.512500226
99_sik,2023/4/20,40,0.187986001
99_sik,2023/4/20,50,0.151907995
99_sik,2023/4/21,5,0.981889546
99_sik,2023/4/21,10,0.998170376
99_sik,2023/4/21,15,1.104670405
99_sik,2023/4/21,20,1.37120688
99_sik,2023/4/21,30,0.528339982
99_sik,2023/4/21,40,0.191662028
99_sik,2023/4/21,50,0.154023573
99_sik,2023/4/22,5,0.995342195
99_sik,2023/4/22,10,1.000601888
99_sik,2023/4/22,15,1.056122422
99_sik,2023/4/22,20,1.295274496
99_sik,2023/4/22,30,0.597569406
99_sik,2023/4/22,40,0.202203214
99_sik,2023/4/22,50,0.157976806
99_sik,2023/4/23,5,1.00594306
99_sik,2023/4/23,10,1.009442091
99_sik,2023/4/23,15,1.028413057
99_sik,2023/4/23,20,1.216394901
99_sik,2023/4/23,30,0.669349372
99_sik,2023/4/23,40,0.217335075
99_sik,2023/4/23,50,0.163345799
99_sik,2023/4/24,5,0.999034822
99_sik,2023/4/24,10,1.004119873
99_sik,2023/4/24,15,1.019515991
99_sik,2023/4/24,20,1.164637089
99_sik,2023/4/24,30,0.726928532
99_sik,2023/4/24,40,0.231763467
99_sik,2023/4/24,50,0.169840559
99_sik,2023/4/25,5,0.961292744
99_sik,2023/4/25,10,0.974618435
99_sik,2023/4/25,15,1.005504966
99_sik,2023/4/25,20,1.14794147
99_sik,2023/4/25,30,0.74404037
99_sik,2023/4/25,40,0.2326985
99_sik,2023/4/25,50,0.174414724
99_sik,2023/4/26,5,0.893548429
99_sik,2023/4/26,10,0.917475224
99_sik,2023/4/26,15,0.973800182
99_sik,2023/4/26,20,1.129231811
99_sik,2023/4/26,30,0.705693781
99_sik,2023/4/26,40,0.224226221
99_sik,2023/4/26,50,0.173425376
99_sik,2023/4/27,5,0.852626622
99_sik,2023/4/27,10,0.864535391
99_sik,2023/4/27,15,0.933316112
99_sik,2023/4/27,20,1.13935554
99_sik,2023/4/27,30,0.675330162
99_sik,2023/4/27,40,0.223491818
99_sik,2023/4/27,50,0.174022019
99_sik,2023/4/28,5,0.78593421
99_sik,2023/4/28,10,0.81007427
99_sik,2023/4/28,15,0.906154752
99_sik,2023/4/28,20,1.147814751
99_sik,2023/4/28,30,0.665091574
99_sik,2023/4/28,40,0.229130685
99_sik,2023/4/28,50,0.178070188
99_sik,2023/4/29,5,0.699929714
99_sik,2023/4/29,10,0.742524445
99_sik,2023/4/29,15,0.870131552
99_sik,2023/4/29,20,1.155024052
99_sik,2023/4/29,30,0.649095774
99_sik,2023/4/29,40,0.229626447
99_sik,2023/4/29,50,0.180515096
99_sik,2023/4/30,5,0.626751065
99_sik,2023/4/30,10,0.684527338
99_sik,2023/4/30,15,0.8449651
99_sik,2023/4/30,20,1.158639193
99_sik,2023/4/30,30,0.64988786
99_sik,2023/4/30,40,0.231638148
99_sik,2023/4/30,50,0.183485031
99_sik,2023/5/1,5,0.557885468
99_sik,2023/5/1,10,0.636662722
99_sik,2023/5/1,15,0.831944585
99_sik,2023/5/1,20,1.182517886
99_sik,2023/5/1,30,0.658958197
99_sik,2023/5/1,40,0.238706768
99_sik,2023/5/1,50,0.189486787
99_sik,2023/5/2,5,0.500838101
99_sik,2023/5/2,10,0.586553156
99_sik,2023/5/2,15,0.802466631
99_sik,2023/5/2,20,1.209504008
99_sik,2023/5/2,30,0.67540735
99_sik,2023/5/2,40,0.24922435
99_sik,2023/5/2,50,0.197740301
99_sik,2023/5/3,5,0.458660245
99_sik,2023/5/3,10,0.543051481
99_sik,2023/5/3,15,0.758348882
99_sik,2023/5/3,20,1.196593404
99_sik,2023/5/3,30,0.699211538
99_sik,2023/5/3,40,0.258534491
99_sik,2023/5/3,50,0.205328688
99_sik,2023/5/4,5,0.427203715
99_sik,2023/5/4,10,0.511010885
99_sik,2023/5/4,15,0.718912005
99_sik,2023/5/4,20,1.182673216
99_sik,2023/5/4,30,0.715128779
99_sik,2023/5/4,40,0.265307844
99_sik,2023/5/4,50,0.211376965
99_sik,2023/5/5,5,0.398751915
99_sik,2023/5/5,10,0.473471522
99_sik,2023/5/5,15,0.685805976
99_sik,2023/5/5,20,1.203988433
99_sik,2023/5/5,30,0.712619901
99_sik,2023/5/5,40,0.26987642
99_sik,2023/5/5,50,0.215462282
99_sik,2023/5/6,5,0.371940464
99_sik,2023/5/6,10,0.438953936
99_sik,2023/5/6,15,0.666362405
99_sik,2023/5/6,20,1.222887278
99_sik,2023/5/6,30,0.688307285
99_sik,2023/5/6,40,0.269536912
99_sik,2023/5/6,50,0.215447605
99_sik,2023/5/7,5,0.364071131
99_sik,2023/5/7,10,0.418575376
99_sik,2023/5/7,15,0.658527911
99_sik,2023/5/7,20,1.24758184
99_sik,2023/5/7,30,0.685436785
99_sik,2023/5/7,40,0.273304492
99_sik,2023/5/7,50,0.217629343
99_sik,2023/5/8,5,0.364291668
99_sik,2023/5/8,10,0.405035198
99_sik,2023/5/8,15,0.6426934
99_sik,2023/5/8,20,1.259877801
99_sik,2023/5/8,30,0.701481581
99_sik,2023/5/8,40,0.280268401
99_sik,2023/5/8,50,0.2222213
99_sik,2023/5/9,5,0.355153978
99_sik,2023/5/9,10,0.400039256
99_sik,2023/5/9,15,0.642113864
99_sik,2023/5/9,20,1.275419116
99_sik,2023/5/9,30,0.705341399
99_sik,2023/5/9,40,0.285370529
99_sik,2023/5/9,50,0.225772843
99_sik,2023/5/10,5,0.338230759
99_sik,2023/5/10,10,0.388109356
99_sik,2023/5/10,15,0.641945481
99_sik,2023/5/10,20,1.32015872
99_sik,2023/5/10,30,0.734140158
99_sik,2023/5/10,40,0.298874974
99_sik,2023/5/10,50,0.234500736
99_sik,2023/5/11,5,0.32034567
99_sik,2023/5/11,10,0.374246299
99_sik,2023/5/11,15,0.632213116
99_sik,2023/5/11,20,1.349407792
99_sik,2023/5/11,30,0.806890607
99_sik,2023/5/11,40,0.321443558
99_sik,2023/5/11,50,0.247543886
99_sik,2023/5/12,5,0.306052387
99_sik,2023/5/12,10,0.354456097
99_sik,2023/5/12,15,0.605112255
99_sik,2023/5/12,20,1.33680582
99_sik,2023/5/12,30,0.87665391
99_sik,2023/5/12,40,0.340060055
99_sik,2023/5/12,50,0.257543802
99_sik,2023/5/13,5,0.297967583
99_sik,2023/5/13,10,0.328426301
99_sik,2023/5/13,15,0.567067146
99_sik,2023/5/13,20,1.314560294
99_sik,2023/5/13,30,0.935695648
99_sik,2023/5/13,40,0.354885489
99_sik,2023/5/13,50,0.265670836
99_sik,2023/5/14,5,0.296340257
99_sik,2023/5/14,10,0.314678341
99_sik,2023/5/14,15,0.539540827
99_sik,2023/5/14,20,1.275541663
99_sik,2023/5/14,30,1.018244624
99_sik,2023/5/14,40,0.370230079
99_sik,2023/5/14,50,0.273840517
99_sik,2023/5/15,5,0.299836487
99_sik,2023/5/15,10,0.321420491
99_sik,2023/5/15,15,0.549666703
99_sik,2023/5/15,20,1.254456758
99_sik,2023/5/15,30,1.081307173
99_sik,2023/5/15,40,0.378155798
99_sik,2023/5/15,50,0.27663213
99_sik,2023/5/16,5,0.304396003
99_sik,2023/5/16,10,0.332365334
99_sik,2023/5/16,15,0.5683496
99_sik,2023/5/16,20,1.249425888
99_sik,2023/5/16,30,1.140978694
99_sik,2023/5/16,40,0.387565345
99_sik,2023/5/16,50,0.278964281
99_sik,2023/5/17,5,0.300019562
99_sik,2023/5/17,10,0.32961449
99_sik,2023/5/17,15,0.565623879
99_sik,2023/5/17,20,1.241714716
99_sik,2023/5/17,30,1.240807533
99_sik,2023/5/17,40,0.407069683
99_sik,2023/5/17,50,0.286291271
99_sik,2023/5/18,5,0.288945645
99_sik,2023/5/18,10,0.314165533
99_sik,2023/5/18,15,0.539950013
99_sik,2023/5/18,20,1.221987605
99_sik,2023/5/18,30,1.326921225
99_sik,2023/5/18,40,0.427405536
99_sik,2023/5/18,50,0.294708222
99_sik,2023/5/19,5,0.282229096
99_sik,2023/5/19,10,0.300304204
99_sik,2023/5/19,15,0.513992906
99_sik,2023/5/19,20,1.177556515
99_sik,2023/5/19,30,1.376907706
99_sik,2023/5/19,40,0.443915993
99_sik,2023/5/19,50,0.299948305
99_sik,2023/5/20,5,0.299975157
99_sik,2023/5/20,10,0.320604056
99_sik,2023/5/20,15,0.535929263
99_sik,2023/5/20,20,1.169263721
99_sik,2023/5/20,30,1.449930668
99_sik,2023/5/20,40,0.477022201
99_sik,2023/5/20,50,0.309213907
99_sik,2023/5/21,5,0.308068961
99_sik,2023/5/21,10,0.34535259
99_sik,2023/5/21,15,0.568721056
99_sik,2023/5/21,20,1.157736778
99_sik,2023/5/21,30,1.455928922
99_sik,2023/5/21,40,0.506193042
99_sik,2023/5/21,50,0.318501681
99_sik,2023/5/22,5,0.30357039
99_sik,2023/5/22,10,0.330713183
99_sik,2023/5/22,15,0.541113198
99_sik,2023/5/22,20,1.14109385
99_sik,2023/5/22,30,1.477931142
99_sik,2023/5/22,40,0.517973006
99_sik,2023/5/22,50,0.325094074
99_sik,2023/5/23,5,0.288294673
99_sik,2023/5/23,10,0.307442576
99_sik,2023/5/23,15,0.501948297
99_sik,2023/5/23,20,1.094190359
99_sik,2023/5/23,30,1.589991927
99_sik,2023/5/23,40,0.54484266
99_sik,2023/5/23,50,0.338406265
99_sik,2023/5/24,5,0.273816109
99_sik,2023/5/24,10,0.286962569
99_sik,2023/5/24,15,0.462063313
99_sik,2023/5/24,20,1.0161798
99_sik,2023/5/24,30,1.728426814
99_sik,2023/5/24,40,0.579719841
99_sik,2023/5/24,50,0.353442937
99_sik,2023/5/25,5,0.257804662
99_sik,2023/5/25,10,0.268629342
99_sik,2023/5/25,15,0.417794287
99_sik,2023/5/25,20,0.919375718
99_sik,2023/5/25,30,1.889680743
99_sik,2023/5/25,40,0.610725939
99_sik,2023/5/25,50,0.366385996
99_sik,2023/5/26,5,0.244696185
99_sik,2023/5/26,10,0.253302932
99_sik,2023/5/26,15,0.396042377
99_sik,2023/5/26,20,0.877370715
99_sik,2023/5/26,30,1.935121179
99_sik,2023/5/26,40,0.617807627
99_sik,2023/5/26,50,0.371300846
99_sik,2023/5/27,5,0.234506637
99_sik,2023/5/27,10,0.240076005
99_sik,2023/5/27,15,0.37819162
99_sik,2023/5/27,20,0.83905834
99_sik,2023/5/27,30,1.938679695
99_sik,2023/5/27,40,0.616354108
99_sik,2023/5/27,50,0.372875512
99_sik,2023/5/28,5,0.227970362
99_sik,2023/5/28,10,0.22862263
99_sik,2023/5/28,15,0.358164996
99_sik,2023/5/28,20,0.789975464
99_sik,2023/5/28,30,1.890976071
99_sik,2023/5/28,40,0.611445665
99_sik,2023/5/28,50,0.372308612
99_sik,2023/5/29,5,0.23275736
99_sik,2023/5/29,10,0.223961458
99_sik,2023/5/29,15,0.344138056
99_sik,2023/5/29,20,0.753296614
99_sik,2023/5/29,30,1.862261653
99_sik,2023/5/29,40,0.612546742
99_sik,2023/5/29,50,0.373271286
99_sik,2023/5/30,5,0.237704888
99_sik,2023/5/30,10,0.219130471
99_sik,2023/5/30,15,0.320498407
99_sik,2023/5/30,20,0.69917798
99_sik,2023/5/30,30,1.929640532
99_sik,2023/5/30,40,0.632781386
99_sik,2023/5/30,50,0.380767941
99_sik,2023/5/31,5,0.231118545
99_sik,2023/5/31,10,0.212219179
99_sik,2023/5/31,15,0.301329523
99_sik,2023/5/31,20,0.655023634
99_sik,2023/5/31,30,1.992223024
99_sik,2023/5/31,40,0.654435933
99_sik,2023/5/31,50,0.388299853
99_sik,2023/6/1,5,0.223735988
99_sik,2023/6/1,10,0.201923862
99_sik,2023/6/1,15,0.283073008
99_sik,2023/6/1,20,0.616448283
99_sik,2023/6/1,30,2.044476748
99_sik,2023/6/1,40,0.679453433
99_sik,2023/6/1,50,0.397997379
99_sik,2023/6/2,5,0.217738271
99_sik,2023/6/2,10,0.193566531
99_sik,2023/6/2,15,0.269935668
99_sik,2023/6/2,20,0.596788406
99_sik,2023/6/2,30,2.029367208
99_sik,2023/6/2,40,0.70084995
99_sik,2023/6/2,50,0.408943325
99_sik,2023/6/3,5,0.216741264
99_sik,2023/6/3,10,0.192384437
99_sik,2023/6/3,15,0.263245046
99_sik,2023/6/3,20,0.580312431
99_sik,2023/6/3,30,2.008118153
99_sik,2023/6/3,40,0.715168834
99_sik,2023/6/3,50,0.416560471
99_sik,2023/6/4,5,0.217286006
99_sik,2023/6/4,10,0.195268914
99_sik,2023/6/4,15,0.256935179
99_sik,2023/6/4,20,0.558208287
99_sik,2023/6/4,30,2.037392855
99_sik,2023/6/4,40,0.734085262
99_sik,2023/6/4,50,0.422222972
99_sik,2023/6/5,5,0.215096518
99_sik,2023/6/5,10,0.19486168
99_sik,2023/6/5,15,0.252156883
99_sik,2023/6/5,20,0.547767639
99_sik,2023/6/5,30,2.057063818
99_sik,2023/6/5,40,0.74730432
99_sik,2023/6/5,50,0.424448043
99_sik,2023/6/6,5,0.210057899
99_sik,2023/6/6,10,0.187306359
99_sik,2023/6/6,15,0.244751513
99_sik,2023/6/6,20,0.545831919
99_sik,2023/6/6,30,2.029545069
99_sik,2023/6/6,40,0.754654706
99_sik,2023/6/6,50,0.426494449
99_sik,2023/6/7,5,0.20201546
99_sik,2023/6/7,10,0.179028079
99_sik,2023/6/7,15,0.241109252
99_sik,2023/6/7,20,0.563880086
99_sik,2023/6/7,30,1.961095452
99_sik,2023/6/7,40,0.753143251
99_sik,2023/6/7,50,0.427010447
99_sik,2023/6/8,5,0.206430942
99_sik,2023/6/8,10,0.176786765
99_sik,2023/6/8,15,0.245125383
99_sik,2023/6/8,20,0.592558086
99_sik,2023/6/8,30,1.91574192
99_sik,2023/6/8,40,0.760428011
99_sik,2023/6/8,50,0.431365162
99_sik,2023/6/9,5,0.218812391
99_sik,2023/6/9,10,0.210878372
99_sik,2023/6/9,15,0.304735839
99_sik,2023/6/9,20,0.69942826
99_sik,2023/6/9,30,1.680563688
99_sik,2023/6/9,40,0.782727599
99_sik,2023/6/9,50,0.447777152
99_sik,2023/6/10,5,0.240505591
99_sik,2023/6/10,10,0.255598783
99_sik,2023/6/10,15,0.381188542
99_sik,2023/6/10,20,0.756555855
99_sik,2023/6/10,30,1.465543151
99_sik,2023/6/10,40,0.801123142
99_sik,2023/6/10,50,0.465608001
99_sik,2023/6/11,5,0.25290221
99_sik,2023/6/11,10,0.254350424
99_sik,2023/6/11,15,0.364393651
99_sik,2023/6/11,20,0.70824194
99_sik,2023/6/11,30,1.493095517
99_sik,2023/6/11,40,0.85329628
99_sik,2023/6/11,50,0.493257403
99_sik,2023/6/12,5,0.257606685
99_sik,2023/6/12,10,0.254081696
99_sik,2023/6/12,15,0.353695214
99_sik,2023/6/12,20,0.664529979
99_sik,2023/6/12,30,1.484160185
99_sik,2023/6/12,40,0.933047533
99_sik,2023/6/12,50,0.541473508
99_sik,2023/6/13,5,0.260863721
99_sik,2023/6/13,10,0.253702849
99_sik,2023/6/13,15,0.347590536
99_sik,2023/6/13,20,0.62373668
99_sik,2023/6/13,30,1.412253618
99_sik,2023/6/13,40,0.957521319
99_sik,2023/6/13,50,0.574713349
99_sik,2023/6/14,5,0.261450559
99_sik,2023/6/14,10,0.244752184
99_sik,2023/6/14,15,0.331109583
99_sik,2023/6/14,20,0.573457301
99_sik,2023/6/14,30,1.378617525
99_sik,2023/6/14,40,0.968410134
99_sik,2023/6/14,50,0.59922564
99_sik,2023/6/15,5,0.254344732
99_sik,2023/6/15,10,0.231259704
99_sik,2023/6/15,15,0.306643456
99_sik,2023/6/15,20,0.523967981
99_sik,2023/6/15,30,1.376330256
99_sik,2023/6/15,40,0.994223893
99_sik,2023/6/15,50,0.624576449
99_sik,2023/6/16,5,0.248148173
99_sik,2023/6/16,10,0.218322948
99_sik,2023/6/16,15,0.284197032
99_sik,2023/6/16,20,0.482455373
99_sik,2023/6/16,30,1.402347088
99_sik,2023/6/16,40,1.010998845
99_sik,2023/6/16,50,0.637574792
99_sik,2023/6/17,5,0.238167956
99_sik,2023/6/17,10,0.212113455
99_sik,2023/6/17,15,0.267872214
99_sik,2023/6/17,20,0.46018216
99_sik,2023/6/17,30,1.470909715
99_sik,2023/6/17,40,1.014460564
99_sik,2023/6/17,50,0.633996725
99_sik,2023/6/18,5,0.219368756
99_sik,2023/6/18,10,0.211450711
99_sik,2023/6/18,15,0.257461339
99_sik,2023/6/18,20,0.463841647
99_sik,2023/6/18,30,1.527527452
99_sik,2023/6/18,40,1.007006049
99_sik,2023/6/18,50,0.630530655
99_sik,2023/6/19,5,0.200063244
99_sik,2023/6/19,10,0.204149991
99_sik,2023/6/19,15,0.248655528
99_sik,2023/6/19,20,0.469526798
99_sik,2023/6/19,30,1.572436452
99_sik,2023/6/19,40,0.997095048
99_sik,2023/6/19,50,0.629823685
99_sik,2023/6/20,5,0.186119661
99_sik,2023/6/20,10,0.193876848
99_sik,2023/6/20,15,0.240262374
99_sik,2023/6/20,20,0.456997126
99_sik,2023/6/20,30,1.629960775
99_sik,2023/6/20,40,0.966371357
99_sik,2023/6/20,50,0.625773072
99_sik,2023/6/21,5,0.184319317
99_sik,2023/6/21,10,0.183977708
99_sik,2023/6/21,15,0.22806105
99_sik,2023/6/21,20,0.435857981
99_sik,2023/6/21,30,1.7113204
99_sik,2023/6/21,40,0.917163968
99_sik,2023/6/21,50,0.617012382
99_sik,2023/6/22,5,0.198236004
99_sik,2023/6/22,10,0.180635542
99_sik,2023/6/22,15,0.225810543
99_sik,2023/6/22,20,0.436686665
99_sik,2023/6/22,30,1.724965572
99_sik,2023/6/22,40,0.848998964
99_sik,2023/6/22,50,0.589182019
99_sik,2023/6/23,5,0.213190258
99_sik,2023/6/23,10,0.189666465
99_sik,2023/6/23,15,0.23924768
99_sik,2023/6/23,20,0.442400336
99_sik,2023/6/23,30,1.626110554
99_sik,2023/6/23,40,0.773969352
99_sik,2023/6/23,50,0.551054597
99_sik,2023/6/24,5,0.225943848
99_sik,2023/6/24,10,0.197322354
99_sik,2023/6/24,15,0.254239649
99_sik,2023/6/24,20,0.442465246
99_sik,2023/6/24,30,1.599034548
99_sik,2023/6/24,40,0.736132205
99_sik,2023/6/24,50,0.535175085
99_sik,2023/6/25,5,0.222328112
99_sik,2023/6/25,10,0.197311729
99_sik,2023/6/25,15,0.261755109
99_sik,2023/6/25,20,0.442658991
99_sik,2023/6/25,30,1.63831377
99_sik,2023/6/25,40,0.728627801
99_sik,2023/6/25,50,0.537760139
99_sik,2023/6/26,5,0.216705844
99_sik,2023/6/26,10,0.197215095
99_sik,2023/6/26,15,0.2713117
99_sik,2023/6/26,20,0.447389215
99_sik,2023/6/26,30,1.672451735
99_sik,2023/6/26,40,0.718658626
99_sik,2023/6/26,50,0.537966311
99_sik,2023/6/27,5,0.21649237
99_sik,2023/6/27,10,0.199423298
99_sik,2023/6/27,15,0.282023638
99_sik,2023/6/27,20,0.452098787
99_sik,2023/6/27,30,1.69697988
99_sik,2023/6/27,40,0.702920496
99_sik,2023/6/27,50,0.53164041
99_sik,2023/6/28,5,0.215427577
99_sik,2023/6/28,10,0.202081949
99_sik,2023/6/28,15,0.294937044
99_sik,2023/6/28,20,0.456990898
99_sik,2023/6/28,30,1.676119447
99_sik,2023/6/28,40,0.673974454
99_sik,2023/6/28,50,0.516975343
99_sik,2023/6/29,5,0.210395798
99_sik,2023/6/29,10,0.200916991
99_sik,2023/6/29,15,0.306188762
99_sik,2023/6/29,20,0.467101276
99_sik,2023/6/29,30,1.622314453
99_sik,2023/6/29,40,0.635474265
99_sik,2023/6/29,50,0.497247756
99_sik,2023/6/30,5,0.214331388
99_sik,2023/6/30,10,0.206957415
99_sik,2023/6/30,15,0.314513534
99_sik,2023/6/30,20,0.476924866
99_sik,2023/6/30,30,1.548898578
99_sik,2023/6/30,40,0.597294152
99_sik,2023/6/30,50,0.475192606
99_sik,2023/7/1,5,0.227676123
99_sik,2023/7/1,10,0.211636528
99_sik,2023/7/1,15,0.319877088
99_sik,2023/7/1,20,0.494589716
99_sik,2023/7/1,30,1.527810931
99_sik,2023/7/1,40,0.583257675
99_sik,2023/7/1,50,0.466697514
99_sik,2023/7/2,5,0.224563882
99_sik,2023/7/2,10,0.203875646
99_sik,2023/7/2,15,0.306274414
99_sik,2023/7/2,20,0.500526428
99_sik,2023/7/2,30,1.535227776
99_sik,2023/7/2,40,0.57503742
99_sik,2023/7/2,50,0.465036988
99_sik,2023/7/3,5,0.214493752
99_sik,2023/7/3,10,0.194837049
99_sik,2023/7/3,15,0.297704846
99_sik,2023/7/3,20,0.509689748
99_sik,2023/7/3,30,1.533190846
99_sik,2023/7/3,40,0.558424473
99_sik,2023/7/3,50,0.460957766
99_sik,2023/7/4,5,0.20320031
99_sik,2023/7/4,10,0.185710743
99_sik,2023/7/4,15,0.286987752
99_sik,2023/7/4,20,0.526786089
99_sik,2023/7/4,30,1.573582053
99_sik,2023/7/4,40,0.559642673
99_sik,2023/7/4,50,0.465788215
99_sik,2023/7/5,5,0.208865464
99_sik,2023/7/5,10,0.186492145
99_sik,2023/7/5,15,0.285314262
99_sik,2023/7/5,20,0.552331448
99_sik,2023/7/5,30,1.618421078
99_sik,2023/7/5,40,0.5740031
99_sik,2023/7/5,50,0.472925276
99_sik,2023/7/6,5,0.218050733
99_sik,2023/7/6,10,0.195037857
99_sik,2023/7/6,15,0.29758215
99_sik,2023/7/6,20,0.573270142
99_sik,2023/7/6,30,1.627392173
99_sik,2023/7/6,40,0.581136703
99_sik,2023/7/6,50,0.475196809
99_sik,2023/7/7,5,0.214622483
99_sik,2023/7/7,10,0.193705127
99_sik,2023/7/7,15,0.302034229
99_sik,2023/7/7,20,0.588615894
99_sik,2023/7/7,30,1.633679628
99_sik,2023/7/7,40,0.581755161
99_sik,2023/7/7,50,0.475277722
99_sik,2023/7/8,5,0.203066632
99_sik,2023/7/8,10,0.184306517
99_sik,2023/7/8,15,0.294220805
99_sik,2023/7/8,20,0.598982155
99_sik,2023/7/8,30,1.662715077
99_sik,2023/7/8,40,0.597016156
99_sik,2023/7/8,50,0.479999989
99_sik,2023/7/9,5,0.191617504
99_sik,2023/7/9,10,0.177676812
99_sik,2023/7/9,15,0.285569102
99_sik,2023/7/9,20,0.585828424
99_sik,2023/7/9,30,1.654969573
99_sik,2023/7/9,40,0.599667072
99_sik,2023/7/9,50,0.478814483
99_sik,2023/7/10,5,0.186145723
99_sik,2023/7/10,10,0.173633948
99_sik,2023/7/10,15,0.28036359
99_sik,2023/7/10,20,0.559488356
99_sik,2023/7/10,30,1.61532867
99_sik,2023/7/10,40,0.582673728
99_sik,2023/7/10,50,0.470193475
99_sik,2023/7/11,5,0.183834374
99_sik,2023/7/11,10,0.17224142
99_sik,2023/7/11,15,0.27558127
99_sik,2023/7/11,20,0.536403656
99_sik,2023/7/11,30,1.533646584
99_sik,2023/7/11,40,0.55267334
99_sik,2023/7/11,50,0.456461906
99_sik,2023/7/12,5,0.188468248
99_sik,2023/7/12,10,0.176725075
99_sik,2023/7/12,15,0.281961262
99_sik,2023/7/12,20,0.542097747
99_sik,2023/7/12,30,1.41904664
99_sik,2023/7/12,40,0.518962145
99_sik,2023/7/12,50,0.441031039
99_sik,2023/7/13,5,0.201747
99_sik,2023/7/13,10,0.178974062
99_sik,2023/7/13,15,0.285523146
99_sik,2023/7/13,20,0.569365501
99_sik,2023/7/13,30,1.378138781
99_sik,2023/7/13,40,0.50804311
99_sik,2023/7/13,50,0.442539275
99_sik,2023/7/14,5,0.210723281
99_sik,2023/7/14,10,0.17992416
99_sik,2023/7/14,15,0.282704532
99_sik,2023/7/14,20,0.589709044
99_sik,2023/7/14,30,1.357049823
99_sik,2023/7/14,40,0.508556485
99_sik,2023/7/14,50,0.448780954
99_sik,2023/7/15,5,0.212299854
99_sik,2023/7/15,10,0.18580471
99_sik,2023/7/15,15,0.281236023
99_sik,2023/7/15,20,0.592975676
99_sik,2023/7/15,30,1.242360353
99_sik,2023/7/15,40,0.488872558
99_sik,2023/7/15,50,0.4329862
99_sik,2023/7/16,5,0.220616549
99_sik,2023/7/16,10,0.199247465
99_sik,2023/7/16,15,0.303521574
99_sik,2023/7/16,20,0.618194818
99_sik,2023/7/16,30,1.190714717
99_sik,2023/7/16,40,0.480362654
99_sik,2023/7/16,50,0.424010694
99_sik,2023/7/17,5,0.210017696
99_sik,2023/7/17,10,0.189101353
99_sik,2023/7/17,15,0.302333504
99_sik,2023/7/17,20,0.623580158
99_sik,2023/7/17,30,1.252894163
99_sik,2023/7/17,40,0.492700934
99_sik,2023/7/17,50,0.434251308
99_sik,2023/7/18,5,0.198171556
99_sik,2023/7/18,10,0.177880049
99_sik,2023/7/18,15,0.286521792
99_sik,2023/7/18,20,0.598193824
99_sik,2023/7/18,30,1.340977907
99_sik,2023/7/18,40,0.508037865
99_sik,2023/7/18,50,0.443516761
99_sik,2023/7/19,5,0.194133595
99_sik,2023/7/19,10,0.172727987
99_sik,2023/7/19,15,0.274220705
99_sik,2023/7/19,20,0.584253311
99_sik,2023/7/19,30,1.423311234
99_sik,2023/7/19,40,0.520512581
99_sik,2023/7/19,50,0.447022587
99_sik,2023/7/20,5,0.198659375
99_sik,2023/7/20,10,0.172171801
99_sik,2023/7/20,15,0.272693813
99_sik,2023/7/20,20,0.589106083
99_sik,2023/7/20,30,1.496240854
99_sik,2023/7/20,40,0.530354738
99_sik,2023/7/20,50,0.448517352
99_sik,2023/7/21,5,0.198140055
99_sik,2023/7/21,10,0.174113303
99_sik,2023/7/21,15,0.268644303
99_sik,2023/7/21,20,0.576945186
99_sik,2023/7/21,30,1.61638236
99_sik,2023/7/21,40,0.554357111
99_sik,2023/7/21,50,0.456254065
99_sik,2023/7/22,5,0.199234933
99_sik,2023/7/22,10,0.180374116
99_sik,2023/7/22,15,0.266023189
99_sik,2023/7/22,20,0.550401092
99_sik,2023/7/22,30,1.718065143
99_sik,2023/7/22,40,0.584729373
99_sik,2023/7/22,50,0.458903074
99_sik,2023/7/23,5,0.199074775
99_sik,2023/7/23,10,0.186542585
99_sik,2023/7/23,15,0.263630658
99_sik,2023/7/23,20,0.514159262
99_sik,2023/7/23,30,1.770515203
99_sik,2023/7/23,40,0.602225661
99_sik,2023/7/23,50,0.451070219
99_sik,2023/7/24,5,0.197176069
99_sik,2023/7/24,10,0.186560705
99_sik,2023/7/24,15,0.256429464
99_sik,2023/7/24,20,0.477034718
99_sik,2023/7/24,30,1.792662144
99_sik,2023/7/24,40,0.60002321
99_sik,2023/7/24,50,0.436919928
99_sik,2023/7/25,5,0.195487618
99_sik,2023/7/25,10,0.183438644
99_sik,2023/7/25,15,0.248055056
99_sik,2023/7/25,20,0.452086002
99_sik,2023/7/25,30,1.816722989
99_sik,2023/7/25,40,0.590562761
99_sik,2023/7/25,50,0.423869193
99_sik,2023/7/26,5,0.195359707
99_sik,2023/7/26,10,0.181768551
99_sik,2023/7/26,15,0.242252693
99_sik,2023/7/26,20,0.444516689
99_sik,2023/7/26,30,1.86458981
99_sik,2023/7/26,40,0.584378064
99_sik,2023/7/26,50,0.416905284
99_sik,2023/7/27,5,0.194397122
99_sik,2023/7/27,10,0.182173029
99_sik,2023/7/27,15,0.24295561
99_sik,2023/7/27,20,0.460086495
99_sik,2023/7/27,30,1.890120625
99_sik,2023/7/27,40,0.570166528
99_sik,2023/7/27,50,0.410158068
99_sik,2023/7/28,5,0.195915118
99_sik,2023/7/28,10,0.18535997
99_sik,2023/7/28,15,0.248791218
99_sik,2023/7/28,20,0.493958354
99_sik,2023/7/28,30,1.870837688
99_sik,2023/7/28,40,0.551745653
99_sik,2023/7/28,50,0.403268784
99_sik,2023/7/29,5,0.20288533
99_sik,2023/7/29,10,0.191892311
99_sik,2023/7/29,15,0.261052728
99_sik,2023/7/29,20,0.540296853
99_sik,2023/7/29,30,1.803852558
99_sik,2023/7/29,40,0.532837868
99_sik,2023/7/29,50,0.396011055
99_sik,2023/7/30,5,0.213074625
99_sik,2023/7/30,10,0.201703057
99_sik,2023/7/30,15,0.285677552
99_sik,2023/7/30,20,0.607716858
99_sik,2023/7/30,30,1.61674428
99_sik,2023/7/30,40,0.496487826
99_sik,2023/7/30,50,0.377787322
99_sik,2023/7/31,5,0.222800747
99_sik,2023/7/31,10,0.21463868
99_sik,2023/7/31,15,0.322264493
99_sik,2023/7/31,20,0.696866572
99_sik,2023/7/31,30,1.344537973
99_sik,2023/7/31,40,0.448234797
99_sik,2023/7/31,50,0.350486517
99_sik,2023/8/1,5,0.227280274
99_sik,2023/8/1,10,0.226191297
99_sik,2023/8/1,15,0.360949606
99_sik,2023/8/1,20,0.798354983
99_sik,2023/8/1,30,1.166784167
99_sik,2023/8/1,40,0.422405988
99_sik,2023/8/1,50,0.335406989
99_sik,2023/8/2,5,0.229776666
99_sik,2023/8/2,10,0.236407086
99_sik,2023/8/2,15,0.395571619
99_sik,2023/8/2,20,0.897400737
99_sik,2023/8/2,30,1.079404235
99_sik,2023/8/2,40,0.411924005
99_sik,2023/8/2,50,0.328547627
99_sik,2023/8/3,5,0.228279352
99_sik,2023/8/3,10,0.250303745
99_sik,2023/8/3,15,0.441580564
99_sik,2023/8/3,20,0.995809138
99_sik,2023/8/3,30,1.002344847
99_sik,2023/8/3,40,0.395682245
99_sik,2023/8/3,50,0.318808228
99_sik,2023/8/4,5,0.225457385
99_sik,2023/8/4,10,0.263451308
99_sik,2023/8/4,15,0.493234724
99_sik,2023/8/4,20,1.091131449
99_sik,2023/8/4,30,0.93642509
99_sik,2023/8/4,40,0.378277957
99_sik,2023/8/4,50,0.30815962
99_sik,2023/8/5,5,0.219747931
99_sik,2023/8/5,10,0.27163884
99_sik,2023/8/5,15,0.530145943
99_sik,2023/8/5,20,1.165071845
99_sik,2023/8/5,30,0.888599873
99_sik,2023/8/5,40,0.363552541
99_sik,2023/8/5,50,0.297273189
99_sik,2023/8/6,5,0.217220992
99_sik,2023/8/6,10,0.281531811
99_sik,2023/8/6,15,0.551201761
99_sik,2023/8/6,20,1.16789937
99_sik,2023/8/6,30,0.853703439
99_sik,2023/8/6,40,0.346936882
99_sik,2023/8/6,50,0.284297556
99_sik,2023/8/7,5,0.241641
99_sik,2023/8/7,10,0.316672713
99_sik,2023/8/7,15,0.565235496
99_sik,2023/8/7,20,1.06353569
99_sik,2023/8/7,30,0.85778296
99_sik,2023/8/7,40,0.329737902
99_sik,2023/8/7,50,0.270917177
99_sik,2023/8/8,5,0.283812195
99_sik,2023/8/8,10,0.374110669
99_sik,2023/8/8,15,0.558847547
99_sik,2023/8/8,20,0.9343732
99_sik,2023/8/8,30,0.882117927
99_sik,2023/8/8,40,0.318178117
99_sik,2023/8/8,50,0.260529816
99_sik,2023/8/9,5,0.286374092
99_sik,2023/8/9,10,0.378346652
99_sik,2023/8/9,15,0.558240771
99_sik,2023/8/9,20,0.914089799
99_sik,2023/8/9,30,0.950370729
99_sik,2023/8/9,40,0.332049757
99_sik,2023/8/9,50,0.262218744
99_sik,2023/8/10,5,0.257871211
99_sik,2023/8/10,10,0.339926809
99_sik,2023/8/10,15,0.537028491
99_sik,2023/8/10,20,0.912180901
99_sik,2023/8/10,30,1.099647522
99_sik,2023/8/10,40,0.373839527
99_sik,2023/8/10,50,0.274886221
99_sik,2023/8/11,5,0.234218657
99_sik,2023/8/11,10,0.302428365
99_sik,2023/8/11,15,0.506506562
99_sik,2023/8/11,20,0.892804444
99_sik,2023/8/11,30,1.265924335
99_sik,2023/8/11,40,0.417332381
99_sik,2023/8/11,50,0.288417757
99_sik,2023/8/12,5,0.220243454
99_sik,2023/8/12,10,0.272898257
99_sik,2023/8/12,15,0.469012469
99_sik,2023/8/12,20,0.868890464
99_sik,2023/8/12,30,1.382914186
99_sik,2023/8/12,40,0.440466166
99_sik,2023/8/12,50,0.29482469
99_sik,2023/8/13,5,0.238083646
99_sik,2023/8/13,10,0.2670362
99_sik,2023/8/13,15,0.419838518
99_sik,2023/8/13,20,0.763046801
99_sik,2023/8/13,30,1.398768544
99_sik,2023/8/13,40,0.440625787
99_sik,2023/8/13,50,0.289364666
99_sik,2023/8/14,5,0.297060907
99_sik,2023/8/14,10,0.30063194
99_sik,2023/8/14,15,0.367164731
99_sik,2023/8/14,20,0.595761597
99_sik,2023/8/14,30,1.336295009
99_sik,2023/8/14,40,0.452759296
99_sik,2023/8/14,50,0.28373456
99_sik,2023/8/15,5,0.368496776
99_sik,2023/8/15,10,0.361308426
99_sik,2023/8/15,15,0.336293519
99_sik,2023/8/15,20,0.444064587
99_sik,2023/8/15,30,1.241598248
99_sik,2023/8/15,40,0.561727107
99_sik,2023/8/15,50,0.309707284
99_sik,2023/8/16,5,0.441289574
99_sik,2023/8/16,10,0.4129664
99_sik,2023/8/16,15,0.349050879
99_sik,2023/8/16,20,0.369465262
99_sik,2023/8/16,30,1.130053282
99_sik,2023/8/16,40,0.763615251
99_sik,2023/8/16,50,0.417306036
99_sik,2023/8/17,5,0.45506981
99_sik,2023/8/17,10,0.433508188
99_sik,2023/8/17,15,0.377736419
99_sik,2023/8/17,20,0.353805691
99_sik,2023/8/17,30,1.089284658
99_sik,2023/8/17,40,0.92327565
99_sik,2023/8/17,50,0.554686725
99_sik,2023/8/18,5,0.400308669
99_sik,2023/8/18,10,0.393798351
99_sik,2023/8/18,15,0.389330238
99_sik,2023/8/18,20,0.359208167
99_sik,2023/8/18,30,1.025696635
99_sik,2023/8/18,40,1.007409215
99_sik,2023/8/18,50,0.666169047
99_sik,2023/8/19,5,0.318071157
99_sik,2023/8/19,10,0.317536056
99_sik,2023/8/19,15,0.345325112
99_sik,2023/8/19,20,0.36483708
99_sik,2023/8/19,30,0.949046493
99_sik,2023/8/19,40,0.998682022
99_sik,2023/8/19,50,0.710934877
99_sik,2023/8/20,5,0.24502477
99_sik,2023/8/20,10,0.249681726
99_sik,2023/8/20,15,0.296295822
99_sik,2023/8/20,20,0.362320036
99_sik,2023/8/20,30,0.965384841
99_sik,2023/8/20,40,0.967396379
99_sik,2023/8/20,50,0.699015617
99_sik,2023/8/21,5,0.199260443
99_sik,2023/8/21,10,0.204315081
99_sik,2023/8/21,15,0.25853774
99_sik,2023/8/21,20,0.344423085
99_sik,2023/8/21,30,1.021234751
99_sik,2023/8/21,40,0.94917053
99_sik,2023/8/21,50,0.677739441
99_sik,2023/8/22,5,0.178015605
99_sik,2023/8/22,10,0.178163424
99_sik,2023/8/22,15,0.233274728
99_sik,2023/8/22,20,0.324178338
99_sik,2023/8/22,30,1.058697343
99_sik,2023/8/22,40,0.933220565
99_sik,2023/8/22,50,0.655565262
99_sik,2023/8/23,5,0.164640069
99_sik,2023/8/23,10,0.157357827
99_sik,2023/8/23,15,0.211922437
99_sik,2023/8/23,20,0.306640178
99_sik,2023/8/23,30,1.086360693
99_sik,2023/8/23,40,0.916438937
99_sik,2023/8/23,50,0.644142985
99_sik,2023/8/24,5,0.15349336
99_sik,2023/8/24,10,0.141474232
99_sik,2023/8/24,15,0.194621742
99_sik,2023/8/24,20,0.288438886
99_sik,2023/8/24,30,1.101903081
99_sik,2023/8/24,40,0.90019542
99_sik,2023/8/24,50,0.641279876
99_sik,2023/8/25,5,0.142975882
99_sik,2023/8/25,10,0.131494358
99_sik,2023/8/25,15,0.183712423
99_sik,2023/8/25,20,0.275544167
99_sik,2023/8/25,30,1.113663077
99_sik,2023/8/25,40,0.880724132
99_sik,2023/8/25,50,0.639439523
99_sik,2023/8/26,5,0.138795584
99_sik,2023/8/26,10,0.123790801
99_sik,2023/8/26,15,0.174372002
99_sik,2023/8/26,20,0.27005288
99_sik,2023/8/26,30,1.131676555
99_sik,2023/8/26,40,0.866480947
99_sik,2023/8/26,50,0.642716825
99_sik,2023/8/27,5,0.135672629
99_sik,2023/8/27,10,0.118501499
99_sik,2023/8/27,15,0.166830882
99_sik,2023/8/27,20,0.269034773
99_sik,2023/8/27,30,1.136155844
99_sik,2023/8/27,40,0.850912154
99_sik,2023/8/27,50,0.645244718
99_sik,2023/8/28,5,0.133714259
99_sik,2023/8/28,10,0.116871171
99_sik,2023/8/28,15,0.160795674
99_sik,2023/8/28,20,0.268522292
99_sik,2023/8/28,30,1.135994554
99_sik,2023/8/28,40,0.83172214
99_sik,2023/8/28,50,0.64552623
99_sik,2023/8/29,5,0.142996892
99_sik,2023/8/29,10,0.128480628
99_sik,2023/8/29,15,0.162321597
99_sik,2023/8/29,20,0.267089993
99_sik,2023/8/29,30,1.11824882
99_sik,2023/8/29,40,0.827666223
99_sik,2023/8/29,50,0.634101868
99_sik,2023/8/30,5,0.168336064
99_sik,2023/8/30,10,0.160232499
99_sik,2023/8/30,15,0.190151632
99_sik,2023/8/30,20,0.274154663
99_sik,2023/8/30,30,1.056059003
99_sik,2023/8/30,40,0.87136054
99_sik,2023/8/30,50,0.619160891
99_sik,2023/8/31,5,0.176259533
99_sik,2023/8/31,10,0.174445525
99_sik,2023/8/31,15,0.208732933
99_sik,2023/8/31,20,0.273414314
99_sik,2023/8/31,30,0.993903279
99_sik,2023/8/31,40,0.977981806
99_sik,2023/8/31,50,0.682219028
99_sik,2023/9/1,5,0.154298037
99_sik,2023/9/1,10,0.173500732
99_sik,2023/9/1,15,0.198076561
99_sik,2023/9/1,20,0.254905581
99_sik,2023/9/1,30,0.922976077
99_sik,2023/9/1,40,1.007908344
99_sik,2023/9/1,50,0.750962734
99_sik,2023/9/2,5,0.137923822
99_sik,2023/9/2,10,0.169728652
99_sik,2023/9/2,15,0.18510969
99_sik,2023/9/2,20,0.25916186
99_sik,2023/9/2,30,0.930482388
99_sik,2023/9/2,40,0.970487177
99_sik,2023/9/2,50,0.748546362
99_sik,2023/9/3,5,0.123454645
99_sik,2023/9/3,10,0.155378491
99_sik,2023/9/3,15,0.165830284
99_sik,2023/9/3,20,0.266901642
99_sik,2023/9/3,30,1.000126362
99_sik,2023/9/3,40,0.923818231
99_sik,2023/9/3,50,0.711434662
99_sik,2023/9/4,5,0.116286524
99_sik,2023/9/4,10,0.144546643
99_sik,2023/9/4,15,0.155279785
99_sik,2023/9/4,20,0.26173386
99_sik,2023/9/4,30,1.017008662
99_sik,2023/9/4,40,0.842268586
99_sik,2023/9/4,50,0.65460968
99_sik,2023/9/5,5,0.114913523
99_sik,2023/9/5,10,0.142509073
99_sik,2023/9/5,15,0.151636451
99_sik,2023/9/5,20,0.253191978
99_sik,2023/9/5,30,0.980624616
99_sik,2023/9/5,40,0.743516862
99_sik,2023/9/5,50,0.597688735
99_sik,2023/9/6,5,0.112719357
99_sik,2023/9/6,10,0.137746826
99_sik,2023/9/6,15,0.148524687
99_sik,2023/9/6,20,0.256251067
99_sik,2023/9/6,30,0.97305429
99_sik,2023/9/6,40,0.66429472
99_sik,2023/9/6,50,0.566230774
99_sik,2023/9/7,5,0.109653704
99_sik,2023/9/7,10,0.13075842
99_sik,2023/9/7,15,0.142728403
99_sik,2023/9/7,20,0.247304544
99_sik,2023/9/7,30,1.010049582
99_sik,2023/9/7,40,0.645608008
99_sik,2023/9/7,50,0.572686672
99_sik,2023/9/8,5,0.111609049
99_sik,2023/9/8,10,0.138993934
99_sik,2023/9/8,15,0.139286563
99_sik,2023/9/8,20,0.237788126
99_sik,2023/9/8,30,1.043577194
99_sik,2023/9/8,40,0.666938722
99_sik,2023/9/8,50,0.582879066
99_sik,2023/9/9,5,0.114000596
99_sik,2023/9/9,10,0.149956509
99_sik,2023/9/9,15,0.142033994
99_sik,2023/9/9,20,0.248300493
99_sik,2023/9/9,30,1.042249441
99_sik,2023/9/9,40,0.664456546
99_sik,2023/9/9,50,0.576959968
99_sik,2023/9/10,5,0.11394874
99_sik,2023/9/10,10,0.148343876
99_sik,2023/9/10,15,0.142037719
99_sik,2023/9/10,20,0.248983845
99_sik,2023/9/10,30,1.040348172
99_sik,2023/9/10,40,0.670654833
99_sik,2023/9/10,50,0.574762583
99_sik,2023/9/11,5,0.115051851
99_sik,2023/9/11,10,0.147782043
99_sik,2023/9/11,15,0.146031886
99_sik,2023/9/11,20,0.250599802
99_sik,2023/9/11,30,1.005299926
99_sik,2023/9/11,40,0.66620183
99_sik,2023/9/11,50,0.560299993
99_sik,2023/9/12,5,0.11679735
99_sik,2023/9/12,10,0.151291192
99_sik,2023/9/12,15,0.151401401
99_sik,2023/9/12,20,0.257067114
99_sik,2023/9/12,30,0.94575423
99_sik,2023/9/12,40,0.642164111
99_sik,2023/9/12,50,0.541109622
99_sik,2023/9/13,5,0.114249356
99_sik,2023/9/13,10,0.146149963
99_sik,2023/9/13,15,0.147505403
99_sik,2023/9/13,20,0.25483197
99_sik,2023/9/13,30,0.952650309
99_sik,2023/9/13,40,0.650442719
99_sik,2023/9/13,50,0.548192263
99_sik,2023/9/14,5,0.112015001
99_sik,2023/9/14,10,0.138539284
99_sik,2023/9/14,15,0.142799392
99_sik,2023/9/14,20,0.240934625
99_sik,2023/9/14,30,0.933871865
99_sik,2023/9/14,40,0.640001714
99_sik,2023/9/14,50,0.542151749
99_sik,2023/9/15,5,0.11025691
99_sik,2023/9/15,10,0.136904016
99_sik,2023/9/15,15,0.143943772
99_sik,2023/9/15,20,0.243696049
99_sik,2023/9/15,30,0.929118097
99_sik,2023/9/15,40,0.637086749
99_sik,2023/9/15,50,0.537951827
99_sik,2023/9/16,5,0.106508918
99_sik,2023/9/16,10,0.131136239
99_sik,2023/9/16,15,0.138678923
99_sik,2023/9/16,20,0.239347622
99_sik,2023/9/16,30,0.984009802
99_sik,2023/9/16,40,0.679277182
99_sik,2023/9/16,50,0.557219565
99_sik,2023/9/17,5,0.104820482
99_sik,2023/9/17,10,0.130511552
99_sik,2023/9/17,15,0.13638705
99_sik,2023/9/17,20,0.239683002
99_sik,2023/9/17,30,1.000355244
99_sik,2023/9/17,40,0.695724666
99_sik,2023/9/17,50,0.552562654
99_sik,2023/9/18,5,0.106430642
99_sik,2023/9/18,10,0.133397609
99_sik,2023/9/18,15,0.139774755
99_sik,2023/9/18,20,0.258112788
99_sik,2023/9/18,30,0.992178082
99_sik,2023/9/18,40,0.701444685
99_sik,2023/9/18,50,0.539150834
99_sik,2023/9/19,5,0.111176178
99_sik,2023/9/19,10,0.137459308
99_sik,2023/9/19,15,0.146190867
99_sik,2023/9/19,20,0.286108047
99_sik,2023/9/19,30,0.977847517
99_sik,2023/9/19,40,0.708796859
99_sik,2023/9/19,50,0.523438275
99_sik,2023/9/20,5,0.119265966
99_sik,2023/9/20,10,0.142379016
99_sik,2023/9/20,15,0.155227929
99_sik,2023/9/20,20,0.321390182
99_sik,2023/9/20,30,0.943703055
99_sik,2023/9/20,40,0.703894854
99_sik,2023/9/20,50,0.497866422
99_sik,2023/9/21,5,0.126452595
99_sik,2023/9/21,10,0.149566233
99_sik,2023/9/21,15,0.167451099
99_sik,2023/9/21,20,0.344208926
99_sik,2023/9/21,30,0.8576805
99_sik,2023/9/21,40,0.669574797
99_sik,2023/9/21,50,0.458806813
99_sik,2023/9/22,5,0.134075359
99_sik,2023/9/22,10,0.155410066
99_sik,2023/9/22,15,0.180971652
99_sik,2023/9/22,20,0.361280352
99_sik,2023/9/22,30,0.807907879
99_sik,2023/9/22,40,0.663961828
99_sik,2023/9/22,50,0.441920966
99_sik,2023/9/23,5,0.137907043
99_sik,2023/9/23,10,0.157869592
99_sik,2023/9/23,15,0.184219122
99_sik,2023/9/23,20,0.372693628
99_sik,2023/9/23,30,0.819328487
99_sik,2023/9/23,40,0.699799716
99_sik,2023/9/23,50,0.454827994
99_sik,2023/9/24,5,0.139014125
99_sik,2023/9/24,10,0.160926104
99_sik,2023/9/24,15,0.186801851
99_sik,2023/9/24,20,0.394667298
99_sik,2023/9/24,30,0.837984979
99_sik,2023/9/24,40,0.718816757
99_sik,2023/9/24,50,0.464250326
99_sik,2023/9/25,5,0.141339943
99_sik,2023/9/25,10,0.167879596
99_sik,2023/9/25,15,0.192702979
99_sik,2023/9/25,20,0.399558097
99_sik,2023/9/25,30,0.834679902
99_sik,2023/9/25,40,0.705363214
99_sik,2023/9/25,50,0.466366619
99_sik,2023/9/26,5,0.144714653
99_sik,2023/9/26,10,0.182970524
99_sik,2023/9/26,15,0.206904992
99_sik,2023/9/26,20,0.389230222
99_sik,2023/9/26,30,0.798162937
99_sik,2023/9/26,40,0.674234569
99_sik,2023/9/26,50,0.473404884
99_sik,2023/9/27,5,0.144457892
99_sik,2023/9/27,10,0.1848474
99_sik,2023/9/27,15,0.219838247
99_sik,2023/9/27,20,0.38165009
99_sik,2023/9/27,30,0.785241783
99_sik,2023/9/27,40,0.661585569
99_sik,2023/9/27,50,0.491092682
99_sik,2023/9/28,5,0.146157667
99_sik,2023/9/28,10,0.187954471
99_sik,2023/9/28,15,0.224683136
99_sik,2023/9/28,20,0.364567965
99_sik,2023/9/28,30,0.726982474
99_sik,2023/9/28,40,0.634155571
99_sik,2023/9/28,50,0.488813221
99_sik,2023/9/29,5,0.149680749
99_sik,2023/9/29,10,0.184396952
99_sik,2023/9/29,15,0.228954151
99_sik,2023/9/29,20,0.37347427
99_sik,2023/9/29,30,0.664658129
99_sik,2023/9/29,40,0.638086438
99_sik,2023/9/29,50,0.493032128
99_sik,2023/9/30,5,0.145499319
99_sik,2023/9/30,10,0.176388413
99_sik,2023/9/30,15,0.224384993
99_sik,2023/9/30,20,0.381943554
99_sik,2023/9/30,30,0.656877995
99_sik,2023/9/30,40,0.649401426
99_sik,2023/9/30,50,0.504560828
99_sik,2023/10/1,5,0.150224268
99_sik,2023/10/1,10,0.170852423
99_sik,2023/10/1,15,0.22405377
99_sik,2023/10/1,20,0.39652887
99_sik,2023/10/1,30,0.644471228
99_sik,2023/10/1,40,0.64694351
99_sik,2023/10/1,50,0.507968009
99_sik,2023/10/2,5,0.188734144
99_sik,2023/10/2,10,0.19515194
99_sik,2023/10/2,15,0.239754602
99_sik,2023/10/2,20,0.417524248
99_sik,2023/10/2,30,0.608207762
99_sik,2023/10/2,40,0.664038837
99_sik,2023/10/2,50,0.514198303
99_sik,2023/10/3,5,0.209229872
99_sik,2023/10/3,10,0.223749042
99_sik,2023/10/3,15,0.268823773
99_sik,2023/10/3,20,0.450912625
99_sik,2023/10/3,30,0.574479342
99_sik,2023/10/3,40,0.671723127
99_sik,2023/10/3,50,0.511260808
99_sik,2023/10/4,5,0.203059703
99_sik,2023/10/4,10,0.213714495
99_sik,2023/10/4,15,0.267689854
99_sik,2023/10/4,20,0.494640052
99_sik,2023/10/4,30,0.575156331
99_sik,2023/10/4,40,0.66034174
99_sik,2023/10/4,50,0.49452588
99_sik,2023/10/5,5,0.20902586
99_sik,2023/10/5,10,0.229446381
99_sik,2023/10/5,15,0.299777806
99_sik,2023/10/5,20,0.508242607
99_sik,2023/10/5,30,0.554733276
99_sik,2023/10/5,40,0.632946849
99_sik,2023/10/5,50,0.464071751
99_sik,2023/10/6,5,0.264400661
99_sik,2023/10/6,10,0.306667268
99_sik,2023/10/6,15,0.365288109
99_sik,2023/10/6,20,0.462103665
99_sik,2023/10/6,30,0.521106243
99_sik,2023/10/6,40,0.594637394
99_sik,2023/10/6,50,0.429282308
99_sik,2023/10/7,5,0.302225649
99_sik,2023/10/7,10,0.349001557
99_sik,2023/10/7,15,0.410759628
99_sik,2023/10/7,20,0.476327002
99_sik,2023/10/7,30,0.521160722
99_sik,2023/10/7,40,0.561392725
99_sik,2023/10/7,50,0.406009734
99_sik,2023/10/8,5,0.297772259
99_sik,2023/10/8,10,0.339136869
99_sik,2023/10/8,15,0.422918528
99_sik,2023/10/8,20,0.530625403
99_sik,2023/10/8,30,0.564182997
99_sik,2023/10/8,40,0.548402548
99_sik,2023/10/8,50,0.392583549
99_sik,2023/10/9,5,0.279744744
99_sik,2023/10/9,10,0.298129678
99_sik,2023/10/9,15,0.389588535
99_sik,2023/10/9,20,0.586997807
99_sik,2023/10/9,30,0.606790841
99_sik,2023/10/9,40,0.532064676
99_sik,2023/10/9,50,0.393780529
99_sik,2023/10/10,5,0.265737712
99_sik,2023/10/10,10,0.273181289
99_sik,2023/10/10,15,0.36095646
99_sik,2023/10/10,20,0.611131728
99_sik,2023/10/10,30,0.628880084
99_sik,2023/10/10,40,0.526782274
99_sik,2023/10/10,50,0.403257281
99_sik,2023/10/11,5,0.255792916
99_sik,2023/10/11,10,0.260826617
99_sik,2023/10/11,15,0.348202586
99_sik,2023/10/11,20,0.619687855
99_sik,2023/10/11,30,0.662547231
99_sik,2023/10/11,40,0.536862552
99_sik,2023/10/11,50,0.42129004
99_sik,2023/10/12,5,0.246201783
99_sik,2023/10/12,10,0.254513919
99_sik,2023/10/12,15,0.345103532
99_sik,2023/10/12,20,0.622550547
99_sik,2023/10/12,30,0.698729217
99_sik,2023/10/12,40,0.538911939
99_sik,2023/10/12,50,0.435780287
99_sik,2023/10/13,5,0.236801058
99_sik,2023/10/13,10,0.254114211
99_sik,2023/10/13,15,0.349054188
99_sik,2023/10/13,20,0.623298407
99_sik,2023/10/13,30,0.734975457
99_sik,2023/10/13,40,0.537116587
99_sik,2023/10/13,50,0.442680597
99_sik,2023/10/14,5,0.225371644
99_sik,2023/10/14,10,0.247423589
99_sik,2023/10/14,15,0.347389013
99_sik,2023/10/14,20,0.624032795
99_sik,2023/10/14,30,0.781632781
99_sik,2023/10/14,40,0.545334578
99_sik,2023/10/14,50,0.44961533
99_sik,2023/10/15,5,0.218541235
99_sik,2023/10/15,10,0.236735269
99_sik,2023/10/15,15,0.34257707
99_sik,2023/10/15,20,0.623098373
99_sik,2023/10/15,30,0.815731943
99_sik,2023/10/15,40,0.552973866
99_sik,2023/10/15,50,0.452496946
99_sik,2023/10/16,5,0.239207447
99_sik,2023/10/16,10,0.259639353
99_sik,2023/10/16,15,0.348033965
99_sik,2023/10/16,20,0.570576429
99_sik,2023/10/16,30,0.846914113
99_sik,2023/10/16,40,0.564509869
99_sik,2023/10/16,50,0.447557807
99_sik,2023/10/17,5,0.288986474
99_sik,2023/10/17,10,0.309585303
99_sik,2023/10/17,15,0.370697141
99_sik,2023/10/17,20,0.47408852
99_sik,2023/10/17,30,0.82346189
99_sik,2023/10/17,40,0.594734907
99_sik,2023/10/17,50,0.438324928
99_sik,2023/10/18,5,0.310264409
99_sik,2023/10/18,10,0.332358778
99_sik,2023/10/18,15,0.384718835
99_sik,2023/10/18,20,0.4730784
99_sik,2023/10/18,30,0.756949723
99_sik,2023/10/18,40,0.599683344
99_sik,2023/10/18,50,0.427260041
99_sik,2023/10/19,5,0.300427973
99_sik,2023/10/19,10,0.328697562
99_sik,2023/10/19,15,0.380799115
99_sik,2023/10/19,20,0.461745977
99_sik,2023/10/19,30,0.652990639
99_sik,2023/10/19,40,0.551811576
99_sik,2023/10/19,50,0.400728047
99_sik,2023/10/20,5,0.313622147
99_sik,2023/10/20,10,0.331629664
99_sik,2023/10/20,15,0.366988599
99_sik,2023/10/20,20,0.389223844
99_sik,2023/10/20,30,0.520552993
99_sik,2023/10/20,40,0.500283003
99_sik,2023/10/20,50,0.371166795
99_sik,2023/10/21,5,0.376056731
99_sik,2023/10/21,10,0.377619475
99_sik,2023/10/21,15,0.384491563
99_sik,2023/10/21,20,0.381529003
99_sik,2023/10/21,30,0.450772196
99_sik,2023/10/21,40,0.488478333
99_sik,2023/10/21,50,0.360312521
99_sik,2023/10/22,5,0.434381723
99_sik,2023/10/22,10,0.434853762
99_sik,2023/10/22,15,0.422789276
99_sik,2023/10/22,20,0.406446964
99_sik,2023/10/22,30,0.441024423
99_sik,2023/10/22,40,0.484239638
99_sik,2023/10/22,50,0.354762524
99_sik,2023/10/23,5,0.473502755
99_sik,2023/10/23,10,0.474849135
99_sik,2023/10/23,15,0.461495847
99_sik,2023/10/23,20,0.434418917
99_sik,2023/10/23,30,0.459405422
99_sik,2023/10/23,40,0.478115439
99_sik,2023/10/23,50,0.34935227
99_sik,2023/10/24,5,0.477171749
99_sik,2023/10/24,10,0.483358711
99_sik,2023/10/24,15,0.494431138
99_sik,2023/10/24,20,0.473977953
99_sik,2023/10/24,30,0.489713848
99_sik,2023/10/24,40,0.475575686
99_sik,2023/10/24,50,0.345811397
99_sik,2023/10/25,5,0.44905448
99_sik,2023/10/25,10,0.460568607
99_sik,2023/10/25,15,0.5181337
99_sik,2023/10/25,20,0.527625322
99_sik,2023/10/25,30,0.522706807
99_sik,2023/10/25,40,0.470747054
99_sik,2023/10/25,50,0.347188562
99_sik,2023/10/26,5,0.418111622
99_sik,2023/10/26,10,0.426964402
99_sik,2023/10/26,15,0.518268228
99_sik,2023/10/26,20,0.579786479
99_sik,2023/10/26,30,0.548270643
99_sik,2023/10/26,40,0.464376777
99_sik,2023/10/26,50,0.350805253
99_sik,2023/10/27,5,0.395663828
99_sik,2023/10/27,10,0.402916849
99_sik,2023/10/27,15,0.511282265
99_sik,2023/10/27,20,0.610574782
99_sik,2023/10/27,30,0.555785179
99_sik,2023/10/27,40,0.455612212
99_sik,2023/10/27,50,0.352735847
99_sik,2023/10/28,5,0.383492082
99_sik,2023/10/28,10,0.387997121
99_sik,2023/10/28,15,0.506684363
99_sik,2023/10/28,20,0.639069557
99_sik,2023/10/28,30,0.565520465
99_sik,2023/10/28,40,0.452073663
99_sik,2023/10/28,50,0.363245904
99_sik,2023/10/29,5,0.369639635
99_sik,2023/10/29,10,0.373220801
99_sik,2023/10/29,15,0.503482282
99_sik,2023/10/29,20,0.68533963
99_sik,2023/10/29,30,0.591307759
99_sik,2023/10/29,40,0.449923784
99_sik,2023/10/29,50,0.377336919
99_sik,2023/10/30,5,0.353782058
99_sik,2023/10/30,10,0.358187854
99_sik,2023/10/30,15,0.500487685
99_sik,2023/10/30,20,0.733101428
99_sik,2023/10/30,30,0.620096862
99_sik,2023/10/30,40,0.446202278
99_sik,2023/10/30,50,0.382851094
99_sik,2023/10/31,5,0.34559837
99_sik,2023/10/31,10,0.350858212
99_sik,2023/10/31,15,0.485334396
99_sik,2023/10/31,20,0.768274605
99_sik,2023/10/31,30,0.644796431
99_sik,2023/10/31,40,0.440939486
99_sik,2023/10/31,50,0.382408202
99_sik,2023/11/1,5,0.345487565
99_sik,2023/11/1,10,0.355717778
99_sik,2023/11/1,15,0.469931394
99_sik,2023/11/1,20,0.765500069
99_sik,2023/11/1,30,0.647288382
99_sik,2023/11/1,40,0.428130567
99_sik,2023/11/1,50,0.374042541
99_sik,2023/11/2,5,0.354370922
99_sik,2023/11/2,10,0.361278415
99_sik,2023/11/2,15,0.47050181
99_sik,2023/11/2,20,0.74285531
99_sik,2023/11/2,30,0.644656062
99_sik,2023/11/2,40,0.418201566
99_sik,2023/11/2,50,0.365175366
99_sik,2023/11/3,5,0.370750755
99_sik,2023/11/3,10,0.379103035
99_sik,2023/11/3,15,0.458319366
99_sik,2023/11/3,20,0.719978988
99_sik,2023/11/3,30,0.648992956
99_sik,2023/11/3,40,0.419447154
99_sik,2023/11/3,50,0.360208839
99_sik,2023/11/4,5,0.399246126
99_sik,2023/11/4,10,0.401549906
99_sik,2023/11/4,15,0.442610174
99_sik,2023/11/4,20,0.701854408
99_sik,2023/11/4,30,0.655243933
99_sik,2023/11/4,40,0.432999015
99_sik,2023/11/4,50,0.360585272
99_sik,2023/11/5,5,0.414797604
99_sik,2023/11/5,10,0.416676968
99_sik,2023/11/5,15,0.429551005
99_sik,2023/11/5,20,0.700793684
99_sik,2023/11/5,30,0.654891074
99_sik,2023/11/5,40,0.44277662
99_sik,2023/11/5,50,0.362448663
99_sik,2023/11/6,5,0.418905824
99_sik,2023/11/6,10,0.419269681
99_sik,2023/11/6,15,0.42316851
99_sik,2023/11/6,20,0.641041338
99_sik,2023/11/6,30,0.599928737
99_sik,2023/11/6,40,0.429212004
99_sik,2023/11/6,50,0.35285008
99_sik,2023/11/7,5,0.433505446
99_sik,2023/11/7,10,0.434430242
99_sik,2023/11/7,15,0.436179101
99_sik,2023/11/7,20,0.539274454
99_sik,2023/11/7,30,0.528496563
99_sik,2023/11/7,40,0.418986112
99_sik,2023/11/7,50,0.343823761
99_sik,2023/11/8,5,0.463898569
99_sik,2023/11/8,10,0.463887841
99_sik,2023/11/8,15,0.461546957
99_sik,2023/11/8,20,0.512080908
99_sik,2023/11/8,30,0.496983618
99_sik,2023/11/8,40,0.413590074
99_sik,2023/11/8,50,0.342586279
99_sik,2023/11/9,5,0.487572074
99_sik,2023/11/9,10,0.487610579
99_sik,2023/11/9,15,0.487343192
99_sik,2023/11/9,20,0.52404201
99_sik,2023/11/9,30,0.49372682
99_sik,2023/11/9,40,0.410751849
99_sik,2023/11/9,50,0.339060605
99_sik,2023/11/10,5,0.503283501
99_sik,2023/11/10,10,0.502289832
99_sik,2023/11/10,15,0.499791205
99_sik,2023/11/10,20,0.496419638
99_sik,2023/11/10,30,0.455875784
99_sik,2023/11/10,40,0.403160721
99_sik,2023/11/10,50,0.335350126
99_sik,2023/11/11,5,0.533095896
99_sik,2023/11/11,10,0.532533824
99_sik,2023/11/11,15,0.531579196
99_sik,2023/11/11,20,0.49808979
99_sik,2023/11/11,30,0.444187611
99_sik,2023/11/11,40,0.389708847
99_sik,2023/11/11,50,0.3340244
99_sik,2023/11/12,5,0.601321876
99_sik,2023/11/12,10,0.600652635
99_sik,2023/11/12,15,0.599701703
99_sik,2023/11/12,20,0.57213062
99_sik,2023/11/12,30,0.455361247
99_sik,2023/11/12,40,0.394542038
99_sik,2023/11/12,50,0.33553645
99_sik,2023/11/13,5,0.677483678
99_sik,2023/11/13,10,0.67633146
99_sik,2023/11/13,15,0.674937725
99_sik,2023/11/13,20,0.667735398
99_sik,2023/11/13,30,0.47813186
99_sik,2023/11/13,40,0.39949581
99_sik,2023/11/13,50,0.342344612
99_sik,2023/11/14,5,0.750382423
99_sik,2023/11/14,10,0.748935521
99_sik,2023/11/14,15,0.747370958
99_sik,2023/11/14,20,0.743062437
99_sik,2023/11/14,30,0.499467224
99_sik,2023/11/14,40,0.384247959
99_sik,2023/11/14,50,0.338005513
99_sik,2023/11/15,5,0.815256178
99_sik,2023/11/15,10,0.813506365
99_sik,2023/11/15,15,0.811428785
99_sik,2023/11/15,20,0.805013299
99_sik,2023/11/15,30,0.493888199
99_sik,2023/11/15,40,0.367563307
99_sik,2023/11/15,50,0.331467986
99_sik,2023/11/16,5,0.836191416
99_sik,2023/11/16,10,0.834620357
99_sik,2023/11/16,15,0.831947386
99_sik,2023/11/16,20,0.824180186
99_sik,2023/11/16,30,0.477353513
99_sik,2023/11/16,40,0.35096705
99_sik,2023/11/16,50,0.324292034
99_sik,2023/11/17,5,0.784341693
99_sik,2023/11/17,10,0.781955242
99_sik,2023/11/17,15,0.776494026
99_sik,2023/11/17,20,0.754710317
99_sik,2023/11/17,30,0.507902861
99_sik,2023/11/17,40,0.321239501
99_sik,2023/11/17,50,0.293250203
99_sik,2023/11/18,5,0.753354132
99_sik,2023/11/18,10,0.751372099
99_sik,2023/11/18,15,0.748139501
99_sik,2023/11/18,20,0.729698002
99_sik,2023/11/18,30,0.497077942
99_sik,2023/11/18,40,0.2854909
99_sik,2023/11/18,50,0.264016092
99_sik,2023/11/19,5,0.768845379
99_sik,2023/11/19,10,0.766965806
99_sik,2023/11/19,15,0.764843464
99_sik,2023/11/19,20,0.760539412
99_sik,2023/11/19,30,0.536688626
99_sik,2023/11/19,40,0.271453291
99_sik,2023/11/19,50,0.256783724
99_sik,2023/11/20,5,0.795937538
99_sik,2023/11/20,10,0.794160068
99_sik,2023/11/20,15,0.792224407
99_sik,2023/11/20,20,0.789028764
99_sik,2023/11/20,30,0.698746204
99_sik,2023/11/20,40,0.276297271
99_sik,2023/11/20,50,0.25594604
99_sik,2023/11/21,5,0.857010424
99_sik,2023/11/21,10,0.855212748
99_sik,2023/11/21,15,0.853263915
99_sik,2023/11/21,20,0.850211561
99_sik,2023/11/21,30,0.811944962
99_sik,2023/11/21,40,0.291475475
99_sik,2023/11/21,50,0.254842728
99_sik,2023/11/22,5,0.934292972
99_sik,2023/11/22,10,0.928771257
99_sik,2023/11/22,15,0.920054734
99_sik,2023/11/22,20,0.898238659
99_sik,2023/11/22,30,0.78870225
99_sik,2023/11/22,40,0.289745063
99_sik,2023/11/22,50,0.252429217
99_sik,2023/11/23,5,0.97611028
99_sik,2023/11/23,10,0.966890812
99_sik,2023/11/23,15,0.954702079
99_sik,2023/11/23,20,0.930532932
99_sik,2023/11/23,30,0.697249353
99_sik,2023/11/23,40,0.27916345
99_sik,2023/11/23,50,0.248097062
99_sik,2023/11/24,5,0.91967386
99_sik,2023/11/24,10,0.91666013
99_sik,2023/11/24,15,0.913201571
99_sik,2023/11/24,20,0.907560229
99_sik,2023/11/24,30,0.82701546
99_sik,2023/11/24,40,0.326848775
99_sik,2023/11/24,50,0.251350135
99_sik,2023/11/25,5,0.890039742
99_sik,2023/11/25,10,0.888121486
99_sik,2023/11/25,15,0.885986447
99_sik,2023/11/25,20,0.882709444
99_sik,2023/11/25,30,0.866224825
99_sik,2023/11/25,40,0.44635579
99_sik,2023/11/25,50,0.320289791
99_sik,2023/11/26,5,0.903234363
99_sik,2023/11/26,10,0.901480556
99_sik,2023/11/26,15,0.899594486
99_sik,2023/11/26,20,0.896724939
99_sik,2023/11/26,30,0.885196209
99_sik,2023/11/26,40,0.530354917
99_sik,2023/11/26,50,0.32701385
99_sik,2023/11/27,5,0.914624095
99_sik,2023/11/27,10,0.91310668
99_sik,2023/11/27,15,0.911104202
99_sik,2023/11/27,20,0.907028675
99_sik,2023/11/27,30,0.883358419
99_sik,2023/11/27,40,0.562580824
99_sik,2023/11/27,50,0.31536746
99_sik,2023/11/28,5,0.89941597
99_sik,2023/11/28,10,0.896337152
99_sik,2023/11/28,15,0.892857909
99_sik,2023/11/28,20,0.886888087
99_sik,2023/11/28,30,0.861900389
99_sik,2023/11/28,40,0.689358234
99_sik,2023/11/28,50,0.36454162
99_sik,2023/11/29,5,0.816034794
99_sik,2023/11/29,10,0.813516438
99_sik,2023/11/29,15,0.810782373
99_sik,2023/11/29,20,0.806589365
99_sik,2023/11/29,30,0.794356227
99_sik,2023/11/29,40,0.764656663
99_sik,2023/11/29,50,0.573907077
99_sik,2023/11/30,5,0.80295366
99_sik,2023/11/30,10,0.801361263
99_sik,2023/11/30,15,0.799680233
99_sik,2023/11/30,20,0.797201216
99_sik,2023/11/30,30,0.79056114
99_sik,2023/11/30,40,0.776298821
99_sik,2023/11/30,50,0.704394281
99_sik,2023/12/1,5,0.807376027
99_sik,2023/12/1,10,0.805780649
99_sik,2023/12/1,15,0.804156423
99_sik,2023/12/1,20,0.801818013
99_sik,2023/12/1,30,0.795899391
99_sik,2023/12/1,40,0.78568697
99_sik,2023/12/1,50,0.749962211
99_sik,2023/12/2,5,0.816006362
99_sik,2023/12/2,10,0.815142095
99_sik,2023/12/2,15,0.814306498
99_sik,2023/12/2,20,0.813125551
99_sik,2023/12/2,30,0.809840262
99_sik,2023/12/2,40,0.80082947
99_sik,2023/12/2,50,0.741401911
99_sik,2023/12/3,5,0.841192007
99_sik,2023/12/3,10,0.840623379
99_sik,2023/12/3,15,0.840028107
99_sik,2023/12/3,20,0.839110851
99_sik,2023/12/3,30,0.83481133
99_sik,2023/12/3,40,0.805606365
99_sik,2023/12/3,50,0.695391417
99_sik,2023/12/4,5,0.860889494
99_sik,2023/12/4,10,0.860537827
99_sik,2023/12/4,15,0.860119641
99_sik,2023/12/4,20,0.859358966
99_sik,2023/12/4,30,0.854963064
99_sik,2023/12/4,40,0.795870662
99_sik,2023/12/4,50,0.657233953
99_sik,2023/12/5,5,0.892871082
99_sik,2023/12/5,10,0.892202914
99_sik,2023/12/5,15,0.891252339
99_sik,2023/12/5,20,0.88907218
99_sik,2023/12/5,30,0.86911732
99_sik,2023/12/5,40,0.726420999
99_sik,2023/12/5,50,0.574659348
99_sik,2023/12/6,5,0.903338909
99_sik,2023/12/6,10,0.9019503
99_sik,2023/12/6,15,0.899861157
99_sik,2023/12/6,20,0.894730628
99_sik,2023/12/6,30,0.832081378
99_sik,2023/12/6,40,0.651022792
99_sik,2023/12/6,50,0.498213708
99_sik,2023/12/7,5,0.806288183
99_sik,2023/12/7,10,0.803930342
99_sik,2023/12/7,15,0.800802648
99_sik,2023/12/7,20,0.794724464
99_sik,2023/12/7,30,0.741471946
99_sik,2023/12/7,40,0.639475346
99_sik,2023/12/7,50,0.545122504
99_sik,2023/12/8,5,0.738816679
99_sik,2023/12/8,10,0.736872137
99_sik,2023/12/8,15,0.734711945
99_sik,2023/12/8,20,0.731255472
99_sik,2023/12/8,30,0.719014287
99_sik,2023/12/8,40,0.685472012
99_sik,2023/12/8,50,0.608149469
99_sik,2023/12/9,5,0.746269107
99_sik,2023/12/9,10,0.743807733
99_sik,2023/12/9,15,0.741105556
99_sik,2023/12/9,20,0.736981392
99_sik,2023/12/9,30,0.722233474
99_sik,2023/12/9,40,0.681280434
99_sik,2023/12/9,50,0.622929513
99_sik,2023/12/10,5,0.702640116
99_sik,2023/12/10,10,0.700973213
99_sik,2023/12/10,15,0.699199438
99_sik,2023/12/10,20,0.696605861
99_sik,2023/12/10,30,0.689943731
99_sik,2023/12/10,40,0.67857039
99_sik,2023/12/10,50,0.658598065
99_sik,2023/12/11,5,0.663587749
99_sik,2023/12/11,10,0.662653685
99_sik,2023/12/11,15,0.66172415
99_sik,2023/12/11,20,0.660404384
99_sik,2023/12/11,30,0.657194555
99_sik,2023/12/11,40,0.652830362
99_sik,2023/12/11,50,0.647472799
99_sik,2023/12/12,5,0.631639063
99_sik,2023/12/12,10,0.630883634
99_sik,2023/12/12,15,0.630174279
99_sik,2023/12/12,20,0.629196227
99_sik,2023/12/12,30,0.626861036
99_sik,2023/12/12,40,0.623754025
99_sik,2023/12/12,50,0.620127261
99_sik,2023/12/13,5,0.631772935
99_sik,2023/12/13,10,0.630747616
99_sik,2023/12/13,15,0.629741907
99_sik,2023/12/13,20,0.628378928
99_sik,2023/12/13,30,0.62535578
99_sik,2023/12/13,40,0.621954501
99_sik,2023/12/13,50,0.618574083
99_sik,2023/12/14,5,0.630266428
99_sik,2023/12/14,10,0.629237056
99_sik,2023/12/14,15,0.62825942
99_sik,2023/12/14,20,0.626954317
99_sik,2023/12/14,30,0.624068439
99_sik,2023/12/14,40,0.620869219
99_sik,2023/12/14,50,0.617681026
99_sik,2023/12/15,5,0.595667601
99_sik,2023/12/15,10,0.595693827
99_sik,2023/12/15,15,0.595712483
99_sik,2023/12/15,20,0.595726669
99_sik,2023/12/15,30,0.5956586
99_sik,2023/12/15,40,0.595176101
99_sik,2023/12/15,50,0.594053447
99_sik,2023/12/16,5,0.556481779
99_sik,2023/12/16,10,0.556631088
99_sik,2023/12/16,15,0.556803226
99_sik,2023/12/16,20,0.557129323
99_sik,2023/12/16,30,0.558202982
99_sik,2023/12/16,40,0.55833751
99_sik,2023/12/16,50,0.556251228
99_sik,2023/12/17,5,0.556942463
99_sik,2023/12/17,10,0.556232512
99_sik,2023/12/17,15,0.55553323
99_sik,2023/12/17,20,0.554579377
99_sik,2023/12/17,30,0.552387118
99_sik,2023/12/17,40,0.549776733
99_sik,2023/12/17,50,0.546684444
99_sik,2023/12/18,5,0.594045877
99_sik,2023/12/18,10,0.593218505
99_sik,2023/12/18,15,0.592444718
99_sik,2023/12/18,20,0.591433048
99_sik,2023/12/18,30,0.589286745
99_sik,2023/12/18,40,0.587081134
99_sik,2023/12/18,50,0.585056365
99_sik,2023/12/19,5,0.606491029
99_sik,2023/12/19,10,0.606013954
99_sik,2023/12/19,15,0.605617285
99_sik,2023/12/19,20,0.60512358
99_sik,2023/12/19,30,0.604106784
99_sik,2023/12/19,40,0.602999389
99_sik,2023/12/19,50,0.601871967
99_sik,2023/12/20,5,0.625550151
99_sik,2023/12/20,10,0.625230014
99_sik,2023/12/20,15,0.62499243
99_sik,2023/12/20,20,0.624723375
99_sik,2023/12/20,30,0.624223769
99_sik,2023/12/20,40,0.623636186
99_sik,2023/12/20,50,0.62294668
99_sik,2023/12/21,5,0.671966732
99_sik,2023/12/21,10,0.671524107
99_sik,2023/12/21,15,0.671186805
99_sik,2023/12/21,20,0.670799971
99_sik,2023/12/21,30,0.670104563
99_sik,2023/12/21,40,0.669406176
99_sik,2023/12/21,50,0.668672621
99_sik,2023/12/22,5,0.716745615
99_sik,2023/12/22,10,0.716286778
99_sik,2023/12/22,15,0.715939105
99_sik,2023/12/22,20,0.715549707
99_sik,2023/12/22,30,0.714889288
99_sik,2023/12/22,40,0.714252889
99_sik,2023/12/22,50,0.713582754
99_sik,2023/12/23,5,0.756591797
99_sik,2023/12/23,10,0.756170213
99_sik,2023/12/23,15,0.755862892
99_sik,2023/12/23,20,0.755539298
99_sik,2023/12/23,30,0.755073905
99_sik,2023/12/23,40,0.7546736
99_sik,2023/12/23,50,0.754199505
99_sik,2023/12/24,5,0.777253687
99_sik,2023/12/24,10,0.777496696
99_sik,2023/12/24,15,0.777742624
99_sik,2023/12/24,20,0.77810657
99_sik,2023/12/24,30,0.778988123
99_sik,2023/12/24,40,0.779594958
99_sik,2023/12/24,50,0.779637516
99_sik,2023/12/25,5,0.800601661
99_sik,2023/12/25,10,0.800902188
99_sik,2023/12/25,15,0.80119276
99_sik,2023/12/25,20,0.801718295
99_sik,2023/12/25,30,0.805072069
99_sik,2023/12/25,40,0.811896145
99_sik,2023/12/25,50,0.811391592
99_sik,2023/12/26,5,0.819837034
99_sik,2023/12/26,10,0.819559395
99_sik,2023/12/26,15,0.819312274
99_sik,2023/12/26,20,0.818991542
99_sik,2023/12/26,30,0.818924487
99_sik,2023/12/26,40,0.821581542
99_sik,2023/12/26,50,0.815544844
99_sik,2023/12/27,5,0.818049371
99_sik,2023/12/27,10,0.817383349
99_sik,2023/12/27,15,0.816771686
99_sik,2023/12/27,20,0.815946102
99_sik,2023/12/27,30,0.813967824
99_sik,2023/12/27,40,0.811148465
99_sik,2023/12/27,50,0.807904124
99_sik,2023/12/28,5,0.815619051
99_sik,2023/12/28,10,0.815341234
99_sik,2023/12/28,15,0.815114498
99_sik,2023/12/28,20,0.814837992
99_sik,2023/12/28,30,0.814262748
99_sik,2023/12/28,40,0.813403368
99_sik,2023/12/28,50,0.812177002
99_sik,2023/12/29,5,0.81806004
99_sik,2023/12/29,10,0.818165243
99_sik,2023/12/29,15,0.818311214
99_sik,2023/12/29,20,0.818544447
99_sik,2023/12/29,30,0.819260657
99_sik,2023/12/29,40,0.820064485
99_sik,2023/12/29,50,0.819680929
99_sik,2023/12/30,5,0.824324727
99_sik,2023/12/30,10,0.82477051
99_sik,2023/12/30,15,0.825217962
99_sik,2023/12/30,20,0.825850725
99_sik,2023/12/30,30,0.82785964
99_sik,2023/12/30,40,0.830325305
99_sik,2023/12/30,50,0.83065182
99_sik,2023/12/31,5,0.775052726
99_sik,2023/12/31,10,0.775288641
99_sik,2023/12/31,15,0.775549054
99_sik,2023/12/31,20,0.776073635
99_sik,2023/12/31,30,0.781124413
99_sik,2023/12/31,40,0.791413486
99_sik,2023/12/31,50,0.790336728
99_sik,2024/1/1,5,0.742091894
99_sik,2024/1/1,10,0.742119312
99_sik,2024/1/1,15,0.742142022
99_sik,2024/1/1,20,0.742167234
99_sik,2024/1/1,30,0.743621767
99_sik,2024/1/1,40,0.75131762
99_sik,2024/1/1,50,0.745735347
99_sik,2024/1/2,5,0.750406921
99_sik,2024/1/2,10,0.749980092
99_sik,2024/1/2,15,0.749523103
99_sik,2024/1/2,20,0.748825729
99_sik,2024/1/2,30,0.746387005
99_sik,2024/1/2,40,0.734653056
99_sik,2024/1/2,50,0.727229834
99_sik,2024/1/3,5,0.750622749
99_sik,2024/1/3,10,0.749822021
99_sik,2024/1/3,15,0.748981595
99_sik,2024/1/3,20,0.747726142
99_sik,2024/1/3,30,0.742637634
99_sik,2024/1/3,40,0.724491537
99_sik,2024/1/3,50,0.717401206
99_sik,2024/1/4,5,0.766495764
99_sik,2024/1/4,10,0.765489221
99_sik,2024/1/4,15,0.764442444
99_sik,2024/1/4,20,0.762770534
99_sik,2024/1/4,30,0.74802804
99_sik,2024/1/4,40,0.719897449
99_sik,2024/1/4,50,0.706087232
99_sik,2024/1/5,5,0.744917035
99_sik,2024/1/5,10,0.743614376
99_sik,2024/1/5,15,0.742191315
99_sik,2024/1/5,20,0.739863396
99_sik,2024/1/5,30,0.718449414
99_sik,2024/1/5,40,0.690227926
99_sik,2024/1/5,50,0.677507877
99_sik,2024/1/6,5,0.701847732
99_sik,2024/1/6,10,0.700571001
99_sik,2024/1/6,15,0.699234605
99_sik,2024/1/6,20,0.697225034
99_sik,2024/1/6,30,0.689389706
99_sik,2024/1/6,40,0.666167259
99_sik,2024/1/6,50,0.655552566
99_sik,2024/1/7,5,0.69541651
99_sik,2024/1/7,10,0.694426656
99_sik,2024/1/7,15,0.693393469
99_sik,2024/1/7,20,0.691872478
99_sik,2024/1/7,30,0.687533736
99_sik,2024/1/7,40,0.677304924
99_sik,2024/1/7,50,0.663792014
99_sik,2024/1/8,5,0.691342115
99_sik,2024/1/8,10,0.690630138
99_sik,2024/1/8,15,0.689927638
99_sik,2024/1/8,20,0.688922286
99_sik,2024/1/8,30,0.686375856
99_sik,2024/1/8,40,0.683207214
99_sik,2024/1/8,50,0.679993153
99_sik,2024/1/9,5,0.674609005
99_sik,2024/1/9,10,0.67417717
99_sik,2024/1/9,15,0.673781037
99_sik,2024/1/9,20,0.673214316
99_sik,2024/1/9,30,0.671474516
99_sik,2024/1/9,40,0.668095231
99_sik,2024/1/9,50,0.663071811
99_sik,2024/1/10,5,0.658921301
99_sik,2024/1/10,10,0.658293843
99_sik,2024/1/10,15,0.657652318
99_sik,2024/1/10,20,0.656701922
99_sik,2024/1/10,30,0.654182673
99_sik,2024/1/10,40,0.650731981
99_sik,2024/1/10,50,0.646639585
99_sik,2024/1/11,5,0.661878347
99_sik,2024/1/11,10,0.661597431
99_sik,2024/1/11,15,0.661322713
99_sik,2024/1/11,20,0.660966158
99_sik,2024/1/11,30,0.659761488
99_sik,2024/1/11,40,0.652672946
99_sik,2024/1/11,50,0.645161748
99_sik,2024/1/12,5,0.685902834
99_sik,2024/1/12,10,0.685095847
99_sik,2024/1/12,15,0.68429023
99_sik,2024/1/12,20,0.682858229
99_sik,2024/1/12,30,0.648090184
99_sik,2024/1/12,40,0.630659103
99_sik,2024/1/12,50,0.61819917
99_sik,2024/1/13,5,0.724019825
99_sik,2024/1/13,10,0.722248554
99_sik,2024/1/13,15,0.720428705
99_sik,2024/1/13,20,0.716697812
99_sik,2024/1/13,30,0.630573273
99_sik,2024/1/13,40,0.626943052
99_sik,2024/1/13,50,0.616470218
99_sik,2024/1/14,5,0.715518892
99_sik,2024/1/14,10,0.713383853
99_sik,2024/1/14,15,0.711205125
99_sik,2024/1/14,20,0.706672847
99_sik,2024/1/14,30,0.631331921
99_sik,2024/1/14,40,0.623687387
99_sik,2024/1/14,50,0.613984168
99_sik,2024/1/15,5,0.698975563
99_sik,2024/1/15,10,0.69788599
99_sik,2024/1/15,15,0.696715355
99_sik,2024/1/15,20,0.69445318
99_sik,2024/1/15,30,0.658177793
99_sik,2024/1/15,40,0.636902332
99_sik,2024/1/15,50,0.618112922
99_sik,2024/1/16,5,0.718023777
99_sik,2024/1/16,10,0.717149079
99_sik,2024/1/16,15,0.716201067
99_sik,2024/1/16,20,0.714524209
99_sik,2024/1/16,30,0.671335697
99_sik,2024/1/16,40,0.661377847
99_sik,2024/1/16,50,0.655539036
99_sik,2024/1/17,5,0.738690138
99_sik,2024/1/17,10,0.737725854
99_sik,2024/1/17,15,0.736721516
99_sik,2024/1/17,20,0.734871089
99_sik,2024/1/17,30,0.693152368
99_sik,2024/1/17,40,0.686781049
99_sik,2024/1/17,50,0.682378888
99_sik,2024/1/18,5,0.762982607
99_sik,2024/1/18,10,0.761976302
99_sik,2024/1/18,15,0.760856926
99_sik,2024/1/18,20,0.757248998
99_sik,2024/1/18,30,0.721946776
99_sik,2024/1/18,40,0.717857003
99_sik,2024/1/18,50,0.712104201
99_sik,2024/1/19,5,0.790412366
99_sik,2024/1/19,10,0.789045513
99_sik,2024/1/19,15,0.787413239
99_sik,2024/1/19,20,0.774944603
99_sik,2024/1/19,30,0.753296077
99_sik,2024/1/19,40,0.74710542
99_sik,2024/1/19,50,0.736544251
99_sik,2024/1/20,5,0.798623383
99_sik,2024/1/20,10,0.797483146
99_sik,2024/1/20,15,0.796024621
99_sik,2024/1/20,20,0.783625364
99_sik,2024/1/20,30,0.768644094
99_sik,2024/1/20,40,0.759794116
99_sik,2024/1/20,50,0.721022964
99_sik,2024/1/21,5,0.734842777
99_sik,2024/1/21,10,0.734608471
99_sik,2024/1/21,15,0.734273732
99_sik,2024/1/21,20,0.733481228
99_sik,2024/1/21,30,0.725915611
99_sik,2024/1/21,40,0.69946903
99_sik,2024/1/21,50,0.670439005
99_sik,2024/1/22,5,0.629444897
99_sik,2024/1/22,10,0.629454374
99_sik,2024/1/22,15,0.629286826
99_sik,2024/1/22,20,0.627922654
99_sik,2024/1/22,30,0.618877232
99_sik,2024/1/22,40,0.620987952
99_sik,2024/1/22,50,0.631327808
99_sik,2024/1/23,5,0.631810367
99_sik,2024/1/23,10,0.6312204
99_sik,2024/1/23,15,0.630024135
99_sik,2024/1/23,20,0.621411681
99_sik,2024/1/23,30,0.583775938
99_sik,2024/1/23,40,0.599629164
99_sik,2024/1/23,50,0.613968313
99_sik,2024/1/24,5,0.6683079
99_sik,2024/1/24,10,0.667218029
99_sik,2024/1/24,15,0.665878236
99_sik,2024/1/24,20,0.66177088
99_sik,2024/1/24,30,0.61545378
99_sik,2024/1/24,40,0.606284201
99_sik,2024/1/24,50,0.597611129
99_sik,2024/1/25,5,0.676701009
99_sik,2024/1/25,10,0.675943136
99_sik,2024/1/25,15,0.675125897
99_sik,2024/1/25,20,0.673678875
99_sik,2024/1/25,30,0.638210535
99_sik,2024/1/25,40,0.627752185
99_sik,2024/1/25,50,0.614887357
99_sik,2024/1/26,5,0.701768279
99_sik,2024/1/26,10,0.700846791
99_sik,2024/1/26,15,0.69986999
99_sik,2024/1/26,20,0.698303342
99_sik,2024/1/26,30,0.667008996
99_sik,2024/1/26,40,0.629810154
99_sik,2024/1/26,50,0.621857345
99_sik,2024/1/27,5,0.71419847
99_sik,2024/1/27,10,0.712876558
99_sik,2024/1/27,15,0.711503625
99_sik,2024/1/27,20,0.709419489
99_sik,2024/1/27,30,0.699264228
99_sik,2024/1/27,40,0.679910839
99_sik,2024/1/27,50,0.670670509
99_sik,2024/1/28,5,0.748121202
99_sik,2024/1/28,10,0.747550547
99_sik,2024/1/28,15,0.746996045
99_sik,2024/1/28,20,0.746025562
99_sik,2024/1/28,30,0.741755366
99_sik,2024/1/28,40,0.729799688
99_sik,2024/1/28,50,0.712954104
99_sik,2024/1/29,5,0.797003269
99_sik,2024/1/29,10,0.796255469
99_sik,2024/1/29,15,0.795538068
99_sik,2024/1/29,20,0.794373631
99_sik,2024/1/29,30,0.787875056
99_sik,2024/1/29,40,0.738472879
99_sik,2024/1/29,50,0.702033341
99_sik,2024/1/30,5,0.828785837
99_sik,2024/1/30,10,0.827434123
99_sik,2024/1/30,15,0.826087058
99_sik,2024/1/30,20,0.824118435
99_sik,2024/1/30,30,0.816083491
99_sik,2024/1/30,40,0.723736703
99_sik,2024/1/30,50,0.674233496
99_sik,2024/1/31,5,0.806249619
99_sik,2024/1/31,10,0.804853499
99_sik,2024/1/31,15,0.803370059
99_sik,2024/1/31,20,0.801140189
99_sik,2024/1/31,30,0.790765405
99_sik,2024/1/31,40,0.705770075
99_sik,2024/1/31,50,0.657660544
99_sik,2024/2/1,5,0.749848127
99_sik,2024/2/1,10,0.748741448
99_sik,2024/2/1,15,0.747554481
99_sik,2024/2/1,20,0.745792091
99_sik,2024/2/1,30,0.740836978
99_sik,2024/2/1,40,0.730116487
99_sik,2024/2/1,50,0.708764613
99_sik,2024/2/2,5,0.721701264
99_sik,2024/2/2,10,0.720986485
99_sik,2024/2/2,15,0.720264912
99_sik,2024/2/2,20,0.719245136
99_sik,2024/2/2,30,0.716819346
99_sik,2024/2/2,40,0.713891327
99_sik,2024/2/2,50,0.710875511
99_sik,2024/2/3,5,0.702465832
99_sik,2024/2/3,10,0.70185709
99_sik,2024/2/3,15,0.701300561
99_sik,2024/2/3,20,0.700547814
99_sik,2024/2/3,30,0.698817432
99_sik,2024/2/3,40,0.696987987
99_sik,2024/2/3,50,0.695451796
99_sik,2024/2/4,5,0.693698466
99_sik,2024/2/4,10,0.693238437
99_sik,2024/2/4,15,0.69283098
99_sik,2024/2/4,20,0.69228524
99_sik,2024/2/4,30,0.691043079
99_sik,2024/2/4,40,0.689744949
99_sik,2024/2/4,50,0.688628435
99_sik,2024/2/5,5,0.698377967
99_sik,2024/2/5,10,0.698460519
99_sik,2024/2/5,15,0.698618174
99_sik,2024/2/5,20,0.698899925
99_sik,2024/2/5,30,0.69971782
99_sik,2024/2/5,40,0.698966444
99_sik,2024/2/5,50,0.697293818
99_sik,2024/2/6,5,0.716997683
99_sik,2024/2/6,10,0.717222571
99_sik,2024/2/6,15,0.717525423
99_sik,2024/2/6,20,0.717950106
99_sik,2024/2/6,30,0.71901089
99_sik,2024/2/6,40,0.717724383
99_sik,2024/2/6,50,0.714934468
99_sik,2024/2/7,5,0.732491434
99_sik,2024/2/7,10,0.732447982
99_sik,2024/2/7,15,0.732415199
99_sik,2024/2/7,20,0.732349575
99_sik,2024/2/7,30,0.732195139
99_sik,2024/2/7,40,0.730821669
99_sik,2024/2/7,50,0.728433132
99_sik,2024/2/8,5,0.744867742
99_sik,2024/2/8,10,0.744470179
99_sik,2024/2/8,15,0.744127989
99_sik,2024/2/8,20,0.743673563
99_sik,2024/2/8,30,0.742610276
99_sik,2024/2/8,40,0.741179705
99_sik,2024/2/8,50,0.739593923
99_sik,2024/2/9,5,0.746998787
99_sik,2024/2/9,10,0.746862769
99_sik,2024/2/9,15,0.746734619
99_sik,2024/2/9,20,0.746543169
99_sik,2024/2/9,30,0.745971918
99_sik,2024/2/9,40,0.744722962
99_sik,2024/2/9,50,0.741399825
99_sik,2024/2/10,5,0.752296686
99_sik,2024/2/10,10,0.751676083
99_sik,2024/2/10,15,0.750914156
99_sik,2024/2/10,20,0.749520957
99_sik,2024/2/10,30,0.743835688
99_sik,2024/2/10,40,0.730952621
99_sik,2024/2/10,50,0.706722915
99_sik,2024/2/11,5,0.741681755
99_sik,2024/2/11,10,0.740525007
99_sik,2024/2/11,15,0.739331126
99_sik,2024/2/11,20,0.73756057
99_sik,2024/2/11,30,0.732910275
99_sik,2024/2/11,40,0.724908888
99_sik,2024/2/11,50,0.708428264
99_sik,2024/2/12,5,0.739724874
99_sik,2024/2/12,10,0.739422441
99_sik,2024/2/12,15,0.739202201
99_sik,2024/2/12,20,0.738946199
99_sik,2024/2/12,30,0.738406241
99_sik,2024/2/12,40,0.737454951
99_sik,2024/2/12,50,0.735589445
99_sik,2024/2/13,5,0.746077776
99_sik,2024/2/13,10,0.745937765
99_sik,2024/2/13,15,0.745883405
99_sik,2024/2/13,20,0.745862186
99_sik,2024/2/13,30,0.745810091
99_sik,2024/2/13,40,0.745483875
99_sik,2024/2/13,50,0.743954897
99_sik,2024/2/14,5,0.7580176
99_sik,2024/2/14,10,0.757565975
99_sik,2024/2/14,15,0.757086694
99_sik,2024/2/14,20,0.756257057
99_sik,2024/2/14,30,0.751989782
99_sik,2024/2/14,40,0.735949159
99_sik,2024/2/14,50,0.709948421
99_sik,2024/2/15,5,0.7353369
99_sik,2024/2/15,10,0.734296143
99_sik,2024/2/15,15,0.733186543
99_sik,2024/2/15,20,0.731478512
99_sik,2024/2/15,30,0.725282311
99_sik,2024/2/15,40,0.710708499
99_sik,2024/2/15,50,0.682855487
99_sik,2024/2/16,5,0.697401345
99_sik,2024/2/16,10,0.69674474
99_sik,2024/2/16,15,0.696100295
99_sik,2024/2/16,20,0.695176244
99_sik,2024/2/16,30,0.692737579
99_sik,2024/2/16,40,0.689264596
99_sik,2024/2/16,50,0.684419096
99_sik,2024/2/17,5,0.694746435
99_sik,2024/2/17,10,0.694729149
99_sik,2024/2/17,15,0.694676459
99_sik,2024/2/17,20,0.694467545
99_sik,2024/2/17,30,0.692839265
99_sik,2024/2/17,40,0.685063064
99_sik,2024/2/17,50,0.667238533
99_sik,2024/2/18,5,0.701127529
99_sik,2024/2/18,10,0.700531065
99_sik,2024/2/18,15,0.699546218
99_sik,2024/2/18,20,0.696840107
99_sik,2024/2/18,30,0.677016854
99_sik,2024/2/18,40,0.642430305
99_sik,2024/2/18,50,0.61575979
99_sik,2024/2/19,5,0.701724887
99_sik,2024/2/19,10,0.696106911
99_sik,2024/2/19,15,0.689322233
99_sik,2024/2/19,20,0.676948309
99_sik,2024/2/19,30,0.632515252
99_sik,2024/2/19,40,0.590465307
99_sik,2024/2/19,50,0.560157537
99_sik,2024/2/20,5,0.651950419
99_sik,2024/2/20,10,0.650298655
99_sik,2024/2/20,15,0.648559034
99_sik,2024/2/20,20,0.646006286
99_sik,2024/2/20,30,0.638081372
99_sik,2024/2/20,40,0.612662613
99_sik,2024/2/20,50,0.574549615
99_sik,2024/2/21,5,0.628145933
99_sik,2024/2/21,10,0.627269804
99_sik,2024/2/21,15,0.626415014
99_sik,2024/2/21,20,0.625189781
99_sik,2024/2/21,30,0.621957183
99_sik,2024/2/21,40,0.617087901
99_sik,2024/2/21,50,0.610792339
99_sik,2024/2/22,5,0.616426647
99_sik,2024/2/22,10,0.616102159
99_sik,2024/2/22,15,0.615836203
99_sik,2024/2/22,20,0.61549294
99_sik,2024/2/22,30,0.614708841
99_sik,2024/2/22,40,0.613668561
99_sik,2024/2/22,50,0.612425864
99_sik,2024/2/23,5,0.617986619
99_sik,2024/2/23,10,0.618042529
99_sik,2024/2/23,15,0.618109882
99_sik,2024/2/23,20,0.618209302
99_sik,2024/2/23,30,0.618428767
99_sik,2024/2/23,40,0.618360698
99_sik,2024/2/23,50,0.617985189
99_sik,2024/2/24,5,0.623817563
99_sik,2024/2/24,10,0.623972356
99_sik,2024/2/24,15,0.624129951
99_sik,2024/2/24,20,0.62435174
99_sik,2024/2/24,30,0.624901295
99_sik,2024/2/24,40,0.625132442
99_sik,2024/2/24,50,0.624968827
99_sik,2024/2/25,5,0.622934878
99_sik,2024/2/25,10,0.623167574
99_sik,2024/2/25,15,0.623437226
99_sik,2024/2/25,20,0.62392664
99_sik,2024/2/25,30,0.625415146
99_sik,2024/2/25,40,0.626102746
99_sik,2024/2/25,50,0.626069009
99_sik,2024/2/26,5,0.603532314
99_sik,2024/2/26,10,0.603818953
99_sik,2024/2/26,15,0.604214609
99_sik,2024/2/26,20,0.60486263
99_sik,2024/2/26,30,0.60653919
99_sik,2024/2/26,40,0.606275141
99_sik,2024/2/26,50,0.605099261
99_sik,2024/2/27,5,0.601289809
99_sik,2024/2/27,10,0.601260126
99_sik,2024/2/27,15,0.601256013
99_sik,2024/2/27,20,0.601229429
99_sik,2024/2/27,30,0.600879014
99_sik,2024/2/27,40,0.599541068
99_sik,2024/2/27,50,0.597679913
99_sik,2024/2/28,5,0.63252449
99_sik,2024/2/28,10,0.632364988
99_sik,2024/2/28,15,0.632231414
99_sik,2024/2/28,20,0.632042229
99_sik,2024/2/28,30,0.6314165
99_sik,2024/2/28,40,0.630202293
99_sik,2024/2/28,50,0.628570735
99_sik,2024/2/29,5,0.668594956
99_sik,2024/2/29,10,0.668631077
99_sik,2024/2/29,15,0.668671727
99_sik,2024/2/29,20,0.668667614
99_sik,2024/2/29,30,0.667857885
99_sik,2024/2/29,40,0.665136933
99_sik,2024/2/29,50,0.66108799
99_sik,2024/3/1,5,0.657714784
99_sik,2024/3/1,10,0.657486022
99_sik,2024/3/1,15,0.657212436
99_sik,2024/3/1,20,0.656722307
99_sik,2024/3/1,30,0.655109346
99_sik,2024/3/1,40,0.652400553
99_sik,2024/3/1,50,0.648101449
99_sik,2024/3/2,5,0.653491855
99_sik,2024/3/2,10,0.653104484
99_sik,2024/3/2,15,0.652742267
99_sik,2024/3/2,20,0.652263582
99_sik,2024/3/2,30,0.651199281
99_sik,2024/3/2,40,0.64978683
99_sik,2024/3/2,50,0.647314548
99_sik,2024/3/3,5,0.691606581
99_sik,2024/3/3,10,0.691176236
99_sik,2024/3/3,15,0.690749168
99_sik,2024/3/3,20,0.69005692
99_sik,2024/3/3,30,0.688160002
99_sik,2024/3/3,40,0.68555975
99_sik,2024/3/3,50,0.681260109
99_sik,2024/3/4,5,0.731550336
99_sik,2024/3/4,10,0.730920553
99_sik,2024/3/4,15,0.730311096
99_sik,2024/3/4,20,0.729428351
99_sik,2024/3/4,30,0.727235138
99_sik,2024/3/4,40,0.724222481
99_sik,2024/3/4,50,0.719358444
99_sik,2024/3/5,5,0.780461788
99_sik,2024/3/5,10,0.780225873
99_sik,2024/3/5,15,0.77996546
99_sik,2024/3/5,20,0.779480815
99_sik,2024/3/5,30,0.777686119
99_sik,2024/3/5,40,0.774322808
99_sik,2024/3/5,50,0.767435253
99_sik,2024/3/6,5,0.845557749
99_sik,2024/3/6,10,0.844661474
99_sik,2024/3/6,15,0.843450725
99_sik,2024/3/6,20,0.840971112
99_sik,2024/3/6,30,0.828958213
99_sik,2024/3/6,40,0.801702082
99_sik,2024/3/6,50,0.766891301
99_sik,2024/3/7,5,0.901138425
99_sik,2024/3/7,10,0.898870766
99_sik,2024/3/7,15,0.895816505
99_sik,2024/3/7,20,0.890172482
99_sik,2024/3/7,30,0.868539631
99_sik,2024/3/7,40,0.832834244
99_sik,2024/3/7,50,0.787969708
99_sik,2024/3/8,5,0.956230581
99_sik,2024/3/8,10,0.953932643
99_sik,2024/3/8,15,0.950706303
99_sik,2024/3/8,20,0.944003165
99_sik,2024/3/8,30,0.912066281
99_sik,2024/3/8,40,0.855943501
99_sik,2024/3/8,50,0.799401283
99_sik,2024/3/9,5,1.00571692
99_sik,2024/3/9,10,1.001780868
99_sik,2024/3/9,15,0.99633944
99_sik,2024/3/9,20,0.985493064
99_sik,2024/3/9,30,0.941573441
99_sik,2024/3/9,40,0.872862101
99_sik,2024/3/9,50,0.806962967
99_sik,2024/3/10,5,1.02036953
99_sik,2024/3/10,10,1.017437696
99_sik,2024/3/10,15,1.013369441
99_sik,2024/3/10,20,1.0057652
99_sik,2024/3/10,30,0.977917671
99_sik,2024/3/10,40,0.927854002
99_sik,2024/3/10,50,0.868796468
99_sik,2024/3/11,5,1.078804255
99_sik,2024/3/11,10,1.076619625
99_sik,2024/3/11,15,1.072373986
99_sik,2024/3/11,20,1.059263229
99_sik,2024/3/11,30,0.984561384
99_sik,2024/3/11,40,0.888114154
99_sik,2024/3/11,50,0.824702203
99_sik,2024/3/12,5,1.145054698
99_sik,2024/3/12,10,1.136211753
99_sik,2024/3/12,15,1.123611689
99_sik,2024/3/12,20,1.095549107
99_sik,2024/3/12,30,0.938708186
99_sik,2024/3/12,40,0.800759733
99_sik,2024/3/12,50,0.733737409
99_sik,2024/3/13,5,1.043282986
99_sik,2024/3/13,10,1.036643147
99_sik,2024/3/13,15,1.029466271
99_sik,2024/3/13,20,1.018336654
99_sik,2024/3/13,30,0.973170578
99_sik,2024/3/13,40,0.9037745
99_sik,2024/3/13,50,0.837834299
99_sik,2024/3/14,5,1.067672729
99_sik,2024/3/14,10,1.065587521
99_sik,2024/3/14,15,1.062811852
99_sik,2024/3/14,20,1.056784391
99_sik,2024/3/14,30,1.009167194
99_sik,2024/3/14,40,0.926902354
99_sik,2024/3/14,50,0.861902356
99_sik,2024/3/15,5,1.159274936
99_sik,2024/3/15,10,1.154852152
99_sik,2024/3/15,15,1.147087097
99_sik,2024/3/15,20,1.126747012
99_sik,2024/3/15,30,1.002167702
99_sik,2024/3/15,40,0.851670444
99_sik,2024/3/15,50,0.77405256
99_sik,2024/3/16,5,1.192112565
99_sik,2024/3/16,10,1.184382319
99_sik,2024/3/16,15,1.172958016
99_sik,2024/3/16,20,1.149875045
99_sik,2024/3/16,30,1.046390176
99_sik,2024/3/16,40,0.879096925
99_sik,2024/3/16,50,0.759939551
99_sik,2024/3/17,5,1.120630503
99_sik,2024/3/17,10,1.114983678
99_sik,2024/3/17,15,1.107066274
99_sik,2024/3/17,20,1.093111277
99_sik,2024/3/17,30,1.047540426
99_sik,2024/3/17,40,0.984086037
99_sik,2024/3/17,50,0.91311115
99_sik,2024/3/18,5,1.05842793
99_sik,2024/3/18,10,1.057531118
99_sik,2024/3/18,15,1.056435823
99_sik,2024/3/18,20,1.054651737
99_sik,2024/3/18,30,1.049468398
99_sik,2024/3/18,40,1.041068077
99_sik,2024/3/18,50,1.029325724
99_sik,2024/3/19,5,1.135846615
99_sik,2024/3/19,10,1.135664105
99_sik,2024/3/19,15,1.135411024
99_sik,2024/3/19,20,1.134856224
99_sik,2024/3/19,30,1.132731676
99_sik,2024/3/19,40,1.129045606
99_sik,2024/3/19,50,1.122188687
99_sik,2024/3/20,5,1.255145907
99_sik,2024/3/20,10,1.254351497
99_sik,2024/3/20,15,1.253168106
99_sik,2024/3/20,20,1.250533938
99_sik,2024/3/20,30,1.236591697
99_sik,2024/3/20,40,1.190686822
99_sik,2024/3/20,50,1.139262557
99_sik,2024/3/21,5,1.384229183
99_sik,2024/3/21,10,1.381603599
99_sik,2024/3/21,15,1.377495885
99_sik,2024/3/21,20,1.368328571
99_sik,2024/3/21,30,1.31952858
99_sik,2024/3/21,40,1.20102787
99_sik,2024/3/21,50,1.094483972
99_sik,2024/3/22,5,1.517112732
99_sik,2024/3/22,10,1.513239622
99_sik,2024/3/22,15,1.506925225
99_sik,2024/3/22,20,1.491961718
99_sik,2024/3/22,30,1.389024615
99_sik,2024/3/22,40,1.175556779
99_sik,2024/3/22,50,1.034126401
99_sik,2024/3/23,5,1.66618526
99_sik,2024/3/23,10,1.659990907
99_sik,2024/3/23,15,1.648848414
99_sik,2024/3/23,20,1.611226559
99_sik,2024/3/23,30,1.351582766
99_sik,2024/3/23,40,1.053503871
99_sik,2024/3/23,50,0.903342724
99_sik,2024/3/24,5,1.77086401
99_sik,2024/3/24,10,1.760154486
99_sik,2024/3/24,15,1.739254236
99_sik,2024/3/24,20,1.680144548
99_sik,2024/3/24,30,1.323109865
99_sik,2024/3/24,40,0.936051488
99_sik,2024/3/24,50,0.783545732
99_sik,2024/3/25,5,1.763811469
99_sik,2024/3/25,10,1.752390623
99_sik,2024/3/25,15,1.732745767
99_sik,2024/3/25,20,1.688437462
99_sik,2024/3/25,30,1.43302989
99_sik,2024/3/25,40,0.991131961
99_sik,2024/3/25,50,0.805588305
99_sik,2024/3/26,5,1.805808306
99_sik,2024/3/26,10,1.796947598
99_sik,2024/3/26,15,1.78130281
99_sik,2024/3/26,20,1.736348987
99_sik,2024/3/26,30,1.454002738
99_sik,2024/3/26,40,1.016380668
99_sik,2024/3/26,50,0.800388098
99_sik,2024/3/27,5,1.874987245
99_sik,2024/3/27,10,1.866117835
99_sik,2024/3/27,15,1.850088358
99_sik,2024/3/27,20,1.798875093
99_sik,2024/3/27,30,1.416226387
99_sik,2024/3/27,40,0.979518771
99_sik,2024/3/27,50,0.733261883
99_sik,2024/3/28,5,1.892648935
99_sik,2024/3/28,10,1.880113006
99_sik,2024/3/28,15,1.858977199
99_sik,2024/3/28,20,1.792483211
99_sik,2024/3/28,30,1.373812556
99_sik,2024/3/28,40,0.978245378
99_sik,2024/3/28,50,0.742858648
99_sik,2024/3/29,5,1.846353769
99_sik,2024/3/29,10,1.829022765
99_sik,2024/3/29,15,1.781051278
99_sik,2024/3/29,20,1.651494145
99_sik,2024/3/29,30,1.210317254
99_sik,2024/3/29,40,0.920905828
99_sik,2024/3/29,50,0.756903112
99_sik,2024/3/30,5,1.712231517
99_sik,2024/3/30,10,1.705059171
99_sik,2024/3/30,15,1.666998625
99_sik,2024/3/30,20,1.539665461
99_sik,2024/3/30,30,1.114701986
99_sik,2024/3/30,40,0.934123039
99_sik,2024/3/30,50,0.813394785
99_sik,2024/3/31,5,1.635952711
99_sik,2024/3/31,10,1.632877469
99_sik,2024/3/31,15,1.623411655
99_sik,2024/3/31,20,1.578108668
99_sik,2024/3/31,30,1.153134227
99_sik,2024/3/31,40,0.965381801
99_sik,2024/3/31,50,0.867754221
99_sik,2024/4/1,5,1.663493872
99_sik,2024/4/1,10,1.660463452
99_sik,2024/4/1,15,1.653613806
99_sik,2024/4/1,20,1.631276608
99_sik,2024/4/1,30,1.325726509
99_sik,2024/4/1,40,1.007428646
99_sik,2024/4/1,50,0.904574752
99_sik,2024/4/2,5,1.705264091
99_sik,2024/4/2,10,1.70068562
99_sik,2024/4/2,15,1.692943096
99_sik,2024/4/2,20,1.673713326
99_sik,2024/4/2,30,1.534904122
99_sik,2024/4/2,40,1.090215683
99_sik,2024/4/2,50,0.940382779
99_sik,2024/4/3,5,1.809175491
99_sik,2024/4/3,10,1.806460977
99_sik,2024/4/3,15,1.804688692
99_sik,2024/4/3,20,1.746602297
99_sik,2024/4/3,30,1.533667684
99_sik,2024/4/3,40,1.083167553
99_sik,2024/4/3,50,0.90430212
99_sik,2024/4/4,5,1.901840091
99_sik,2024/4/4,10,1.910115242
99_sik,2024/4/4,15,1.928760529
99_sik,2024/4/4,20,1.842682004
99_sik,2024/4/4,30,1.383707285
99_sik,2024/4/4,40,0.956402063
99_sik,2024/4/4,50,0.791687787
99_sik,2024/4/5,5,1.892604589
99_sik,2024/4/5,10,1.897162318
99_sik,2024/4/5,15,1.905802965
99_sik,2024/4/5,20,1.898204565
99_sik,2024/4/5,30,1.409618735
99_sik,2024/4/5,40,0.931106091
99_sik,2024/4/5,50,0.718375862
99_sik,2024/4/6,5,1.870090365
99_sik,2024/4/6,10,1.888700724
99_sik,2024/4/6,15,1.935616136
99_sik,2024/4/6,20,1.901681185
99_sik,2024/4/6,30,1.347335577
99_sik,2024/4/6,40,0.872246265
99_sik,2024/4/6,50,0.653099716
99_sik,2024/4/7,5,1.802495122
99_sik,2024/4/7,10,1.872583151
99_sik,2024/4/7,15,1.998454094
99_sik,2024/4/7,20,1.848938107
99_sik,2024/4/7,30,1.188368917
99_sik,2024/4/7,40,0.752833664
99_sik,2024/4/7,50,0.576187253
99_sik,2024/4/8,5,1.680301905
99_sik,2024/4/8,10,1.768177867
99_sik,2024/4/8,15,1.906458974
99_sik,2024/4/8,20,1.773732185
99_sik,2024/4/8,30,1.060685396
99_sik,2024/4/8,40,0.654284
99_sik,2024/4/8,50,0.50919956
99_sik,2024/4/9,5,1.600886345
99_sik,2024/4/9,10,1.603354931
99_sik,2024/4/9,15,1.613864541
99_sik,2024/4/9,20,1.62385118
99_sik,2024/4/9,30,1.080895662
99_sik,2024/4/9,40,0.60820061
99_sik,2024/4/9,50,0.456016421
99_sik,2024/4/10,5,1.563248158
99_sik,2024/4/10,10,1.568333387
99_sik,2024/4/10,15,1.579251289
99_sik,2024/4/10,20,1.58346355
99_sik,2024/4/10,30,1.123760581
99_sik,2024/4/10,40,0.618678451
99_sik,2024/4/10,50,0.430934191
99_sik,2024/4/11,5,1.569417477
99_sik,2024/4/11,10,1.589425206
99_sik,2024/4/11,15,1.623146176
99_sik,2024/4/11,20,1.592005849
99_sik,2024/4/11,30,1.052782893
99_sik,2024/4/11,40,0.560300529
99_sik,2024/4/11,50,0.39671427
99_sik,2024/4/12,5,1.557253361
99_sik,2024/4/12,10,1.590900421
99_sik,2024/4/12,15,1.642060399
99_sik,2024/4/12,20,1.521184802
99_sik,2024/4/12,30,0.932654023
99_sik,2024/4/12,40,0.497914225
99_sik,2024/4/12,50,0.357017219
99_sik,2024/4/13,5,1.468854904
99_sik,2024/4/13,10,1.547827721
99_sik,2024/4/13,15,1.658040166
99_sik,2024/4/13,20,1.476802588
99_sik,2024/4/13,30,0.84664166
99_sik,2024/4/13,40,0.450371742
99_sik,2024/4/13,50,0.325081408
99_sik,2024/4/14,5,1.282338262
99_sik,2024/4/14,10,1.453482985
99_sik,2024/4/14,15,1.690616727
99_sik,2024/4/14,20,1.480065227
99_sik,2024/4/14,30,0.785794497
99_sik,2024/4/14,40,0.408870161
99_sik,2024/4/14,50,0.297671139
99_sik,2024/4/15,5,1.12691462
99_sik,2024/4/15,10,1.354493856
99_sik,2024/4/15,15,1.691037655
99_sik,2024/4/15,20,1.471305609
99_sik,2024/4/15,30,0.749469519
99_sik,2024/4/15,40,0.378077149
99_sik,2024/4/15,50,0.277163178
99_sik,2024/4/16,5,1.056737781
99_sik,2024/4/16,10,1.316917777
99_sik,2024/4/16,15,1.607921481
99_sik,2024/4/16,20,1.368502617
99_sik,2024/4/16,30,0.733660817
99_sik,2024/4/16,40,0.360582799
99_sik,2024/4/16,50,0.264118552
99_sik,2024/4/17,5,0.99143523
99_sik,2024/4/17,10,1.295783758
99_sik,2024/4/17,15,1.513190866
99_sik,2024/4/17,20,1.238996029
99_sik,2024/4/17,30,0.69183749
99_sik,2024/4/17,40,0.337865651
99_sik,2024/4/17,50,0.249252275
99_sik,2024/4/18,5,0.898525715
99_sik,2024/4/18,10,1.246761084
99_sik,2024/4/18,15,1.555902481
99_sik,2024/4/18,20,1.22678256
99_sik,2024/4/18,30,0.634657383
99_sik,2024/4/18,40,0.310018122
99_sik,2024/4/18,50,0.233036637
99_sik,2024/4/19,5,0.888840795
99_sik,2024/4/19,10,1.110057592
99_sik,2024/4/19,15,1.509202123
99_sik,2024/4/19,20,1.406630635
99_sik,2024/4/19,30,0.599828482
99_sik,2024/4/19,40,0.288934737
99_sik,2024/4/19,50,0.220793068
99_sik,2024/4/20,5,0.975536883
99_sik,2024/4/20,10,1.061951399
99_sik,2024/4/20,15,1.321286798
99_sik,2024/4/20,20,1.512956381
99_sik,2024/4/20,30,0.619622052
99_sik,2024/4/20,40,0.280361652
99_sik,2024/4/20,50,0.214171305
99_sik,2024/4/21,5,0.959008634
99_sik,2024/4/21,10,1.050082803
99_sik,2024/4/21,15,1.302589536
99_sik,2024/4/21,20,1.554680109
99_sik,2024/4/21,30,0.667672336
99_sik,2024/4/21,40,0.279036134
99_sik,2024/4/21,50,0.210605338
99_sik,2024/4/22,5,0.900537133
99_sik,2024/4/22,10,0.99734503
99_sik,2024/4/22,15,1.284961462
99_sik,2024/4/22,20,1.632842779
99_sik,2024/4/22,30,0.684157312
99_sik,2024/4/22,40,0.277849644
99_sik,2024/4/22,50,0.208175316
99_sik,2024/4/23,5,0.910722673
99_sik,2024/4/23,10,0.952187896
99_sik,2024/4/23,15,1.188235521
99_sik,2024/4/23,20,1.641491413
99_sik,2024/4/23,30,0.681746721
99_sik,2024/4/23,40,0.278482735
99_sik,2024/4/23,50,0.207077563
99_sik,2024/4/24,5,1.01781404
99_sik,2024/4/24,10,1.03678298
99_sik,2024/4/24,15,1.169578195
99_sik,2024/4/24,20,1.331586242
99_sik,2024/4/24,30,0.700802028
99_sik,2024/4/24,40,0.289150536
99_sik,2024/4/24,50,0.210433915
99_sik,2024/4/25,5,1.070419431
99_sik,2024/4/25,10,1.104578376
99_sik,2024/4/25,15,1.202653646
99_sik,2024/4/25,20,1.176170945
99_sik,2024/4/25,30,0.681079447
99_sik,2024/4/25,40,0.28903541
99_sik,2024/4/25,50,0.206703648
99_sik,2024/4/26,5,0.988355279
99_sik,2024/4/26,10,1.094094753
99_sik,2024/4/26,15,1.298108697
99_sik,2024/4/26,20,1.290924788
99_sik,2024/4/26,30,0.648938477
99_sik,2024/4/26,40,0.274637312
99_sik,2024/4/26,50,0.199231073
99_sik,2024/4/27,5,0.866017401
99_sik,2024/4/27,10,1.028598428
99_sik,2024/4/27,15,1.376732707
99_sik,2024/4/27,20,1.426690459
99_sik,2024/4/27,30,0.664217591
99_sik,2024/4/27,40,0.272541463
99_sik,2024/4/27,50,0.198666543
99_sik,2024/4/28,5,0.751962841
99_sik,2024/4/28,10,0.953125238
99_sik,2024/4/28,15,1.393418789
99_sik,2024/4/28,20,1.58971262
99_sik,2024/4/28,30,0.673659205
99_sik,2024/4/28,40,0.270917594
99_sik,2024/4/28,50,0.197951391
99_sik,2024/4/29,5,0.681596518
99_sik,2024/4/29,10,0.868770242
99_sik,2024/4/29,15,1.36597383
99_sik,2024/4/29,20,1.722555041
99_sik,2024/4/29,30,0.686055899
99_sik,2024/4/29,40,0.274520636
99_sik,2024/4/29,50,0.199036554
99_sik,2024/4/30,5,0.655204594
99_sik,2024/4/30,10,0.789450467
99_sik,2024/4/30,15,1.300556898
99_sik,2024/4/30,20,1.759564638
99_sik,2024/4/30,30,0.687521696
99_sik,2024/4/30,40,0.275634766
99_sik,2024/4/30,50,0.198115408
99_sik,2024/5/1,5,0.609204948
99_sik,2024/5/1,10,0.732927561
99_sik,2024/5/1,15,1.238765121
99_sik,2024/5/1,20,1.841337919
99_sik,2024/5/1,30,0.702446997
99_sik,2024/5/1,40,0.276517481
99_sik,2024/5/1,50,0.198378593
99_sik,2024/5/2,5,0.550070047
99_sik,2024/5/2,10,0.673495352
99_sik,2024/5/2,15,1.196279645
99_sik,2024/5/2,20,1.935496211
99_sik,2024/5/2,30,0.742272913
99_sik,2024/5/2,40,0.278787881
99_sik,2024/5/2,50,0.200782821
99_sik,2024/5/3,5,0.52272892
99_sik,2024/5/3,10,0.635991037
99_sik,2024/5/3,15,1.136372805
99_sik,2024/5/3,20,1.982908845
99_sik,2024/5/3,30,0.77360034
99_sik,2024/5/3,40,0.273866922
99_sik,2024/5/3,50,0.197774813
99_sik,2024/5/4,5,0.492596924
99_sik,2024/5/4,10,0.603171647
99_sik,2024/5/4,15,1.111419559
99_sik,2024/5/4,20,2.033130169
99_sik,2024/5/4,30,0.784881175
99_sik,2024/5/4,40,0.269482136
99_sik,2024/5/4,50,0.195978642
99_sik,2024/5/5,5,0.454808652
99_sik,2024/5/5,10,0.562760592
99_sik,2024/5/5,15,1.105267406
99_sik,2024/5/5,20,2.087419987
99_sik,2024/5/5,30,0.790290654
99_sik,2024/5/5,40,0.270677418
99_sik,2024/5/5,50,0.198058158
99_sik,2024/5/6,5,0.433024526
99_sik,2024/5/6,10,0.550798953
99_sik,2024/5/6,15,1.09845221
99_sik,2024/5/6,20,2.011793852
99_sik,2024/5/6,30,0.779489636
99_sik,2024/5/6,40,0.270295769
99_sik,2024/5/6,50,0.197695896
99_sik,2024/5/7,5,0.441379875
99_sik,2024/5/7,10,0.589465916
99_sik,2024/5/7,15,1.093551159
99_sik,2024/5/7,20,1.878680825
99_sik,2024/5/7,30,0.743302166
99_sik,2024/5/7,40,0.264775783
99_sik,2024/5/7,50,0.191820174
99_sik,2024/5/8,5,0.452692002
99_sik,2024/5/8,10,0.600634515
99_sik,2024/5/8,15,1.083154559
99_sik,2024/5/8,20,1.83351326
99_sik,2024/5/8,30,0.787420988
99_sik,2024/5/8,40,0.27215451
99_sik,2024/5/8,50,0.192331254
99_sik,2024/5/9,5,0.435703546
99_sik,2024/5/9,10,0.556825221
99_sik,2024/5/9,15,1.046135306
99_sik,2024/5/9,20,1.875589132
99_sik,2024/5/9,30,0.834538817
99_sik,2024/5/9,40,0.277994931
99_sik,2024/5/9,50,0.196302757
99_sik,2024/5/10,5,0.406283826
99_sik,2024/5/10,10,0.524564385
99_sik,2024/5/10,15,1.022410154
99_sik,2024/5/10,20,1.947770953
99_sik,2024/5/10,30,0.860877931
99_sik,2024/5/10,40,0.274878681
99_sik,2024/5/10,50,0.195212007
99_sik,2024/5/11,5,0.381533176
99_sik,2024/5/11,10,0.502840221
99_sik,2024/5/11,15,1.012276053
99_sik,2024/5/11,20,2.005599499
99_sik,2024/5/11,30,0.885781229
99_sik,2024/5/11,40,0.273709387
99_sik,2024/5/11,50,0.194162428
99_sik,2024/5/12,5,0.369509488
99_sik,2024/5/12,10,0.498264045
99_sik,2024/5/12,15,1.02336216
99_sik,2024/5/12,20,2.009716034
99_sik,2024/5/12,30,0.870060205
99_sik,2024/5/12,40,0.26829493
99_sik,2024/5/12,50,0.191606387
99_sik,2024/5/13,5,0.365241379
99_sik,2024/5/13,10,0.512041032
99_sik,2024/5/13,15,1.029200435
99_sik,2024/5/13,20,2.007899046
99_sik,2024/5/13,30,0.838243842
99_sik,2024/5/13,40,0.260116726
99_sik,2024/5/13,50,0.18647863
99_sik,2024/5/14,5,0.35956794
99_sik,2024/5/14,10,0.508608103
99_sik,2024/5/14,15,1.030602098
99_sik,2024/5/14,20,2.057422161
99_sik,2024/5/14,30,0.854360282
99_sik,2024/5/14,40,0.260983855
99_sik,2024/5/14,50,0.186741918
99_sik,2024/5/15,5,0.363433063
99_sik,2024/5/15,10,0.507661045
99_sik,2024/5/15,15,1.052073121
99_sik,2024/5/15,20,2.094110966
99_sik,2024/5/15,30,0.914532363
99_sik,2024/5/15,40,0.274938434
99_sik,2024/5/15,50,0.193687692
99_sik,2024/5/16,5,0.39800325
99_sik,2024/5/16,10,0.561397016
99_sik,2024/5/16,15,1.143861055
99_sik,2024/5/16,20,2.058004379
99_sik,2024/5/16,30,0.979703665
99_sik,2024/5/16,40,0.296601802
99_sik,2024/5/16,50,0.203806892
99_sik,2024/5/17,5,0.428073198
99_sik,2024/5/17,10,0.596778452
99_sik,2024/5/17,15,1.187060475
99_sik,2024/5/17,20,2.040990829
99_sik,2024/5/17,30,1.004845858
99_sik,2024/5/17,40,0.306150168
99_sik,2024/5/17,50,0.207849175
99_sik,2024/5/18,5,0.419483602
99_sik,2024/5/18,10,0.594907224
99_sik,2024/5/18,15,1.20612669
99_sik,2024/5/18,20,2.114497185
99_sik,2024/5/18,30,1.002809048
99_sik,2024/5/18,40,0.299316138
99_sik,2024/5/18,50,0.20413132
99_sik,2024/5/19,5,0.398954242
99_sik,2024/5/19,10,0.588693976
99_sik,2024/5/19,15,1.22932899
99_sik,2024/5/19,20,2.208888054
99_sik,2024/5/19,30,1.004312515
99_sik,2024/5/19,40,0.294606626
99_sik,2024/5/19,50,0.202082828
99_sik,2024/5/20,5,0.373467058
99_sik,2024/5/20,10,0.554539979
99_sik,2024/5/20,15,1.187750816
99_sik,2024/5/20,20,2.25292325
99_sik,2024/5/20,30,1.034708261
99_sik,2024/5/20,40,0.300670266
99_sik,2024/5/20,50,0.203521654
99_sik,2024/5/21,5,0.358168304
99_sik,2024/5/21,10,0.542711914
99_sik,2024/5/21,15,1.140445709
99_sik,2024/5/21,20,2.222842216
99_sik,2024/5/21,30,1.079650879
99_sik,2024/5/21,40,0.306511939
99_sik,2024/5/21,50,0.204723507
99_sik,2024/5/22,5,0.340167552
99_sik,2024/5/22,10,0.521933019
99_sik,2024/5/22,15,1.088966012
99_sik,2024/5/22,20,2.196124554
99_sik,2024/5/22,30,1.110144615
99_sik,2024/5/22,40,0.300418168
99_sik,2024/5/22,50,0.20130536
99_sik,2024/5/23,5,0.321461409
99_sik,2024/5/23,10,0.476562262
99_sik,2024/5/23,15,1.003743291
99_sik,2024/5/23,20,2.168676376
99_sik,2024/5/23,30,1.126357317
99_sik,2024/5/23,40,0.292585105
99_sik,2024/5/23,50,0.196680754
99_sik,2024/5/24,5,0.319295168
99_sik,2024/5/24,10,0.470768183
99_sik,2024/5/24,15,0.947191477
99_sik,2024/5/24,20,2.057878494
99_sik,2024/5/24,30,1.161058307
99_sik,2024/5/24,40,0.286264092
99_sik,2024/5/24,50,0.191165671
99_sik,2024/5/25,5,0.327718168
99_sik,2024/5/25,10,0.480415523
99_sik,2024/5/25,15,0.901927471
99_sik,2024/5/25,20,1.919594765
99_sik,2024/5/25,30,1.206969619
99_sik,2024/5/25,40,0.282383054
99_sik,2024/5/25,50,0.186904699
99_sik,2024/5/26,5,0.322414547
99_sik,2024/5/26,10,0.458080292
99_sik,2024/5/26,15,0.82942915
99_sik,2024/5/26,20,1.849292874
99_sik,2024/5/26,30,1.194132209
99_sik,2024/5/26,40,0.276962131
99_sik,2024/5/26,50,0.183977574
99_sik,2024/5/27,5,0.313049078
99_sik,2024/5/27,10,0.422443599
99_sik,2024/5/27,15,0.804429233
99_sik,2024/5/27,20,1.830393314
99_sik,2024/5/27,30,1.062795401
99_sik,2024/5/27,40,0.265219301
99_sik,2024/5/27,50,0.179568991
99_sik,2024/5/28,5,0.314840645
99_sik,2024/5/28,10,0.412013769
99_sik,2024/5/28,15,0.803967237
99_sik,2024/5/28,20,1.82607305
99_sik,2024/5/28,30,0.955965579
99_sik,2024/5/28,40,0.257994235
99_sik,2024/5/28,50,0.178033128
99_sik,2024/5/29,5,0.312004358
99_sik,2024/5/29,10,0.411985606
99_sik,2024/5/29,15,0.78257972
99_sik,2024/5/29,20,1.808084965
99_sik,2024/5/29,30,0.933533728
99_sik,2024/5/29,40,0.256698638
99_sik,2024/5/29,50,0.17899543
99_sik,2024/5/30,5,0.299382806
99_sik,2024/5/30,10,0.392055809
99_sik,2024/5/30,15,0.746493399
99_sik,2024/5/30,20,1.800772786
99_sik,2024/5/30,30,0.945292175
99_sik,2024/5/30,40,0.261536688
99_sik,2024/5/30,50,0.18261908
99_sik,2024/5/31,5,0.282859087
99_sik,2024/5/31,10,0.350638658
99_sik,2024/5/31,15,0.707427442
99_sik,2024/5/31,20,1.849631667
99_sik,2024/5/31,30,0.948050141
99_sik,2024/5/31,40,0.270951062
99_sik,2024/5/31,50,0.188331813
99_sik,2024/6/1,5,0.286638141
99_sik,2024/6/1,10,0.339093655
99_sik,2024/6/1,15,0.730890512
99_sik,2024/6/1,20,1.854134083
99_sik,2024/6/1,30,0.955234647
99_sik,2024/6/1,40,0.28342557
99_sik,2024/6/1,50,0.195589289
99_sik,2024/6/2,5,0.302125752
99_sik,2024/6/2,10,0.391460836
99_sik,2024/6/2,15,0.827029943
99_sik,2024/6/2,20,1.77086997
99_sik,2024/6/2,30,1.013130903
99_sik,2024/6/2,40,0.305611432
99_sik,2024/6/2,50,0.205454767
99_sik,2024/6/3,5,0.327442944
99_sik,2024/6/3,10,0.467188209
99_sik,2024/6/3,15,0.938277245
99_sik,2024/6/3,20,1.672463298
99_sik,2024/6/3,30,1.053339958
99_sik,2024/6/3,40,0.328026325
99_sik,2024/6/3,50,0.213679776
99_sik,2024/6/4,5,0.344267517
99_sik,2024/6/4,10,0.501916945
99_sik,2024/6/4,15,1.005034208
99_sik,2024/6/4,20,1.663222313
99_sik,2024/6/4,30,1.054692864
99_sik,2024/6/4,40,0.345780402
99_sik,2024/6/4,50,0.220211029
99_sik,2024/6/5,5,0.348127067
99_sik,2024/6/5,10,0.493238896
99_sik,2024/6/5,15,1.0081563
99_sik,2024/6/5,20,1.712461114
99_sik,2024/6/5,30,1.039012551
99_sik,2024/6/5,40,0.357944578
99_sik,2024/6/5,50,0.225193352
99_sik,2024/6/6,5,0.341193408
99_sik,2024/6/6,10,0.464450836
99_sik,2024/6/6,15,0.978127778
99_sik,2024/6/6,20,1.799030304
99_sik,2024/6/6,30,1.017673731
99_sik,2024/6/6,40,0.360363185
99_sik,2024/6/6,50,0.226960883
99_sik,2024/6/7,5,0.330983043
99_sik,2024/6/7,10,0.449846655
99_sik,2024/6/7,15,0.967034161
99_sik,2024/6/7,20,1.867117763
99_sik,2024/6/7,30,1.049004555
99_sik,2024/6/7,40,0.371751845
99_sik,2024/6/7,50,0.233405471
99_sik,2024/6/8,5,0.328262478
99_sik,2024/6/8,10,0.458906531
99_sik,2024/6/8,15,0.973317742
99_sik,2024/6/8,20,1.857219577
99_sik,2024/6/8,30,1.108851671
99_sik,2024/6/8,40,0.391651899
99_sik,2024/6/8,50,0.243244246
99_sik,2024/6/9,5,0.331362456
99_sik,2024/6/9,10,0.482258946
99_sik,2024/6/9,15,0.99564743
99_sik,2024/6/9,20,1.796692729
99_sik,2024/6/9,30,1.120065808
99_sik,2024/6/9,40,0.406985641
99_sik,2024/6/9,50,0.250981838
99_sik,2024/6/10,5,0.324201226
99_sik,2024/6/10,10,0.474927992
99_sik,2024/6/10,15,0.986174941
99_sik,2024/6/10,20,1.785570145
99_sik,2024/6/10,30,1.108777523
99_sik,2024/6/10,40,0.415299028
99_sik,2024/6/10,50,0.255541712
99_sik,2024/6/11,5,0.300473005
99_sik,2024/6/11,10,0.433881551
99_sik,2024/6/11,15,0.923074245
99_sik,2024/6/11,20,1.809233546
99_sik,2024/6/11,30,1.126864672
99_sik,2024/6/11,40,0.419538081
99_sik,2024/6/11,50,0.257533044
99_sik,2024/6/12,5,0.27810204
99_sik,2024/6/12,10,0.405934989
99_sik,2024/6/12,15,0.875762343
99_sik,2024/6/12,20,1.810947895
99_sik,2024/6/12,30,1.160035968
99_sik,2024/6/12,40,0.425935358
99_sik,2024/6/12,50,0.261313736
99_sik,2024/6/13,5,0.256802499
99_sik,2024/6/13,10,0.380725324
99_sik,2024/6/13,15,0.837680578
99_sik,2024/6/13,20,1.788526177
99_sik,2024/6/13,30,1.188616037
99_sik,2024/6/13,40,0.43226099
99_sik,2024/6/13,50,0.264705151
99_sik,2024/6/14,5,0.243776426
99_sik,2024/6/14,10,0.358392775
99_sik,2024/6/14,15,0.790658772
99_sik,2024/6/14,20,1.704154611
99_sik,2024/6/14,30,1.215637922
99_sik,2024/6/14,40,0.436752081
99_sik,2024/6/14,50,0.266461134
99_sik,2024/6/15,5,0.264304727
99_sik,2024/6/15,10,0.372097313
99_sik,2024/6/15,15,0.774225295
99_sik,2024/6/15,20,1.618891954
99_sik,2024/6/15,30,1.256743073
99_sik,2024/6/15,40,0.449556023
99_sik,2024/6/15,50,0.272670895
99_sik,2024/6/16,5,0.282460123
99_sik,2024/6/16,10,0.390365243
99_sik,2024/6/16,15,0.780023575
99_sik,2024/6/16,20,1.56586349
99_sik,2024/6/16,30,1.251558065
99_sik,2024/6/16,40,0.460622996
99_sik,2024/6/16,50,0.278961003
99_sik,2024/6/17,5,0.269970924
99_sik,2024/6/17,10,0.365750521
99_sik,2024/6/17,15,0.733932912
99_sik,2024/6/17,20,1.50927949
99_sik,2024/6/17,30,1.260015726
99_sik,2024/6/17,40,0.462517589
99_sik,2024/6/17,50,0.279187083
99_sik,2024/6/18,5,0.249859616
99_sik,2024/6/18,10,0.331008077
99_sik,2024/6/18,15,0.666520059
99_sik,2024/6/18,20,1.417366028
99_sik,2024/6/18,30,1.314027429
99_sik,2024/6/18,40,0.470329612
99_sik,2024/6/18,50,0.280351043
99_sik,2024/6/19,5,0.231362924
99_sik,2024/6/19,10,0.303234845
99_sik,2024/6/19,15,0.614671826
99_sik,2024/6/19,20,1.340781212
99_sik,2024/6/19,30,1.357671857
99_sik,2024/6/19,40,0.482689053
99_sik,2024/6/19,50,0.284490228
99_sik,2024/6/20,5,0.215632528
99_sik,2024/6/20,10,0.279386669
99_sik,2024/6/20,15,0.575290859
99_sik,2024/6/20,20,1.287015796
99_sik,2024/6/20,30,1.397404909
99_sik,2024/6/20,40,0.491995066
99_sik,2024/6/20,50,0.288587868
99_sik,2024/6/21,5,0.203264296
99_sik,2024/6/21,10,0.257011503
99_sik,2024/6/21,15,0.540412366
99_sik,2024/6/21,20,1.248257279
99_sik,2024/6/21,30,1.431124449
99_sik,2024/6/21,40,0.503089488
99_sik,2024/6/21,50,0.293766618
99_sik,2024/6/22,5,0.197646096
99_sik,2024/6/22,10,0.241223186
99_sik,2024/6/22,15,0.507598937
99_sik,2024/6/22,20,1.196645498
99_sik,2024/6/22,30,1.44611752
99_sik,2024/6/22,40,0.515362978
99_sik,2024/6/22,50,0.299246371
99_sik,2024/6/23,5,0.22050339
99_sik,2024/6/23,10,0.254789531
99_sik,2024/6/23,15,0.506092727
99_sik,2024/6/23,20,1.161083579
99_sik,2024/6/23,30,1.431284547
99_sik,2024/6/23,40,0.540706694
99_sik,2024/6/23,50,0.311046749
99_sik,2024/6/24,5,0.247067049
99_sik,2024/6/24,10,0.283613086
99_sik,2024/6/24,15,0.525396466
99_sik,2024/6/24,20,1.105703473
99_sik,2024/6/24,30,1.334214211
99_sik,2024/6/24,40,0.562792182
99_sik,2024/6/24,50,0.32305786
99_sik,2024/6/25,5,0.253315449
99_sik,2024/6/25,10,0.277839184
99_sik,2024/6/25,15,0.503492773
99_sik,2024/6/25,20,1.036957264
99_sik,2024/6/25,30,1.295857191
99_sik,2024/6/25,40,0.572170138
99_sik,2024/6/25,50,0.329706073
99_sik,2024/6/26,5,0.234045535
99_sik,2024/6/26,10,0.266687691
99_sik,2024/6/26,15,0.465333283
99_sik,2024/6/26,20,0.964347243
99_sik,2024/6/26,30,1.374635935
99_sik,2024/6/26,40,0.589948416
99_sik,2024/6/26,50,0.338437438
99_sik,2024/6/27,5,0.216767237
99_sik,2024/6/27,10,0.255656749
99_sik,2024/6/27,15,0.438313752
99_sik,2024/6/27,20,0.931203246
99_sik,2024/6/27,30,1.399655461
99_sik,2024/6/27,40,0.59686327
99_sik,2024/6/27,50,0.341853142
99_sik,2024/6/28,5,0.199358821
99_sik,2024/6/28,10,0.233920708
99_sik,2024/6/28,15,0.412304699
99_sik,2024/6/28,20,0.946397007
99_sik,2024/6/28,30,1.375555158
99_sik,2024/6/28,40,0.610428572
99_sik,2024/6/28,50,0.350785792
99_sik,2024/6/29,5,0.183104739
99_sik,2024/6/29,10,0.214847162
99_sik,2024/6/29,15,0.391784847
99_sik,2024/6/29,20,0.984349787
99_sik,2024/6/29,30,1.351554632
99_sik,2024/6/29,40,0.633404374
99_sik,2024/6/29,50,0.36388877
99_sik,2024/6/30,5,0.183836475
99_sik,2024/6/30,10,0.207919076
99_sik,2024/6/30,15,0.398183137
99_sik,2024/6/30,20,1.04076612
99_sik,2024/6/30,30,1.29066956
99_sik,2024/6/30,40,0.638086021
99_sik,2024/6/30,50,0.368729681
99_sik,2024/7/1,5,0.199099451
99_sik,2024/7/1,10,0.232650414
99_sik,2024/7/1,15,0.430085272
99_sik,2024/7/1,20,1.079388142
99_sik,2024/7/1,30,1.244520545
99_sik,2024/7/1,40,0.631849647
99_sik,2024/7/1,50,0.364474505
99_sik,2024/7/2,5,0.202836514
99_sik,2024/7/2,10,0.260946184
99_sik,2024/7/2,15,0.452547312
99_sik,2024/7/2,20,1.089704752
99_sik,2024/7/2,30,1.222902894
99_sik,2024/7/2,40,0.635622621
99_sik,2024/7/2,50,0.361851335
99_sik,2024/7/3,5,0.196221083
99_sik,2024/7/3,10,0.25317952
99_sik,2024/7/3,15,0.449052125
99_sik,2024/7/3,20,1.127534151
99_sik,2024/7/3,30,1.097502112
99_sik,2024/7/3,40,0.618245184
99_sik,2024/7/3,50,0.357156783
99_sik,2024/7/4,5,0.186399058
99_sik,2024/7/4,10,0.239659503
99_sik,2024/7/4,15,0.451959193
99_sik,2024/7/4,20,1.202099442
99_sik,2024/7/4,30,0.945061147
99_sik,2024/7/4,40,0.589943171
99_sik,2024/7/4,50,0.352093756
99_sik,2024/7/5,5,0.186402068
99_sik,2024/7/5,10,0.231114745
99_sik,2024/7/5,15,0.488509327
99_sik,2024/7/5,20,1.272072077
99_sik,2024/7/5,30,0.834304452
99_sik,2024/7/5,40,0.563729465
99_sik,2024/7/5,50,0.349480391
99_sik,2024/7/6,5,0.196312919
99_sik,2024/7/6,10,0.239269406
99_sik,2024/7/6,15,0.538811803
99_sik,2024/7/6,20,1.314681888
99_sik,2024/7/6,30,0.757350266
99_sik,2024/7/6,40,0.53909874
99_sik,2024/7/6,50,0.347853869
99_sik,2024/7/7,5,0.199281871
99_sik,2024/7/7,10,0.244547099
99_sik,2024/7/7,15,0.551906884
99_sik,2024/7/7,20,1.321296453
99_sik,2024/7/7,30,0.70093143
99_sik,2024/7/7,40,0.517568052
99_sik,2024/7/7,50,0.343180627
99_sik,2024/7/8,5,0.200184226
99_sik,2024/7/8,10,0.248521015
99_sik,2024/7/8,15,0.557581425
99_sik,2024/7/8,20,1.331179261
99_sik,2024/7/8,30,0.690748513
99_sik,2024/7/8,40,0.513293386
99_sik,2024/7/8,50,0.341303438
99_sik,2024/7/9,5,0.196250424
99_sik,2024/7/9,10,0.253555626
99_sik,2024/7/9,15,0.573778272
99_sik,2024/7/9,20,1.370283723
99_sik,2024/7/9,30,0.694292605
99_sik,2024/7/9,40,0.517885327
99_sik,2024/7/9,50,0.341588765
99_sik,2024/7/10,5,0.189969808
99_sik,2024/7/10,10,0.252389312
99_sik,2024/7/10,15,0.585260749
99_sik,2024/7/10,20,1.414002776
99_sik,2024/7/10,30,0.718794525
99_sik,2024/7/10,40,0.532684624
99_sik,2024/7/10,50,0.347612113
99_sik,2024/7/11,5,0.181919917
99_sik,2024/7/11,10,0.240282327
99_sik,2024/7/11,15,0.56160444
99_sik,2024/7/11,20,1.430370331
99_sik,2024/7/11,30,0.774920702
99_sik,2024/7/11,40,0.564799905
99_sik,2024/7/11,50,0.363686919
99_sik,2024/7/12,5,0.178817764
99_sik,2024/7/12,10,0.235349178
99_sik,2024/7/12,15,0.548024535
99_sik,2024/7/12,20,1.452908874
99_sik,2024/7/12,30,0.817133486
99_sik,2024/7/12,40,0.591363192
99_sik,2024/7/12,50,0.378767133
99_sik,2024/7/13,5,0.175886378
99_sik,2024/7/13,10,0.234021381
99_sik,2024/7/13,15,0.546712339
99_sik,2024/7/13,20,1.478639007
99_sik,2024/7/13,30,0.850926459
99_sik,2024/7/13,40,0.612364352
99_sik,2024/7/13,50,0.391442835
99_sik,2024/7/14,5,0.175550252
99_sik,2024/7/14,10,0.227890998
99_sik,2024/7/14,15,0.532221735
99_sik,2024/7/14,20,1.475564122
99_sik,2024/7/14,30,0.880897105
99_sik,2024/7/14,40,0.628694773
99_sik,2024/7/14,50,0.403230637
99_sik,2024/7/15,5,0.182306126
99_sik,2024/7/15,10,0.223487973
99_sik,2024/7/15,15,0.512311816
99_sik,2024/7/15,20,1.437938809
99_sik,2024/7/15,30,0.897712529
99_sik,2024/7/15,40,0.636792004
99_sik,2024/7/15,50,0.418005884
99_sik,2024/7/16,5,0.192471668
99_sik,2024/7/16,10,0.228330761
99_sik,2024/7/16,15,0.507221222
99_sik,2024/7/16,20,1.392493367
99_sik,2024/7/16,30,0.906817317
99_sik,2024/7/16,40,0.635460496
99_sik,2024/7/16,50,0.434643447
99_sik,2024/7/17,5,0.201264188
99_sik,2024/7/17,10,0.235173628
99_sik,2024/7/17,15,0.505346
99_sik,2024/7/17,20,1.356889606
99_sik,2024/7/17,30,0.912045717
99_sik,2024/7/17,40,0.628349721
99_sik,2024/7/17,50,0.44803369
99_sik,2024/7/18,5,0.207703665
99_sik,2024/7/18,10,0.242856488
99_sik,2024/7/18,15,0.498548448
99_sik,2024/7/18,20,1.311039925
99_sik,2024/7/18,30,0.910506964
99_sik,2024/7/18,40,0.609675944
99_sik,2024/7/18,50,0.452487975
99_sik,2024/7/19,5,0.219392821
99_sik,2024/7/19,10,0.260985434
99_sik,2024/7/19,15,0.49993363
99_sik,2024/7/19,20,1.253185272
99_sik,2024/7/19,30,0.867022574
99_sik,2024/7/19,40,0.563353598
99_sik,2024/7/19,50,0.438402265
99_sik,2024/7/20,5,0.232705057
99_sik,2024/7/20,10,0.270987183
99_sik,2024/7/20,15,0.505994618
99_sik,2024/7/20,20,1.2321738
99_sik,2024/7/20,30,0.844134212
99_sik,2024/7/20,40,0.528957248
99_sik,2024/7/20,50,0.427888125
99_sik,2024/7/21,5,0.22961764
99_sik,2024/7/21,10,0.271580517
99_sik,2024/7/21,15,0.508226335
99_sik,2024/7/21,20,1.223525882
99_sik,2024/7/21,30,0.844611347
99_sik,2024/7/21,40,0.507965267
99_sik,2024/7/21,50,0.424340159
99_sik,2024/7/22,5,0.234129369
99_sik,2024/7/22,10,0.281848401
99_sik,2024/7/22,15,0.518613458
99_sik,2024/7/22,20,1.224725127
99_sik,2024/7/22,30,0.824618459
99_sik,2024/7/22,40,0.479430109
99_sik,2024/7/22,50,0.412383199
99_sik,2024/7/23,5,0.239778414
99_sik,2024/7/23,10,0.298707396
99_sik,2024/7/23,15,0.538962007
99_sik,2024/7/23,20,1.243736148
99_sik,2024/7/23,30,0.764532149
99_sik,2024/7/23,40,0.44044286
99_sik,2024/7/23,50,0.388576299
99_sik,2024/7/24,5,0.249430791
99_sik,2024/7/24,10,0.321708441
99_sik,2024/7/24,15,0.571929097
99_sik,2024/7/24,20,1.27452457
99_sik,2024/7/24,30,0.696082473
99_sik,2024/7/24,40,0.403775841
99_sik,2024/7/24,50,0.361661166
99_sik,2024/7/25,5,0.245942384
99_sik,2024/7/25,10,0.318302333
99_sik,2024/7/25,15,0.576968849
99_sik,2024/7/25,20,1.309424996
99_sik,2024/7/25,30,0.682757854
99_sik,2024/7/25,40,0.389821827
99_sik,2024/7/25,50,0.347493559
99_sik,2024/7/26,5,0.236287504
99_sik,2024/7/26,10,0.309689134
99_sik,2024/7/26,15,0.58346194
99_sik,2024/7/26,20,1.321213245
99_sik,2024/7/26,30,0.674707234
99_sik,2024/7/26,40,0.377336979
99_sik,2024/7/26,50,0.33253631
99_sik,2024/7/27,5,0.236007661
99_sik,2024/7/27,10,0.323982894
99_sik,2024/7/27,15,0.593839705
99_sik,2024/7/27,20,1.19974494
99_sik,2024/7/27,30,0.624306321
99_sik,2024/7/27,40,0.348234475
99_sik,2024/7/27,50,0.307122052
99_sik,2024/7/28,5,0.252804875
99_sik,2024/7/28,10,0.353195935
99_sik,2024/7/28,15,0.595252097
99_sik,2024/7/28,20,1.051204205
99_sik,2024/7/28,30,0.554110229
99_sik,2024/7/28,40,0.316335827
99_sik,2024/7/28,50,0.280483931
99_sik,2024/7/29,5,0.273440689
99_sik,2024/7/29,10,0.382666767
99_sik,2024/7/29,15,0.640322208
99_sik,2024/7/29,20,1.030290604
99_sik,2024/7/29,30,0.511853874
99_sik,2024/7/29,40,0.300662279
99_sik,2024/7/29,50,0.264515251
99_sik,2024/7/30,5,0.282424599
99_sik,2024/7/30,10,0.384458303
99_sik,2024/7/30,15,0.700827181
99_sik,2024/7/30,20,1.123878121
99_sik,2024/7/30,30,0.532082438
99_sik,2024/7/30,40,0.310759515
99_sik,2024/7/30,50,0.266096532
99_sik,2024/7/31,5,0.273777544
99_sik,2024/7/31,10,0.379496783
99_sik,2024/7/31,15,0.755438149
99_sik,2024/7/31,20,1.232661724
99_sik,2024/7/31,30,0.589715958
99_sik,2024/7/31,40,0.329113036
99_sik,2024/7/31,50,0.272380561
99_sik,2024/8/1,5,0.260068297
99_sik,2024/8/1,10,0.405887067
99_sik,2024/8/1,15,0.849569499
99_sik,2024/8/1,20,1.298188448
99_sik,2024/8/1,30,0.632341087
99_sik,2024/8/1,40,0.335314721
99_sik,2024/8/1,50,0.271727413
99_sik,2024/8/2,5,0.255428046
99_sik,2024/8/2,10,0.474474609
99_sik,2024/8/2,15,0.941686571
99_sik,2024/8/2,20,1.348870993
99_sik,2024/8/2,30,0.659054697
99_sik,2024/8/2,40,0.334186554
99_sik,2024/8/2,50,0.267758161
99_sik,2024/8/3,5,0.258845508
99_sik,2024/8/3,10,0.543951571
99_sik,2024/8/3,15,0.997380912
99_sik,2024/8/3,20,1.38718462
99_sik,2024/8/3,30,0.675617397
99_sik,2024/8/3,40,0.327827841
99_sik,2024/8/3,50,0.261169046
99_sik,2024/8/4,5,0.261869311
99_sik,2024/8/4,10,0.552378178
99_sik,2024/8/4,15,0.986725092
99_sik,2024/8/4,20,1.435739398
99_sik,2024/8/4,30,0.697465003
99_sik,2024/8/4,40,0.321556568
99_sik,2024/8/4,50,0.255521148
99_sik,2024/8/5,5,0.259549022
99_sik,2024/8/5,10,0.508735478
99_sik,2024/8/5,15,0.917936504
99_sik,2024/8/5,20,1.446294785
99_sik,2024/8/5,30,0.70011276
99_sik,2024/8/5,40,0.312897742
99_sik,2024/8/5,50,0.248792246
99_sik,2024/8/6,5,0.256162524
99_sik,2024/8/6,10,0.466578603
99_sik,2024/8/6,15,0.849448442
99_sik,2024/8/6,20,1.349327683
99_sik,2024/8/6,30,0.671986401
99_sik,2024/8/6,40,0.299087882
99_sik,2024/8/6,50,0.239348933
99_sik,2024/8/7,5,0.257327646
99_sik,2024/8/7,10,0.445681572
99_sik,2024/8/7,15,0.816129327
99_sik,2024/8/7,20,1.25165081
99_sik,2024/8/7,30,0.648063719
99_sik,2024/8/7,40,0.289242059
99_sik,2024/8/7,50,0.233023733
99_sik,2024/8/8,5,0.252680838
99_sik,2024/8/8,10,0.424126625
99_sik,2024/8/8,15,0.807631671
99_sik,2024/8/8,20,1.250691056
99_sik,2024/8/8,30,0.647019625
99_sik,2024/8/8,40,0.289158642
99_sik,2024/8/8,50,0.23337321
99_sik,2024/8/9,5,0.242066234
99_sik,2024/8/9,10,0.403711796
99_sik,2024/8/9,15,0.808621049
99_sik,2024/8/9,20,1.307481527
99_sik,2024/8/9,30,0.659110904
99_sik,2024/8/9,40,0.293547541
99_sik,2024/8/9,50,0.236554667
99_sik,2024/8/10,5,0.228551492
99_sik,2024/8/10,10,0.395156503
99_sik,2024/8/10,15,0.821038544
99_sik,2024/8/10,20,1.390035987
99_sik,2024/8/10,30,0.676961958
99_sik,2024/8/10,40,0.300249755
99_sik,2024/8/10,50,0.241184458
99_sik,2024/8/11,5,0.223047778
99_sik,2024/8/11,10,0.387184054
99_sik,2024/8/11,15,0.817234993
99_sik,2024/8/11,20,1.466755629
99_sik,2024/8/11,30,0.707268655
99_sik,2024/8/11,40,0.309777141
99_sik,2024/8/11,50,0.246745974
99_sik,2024/8/12,5,0.29032281
99_sik,2024/8/12,10,0.480910391
99_sik,2024/8/12,15,0.810233414
99_sik,2024/8/12,20,1.276900291
99_sik,2024/8/12,30,0.787784755
99_sik,2024/8/12,40,0.325492322
99_sik,2024/8/12,50,0.250827789
99_sik,2024/8/13,5,0.35965386
99_sik,2024/8/13,10,0.570220292
99_sik,2024/8/13,15,0.776666462
99_sik,2024/8/13,20,0.945250273
99_sik,2024/8/13,30,0.782335818
99_sik,2024/8/13,40,0.352014393
99_sik,2024/8/13,50,0.252728105
99_sik,2024/8/14,5,0.351281375
99_sik,2024/8/14,10,0.532030523
99_sik,2024/8/14,15,0.746224105
99_sik,2024/8/14,20,0.812347651
99_sik,2024/8/14,30,0.71302402
99_sik,2024/8/14,40,0.369410515
99_sik,2024/8/14,50,0.256974548
99_sik,2024/8/15,5,0.316654116
99_sik,2024/8/15,10,0.46101597
99_sik,2024/8/15,15,0.714078665
99_sik,2024/8/15,20,0.874497652
99_sik,2024/8/15,30,0.72476393
99_sik,2024/8/15,40,0.388734013
99_sik,2024/8/15,50,0.269659072
99_sik,2024/8/16,5,0.316869318
99_sik,2024/8/16,10,0.445679903
99_sik,2024/8/16,15,0.677756131
99_sik,2024/8/16,20,0.892910302
99_sik,2024/8/16,30,0.749075413
99_sik,2024/8/16,40,0.410925597
99_sik,2024/8/16,50,0.283132315
99_sik,2024/8/17,5,0.328198701
99_sik,2024/8/17,10,0.444896489
99_sik,2024/8/17,15,0.648704946
99_sik,2024/8/17,20,0.867773235
99_sik,2024/8/17,30,0.769581079
99_sik,2024/8/17,40,0.423861265
99_sik,2024/8/17,50,0.293800235
99_sik,2024/8/18,5,0.294150889
99_sik,2024/8/18,10,0.399441421
99_sik,2024/8/18,15,0.600453734
99_sik,2024/8/18,20,0.87008816
99_sik,2024/8/18,30,0.859071374
99_sik,2024/8/18,40,0.442126423
99_sik,2024/8/18,50,0.309000313
99_sik,2024/8/19,5,0.257074744
99_sik,2024/8/19,10,0.35105589
99_sik,2024/8/19,15,0.552438557
99_sik,2024/8/19,20,0.827247679
99_sik,2024/8/19,30,0.959820509
99_sik,2024/8/19,40,0.457871914
99_sik,2024/8/19,50,0.31955865
99_sik,2024/8/20,5,0.245503321
99_sik,2024/8/20,10,0.320397854
99_sik,2024/8/20,15,0.494081229
99_sik,2024/8/20,20,0.755267978
99_sik,2024/8/20,30,0.934830964
99_sik,2024/8/20,40,0.452058434
99_sik,2024/8/20,50,0.315024048
99_sik,2024/8/21,5,0.253593236
99_sik,2024/8/21,10,0.302868962
99_sik,2024/8/21,15,0.449126095
99_sik,2024/8/21,20,0.693200231
99_sik,2024/8/21,30,0.878786623
99_sik,2024/8/21,40,0.455225527
99_sik,2024/8/21,50,0.315217108
99_sik,2024/8/22,5,0.246049538
99_sik,2024/8/22,10,0.279173464
99_sik,2024/8/22,15,0.413825244
99_sik,2024/8/22,20,0.658427715
99_sik,2024/8/22,30,0.877976537
99_sik,2024/8/22,40,0.471547693
99_sik,2024/8/22,50,0.32505697
99_sik,2024/8/23,5,0.235208005
99_sik,2024/8/23,10,0.254928559
99_sik,2024/8/23,15,0.381336778
99_sik,2024/8/23,20,0.615227282
99_sik,2024/8/23,30,0.914433181
99_sik,2024/8/23,40,0.48681438
99_sik,2024/8/23,50,0.337943196
99_sik,2024/8/24,5,0.217920735
99_sik,2024/8/24,10,0.224152803
99_sik,2024/8/24,15,0.344950706
99_sik,2024/8/24,20,0.579774857
99_sik,2024/8/24,30,1.027348638
99_sik,2024/8/24,40,0.514650285
99_sik,2024/8/24,50,0.358576536
99_sik,2024/8/25,5,0.210669369
99_sik,2024/8/25,10,0.209635004
99_sik,2024/8/25,15,0.318212032
99_sik,2024/8/25,20,0.571311831
99_sik,2024/8/25,30,1.121428967
99_sik,2024/8/25,40,0.544787467
99_sik,2024/8/25,50,0.37707445
99_sik,2024/8/26,5,0.210131571
99_sik,2024/8/26,10,0.209590465
99_sik,2024/8/26,15,0.300526798
99_sik,2024/8/26,20,0.509421647
99_sik,2024/8/26,30,1.125606298
99_sik,2024/8/26,40,0.566688359
99_sik,2024/8/26,50,0.389081955
99_sik,2024/8/27,5,0.201014057
99_sik,2024/8/27,10,0.200571135
99_sik,2024/8/27,15,0.274026662
99_sik,2024/8/27,20,0.38786003
99_sik,2024/8/27,30,1.061269403
99_sik,2024/8/27,40,0.577628016
99_sik,2024/8/27,50,0.395442933
99_sik,2024/8/28,5,0.190938845
99_sik,2024/8/28,10,0.192347363
99_sik,2024/8/28,15,0.273704976
99_sik,2024/8/28,20,0.3364425
99_sik,2024/8/28,30,1.050406575
99_sik,2024/8/28,40,0.611229837
99_sik,2024/8/28,50,0.41361025
99_sik,2024/8/29,5,0.179539084
99_sik,2024/8/29,10,0.174586713
99_sik,2024/8/29,15,0.26351738
99_sik,2024/8/29,20,0.328891397
99_sik,2024/8/29,30,1.082735538
99_sik,2024/8/29,40,0.673671722
99_sik,2024/8/29,50,0.447169602
99_sik,2024/8/30,5,0.177885443
99_sik,2024/8/30,10,0.164527595
99_sik,2024/8/30,15,0.247052163
99_sik,2024/8/30,20,0.328442782
99_sik,2024/8/30,30,1.091737151
99_sik,2024/8/30,40,0.753421426
99_sik,2024/8/30,50,0.495604932
99_sik,2024/8/31,5,0.175136134
99_sik,2024/8/31,10,0.152836233
99_sik,2024/8/31,15,0.227837786
99_sik,2024/8/31,20,0.330129355
99_sik,2024/8/31,30,1.084225774
99_sik,2024/8/31,40,0.830893219
99_sik,2024/8/31,50,0.546967626
99_sik,2024/9/1,5,0.166825995
99_sik,2024/9/1,10,0.140846789
99_sik,2024/9/1,15,0.206199929
99_sik,2024/9/1,20,0.331937969
99_sik,2024/9/1,30,1.061080217
99_sik,2024/9/1,40,0.910894334
99_sik,2024/9/1,50,0.594123363
99_sik,2024/9/2,5,0.15280728
99_sik,2024/9/2,10,0.128893435
99_sik,2024/9/2,15,0.185389414
99_sik,2024/9/2,20,0.329036385
99_sik,2024/9/2,30,1.051336288
99_sik,2024/9/2,40,0.998688459
99_sik,2024/9/2,50,0.641644359
99_sik,2024/9/3,5,0.14477697
99_sik,2024/9/3,10,0.120240271
99_sik,2024/9/3,15,0.166637227
99_sik,2024/9/3,20,0.314317048
99_sik,2024/9/3,30,1.008957982
99_sik,2024/9/3,40,1.079756498
99_sik,2024/9/3,50,0.682578862
99_sik,2024/9/4,5,0.149146199
99_sik,2024/9/4,10,0.114420451
99_sik,2024/9/4,15,0.15456827
99_sik,2024/9/4,20,0.294229358
99_sik,2024/9/4,30,0.979656339
99_sik,2024/9/4,40,1.133259654
99_sik,2024/9/4,50,0.722034395
99_sik,2024/9/5,5,0.159459054
99_sik,2024/9/5,10,0.115092717
99_sik,2024/9/5,15,0.153361797
99_sik,2024/9/5,20,0.289221376
99_sik,2024/9/5,30,0.92695868
99_sik,2024/9/5,40,1.129175305
99_sik,2024/9/5,50,0.74260515
99_sik,2024/9/6,5,0.155541867
99_sik,2024/9/6,10,0.118660465
99_sik,2024/9/6,15,0.149109259
99_sik,2024/9/6,20,0.281246811
99_sik,2024/9/6,30,0.852734089
99_sik,2024/9/6,40,1.149006605
99_sik,2024/9/6,50,0.769157946
99_sik,2024/9/7,5,0.145932004
99_sik,2024/9/7,10,0.120660685
99_sik,2024/9/7,15,0.14151594
99_sik,2024/9/7,20,0.267556399
99_sik,2024/9/7,30,0.82573998
99_sik,2024/9/7,40,1.173307896
99_sik,2024/9/7,50,0.797015727
99_sik,2024/9/8,5,0.139925286
99_sik,2024/9/8,10,0.119940884
99_sik,2024/9/8,15,0.138678744
99_sik,2024/9/8,20,0.268063635
99_sik,2024/9/8,30,0.824254692
99_sik,2024/9/8,40,1.158491969
99_sik,2024/9/8,50,0.804637253
99_sik,2024/9/9,5,0.139201283
99_sik,2024/9/9,10,0.116217755
99_sik,2024/9/9,15,0.136127248
99_sik,2024/9/9,20,0.271557122
99_sik,2024/9/9,30,0.832849681
99_sik,2024/9/9,40,1.130900383
99_sik,2024/9/9,50,0.814979017
99_sik,2024/9/10,5,0.143229216
99_sik,2024/9/10,10,0.112292662
99_sik,2024/9/10,15,0.136605069
99_sik,2024/9/10,20,0.271912724
99_sik,2024/9/10,30,0.821508944
99_sik,2024/9/10,40,1.044505954
99_sik,2024/9/10,50,0.805843532
99_sik,2024/9/11,5,0.145086482
99_sik,2024/9/11,10,0.115136616
99_sik,2024/9/11,15,0.142000586
99_sik,2024/9/11,20,0.278604597
99_sik,2024/9/11,30,0.754116774
99_sik,2024/9/11,40,0.90455699
99_sik,2024/9/11,50,0.767614365
99_sik,2024/9/12,5,0.145401791
99_sik,2024/9/12,10,0.121732235
99_sik,2024/9/12,15,0.145631075
99_sik,2024/9/12,20,0.291276157
99_sik,2024/9/12,30,0.721108615
99_sik,2024/9/12,40,0.81477052
99_sik,2024/9/12,50,0.761968076
99_sik,2024/9/13,5,0.148219168
99_sik,2024/9/13,10,0.126890957
99_sik,2024/9/13,15,0.141870528
99_sik,2024/9/13,20,0.288615853
99_sik,2024/9/13,30,0.734444201
99_sik,2024/9/13,40,0.762103379
99_sik,2024/9/13,50,0.791176558
99_sik,2024/9/14,5,0.150037542
99_sik,2024/9/14,10,0.129535064
99_sik,2024/9/14,15,0.142419592
99_sik,2024/9/14,20,0.29484871
99_sik,2024/9/14,30,0.744525731
99_sik,2024/9/14,40,0.698501348
99_sik,2024/9/14,50,0.8035447
99_sik,2024/9/15,5,0.150995135
99_sik,2024/9/15,10,0.13302587
99_sik,2024/9/15,15,0.142713979
99_sik,2024/9/15,20,0.286570102
99_sik,2024/9/15,30,0.752413154
99_sik,2024/9/15,40,0.620344222
99_sik,2024/9/15,50,0.796083272
99_sik,2024/9/16,5,0.153055802
99_sik,2024/9/16,10,0.137352794
99_sik,2024/9/16,15,0.140592113
99_sik,2024/9/16,20,0.277258068
99_sik,2024/9/16,30,0.767916918
99_sik,2024/9/16,40,0.561868727
99_sik,2024/9/16,50,0.775125682
99_sik,2024/9/17,5,0.15403302
99_sik,2024/9/17,10,0.135758862
99_sik,2024/9/17,15,0.141847685
99_sik,2024/9/17,20,0.28553161
99_sik,2024/9/17,30,0.758483052
99_sik,2024/9/17,40,0.526510358
99_sik,2024/9/17,50,0.7407915
99_sik,2024/9/18,5,0.150699183
99_sik,2024/9/18,10,0.138364688
99_sik,2024/9/18,15,0.144525617
99_sik,2024/9/18,20,0.294995278
99_sik,2024/9/18,30,0.729793787
99_sik,2024/9/18,40,0.494963795
99_sik,2024/9/18,50,0.714268386
99_sik,2024/9/19,5,0.146327734
99_sik,2024/9/19,10,0.137959033
99_sik,2024/9/19,15,0.14364101
99_sik,2024/9/19,20,0.302445352
99_sik,2024/9/19,30,0.725882173
99_sik,2024/9/19,40,0.490562588
99_sik,2024/9/19,50,0.702723086
99_sik,2024/9/20,5,0.15076232
99_sik,2024/9/20,10,0.138651371
99_sik,2024/9/20,15,0.147164255
99_sik,2024/9/20,20,0.306487024
99_sik,2024/9/20,30,0.719312012
99_sik,2024/9/20,40,0.470374912
99_sik,2024/9/20,50,0.679737091
99_sik,2024/9/21,5,0.152083099
99_sik,2024/9/21,10,0.145763695
99_sik,2024/9/21,15,0.154560089
99_sik,2024/9/21,20,0.303826272
99_sik,2024/9/21,30,0.680102408
99_sik,2024/9/21,40,0.42786479
99_sik,2024/9/21,50,0.611601233
99_sik,2024/9/22,5,0.161875397
99_sik,2024/9/22,10,0.163425609
99_sik,2024/9/22,15,0.16310823
99_sik,2024/9/22,20,0.295886874
99_sik,2024/9/22,30,0.634684205
99_sik,2024/9/22,40,0.371502161
99_sik,2024/9/22,50,0.52544719
99_sik,2024/9/23,5,0.171322659
99_sik,2024/9/23,10,0.174394011
99_sik,2024/9/23,15,0.170470029
99_sik,2024/9/23,20,0.300444186
99_sik,2024/9/23,30,0.643033206
99_sik,2024/9/23,40,0.348250985
99_sik,2024/9/23,50,0.476335377
99_sik,2024/9/24,5,0.173697203
99_sik,2024/9/24,10,0.175630048
99_sik,2024/9/24,15,0.175532445
99_sik,2024/9/24,20,0.302435428
99_sik,2024/9/24,30,0.680560112
99_sik,2024/9/24,40,0.370955259
99_sik,2024/9/24,50,0.452257544
99_sik,2024/9/25,5,0.179963887
99_sik,2024/9/25,10,0.177918941
99_sik,2024/9/25,15,0.193035528
99_sik,2024/9/25,20,0.302997142
99_sik,2024/9/25,30,0.701448143
99_sik,2024/9/25,40,0.420358121
99_sik,2024/9/25,50,0.429714352
99_sik,2024/9/26,5,0.181392476
99_sik,2024/9/26,10,0.178584144
99_sik,2024/9/26,15,0.198382542
99_sik,2024/9/26,20,0.295051157
99_sik,2024/9/26,30,0.685803056
99_sik,2024/9/26,40,0.488467842
99_sik,2024/9/26,50,0.430439562
99_sik,2024/9/27,5,0.178065196
99_sik,2024/9/27,10,0.169806793
99_sik,2024/9/27,15,0.185289994
99_sik,2024/9/27,20,0.275641441
99_sik,2024/9/27,30,0.6865803
99_sik,2024/9/27,40,0.56822139
99_sik,2024/9/27,50,0.466781825
99_sik,2024/9/28,5,0.168886393
99_sik,2024/9/28,10,0.156263784
99_sik,2024/9/28,15,0.162688881
99_sik,2024/9/28,20,0.229643211
99_sik,2024/9/28,30,0.706552148
99_sik,2024/9/28,40,0.657903671
99_sik,2024/9/28,50,0.515282333
99_sik,2024/9/29,5,0.160266414
99_sik,2024/9/29,10,0.149676219
99_sik,2024/9/29,15,0.146644264
99_sik,2024/9/29,20,0.197296545
99_sik,2024/9/29,30,0.697908044
99_sik,2024/9/29,40,0.727111459
99_sik,2024/9/29,50,0.541239917
99_sik,2024/9/30,5,0.155749545
99_sik,2024/9/30,10,0.147329345
99_sik,2024/9/30,15,0.137042031
99_sik,2024/9/30,20,0.180350035
99_sik,2024/9/30,30,0.664484799
99_sik,2024/9/30,40,0.784074366
99_sik,2024/9/30,50,0.545442581
99_sik,2024/10/1,5,0.152699009
99_sik,2024/10/1,10,0.144892797
99_sik,2024/10/1,15,0.130378783
99_sik,2024/10/1,20,0.166533723
99_sik,2024/10/1,30,0.613343716
99_sik,2024/10/1,40,0.834722102
99_sik,2024/10/1,50,0.550335944
99_sik,2024/10/2,5,0.151597306
99_sik,2024/10/2,10,0.149942815
99_sik,2024/10/2,15,0.1293367
99_sik,2024/10/2,20,0.154380098
99_sik,2024/10/2,30,0.544361532
99_sik,2024/10/2,40,0.849973321
99_sik,2024/10/2,50,0.546717584
99_sik,2024/10/3,5,0.154217899
99_sik,2024/10/3,10,0.154237375
99_sik,2024/10/3,15,0.140385732
99_sik,2024/10/3,20,0.150788918
99_sik,2024/10/3,30,0.477989107
99_sik,2024/10/3,40,0.818984568
99_sik,2024/10/3,50,0.525717199
99_sik,2024/10/4,5,0.161187202
99_sik,2024/10/4,10,0.161566198
99_sik,2024/10/4,15,0.152773216
99_sik,2024/10/4,20,0.157362804
99_sik,2024/10/4,30,0.428396642
99_sik,2024/10/4,40,0.76015377
99_sik,2024/10/4,50,0.496946305
99_sik,2024/10/5,5,0.165940613
99_sik,2024/10/5,10,0.166629568
99_sik,2024/10/5,15,0.163793564
99_sik,2024/10/5,20,0.167289466
99_sik,2024/10/5,30,0.4214257
99_sik,2024/10/5,40,0.759616852
99_sik,2024/10/5,50,0.494452178
99_sik,2024/10/6,5,0.15876095
99_sik,2024/10/6,10,0.159804523
99_sik,2024/10/6,15,0.16078423
99_sik,2024/10/6,20,0.160540491
99_sik,2024/10/6,30,0.419688523
99_sik,2024/10/6,40,0.794073343
99_sik,2024/10/6,50,0.506051898
99_sik,2024/10/7,5,0.154205203
99_sik,2024/10/7,10,0.156488687
99_sik,2024/10/7,15,0.156540334
99_sik,2024/10/7,20,0.15758425
99_sik,2024/10/7,30,0.39888227
99_sik,2024/10/7,40,0.764332354
99_sik,2024/10/7,50,0.502500176
99_sik,2024/10/8,5,0.157817841
99_sik,2024/10/8,10,0.158688918
99_sik,2024/10/8,15,0.163359687
99_sik,2024/10/8,20,0.161180258
99_sik,2024/10/8,30,0.394788802
99_sik,2024/10/8,40,0.765535891
99_sik,2024/10/8,50,0.53485173
99_sik,2024/10/9,5,0.155514181
99_sik,2024/10/9,10,0.155734688
99_sik,2024/10/9,15,0.156892732
99_sik,2024/10/9,20,0.156194448
99_sik,2024/10/9,30,0.388120234
99_sik,2024/10/9,40,0.825878143
99_sik,2024/10/9,50,0.599930406
99_sik,2024/10/10,5,0.15666768
99_sik,2024/10/10,10,0.156894594
99_sik,2024/10/10,15,0.157667994
99_sik,2024/10/10,20,0.15615046
99_sik,2024/10/10,30,0.371069044
99_sik,2024/10/10,40,0.863968611
99_sik,2024/10/10,50,0.6599769
99_sik,2024/10/11,5,0.157868564
99_sik,2024/10/11,10,0.158334672
99_sik,2024/10/11,15,0.159459502
99_sik,2024/10/11,20,0.159056112
99_sik,2024/10/11,30,0.347642571
99_sik,2024/10/11,40,0.888369203
99_sik,2024/10/11,50,0.72230953
99_sik,2024/10/12,5,0.154156402
99_sik,2024/10/12,10,0.154859453
99_sik,2024/10/12,15,0.156383172
99_sik,2024/10/12,20,0.161346525
99_sik,2024/10/12,30,0.317011595
99_sik,2024/10/12,40,0.905623138
99_sik,2024/10/12,50,0.774799049
99_sik,2024/10/13,5,0.152217016
99_sik,2024/10/13,10,0.152504176
99_sik,2024/10/13,15,0.15296872
99_sik,2024/10/13,20,0.162109852
99_sik,2024/10/13,30,0.297031969
99_sik,2024/10/13,40,0.931067884
99_sik,2024/10/13,50,0.826730669
99_sik,2024/10/14,5,0.150241852
99_sik,2024/10/14,10,0.150653258
99_sik,2024/10/14,15,0.151392743
99_sik,2024/10/14,20,0.162451521
99_sik,2024/10/14,30,0.291925907
99_sik,2024/10/14,40,0.951104105
99_sik,2024/10/14,50,0.871019065
99_sik,2024/10/15,5,0.149614155
99_sik,2024/10/15,10,0.150492221
99_sik,2024/10/15,15,0.1527576
99_sik,2024/10/15,20,0.166117817
99_sik,2024/10/15,30,0.288716942
99_sik,2024/10/15,40,0.918307781
99_sik,2024/10/15,50,0.86711669
99_sik,2024/10/16,5,0.148804873
99_sik,2024/10/16,10,0.149638668
99_sik,2024/10/16,15,0.151925042
99_sik,2024/10/16,20,0.171819046
99_sik,2024/10/16,30,0.280037224
99_sik,2024/10/16,40,0.917756319
99_sik,2024/10/16,50,0.884893775
99_sik,2024/10/17,5,0.148989826
99_sik,2024/10/17,10,0.14965117
99_sik,2024/10/17,15,0.150826186
99_sik,2024/10/17,20,0.167518079
99_sik,2024/10/17,30,0.270788312
99_sik,2024/10/17,40,0.942035258
99_sik,2024/10/17,50,0.902410865
99_sik,2024/10/18,5,0.149887711
99_sik,2024/10/18,10,0.150619045
99_sik,2024/10/18,15,0.152166247
99_sik,2024/10/18,20,0.168068588
99_sik,2024/10/18,30,0.275957018
99_sik,2024/10/18,40,0.922309816
99_sik,2024/10/18,50,0.870366633
99_sik,2024/10/19,5,0.165853336
99_sik,2024/10/19,10,0.16631031
99_sik,2024/10/19,15,0.166970119
99_sik,2024/10/19,20,0.169550717
99_sik,2024/10/19,30,0.28372848
99_sik,2024/10/19,40,0.849725366
99_sik,2024/10/19,50,0.785271406
99_sik,2024/10/20,5,0.182659641
99_sik,2024/10/20,10,0.18275471
99_sik,2024/10/20,15,0.182854414
99_sik,2024/10/20,20,0.183434591
99_sik,2024/10/20,30,0.329613954
99_sik,2024/10/20,40,0.779464006
99_sik,2024/10/20,50,0.660265923
99_sik,2024/10/21,5,0.178754047
99_sik,2024/10/21,10,0.178802714
99_sik,2024/10/21,15,0.178883418
99_sik,2024/10/21,20,0.179178804
99_sik,2024/10/21,30,0.38056469
99_sik,2024/10/21,40,0.743273675
99_sik,2024/10/21,50,0.580036044
99_sik,2024/10/22,5,0.174395844
99_sik,2024/10/22,10,0.174421474
99_sik,2024/10/22,15,0.174577117
99_sik,2024/10/22,20,0.177582309
99_sik,2024/10/22,30,0.400804639
99_sik,2024/10/22,40,0.702813387
99_sik,2024/10/22,50,0.53552866
99_sik,2024/10/23,5,0.173314944
99_sik,2024/10/23,10,0.173593462
99_sik,2024/10/23,15,0.174287915
99_sik,2024/10/23,20,0.182908773
99_sik,2024/10/23,30,0.411290556
99_sik,2024/10/23,40,0.614579022
99_sik,2024/10/23,50,0.478679776
99_sik,2024/10/24,5,0.191600293
99_sik,2024/10/24,10,0.19186686
99_sik,2024/10/24,15,0.19224292
99_sik,2024/10/24,20,0.200700775
99_sik,2024/10/24,30,0.45721817
99_sik,2024/10/24,40,0.548001468
99_sik,2024/10/24,50,0.437436581
99_sik,2024/10/25,5,0.191160142
99_sik,2024/10/25,10,0.191481531
99_sik,2024/10/25,15,0.192021623
99_sik,2024/10/25,20,0.207220197
99_sik,2024/10/25,30,0.521036208
99_sik,2024/10/25,40,0.548260093
99_sik,2024/10/25,50,0.437363595
99_sik,2024/10/26,5,0.186095744
99_sik,2024/10/26,10,0.186602637
99_sik,2024/10/26,15,0.187341794
99_sik,2024/10/26,20,0.200685456
99_sik,2024/10/26,30,0.565611303
99_sik,2024/10/26,40,0.555885077
99_sik,2024/10/26,50,0.444945842
99_sik,2024/10/27,5,0.185416132
99_sik,2024/10/27,10,0.185976997
99_sik,2024/10/27,15,0.1867726
99_sik,2024/10/27,20,0.200993642
99_sik,2024/10/27,30,0.5771088
99_sik,2024/10/27,40,0.535391986
99_sik,2024/10/27,50,0.437024385
99_sik,2024/10/28,5,0.203410566
99_sik,2024/10/28,10,0.203640446
99_sik,2024/10/28,15,0.203926265
99_sik,2024/10/28,20,0.21957019
99_sik,2024/10/28,30,0.577183604
99_sik,2024/10/28,40,0.505515873
99_sik,2024/10/28,50,0.423056185
99_sik,2024/10/29,5,0.209927529
99_sik,2024/10/29,10,0.210127845
99_sik,2024/10/29,15,0.210449681
99_sik,2024/10/29,20,0.227356091
99_sik,2024/10/29,30,0.596414089
99_sik,2024/10/29,40,0.493896514
99_sik,2024/10/29,50,0.420844942
99_sik,2024/10/30,5,0.206397027
99_sik,2024/10/30,10,0.206749991
99_sik,2024/10/30,15,0.207306892
99_sik,2024/10/30,20,0.224400207
99_sik,2024/10/30,30,0.613473833
99_sik,2024/10/30,40,0.485138685
99_sik,2024/10/30,50,0.420741439
99_sik,2024/10/31,5,0.208972901
99_sik,2024/10/31,10,0.209355727
99_sik,2024/10/31,15,0.20990634
99_sik,2024/10/31,20,0.229751512
99_sik,2024/10/31,30,0.632332444
99_sik,2024/10/31,40,0.484329939
99_sik,2024/10/31,50,0.424693763
99_sik,2024/11/1,5,0.209072247
99_sik,2024/11/1,10,0.209486037
99_sik,2024/11/1,15,0.210100502
99_sik,2024/11/1,20,0.229641363
99_sik,2024/11/1,30,0.642245114
99_sik,2024/11/1,40,0.483671248
99_sik,2024/11/1,50,0.426974177
99_sik,2024/11/2,5,0.21183157
99_sik,2024/11/2,10,0.212444529
99_sik,2024/11/2,15,0.213292584
99_sik,2024/11/2,20,0.236705184
99_sik,2024/11/2,30,0.619468808
99_sik,2024/11/2,40,0.468855679
99_sik,2024/11/2,50,0.417721808
99_sik,2024/11/3,5,0.225487083
99_sik,2024/11/3,10,0.225842774
99_sik,2024/11/3,15,0.226349324
99_sik,2024/11/3,20,0.253910422
99_sik,2024/11/3,30,0.604934931
99_sik,2024/11/3,40,0.459869087
99_sik,2024/11/3,50,0.411826581
99_sik,2024/11/4,5,0.237428278
99_sik,2024/11/4,10,0.237874225
99_sik,2024/11/4,15,0.238678291
99_sik,2024/11/4,20,0.275806695
99_sik,2024/11/4,30,0.566372633
99_sik,2024/11/4,40,0.441775888
99_sik,2024/11/4,50,0.398495138
99_sik,2024/11/5,5,0.255561322
99_sik,2024/11/5,10,0.256083131
99_sik,2024/11/5,15,0.256955594
99_sik,2024/11/5,20,0.306987971
99_sik,2024/11/5,30,0.547727883
99_sik,2024/11/5,40,0.436502099
99_sik,2024/11/5,50,0.393330872
99_sik,2024/11/6,5,0.267818183
99_sik,2024/11/6,10,0.268670887
99_sik,2024/11/6,15,0.269993395
99_sik,2024/11/6,20,0.329738051
99_sik,2024/11/6,30,0.561067045
99_sik,2024/11/6,40,0.44778195
99_sik,2024/11/6,50,0.398571521
99_sik,2024/11/7,5,0.29530099
99_sik,2024/11/7,10,0.296068639
99_sik,2024/11/7,15,0.297314346
99_sik,2024/11/7,20,0.353388935
99_sik,2024/11/7,30,0.559344053
99_sik,2024/11/7,40,0.456938356
99_sik,2024/11/7,50,0.400970161
99_sik,2024/11/8,5,0.324205339
99_sik,2024/11/8,10,0.325032085
99_sik,2024/11/8,15,0.326313555
99_sik,2024/11/8,20,0.368418276
99_sik,2024/11/8,30,0.526441991
99_sik,2024/11/8,40,0.451529145
99_sik,2024/11/8,50,0.393611014
99_sik,2024/11/9,5,0.345255166
99_sik,2024/11/9,10,0.345897764
99_sik,2024/11/9,15,0.346917003
99_sik,2024/11/9,20,0.386933744
99_sik,2024/11/9,30,0.507170081
99_sik,2024/11/9,40,0.44644475
99_sik,2024/11/9,50,0.38520059
99_sik,2024/11/10,5,0.350580186
99_sik,2024/11/10,10,0.351286322
99_sik,2024/11/10,15,0.352526546
99_sik,2024/11/10,20,0.393516064
99_sik,2024/11/10,30,0.506868541
99_sik,2024/11/10,40,0.445382982
99_sik,2024/11/10,50,0.379410028
99_sik,2024/11/11,5,0.3578839
99_sik,2024/11/11,10,0.358508557
99_sik,2024/11/11,15,0.359548509
99_sik,2024/11/11,20,0.387485206
99_sik,2024/11/11,30,0.510620832
99_sik,2024/11/11,40,0.447037667
99_sik,2024/11/11,50,0.376046687
99_sik,2024/11/12,5,0.371411324
99_sik,2024/11/12,10,0.372196645
99_sik,2024/11/12,15,0.373421252
99_sik,2024/11/12,20,0.382008016
99_sik,2024/11/12,30,0.504788816
99_sik,2024/11/12,40,0.447320879
99_sik,2024/11/12,50,0.372017443
99_sik,2024/11/13,5,0.398424238
99_sik,2024/11/13,10,0.399008512
99_sik,2024/11/13,15,0.399742573
99_sik,2024/11/13,20,0.402632475
99_sik,2024/11/13,30,0.491248608
99_sik,2024/11/13,40,0.442303807
99_sik,2024/11/13,50,0.365346581
99_sik,2024/11/14,5,0.415178835
99_sik,2024/11/14,10,0.415326327
99_sik,2024/11/14,15,0.415566057
99_sik,2024/11/14,20,0.416751355
99_sik,2024/11/14,30,0.492740154
99_sik,2024/11/14,40,0.442656994
99_sik,2024/11/14,50,0.362785935
99_sik,2024/11/15,5,0.416749895
99_sik,2024/11/15,10,0.41694513
99_sik,2024/11/15,15,0.417197526
99_sik,2024/11/15,20,0.419009924
99_sik,2024/11/15,30,0.473986447
99_sik,2024/11/15,40,0.430803776
99_sik,2024/11/15,50,0.353631258
99_sik,2024/11/16,5,0.426371574
99_sik,2024/11/16,10,0.426283926
99_sik,2024/11/16,15,0.426144361
99_sik,2024/11/16,20,0.42584458
99_sik,2024/11/16,30,0.454572529
99_sik,2024/11/16,40,0.416529119
99_sik,2024/11/16,50,0.343973249
99_sik,2024/11/17,5,0.429326445
99_sik,2024/11/17,10,0.42889154
99_sik,2024/11/17,15,0.428406507
99_sik,2024/11/17,20,0.427142233
99_sik,2024/11/17,30,0.432326794
99_sik,2024/11/17,40,0.404345125
99_sik,2024/11/17,50,0.335374147
99_sik,2024/11/18,5,0.450988114
99_sik,2024/11/18,10,0.450694084
99_sik,2024/11/18,15,0.450412184
99_sik,2024/11/18,20,0.449868053
99_sik,2024/11/18,30,0.433102757
99_sik,2024/11/18,40,0.400409728
99_sik,2024/11/18,50,0.334291458
99_sik,2024/11/19,5,0.494778782
99_sik,2024/11/19,10,0.49421975
99_sik,2024/11/19,15,0.493648976
99_sik,2024/11/19,20,0.492438436
99_sik,2024/11/19,30,0.45119682
99_sik,2024/11/19,40,0.394554079
99_sik,2024/11/19,50,0.333261728
99_sik,2024/11/20,5,0.528895855
99_sik,2024/11/20,10,0.528391242
99_sik,2024/11/20,15,0.527855575
99_sik,2024/11/20,20,0.526541412
99_sik,2024/11/20,30,0.445909142
99_sik,2024/11/20,40,0.381373137
99_sik,2024/11/20,50,0.327555746
99_sik,2024/11/21,5,0.561266422
99_sik,2024/11/21,10,0.560378909
99_sik,2024/11/21,15,0.559392393
99_sik,2024/11/21,20,0.55699873
99_sik,2024/11/21,30,0.445623159
99_sik,2024/11/21,40,0.376361519
99_sik,2024/11/21,50,0.328246295
99_sik,2024/11/22,5,0.578291237
99_sik,2024/11/22,10,0.576285541
99_sik,2024/11/22,15,0.573666632
99_sik,2024/11/22,20,0.5678702
99_sik,2024/11/22,30,0.439094722
99_sik,2024/11/22,40,0.370195627
99_sik,2024/11/22,50,0.3283104
99_sik,2024/11/23,5,0.580903292
99_sik,2024/11/23,10,0.579618633
99_sik,2024/11/23,15,0.578285098
99_sik,2024/11/23,20,0.576089978
99_sik,2024/11/23,30,0.446897477
99_sik,2024/11/23,40,0.366056085
99_sik,2024/11/23,50,0.328576446
99_sik,2024/11/24,5,0.587928951
99_sik,2024/11/24,10,0.586907506
99_sik,2024/11/24,15,0.585867763
99_sik,2024/11/24,20,0.584169447
99_sik,2024/11/24,30,0.465535581
99_sik,2024/11/24,40,0.359155536
99_sik,2024/11/24,50,0.325882673
99_sik,2024/11/25,5,0.600848377
99_sik,2024/11/25,10,0.599475861
99_sik,2024/11/25,15,0.597973049
99_sik,2024/11/25,20,0.595469594
99_sik,2024/11/25,30,0.52798903
99_sik,2024/11/25,40,0.352267683
99_sik,2024/11/25,50,0.323269218
99_sik,2024/11/26,5,0.610137224
99_sik,2024/11/26,10,0.609289527
99_sik,2024/11/26,15,0.607984126
99_sik,2024/11/26,20,0.605117261
99_sik,2024/11/26,30,0.580143809
99_sik,2024/11/26,40,0.362377137
99_sik,2024/11/26,50,0.319238752
99_sik,2024/11/27,5,0.625948131
99_sik,2024/11/27,10,0.621772766
99_sik,2024/11/27,15,0.615900099
99_sik,2024/11/27,20,0.603275418
99_sik,2024/11/27,30,0.543555975
99_sik,2024/11/27,40,0.354774356
99_sik,2024/11/27,50,0.306136221
99_sik,2024/11/28,5,0.621171296
99_sik,2024/11/28,10,0.618379235
99_sik,2024/11/28,15,0.615391791
99_sik,2024/11/28,20,0.61074841
99_sik,2024/11/28,30,0.561262369
99_sik,2024/11/28,40,0.336797148
99_sik,2024/11/28,50,0.293700576
99_sik,2024/11/29,5,0.623242795
99_sik,2024/11/29,10,0.621841252
99_sik,2024/11/29,15,0.620335817
99_sik,2024/11/29,20,0.618061185
99_sik,2024/11/29,30,0.601559341
99_sik,2024/11/29,40,0.375329733
99_sik,2024/11/29,50,0.28886801
99_sik,2024/11/30,5,0.638788342
99_sik,2024/11/30,10,0.637560427
99_sik,2024/11/30,15,0.636244118
99_sik,2024/11/30,20,0.634292841
99_sik,2024/11/30,30,0.626513898
99_sik,2024/11/30,40,0.500984788
99_sik,2024/11/30,50,0.295533925
99_sik,2024/12/1,5,0.664692938
99_sik,2024/12/1,10,0.663374424
99_sik,2024/12/1,15,0.661996901
99_sik,2024/12/1,20,0.659977257
99_sik,2024/12/1,30,0.653375745
99_sik,2024/12/1,40,0.622585773
99_sik,2024/12/1,50,0.315815002
99_sik,2024/12/2,5,0.705035985
99_sik,2024/12/2,10,0.703637898
99_sik,2024/12/2,15,0.701871455
99_sik,2024/12/2,20,0.698636115
99_sik,2024/12/2,30,0.686038613
99_sik,2024/12/2,40,0.628156483
99_sik,2024/12/2,50,0.328943908
99_sik,2024/12/3,5,0.717914104
99_sik,2024/12/3,10,0.715166807
99_sik,2024/12/3,15,0.712258697
99_sik,2024/12/3,20,0.707881927
99_sik,2024/12/3,30,0.69510293
99_sik,2024/12/3,40,0.65648061
99_sik,2024/12/3,50,0.472272456
99_sik,2024/12/4,5,0.71074152
99_sik,2024/12/4,10,0.708694041
99_sik,2024/12/4,15,0.706626952
99_sik,2024/12/4,20,0.70367223
99_sik,2024/12/4,30,0.696037352
99_sik,2024/12/4,40,0.678438127
99_sik,2024/12/4,50,0.642670989
99_sik,2024/12/5,5,0.724212348
99_sik,2024/12/5,10,0.722573042
99_sik,2024/12/5,15,0.720929861
99_sik,2024/12/5,20,0.718608737
99_sik,2024/12/5,30,0.712879837
99_sik,2024/12/5,40,0.701489747
99_sik,2024/12/5,50,0.682269096
99_sik,2024/12/6,5,0.717236519
99_sik,2024/12/6,10,0.715488017
99_sik,2024/12/6,15,0.713621259
99_sik,2024/12/6,20,0.710853994
99_sik,2024/12/6,30,0.70380044
99_sik,2024/12/6,40,0.692782044
99_sik,2024/12/6,50,0.678112388
99_sik,2024/12/7,5,0.688564301
99_sik,2024/12/7,10,0.686902106
99_sik,2024/12/7,15,0.685167313
99_sik,2024/12/7,20,0.682662249
99_sik,2024/12/7,30,0.67667985
99_sik,2024/12/7,40,0.669602871
99_sik,2024/12/7,50,0.662071407
99_sik,2024/12/8,5,0.696120322
99_sik,2024/12/8,10,0.694652498
99_sik,2024/12/8,15,0.693201184
99_sik,2024/12/8,20,0.691195428
99_sik,2024/12/8,30,0.686658144
99_sik,2024/12/8,40,0.681620717
99_sik,2024/12/8,50,0.676552117
99_sik,2024/12/9,5,0.697763681
99_sik,2024/12/9,10,0.696519375
99_sik,2024/12/9,15,0.695334077
99_sik,2024/12/9,20,0.693760574
99_sik,2024/12/9,30,0.690428853
99_sik,2024/12/9,40,0.686843753
99_sik,2024/12/9,50,0.683094621
99_sik,2024/12/10,5,0.701088727
99_sik,2024/12/10,10,0.699924767
99_sik,2024/12/10,15,0.698844075
99_sik,2024/12/10,20,0.697435558
99_sik,2024/12/10,30,0.694498658
99_sik,2024/12/10,40,0.691306174
99_sik,2024/12/10,50,0.687903106
99_sik,2024/12/11,5,0.723290503
99_sik,2024/12/11,10,0.722117126
99_sik,2024/12/11,15,0.720988333
99_sik,2024/12/11,20,0.719490051
99_sik,2024/12/11,30,0.716356575
99_sik,2024/12/11,40,0.713019669
99_sik,2024/12/11,50,0.709477186
99_sik,2024/12/12,5,0.760755301
99_sik,2024/12/12,10,0.759548426
99_sik,2024/12/12,15,0.758433461
99_sik,2024/12/12,20,0.75700438
99_sik,2024/12/12,30,0.754157484
99_sik,2024/12/12,40,0.751226544
99_sik,2024/12/12,50,0.748097539
99_sik,2024/12/13,5,0.793558657
99_sik,2024/12/13,10,0.792346299
99_sik,2024/12/13,15,0.791252017
99_sik,2024/12/13,20,0.789871812
99_sik,2024/12/13,30,0.787166417
99_sik,2024/12/13,40,0.784420133
99_sik,2024/12/13,50,0.781515419
99_sik,2024/12/14,5,0.810049355
99_sik,2024/12/14,10,0.808896244
99_sik,2024/12/14,15,0.807863474
99_sik,2024/12/14,20,0.806570649
99_sik,2024/12/14,30,0.804068565
99_sik,2024/12/14,40,0.801580966
99_sik,2024/12/14,50,0.799008846
99_sik,2024/12/15,5,0.798979402
99_sik,2024/12/15,10,0.797939301
99_sik,2024/12/15,15,0.797016799
99_sik,2024/12/15,20,0.795871556
99_sik,2024/12/15,30,0.793687046
99_sik,2024/12/15,40,0.791596651
99_sik,2024/12/15,50,0.789613545
99_sik,2024/12/16,5,0.789038539
99_sik,2024/12/16,10,0.78805548
99_sik,2024/12/16,15,0.78718394
99_sik,2024/12/16,20,0.786093116
99_sik,2024/12/16,30,0.783960521
99_sik,2024/12/16,40,0.782072008
99_sik,2024/12/16,50,0.780792832
99_sik,2024/12/17,5,0.790104508
99_sik,2024/12/17,10,0.789084315
99_sik,2024/12/17,15,0.788180947
99_sik,2024/12/17,20,0.787038565
99_sik,2024/12/17,30,0.784738481
99_sik,2024/12/17,40,0.782512307
99_sik,2024/12/17,50,0.781311333
99_sik,2024/12/18,5,0.785098314
99_sik,2024/12/18,10,0.784130037
99_sik,2024/12/18,15,0.783269465
99_sik,2024/12/18,20,0.782166481
99_sik,2024/12/18,30,0.779809296
99_sik,2024/12/18,40,0.776549816
99_sik,2024/12/18,50,0.774115562
99_sik,2024/12/19,5,0.774266303
99_sik,2024/12/19,10,0.77322346
99_sik,2024/12/19,15,0.772250235
99_sik,2024/12/19,20,0.770960987
99_sik,2024/12/19,30,0.768080294
99_sik,2024/12/19,40,0.763328552
99_sik,2024/12/19,50,0.757336259
99_sik,2024/12/20,5,0.733440578
99_sik,2024/12/20,10,0.732441902
99_sik,2024/12/20,15,0.731511295
99_sik,2024/12/20,20,0.730262756
99_sik,2024/12/20,30,0.727245152
99_sik,2024/12/20,40,0.721165717
99_sik,2024/12/20,50,0.711585224
99_sik,2024/12/21,5,0.694957316
99_sik,2024/12/21,10,0.694749594
99_sik,2024/12/21,15,0.694574177
99_sik,2024/12/21,20,0.694313586
99_sik,2024/12/21,30,0.692740619
99_sik,2024/12/21,40,0.678103149
99_sik,2024/12/21,50,0.63845998
99_sik,2024/12/22,5,0.704405785
99_sik,2024/12/22,10,0.703745425
99_sik,2024/12/22,15,0.703114629
99_sik,2024/12/22,20,0.702204406
99_sik,2024/12/22,30,0.697277009
99_sik,2024/12/22,40,0.631289721
99_sik,2024/12/22,50,0.57457298
99_sik,2024/12/23,5,0.718995929
99_sik,2024/12/23,10,0.717589855
99_sik,2024/12/23,15,0.716170311
99_sik,2024/12/23,20,0.714110732
99_sik,2024/12/23,30,0.706279397
99_sik,2024/12/23,40,0.612811565
99_sik,2024/12/23,50,0.547584593
99_sik,2024/12/24,5,0.72906667
99_sik,2024/12/24,10,0.727730155
99_sik,2024/12/24,15,0.726369083
99_sik,2024/12/24,20,0.72437948
99_sik,2024/12/24,30,0.717102468
99_sik,2024/12/24,40,0.62427032
99_sik,2024/12/24,50,0.541674316
99_sik,2024/12/25,5,0.737854004
99_sik,2024/12/25,10,0.736779153
99_sik,2024/12/25,15,0.735615253
99_sik,2024/12/25,20,0.733787835
99_sik,2024/12/25,30,0.726345599
99_sik,2024/12/25,40,0.651587188
99_sik,2024/12/25,50,0.539195955
99_sik,2024/12/26,5,0.736458063
99_sik,2024/12/26,10,0.735090911
99_sik,2024/12/26,15,0.733637393
99_sik,2024/12/26,20,0.731469512
99_sik,2024/12/26,30,0.724669337
99_sik,2024/12/26,40,0.700712144
99_sik,2024/12/26,50,0.592048228
99_sik,2024/12/27,5,0.717500925
99_sik,2024/12/27,10,0.716137588
99_sik,2024/12/27,15,0.714709878
99_sik,2024/12/27,20,0.712623
99_sik,2024/12/27,30,0.70715934
99_sik,2024/12/27,40,0.697349668
99_sik,2024/12/27,50,0.675607681
99_sik,2024/12/28,5,0.702498436
99_sik,2024/12/28,10,0.701457858
99_sik,2024/12/28,15,0.700466335
99_sik,2024/12/28,20,0.699106395
99_sik,2024/12/28,30,0.695925474
99_sik,2024/12/28,40,0.691809952
99_sik,2024/12/28,50,0.686682224
99_sik,2024/12/29,5,0.712135494
99_sik,2024/12/29,10,0.711473584
99_sik,2024/12/29,15,0.710900903
99_sik,2024/12/29,20,0.710185528
99_sik,2024/12/29,30,0.708717883
99_sik,2024/12/29,40,0.707140088
99_sik,2024/12/29,50,0.705703676
99_sik,2024/12/30,5,0.726767838
99_sik,2024/12/30,10,0.726828158
99_sik,2024/12/30,15,0.726905942
99_sik,2024/12/30,20,0.727003396
99_sik,2024/12/30,30,0.727088749
99_sik,2024/12/30,40,0.726594865
99_sik,2024/12/30,50,0.725674152
99_sik,2024/12/31,5,0.734854937
99_sik,2024/12/31,10,0.734884501
99_sik,2024/12/31,15,0.734970391
99_sik,2024/12/31,20,0.735123992
99_sik,2024/12/31,30,0.735649109
99_sik,2024/12/31,40,0.734284818
99_sik,2024/12/31,50,0.728202224
99_sik,2025/1/1,5,0.749931514
99_sik,2025/1/1,10,0.749432087
99_sik,2025/1/1,15,0.749018431
99_sik,2025/1/1,20,0.748501718
99_sik,2025/1/1,30,0.747256339
99_sik,2025/1/1,40,0.744630754
99_sik,2025/1/1,50,0.740850508
99_sik,2025/1/2,5,0.77260673
99_sik,2025/1/2,10,0.77212429
99_sik,2025/1/2,15,0.771737039
99_sik,2025/1/2,20,0.771266758
99_sik,2025/1/2,30,0.770210207
99_sik,2025/1/2,40,0.768435419
99_sik,2025/1/2,50,0.766256213
99_sik,2025/1/3,5,0.792383313
99_sik,2025/1/3,10,0.791931689
99_sik,2025/1/3,15,0.791559875
99_sik,2025/1/3,20,0.791085422
99_sik,2025/1/3,30,0.789918482
99_sik,2025/1/3,40,0.788068175
99_sik,2025/1/3,50,0.785941541
99_sik,2025/1/4,5,0.808222473
99_sik,2025/1/4,10,0.807655394
99_sik,2025/1/4,15,0.807170272
99_sik,2025/1/4,20,0.806564927
99_sik,2025/1/4,30,0.805288017
99_sik,2025/1/4,40,0.803741276
99_sik,2025/1/4,50,0.802154958
99_sik,2025/1/5,5,0.799848437
99_sik,2025/1/5,10,0.800012171
99_sik,2025/1/5,15,0.800171673
99_sik,2025/1/5,20,0.800377846
99_sik,2025/1/5,30,0.800622165
99_sik,2025/1/5,40,0.800108969
99_sik,2025/1/5,50,0.798773646
99_sik,2025/1/6,5,0.762593091
99_sik,2025/1/6,10,0.762886047
99_sik,2025/1/6,15,0.763244152
99_sik,2025/1/6,20,0.763927996
99_sik,2025/1/6,30,0.766399741
99_sik,2025/1/6,40,0.759136796
99_sik,2025/1/6,50,0.750763655
99_sik,2025/1/7,5,0.747031629
99_sik,2025/1/7,10,0.74653393
99_sik,2025/1/7,15,0.746037722
99_sik,2025/1/7,20,0.745286465
99_sik,2025/1/7,30,0.741368711
99_sik,2025/1/7,40,0.717350185
99_sik,2025/1/7,50,0.703163564
99_sik,2025/1/8,5,0.741068721
99_sik,2025/1/8,10,0.740205109
99_sik,2025/1/8,15,0.739348292
99_sik,2025/1/8,20,0.738141358
99_sik,2025/1/8,30,0.735113919
99_sik,2025/1/8,40,0.731306136
99_sik,2025/1/8,50,0.727571368
99_sik,2025/1/9,5,0.748187542
99_sik,2025/1/9,10,0.747667074
99_sik,2025/1/9,15,0.747212172
99_sik,2025/1/9,20,0.746630251
99_sik,2025/1/9,30,0.745394826
99_sik,2025/1/9,40,0.744055212
99_sik,2025/1/9,50,0.742817998
99_sik,2025/1/10,5,0.759165525
99_sik,2025/1/10,10,0.759337246
99_sik,2025/1/10,15,0.759599328
99_sik,2025/1/10,20,0.760049701
99_sik,2025/1/10,30,0.76114583
99_sik,2025/1/10,40,0.761000276
99_sik,2025/1/10,50,0.760300577
99_sik,2025/1/11,5,0.777534664
99_sik,2025/1/11,10,0.778056085
99_sik,2025/1/11,15,0.778580427
99_sik,2025/1/11,20,0.779284477
99_sik,2025/1/11,30,0.780838132
99_sik,2025/1/11,40,0.781163931
99_sik,2025/1/11,50,0.780852795
99_sik,2025/1/12,5,0.789464951
99_sik,2025/1/12,10,0.790060818
99_sik,2025/1/12,15,0.790641248
99_sik,2025/1/12,20,0.791410863
99_sik,2025/1/12,30,0.793143213
99_sik,2025/1/12,40,0.794234216
99_sik,2025/1/12,50,0.794234276
99_sik,2025/1/13,5,0.791898608
99_sik,2025/1/13,10,0.792131722
99_sik,2025/1/13,15,0.792433619
99_sik,2025/1/13,20,0.792897701
99_sik,2025/1/13,30,0.793929636
99_sik,2025/1/13,40,0.792880774
99_sik,2025/1/13,50,0.788440764
99_sik,2025/1/14,5,0.793388128
99_sik,2025/1/14,10,0.792900741
99_sik,2025/1/14,15,0.792472363
99_sik,2025/1/14,20,0.791904151
99_sik,2025/1/14,30,0.79043442
99_sik,2025/1/14,40,0.787707508
99_sik,2025/1/14,50,0.783210814
99_sik,2025/1/15,5,0.801100731
99_sik,2025/1/15,10,0.800490439
99_sik,2025/1/15,15,0.799956262
99_sik,2025/1/15,20,0.799289227
99_sik,2025/1/15,30,0.797905743
99_sik,2025/1/15,40,0.796404362
99_sik,2025/1/15,50,0.794852197
99_sik,2025/1/16,5,0.810732722
99_sik,2025/1/16,10,0.810424924
99_sik,2025/1/16,15,0.810183823
99_sik,2025/1/16,20,0.809898734
99_sik,2025/1/16,30,0.809332013
99_sik,2025/1/16,40,0.80860585
99_sik,2025/1/16,50,0.807786465
99_sik,2025/1/17,5,0.825128496
99_sik,2025/1/17,10,0.824747086
99_sik,2025/1/17,15,0.824457884
99_sik,2025/1/17,20,0.824135363
99_sik,2025/1/17,30,0.823542178
99_sik,2025/1/17,40,0.822882354
99_sik,2025/1/17,50,0.822247326
99_sik,2025/1/18,5,0.846946776
99_sik,2025/1/18,10,0.847075582
99_sik,2025/1/18,15,0.847198009
99_sik,2025/1/18,20,0.847348273
99_sik,2025/1/18,30,0.84753263
99_sik,2025/1/18,40,0.846821308
99_sik,2025/1/18,50,0.843429744
99_sik,2025/1/19,5,0.85582453
99_sik,2025/1/19,10,0.856217742
99_sik,2025/1/19,15,0.856137633
99_sik,2025/1/19,20,0.855156481
99_sik,2025/1/19,30,0.846468449
99_sik,2025/1/19,40,0.824767351
99_sik,2025/1/19,50,0.806239665
99_sik,2025/1/20,5,0.877936304
99_sik,2025/1/20,10,0.876576483
99_sik,2025/1/20,15,0.874854863
99_sik,2025/1/20,20,0.871481955
99_sik,2025/1/20,30,0.844355106
99_sik,2025/1/20,40,0.793753266
99_sik,2025/1/20,50,0.761449099
99_sik,2025/1/21,5,0.892731369
99_sik,2025/1/21,10,0.891180515
99_sik,2025/1/21,15,0.889267206
99_sik,2025/1/21,20,0.885103106
99_sik,2025/1/21,30,0.866718411
99_sik,2025/1/21,40,0.82435447
99_sik,2025/1/21,50,0.791791499
99_sik,2025/1/22,5,0.847771227
99_sik,2025/1/22,10,0.847118497
99_sik,2025/1/22,15,0.846414804
99_sik,2025/1/22,20,0.845292449
99_sik,2025/1/22,30,0.842504919
99_sik,2025/1/22,40,0.837730646
99_sik,2025/1/22,50,0.830228329
99_sik,2025/1/23,5,0.846221507
99_sik,2025/1/23,10,0.846153259
99_sik,2025/1/23,15,0.846112669
99_sik,2025/1/23,20,0.84601289
99_sik,2025/1/23,30,0.84500438
99_sik,2025/1/23,40,0.832222819
99_sik,2025/1/23,50,0.805182934
99_sik,2025/1/24,5,0.885900617
99_sik,2025/1/24,10,0.884700477
99_sik,2025/1/24,15,0.883023798
99_sik,2025/1/24,20,0.879709423
99_sik,2025/1/24,30,0.863503337
99_sik,2025/1/24,40,0.824662805
99_sik,2025/1/24,50,0.781706929
99_sik,2025/1/25,5,0.917255163
99_sik,2025/1/25,10,0.913750947
99_sik,2025/1/25,15,0.909494758
99_sik,2025/1/25,20,0.901929736
99_sik,2025/1/25,30,0.877122641
99_sik,2025/1/25,40,0.837405443
99_sik,2025/1/25,50,0.783640206
99_sik,2025/1/26,5,0.954526186
99_sik,2025/1/26,10,0.950866342
99_sik,2025/1/26,15,0.94622004
99_sik,2025/1/26,20,0.937922597
99_sik,2025/1/26,30,0.912395358
99_sik,2025/1/26,40,0.874596298
99_sik,2025/1/26,50,0.816388488
99_sik,2025/1/27,5,1.000620961
99_sik,2025/1/27,10,0.996889472
99_sik,2025/1/27,15,0.992087007
99_sik,2025/1/27,20,0.983446181
99_sik,2025/1/27,30,0.956365645
99_sik,2025/1/27,40,0.914810121
99_sik,2025/1/27,50,0.860333622
99_sik,2025/1/28,5,1.045838594
99_sik,2025/1/28,10,1.042393804
99_sik,2025/1/28,15,1.037859917
99_sik,2025/1/28,20,1.029370546
99_sik,2025/1/28,30,1.00008297
99_sik,2025/1/28,40,0.950883508
99_sik,2025/1/28,50,0.890950024
99_sik,2025/1/29,5,1.034128308
99_sik,2025/1/29,10,1.032090187
99_sik,2025/1/29,15,1.02968204
99_sik,2025/1/29,20,1.025656104
99_sik,2025/1/29,30,1.012886047
99_sik,2025/1/29,40,0.993766367
99_sik,2025/1/29,50,0.966686904
99_sik,2025/1/30,5,1.033573866
99_sik,2025/1/30,10,1.03293407
99_sik,2025/1/30,15,1.032281399
99_sik,2025/1/30,20,1.031338453
99_sik,2025/1/30,30,1.029064536
99_sik,2025/1/30,40,1.026698232
99_sik,2025/1/30,50,1.024574876
99_sik,2025/1/31,5,1.060704708
99_sik,2025/1/31,10,1.060288668
99_sik,2025/1/31,15,1.059901953
99_sik,2025/1/31,20,1.059392333
99_sik,2025/1/31,30,1.058313608
99_sik,2025/1/31,40,1.057596445
99_sik,2025/1/31,50,1.057709575
99_sik,2025/2/1,5,1.106866241
99_sik,2025/2/1,10,1.106645465
99_sik,2025/2/1,15,1.10644865
99_sik,2025/2/1,20,1.106174231
99_sik,2025/2/1,30,1.105540156
99_sik,2025/2/1,40,1.105244398
99_sik,2025/2/1,50,1.105829835
99_sik,2025/2/2,5,1.179183602
99_sik,2025/2/2,10,1.179078579
99_sik,2025/2/2,15,1.179006934
99_sik,2025/2/2,20,1.178869486
99_sik,2025/2/2,30,1.178375959
99_sik,2025/2/2,40,1.177903652
99_sik,2025/2/2,50,1.177938938
99_sik,2025/2/3,5,1.212990165
99_sik,2025/2/3,10,1.212842584
99_sik,2025/2/3,15,1.212699294
99_sik,2025/2/3,20,1.212491393
99_sik,2025/2/3,30,1.211983323
99_sik,2025/2/3,40,1.211487651
99_sik,2025/2/3,50,1.211513758
99_sik,2025/2/4,5,1.22498703
99_sik,2025/2/4,10,1.225188136
99_sik,2025/2/4,15,1.225370288
99_sik,2025/2/4,20,1.225585222
99_sik,2025/2/4,30,1.225940824
99_sik,2025/2/4,40,1.226566434
99_sik,2025/2/4,50,1.228025317
99_sik,2025/2/5,5,1.242403865
99_sik,2025/2/5,10,1.242503166
99_sik,2025/2/5,15,1.242597103
99_sik,2025/2/5,20,1.242711186
99_sik,2025/2/5,30,1.242953062
99_sik,2025/2/5,40,1.243840814
99_sik,2025/2/5,50,1.245888352
99_sik,2025/2/6,5,1.269056201
99_sik,2025/2/6,10,1.268961549
99_sik,2025/2/6,15,1.268880367
99_sik,2025/2/6,20,1.268779039
99_sik,2025/2/6,30,1.268655419
99_sik,2025/2/6,40,1.269162416
99_sik,2025/2/6,50,1.270643592
99_sik,2025/2/7,5,1.327286005
99_sik,2025/2/7,10,1.327138186
99_sik,2025/2/7,15,1.327025771
99_sik,2025/2/7,20,1.326904893
99_sik,2025/2/7,30,1.326813698
99_sik,2025/2/7,40,1.327348471
99_sik,2025/2/7,50,1.328806758
99_sik,2025/2/8,5,1.415733457
99_sik,2025/2/8,10,1.415338874
99_sik,2025/2/8,15,1.414981246
99_sik,2025/2/8,20,1.414445281
99_sik,2025/2/8,30,1.41317749
99_sik,2025/2/8,40,1.412314773
99_sik,2025/2/8,50,1.41253376
99_sik,2025/2/9,5,1.497708559
99_sik,2025/2/9,10,1.497105479
99_sik,2025/2/9,15,1.496504784
99_sik,2025/2/9,20,1.495643854
99_sik,2025/2/9,30,1.493613601
99_sik,2025/2/9,40,1.491934657
99_sik,2025/2/9,50,1.491637111
99_sik,2025/2/10,5,1.56352365
99_sik,2025/2/10,10,1.563163996
99_sik,2025/2/10,15,1.562829256
99_sik,2025/2/10,20,1.562401891
99_sik,2025/2/10,30,1.561602354
99_sik,2025/2/10,40,1.561353087
99_sik,2025/2/10,50,1.562175632
99_sik,2025/2/11,5,1.6285671
99_sik,2025/2/11,10,1.62838459
99_sik,2025/2/11,15,1.62821579
99_sik,2025/2/11,20,1.628013134
99_sik,2025/2/11,30,1.627721786
99_sik,2025/2/11,40,1.627883792
99_sik,2025/2/11,50,1.628454089
99_sik,2025/2/12,5,1.647120953
99_sik,2025/2/12,10,1.647090554
99_sik,2025/2/12,15,1.647009492
99_sik,2025/2/12,20,1.646867394
99_sik,2025/2/12,30,1.646427512
99_sik,2025/2/12,40,1.645262122
99_sik,2025/2/12,50,1.642837405
99_sik,2025/2/13,5,1.657769084
99_sik,2025/2/13,10,1.65736258
99_sik,2025/2/13,15,1.656919479
99_sik,2025/2/13,20,1.656262279
99_sik,2025/2/13,30,1.654649258
99_sik,2025/2/13,40,1.652745008
99_sik,2025/2/13,50,1.649918675
99_sik,2025/2/14,5,1.674544811
99_sik,2025/2/14,10,1.67416656
99_sik,2025/2/14,15,1.673764348
99_sik,2025/2/14,20,1.673184276
99_sik,2025/2/14,30,1.671871185
99_sik,2025/2/14,40,1.67074585
99_sik,2025/2/14,50,1.67031002
99_sik,2025/2/15,5,1.672833681
99_sik,2025/2/15,10,1.672804117
99_sik,2025/2/15,15,1.672750592
99_sik,2025/2/15,20,1.672641277
99_sik,2025/2/15,30,1.672189593
99_sik,2025/2/15,40,1.670894384
99_sik,2025/2/15,50,1.665676951
99_sik,2025/2/16,5,1.710551739
99_sik,2025/2/16,10,1.708725214
99_sik,2025/2/16,15,1.705875635
99_sik,2025/2/16,20,1.699270368
99_sik,2025/2/16,30,1.658024788
99_sik,2025/2/16,40,1.582292795
99_sik,2025/2/16,50,1.529251933
99_sik,2025/2/17,5,1.669082165
99_sik,2025/2/17,10,1.664523005
99_sik,2025/2/17,15,1.658747554
99_sik,2025/2/17,20,1.648291826
99_sik,2025/2/17,30,1.608474731
99_sik,2025/2/17,40,1.521814466
99_sik,2025/2/17,50,1.400977135
99_sik,2025/2/18,5,1.526452303
99_sik,2025/2/18,10,1.524454713
99_sik,2025/2/18,15,1.522202015
99_sik,2025/2/18,20,1.518648744
99_sik,2025/2/18,30,1.508538127
99_sik,2025/2/18,40,1.489430785
99_sik,2025/2/18,50,1.454571486
99_sik,2025/2/19,5,1.46221292
99_sik,2025/2/19,10,1.461336374
99_sik,2025/2/19,15,1.460425138
99_sik,2025/2/19,20,1.459048033
99_sik,2025/2/19,30,1.455376029
99_sik,2025/2/19,40,1.446876645
99_sik,2025/2/19,50,1.429550886
99_sik,2025/2/20,5,1.46618855
99_sik,2025/2/20,10,1.464926004
99_sik,2025/2/20,15,1.463421941
99_sik,2025/2/20,20,1.460214496
99_sik,2025/2/20,30,1.446471095
99_sik,2025/2/20,40,1.399935961
99_sik,2025/2/20,50,1.326951742
99_sik,2025/2/21,5,1.4763273
99_sik,2025/2/21,10,1.473357201
99_sik,2025/2/21,15,1.469442964
99_sik,2025/2/21,20,1.461771846
99_sik,2025/2/21,30,1.428394914
99_sik,2025/2/21,40,1.324391723
99_sik,2025/2/21,50,1.175311208
99_sik,2025/2/22,5,1.49852407
99_sik,2025/2/22,10,1.492840171
99_sik,2025/2/22,15,1.485252142
99_sik,2025/2/22,20,1.469758868
99_sik,2025/2/22,30,1.372304559
99_sik,2025/2/22,40,1.209846139
99_sik,2025/2/22,50,1.061831713
99_sik,2025/2/23,5,1.490172386
99_sik,2025/2/23,10,1.484565973
99_sik,2025/2/23,15,1.478333592
99_sik,2025/2/23,20,1.466715455
99_sik,2025/2/23,30,1.28313148
99_sik,2025/2/23,40,1.111757874
99_sik,2025/2/23,50,1.002594829
99_sik,2025/2/24,5,1.460582495
99_sik,2025/2/24,10,1.456513405
99_sik,2025/2/24,15,1.451075315
99_sik,2025/2/24,20,1.43917942
99_sik,2025/2/24,30,1.211460352
99_sik,2025/2/24,40,1.046194553
99_sik,2025/2/24,50,1.007864952
99_sik,2025/2/25,5,1.437257409
99_sik,2025/2/25,10,1.432411551
99_sik,2025/2/25,15,1.425841212
99_sik,2025/2/25,20,1.411546826
99_sik,2025/2/25,30,1.178105354
99_sik,2025/2/25,40,1.043447137
99_sik,2025/2/25,50,1.001843572
99_sik,2025/2/26,5,1.324212074
99_sik,2025/2/26,10,1.320481062
99_sik,2025/2/26,15,1.316120267
99_sik,2025/2/26,20,1.308629632
99_sik,2025/2/26,30,1.228157043
99_sik,2025/2/26,40,1.155014038
99_sik,2025/2/26,50,1.086821914
99_sik,2025/2/27,5,1.242465496
99_sik,2025/2/27,10,1.2406075
99_sik,2025/2/27,15,1.238548517
99_sik,2025/2/27,20,1.235346317
99_sik,2025/2/27,30,1.22563374
99_sik,2025/2/27,40,1.20970273
99_sik,2025/2/27,50,1.190161228
99_sik,2025/2/28,5,1.261826754
99_sik,2025/2/28,10,1.261195302
99_sik,2025/2/28,15,1.260300159
99_sik,2025/2/28,20,1.258623362
99_sik,2025/2/28,30,1.250191927
99_sik,2025/2/28,40,1.215249658
99_sik,2025/2/28,50,1.168424249
99_sik,2025/3/1,5,1.34260726
99_sik,2025/3/1,10,1.339173317
99_sik,2025/3/1,15,1.334504366
99_sik,2025/3/1,20,1.324731231
99_sik,2025/3/1,30,1.26812458
99_sik,2025/3/1,40,1.137991548
99_sik,2025/3/1,50,1.053465962
99_sik,2025/3/2,5,1.350389004
99_sik,2025/3/2,10,1.346916437
99_sik,2025/3/2,15,1.34267509
99_sik,2025/3/2,20,1.335062385
99_sik,2025/3/2,30,1.289627552
99_sik,2025/3/2,40,1.145961165
99_sik,2025/3/2,50,1.042967439
99_sik,2025/3/3,5,1.298929691
99_sik,2025/3/3,10,1.296126485
99_sik,2025/3/3,15,1.292972088
99_sik,2025/3/3,20,1.287899733
99_sik,2025/3/3,30,1.271882772
99_sik,2025/3/3,40,1.232976437
99_sik,2025/3/3,50,1.201801062
99_sik,2025/3/4,5,1.307531595
99_sik,2025/3/4,10,1.306398511
99_sik,2025/3/4,15,1.305000424
99_sik,2025/3/4,20,1.302179933
99_sik,2025/3/4,30,1.289419055
99_sik,2025/3/4,40,1.262359023
99_sik,2025/3/4,50,1.232784033
99_sik,2025/3/5,5,1.265354753
99_sik,2025/3/5,10,1.264707685
99_sik,2025/3/5,15,1.263939381
99_sik,2025/3/5,20,1.262611151
99_sik,2025/3/5,30,1.254364133
99_sik,2025/3/5,40,1.228624821
99_sik,2025/3/5,50,1.168147206
99_sik,2025/3/6,5,1.24843502
99_sik,2025/3/6,10,1.247648716
99_sik,2025/3/6,15,1.246767163
99_sik,2025/3/6,20,1.245220423
99_sik,2025/3/6,30,1.230585575
99_sik,2025/3/6,40,1.145881772
99_sik,2025/3/6,50,1.068702698
99_sik,2025/3/7,5,1.32982111
99_sik,2025/3/7,10,1.326721191
99_sik,2025/3/7,15,1.322657585
99_sik,2025/3/7,20,1.313867569
99_sik,2025/3/7,30,1.239491582
99_sik,2025/3/7,40,1.045491219
99_sik,2025/3/7,50,0.966363072
99_sik,2025/3/8,5,1.402882695
99_sik,2025/3/8,10,1.395684361
99_sik,2025/3/8,15,1.386081934
99_sik,2025/3/8,20,1.366768003
99_sik,2025/3/8,30,1.201304436
99_sik,2025/3/8,40,0.976776838
99_sik,2025/3/8,50,0.916372299
99_sik,2025/3/9,5,1.486481786
99_sik,2025/3/9,10,1.476172924
99_sik,2025/3/9,15,1.460248351
99_sik,2025/3/9,20,1.418048501
99_sik,2025/3/9,30,1.103174925
99_sik,2025/3/9,40,0.910965264
99_sik,2025/3/9,50,0.864389241
99_sik,2025/3/10,5,1.592662811
99_sik,2025/3/10,10,1.578988075
99_sik,2025/3/10,15,1.549847841
99_sik,2025/3/10,20,1.431435227
99_sik,2025/3/10,30,0.938495755
99_sik,2025/3/10,40,0.82051003
99_sik,2025/3/10,50,0.787824392
99_sik,2025/3/11,5,1.631547213
99_sik,2025/3/11,10,1.610612392
99_sik,2025/3/11,15,1.563937306
99_sik,2025/3/11,20,1.377345681
99_sik,2025/3/11,30,0.855740249
99_sik,2025/3/11,40,0.75442636
99_sik,2025/3/11,50,0.728655457
99_sik,2025/3/12,5,1.383863449
99_sik,2025/3/12,10,1.376908064
99_sik,2025/3/12,15,1.36582005
99_sik,2025/3/12,20,1.333979011
99_sik,2025/3/12,30,1.034348249
99_sik,2025/3/12,40,0.844432771
99_sik,2025/3/12,50,0.798613369
99_sik,2025/3/13,5,1.313361406
99_sik,2025/3/13,10,1.31136322
99_sik,2025/3/13,15,1.308821321
99_sik,2025/3/13,20,1.304300904
99_sik,2025/3/13,30,1.272331834
99_sik,2025/3/13,40,1.028475881
99_sik,2025/3/13,50,0.901406944
99_sik,2025/3/14,5,1.387461782
99_sik,2025/3/14,10,1.385845542
99_sik,2025/3/14,15,1.383566618
99_sik,2025/3/14,20,1.379363894
99_sik,2025/3/14,30,1.352844596
99_sik,2025/3/14,40,1.148960948
99_sik,2025/3/14,50,1.020838261
99_sik,2025/3/15,5,1.415660143
99_sik,2025/3/15,10,1.414316416
99_sik,2025/3/15,15,1.412574172
99_sik,2025/3/15,20,1.409039736
99_sik,2025/3/15,30,1.384373307
99_sik,2025/3/15,40,1.195652604
99_sik,2025/3/15,50,1.023628473
99_sik,2025/3/16,5,1.432361841
99_sik,2025/3/16,10,1.430805445
99_sik,2025/3/16,15,1.42841804
99_sik,2025/3/16,20,1.422549009
99_sik,2025/3/16,30,1.373356819
99_sik,2025/3/16,40,1.138076544
99_sik,2025/3/16,50,0.964757144
99_sik,2025/3/17,5,1.563720822
99_sik,2025/3/17,10,1.557400227
99_sik,2025/3/17,15,1.546149731
99_sik,2025/3/17,20,1.512498617
99_sik,2025/3/17,30,1.336236477
99_sik,2025/3/17,40,1.02384007
99_sik,2025/3/17,50,0.89923811
99_sik,2025/3/18,5,1.709382415
99_sik,2025/3/18,10,1.693641543
99_sik,2025/3/18,15,1.667365432
99_sik,2025/3/18,20,1.600414038
99_sik,2025/3/18,30,1.270448327
99_sik,2025/3/18,40,0.937210202
99_sik,2025/3/18,50,0.83928597
99_sik,2025/3/19,5,1.696484804
99_sik,2025/3/19,10,1.684715867
99_sik,2025/3/19,15,1.666508675
99_sik,2025/3/19,20,1.631219745
99_sik,2025/3/19,30,1.431378603
99_sik,2025/3/19,40,0.981749654
99_sik,2025/3/19,50,0.894358933
99_sik,2025/3/20,5,1.739141822
99_sik,2025/3/20,10,1.732132196
99_sik,2025/3/20,15,1.717660308
99_sik,2025/3/20,20,1.677508354
99_sik,2025/3/20,30,1.437360764
99_sik,2025/3/20,40,1.025720358
99_sik,2025/3/20,50,0.969240129
99_sik,2025/3/21,5,1.75287044
99_sik,2025/3/21,10,1.747950196
99_sik,2025/3/21,15,1.738265634
99_sik,2025/3/21,20,1.713267088
99_sik,2025/3/21,30,1.524287939
99_sik,2025/3/21,40,1.085036516
99_sik,2025/3/21,50,1.033781648
99_sik,2025/3/22,5,1.817162752
99_sik,2025/3/22,10,1.814132452
99_sik,2025/3/22,15,1.808219314
99_sik,2025/3/22,20,1.793575287
99_sik,2025/3/22,30,1.676262617
99_sik,2025/3/22,40,1.159318686
99_sik,2025/3/22,50,1.105547905
99_sik,2025/3/23,5,1.93067956
99_sik,2025/3/23,10,1.928291678
99_sik,2025/3/23,15,1.920983672
99_sik,2025/3/23,20,1.880770802
99_sik,2025/3/23,30,1.649948478
99_sik,2025/3/23,40,1.136490464
99_sik,2025/3/23,50,1.069805622
99_sik,2025/3/24,5,1.999538302
99_sik,2025/3/24,10,2.013408899
99_sik,2025/3/24,15,2.026483297
99_sik,2025/3/24,20,1.905138016
99_sik,2025/3/24,30,1.424098849
99_sik,2025/3/24,40,1.015500188
99_sik,2025/3/24,50,0.974472106
99_sik,2025/3/25,5,1.985910416
99_sik,2025/3/25,10,1.988338947
99_sik,2025/3/25,15,1.997785211
99_sik,2025/3/25,20,1.904067039
99_sik,2025/3/25,30,1.304185867
99_sik,2025/3/25,40,0.90990299
99_sik,2025/3/25,50,0.863920271
99_sik,2025/3/26,5,1.902645707
99_sik,2025/3/26,10,1.899641395
99_sik,2025/3/26,15,1.894412041
99_sik,2025/3/26,20,1.863921165
99_sik,2025/3/26,30,1.371988416
99_sik,2025/3/26,40,0.939375579
99_sik,2025/3/26,50,0.768658459
99_sik,2025/3/27,5,1.840539813
99_sik,2025/3/27,10,1.837671041
99_sik,2025/3/27,15,1.832079411
99_sik,2025/3/27,20,1.786004543
99_sik,2025/3/27,30,1.381331801
99_sik,2025/3/27,40,1.045834303
99_sik,2025/3/27,50,0.736186206
99_sik,2025/3/28,5,1.77786088
99_sik,2025/3/28,10,1.773195624
99_sik,2025/3/28,15,1.764225721
99_sik,2025/3/28,20,1.715008259
99_sik,2025/3/28,30,1.315795302
99_sik,2025/3/28,40,1.001146674
99_sik,2025/3/28,50,0.743470311
99_sik,2025/3/29,5,1.686496496
99_sik,2025/3/29,10,1.679943681
99_sik,2025/3/29,15,1.671882153
99_sik,2025/3/29,20,1.653026938
99_sik,2025/3/29,30,1.38150692
99_sik,2025/3/29,40,1.022963524
99_sik,2025/3/29,50,0.844428897
99_sik,2025/3/30,5,1.646600127
99_sik,2025/3/30,10,1.642611027
99_sik,2025/3/30,15,1.637364388
99_sik,2025/3/30,20,1.627311707
99_sik,2025/3/30,30,1.56580627
99_sik,2025/3/30,40,1.171493292
99_sik,2025/3/30,50,1.016265869
99_sik,2025/3/31,5,1.736534953
99_sik,2025/3/31,10,1.734706998
99_sik,2025/3/31,15,1.731845021
99_sik,2025/3/31,20,1.725737691
99_sik,2025/3/31,30,1.690808296
99_sik,2025/3/31,40,1.49592483
99_sik,2025/3/31,50,1.151063681
99_sik,2025/4/1,5,1.899900079
99_sik,2025/4/1,10,1.897016525
99_sik,2025/4/1,15,1.892920971
99_sik,2025/4/1,20,1.882528424
99_sik,2025/4/1,30,1.781904697
99_sik,2025/4/1,40,1.563709497
99_sik,2025/4/1,50,1.210582018
99_sik,2025/4/2,5,1.943567991
99_sik,2025/4/2,10,1.940350413
99_sik,2025/4/2,15,1.936719298
99_sik,2025/4/2,20,1.929583907
99_sik,2025/4/2,30,1.745599866
99_sik,2025/4/2,40,1.463333726
99_sik,2025/4/2,50,1.259935737
99_sik,2025/4/3,5,1.973161101
99_sik,2025/4/3,10,1.969076157
99_sik,2025/4/3,15,1.957994699
99_sik,2025/4/3,20,1.920506239
99_sik,2025/4/3,30,1.626659751
99_sik,2025/4/3,40,1.34044981
99_sik,2025/4/3,50,1.193408251
99_sik,2025/4/4,5,2.014621735
99_sik,2025/4/4,10,2.017969131
99_sik,2025/4/4,15,2.018700838
99_sik,2025/4/4,20,1.963635802
99_sik,2025/4/4,30,1.536275029
99_sik,2025/4/4,40,1.187907457
99_sik,2025/4/4,50,1.05184412
99_sik,2025/4/5,5,1.996780157
99_sik,2025/4/5,10,2.007472515
99_sik,2025/4/5,15,2.030615568
99_sik,2025/4/5,20,1.997552991
99_sik,2025/4/5,30,1.451200128
99_sik,2025/4/5,40,1.062936306
99_sik,2025/4/5,50,0.929368198
99_sik,2025/4/6,5,1.933557987
99_sik,2025/4/6,10,1.954211593
99_sik,2025/4/6,15,1.988528848
99_sik,2025/4/6,20,1.931645632
99_sik,2025/4/6,30,1.319162726
99_sik,2025/4/6,40,0.946897805
99_sik,2025/4/6,50,0.8331635
99_sik,2025/4/7,5,1.791728377
99_sik,2025/4/7,10,1.843509316
99_sik,2025/4/7,15,1.919291139
99_sik,2025/4/7,20,1.840272903
99_sik,2025/4/7,30,1.19386375
99_sik,2025/4/7,40,0.848751426
99_sik,2025/4/7,50,0.749363363
99_sik,2025/4/8,5,1.590092182
99_sik,2025/4/8,10,1.678304076
99_sik,2025/4/8,15,1.859678984
99_sik,2025/4/8,20,1.822780967
99_sik,2025/4/8,30,1.097148657
99_sik,2025/4/8,40,0.760215342
99_sik,2025/4/8,50,0.668868661
99_sik,2025/4/9,5,1.397327304
99_sik,2025/4/9,10,1.505311608
99_sik,2025/4/9,15,1.772203922
99_sik,2025/4/9,20,1.847896934
99_sik,2025/4/9,30,1.027022958
99_sik,2025/4/9,40,0.685298383
99_sik,2025/4/9,50,0.601583838
99_sik,2025/4/10,5,1.226706982
99_sik,2025/4/10,10,1.351872444
99_sik,2025/4/10,15,1.681730747
99_sik,2025/4/10,20,1.837168932
99_sik,2025/4/10,30,0.960974932
99_sik,2025/4/10,40,0.62229681
99_sik,2025/4/10,50,0.546383798
99_sik,2025/4/11,5,1.059413791
99_sik,2025/4/11,10,1.217947841
99_sik,2025/4/11,15,1.651334286
99_sik,2025/4/11,20,1.820575476
99_sik,2025/4/11,30,0.892812908
99_sik,2025/4/11,40,0.56971252
99_sik,2025/4/11,50,0.499738485
99_sik,2025/4/12,5,0.988238156
99_sik,2025/4/12,10,1.152917624
99_sik,2025/4/12,15,1.557953
99_sik,2025/4/12,20,1.750061631
99_sik,2025/4/12,30,0.849428058
99_sik,2025/4/12,40,0.528224468
99_sik,2025/4/12,50,0.460941851
99_sik,2025/4/13,5,1.262500763
99_sik,2025/4/13,10,1.286837101
99_sik,2025/4/13,15,1.318020463
99_sik,2025/4/13,20,1.297061324
99_sik,2025/4/13,30,0.899857461
99_sik,2025/4/13,40,0.523228049
99_sik,2025/4/13,50,0.439018399
99_sik,2025/4/14,5,1.349811196
99_sik,2025/4/14,10,1.331232429
99_sik,2025/4/14,15,1.26196909
99_sik,2025/4/14,20,1.138323545
99_sik,2025/4/14,30,0.869377375
99_sik,2025/4/14,40,0.545462191
99_sik,2025/4/14,50,0.420074254
99_sik,2025/4/15,5,1.410187244
99_sik,2025/4/15,10,1.393879533
99_sik,2025/4/15,15,1.300897121
99_sik,2025/4/15,20,1.110904574
99_sik,2025/4/15,30,0.793780744
99_sik,2025/4/15,40,0.512360871
99_sik,2025/4/15,50,0.388736099
99_sik,2025/4/16,5,1.368380189
99_sik,2025/4/16,10,1.368925452
99_sik,2025/4/16,15,1.358648062
99_sik,2025/4/16,20,1.256898999
99_sik,2025/4/16,30,0.734856486
99_sik,2025/4/16,40,0.441403985
99_sik,2025/4/16,50,0.352147579
99_sik,2025/4/17,5,1.313266993
99_sik,2025/4/17,10,1.331190944
99_sik,2025/4/17,15,1.377704144
99_sik,2025/4/17,20,1.394800186
99_sik,2025/4/17,30,0.73012656
99_sik,2025/4/17,40,0.395881981
99_sik,2025/4/17,50,0.322568119
99_sik,2025/4/18,5,1.27775991
99_sik,2025/4/18,10,1.312514901
99_sik,2025/4/18,15,1.376246929
99_sik,2025/4/18,20,1.402495146
99_sik,2025/4/18,30,0.704949975
99_sik,2025/4/18,40,0.371523559
99_sik,2025/4/18,50,0.301469713
99_sik,2025/4/19,5,1.219735384
99_sik,2025/4/19,10,1.269610643
99_sik,2025/4/19,15,1.349982619
99_sik,2025/4/19,20,1.363780737
99_sik,2025/4/19,30,0.67216146
99_sik,2025/4/19,40,0.349794716
99_sik,2025/4/19,50,0.283783495
99_sik,2025/4/20,5,1.092885256
99_sik,2025/4/20,10,1.159374833
99_sik,2025/4/20,15,1.303259015
99_sik,2025/4/20,20,1.402974963
99_sik,2025/4/20,30,0.659737349
99_sik,2025/4/20,40,0.331375211
99_sik,2025/4/20,50,0.26928249
99_sik,2025/4/21,5,0.959881246
99_sik,2025/4/21,10,1.03281939
99_sik,2025/4/21,15,1.251594663
99_sik,2025/4/21,20,1.483520746
99_sik,2025/4/21,30,0.669775486
99_sik,2025/4/21,40,0.320791245
99_sik,2025/4/21,50,0.259727389
99_sik,2025/4/22,5,0.884282947
99_sik,2025/4/22,10,0.949382067
99_sik,2025/4/22,15,1.19126308
99_sik,2025/4/22,20,1.526934266
99_sik,2025/4/22,30,0.687924266
99_sik,2025/4/22,40,0.318653256
99_sik,2025/4/22,50,0.255039424
99_sik,2025/4/23,5,0.831162691
99_sik,2025/4/23,10,0.896508336
99_sik,2025/4/23,15,1.143659353
99_sik,2025/4/23,20,1.480829597
99_sik,2025/4/23,30,0.679498792
99_sik,2025/4/23,40,0.312314421
99_sik,2025/4/23,50,0.248927057
99_sik,2025/4/24,5,0.768417716
99_sik,2025/4/24,10,0.852566957
99_sik,2025/4/24,15,1.128341675
99_sik,2025/4/24,20,1.445696115
99_sik,2025/4/24,30,0.662860155
99_sik,2025/4/24,40,0.304779917
99_sik,2025/4/24,50,0.24280566
99_sik,2025/4/25,5,0.710953176
99_sik,2025/4/25,10,0.80149585
99_sik,2025/4/25,15,1.10288465
99_sik,2025/4/25,20,1.444694161
99_sik,2025/4/25,30,0.65051049
99_sik,2025/4/25,40,0.297562182
99_sik,2025/4/25,50,0.237449482
99_sik,2025/4/26,5,0.671021819
99_sik,2025/4/26,10,0.738601685
99_sik,2025/4/26,15,0.999561131
99_sik,2025/4/26,20,1.481587529
99_sik,2025/4/26,30,0.666814029
99_sik,2025/4/26,40,0.291798979
99_sik,2025/4/26,50,0.231969714
99_sik,2025/4/27,5,0.627563655
99_sik,2025/4/27,10,0.698615789
99_sik,2025/4/27,15,0.953528762
99_sik,2025/4/27,20,1.504421711
99_sik,2025/4/27,30,0.726407945
99_sik,2025/4/27,40,0.296173543
99_sik,2025/4/27,50,0.229191378
99_sik,2025/4/28,5,0.667025685
99_sik,2025/4/28,10,0.706543446
99_sik,2025/4/28,15,0.914416909
99_sik,2025/4/28,20,1.480365157
99_sik,2025/4/28,30,0.758506298
99_sik,2025/4/28,40,0.302052706
99_sik,2025/4/28,50,0.228248268
99_sik,2025/4/29,5,0.695400476
99_sik,2025/4/29,10,0.731811404
99_sik,2025/4/29,15,0.907529116
99_sik,2025/4/29,20,1.386759162
99_sik,2025/4/29,30,0.764367402
99_sik,2025/4/29,40,0.299621075
99_sik,2025/4/29,50,0.224310413
99_sik,2025/4/30,5,0.646438479
99_sik,2025/4/30,10,0.704896212
99_sik,2025/4/30,15,0.927000761
99_sik,2025/4/30,20,1.410769224
99_sik,2025/4/30,30,0.792663693
99_sik,2025/4/30,40,0.302829683
99_sik,2025/4/30,50,0.224101856
99_sik,2025/5/1,5,0.657081485
99_sik,2025/5/1,10,0.704609454
99_sik,2025/5/1,15,0.922073185
99_sik,2025/5/1,20,1.420433044
99_sik,2025/5/1,30,0.860829473
99_sik,2025/5/1,40,0.317985088
99_sik,2025/5/1,50,0.228899136
99_sik,2025/5/2,5,0.765018761
99_sik,2025/5/2,10,0.843564212
99_sik,2025/5/2,15,1.018458605
99_sik,2025/5/2,20,1.266498327
99_sik,2025/5/2,30,0.926658928
99_sik,2025/5/2,40,0.344349265
99_sik,2025/5/2,50,0.238748148
99_sik,2025/5/3,5,0.79136306
99_sik,2025/5/3,10,0.899633288
99_sik,2025/5/3,15,1.103300214
99_sik,2025/5/3,20,1.228727102
99_sik,2025/5/3,30,0.937004626
99_sik,2025/5/3,40,0.362867236
99_sik,2025/5/3,50,0.245085329
99_sik,2025/5/4,5,0.704479218
99_sik,2025/5/4,10,0.827398896
99_sik,2025/5/4,15,1.101778269
99_sik,2025/5/4,20,1.334962487
99_sik,2025/5/4,30,0.942898273
99_sik,2025/5/4,40,0.356552899
99_sik,2025/5/4,50,0.242225468
99_sik,2025/5/5,5,0.630222678
99_sik,2025/5/5,10,0.783012211
99_sik,2025/5/5,15,1.129173398
99_sik,2025/5/5,20,1.441817641
99_sik,2025/5/5,30,0.968737185
99_sik,2025/5/5,40,0.360680729
99_sik,2025/5/5,50,0.242383033
99_sik,2025/5/6,5,0.579346716
99_sik,2025/5/6,10,0.738340497
99_sik,2025/5/6,15,1.148094893
99_sik,2025/5/6,20,1.537637591
99_sik,2025/5/6,30,0.999423027
99_sik,2025/5/6,40,0.366362989
99_sik,2025/5/6,50,0.244173914
99_sik,2025/5/7,5,0.541877091
99_sik,2025/5/7,10,0.684298754
99_sik,2025/5/7,15,1.125889897
99_sik,2025/5/7,20,1.59730804
99_sik,2025/5/7,30,1.014514923
99_sik,2025/5/7,40,0.366020888
99_sik,2025/5/7,50,0.244182557
99_sik,2025/5/8,5,0.49071914
99_sik,2025/5/8,10,0.626831293
99_sik,2025/5/8,15,1.075058937
99_sik,2025/5/8,20,1.655934095
99_sik,2025/5/8,30,1.06031549
99_sik,2025/5/8,40,0.36605984
99_sik,2025/5/8,50,0.24495548
99_sik,2025/5/9,5,0.457736224
99_sik,2025/5/9,10,0.585798502
99_sik,2025/5/9,15,1.036292791
99_sik,2025/5/9,20,1.701634645
99_sik,2025/5/9,30,1.112994075
99_sik,2025/5/9,40,0.373523742
99_sik,2025/5/9,50,0.248380765
99_sik,2025/5/10,5,0.444322079
99_sik,2025/5/10,10,0.575255692
99_sik,2025/5/10,15,1.02865684
99_sik,2025/5/10,20,1.698279023
99_sik,2025/5/10,30,1.111225247
99_sik,2025/5/10,40,0.380153209
99_sik,2025/5/10,50,0.250954241
99_sik,2025/5/11,5,0.428599089
99_sik,2025/5/11,10,0.562158406
99_sik,2025/5/11,15,1.009135723
99_sik,2025/5/11,20,1.67946887
99_sik,2025/5/11,30,1.112511754
99_sik,2025/5/11,40,0.377976298
99_sik,2025/5/11,50,0.249597862
99_sik,2025/5/12,5,0.399361819
99_sik,2025/5/12,10,0.531105995
99_sik,2025/5/12,15,0.956552207
99_sik,2025/5/12,20,1.682009697
99_sik,2025/5/12,30,1.165080547
99_sik,2025/5/12,40,0.372876287
99_sik,2025/5/12,50,0.246564955
99_sik,2025/5/13,5,0.373706222
99_sik,2025/5/13,10,0.49411732
99_sik,2025/5/13,15,0.902264237
99_sik,2025/5/13,20,1.696380973
99_sik,2025/5/13,30,1.215989828
99_sik,2025/5/13,40,0.371357888
99_sik,2025/5/13,50,0.245323226
99_sik,2025/5/14,5,0.352160931
99_sik,2025/5/14,10,0.459813744
99_sik,2025/5/14,15,0.864312351
99_sik,2025/5/14,20,1.71560061
99_sik,2025/5/14,30,1.23971653
99_sik,2025/5/14,40,0.3710334
99_sik,2025/5/14,50,0.244967446
99_sik,2025/5/15,5,0.341934264
99_sik,2025/5/15,10,0.43735978
99_sik,2025/5/15,15,0.847323179
99_sik,2025/5/15,20,1.734805822
99_sik,2025/5/15,30,1.242785811
99_sik,2025/5/15,40,0.372739226
99_sik,2025/5/15,50,0.245828897
99_sik,2025/5/16,5,0.338056594
99_sik,2025/5/16,10,0.424837232
99_sik,2025/5/16,15,0.836931884
99_sik,2025/5/16,20,1.722896576
99_sik,2025/5/16,30,1.268864512
99_sik,2025/5/16,40,0.380364716
99_sik,2025/5/16,50,0.24827832
99_sik,2025/5/17,5,0.339863062
99_sik,2025/5/17,10,0.434272587
99_sik,2025/5/17,15,0.854848325
99_sik,2025/5/17,20,1.705028176
99_sik,2025/5/17,30,1.2688272
99_sik,2025/5/17,40,0.392576814
99_sik,2025/5/17,50,0.252397716
99_sik,2025/5/18,5,0.349420726
99_sik,2025/5/18,10,0.45204401
99_sik,2025/5/18,15,0.8801983
99_sik,2025/5/18,20,1.694585323
99_sik,2025/5/18,30,1.23951304
99_sik,2025/5/18,40,0.391389042
99_sik,2025/5/18,50,0.251310855
99_sik,2025/5/19,5,0.345774263
99_sik,2025/5/19,10,0.455655783
99_sik,2025/5/19,15,0.886837959
99_sik,2025/5/19,20,1.703353524
99_sik,2025/5/19,30,1.243679881
99_sik,2025/5/19,40,0.384246439
99_sik,2025/5/19,50,0.248252675
99_sik,2025/5/20,5,0.338116676
99_sik,2025/5/20,10,0.457594126
99_sik,2025/5/20,15,0.91255033
99_sik,2025/5/20,20,1.744770646
99_sik,2025/5/20,30,1.258904934
99_sik,2025/5/20,40,0.380305618
99_sik,2025/5/20,50,0.246938914
99_sik,2025/5/21,5,0.322972357
99_sik,2025/5/21,10,0.445369929
99_sik,2025/5/21,15,0.92672497
99_sik,2025/5/21,20,1.830830693
99_sik,2025/5/21,30,1.252806664
99_sik,2025/5/21,40,0.376300722
99_sik,2025/5/21,50,0.245905548
99_sik,2025/5/22,5,0.308680892
99_sik,2025/5/22,10,0.425281912
99_sik,2025/5/22,15,0.893239558
99_sik,2025/5/22,20,1.856156349
99_sik,2025/5/22,30,1.30202651
99_sik,2025/5/22,40,0.382965326
99_sik,2025/5/22,50,0.248772189
99_sik,2025/5/23,5,0.300700814
99_sik,2025/5/23,10,0.402894974
99_sik,2025/5/23,15,0.823931754
99_sik,2025/5/23,20,1.804916382
99_sik,2025/5/23,30,1.400835514
99_sik,2025/5/23,40,0.396855742
99_sik,2025/5/23,50,0.253749222
99_sik,2025/5/24,5,0.320473462
99_sik,2025/5/24,10,0.406108141
99_sik,2025/5/24,15,0.803748906
99_sik,2025/5/24,20,1.743267298
99_sik,2025/5/24,30,1.416414499
99_sik,2025/5/24,40,0.417408824
99_sik,2025/5/24,50,0.261423469
99_sik,2025/5/25,5,0.349479258
99_sik,2025/5/25,10,0.44858858
99_sik,2025/5/25,15,0.857723773
99_sik,2025/5/25,20,1.661938071
99_sik,2025/5/25,30,1.336790204
99_sik,2025/5/25,40,0.42703259
99_sik,2025/5/25,50,0.264850765
99_sik,2025/5/26,5,0.355387986
99_sik,2025/5/26,10,0.450991839
99_sik,2025/5/26,15,0.876280844
99_sik,2025/5/26,20,1.684297919
99_sik,2025/5/26,30,1.312962651
99_sik,2025/5/26,40,0.413438469
99_sik,2025/5/26,50,0.259596318
99_sik,2025/5/27,5,0.335835874
99_sik,2025/5/27,10,0.426937133
99_sik,2025/5/27,15,0.842915654
99_sik,2025/5/27,20,1.724799514
99_sik,2025/5/27,30,1.38187933
99_sik,2025/5/27,40,0.408046395
99_sik,2025/5/27,50,0.257510573
99_sik,2025/5/28,5,0.310704321
99_sik,2025/5/28,10,0.387279421
99_sik,2025/5/28,15,0.767091155
99_sik,2025/5/28,20,1.709693193
99_sik,2025/5/28,30,1.475123525
99_sik,2025/5/28,40,0.415696234
99_sik,2025/5/28,50,0.260362297
99_sik,2025/5/29,5,0.291183859
99_sik,2025/5/29,10,0.359819472
99_sik,2025/5/29,15,0.708463252
99_sik,2025/5/29,20,1.67475903
99_sik,2025/5/29,30,1.529795885
99_sik,2025/5/29,40,0.418463707
99_sik,2025/5/29,50,0.261884928
99_sik,2025/5/30,5,0.275857091
99_sik,2025/5/30,10,0.34272027
99_sik,2025/5/30,15,0.686581016
99_sik,2025/5/30,20,1.674056888
99_sik,2025/5/30,30,1.523076653
99_sik,2025/5/30,40,0.414126992
99_sik,2025/5/30,50,0.261784613
99_sik,2025/5/31,5,0.263857603
99_sik,2025/5/31,10,0.327885956
99_sik,2025/5/31,15,0.667825043
99_sik,2025/5/31,20,1.654029131
99_sik,2025/5/31,30,1.531304717
99_sik,2025/5/31,40,0.416749001
99_sik,2025/5/31,50,0.263431251
99_sik,2025/6/1,5,0.262344629
99_sik,2025/6/1,10,0.321760625
99_sik,2025/6/1,15,0.635799944
99_sik,2025/6/1,20,1.571083903
99_sik,2025/6/1,30,1.608013391
99_sik,2025/6/1,40,0.425281018
99_sik,2025/6/1,50,0.266956031
99_sik,2025/6/2,5,0.258889139
99_sik,2025/6/2,10,0.315164149
99_sik,2025/6/2,15,0.598981678
99_sik,2025/6/2,20,1.481586218
99_sik,2025/6/2,30,1.69314301
99_sik,2025/6/2,40,0.432631075
99_sik,2025/6/2,50,0.270475715
99_sik,2025/6/3,5,0.262045979
99_sik,2025/6/3,10,0.309192002
99_sik,2025/6/3,15,0.593553007
99_sik,2025/6/3,20,1.497446537
99_sik,2025/6/3,30,1.664132476
99_sik,2025/6/3,40,0.435768038
99_sik,2025/6/3,50,0.273066878
99_sik,2025/6/4,5,0.27024284
99_sik,2025/6/4,10,0.32822454
99_sik,2025/6/4,15,0.634588182
99_sik,2025/6/4,20,1.555669188
99_sik,2025/6/4,30,1.58201468
99_sik,2025/6/4,40,0.424643636
99_sik,2025/6/4,50,0.269935697
99_sik,2025/6/5,5,0.275548607
99_sik,2025/6/5,10,0.345093936
99_sik,2025/6/5,15,0.640605986
99_sik,2025/6/5,20,1.526376009
99_sik,2025/6/5,30,1.566540003
99_sik,2025/6/5,40,0.403448433
99_sik,2025/6/5,50,0.262202948
99_sik,2025/6/6,5,0.273005366
99_sik,2025/6/6,10,0.33890757
99_sik,2025/6/6,15,0.618543804
99_sik,2025/6/6,20,1.493765235
99_sik,2025/6/6,30,1.543158531
99_sik,2025/6/6,40,0.390822113
99_sik,2025/6/6,50,0.257738203
99_sik,2025/6/7,5,0.259049207
99_sik,2025/6/7,10,0.325258106
99_sik,2025/6/7,15,0.607579768
99_sik,2025/6/7,20,1.52099824
99_sik,2025/6/7,30,1.487263799
99_sik,2025/6/7,40,0.382869452
99_sik,2025/6/7,50,0.255752116
99_sik,2025/6/8,5,0.246293396
99_sik,2025/6/8,10,0.312092602
99_sik,2025/6/8,15,0.59119612
99_sik,2025/6/8,20,1.517040253
99_sik,2025/6/8,30,1.477992415
99_sik,2025/6/8,40,0.379823744
99_sik,2025/6/8,50,0.255020529
99_sik,2025/6/9,5,0.234049946
99_sik,2025/6/9,10,0.295051545
99_sik,2025/6/9,15,0.576447785
99_sik,2025/6/9,20,1.526551247
99_sik,2025/6/9,30,1.497325659
99_sik,2025/6/9,40,0.382480323
99_sik,2025/6/9,50,0.256613731
99_sik,2025/6/10,5,0.22541067
99_sik,2025/6/10,10,0.281777143
99_sik,2025/6/10,15,0.574379981
99_sik,2025/6/10,20,1.546860933
99_sik,2025/6/10,30,1.522936583
99_sik,2025/6/10,40,0.389067531
99_sik,2025/6/10,50,0.259351104
99_sik,2025/6/11,5,0.227361009
99_sik,2025/6/11,10,0.283722728
99_sik,2025/6/11,15,0.578633487
99_sik,2025/6/11,20,1.531569839
99_sik,2025/6/11,30,1.539239049
99_sik,2025/6/11,40,0.38981396
99_sik,2025/6/11,50,0.258313209
99_sik,2025/6/12,5,0.233093411
99_sik,2025/6/12,10,0.291347027
99_sik,2025/6/12,15,0.569317937
99_sik,2025/6/12,20,1.47597599
99_sik,2025/6/12,30,1.613952637
99_sik,2025/6/12,40,0.391369432
99_sik,2025/6/12,50,0.256609112
99_sik,2025/6/13,5,0.227716476
99_sik,2025/6/13,10,0.28093034
99_sik,2025/6/13,15,0.534027576
99_sik,2025/6/13,20,1.399012208
99_sik,2025/6/13,30,1.70841527
99_sik,2025/6/13,40,0.401132941
99_sik,2025/6/13,50,0.25889203
99_sik,2025/6/14,5,0.222683862
99_sik,2025/6/14,10,0.263368219
99_sik,2025/6/14,15,0.508441627
99_sik,2025/6/14,20,1.373118997
99_sik,2025/6/14,30,1.764659643
99_sik,2025/6/14,40,0.415593088
99_sik,2025/6/14,50,0.265459448
99_sik,2025/6/15,5,0.224847078
99_sik,2025/6/15,10,0.258740038
99_sik,2025/6/15,15,0.513160706
99_sik,2025/6/15,20,1.37613523
99_sik,2025/6/15,30,1.781646967
99_sik,2025/6/15,40,0.432816476
99_sik,2025/6/15,50,0.27433154
99_sik,2025/6/16,5,0.22551693
99_sik,2025/6/16,10,0.261796296
99_sik,2025/6/16,15,0.531323373
99_sik,2025/6/16,20,1.390689731
99_sik,2025/6/16,30,1.752171755
99_sik,2025/6/16,40,0.444057047
99_sik,2025/6/16,50,0.281134754
99_sik,2025/6/17,5,0.228387967
99_sik,2025/6/17,10,0.265162826
99_sik,2025/6/17,15,0.538147867
99_sik,2025/6/17,20,1.379491806
99_sik,2025/6/17,30,1.752641439
99_sik,2025/6/17,40,0.452651858
99_sik,2025/6/17,50,0.285485178
99_sik,2025/6/18,5,0.227926344
99_sik,2025/6/18,10,0.260865629
99_sik,2025/6/18,15,0.519376338
99_sik,2025/6/18,20,1.331284642
99_sik,2025/6/18,30,1.811516643
99_sik,2025/6/18,40,0.460339844
99_sik,2025/6/18,50,0.287422478
99_sik,2025/6/19,5,0.220744044
99_sik,2025/6/19,10,0.254110038
99_sik,2025/6/19,15,0.504681349
99_sik,2025/6/19,20,1.304904938
99_sik,2025/6/19,30,1.863184929
99_sik,2025/6/19,40,0.474856377
99_sik,2025/6/19,50,0.290761381
99_sik,2025/6/20,5,0.217409298
99_sik,2025/6/20,10,0.25669992
99_sik,2025/6/20,15,0.51616627
99_sik,2025/6/20,20,1.339437962
99_sik,2025/6/20,30,1.871080995
99_sik,2025/6/20,40,0.496397227
99_sik,2025/6/20,50,0.29696852
99_sik,2025/6/21,5,0.220884442
99_sik,2025/6/21,10,0.26607874
99_sik,2025/6/21,15,0.535546362
99_sik,2025/6/21,20,1.349053621
99_sik,2025/6/21,30,1.82115376
99_sik,2025/6/21,40,0.511814237
99_sik,2025/6/21,50,0.302196234
99_sik,2025/6/22,5,0.22690773
99_sik,2025/6/22,10,0.271792084
99_sik,2025/6/22,15,0.542696953
99_sik,2025/6/22,20,1.316448569
99_sik,2025/6/22,30,1.758203506
99_sik,2025/6/22,40,0.511191487
99_sik,2025/6/22,50,0.301199913
99_sik,2025/6/23,5,0.229948893
99_sik,2025/6/23,10,0.272766352
99_sik,2025/6/23,15,0.540869415
99_sik,2025/6/23,20,1.310120463
99_sik,2025/6/23,30,1.753179908
99_sik,2025/6/23,40,0.506965399
99_sik,2025/6/23,50,0.298790008
99_sik,2025/6/24,5,0.225182608
99_sik,2025/6/24,10,0.269835413
99_sik,2025/6/24,15,0.535260141
99_sik,2025/6/24,20,1.322213531
99_sik,2025/6/24,30,1.785887122
99_sik,2025/6/24,40,0.507371485
99_sik,2025/6/24,50,0.299249142
99_sik,2025/6/25,5,0.216260865
99_sik,2025/6/25,10,0.264229983
99_sik,2025/6/25,15,0.528890371
99_sik,2025/6/25,20,1.33101511
99_sik,2025/6/25,30,1.82331562
99_sik,2025/6/25,40,0.511192083
99_sik,2025/6/25,50,0.300954103
99_sik,2025/6/26,5,0.210429177
99_sik,2025/6/26,10,0.256869167
99_sik,2025/6/26,15,0.516529322
99_sik,2025/6/26,20,1.294117928
99_sik,2025/6/26,30,1.841573596
99_sik,2025/6/26,40,0.514122963
99_sik,2025/6/26,50,0.301988274
99_sik,2025/6/27,5,0.207141131
99_sik,2025/6/27,10,0.254938573
99_sik,2025/6/27,15,0.495139986
99_sik,2025/6/27,20,1.229103208
99_sik,2025/6/27,30,1.918629527
99_sik,2025/6/27,40,0.5174613
99_sik,2025/6/27,50,0.301912546
99_sik,2025/6/28,5,0.20787783
99_sik,2025/6/28,10,0.254877061
99_sik,2025/6/28,15,0.473338366
99_sik,2025/6/28,20,1.182496309
99_sik,2025/6/28,30,2.023081064
99_sik,2025/6/28,40,0.524127603
99_sik,2025/6/28,50,0.304006726
99_sik,2025/6/29,5,0.206745848
99_sik,2025/6/29,10,0.249579847
99_sik,2025/6/29,15,0.458148092
99_sik,2025/6/29,20,1.157006383
99_sik,2025/6/29,30,2.076824665
99_sik,2025/6/29,40,0.528417706
99_sik,2025/6/29,50,0.308204263
99_sik,2025/6/30,5,0.205481648
99_sik,2025/6/30,10,0.243623331
99_sik,2025/6/30,15,0.449368805
99_sik,2025/6/30,20,1.155070543
99_sik,2025/6/30,30,2.064169407
99_sik,2025/6/30,40,0.53797102
99_sik,2025/6/30,50,0.316886097
99_sik,2025/7/1,5,0.204280391
99_sik,2025/7/1,10,0.238118276
99_sik,2025/7/1,15,0.446688861
99_sik,2025/7/1,20,1.174817443
99_sik,2025/7/1,30,1.992768645
99_sik,2025/7/1,40,0.568558633
99_sik,2025/7/1,50,0.329057276
99_sik,2025/7/2,5,0.20871605
99_sik,2025/7/2,10,0.241551727
99_sik,2025/7/2,15,0.467547983
99_sik,2025/7/2,20,1.223843813
99_sik,2025/7/2,30,1.86284852
99_sik,2025/7/2,40,0.6412763
99_sik,2025/7/2,50,0.345294416
99_sik,2025/7/3,5,0.220516503
99_sik,2025/7/3,10,0.250291079
99_sik,2025/7/3,15,0.490237951
99_sik,2025/7/3,20,1.230079174
99_sik,2025/7/3,30,1.73796308
99_sik,2025/7/3,40,0.749459624
99_sik,2025/7/3,50,0.38535133
99_sik,2025/7/4,5,0.224971458
99_sik,2025/7/4,10,0.248969585
99_sik,2025/7/4,15,0.471052915
99_sik,2025/7/4,20,1.135291696
99_sik,2025/7/4,30,1.655857444
99_sik,2025/7/4,40,0.857901633
99_sik,2025/7/4,50,0.453320235
99_sik,2025/7/5,5,0.228417933
99_sik,2025/7/5,10,0.239915773
99_sik,2025/7/5,15,0.434126556
99_sik,2025/7/5,20,1.030423284
99_sik,2025/7/5,30,1.610064387
99_sik,2025/7/5,40,0.947411656
99_sik,2025/7/5,50,0.530972064
99_sik,2025/7/6,5,0.225313693
99_sik,2025/7/6,10,0.227847517
99_sik,2025/7/6,15,0.38809076
99_sik,2025/7/6,20,0.913431823
99_sik,2025/7/6,30,1.616167903
99_sik,2025/7/6,40,1.026241064
99_sik,2025/7/6,50,0.603357017
99_sik,2025/7/7,5,0.21684128
99_sik,2025/7/7,10,0.21594356
99_sik,2025/7/7,15,0.340565503
99_sik,2025/7/7,20,0.777953923
99_sik,2025/7/7,30,1.693749189
99_sik,2025/7/7,40,1.107859492
99_sik,2025/7/7,50,0.670934021
99_sik,2025/7/8,5,0.207064688
99_sik,2025/7/8,10,0.204368636
99_sik,2025/7/8,15,0.295824707
99_sik,2025/7/8,20,0.643600404
99_sik,2025/7/8,30,1.827952981
99_sik,2025/7/8,40,1.208206177
99_sik,2025/7/8,50,0.731636465
99_sik,2025/7/9,5,0.197617739
99_sik,2025/7/9,10,0.195874035
99_sik,2025/7/9,15,0.268220872
99_sik,2025/7/9,20,0.551208615
99_sik,2025/7/9,30,1.939938903
99_sik,2025/7/9,40,1.306771398
99_sik,2025/7/9,50,0.769323289
99_sik,2025/7/10,5,0.192524612
99_sik,2025/7/10,10,0.197651193
99_sik,2025/7/10,15,0.259179235
99_sik,2025/7/10,20,0.501217127
99_sik,2025/7/10,30,1.945234179
99_sik,2025/7/10,40,1.407890677
99_sik,2025/7/10,50,0.799936712
99_sik,2025/7/11,5,0.200146839
99_sik,2025/7/11,10,0.211910442
99_sik,2025/7/11,15,0.25684005
99_sik,2025/7/11,20,0.458966613
99_sik,2025/7/11,30,1.796190977
99_sik,2025/7/11,40,1.534694552
99_sik,2025/7/11,50,0.88698262
99_sik,2025/7/12,5,0.208719939
99_sik,2025/7/12,10,0.220085427
99_sik,2025/7/12,15,0.247876197
99_sik,2025/7/12,20,0.397051811
99_sik,2025/7/12,30,1.597600102
99_sik,2025/7/12,40,1.674272537
99_sik,2025/7/12,50,1.051929951
99_sik,2025/7/13,5,0.206162691
99_sik,2025/7/13,10,0.220958963
99_sik,2025/7/13,15,0.232052252
99_sik,2025/7/13,20,0.330832928
99_sik,2025/7/13,30,1.345682025
99_sik,2025/7/13,40,1.800750136
99_sik,2025/7/13,50,1.229898334
99_sik,2025/7/14,5,0.210651025
99_sik,2025/7/14,10,0.218062833
99_sik,2025/7/14,15,0.222361594
99_sik,2025/7/14,20,0.294488758
99_sik,2025/7/14,30,1.046756387
99_sik,2025/7/14,40,1.851974607
99_sik,2025/7/14,50,1.386842728
99_sik,2025/7/15,5,0.219085619
99_sik,2025/7/15,10,0.213763759
99_sik,2025/7/15,15,0.216272607
99_sik,2025/7/15,20,0.272911698
99_sik,2025/7/15,30,0.782265842
99_sik,2025/7/15,40,1.738511801
99_sik,2025/7/15,50,1.509610772
99_sik,2025/7/16,5,0.216246814
99_sik,2025/7/16,10,0.207675502
99_sik,2025/7/16,15,0.213166147
99_sik,2025/7/16,20,0.260348946
99_sik,2025/7/16,30,0.61878252
99_sik,2025/7/16,40,1.572885513
99_sik,2025/7/16,50,1.548104882
99_sik,2025/7/17,5,0.203100041
99_sik,2025/7/17,10,0.195476308
99_sik,2025/7/17,15,0.205918282
99_sik,2025/7/17,20,0.24900052
99_sik,2025/7/17,30,0.540437639
99_sik,2025/7/17,40,1.466966987
99_sik,2025/7/17,50,1.560717463
99_sik,2025/7/18,5,0.190209836
99_sik,2025/7/18,10,0.182495758
99_sik,2025/7/18,15,0.196891114
99_sik,2025/7/18,20,0.239152744
99_sik,2025/7/18,30,0.499115825
99_sik,2025/7/18,40,1.350634694
99_sik,2025/7/18,50,1.545812964
99_sik,2025/7/19,5,0.180197105
99_sik,2025/7/19,10,0.173041284
99_sik,2025/7/19,15,0.189984843
99_sik,2025/7/19,20,0.233955145
99_sik,2025/7/19,30,0.49247238
99_sik,2025/7/19,40,1.245745301
99_sik,2025/7/19,50,1.512371302
99_sik,2025/7/20,5,0.173051193
99_sik,2025/7/20,10,0.165892348
99_sik,2025/7/20,15,0.183465883
99_sik,2025/7/20,20,0.226530805
99_sik,2025/7/20,30,0.499051869
99_sik,2025/7/20,40,1.194877386
99_sik,2025/7/20,50,1.485198021
99_sik,2025/7/21,5,0.170564845
99_sik,2025/7/21,10,0.162404895
99_sik,2025/7/21,15,0.17756705
99_sik,2025/7/21,20,0.21973218
99_sik,2025/7/21,30,0.51878351
99_sik,2025/7/21,40,1.200553536
99_sik,2025/7/21,50,1.476782084
99_sik,2025/7/22,5,0.17024453
99_sik,2025/7/22,10,0.161324129
99_sik,2025/7/22,15,0.172614112
99_sik,2025/7/22,20,0.216979593
99_sik,2025/7/22,30,0.557385504
99_sik,2025/7/22,40,1.233688831
99_sik,2025/7/22,50,1.472618461
99_sik,2025/7/23,5,0.169274986
99_sik,2025/7/23,10,0.161552817
99_sik,2025/7/23,15,0.168713763
99_sik,2025/7/23,20,0.21707058
99_sik,2025/7/23,30,0.610035181
99_sik,2025/7/23,40,1.266153097
99_sik,2025/7/23,50,1.455259681
99_sik,2025/7/24,5,0.167405948
99_sik,2025/7/24,10,0.162634715
99_sik,2025/7/24,15,0.164954111
99_sik,2025/7/24,20,0.216959715
99_sik,2025/7/24,30,0.66578573
99_sik,2025/7/24,40,1.306864381
99_sik,2025/7/24,50,1.432462931
99_sik,2025/7/25,5,0.163309798
99_sik,2025/7/25,10,0.16317229
99_sik,2025/7/25,15,0.162544683
99_sik,2025/7/25,20,0.222292528
99_sik,2025/7/25,30,0.734138548
99_sik,2025/7/25,40,1.340328455
99_sik,2025/7/25,50,1.372288585
99_sik,2025/7/26,5,0.161079288
99_sik,2025/7/26,10,0.164520398
99_sik,2025/7/26,15,0.163919047
99_sik,2025/7/26,20,0.239051342
99_sik,2025/7/26,30,0.797687113
99_sik,2025/7/26,40,1.305893779
99_sik,2025/7/26,50,1.235370994
99_sik,2025/7/27,5,0.162799209
99_sik,2025/7/27,10,0.165289029
99_sik,2025/7/27,15,0.170750499
99_sik,2025/7/27,20,0.267230839
99_sik,2025/7/27,30,0.849312663
99_sik,2025/7/27,40,1.226453781
99_sik,2025/7/27,50,1.084598184
99_sik,2025/7/28,5,0.162410423
99_sik,2025/7/28,10,0.162648171
99_sik,2025/7/28,15,0.17513217
99_sik,2025/7/28,20,0.290186912
99_sik,2025/7/28,30,0.903592825
99_sik,2025/7/28,40,1.183238626
99_sik,2025/7/28,50,0.974788547
99_sik,2025/7/29,5,0.160938933
99_sik,2025/7/29,10,0.158798546
99_sik,2025/7/29,15,0.178698778
99_sik,2025/7/29,20,0.315081269
99_sik,2025/7/29,30,0.951386213
99_sik,2025/7/29,40,1.167333245
99_sik,2025/7/29,50,0.899634123
99_sik,2025/7/30,5,0.170980558
99_sik,2025/7/30,10,0.160524964
99_sik,2025/7/30,15,0.185409442
99_sik,2025/7/30,20,0.341849566
99_sik,2025/7/30,30,0.973692417
99_sik,2025/7/30,40,1.164705038
99_sik,2025/7/30,50,0.854993701
99_sik,2025/7/31,5,0.188276097
99_sik,2025/7/31,10,0.170887247
99_sik,2025/7/31,15,0.201476574
99_sik,2025/7/31,20,0.375635237
99_sik,2025/7/31,30,0.958034217
99_sik,2025/7/31,40,1.161426544
99_sik,2025/7/31,50,0.831600964
99_sik,2025/8/1,5,0.19787389
99_sik,2025/8/1,10,0.183874205
99_sik,2025/8/1,15,0.221124053
99_sik,2025/8/1,20,0.399621189
99_sik,2025/8/1,30,0.937673807
99_sik,2025/8/1,40,1.183170199
99_sik,2025/8/1,50,0.836933255
99_sik,2025/8/2,5,0.200397983
99_sik,2025/8/2,10,0.190784439
99_sik,2025/8/2,15,0.229920015
99_sik,2025/8/2,20,0.398418158
99_sik,2025/8/2,30,0.910867751
99_sik,2025/8/2,40,1.203718424
99_sik,2025/8/2,50,0.843547761
99_sik,2025/8/3,5,0.194475725
99_sik,2025/8/3,10,0.187414885
99_sik,2025/8/3,15,0.226002127
99_sik,2025/8/3,20,0.381097108
99_sik,2025/8/3,30,0.898374498
99_sik,2025/8/3,40,1.222217441
99_sik,2025/8/3,50,0.827730894
99_sik,2025/8/4,5,0.187169075
99_sik,2025/8/4,10,0.184874699
99_sik,2025/8/4,15,0.219753906
99_sik,2025/8/4,20,0.359912932
99_sik,2025/8/4,30,0.871986568
99_sik,2025/8/4,40,1.214922547
99_sik,2025/8/4,50,0.787358582
99_sik,2025/8/5,5,0.18886292
99_sik,2025/8/5,10,0.179601416
99_sik,2025/8/5,15,0.211459488
99_sik,2025/8/5,20,0.34560591
99_sik,2025/8/5,30,0.839243829
99_sik,2025/8/5,40,1.156438947
99_sik,2025/8/5,50,0.725888014
99_sik,2025/8/6,5,0.188900232
99_sik,2025/8/6,10,0.169662923
99_sik,2025/8/6,15,0.19686237
99_sik,2025/8/6,20,0.328818411
99_sik,2025/8/6,30,0.837591767
99_sik,2025/8/6,40,1.089523673
99_sik,2025/8/6,50,0.662813365
99_sik,2025/8/7,5,0.183232635
99_sik,2025/8/7,10,0.161375403
99_sik,2025/8/7,15,0.183830529
99_sik,2025/8/7,20,0.311908603
99_sik,2025/8/7,30,0.862008452
99_sik,2025/8/7,40,1.02607584
99_sik,2025/8/7,50,0.60638833
99_sik,2025/8/8,5,0.174092352
99_sik,2025/8/8,10,0.156110168
99_sik,2025/8/8,15,0.168546274
99_sik,2025/8/8,20,0.284137249
99_sik,2025/8/8,30,0.920160174
99_sik,2025/8/8,40,0.994209528
99_sik,2025/8/8,50,0.568836987
99_sik,2025/8/9,5,0.16247721
99_sik,2025/8/9,10,0.149958208
99_sik,2025/8/9,15,0.15474683
99_sik,2025/8/9,20,0.260107666
99_sik,2025/8/9,30,0.995226622
99_sik,2025/8/9,40,0.97414732
99_sik,2025/8/9,50,0.545467317
99_sik,2025/8/10,5,0.154425159
99_sik,2025/8/10,10,0.141372383
99_sik,2025/8/10,15,0.145313308
99_sik,2025/8/10,20,0.251017421
99_sik,2025/8/10,30,1.056411505
99_sik,2025/8/10,40,0.951892793
99_sik,2025/8/10,50,0.53070116
99_sik,2025/8/11,5,0.145248145
99_sik,2025/8/11,10,0.134833381
99_sik,2025/8/11,15,0.137813076
99_sik,2025/8/11,20,0.242284954
99_sik,2025/8/11,30,1.113322496
99_sik,2025/8/11,40,0.956879139
99_sik,2025/8/11,50,0.528965592
99_sik,2025/8/12,5,0.138219193
99_sik,2025/8/12,10,0.131231025
99_sik,2025/8/12,15,0.130531833
99_sik,2025/8/12,20,0.229156837
99_sik,2025/8/12,30,1.184455514
99_sik,2025/8/12,40,0.987189054
99_sik,2025/8/12,50,0.537152648
99_sik,2025/8/13,5,0.133033514
99_sik,2025/8/13,10,0.128938422
99_sik,2025/8/13,15,0.124470741
99_sik,2025/8/13,20,0.219280466
99_sik,2025/8/13,30,1.262094378
99_sik,2025/8/13,40,1.00693059
99_sik,2025/8/13,50,0.541127741
99_sik,2025/8/14,5,0.131578639
99_sik,2025/8/14,10,0.126645863
99_sik,2025/8/14,15,0.122596152
99_sik,2025/8/14,20,0.226807877
99_sik,2025/8/14,30,1.302187681
99_sik,2025/8/14,40,0.994624555
99_sik,2025/8/14,50,0.533852875
99_sik,2025/8/15,5,0.135337949
99_sik,2025/8/15,10,0.129760176
99_sik,2025/8/15,15,0.1230781
99_sik,2025/8/15,20,0.23579219
99_sik,2025/8/15,30,1.355931759
99_sik,2025/8/15,40,0.989432275
99_sik,2025/8/15,50,0.530402422
99_sik,2025/8/16,5,0.134463757
99_sik,2025/8/16,10,0.136031777
99_sik,2025/8/16,15,0.121404819
99_sik,2025/8/16,20,0.233524919
99_sik,2025/8/16,30,1.428716779
99_sik,2025/8/16,40,0.971796572
99_sik,2025/8/16,50,0.520661414
99_sik,2025/8/17,5,0.136071518
99_sik,2025/8/17,10,0.140110239
99_sik,2025/8/17,15,0.126253381
99_sik,2025/8/17,20,0.251418948
99_sik,2025/8/17,30,1.418754697
99_sik,2025/8/17,40,0.883256555
99_sik,2025/8/17,50,0.484187484
99_sik,2025/8/18,5,0.140335605
99_sik,2025/8/18,10,0.146456152
99_sik,2025/8/18,15,0.138691798
99_sik,2025/8/18,20,0.291821867
99_sik,2025/8/18,30,1.397064805
99_sik,2025/8/18,40,0.795732737
99_sik,2025/8/18,50,0.450608969
99_sik,2025/8/19,5,0.138887852
99_sik,2025/8/19,10,0.149413571
99_sik,2025/8/19,15,0.1518877
99_sik,2025/8/19,20,0.326997757
99_sik,2025/8/19,30,1.353892326
99_sik,2025/8/19,40,0.720787168
99_sik,2025/8/19,50,0.421950728
99_sik,2025/8/20,5,0.140642762
99_sik,2025/8/20,10,0.156729177
99_sik,2025/8/20,15,0.176828638
99_sik,2025/8/20,20,0.372331411
99_sik,2025/8/20,30,1.258487105
99_sik,2025/8/20,40,0.645427108
99_sik,2025/8/20,50,0.392220646
99_sik,2025/8/21,5,0.143352076
99_sik,2025/8/21,10,0.163933903
99_sik,2025/8/21,15,0.199399978
99_sik,2025/8/21,20,0.421291351
99_sik,2025/8/21,30,1.229714751
99_sik,2025/8/21,40,0.611250162
99_sik,2025/8/21,50,0.379343808
99_sik,2025/8/22,5,0.144143373
99_sik,2025/8/22,10,0.169970423
99_sik,2025/8/22,15,0.22146748
99_sik,2025/8/22,20,0.466223806
99_sik,2025/8/22,30,1.186668515
99_sik,2025/8/22,40,0.581958413
99_sik,2025/8/22,50,0.368197531
99_sik,2025/8/23,5,0.148636937
99_sik,2025/8/23,10,0.177497014
99_sik,2025/8/23,15,0.243324339
99_sik,2025/8/23,20,0.516086042
99_sik,2025/8/23,30,1.169594884
99_sik,2025/8/23,40,0.570021927
99_sik,2025/8/23,50,0.364643276
99_sik,2025/8/24,5,0.146592811
99_sik,2025/8/24,10,0.177632377
99_sik,2025/8/24,15,0.24451381
99_sik,2025/8/24,20,0.548123538
99_sik,2025/8/24,30,1.237876534
99_sik,2025/8/24,40,0.588579535
99_sik,2025/8/24,50,0.374151289
99_sik,2025/8/25,5,0.148291633
99_sik,2025/8/25,10,0.183391407
99_sik,2025/8/25,15,0.268253773
99_sik,2025/8/25,20,0.604168236
99_sik,2025/8/25,30,1.28294003
99_sik,2025/8/25,40,0.601603031
99_sik,2025/8/25,50,0.379576921
99_sik,2025/8/26,5,0.161866859
99_sik,2025/8/26,10,0.200017601
99_sik,2025/8/26,15,0.300493062
99_sik,2025/8/26,20,0.649660349
99_sik,2025/8/26,30,1.289325595
99_sik,2025/8/26,40,0.60843575
99_sik,2025/8/26,50,0.38107115
99_sik,2025/8/27,5,0.165920481
99_sik,2025/8/27,10,0.206583694
99_sik,2025/8/27,15,0.300738305
99_sik,2025/8/27,20,0.655805349
99_sik,2025/8/27,30,1.313608289
99_sik,2025/8/27,40,0.608016491
99_sik,2025/8/27,50,0.380024582
99_sik,2025/8/28,5,0.171186969
99_sik,2025/8/28,10,0.208457932
99_sik,2025/8/28,15,0.293809235
99_sik,2025/8/28,20,0.645812273
99_sik,2025/8/28,30,1.263885498
99_sik,2025/8/28,40,0.570876598
99_sik,2025/8/28,50,0.362470597
99_sik,2025/8/29,5,0.173565596
99_sik,2025/8/29,10,0.214925736
99_sik,2025/8/29,15,0.293003827
99_sik,2025/8/29,20,0.615861118
99_sik,2025/8/29,30,1.127805114
99_sik,2025/8/29,40,0.513222456
99_sik,2025/8/29,50,0.33565098
99_sik,2025/8/30,5,0.181541681
99_sik,2025/8/30,10,0.229858816
99_sik,2025/8/30,15,0.310535878
99_sik,2025/8/30,20,0.601547956
99_sik,2025/8/30,30,1.047192335
99_sik,2025/8/30,40,0.484537721
99_sik,2025/8/30,50,0.321733356
99_sik,2025/8/31,5,0.176121309
99_sik,2025/8/31,10,0.228378907
99_sik,2025/8/31,15,0.3231121
99_sik,2025/8/31,20,0.621912003
99_sik,2025/8/31,30,1.033155799
99_sik,2025/8/31,40,0.479860961
99_sik,2025/8/31,50,0.319379658
99_sik,2025/9/1,5,0.172029451
99_sik,2025/9/1,10,0.230270579
99_sik,2025/9/1,15,0.32905376
99_sik,2025/9/1,20,0.637122333
99_sik,2025/9/1,30,1.01792419
99_sik,2025/9/1,40,0.473347068
99_sik,2025/9/1,50,0.316674948
99_sik,2025/9/2,5,0.17397815
99_sik,2025/9/2,10,0.232714027
99_sik,2025/9/2,15,0.332330763
99_sik,2025/9/2,20,0.637503564
99_sik,2025/9/2,30,0.955418169
99_sik,2025/9/2,40,0.45263806
99_sik,2025/9/2,50,0.307430059
99_sik,2025/9/3,5,0.176247448
99_sik,2025/9/3,10,0.22398299
99_sik,2025/9/3,15,0.339624047
99_sik,2025/9/3,20,0.672872841
99_sik,2025/9/3,30,0.942861676
99_sik,2025/9/3,40,0.449763864
99_sik,2025/9/3,50,0.307531536
99_sik,2025/9/4,5,0.173178807
99_sik,2025/9/4,10,0.213312551
99_sik,2025/9/4,15,0.337064475
99_sik,2025/9/4,20,0.715147138
99_sik,2025/9/4,30,0.97415483
99_sik,2025/9/4,40,0.458383054
99_sik,2025/9/4,50,0.313184977
99_sik,2025/9/5,5,0.167814165
99_sik,2025/9/5,10,0.21125415
99_sik,2025/9/5,15,0.338843524
99_sik,2025/9/5,20,0.73762995
99_sik,2025/9/5,30,0.978189349
99_sik,2025/9/5,40,0.455344826
99_sik,2025/9/5,50,0.313172638
99_sik,2025/9/6,5,0.164097145
99_sik,2025/9/6,10,0.208796546
99_sik,2025/9/6,15,0.346280992
99_sik,2025/9/6,20,0.763222098
99_sik,2025/9/6,30,0.98361218
99_sik,2025/9/6,40,0.453903973
99_sik,2025/9/6,50,0.314074904
99_sik,2025/9/7,5,0.163282335
99_sik,2025/9/7,10,0.209917098
99_sik,2025/9/7,15,0.356639713
99_sik,2025/9/7,20,0.802672088
99_sik,2025/9/7,30,0.977783442
99_sik,2025/9/7,40,0.447753072
99_sik,2025/9/7,50,0.312156677
99_sik,2025/9/8,5,0.167134479
99_sik,2025/9/8,10,0.210944891
99_sik,2025/9/8,15,0.369322091
99_sik,2025/9/8,20,0.845903814
99_sik,2025/9/8,30,0.997048914
99_sik,2025/9/8,40,0.44825533
99_sik,2025/9/8,50,0.313528866
99_sik,2025/9/9,5,0.165073276
99_sik,2025/9/9,10,0.210687578
99_sik,2025/9/9,15,0.382222474
99_sik,2025/9/9,20,0.884277701
99_sik,2025/9/9,30,1.011190653
99_sik,2025/9/9,40,0.445759058
99_sik,2025/9/9,50,0.312895626
99_sik,2025/9/10,5,0.166528985
99_sik,2025/9/10,10,0.212711558
99_sik,2025/9/10,15,0.391317189
99_sik,2025/9/10,20,0.905681193
99_sik,2025/9/10,30,0.999580443
99_sik,2025/9/10,40,0.436300874
99_sik,2025/9/10,50,0.308124453
99_sik,2025/9/11,5,0.163596213
99_sik,2025/9/11,10,0.211192176
99_sik,2025/9/11,15,0.395132542
99_sik,2025/9/11,20,0.924274802
99_sik,2025/9/11,30,1.029287338
99_sik,2025/9/11,40,0.44107601
99_sik,2025/9/11,50,0.311559796
99_sik,2025/9/12,5,0.164765134
99_sik,2025/9/12,10,0.226713985
99_sik,2025/9/12,15,0.418226928
99_sik,2025/9/12,20,0.941392779
99_sik,2025/9/12,30,1.066370249
99_sik,2025/9/12,40,0.450081438
99_sik,2025/9/12,50,0.318285614
99_sik,2025/9/13,5,0.223492801
99_sik,2025/9/13,10,0.297931761
99_sik,2025/9/13,15,0.495733142
99_sik,2025/9/13,20,0.960276425
99_sik,2025/9/13,30,1.007656574
99_sik,2025/9/13,40,0.447141498
99_sik,2025/9/13,50,0.318341285
99_sik,2025/9/14,5,0.276489854
99_sik,2025/9/14,10,0.354327142
99_sik,2025/9/14,15,0.533006787
99_sik,2025/9/14,20,0.968044758
99_sik,2025/9/14,30,1.001330853
99_sik,2025/9/14,40,0.465277404
99_sik,2025/9/14,50,0.327009976
99_sik,2025/9/15,5,0.257541388
99_sik,2025/9/15,10,0.352333099
99_sik,2025/9/15,15,0.505052149
99_sik,2025/9/15,20,0.935196757
99_sik,2025/9/15,30,1.070543408
99_sik,2025/9/15,40,0.485051334
99_sik,2025/9/15,50,0.337443054
99_sik,2025/9/16,5,0.231589705
99_sik,2025/9/16,10,0.322904885
99_sik,2025/9/16,15,0.495413035
99_sik,2025/9/16,20,0.960677207
99_sik,2025/9/16,30,1.058285713
99_sik,2025/9/16,40,0.467992693
99_sik,2025/9/16,50,0.332724094
99_sik,2025/9/17,5,0.212094396
99_sik,2025/9/17,10,0.290472835
99_sik,2025/9/17,15,0.488465399
99_sik,2025/9/17,20,0.999037564
99_sik,2025/9/17,30,1.031779289
99_sik,2025/9/17,40,0.45160237
99_sik,2025/9/17,50,0.325918585
99_sik,2025/9/18,5,0.20291993
99_sik,2025/9/18,10,0.266759604
99_sik,2025/9/18,15,0.459015161
99_sik,2025/9/18,20,0.944688201
99_sik,2025/9/18,30,1.03581953
99_sik,2025/9/18,40,0.448146224
99_sik,2025/9/18,50,0.321728438
99_sik,2025/9/19,5,0.199006706
99_sik,2025/9/19,10,0.238487676
99_sik,2025/9/19,15,0.403409541
99_sik,2025/9/19,20,0.884132028
99_sik,2025/9/19,30,1.045652628
99_sik,2025/9/19,40,0.449196547
99_sik,2025/9/19,50,0.320199668
99_sik,2025/9/20,5,0.202336982
99_sik,2025/9/20,10,0.234341934
99_sik,2025/9/20,15,0.382850707
99_sik,2025/9/20,20,0.847315788
99_sik,2025/9/20,30,1.017827272
99_sik,2025/9/20,40,0.44694975
99_sik,2025/9/20,50,0.318602592
99_sik,2025/9/21,5,0.207604989
99_sik,2025/9/21,10,0.235630885
99_sik,2025/9/21,15,0.383740902
99_sik,2025/9/21,20,0.79761517
99_sik,2025/9/21,30,1.007430315
99_sik,2025/9/21,40,0.460938245
99_sik,2025/9/21,50,0.324434608
99_sik,2025/9/22,5,0.199050784
99_sik,2025/9/22,10,0.220435411
99_sik,2025/9/22,15,0.361494333
99_sik,2025/9/22,20,0.784237802
99_sik,2025/9/22,30,1.004468679
99_sik,2025/9/22,40,0.475435793
99_sik,2025/9/22,50,0.332707644
99_sik,2025/9/23,5,0.19102712
99_sik,2025/9/23,10,0.209912509
99_sik,2025/9/23,15,0.36055705
99_sik,2025/9/23,20,0.839720368
99_sik,2025/9/23,30,0.987308145
99_sik,2025/9/23,40,0.482865185
99_sik,2025/9/23,50,0.340737164
99_sik,2025/9/24,5,0.186867416
99_sik,2025/9/24,10,0.225054711
99_sik,2025/9/24,15,0.397577047
99_sik,2025/9/24,20,0.873614788
99_sik,2025/9/24,30,0.998676956
99_sik,2025/9/24,40,0.506008446
99_sik,2025/9/24,50,0.35664919
99_sik,2025/9/25,5,0.188351005
99_sik,2025/9/25,10,0.247207552
99_sik,2025/9/25,15,0.42493698
99_sik,2025/9/25,20,0.848762453
99_sik,2025/9/25,30,0.970740914
99_sik,2025/9/25,40,0.523711383
99_sik,2025/9/25,50,0.375137895
99_sik,2025/9/26,5,0.189938903
99_sik,2025/9/26,10,0.253885567
99_sik,2025/9/26,15,0.433894217
99_sik,2025/9/26,20,0.87197572
99_sik,2025/9/26,30,0.954966068
99_sik,2025/9/26,40,0.53425169
99_sik,2025/9/26,50,0.393318385
99_sik,2025/9/27,5,0.186567992
99_sik,2025/9/27,10,0.241135255
99_sik,2025/9/27,15,0.425991446
99_sik,2025/9/27,20,0.8984676
99_sik,2025/9/27,30,1.003253102
99_sik,2025/9/27,40,0.545211434
99_sik,2025/9/27,50,0.405437589
99_sik,2025/9/28,5,0.182978123
99_sik,2025/9/28,10,0.222788185
99_sik,2025/9/28,15,0.399463445
99_sik,2025/9/28,20,0.870603561
99_sik,2025/9/28,30,1.035944939
99_sik,2025/9/28,40,0.544440329
99_sik,2025/9/28,50,0.407333404
99_sik,2025/9/29,5,0.178622901
99_sik,2025/9/29,10,0.210664451
99_sik,2025/9/29,15,0.380725533
99_sik,2025/9/29,20,0.855255902
99_sik,2025/9/29,30,1.02244997
99_sik,2025/9/29,40,0.54216069
99_sik,2025/9/29,50,0.407269627
99_sik,2025/9/30,5,0.175047651
99_sik,2025/9/30,10,0.20559454
99_sik,2025/9/30,15,0.369770885
99_sik,2025/9/30,20,0.847464323
99_sik,2025/9/30,30,1.013995767
99_sik,2025/9/30,40,0.551560163
99_sik,2025/9/30,50,0.414950132
99_sik,2025/10/1,5,0.174360767
99_sik,2025/10/1,10,0.203957126
99_sik,2025/10/1,15,0.352734953
99_sik,2025/10/1,20,0.809649825
99_sik,2025/10/1,30,1.032468319
99_sik,2025/10/1,40,0.570677996
99_sik,2025/10/1,50,0.431316406
99_sik,2025/10/2,5,0.171687067
99_sik,2025/10/2,10,0.195429727
99_sik,2025/10/2,15,0.324120581
99_sik,2025/10/2,20,0.745601892
99_sik,2025/10/2,30,1.054932952
99_sik,2025/10/2,40,0.594706953
99_sik,2025/10/2,50,0.450452
99_sik,2025/10/3,5,0.166756272
99_sik,2025/10/3,10,0.181848913
99_sik,2025/10/3,15,0.288900048
99_sik,2025/10/3,20,0.682792306
99_sik,2025/10/3,30,1.095815301
99_sik,2025/10/3,40,0.620882094
99_sik,2025/10/3,50,0.468137741
99_sik,2025/10/4,5,0.164216682
99_sik,2025/10/4,10,0.176234528
99_sik,2025/10/4,15,0.272232592
99_sik,2025/10/4,20,0.653927863
99_sik,2025/10/4,30,1.138561606
99_sik,2025/10/4,40,0.651949108
99_sik,2025/10/4,50,0.485799968
99_sik,2025/10/5,5,0.164061293
99_sik,2025/10/5,10,0.174068153
99_sik,2025/10/5,15,0.252123445
99_sik,2025/10/5,20,0.592360675
99_sik,2025/10/5,30,1.173455119
99_sik,2025/10/5,40,0.701757848
99_sik,2025/10/5,50,0.511159539
99_sik,2025/10/6,5,0.175974309
99_sik,2025/10/6,10,0.176535815
99_sik,2025/10/6,15,0.224222571
99_sik,2025/10/6,20,0.501028597
99_sik,2025/10/6,30,1.233359456
99_sik,2025/10/6,40,0.759030938
99_sik,2025/10/6,50,0.549425125
99_sik,2025/10/7,5,0.180548936
99_sik,2025/10/7,10,0.188999593
99_sik,2025/10/7,15,0.230925366
99_sik,2025/10/7,20,0.472265005
99_sik,2025/10/7,30,1.190120697
99_sik,2025/10/7,40,0.781898499
99_sik,2025/10/7,50,0.56581068
99_sik,2025/10/8,5,0.192882583
99_sik,2025/10/8,10,0.195984975
99_sik,2025/10/8,15,0.230996937
99_sik,2025/10/8,20,0.412832081
99_sik,2025/10/8,30,1.189576149
99_sik,2025/10/8,40,0.799066901
99_sik,2025/10/8,50,0.573508322
99_sik,2025/10/9,5,0.192653731
99_sik,2025/10/9,10,0.193706453
99_sik,2025/10/9,15,0.212161705
99_sik,2025/10/9,20,0.345854819
99_sik,2025/10/9,30,1.206115127
99_sik,2025/10/9,40,0.818044543
99_sik,2025/10/9,50,0.583286583
99_sik,2025/10/10,5,0.19298467
99_sik,2025/10/10,10,0.193482473
99_sik,2025/10/10,15,0.196547344
99_sik,2025/10/10,20,0.318332374
99_sik,2025/10/10,30,1.232957125
99_sik,2025/10/10,40,0.805053473
99_sik,2025/10/10,50,0.575690985
99_sik,2025/10/11,5,0.190792993
99_sik,2025/10/11,10,0.191120639
99_sik,2025/10/11,15,0.192245901
99_sik,2025/10/11,20,0.291921139
99_sik,2025/10/11,30,1.228037715
99_sik,2025/10/11,40,0.785476506
99_sik,2025/10/11,50,0.551194608
99_sik,2025/10/12,5,0.191225141
99_sik,2025/10/12,10,0.191493392
99_sik,2025/10/12,15,0.193109185
99_sik,2025/10/12,20,0.281812727
99_sik,2025/10/12,30,1.140710354
99_sik,2025/10/12,40,0.748052657
99_sik,2025/10/12,50,0.511511743
99_sik,2025/10/13,5,0.19589217
99_sik,2025/10/13,10,0.196383521
99_sik,2025/10/13,15,0.198139921
99_sik,2025/10/13,20,0.284345329
99_sik,2025/10/13,30,1.116165996
99_sik,2025/10/13,40,0.745415628
99_sik,2025/10/13,50,0.493800759
99_sik,2025/10/14,5,0.191763952
99_sik,2025/10/14,10,0.192137703
99_sik,2025/10/14,15,0.193382442
99_sik,2025/10/14,20,0.263616681
99_sik,2025/10/14,30,1.13007915
99_sik,2025/10/14,40,0.774038494
99_sik,2025/10/14,50,0.499701649
99_sik,2025/10/15,5,0.188233897
99_sik,2025/10/15,10,0.188490763
99_sik,2025/10/15,15,0.189126357
99_sik,2025/10/15,20,0.238323942
99_sik,2025/10/15,30,1.090636611
99_sik,2025/10/15,40,0.826392651
99_sik,2025/10/15,50,0.522673547
99_sik,2025/10/16,5,0.185625732
99_sik,2025/10/16,10,0.185770586
99_sik,2025/10/16,15,0.186235175
99_sik,2025/10/16,20,0.225001499
99_sik,2025/10/16,30,1.011317968
99_sik,2025/10/16,40,0.866479576
99_sik,2025/10/16,50,0.557086051
99_sik,2025/10/17,5,0.186639369
99_sik,2025/10/17,10,0.186851531
99_sik,2025/10/17,15,0.187407717
99_sik,2025/10/17,20,0.219230726
99_sik,2025/10/17,30,0.948515236
99_sik,2025/10/17,40,0.886482894
99_sik,2025/10/17,50,0.582147658
99_sik,2025/10/18,5,0.191490993
99_sik,2025/10/18,10,0.192080081
99_sik,2025/10/18,15,0.192911565
99_sik,2025/10/18,20,0.204369396
99_sik,2025/10/18,30,0.837255895
99_sik,2025/10/18,40,0.920627356
99_sik,2025/10/18,50,0.60759908
99_sik,2025/10/19,5,0.20693098
99_sik,2025/10/19,10,0.207169741
99_sik,2025/10/19,15,0.207451895
99_sik,2025/10/19,20,0.208501339
99_sik,2025/10/19,30,0.758145928
99_sik,2025/10/19,40,0.939678788
99_sik,2025/10/19,50,0.628135562
99_sik,2025/10/20,5,0.20618096
99_sik,2025/10/20,10,0.206430897
99_sik,2025/10/20,15,0.206724197
99_sik,2025/10/20,20,0.207694888
99_sik,2025/10/20,30,0.722255051
99_sik,2025/10/20,40,0.961193085
99_sik,2025/10/20,50,0.627242029
99_sik,2025/10/21,5,0.204030827
99_sik,2025/10/21,10,0.204322577
99_sik,2025/10/21,15,0.204651088
99_sik,2025/10/21,20,0.205596596
99_sik,2025/10/21,30,0.680766284
99_sik,2025/10/21,40,0.956690371
99_sik,2025/10/21,50,0.596516371
99_sik,2025/10/22,5,0.200387105
99_sik,2025/10/22,10,0.200567007
99_sik,2025/10/22,15,0.200769275
99_sik,2025/10/22,20,0.201430082
99_sik,2025/10/22,30,0.676374257
99_sik,2025/10/22,40,0.924657106
99_sik,2025/10/22,50,0.550960004
99_sik,2025/10/23,5,0.197698072
99_sik,2025/10/23,10,0.197887152
99_sik,2025/10/23,15,0.198111653
99_sik,2025/10/23,20,0.1990183
99_sik,2025/10/23,30,0.702701688
99_sik,2025/10/23,40,0.8931036
99_sik,2025/10/23,50,0.515377164
99_sik,2025/10/24,5,0.196693912
99_sik,2025/10/24,10,0.19696255
99_sik,2025/10/24,15,0.197294429
99_sik,2025/10/24,20,0.198528439
99_sik,2025/10/24,30,0.756176054
99_sik,2025/10/24,40,0.851324916
99_sik,2025/10/24,50,0.484462887
99_sik,2025/10/25,5,0.198423982
99_sik,2025/10/25,10,0.198601052
99_sik,2025/10/25,15,0.198923469
99_sik,2025/10/25,20,0.200123996
99_sik,2025/10/25,30,0.808107436
99_sik,2025/10/25,40,0.805918634
99_sik,2025/10/25,50,0.460807621
99_sik,2025/10/26,5,0.201328784
99_sik,2025/10/26,10,0.201391131
99_sik,2025/10/26,15,0.201720297
99_sik,2025/10/26,20,0.203866735
99_sik,2025/10/26,30,0.799876094
99_sik,2025/10/26,40,0.769924521
99_sik,2025/10/26,50,0.447093278
99_sik,2025/10/27,5,0.219796255
99_sik,2025/10/27,10,0.220568836
99_sik,2025/10/27,15,0.22181876
99_sik,2025/10/27,20,0.226388946
99_sik,2025/10/27,30,0.812980354
99_sik,2025/10/27,40,0.728957355
99_sik,2025/10/27,50,0.43372795
99_sik,2025/10/28,5,0.249949828
99_sik,2025/10/28,10,0.250609159
99_sik,2025/10/28,15,0.251476616
99_sik,2025/10/28,20,0.254534215
99_sik,2025/10/28,30,0.764496267
99_sik,2025/10/28,40,0.682021976
99_sik,2025/10/28,50,0.442822039
99_sik,2025/10/29,5,0.274250209
99_sik,2025/10/29,10,0.275014043
99_sik,2025/10/29,15,0.275940061
99_sik,2025/10/29,20,0.280249447
99_sik,2025/10/29,30,0.731950521
99_sik,2025/10/29,40,0.63216573
99_sik,2025/10/29,50,0.435054511
99_sik,2025/10/30,5,0.293569118
99_sik,2025/10/30,10,0.294127613
99_sik,2025/10/30,15,0.29479754
99_sik,2025/10/30,20,0.297624737
99_sik,2025/10/30,30,0.794496834
99_sik,2025/10/30,40,0.583356619
99_sik,2025/10/30,50,0.406091243
99_sik,2025/10/31,5,0.309193134
99_sik,2025/10/31,10,0.309638113
99_sik,2025/10/31,15,0.310061723
99_sik,2025/10/31,20,0.312059522
99_sik,2025/10/31,30,0.814840376
99_sik,2025/10/31,40,0.527889967
99_sik,2025/10/31,50,0.37826699
99_sik,2025/11/1,5,0.320272386
99_sik,2025/11/1,10,0.32084772
99_sik,2025/11/1,15,0.32138896
99_sik,2025/11/1,20,0.330431461
99_sik,2025/11/1,30,0.732007086
99_sik,2025/11/1,40,0.47721234
99_sik,2025/11/1,50,0.348849773
99_sik,2025/11/2,5,0.355063945
99_sik,2025/11/2,10,0.355380714
99_sik,2025/11/2,15,0.356464297
99_sik,2025/11/2,20,0.377568483
99_sik,2025/11/2,30,0.689194739
99_sik,2025/11/2,40,0.449807912
99_sik,2025/11/2,50,0.335582703
99_sik,2025/11/3,5,0.38876158
99_sik,2025/11/3,10,0.38914451
99_sik,2025/11/3,15,0.389675885
99_sik,2025/11/3,20,0.395611852
99_sik,2025/11/3,30,0.717737794
99_sik,2025/11/3,40,0.451114357
99_sik,2025/11/3,50,0.339875847
99_sik,2025/11/4,5,0.4042916
99_sik,2025/11/4,10,0.404455721
99_sik,2025/11/4,15,0.404648483
99_sik,2025/11/4,20,0.405735403
99_sik,2025/11/4,30,0.741859913
99_sik,2025/11/4,40,0.448493868
99_sik,2025/11/4,50,0.340765715
99_sik,2025/11/5,5,0.416830748
99_sik,2025/11/5,10,0.417002708
99_sik,2025/11/5,15,0.417203873
99_sik,2025/11/5,20,0.418147147
99_sik,2025/11/5,30,0.750136793
99_sik,2025/11/5,40,0.438673317
99_sik,2025/11/5,50,0.335724384
99_sik,2025/11/6,5,0.427939892
99_sik,2025/11/6,10,0.428986579
99_sik,2025/11/6,15,0.430357814
99_sik,2025/11/6,20,0.436581016
99_sik,2025/11/6,30,0.755151212
99_sik,2025/11/6,40,0.434154361
99_sik,2025/11/6,50,0.33161971
99_sik,2025/11/7,5,0.47307837
99_sik,2025/11/7,10,0.473641574
99_sik,2025/11/7,15,0.474282771
99_sik,2025/11/7,20,0.476662874
99_sik,2025/11/7,30,0.762904108
99_sik,2025/11/7,40,0.439608097
99_sik,2025/11/7,50,0.330536813
99_sik,2025/11/8,5,0.509180367
99_sik,2025/11/8,10,0.509131253
99_sik,2025/11/8,15,0.50909549
99_sik,2025/11/8,20,0.509523273
99_sik,2025/11/8,30,0.731483698
99_sik,2025/11/8,40,0.427811712
99_sik,2025/11/8,50,0.320607185
99_sik,2025/11/9,5,0.529049993
99_sik,2025/11/9,10,0.528534889
99_sik,2025/11/9,15,0.527883828
99_sik,2025/11/9,20,0.524935246
99_sik,2025/11/9,30,0.657588899
99_sik,2025/11/9,40,0.396491349
99_sik,2025/11/9,50,0.304208368
99_sik,2025/11/10,5,0.552476943
99_sik,2025/11/10,10,0.552363396
99_sik,2025/11/10,15,0.552182913
99_sik,2025/11/10,20,0.551813304
99_sik,2025/11/10,30,0.634281874
99_sik,2025/11/10,40,0.386950493
99_sik,2025/11/10,50,0.29762584
99_sik,2025/11/11,5,0.584140003
99_sik,2025/11/11,10,0.584137738
99_sik,2025/11/11,15,0.584102631
99_sik,2025/11/11,20,0.584281027
99_sik,2025/11/11,30,0.66503489
99_sik,2025/11/11,40,0.389972866
99_sik,2025/11/11,50,0.293833882
99_sik,2025/11/12,5,0.625881791
99_sik,2025/11/12,10,0.625751078
99_sik,2025/11/12,15,0.625589311
99_sik,2025/11/12,20,0.625432611
99_sik,2025/11/12,30,0.665557384
99_sik,2025/11/12,40,0.377348989
99_sik,2025/11/12,50,0.283064157
99_sik,2025/11/13,5,0.662517786
99_sik,2025/11/13,10,0.662478924
99_sik,2025/11/13,15,0.662438393
99_sik,2025/11/13,20,0.662283838
99_sik,2025/11/13,30,0.63606602
99_sik,2025/11/13,40,0.350129575
99_sik,2025/11/13,50,0.267263234
99_sik,2025/11/14,5,0.695143878
99_sik,2025/11/14,10,0.694675446
99_sik,2025/11/14,15,0.694116592
99_sik,2025/11/14,20,0.692940474
99_sik,2025/11/14,30,0.607825279
99_sik,2025/11/14,40,0.329705805
99_sik,2025/11/14,50,0.255403787
99_sik,2025/11/15,5,0.725113034
99_sik,2025/11/15,10,0.72434622
99_sik,2025/11/15,15,0.723450303
99_sik,2025/11/15,20,0.721652389
99_sik,2025/11/15,30,0.58658427
99_sik,2025/11/15,40,0.319749951
99_sik,2025/11/15,50,0.247579977
99_sik,2025/11/16,5,0.753535986
99_sik,2025/11/16,10,0.752248943
99_sik,2025/11/16,15,0.750416458
99_sik,2025/11/16,20,0.74560976
99_sik,2025/11/16,30,0.568278491
99_sik,2025/11/16,40,0.311962813
99_sik,2025/11/16,50,0.241223514
99_sik,2025/11/17,5,0.7637707
99_sik,2025/11/17,10,0.76271826
99_sik,2025/11/17,15,0.761440992
99_sik,2025/11/17,20,0.758605897
99_sik,2025/11/17,30,0.574320495
99_sik,2025/11/17,40,0.297655225
99_sik,2025/11/17,50,0.231234431
99_sik,2025/11/18,5,0.785420179
99_sik,2025/11/18,10,0.784392893
99_sik,2025/11/18,15,0.783219874
99_sik,2025/11/18,20,0.781098843
99_sik,2025/11/18,30,0.642478168
99_sik,2025/11/18,40,0.293574423
99_sik,2025/11/18,50,0.233149782
99_sik,2025/11/19,5,0.819715798
99_sik,2025/11/19,10,0.818625808
99_sik,2025/11/19,15,0.817445397
99_sik,2025/11/19,20,0.815475702
99_sik,2025/11/19,30,0.681120694
99_sik,2025/11/19,40,0.296305388
99_sik,2025/11/19,50,0.237138033
99_sik,2025/11/20,5,0.848633945
99_sik,2025/11/20,10,0.847217262
99_sik,2025/11/20,15,0.845630229
99_sik,2025/11/20,20,0.842839956
99_sik,2025/11/20,30,0.687804163
99_sik,2025/11/20,40,0.310773641
99_sik,2025/11/20,50,0.236042619
99_sik,2025/11/21,5,0.876630068
99_sik,2025/11/21,10,0.874982536
99_sik,2025/11/21,15,0.87314254
99_sik,2025/11/21,20,0.870151937
99_sik,2025/11/21,30,0.826895952
99_sik,2025/11/21,40,0.370102078
99_sik,2025/11/21,50,0.231224373
99_sik,2025/11/22,5,0.918531895
99_sik,2025/11/22,10,0.916889131
99_sik,2025/11/22,15,0.915093482
99_sik,2025/11/22,20,0.912292004
99_sik,2025/11/22,30,0.889402628
99_sik,2025/11/22,40,0.379444689
99_sik,2025/11/22,50,0.225565627
99_sik,2025/11/23,5,0.968301654
99_sik,2025/11/23,10,0.965993047
99_sik,2025/11/23,15,0.963188648
99_sik,2025/11/23,20,0.957749784
99_sik,2025/11/23,30,0.881612897
99_sik,2025/11/23,40,0.356400192
99_sik,2025/11/23,50,0.223457962
99_sik,2025/11/24,5,1.041590452
99_sik,2025/11/24,10,1.037517786
99_sik,2025/11/24,15,1.032283068
99_sik,2025/11/24,20,1.019092679
99_sik,2025/11/24,30,0.788045943
99_sik,2025/11/24,40,0.339040607
99_sik,2025/11/24,50,0.220495
99_sik,2025/11/25,5,1.099743366
99_sik,2025/11/25,10,1.09409821
99_sik,2025/11/25,15,1.085658789
99_sik,2025/11/25,20,1.056978106
99_sik,2025/11/25,30,0.714583516
99_sik,2025/11/25,40,0.314264625
99_sik,2025/11/25,50,0.211489737
99_sik,2025/11/26,5,1.111632824
99_sik,2025/11/26,10,1.106228709
99_sik,2025/11/26,15,1.098979712
99_sik,2025/11/26,20,1.076706052
99_sik,2025/11/26,30,0.686730504
99_sik,2025/11/26,40,0.308113366
99_sik,2025/11/26,50,0.200617805
99_sik,2025/11/27,5,1.110448003
99_sik,2025/11/27,10,1.106070876
99_sik,2025/11/27,15,1.100107551
99_sik,2025/11/27,20,1.079416513
99_sik,2025/11/27,30,0.717832685
99_sik,2025/11/27,40,0.362024128
99_sik,2025/11/27,50,0.193794772
99_sik,2025/11/28,5,1.08053875
99_sik,2025/11/28,10,1.07725215
99_sik,2025/11/28,15,1.072612405
99_sik,2025/11/28,20,1.060137391
99_sik,2025/11/28,30,0.824934006
99_sik,2025/11/28,40,0.503904462
99_sik,2025/11/28,50,0.195420742
99_sik,2025/11/29,5,1.044677854
99_sik,2025/11/29,10,1.041507125
99_sik,2025/11/29,15,1.037811756
99_sik,2025/11/29,20,1.031612515
99_sik,2025/11/29,30,0.99853301
99_sik,2025/11/29,40,0.571101606
99_sik,2025/11/29,50,0.199822098
99_sik,2025/11/30,5,1.095786095
99_sik,2025/11/30,10,1.093137741
99_sik,2025/11/30,15,1.090006113
99_sik,2025/11/30,20,1.084744573
99_sik,2025/11/30,30,1.058055639
99_sik,2025/11/30,40,0.573825061
99_sik,2025/11/30,50,0.206195757
99_sik,2025/12/1,5,1.138096571
99_sik,2025/12/1,10,1.134444237
99_sik,2025/12/1,15,1.130367041
99_sik,2025/12/1,20,1.123828411
99_sik,2025/12/1,30,1.094229698
99_sik,2025/12/1,40,0.58239907
99_sik,2025/12/1,50,0.22451885
99_sik,2025/12/2,5,1.155532002
99_sik,2025/12/2,10,1.152903914
99_sik,2025/12/2,15,1.150081277
99_sik,2025/12/2,20,1.145649672
99_sik,2025/12/2,30,1.123642087
99_sik,2025/12/2,40,0.598616838
99_sik,2025/12/2,50,0.257032961
99_sik,2025/12/3,5,1.139592767
99_sik,2025/12/3,10,1.136458993
99_sik,2025/12/3,15,1.132949591
99_sik,2025/12/3,20,1.127444863
99_sik,2025/12/3,30,1.106613755
99_sik,2025/12/3,40,0.770849109
99_sik,2025/12/3,50,0.436134994
99_sik,2025/12/4,5,1.072403312
99_sik,2025/12/4,10,1.069879055
99_sik,2025/12/4,15,1.067028522
99_sik,2025/12/4,20,1.062604189
99_sik,2025/12/4,30,1.049221992
99_sik,2025/12/4,40,1.01146841
99_sik,2025/12/4,50,0.827816188
99_sik,2025/12/5,5,1.033790231
99_sik,2025/12/5,10,1.03194952
99_sik,2025/12/5,15,1.029920697
99_sik,2025/12/5,20,1.02684617
99_sik,2025/12/5,30,1.018723726
99_sik,2025/12/5,40,1.004412651
99_sik,2025/12/5,50,0.982941449
99_sik,2025/12/6,5,1.029647589
99_sik,2025/12/6,10,1.027701855
99_sik,2025/12/6,15,1.025633097
99_sik,2025/12/6,20,1.02251637
99_sik,2025/12/6,30,1.014352679
99_sik,2025/12/6,40,1.002350807
99_sik,2025/12/6,50,0.98685354
99_sik,2025/12/7,5,1.031736255
99_sik,2025/12/7,10,1.03019619
99_sik,2025/12/7,15,1.028576493
99_sik,2025/12/7,20,1.026103258
99_sik,2025/12/7,30,1.019293547
99_sik,2025/12/7,40,1.009911418
99_sik,2025/12/7,50,0.99784106
99_sik,2025/12/8,5,0.995876431
99_sik,2025/12/8,10,0.993910253
99_sik,2025/12/8,15,0.991801143
99_sik,2025/12/8,20,0.988684475
99_sik,2025/12/8,30,0.980549634
99_sik,2025/12/8,40,0.968591332
99_sik,2025/12/8,50,0.950643122
99_sik,2025/12/9,5,0.956237435
99_sik,2025/12/9,10,0.954557598
99_sik,2025/12/9,15,0.952789605
99_sik,2025/12/9,20,0.950196981
99_sik,2025/12/9,30,0.943726718
99_sik,2025/12/9,40,0.935202241
99_sik,2025/12/9,50,0.92442745
99_sik,2025/12/10,5,0.976172328
99_sik,2025/12/10,10,0.974947929
99_sik,2025/12/10,15,0.973703206
99_sik,2025/12/10,20,0.971919417
99_sik,2025/12/10,30,0.967600048
99_sik,2025/12/10,40,0.962328911
99_sik,2025/12/10,50,0.956247032
99_sik,2025/12/11,5,0.943072677
99_sik,2025/12/11,10,0.941871464
99_sik,2025/12/11,15,0.940654933
99_sik,2025/12/11,20,0.938948333
99_sik,2025/12/11,30,0.935058892
99_sik,2025/12/11,40,0.930061281
99_sik,2025/12/11,50,0.923396468
99_sik,2025/12/12,5,0.90015769
99_sik,2025/12/12,10,0.898754716
99_sik,2025/12/12,15,0.897296071
99_sik,2025/12/12,20,0.895188272
99_sik,2025/12/12,30,0.890045464
99_sik,2025/12/12,40,0.88364166
99_sik,2025/12/12,50,0.876290739
99_sik,2025/12/13,5,0.881873608
99_sik,2025/12/13,10,0.881179392
99_sik,2025/12/13,15,0.880500197
99_sik,2025/12/13,20,0.879555464
99_sik,2025/12/13,30,0.877335787
99_sik,2025/12/13,40,0.87481761
99_sik,2025/12/13,50,0.87237525
99_sik,2025/12/14,5,0.827859104
99_sik,2025/12/14,10,0.82792145
99_sik,2025/12/14,15,0.828007042
99_sik,2025/12/14,20,0.828143597
99_sik,2025/12/14,30,0.82840687
99_sik,2025/12/14,40,0.828624487
99_sik,2025/12/14,50,0.828991652
99_sik,2025/12/15,5,0.83915633
99_sik,2025/12/15,10,0.838658333
99_sik,2025/12/15,15,0.838206887
99_sik,2025/12/15,20,0.837637186
99_sik,2025/12/15,30,0.836494446
99_sik,2025/12/15,40,0.835285366
99_sik,2025/12/15,50,0.834163785
99_sik,2025/12/16,5,0.888622701
99_sik,2025/12/16,10,0.887895226
99_sik,2025/12/16,15,0.887197256
99_sik,2025/12/16,20,0.886274278
99_sik,2025/12/16,30,0.884331703
99_sik,2025/12/16,40,0.882273018
99_sik,2025/12/16,50,0.880237222
99_sik,2025/12/17,5,0.88924396
99_sik,2025/12/17,10,0.888576925
99_sik,2025/12/17,15,0.887960494
99_sik,2025/12/17,20,0.887172401
99_sik,2025/12/17,30,0.885571539
99_sik,2025/12/17,40,0.883990228
99_sik,2025/12/17,50,0.882571161
99_sik,2025/12/18,5,0.865173757
99_sik,2025/12/18,10,0.864663482
99_sik,2025/12/18,15,0.864243388
99_sik,2025/12/18,20,0.863747537
99_sik,2025/12/18,30,0.862845123
99_sik,2025/12/18,40,0.862076402
99_sik,2025/12/18,50,0.861478209
99_sik,2025/12/19,5,0.845941007
99_sik,2025/12/19,10,0.846453905
99_sik,2025/12/19,15,0.846911728
99_sik,2025/12/19,20,0.847496033
99_sik,2025/12/19,30,0.849474132
99_sik,2025/12/19,40,0.852551579
99_sik,2025/12/19,50,0.852940083
99_sik,2025/12/20,5,0.828725457
99_sik,2025/12/20,10,0.827276647
99_sik,2025/12/20,15,0.824600995
99_sik,2025/12/20,20,0.818696082
99_sik,2025/12/20,30,0.809446394
99_sik,2025/12/20,40,0.803126752
99_sik,2025/12/20,50,0.798728645
99_sik,2025/12/21,5,0.80203408
99_sik,2025/12/21,10,0.79704535
99_sik,2025/12/21,15,0.790813506
99_sik,2025/12/21,20,0.778460741
99_sik,2025/12/21,30,0.737386227
99_sik,2025/12/21,40,0.719290853
99_sik,2025/12/21,50,0.717009544
99_sik,2025/12/22,5,0.783263326
99_sik,2025/12/22,10,0.78125155
99_sik,2025/12/22,15,0.779171705
99_sik,2025/12/22,20,0.776208401
99_sik,2025/12/22,30,0.766925573
99_sik,2025/12/22,40,0.717591465
99_sik,2025/12/22,50,0.686277866
99_sik,2025/12/23,5,0.79082644
99_sik,2025/12/23,10,0.790147126
99_sik,2025/12/23,15,0.789396048
99_sik,2025/12/23,20,0.788250387
99_sik,2025/12/23,30,0.784193099
99_sik,2025/12/23,40,0.770463586
99_sik,2025/12/23,50,0.750096321
99_sik,2025/12/24,5,0.777726412
99_sik,2025/12/24,10,0.777552009
99_sik,2025/12/24,15,0.777368009
99_sik,2025/12/24,20,0.777058721
99_sik,2025/12/24,30,0.775178432
99_sik,2025/12/24,40,0.755385816
99_sik,2025/12/24,50,0.731969416
99_sik,2025/12/25,5,0.77410692
99_sik,2025/12/25,10,0.77343595
99_sik,2025/12/25,15,0.772736549
99_sik,2025/12/25,20,0.771674514
99_sik,2025/12/25,30,0.767393708
99_sik,2025/12/25,40,0.727217615
99_sik,2025/12/25,50,0.693985999
99_sik,2025/12/26,5,0.780391455
99_sik,2025/12/26,10,0.779544771
99_sik,2025/12/26,15,0.778651714
99_sik,2025/12/26,20,0.777332962
99_sik,2025/12/26,30,0.773667216
99_sik,2025/12/26,40,0.766358614
99_sik,2025/12/26,50,0.743344724
99_sik,2025/12/27,5,0.794306397
99_sik,2025/12/27,10,0.793742359
99_sik,2025/12/27,15,0.793192506
99_sik,2025/12/27,20,0.792442322
99_sik,2025/12/27,30,0.790727735
99_sik,2025/12/27,40,0.788868785
99_sik,2025/12/27,50,0.787251174
99_sik,2025/12/28,5,0.826945662
99_sik,2025/12/28,10,0.826793492
99_sik,2025/12/28,15,0.826657951
99_sik,2025/12/28,20,0.826469123
99_sik,2025/12/28,30,0.82600981
99_sik,2025/12/28,40,0.82556814
99_sik,2025/12/28,50,0.825063586
99_sik,2025/12/29,5,0.842932403
99_sik,2025/12/29,10,0.843230844
99_sik,2025/12/29,15,0.843510926
99_sik,2025/12/29,20,0.843882203
99_sik,2025/12/29,30,0.845332682
99_sik,2025/12/29,40,0.846979856
99_sik,2025/12/29,50,0.845590949
99_sik,2025/12/30,5,0.870457649
99_sik,2025/12/30,10,0.870215058
99_sik,2025/12/30,15,0.870013535
99_sik,2025/12/30,20,0.869750261
99_sik,2025/12/30,30,0.869125783
99_sik,2025/12/30,40,0.867221713
99_sik,2025/12/30,50,0.862921119
99_sik,2025/12/31,5,0.911413252
99_sik,2025/12/31,10,0.910736144
99_sik,2025/12/31,15,0.910079837
99_sik,2025/12/31,20,0.909175158
99_sik,2025/12/31,30,0.907027781
99_sik,2025/12/31,40,0.904779911
99_sik,2025/12/31,50,0.903143466
99_sik,2026/1/1,5,1.031194091
99_sik,2026/1/1,10,1.031017661
99_sik,2026/1/1,15,1.030871987
99_sik,2026/1/1,20,1.030696869
99_sik,2026/1/1,30,1.030434847
99_sik,2026/1/1,40,1.030304551
99_sik,2026/1/1,50,1.030349731
99_sik,2026/1/2,5,1.080551982
99_sik,2026/1/2,10,1.080228448
99_sik,2026/1/2,15,1.079989791
99_sik,2026/1/2,20,1.079731464
99_sik,2026/1/2,30,1.079328537
99_sik,2026/1/2,40,1.079071522
99_sik,2026/1/2,50,1.079043627
99_sik,2026/1/3,5,1.122815251
99_sik,2026/1/3,10,1.12261498
99_sik,2026/1/3,15,1.1224612
99_sik,2026/1/3,20,1.122286797
99_sik,2026/1/3,30,1.12203002
99_sik,2026/1/3,40,1.121937752
99_sik,2026/1/3,50,1.122029066
99_sik,2026/1/4,5,1.123214841
99_sik,2026/1/4,10,1.123085022
99_sik,2026/1/4,15,1.122971654
99_sik,2026/1/4,20,1.122827411
99_sik,2026/1/4,30,1.122615814
99_sik,2026/1/4,40,1.122570038
99_sik,2026/1/4,50,1.122687817
99_sik,2026/1/5,5,1.14741993
99_sik,2026/1/5,10,1.147253871
99_sik,2026/1/5,15,1.147122622
99_sik,2026/1/5,20,1.146971464
99_sik,2026/1/5,30,1.146770835
99_sik,2026/1/5,40,1.146745563
99_sik,2026/1/5,50,1.146875262
99_sik,2026/1/6,5,1.185160398
99_sik,2026/1/6,10,1.185078979
99_sik,2026/1/6,15,1.185023904
99_sik,2026/1/6,20,1.18496716
99_sik,2026/1/6,30,1.184916973
99_sik,2026/1/6,40,1.185016751
99_sik,2026/1/6,50,1.185220242
99_sik,2026/1/7,5,1.158249259
99_sik,2026/1/7,10,1.158270597
99_sik,2026/1/7,15,1.158299804
99_sik,2026/1/7,20,1.158346772
99_sik,2026/1/7,30,1.158482313
99_sik,2026/1/7,40,1.158738375
99_sik,2026/1/7,50,1.159024239
99_sik,2026/1/8,5,1.142877579
99_sik,2026/1/8,10,1.142748237
99_sik,2026/1/8,15,1.142635107
99_sik,2026/1/8,20,1.142505407
99_sik,2026/1/8,30,1.142313242
99_sik,2026/1/8,40,1.142268658
99_sik,2026/1/8,50,1.142373204
99_sik,2026/1/9,5,1.145238161
99_sik,2026/1/9,10,1.1451509
99_sik,2026/1/9,15,1.145088553
99_sik,2026/1/9,20,1.145011544
99_sik,2026/1/9,30,1.144946814
99_sik,2026/1/9,40,1.145043135
99_sik,2026/1/9,50,1.145231843
99_sik,2026/1/10,5,1.093336344
99_sik,2026/1/10,10,1.093335509
99_sik,2026/1/10,15,1.093363881
99_sik,2026/1/10,20,1.093398333
99_sik,2026/1/10,30,1.093612432
99_sik,2026/1/10,40,1.09415257
99_sik,2026/1/10,50,1.0946666
99_sik,2026/1/11,5,1.084160089
99_sik,2026/1/11,10,1.084037662
99_sik,2026/1/11,15,1.08392489
99_sik,2026/1/11,20,1.083766103
99_sik,2026/1/11,30,1.083488703
99_sik,2026/1/11,40,1.083304524
99_sik,2026/1/11,50,1.083241105
99_sik,2026/1/12,5,1.13090837
99_sik,2026/1/12,10,1.130741954
99_sik,2026/1/12,15,1.130591035
99_sik,2026/1/12,20,1.130388021
99_sik,2026/1/12,30,1.130051017
99_sik,2026/1/12,40,1.129832745
99_sik,2026/1/12,50,1.129805565
99_sik,2026/1/13,5,1.155946374
99_sik,2026/1/13,10,1.155821443
99_sik,2026/1/13,15,1.155701876
99_sik,2026/1/13,20,1.155531406
99_sik,2026/1/13,30,1.155222178
99_sik,2026/1/13,40,1.15500319
99_sik,2026/1/13,50,1.154967189
99_sik,2026/1/14,5,1.158805728
99_sik,2026/1/14,10,1.158714056
99_sik,2026/1/14,15,1.158629179
99_sik,2026/1/14,20,1.158512712
99_sik,2026/1/14,30,1.158299088
99_sik,2026/1/14,40,1.158149242
99_sik,2026/1/14,50,1.158148527
99_sik,2026/1/15,5,1.138679385
99_sik,2026/1/15,10,1.13853097
99_sik,2026/1/15,15,1.138436198
99_sik,2026/1/15,20,1.138328791
99_sik,2026/1/15,30,1.138130426
99_sik,2026/1/15,40,1.137865543
99_sik,2026/1/15,50,1.137756467
99_sik,2026/1/16,5,1.087392092
99_sik,2026/1/16,10,1.087171078
99_sik,2026/1/16,15,1.087018967
99_sik,2026/1/16,20,1.08683598
99_sik,2026/1/16,30,1.086400867
99_sik,2026/1/16,40,1.085476995
99_sik,2026/1/16,50,1.084702134
99_sik,2026/1/17,5,1.063409925
99_sik,2026/1/17,10,1.063231826
99_sik,2026/1/17,15,1.063088775
99_sik,2026/1/17,20,1.062901139
99_sik,2026/1/17,30,1.062523246
99_sik,2026/1/17,40,1.061953664
99_sik,2026/1/17,50,1.061533809
99_sik,2026/1/18,5,1.08791554
99_sik,2026/1/18,10,1.08784318
99_sik,2026/1/18,15,1.087808013
99_sik,2026/1/18,20,1.087775111
99_sik,2026/1/18,30,1.087776423
99_sik,2026/1/18,40,1.087860227
99_sik,2026/1/18,50,1.087988377
99_sik,2026/1/19,5,1.095675111
99_sik,2026/1/19,10,1.095598936
99_sik,2026/1/19,15,1.095546365
99_sik,2026/1/19,20,1.095496297
99_sik,2026/1/19,30,1.095460415
99_sik,2026/1/19,40,1.0955441
99_sik,2026/1/19,50,1.095582008
99_sik,2026/1/20,5,1.096072793
99_sik,2026/1/20,10,1.095965266
99_sik,2026/1/20,15,1.095873237
99_sik,2026/1/20,20,1.095765233
99_sik,2026/1/20,30,1.095611095
99_sik,2026/1/20,40,1.095568776
99_sik,2026/1/20,50,1.095646739
99_sik,2026/1/21,5,1.133515835
99_sik,2026/1/21,10,1.133399844
99_sik,2026/1/21,15,1.133312225
99_sik,2026/1/21,20,1.133227706
99_sik,2026/1/21,30,1.133149505
99_sik,2026/1/21,40,1.133266687
99_sik,2026/1/21,50,1.133546948
99_sik,2026/1/22,5,1.140980244
99_sik,2026/1/22,10,1.140889287
99_sik,2026/1/22,15,1.140828729
99_sik,2026/1/22,20,1.140792012
99_sik,2026/1/22,30,1.140734792
99_sik,2026/1/22,40,1.140776634
99_sik,2026/1/22,50,1.141003132
99_sik,2026/1/23,5,1.119415045
99_sik,2026/1/23,10,1.119360924
99_sik,2026/1/23,15,1.119333386
99_sik,2026/1/23,20,1.119334817
99_sik,2026/1/23,30,1.11920929
99_sik,2026/1/23,40,1.117954493
99_sik,2026/1/23,50,1.116824031
99_sik,2026/1/24,5,1.104277253
99_sik,2026/1/24,10,1.10419476
99_sik,2026/1/24,15,1.104140639
99_sik,2026/1/24,20,1.104106784
99_sik,2026/1/24,30,1.104094744
99_sik,2026/1/24,40,1.103470445
99_sik,2026/1/24,50,1.101680636
99_sik,2026/1/25,5,1.107769728
99_sik,2026/1/25,10,1.107694387
99_sik,2026/1/25,15,1.107651234
99_sik,2026/1/25,20,1.107629418
99_sik,2026/1/25,30,1.107687473
99_sik,2026/1/25,40,1.10810411
99_sik,2026/1/25,50,1.108914256
99_sik,2026/1/26,5,1.087889075
99_sik,2026/1/26,10,1.0879215
99_sik,2026/1/26,15,1.087983966
99_sik,2026/1/26,20,1.088125467
99_sik,2026/1/26,30,1.088983655
99_sik,2026/1/26,40,1.094153762
99_sik,2026/1/26,50,1.100726843
99_sik,2026/1/27,5,1.022545576
99_sik,2026/1/27,10,1.022681952
99_sik,2026/1/27,15,1.022920966
99_sik,2026/1/27,20,1.023583412
99_sik,2026/1/27,30,1.029310584
99_sik,2026/1/27,40,1.047895312
99_sik,2026/1/27,50,1.054733634
99_sik,2026/1/28,5,1.00979495
99_sik,2026/1/28,10,1.009834051
99_sik,2026/1/28,15,1.009967089
99_sik,2026/1/28,20,1.011270046
99_sik,2026/1/28,30,1.024837852
99_sik,2026/1/28,40,1.04252553
99_sik,2026/1/28,50,1.037827015
99_sik,2026/1/29,5,1.045961738
99_sik,2026/1/29,10,1.046233058
99_sik,2026/1/29,15,1.046697974
99_sik,2026/1/29,20,1.047623038
99_sik,2026/1/29,30,1.056179881
99_sik,2026/1/29,40,1.056000113
99_sik,2026/1/29,50,1.045958996
99_sik,2026/1/30,5,1.101846576
99_sik,2026/1/30,10,1.101846933
99_sik,2026/1/30,15,1.101877332
99_sik,2026/1/30,20,1.102033257
99_sik,2026/1/30,30,1.103618503
99_sik,2026/1/30,40,1.065683842
99_sik,2026/1/30,50,1.035246372
99_sik,2026/1/31,5,1.164016247
99_sik,2026/1/31,10,1.163957357
99_sik,2026/1/31,15,1.163890481
99_sik,2026/1/31,20,1.163801074
99_sik,2026/1/31,30,1.163179636
99_sik,2026/1/31,40,1.116790295
99_sik,2026/1/31,50,1.042495251
99_sik,2026/2/1,5,1.177850127
99_sik,2026/2/1,10,1.177726865
99_sik,2026/2/1,15,1.177584171
99_sik,2026/2/1,20,1.177306533
99_sik,2026/2/1,30,1.175374508
99_sik,2026/2/1,40,1.162763357
99_sik,2026/2/1,50,1.071380615
99_sik,2026/2/2,5,1.154342651
99_sik,2026/2/2,10,1.154174209
99_sik,2026/2/2,15,1.154007554
99_sik,2026/2/2,20,1.153738141
99_sik,2026/2/2,30,1.152335763
99_sik,2026/2/2,40,1.146085978
99_sik,2026/2/2,50,1.094692707
99_sik,2026/2/3,5,1.097164869
99_sik,2026/2/3,10,1.096999526
99_sik,2026/2/3,15,1.096837759
99_sik,2026/2/3,20,1.09661293
99_sik,2026/2/3,30,1.095952153
99_sik,2026/2/3,40,1.093420267
99_sik,2026/2/3,50,1.08095789
99_sik,2026/2/4,5,1.083821654
99_sik,2026/2/4,10,1.083748579
99_sik,2026/2/4,15,1.08373487
99_sik,2026/2/4,20,1.083887935
99_sik,2026/2/4,30,1.0871104
99_sik,2026/2/4,40,1.087207913
99_sik,2026/2/4,50,1.062395096
99_sik,2026/2/5,5,1.137074709
99_sik,2026/2/5,10,1.136861086
99_sik,2026/2/5,15,1.136752129
99_sik,2026/2/5,20,1.137161493
99_sik,2026/2/5,30,1.138409257
99_sik,2026/2/5,40,1.107272148
99_sik,2026/2/5,50,1.068548679
99_sik,2026/2/6,5,1.136973381
99_sik,2026/2/6,10,1.136747599
99_sik,2026/2/6,15,1.13648653
99_sik,2026/2/6,20,1.136057138
99_sik,2026/2/6,30,1.134839177
99_sik,2026/2/6,40,1.132168412
99_sik,2026/2/6,50,1.126835823
99_sik,2026/2/7,5,1.169689775
99_sik,2026/2/7,10,1.169466019
99_sik,2026/2/7,15,1.169237614
99_sik,2026/2/7,20,1.168927193
99_sik,2026/2/7,30,1.168192983
99_sik,2026/2/7,40,1.166396976
99_sik,2026/2/7,50,1.161760569
99_sik,2026/2/8,5,1.213393211
99_sik,2026/2/8,10,1.213157177
99_sik,2026/2/8,15,1.212907791
99_sik,2026/2/8,20,1.212564111
99_sik,2026/2/8,30,1.212016106
99_sik,2026/2/8,40,1.210220337
99_sik,2026/2/8,50,1.197850823
99_sik,2026/2/9,5,1.226911664
99_sik,2026/2/9,10,1.226748705
99_sik,2026/2/9,15,1.226591349
99_sik,2026/2/9,20,1.226369262
99_sik,2026/2/9,30,1.225708842
99_sik,2026/2/9,40,1.22036171
99_sik,2026/2/9,50,1.203135729
99_sik,2026/2/10,5,1.242438436
99_sik,2026/2/10,10,1.242819905
99_sik,2026/2/10,15,1.24326992
99_sik,2026/2/10,20,1.243948102
99_sik,2026/2/10,30,1.245247245
99_sik,2026/2/10,40,1.219326496
99_sik,2026/2/10,50,1.169877529
99_sik,2026/2/11,5,1.240697742
99_sik,2026/2/11,10,1.240571856
99_sik,2026/2/11,15,1.2404567
99_sik,2026/2/11,20,1.240294099
99_sik,2026/2/11,30,1.239165545
99_sik,2026/2/11,40,1.219447374
99_sik,2026/2/11,50,1.158113241
99_sik,2026/2/12,5,1.201851726
99_sik,2026/2/12,10,1.20175457
99_sik,2026/2/12,15,1.201666355
99_sik,2026/2/12,20,1.201554418
99_sik,2026/2/12,30,1.200757265
99_sik,2026/2/12,40,1.200382352
99_sik,2026/2/12,50,1.179405451
99_sik,2026/2/13,5,1.182371974
99_sik,2026/2/13,10,1.182458043
99_sik,2026/2/13,15,1.182651997
99_sik,2026/2/13,20,1.18347156
99_sik,2026/2/13,30,1.192620397
99_sik,2026/2/13,40,1.20198369
99_sik,2026/2/13,50,1.185749888
99_sik,2026/2/14,5,1.206816435
99_sik,2026/2/14,10,1.208649397
99_sik,2026/2/14,15,1.212707877
99_sik,2026/2/14,20,1.22378397
99_sik,2026/2/14,30,1.225465298
99_sik,2026/2/14,40,1.168646455
99_sik,2026/2/14,50,1.129198432
99_sik,2026/2/15,5,1.282932878
99_sik,2026/2/15,10,1.284146667
99_sik,2026/2/15,15,1.287529349
99_sik,2026/2/15,20,1.297877073
99_sik,2026/2/15,30,1.221709967
99_sik,2026/2/15,40,1.098941088
99_sik,2026/2/15,50,1.049931288
99_sik,2026/2/16,5,1.328140378
99_sik,2026/2/16,10,1.327917814
99_sik,2026/2/16,15,1.327690363
99_sik,2026/2/16,20,1.32707417
99_sik,2026/2/16,30,1.281707048
99_sik,2026/2/16,40,1.079232812
99_sik,2026/2/16,50,0.992264211
99_sik,2026/2/17,5,1.331884384
99_sik,2026/2/17,10,1.331671596
99_sik,2026/2/17,15,1.331478
99_sik,2026/2/17,20,1.331181884
99_sik,2026/2/17,30,1.313055515
99_sik,2026/2/17,40,1.086417794
99_sik,2026/2/17,50,0.978857577
99_sik,2026/2/18,5,1.25269258
99_sik,2026/2/18,10,1.252032518
99_sik,2026/2/18,15,1.251097083
99_sik,2026/2/18,20,1.249006033
99_sik,2026/2/18,30,1.232668161
99_sik,2026/2/18,40,1.148508191
99_sik,2026/2/18,50,1.036970496
99_sik,2026/2/19,5,1.128351688
99_sik,2026/2/19,10,1.127969027
99_sik,2026/2/19,15,1.127563715
99_sik,2026/2/19,20,1.126901507
99_sik,2026/2/19,30,1.124908805
99_sik,2026/2/19,40,1.118953109
99_sik,2026/2/19,50,1.104865432
99_sik,2026/2/20,5,1.104456306
99_sik,2026/2/20,10,1.105841637
99_sik,2026/2/20,15,1.108096838
99_sik,2026/2/20,20,1.108760953
99_sik,2026/2/20,30,1.102330804
99_sik,2026/2/20,40,1.081198096
99_sik,2026/2/20,50,1.05881989
99_sik,2026/2/21,5,1.147060394
99_sik,2026/2/21,10,1.156750441
99_sik,2026/2/21,15,1.166223168
99_sik,2026/2/21,20,1.162763119
99_sik,2026/2/21,30,1.095839143
99_sik,2026/2/21,40,1.01823616
99_sik,2026/2/21,50,0.973135769
99_sik,2026/2/22,5,1.194963336
99_sik,2026/2/22,10,1.194961786
99_sik,2026/2/22,15,1.195180058
99_sik,2026/2/22,20,1.188278437
99_sik,2026/2/22,30,1.116648436
99_sik,2026/2/22,40,0.986961305
99_sik,2026/2/22,50,0.901729107
99_sik,2026/2/23,5,1.160080671
99_sik,2026/2/23,10,1.159452796
99_sik,2026/2/23,15,1.158794403
99_sik,2026/2/23,20,1.157564998
99_sik,2026/2/23,30,1.148381352
99_sik,2026/2/23,40,1.098127961
99_sik,2026/2/23,50,0.967539549
99_sik,2026/2/24,5,1.163879514
99_sik,2026/2/24,10,1.16386342
99_sik,2026/2/24,15,1.163882732
99_sik,2026/2/24,20,1.164101005
99_sik,2026/2/24,30,1.163580656
99_sik,2026/2/24,40,1.11721921
99_sik,2026/2/24,50,0.992302895
99_sik,2026/2/25,5,1.242245793
99_sik,2026/2/25,10,1.243215919
99_sik,2026/2/25,15,1.245409131
99_sik,2026/2/25,20,1.247879148
99_sik,2026/2/25,30,1.203997374
99_sik,2026/2/25,40,1.069578528
99_sik,2026/2/25,50,0.921221197
99_sik,2026/2/26,5,1.295792818
99_sik,2026/2/26,10,1.295430422
99_sik,2026/2/26,15,1.294768333
99_sik,2026/2/26,20,1.292827725
99_sik,2026/2/26,30,1.258829355
99_sik,2026/2/26,40,1.071116567
99_sik,2026/2/26,50,0.87479794
99_sik,2026/2/27,5,1.265933514
99_sik,2026/2/27,10,1.265603781
99_sik,2026/2/27,15,1.26514411
99_sik,2026/2/27,20,1.264306545
99_sik,2026/2/27,30,1.242355347
99_sik,2026/2/27,40,1.027928591
99_sik,2026/2/27,50,0.856252015
99_sik,2026/2/28,5,1.247643709
99_sik,2026/2/28,10,1.247380495
99_sik,2026/2/28,15,1.246984124
99_sik,2026/2/28,20,1.24618876
99_sik,2026/2/28,30,1.234292269
99_sik,2026/2/28,40,1.026067376
99_sik,2026/2/28,50,0.833730102
99_sik,2026/3/1,5,1.273955107
99_sik,2026/3/1,10,1.27379334
99_sik,2026/3/1,15,1.273607612
99_sik,2026/3/1,20,1.273344278
99_sik,2026/3/1,30,1.272196531
99_sik,2026/3/1,40,1.161859035
99_sik,2026/3/1,50,0.910295367
99_sik,2026/3/2,5,1.332613468
99_sik,2026/3/2,10,1.332622528
99_sik,2026/3/2,15,1.332672
99_sik,2026/3/2,20,1.332898498
99_sik,2026/3/2,30,1.335701466
99_sik,2026/3/2,40,1.282762527
99_sik,2026/3/2,50,0.97204119
99_sik,2026/3/3,5,1.384145617
99_sik,2026/3/3,10,1.385112524
99_sik,2026/3/3,15,1.386786819
99_sik,2026/3/3,20,1.390867829
99_sik,2026/3/3,30,1.400868416
99_sik,2026/3/3,40,1.281773925
99_sik,2026/3/3,50,0.966243088
99_sik,2026/3/4,5,1.334517598
99_sik,2026/3/4,10,1.336860418
99_sik,2026/3/4,15,1.340391994
99_sik,2026/3/4,20,1.346412063
99_sik,2026/3/4,30,1.3365376
99_sik,2026/3/4,40,1.207852483
99_sik,2026/3/4,50,0.973866224
99_sik,2026/3/5,5,1.273638606
99_sik,2026/3/5,10,1.278781056
99_sik,2026/3/5,15,1.288002014
99_sik,2026/3/5,20,1.290320158
99_sik,2026/3/5,30,1.245561004
99_sik,2026/3/5,40,1.134173393
99_sik,2026/3/5,50,0.998855472
99_sik,2026/3/6,5,1.299995065
99_sik,2026/3/6,10,1.30042851
99_sik,2026/3/6,15,1.30142045
99_sik,2026/3/6,20,1.298303723
99_sik,2026/3/6,30,1.236236453
99_sik,2026/3/6,40,1.110337257
99_sik,2026/3/6,50,0.993220031
99_sik,2026/3/7,5,1.255874276
99_sik,2026/3/7,10,1.255481839
99_sik,2026/3/7,15,1.254843831
99_sik,2026/3/7,20,1.253025174
99_sik,2026/3/7,30,1.24254024
99_sik,2026/3/7,40,1.153276443
99_sik,2026/3/7,50,1.05520761
99_sik,2026/3/8,5,1.227495909
99_sik,2026/3/8,10,1.227448463
99_sik,2026/3/8,15,1.227416277
99_sik,2026/3/8,20,1.227388263
99_sik,2026/3/8,30,1.227665782
99_sik,2026/3/8,40,1.205284715
99_sik,2026/3/8,50,1.129622579
99_sik,2026/3/9,5,1.256881595
99_sik,2026/3/9,10,1.257182956
99_sik,2026/3/9,15,1.258009553
99_sik,2026/3/9,20,1.262265325
99_sik,2026/3/9,30,1.254349828
99_sik,2026/3/9,40,1.178903461
99_sik,2026/3/9,50,1.058818102
99_sik,2026/3/10,5,1.331101775
99_sik,2026/3/10,10,1.345811486
99_sik,2026/3/10,15,1.373004556
99_sik,2026/3/10,20,1.36826694
99_sik,2026/3/10,30,1.242563963
99_sik,2026/3/10,40,1.102549911
99_sik,2026/3/10,50,0.968763888
99_sik,2026/3/11,5,1.465670705
99_sik,2026/3/11,10,1.476023674
99_sik,2026/3/11,15,1.509592295
99_sik,2026/3/11,20,1.502361536
99_sik,2026/3/11,30,1.224744081
99_sik,2026/3/11,40,1.033254862
99_sik,2026/3/11,50,0.897462606
99_sik,2026/3/12,5,1.62537241
99_sik,2026/3/12,10,1.624910593
99_sik,2026/3/12,15,1.623583436
99_sik,2026/3/12,20,1.60476315
99_sik,2026/3/12,30,1.213978648
99_sik,2026/3/12,40,0.967675447
99_sik,2026/3/12,50,0.840715647
99_sik,2026/3/13,5,1.73832643
99_sik,2026/3/13,10,1.737931728
99_sik,2026/3/13,15,1.736349583
99_sik,2026/3/13,20,1.713368297
99_sik,2026/3/13,30,1.210096836
99_sik,2026/3/13,40,0.911812186
99_sik,2026/3/13,50,0.804465353
99_sik,2026/3/14,5,1.844290376
99_sik,2026/3/14,10,1.844478011
99_sik,2026/3/14,15,1.846490026
99_sik,2026/3/14,20,1.809315681
99_sik,2026/3/14,30,1.206847072
99_sik,2026/3/14,40,0.862001657
99_sik,2026/3/14,50,0.768248141
99_sik,2026/3/15,5,1.954066038
99_sik,2026/3/15,10,1.953745961
99_sik,2026/3/15,15,1.952979326
99_sik,2026/3/15,20,1.872531772
99_sik,2026/3/15,30,1.211620688
99_sik,2026/3/15,40,0.844243467
99_sik,2026/3/15,50,0.72841692
99_sik,2026/3/16,5,2.055262566
99_sik,2026/3/16,10,2.057528973
99_sik,2026/3/16,15,2.061626196
99_sik,2026/3/16,20,1.904519916
99_sik,2026/3/16,30,1.207003355
99_sik,2026/3/16,40,0.848406911
99_sik,2026/3/16,50,0.709818363
99_sik,2026/3/17,5,2.145274639
99_sik,2026/3/17,10,2.153258562
99_sik,2026/3/17,15,2.175961018
99_sik,2026/3/17,20,1.973268867
99_sik,2026/3/17,30,1.200367332
99_sik,2026/3/17,40,0.827923477
99_sik,2026/3/17,50,0.687795281
99_sik,2026/3/18,5,2.235106707
99_sik,2026/3/18,10,2.255495548
99_sik,2026/3/18,15,2.266219854
99_sik,2026/3/18,20,2.012370348
99_sik,2026/3/18,30,1.167896032
99_sik,2026/3/18,40,0.789070666
99_sik,2026/3/18,50,0.645234346
99_sik,2026/3/19,5,2.185247421
99_sik,2026/3/19,10,2.184954882
99_sik,2026/3/19,15,2.17842555
99_sik,2026/3/19,20,2.014637709
99_sik,2026/3/19,30,1.115323067
99_sik,2026/3/19,40,0.760993838
99_sik,2026/3/19,50,0.607076585
99_sik,2026/3/20,5,2.007794142
99_sik,2026/3/20,10,1.998708487
99_sik,2026/3/20,15,1.981808186
99_sik,2026/3/20,20,1.898281574
99_sik,2026/3/20,30,1.148611546
99_sik,2026/3/20,40,0.754886806
99_sik,2026/3/20,50,0.596792877
99_sik,2026/3/21,5,1.735119343
99_sik,2026/3/21,10,1.730797648
99_sik,2026/3/21,15,1.724330783
99_sik,2026/3/21,20,1.70555377
99_sik,2026/3/21,30,1.41921103
99_sik,2026/3/21,40,0.892398953
99_sik,2026/3/21,50,0.657494545
99_sik,2026/3/22,5,1.670371175
99_sik,2026/3/22,10,1.690926909
99_sik,2026/3/22,15,1.704351902
99_sik,2026/3/22,20,1.672138333
99_sik,2026/3/22,30,1.425812364
99_sik,2026/3/22,40,0.99020195
99_sik,2026/3/22,50,0.715721905
99_sik,2026/3/23,5,1.717202783
99_sik,2026/3/23,10,1.788643122
99_sik,2026/3/23,15,1.837191105
99_sik,2026/3/23,20,1.702945828
99_sik,2026/3/23,30,1.350235105
99_sik,2026/3/23,40,0.932937801
99_sik,2026/3/23,50,0.663324535
99_sik,2026/3/24,5,1.789165854
99_sik,2026/3/24,10,1.886181593
99_sik,2026/3/24,15,1.979329944
99_sik,2026/3/24,20,1.745221257
99_sik,2026/3/24,30,1.268169999
99_sik,2026/3/24,40,0.863239229
99_sik,2026/3/24,50,0.611716986
99_sik,2026/3/25,5,1.872370005
99_sik,2026/3/25,10,1.99563992
99_sik,2026/3/25,15,2.117771387
99_sik,2026/3/25,20,1.829901099
99_sik,2026/3/25,30,1.218329549
99_sik,2026/3/25,40,0.795938671
99_sik,2026/3/25,50,0.553731859
99_sik,2026/3/26,5,2.000267744
99_sik,2026/3/26,10,2.055225849
99_sik,2026/3/26,15,2.107599497
99_sik,2026/3/26,20,1.88251996
99_sik,2026/3/26,30,1.198092461
99_sik,2026/3/26,40,0.738166928
99_sik,2026/3/26,50,0.499837577
99_sik,2026/3/27,5,2.003888369
99_sik,2026/3/27,10,2.025330544
99_sik,2026/3/27,15,2.023813486
99_sik,2026/3/27,20,1.841859221
99_sik,2026/3/27,30,1.186837554
99_sik,2026/3/27,40,0.711887658
99_sik,2026/3/27,50,0.480228692
99_sik,2026/3/28,5,1.9594872
99_sik,2026/3/28,10,2.000613213
99_sik,2026/3/28,15,2.012508392
99_sik,2026/3/28,20,1.825998306
99_sik,2026/3/28,30,1.185197234
99_sik,2026/3/28,40,0.722692013
99_sik,2026/3/28,50,0.487010062
99_sik,2026/3/29,5,1.93795228
99_sik,2026/3/29,10,2.03778863
99_sik,2026/3/29,15,2.127451897
99_sik,2026/3/29,20,1.895710468
99_sik,2026/3/29,30,1.210313559
99_sik,2026/3/29,40,0.756867826
99_sik,2026/3/29,50,0.509849846
99_sik,2026/3/30,5,1.961587429
99_sik,2026/3/30,10,2.025034904
99_sik,2026/3/30,15,2.146748304
99_sik,2026/3/30,20,1.97018683
99_sik,2026/3/30,30,1.235781908
99_sik,2026/3/30,40,0.787355065
99_sik,2026/3/30,50,0.533225358
99_sik,2026/3/31,5,1.952732682
99_sik,2026/3/31,10,2.045395613
99_sik,2026/3/31,15,2.163197994
99_sik,2026/3/31,20,1.957804561
99_sik,2026/3/31,30,1.217464805
99_sik,2026/3/31,40,0.781837761
99_sik,2026/3/31,50,0.535937071
99_sik,2026/4/1,5,1.924420595
99_sik,2026/4/1,10,2.08321476
99_sik,2026/4/1,15,2.257882833
99_sik,2026/4/1,20,1.962559462
99_sik,2026/4/1,30,1.190726757
99_sik,2026/4/1,40,0.766789019
99_sik,2026/4/1,50,0.533664286
99_sik,2026/4/2,5,1.967259526
99_sik,2026/4/2,10,2.062566757
99_sik,2026/4/2,15,2.244929075
99_sik,2026/4/2,20,1.970530033
99_sik,2026/4/2,30,1.162237287
99_sik,2026/4/2,40,0.754742146
99_sik,2026/4/2,50,0.529750466
99_sik,2026/4/3,5,1.952238917
99_sik,2026/4/3,10,2.05283761
99_sik,2026/4/3,15,2.239714146
99_sik,2026/4/3,20,1.959334612
99_sik,2026/4/3,30,1.128166676
99_sik,2026/4/3,40,0.732860625
99_sik,2026/4/3,50,0.511526406
99_sik,2026/4/4,5,1.924406886
99_sik,2026/4/4,10,2.068374634
99_sik,2026/4/4,15,2.27520895
99_sik,2026/4/4,20,1.993418694
99_sik,2026/4/4,30,1.138703227
99_sik,2026/4/4,40,0.740360796
99_sik,2026/4/4,50,0.49637866
99_sik,2026/4/5,5,1.910651445
99_sik,2026/4/5,10,2.065747976
99_sik,2026/4/5,15,2.249801397
99_sik,2026/4/5,20,2.004867077
99_sik,2026/4/5,30,1.154247046
99_sik,2026/4/5,40,0.739258468
99_sik,2026/4/5,50,0.47854203
99_sik,2026/4/6,5,1.919820905
99_sik,2026/4/6,10,1.963130593
99_sik,2026/4/6,15,2.039501905
99_sik,2026/4/6,20,1.885281324
99_sik,2026/4/6,30,1.169365883
99_sik,2026/4/6,40,0.720074832
99_sik,2026/4/6,50,0.448405325
99_sik,2026/4/7,5,1.853590965
99_sik,2026/4/7,10,1.856782079
99_sik,2026/4/7,15,1.866747737
99_sik,2026/4/7,20,1.819536805
99_sik,2026/4/7,30,1.129294276
99_sik,2026/4/7,40,0.673489511
99_sik,2026/4/7,50,0.409232825
99_sik,2026/4/8,5,1.822087884
99_sik,2026/4/8,10,1.826475143
99_sik,2026/4/8,15,1.851691604
99_sik,2026/4/8,20,1.798441052
99_sik,2026/4/8,30,1.116560817
99_sik,2026/4/8,40,0.642977417
99_sik,2026/4/8,50,0.396718442
99_sik,2026/4/9,5,1.84599638
99_sik,2026/4/9,10,1.856578588
99_sik,2026/4/9,15,1.90569818
99_sik,2026/4/9,20,1.84558773
99_sik,2026/4/9,30,1.179297566
99_sik,2026/4/9,40,0.649431765
99_sik,2026/4/9,50,0.394022912
99_sik,2026/4/10,5,1.856746912
99_sik,2026/4/10,10,1.860067725
99_sik,2026/4/10,15,1.867277622
99_sik,2026/4/10,20,1.805000067
99_sik,2026/4/10,30,1.182248592
99_sik,2026/4/10,40,0.632057726
99_sik,2026/4/10,50,0.366982371
99_sik,2026/4/11,5,1.797271132
99_sik,2026/4/11,10,1.795318365
99_sik,2026/4/11,15,1.788793683
99_sik,2026/4/11,20,1.731728554
99_sik,2026/4/11,30,1.108067632
99_sik,2026/4/11,40,0.554639757
99_sik,2026/4/11,50,0.32959047
99_sik,2026/4/12,5,1.758009076
99_sik,2026/4/12,10,1.756246328
99_sik,2026/4/12,15,1.748447657
99_sik,2026/4/12,20,1.681233287
99_sik,2026/4/12,30,1.116288662
99_sik,2026/4/12,40,0.536621571
99_sik,2026/4/12,50,0.326051742
99_sik,2026/4/13,5,1.749570131
99_sik,2026/4/13,10,1.751891375
99_sik,2026/4/13,15,1.751630545
99_sik,2026/4/13,20,1.648634672
99_sik,2026/4/13,30,1.154181838
99_sik,2026/4/13,40,0.529088199
99_sik,2026/4/13,50,0.305646181
99_sik,2026/4/14,5,1.746544361
99_sik,2026/4/14,10,1.780067921
99_sik,2026/4/14,15,1.839114785
99_sik,2026/4/14,20,1.671867132
99_sik,2026/4/14,30,1.107331991
99_sik,2026/4/14,40,0.473628581
99_sik,2026/4/14,50,0.265527457
99_sik,2026/4/15,5,1.796446204
99_sik,2026/4/15,10,1.857542515
99_sik,2026/4/15,15,1.934774756
99_sik,2026/4/15,20,1.676258206
99_sik,2026/4/15,30,1.033537626
99_sik,2026/4/15,40,0.426787943
99_sik,2026/4/15,50,0.240493044
99_sik,2026/4/16,5,1.892316222
99_sik,2026/4/16,10,1.925261617
99_sik,2026/4/16,15,1.960799336
99_sik,2026/4/16,20,1.686861157
99_sik,2026/4/16,30,0.957271695
99_sik,2026/4/16,40,0.39306882
99_sik,2026/4/16,50,0.225319758
99_sik,2026/4/17,5,1.975412846
99_sik,2026/4/17,10,1.966061354
99_sik,2026/4/17,15,1.906849742
99_sik,2026/4/17,20,1.67482841
99_sik,2026/4/17,30,0.916287601
99_sik,2026/4/17,40,0.382042974
99_sik,2026/4/17,50,0.219257161
99_sik,2026/4/18,5,2.009092808
99_sik,2026/4/18,10,2.001128197
99_sik,2026/4/18,15,1.935744286
99_sik,2026/4/18,20,1.632419229
99_sik,2026/4/18,30,0.891475677
99_sik,2026/4/18,40,0.380025685
99_sik,2026/4/18,50,0.214875579
99_sik,2026/4/19,5,2.026368618
99_sik,2026/4/19,10,2.035995007
99_sik,2026/4/19,15,2.025011301
99_sik,2026/4/19,20,1.674392462
99_sik,2026/4/19,30,0.875826895
99_sik,2026/4/19,40,0.382065803
99_sik,2026/4/19,50,0.211278409
99_sik,2026/4/20,5,2.043323278
99_sik,2026/4/20,10,2.036569118
99_sik,2026/4/20,15,1.992580414
99_sik,2026/4/20,20,1.690761805
99_sik,2026/4/20,30,0.881928325
99_sik,2026/4/20,40,0.40314129
99_sik,2026/4/20,50,0.214013994
