Site,Date,Depth,chl
97_dat,2022/1/1,5,0.632722318
97_dat,2022/1/1,10,0.63263613
97_dat,2022/1/1,15,0.632593274
97_dat,2022/1/1,20,0.632567883
97_dat,2022/1/1,30,0.632583439
97_dat,2022/1/1,40,0.632659376
97_dat,2022/1/1,50,0.632729828
97_dat,2022/1/2,5,0.622955024
97_dat,2022/1/2,10,0.622885227
97_dat,2022/1/2,15,0.622868001
97_dat,2022/1/2,20,0.622881532
97_dat,2022/1/2,30,0.622985065
97_dat,2022/1/2,40,0.623167992
97_dat,2022/1/2,50,0.623387039
97_dat,2022/1/3,5,0.617313564
97_dat,2022/1/3,10,0.61711967
97_dat,2022/1/3,15,0.616980255
97_dat,2022/1/3,20,0.616842508
97_dat,2022/1/3,30,0.616671383
97_dat,2022/1/3,40,0.616642892
97_dat,2022/1/3,50,0.616720498
97_dat,2022/1/4,5,0.62078613
97_dat,2022/1/4,10,0.620616257
97_dat,2022/1/4,15,0.620499671
97_dat,2022/1/4,20,0.620390713
97_dat,2022/1/4,30,0.62027061
97_dat,2022/1/4,40,0.620216846
97_dat,2022/1/4,50,0.620191216
97_dat,2022/1/5,5,0.620723367
97_dat,2022/1/5,10,0.620744646
97_dat,2022/1/5,15,0.620791793
97_dat,2022/1/5,20,0.620880127
97_dat,2022/1/5,30,0.62109828
97_dat,2022/1/5,40,0.621149421
97_dat,2022/1/5,50,0.62107867
97_dat,2022/1/6,5,0.613254011
97_dat,2022/1/6,10,0.613383472
97_dat,2022/1/6,15,0.613531649
97_dat,2022/1/6,20,0.613744736
97_dat,2022/1/6,30,0.614190102
97_dat,2022/1/6,40,0.614092886
97_dat,2022/1/6,50,0.613781154
97_dat,2022/1/7,5,0.593590438
97_dat,2022/1/7,10,0.59368521
97_dat,2022/1/7,15,0.593782008
97_dat,2022/1/7,20,0.593909681
97_dat,2022/1/7,30,0.594118416
97_dat,2022/1/7,40,0.594053209
97_dat,2022/1/7,50,0.593897581
97_dat,2022/1/8,5,0.561084509
97_dat,2022/1/8,10,0.561135054
97_dat,2022/1/8,15,0.56121099
97_dat,2022/1/8,20,0.561329603
97_dat,2022/1/8,30,0.561587632
97_dat,2022/1/8,40,0.561750531
97_dat,2022/1/8,50,0.561783731
97_dat,2022/1/9,5,0.527685106
97_dat,2022/1/9,10,0.527731359
97_dat,2022/1/9,15,0.527807474
97_dat,2022/1/9,20,0.527937055
97_dat,2022/1/9,30,0.528245747
97_dat,2022/1/9,40,0.528362095
97_dat,2022/1/9,50,0.528232217
97_dat,2022/1/10,5,0.510901511
97_dat,2022/1/10,10,0.511088729
97_dat,2022/1/10,15,0.511277854
97_dat,2022/1/10,20,0.511538625
97_dat,2022/1/10,30,0.512076199
97_dat,2022/1/10,40,0.512214363
97_dat,2022/1/10,50,0.511089265
97_dat,2022/1/11,5,0.482865661
97_dat,2022/1/11,10,0.482923597
97_dat,2022/1/11,15,0.482954979
97_dat,2022/1/11,20,0.482966274
97_dat,2022/1/11,30,0.482925385
97_dat,2022/1/11,40,0.481573701
97_dat,2022/1/11,50,0.474703044
97_dat,2022/1/12,5,0.448555321
97_dat,2022/1/12,10,0.448137641
97_dat,2022/1/12,15,0.447732955
97_dat,2022/1/12,20,0.447200894
97_dat,2022/1/12,30,0.44605571
97_dat,2022/1/12,40,0.444410056
97_dat,2022/1/12,50,0.441057205
97_dat,2022/1/13,5,0.455765873
97_dat,2022/1/13,10,0.455276906
97_dat,2022/1/13,15,0.454822063
97_dat,2022/1/13,20,0.454242647
97_dat,2022/1/13,30,0.453109831
97_dat,2022/1/13,40,0.452083647
97_dat,2022/1/13,50,0.451094568
97_dat,2022/1/14,5,0.481523514
97_dat,2022/1/14,10,0.481090158
97_dat,2022/1/14,15,0.480696917
97_dat,2022/1/14,20,0.480208099
97_dat,2022/1/14,30,0.479286224
97_dat,2022/1/14,40,0.478593349
97_dat,2022/1/14,50,0.478289664
97_dat,2022/1/15,5,0.505366027
97_dat,2022/1/15,10,0.505168378
97_dat,2022/1/15,15,0.505026162
97_dat,2022/1/15,20,0.504871488
97_dat,2022/1/15,30,0.504555464
97_dat,2022/1/15,40,0.504182458
97_dat,2022/1/15,50,0.503931046
97_dat,2022/1/16,5,0.50794816
97_dat,2022/1/16,10,0.508070111
97_dat,2022/1/16,15,0.508198977
97_dat,2022/1/16,20,0.508375406
97_dat,2022/1/16,30,0.508690655
97_dat,2022/1/16,40,0.508811831
97_dat,2022/1/16,50,0.508788526
97_dat,2022/1/17,5,0.516333342
97_dat,2022/1/17,10,0.516165555
97_dat,2022/1/17,15,0.516079545
97_dat,2022/1/17,20,0.516033232
97_dat,2022/1/17,30,0.516061246
97_dat,2022/1/17,40,0.516076565
97_dat,2022/1/17,50,0.516018033
97_dat,2022/1/18,5,0.546683967
97_dat,2022/1/18,10,0.546694815
97_dat,2022/1/18,15,0.546751142
97_dat,2022/1/18,20,0.546856403
97_dat,2022/1/18,30,0.547011733
97_dat,2022/1/18,40,0.546829164
97_dat,2022/1/18,50,0.546482444
97_dat,2022/1/19,5,0.578662634
97_dat,2022/1/19,10,0.578915119
97_dat,2022/1/19,15,0.579158127
97_dat,2022/1/19,20,0.579493284
97_dat,2022/1/19,30,0.58008635
97_dat,2022/1/19,40,0.579556406
97_dat,2022/1/19,50,0.578754723
97_dat,2022/1/20,5,0.596131921
97_dat,2022/1/20,10,0.596328139
97_dat,2022/1/20,15,0.596502423
97_dat,2022/1/20,20,0.596685648
97_dat,2022/1/20,30,0.596765697
97_dat,2022/1/20,40,0.596246421
97_dat,2022/1/20,50,0.595511138
97_dat,2022/1/21,5,0.612275004
97_dat,2022/1/21,10,0.612187862
97_dat,2022/1/21,15,0.612150133
97_dat,2022/1/21,20,0.612115145
97_dat,2022/1/21,30,0.611937761
97_dat,2022/1/21,40,0.611467779
97_dat,2022/1/21,50,0.610884547
97_dat,2022/1/22,5,0.639232516
97_dat,2022/1/22,10,0.639218867
97_dat,2022/1/22,15,0.639250219
97_dat,2022/1/22,20,0.639309883
97_dat,2022/1/22,30,0.639352858
97_dat,2022/1/22,40,0.639120638
97_dat,2022/1/22,50,0.63879025
97_dat,2022/1/23,5,0.658254266
97_dat,2022/1/23,10,0.658405185
97_dat,2022/1/23,15,0.658569157
97_dat,2022/1/23,20,0.658784032
97_dat,2022/1/23,30,0.659199119
97_dat,2022/1/23,40,0.659063995
97_dat,2022/1/23,50,0.658684909
97_dat,2022/1/24,5,0.670147955
97_dat,2022/1/24,10,0.670104086
97_dat,2022/1/24,15,0.670093954
97_dat,2022/1/24,20,0.670083284
97_dat,2022/1/24,30,0.669927537
97_dat,2022/1/24,40,0.669429958
97_dat,2022/1/24,50,0.668818593
97_dat,2022/1/25,5,0.671305597
97_dat,2022/1/25,10,0.671360493
97_dat,2022/1/25,15,0.671436548
97_dat,2022/1/25,20,0.671540201
97_dat,2022/1/25,30,0.671671093
97_dat,2022/1/25,40,0.671465576
97_dat,2022/1/25,50,0.671072245
97_dat,2022/1/26,5,0.659553647
97_dat,2022/1/26,10,0.659649491
97_dat,2022/1/26,15,0.659762919
97_dat,2022/1/26,20,0.659902155
97_dat,2022/1/26,30,0.660183191
97_dat,2022/1/26,40,0.659892678
97_dat,2022/1/26,50,0.659238577
97_dat,2022/1/27,5,0.661647856
97_dat,2022/1/27,10,0.661474228
97_dat,2022/1/27,15,0.661351264
97_dat,2022/1/27,20,0.661208332
97_dat,2022/1/27,30,0.660873175
97_dat,2022/1/27,40,0.660306931
97_dat,2022/1/27,50,0.659533679
97_dat,2022/1/28,5,0.678521991
97_dat,2022/1/28,10,0.6781829
97_dat,2022/1/28,15,0.677916527
97_dat,2022/1/28,20,0.677604675
97_dat,2022/1/28,30,0.677005351
97_dat,2022/1/28,40,0.676435888
97_dat,2022/1/28,50,0.67592591
97_dat,2022/1/29,5,0.695967555
97_dat,2022/1/29,10,0.695553482
97_dat,2022/1/29,15,0.695213616
97_dat,2022/1/29,20,0.694808424
97_dat,2022/1/29,30,0.694033146
97_dat,2022/1/29,40,0.69340229
97_dat,2022/1/29,50,0.693026066
97_dat,2022/1/30,5,0.712354481
97_dat,2022/1/30,10,0.71198076
97_dat,2022/1/30,15,0.711689234
97_dat,2022/1/30,20,0.711359203
97_dat,2022/1/30,30,0.710782945
97_dat,2022/1/30,40,0.710379601
97_dat,2022/1/30,50,0.710230052
97_dat,2022/1/31,5,0.726354718
97_dat,2022/1/31,10,0.726119399
97_dat,2022/1/31,15,0.725961268
97_dat,2022/1/31,20,0.725804687
97_dat,2022/1/31,30,0.725578606
97_dat,2022/1/31,40,0.725433469
97_dat,2022/1/31,50,0.725408375
97_dat,2022/2/1,5,0.741183043
97_dat,2022/2/1,10,0.740968108
97_dat,2022/2/1,15,0.74083221
97_dat,2022/2/1,20,0.740715921
97_dat,2022/2/1,30,0.74063015
97_dat,2022/2/1,40,0.740687966
97_dat,2022/2/1,50,0.740850925
97_dat,2022/2/2,5,0.757454455
97_dat,2022/2/2,10,0.75714606
97_dat,2022/2/2,15,0.756918371
97_dat,2022/2/2,20,0.756686807
97_dat,2022/2/2,30,0.756383479
97_dat,2022/2/2,40,0.756291986
97_dat,2022/2/2,50,0.756382644
97_dat,2022/2/3,5,0.772703528
97_dat,2022/2/3,10,0.772353649
97_dat,2022/2/3,15,0.772074282
97_dat,2022/2/3,20,0.771765172
97_dat,2022/2/3,30,0.771280825
97_dat,2022/2/3,40,0.771025836
97_dat,2022/2/3,50,0.771011114
97_dat,2022/2/4,5,0.78713578
97_dat,2022/2/4,10,0.786853254
97_dat,2022/2/4,15,0.786643565
97_dat,2022/2/4,20,0.786423624
97_dat,2022/2/4,30,0.786119103
97_dat,2022/2/4,40,0.786002517
97_dat,2022/2/4,50,0.78605777
97_dat,2022/2/5,5,0.799946547
97_dat,2022/2/5,10,0.799715042
97_dat,2022/2/5,15,0.79955858
97_dat,2022/2/5,20,0.79941535
97_dat,2022/2/5,30,0.799301505
97_dat,2022/2/5,40,0.799396038
97_dat,2022/2/5,50,0.799632668
97_dat,2022/2/6,5,0.815444469
97_dat,2022/2/6,10,0.815155208
97_dat,2022/2/6,15,0.814942062
97_dat,2022/2/6,20,0.814725518
97_dat,2022/2/6,30,0.814464211
97_dat,2022/2/6,40,0.814438999
97_dat,2022/2/6,50,0.814598978
97_dat,2022/2/7,5,0.826252401
97_dat,2022/2/7,10,0.826055288
97_dat,2022/2/7,15,0.825918674
97_dat,2022/2/7,20,0.82579124
97_dat,2022/2/7,30,0.825693011
97_dat,2022/2/7,40,0.825767934
97_dat,2022/2/7,50,0.825951099
97_dat,2022/2/8,5,0.827428937
97_dat,2022/2/8,10,0.827264428
97_dat,2022/2/8,15,0.827163577
97_dat,2022/2/8,20,0.827091992
97_dat,2022/2/8,30,0.827135801
97_dat,2022/2/8,40,0.827350557
97_dat,2022/2/8,50,0.827626765
97_dat,2022/2/9,5,0.826338887
97_dat,2022/2/9,10,0.826237738
97_dat,2022/2/9,15,0.826198697
97_dat,2022/2/9,20,0.826206446
97_dat,2022/2/9,30,0.826371729
97_dat,2022/2/9,40,0.826461792
97_dat,2022/2/9,50,0.825452149
97_dat,2022/2/10,5,0.839572787
97_dat,2022/2/10,10,0.839572847
97_dat,2022/2/10,15,0.839540899
97_dat,2022/2/10,20,0.839277446
97_dat,2022/2/10,30,0.837401628
97_dat,2022/2/10,40,0.829889774
97_dat,2022/2/10,50,0.812179446
97_dat,2022/2/11,5,0.879951239
97_dat,2022/2/11,10,0.878858626
97_dat,2022/2/11,15,0.877254188
97_dat,2022/2/11,20,0.873662055
97_dat,2022/2/11,30,0.857133508
97_dat,2022/2/11,40,0.818624973
97_dat,2022/2/11,50,0.783506155
97_dat,2022/2/12,5,0.888915539
97_dat,2022/2/12,10,0.886851132
97_dat,2022/2/12,15,0.884332478
97_dat,2022/2/12,20,0.879604936
97_dat,2022/2/12,30,0.864558816
97_dat,2022/2/12,40,0.84210664
97_dat,2022/2/12,50,0.81069684
97_dat,2022/2/13,5,0.878330588
97_dat,2022/2/13,10,0.877912939
97_dat,2022/2/13,15,0.877432883
97_dat,2022/2/13,20,0.876660585
97_dat,2022/2/13,30,0.874488235
97_dat,2022/2/13,40,0.870678663
97_dat,2022/2/13,50,0.863068759
97_dat,2022/2/14,5,0.921183109
97_dat,2022/2/14,10,0.9207021
97_dat,2022/2/14,15,0.920074284
97_dat,2022/2/14,20,0.918926239
97_dat,2022/2/14,30,0.914570808
97_dat,2022/2/14,40,0.904327869
97_dat,2022/2/14,50,0.881795049
97_dat,2022/2/15,5,0.93438977
97_dat,2022/2/15,10,0.934085846
97_dat,2022/2/15,15,0.933712006
97_dat,2022/2/15,20,0.933095276
97_dat,2022/2/15,30,0.931257486
97_dat,2022/2/15,40,0.927559555
97_dat,2022/2/15,50,0.918956041
97_dat,2022/2/16,5,0.932842612
97_dat,2022/2/16,10,0.93298012
97_dat,2022/2/16,15,0.933129191
97_dat,2022/2/16,20,0.933350027
97_dat,2022/2/16,30,0.933895707
97_dat,2022/2/16,40,0.934541345
97_dat,2022/2/16,50,0.935260534
97_dat,2022/2/17,5,0.961874723
97_dat,2022/2/17,10,0.96199435
97_dat,2022/2/17,15,0.962144315
97_dat,2022/2/17,20,0.962400675
97_dat,2022/2/17,30,0.963083088
97_dat,2022/2/17,40,0.963804543
97_dat,2022/2/17,50,0.964689016
97_dat,2022/2/18,5,1.028089285
97_dat,2022/2/18,10,1.027820706
97_dat,2022/2/18,15,1.027528882
97_dat,2022/2/18,20,1.027078509
97_dat,2022/2/18,30,1.025565743
97_dat,2022/2/18,40,1.023671627
97_dat,2022/2/18,50,1.022569656
97_dat,2022/2/19,5,1.091729522
97_dat,2022/2/19,10,1.09135747
97_dat,2022/2/19,15,1.090801358
97_dat,2022/2/19,20,1.089831114
97_dat,2022/2/19,30,1.086263299
97_dat,2022/2/19,40,1.080964923
97_dat,2022/2/19,50,1.076628208
97_dat,2022/2/20,5,1.143585682
97_dat,2022/2/20,10,1.143232107
97_dat,2022/2/20,15,1.142802358
97_dat,2022/2/20,20,1.142089844
97_dat,2022/2/20,30,1.139641166
97_dat,2022/2/20,40,1.135995746
97_dat,2022/2/20,50,1.133069277
97_dat,2022/2/21,5,1.179388046
97_dat,2022/2/21,10,1.179261327
97_dat,2022/2/21,15,1.17908895
97_dat,2022/2/21,20,1.17878592
97_dat,2022/2/21,30,1.1778754
97_dat,2022/2/21,40,1.176749587
97_dat,2022/2/21,50,1.175791979
97_dat,2022/2/22,5,1.202603221
97_dat,2022/2/22,10,1.20265305
97_dat,2022/2/22,15,1.202681184
97_dat,2022/2/22,20,1.202697396
97_dat,2022/2/22,30,1.20271194
97_dat,2022/2/22,40,1.202978969
97_dat,2022/2/22,50,1.203688025
97_dat,2022/2/23,5,1.253380537
97_dat,2022/2/23,10,1.253496289
97_dat,2022/2/23,15,1.25358057
97_dat,2022/2/23,20,1.253666878
97_dat,2022/2/23,30,1.253836155
97_dat,2022/2/23,40,1.254438281
97_dat,2022/2/23,50,1.255858302
97_dat,2022/2/24,5,1.319102287
97_dat,2022/2/24,10,1.319382906
97_dat,2022/2/24,15,1.319607139
97_dat,2022/2/24,20,1.319858432
97_dat,2022/2/24,30,1.320293307
97_dat,2022/2/24,40,1.321076512
97_dat,2022/2/24,50,1.322743058
97_dat,2022/2/25,5,1.402509451
97_dat,2022/2/25,10,1.402865052
97_dat,2022/2/25,15,1.403144479
97_dat,2022/2/25,20,1.403453946
97_dat,2022/2/25,30,1.40389955
97_dat,2022/2/25,40,1.404242873
97_dat,2022/2/25,50,1.405027747
97_dat,2022/2/26,5,1.499364734
97_dat,2022/2/26,10,1.499940395
97_dat,2022/2/26,15,1.500434995
97_dat,2022/2/26,20,1.501117587
97_dat,2022/2/26,30,1.502257943
97_dat,2022/2/26,40,1.50232923
97_dat,2022/2/26,50,1.502545357
97_dat,2022/2/27,5,1.585722208
97_dat,2022/2/27,10,1.585985303
97_dat,2022/2/27,15,1.586151958
97_dat,2022/2/27,20,1.58620882
97_dat,2022/2/27,30,1.585157156
97_dat,2022/2/27,40,1.582566977
97_dat,2022/2/27,50,1.581639409
97_dat,2022/2/28,5,1.66818583
97_dat,2022/2/28,10,1.668262601
97_dat,2022/2/28,15,1.668204665
97_dat,2022/2/28,20,1.667945862
97_dat,2022/2/28,30,1.666325927
97_dat,2022/2/28,40,1.66286397
97_dat,2022/2/28,50,1.657283425
97_dat,2022/3/1,5,1.732917666
97_dat,2022/3/1,10,1.732792735
97_dat,2022/3/1,15,1.732193232
97_dat,2022/3/1,20,1.730480433
97_dat,2022/3/1,30,1.719503403
97_dat,2022/3/1,40,1.692176938
97_dat,2022/3/1,50,1.654045105
97_dat,2022/3/2,5,1.791751504
97_dat,2022/3/2,10,1.78995955
97_dat,2022/3/2,15,1.787231445
97_dat,2022/3/2,20,1.781738162
97_dat,2022/3/2,30,1.75890851
97_dat,2022/3/2,40,1.714517832
97_dat,2022/3/2,50,1.668669581
97_dat,2022/3/3,5,1.850846767
97_dat,2022/3/3,10,1.848685026
97_dat,2022/3/3,15,1.845823288
97_dat,2022/3/3,20,1.840488076
97_dat,2022/3/3,30,1.820712209
97_dat,2022/3/3,40,1.789107203
97_dat,2022/3/3,50,1.763593435
97_dat,2022/3/4,5,1.915759206
97_dat,2022/3/4,10,1.914116263
97_dat,2022/3/4,15,1.911760449
97_dat,2022/3/4,20,1.907092094
97_dat,2022/3/4,30,1.887832284
97_dat,2022/3/4,40,1.856624126
97_dat,2022/3/4,50,1.838182688
97_dat,2022/3/5,5,1.903468728
97_dat,2022/3/5,10,1.902388692
97_dat,2022/3/5,15,1.900813818
97_dat,2022/3/5,20,1.897994757
97_dat,2022/3/5,30,1.889114976
97_dat,2022/3/5,40,1.878215551
97_dat,2022/3/5,50,1.873333693
97_dat,2022/3/6,5,1.909723282
97_dat,2022/3/6,10,1.909388542
97_dat,2022/3/6,15,1.908773065
97_dat,2022/3/6,20,1.907422185
97_dat,2022/3/6,30,1.902272105
97_dat,2022/3/6,40,1.894846559
97_dat,2022/3/6,50,1.893644929
97_dat,2022/3/7,5,2.030997276
97_dat,2022/3/7,10,2.030413866
97_dat,2022/3/7,15,2.02939868
97_dat,2022/3/7,20,2.027079821
97_dat,2022/3/7,30,2.016667366
97_dat,2022/3/7,40,1.997686267
97_dat,2022/3/7,50,1.981830835
97_dat,2022/3/8,5,2.176868677
97_dat,2022/3/8,10,2.175918579
97_dat,2022/3/8,15,2.174184799
97_dat,2022/3/8,20,2.169968843
97_dat,2022/3/8,30,2.145403385
97_dat,2022/3/8,40,2.058566332
97_dat,2022/3/8,50,1.952466726
97_dat,2022/3/9,5,2.343274355
97_dat,2022/3/9,10,2.341194153
97_dat,2022/3/9,15,2.337120295
97_dat,2022/3/9,20,2.325471163
97_dat,2022/3/9,30,2.194076777
97_dat,2022/3/9,40,1.932022572
97_dat,2022/3/9,50,1.810606837
97_dat,2022/3/10,5,2.468434572
97_dat,2022/3/10,10,2.46467638
97_dat,2022/3/10,15,2.455482006
97_dat,2022/3/10,20,2.410137653
97_dat,2022/3/10,30,2.069856405
97_dat,2022/3/10,40,1.736290812
97_dat,2022/3/10,50,1.631285548
97_dat,2022/3/11,5,2.471404791
97_dat,2022/3/11,10,2.462231159
97_dat,2022/3/11,15,2.444282532
97_dat,2022/3/11,20,2.38201046
97_dat,2022/3/11,30,2.016108036
97_dat,2022/3/11,40,1.612707734
97_dat,2022/3/11,50,1.48813355
97_dat,2022/3/12,5,2.363687515
97_dat,2022/3/12,10,2.355000496
97_dat,2022/3/12,15,2.3426404
97_dat,2022/3/12,20,2.31460166
97_dat,2022/3/12,30,2.162927866
97_dat,2022/3/12,40,1.729990482
97_dat,2022/3/12,50,1.465082049
97_dat,2022/3/13,5,2.388652802
97_dat,2022/3/13,10,2.383951187
97_dat,2022/3/13,15,2.377587795
97_dat,2022/3/13,20,2.36193037
97_dat,2022/3/13,30,2.219923735
97_dat,2022/3/13,40,1.766281128
97_dat,2022/3/13,50,1.457103968
97_dat,2022/3/14,5,2.448140144
97_dat,2022/3/14,10,2.440429211
97_dat,2022/3/14,15,2.429927349
97_dat,2022/3/14,20,2.403689384
97_dat,2022/3/14,30,2.116918325
97_dat,2022/3/14,40,1.646512628
97_dat,2022/3/14,50,1.432306647
97_dat,2022/3/15,5,2.293141842
97_dat,2022/3/15,10,2.28666091
97_dat,2022/3/15,15,2.27895093
97_dat,2022/3/15,20,2.260618448
97_dat,2022/3/15,30,2.019170523
97_dat,2022/3/15,40,1.73412919
97_dat,2022/3/15,50,1.58533597
97_dat,2022/3/16,5,2.284395456
97_dat,2022/3/16,10,2.278568506
97_dat,2022/3/16,15,2.268834114
97_dat,2022/3/16,20,2.236828327
97_dat,2022/3/16,30,1.908124804
97_dat,2022/3/16,40,1.664392591
97_dat,2022/3/16,50,1.576147676
97_dat,2022/3/17,5,2.37282896
97_dat,2022/3/17,10,2.36365509
97_dat,2022/3/17,15,2.349197626
97_dat,2022/3/17,20,2.309751987
97_dat,2022/3/17,30,1.900861859
97_dat,2022/3/17,40,1.448726892
97_dat,2022/3/17,50,1.368737698
97_dat,2022/3/18,5,2.409092665
97_dat,2022/3/18,10,2.398528576
97_dat,2022/3/18,15,2.382719755
97_dat,2022/3/18,20,2.334645033
97_dat,2022/3/18,30,1.867903352
97_dat,2022/3/18,40,1.282168984
97_dat,2022/3/18,50,1.177048326
97_dat,2022/3/19,5,2.322048426
97_dat,2022/3/19,10,2.313439131
97_dat,2022/3/19,15,2.301196337
97_dat,2022/3/19,20,2.269356012
97_dat,2022/3/19,30,1.896698594
97_dat,2022/3/19,40,1.198794603
97_dat,2022/3/19,50,1.020929217
97_dat,2022/3/20,5,2.21594882
97_dat,2022/3/20,10,2.20931983
97_dat,2022/3/20,15,2.199438572
97_dat,2022/3/20,20,2.177002192
97_dat,2022/3/20,30,2.043045044
97_dat,2022/3/20,40,1.4357903
97_dat,2022/3/20,50,0.997922003
97_dat,2022/3/21,5,2.139981031
97_dat,2022/3/21,10,2.136172771
97_dat,2022/3/21,15,2.130665541
97_dat,2022/3/21,20,2.119423866
97_dat,2022/3/21,30,2.073058367
97_dat,2022/3/21,40,1.91106534
97_dat,2022/3/21,50,1.455976725
97_dat,2022/3/22,5,2.17330265
97_dat,2022/3/22,10,2.173356056
97_dat,2022/3/22,15,2.172409296
97_dat,2022/3/22,20,2.169288397
97_dat,2022/3/22,30,2.143911839
97_dat,2022/3/22,40,2.029025078
97_dat,2022/3/22,50,1.728184342
97_dat,2022/3/23,5,2.247947454
97_dat,2022/3/23,10,2.250109911
97_dat,2022/3/23,15,2.251715422
97_dat,2022/3/23,20,2.208482742
97_dat,2022/3/23,30,2.043282509
97_dat,2022/3/23,40,1.835284591
97_dat,2022/3/23,50,1.568039894
97_dat,2022/3/24,5,2.239901304
97_dat,2022/3/24,10,2.263388634
97_dat,2022/3/24,15,2.294142485
97_dat,2022/3/24,20,2.160703659
97_dat,2022/3/24,30,1.8042202
97_dat,2022/3/24,40,1.562958241
97_dat,2022/3/24,50,1.346343637
97_dat,2022/3/25,5,2.196373224
97_dat,2022/3/25,10,2.226944208
97_dat,2022/3/25,15,2.258008718
97_dat,2022/3/25,20,2.123509169
97_dat,2022/3/25,30,1.596212745
97_dat,2022/3/25,40,1.342506051
97_dat,2022/3/25,50,1.174341917
97_dat,2022/3/26,5,2.112846851
97_dat,2022/3/26,10,2.129566908
97_dat,2022/3/26,15,2.141779423
97_dat,2022/3/26,20,2.037741899
97_dat,2022/3/26,30,1.421207309
97_dat,2022/3/26,40,1.163085699
97_dat,2022/3/26,50,1.031766176
97_dat,2022/3/27,5,1.961395621
97_dat,2022/3/27,10,1.970218182
97_dat,2022/3/27,15,1.997391582
97_dat,2022/3/27,20,2.009241343
97_dat,2022/3/27,30,1.272017002
97_dat,2022/3/27,40,0.988607943
97_dat,2022/3/27,50,0.863841057
97_dat,2022/3/28,5,1.846162796
97_dat,2022/3/28,10,1.848275423
97_dat,2022/3/28,15,1.855276704
97_dat,2022/3/28,20,1.895449162
97_dat,2022/3/28,30,1.269388318
97_dat,2022/3/28,40,0.833034158
97_dat,2022/3/28,50,0.696110249
97_dat,2022/3/29,5,1.78810811
97_dat,2022/3/29,10,1.796392441
97_dat,2022/3/29,15,1.814796925
97_dat,2022/3/29,20,1.831878185
97_dat,2022/3/29,30,1.255033135
97_dat,2022/3/29,40,0.730002344
97_dat,2022/3/29,50,0.596286416
97_dat,2022/3/30,5,1.742519259
97_dat,2022/3/30,10,1.77163136
97_dat,2022/3/30,15,1.815322995
97_dat,2022/3/30,20,1.797443748
97_dat,2022/3/30,30,1.149891853
97_dat,2022/3/30,40,0.657331944
97_dat,2022/3/30,50,0.534200132
97_dat,2022/3/31,5,1.694982171
97_dat,2022/3/31,10,1.707960486
97_dat,2022/3/31,15,1.727792025
97_dat,2022/3/31,20,1.745110869
97_dat,2022/3/31,30,1.090967774
97_dat,2022/3/31,40,0.599603057
97_dat,2022/3/31,50,0.484309316
97_dat,2022/4/1,5,1.624740601
97_dat,2022/4/1,10,1.623843908
97_dat,2022/4/1,15,1.623501778
97_dat,2022/4/1,20,1.625257492
97_dat,2022/4/1,30,1.373888016
97_dat,2022/4/1,40,0.571146786
97_dat,2022/4/1,50,0.440122128
97_dat,2022/4/2,5,1.628257751
97_dat,2022/4/2,10,1.630428672
97_dat,2022/4/2,15,1.632761121
97_dat,2022/4/2,20,1.632987618
97_dat,2022/4/2,30,1.477714062
97_dat,2022/4/2,40,0.575586736
97_dat,2022/4/2,50,0.412899166
97_dat,2022/4/3,5,1.627613783
97_dat,2022/4/3,10,1.635352612
97_dat,2022/4/3,15,1.648892641
97_dat,2022/4/3,20,1.644938946
97_dat,2022/4/3,30,1.402077317
97_dat,2022/4/3,40,0.559134126
97_dat,2022/4/3,50,0.395505428
97_dat,2022/4/4,5,1.587571144
97_dat,2022/4/4,10,1.613606811
97_dat,2022/4/4,15,1.666075945
97_dat,2022/4/4,20,1.622414351
97_dat,2022/4/4,30,1.246397376
97_dat,2022/4/4,40,0.536008596
97_dat,2022/4/4,50,0.377726167
97_dat,2022/4/5,5,1.50553596
97_dat,2022/4/5,10,1.561204791
97_dat,2022/4/5,15,1.66565299
97_dat,2022/4/5,20,1.567401171
97_dat,2022/4/5,30,1.08491683
97_dat,2022/4/5,40,0.508460641
97_dat,2022/4/5,50,0.360340327
97_dat,2022/4/6,5,1.435803413
97_dat,2022/4/6,10,1.472460032
97_dat,2022/4/6,15,1.571362734
97_dat,2022/4/6,20,1.543787122
97_dat,2022/4/6,30,0.970051527
97_dat,2022/4/6,40,0.477832705
97_dat,2022/4/6,50,0.33955127
97_dat,2022/4/7,5,1.400143385
97_dat,2022/4/7,10,1.421661377
97_dat,2022/4/7,15,1.492465258
97_dat,2022/4/7,20,1.534352183
97_dat,2022/4/7,30,0.88520962
97_dat,2022/4/7,40,0.453955323
97_dat,2022/4/7,50,0.323222935
97_dat,2022/4/8,5,1.359921813
97_dat,2022/4/8,10,1.372894049
97_dat,2022/4/8,15,1.434282184
97_dat,2022/4/8,20,1.554397225
97_dat,2022/4/8,30,0.821722806
97_dat,2022/4/8,40,0.435613722
97_dat,2022/4/8,50,0.310869187
97_dat,2022/4/9,5,1.279802084
97_dat,2022/4/9,10,1.3060776
97_dat,2022/4/9,15,1.396571636
97_dat,2022/4/9,20,1.537922025
97_dat,2022/4/9,30,0.780356765
97_dat,2022/4/9,40,0.422180414
97_dat,2022/4/9,50,0.299616486
97_dat,2022/4/10,5,1.215339899
97_dat,2022/4/10,10,1.251999497
97_dat,2022/4/10,15,1.372047186
97_dat,2022/4/10,20,1.484390974
97_dat,2022/4/10,30,0.733459473
97_dat,2022/4/10,40,0.415783316
97_dat,2022/4/10,50,0.295560598
97_dat,2022/4/11,5,1.130420446
97_dat,2022/4/11,10,1.221313238
97_dat,2022/4/11,15,1.381294727
97_dat,2022/4/11,20,1.418166041
97_dat,2022/4/11,30,0.694855809
97_dat,2022/4/11,40,0.409606367
97_dat,2022/4/11,50,0.292735308
97_dat,2022/4/12,5,0.999205947
97_dat,2022/4/12,10,1.18433547
97_dat,2022/4/12,15,1.395727038
97_dat,2022/4/12,20,1.370773792
97_dat,2022/4/12,30,0.677403927
97_dat,2022/4/12,40,0.403364509
97_dat,2022/4/12,50,0.288077742
97_dat,2022/4/13,5,0.947273016
97_dat,2022/4/13,10,1.114840269
97_dat,2022/4/13,15,1.356181145
97_dat,2022/4/13,20,1.315463543
97_dat,2022/4/13,30,0.678824782
97_dat,2022/4/13,40,0.399336874
97_dat,2022/4/13,50,0.286718339
97_dat,2022/4/14,5,1.05752182
97_dat,2022/4/14,10,1.088432312
97_dat,2022/4/14,15,1.216646314
97_dat,2022/4/14,20,1.286805034
97_dat,2022/4/14,30,0.680386364
97_dat,2022/4/14,40,0.400882125
97_dat,2022/4/14,50,0.294450521
97_dat,2022/4/15,5,1.09181428
97_dat,2022/4/15,10,1.108451486
97_dat,2022/4/15,15,1.206978559
97_dat,2022/4/15,20,1.277741194
97_dat,2022/4/15,30,0.671194613
97_dat,2022/4/15,40,0.397446871
97_dat,2022/4/15,50,0.299556196
97_dat,2022/4/16,5,1.054717779
97_dat,2022/4/16,10,1.08432734
97_dat,2022/4/16,15,1.215019822
97_dat,2022/4/16,20,1.333765984
97_dat,2022/4/16,30,0.671652555
97_dat,2022/4/16,40,0.394894809
97_dat,2022/4/16,50,0.299685895
97_dat,2022/4/17,5,1.014361978
97_dat,2022/4/17,10,1.043034315
97_dat,2022/4/17,15,1.200898528
97_dat,2022/4/17,20,1.365742326
97_dat,2022/4/17,30,0.684521139
97_dat,2022/4/17,40,0.39086318
97_dat,2022/4/17,50,0.294148117
97_dat,2022/4/18,5,0.986638606
97_dat,2022/4/18,10,1.037608862
97_dat,2022/4/18,15,1.210371137
97_dat,2022/4/18,20,1.36651516
97_dat,2022/4/18,30,0.690868437
97_dat,2022/4/18,40,0.38299334
97_dat,2022/4/18,50,0.284932971
97_dat,2022/4/19,5,0.924079597
97_dat,2022/4/19,10,1.032098413
97_dat,2022/4/19,15,1.25696218
97_dat,2022/4/19,20,1.38831985
97_dat,2022/4/19,30,0.706192553
97_dat,2022/4/19,40,0.385441661
97_dat,2022/4/19,50,0.285029411
97_dat,2022/4/20,5,0.837056577
97_dat,2022/4/20,10,0.98853296
97_dat,2022/4/20,15,1.313199282
97_dat,2022/4/20,20,1.427692413
97_dat,2022/4/20,30,0.730993152
97_dat,2022/4/20,40,0.393354774
97_dat,2022/4/20,50,0.288806498
97_dat,2022/4/21,5,0.758071065
97_dat,2022/4/21,10,0.93645066
97_dat,2022/4/21,15,1.345256925
97_dat,2022/4/21,20,1.465828419
97_dat,2022/4/21,30,0.753586173
97_dat,2022/4/21,40,0.404648542
97_dat,2022/4/21,50,0.294165641
97_dat,2022/4/22,5,0.700606763
97_dat,2022/4/22,10,0.890695453
97_dat,2022/4/22,15,1.318004966
97_dat,2022/4/22,20,1.497276306
97_dat,2022/4/22,30,0.753856719
97_dat,2022/4/22,40,0.398664415
97_dat,2022/4/22,50,0.29045102
97_dat,2022/4/23,5,0.721961379
97_dat,2022/4/23,10,0.848028421
97_dat,2022/4/23,15,1.235833287
97_dat,2022/4/23,20,1.509979367
97_dat,2022/4/23,30,0.798494399
97_dat,2022/4/23,40,0.388647795
97_dat,2022/4/23,50,0.283604711
97_dat,2022/4/24,5,0.707302451
97_dat,2022/4/24,10,0.845777035
97_dat,2022/4/24,15,1.256614208
97_dat,2022/4/24,20,1.556075096
97_dat,2022/4/24,30,0.866443694
97_dat,2022/4/24,40,0.399905741
97_dat,2022/4/24,50,0.286190093
97_dat,2022/4/25,5,0.668300748
97_dat,2022/4/25,10,0.817887485
97_dat,2022/4/25,15,1.290619373
97_dat,2022/4/25,20,1.664639831
97_dat,2022/4/25,30,0.889337838
97_dat,2022/4/25,40,0.413511544
97_dat,2022/4/25,50,0.292317629
97_dat,2022/4/26,5,0.665841818
97_dat,2022/4/26,10,0.799518883
97_dat,2022/4/26,15,1.240735054
97_dat,2022/4/26,20,1.718189716
97_dat,2022/4/26,30,0.89587611
97_dat,2022/4/26,40,0.420776069
97_dat,2022/4/26,50,0.297545254
97_dat,2022/4/27,5,0.807192981
97_dat,2022/4/27,10,0.868123293
97_dat,2022/4/27,15,1.142392278
97_dat,2022/4/27,20,1.525706172
97_dat,2022/4/27,30,0.971342862
97_dat,2022/4/27,40,0.412780255
97_dat,2022/4/27,50,0.287002861
97_dat,2022/4/28,5,0.856188059
97_dat,2022/4/28,10,0.939410746
97_dat,2022/4/28,15,1.206391215
97_dat,2022/4/28,20,1.403862238
97_dat,2022/4/28,30,1.039225698
97_dat,2022/4/28,40,0.426546037
97_dat,2022/4/28,50,0.279710799
97_dat,2022/4/29,5,0.832498789
97_dat,2022/4/29,10,0.951842427
97_dat,2022/4/29,15,1.260526299
97_dat,2022/4/29,20,1.412538052
97_dat,2022/4/29,30,1.041767478
97_dat,2022/4/29,40,0.436220169
97_dat,2022/4/29,50,0.282568872
97_dat,2022/4/30,5,0.798106611
97_dat,2022/4/30,10,0.924040437
97_dat,2022/4/30,15,1.241499066
97_dat,2022/4/30,20,1.418294311
97_dat,2022/4/30,30,1.069441915
97_dat,2022/4/30,40,0.436134398
97_dat,2022/4/30,50,0.282126844
97_dat,2022/5/1,5,0.751892328
97_dat,2022/5/1,10,0.837792277
97_dat,2022/5/1,15,1.166418314
97_dat,2022/5/1,20,1.444112182
97_dat,2022/5/1,30,1.053977251
97_dat,2022/5/1,40,0.419328779
97_dat,2022/5/1,50,0.276763618
97_dat,2022/5/2,5,0.728294075
97_dat,2022/5/2,10,0.796228647
97_dat,2022/5/2,15,1.106265068
97_dat,2022/5/2,20,1.39361155
97_dat,2022/5/2,30,1.035894752
97_dat,2022/5/2,40,0.392193109
97_dat,2022/5/2,50,0.263413936
97_dat,2022/5/3,5,0.709637702
97_dat,2022/5/3,10,0.789393187
97_dat,2022/5/3,15,1.064266562
97_dat,2022/5/3,20,1.299770236
97_dat,2022/5/3,30,1.058357716
97_dat,2022/5/3,40,0.370977521
97_dat,2022/5/3,50,0.250954717
97_dat,2022/5/4,5,0.685826302
97_dat,2022/5/4,10,0.797724664
97_dat,2022/5/4,15,1.045957088
97_dat,2022/5/4,20,1.256364822
97_dat,2022/5/4,30,1.078418255
97_dat,2022/5/4,40,0.361514509
97_dat,2022/5/4,50,0.244787976
97_dat,2022/5/5,5,0.658971667
97_dat,2022/5/5,10,0.751298666
97_dat,2022/5/5,15,1.039165616
97_dat,2022/5/5,20,1.335804105
97_dat,2022/5/5,30,1.105847597
97_dat,2022/5/5,40,0.35973677
97_dat,2022/5/5,50,0.242898419
97_dat,2022/5/6,5,0.601882577
97_dat,2022/5/6,10,0.665573597
97_dat,2022/5/6,15,1.0034132
97_dat,2022/5/6,20,1.513723493
97_dat,2022/5/6,30,1.145204425
97_dat,2022/5/6,40,0.365911514
97_dat,2022/5/6,50,0.245291129
97_dat,2022/5/7,5,0.540872574
97_dat,2022/5/7,10,0.631386399
97_dat,2022/5/7,15,0.997114062
97_dat,2022/5/7,20,1.60492897
97_dat,2022/5/7,30,1.170029283
97_dat,2022/5/7,40,0.370476276
97_dat,2022/5/7,50,0.246358901
97_dat,2022/5/8,5,0.521322012
97_dat,2022/5/8,10,0.644139528
97_dat,2022/5/8,15,1.018799543
97_dat,2022/5/8,20,1.587245822
97_dat,2022/5/8,30,1.195630789
97_dat,2022/5/8,40,0.358967513
97_dat,2022/5/8,50,0.241918966
97_dat,2022/5/9,5,0.517589033
97_dat,2022/5/9,10,0.677935183
97_dat,2022/5/9,15,1.027880788
97_dat,2022/5/9,20,1.560715556
97_dat,2022/5/9,30,1.250428796
97_dat,2022/5/9,40,0.347655416
97_dat,2022/5/9,50,0.237152264
97_dat,2022/5/10,5,0.495129615
97_dat,2022/5/10,10,0.677933872
97_dat,2022/5/10,15,1.026873112
97_dat,2022/5/10,20,1.594082236
97_dat,2022/5/10,30,1.287245512
97_dat,2022/5/10,40,0.343077749
97_dat,2022/5/10,50,0.234432295
97_dat,2022/5/11,5,0.461174816
97_dat,2022/5/11,10,0.60151881
97_dat,2022/5/11,15,0.984160542
97_dat,2022/5/11,20,1.720446587
97_dat,2022/5/11,30,1.314547181
97_dat,2022/5/11,40,0.348807722
97_dat,2022/5/11,50,0.235481784
97_dat,2022/5/12,5,0.427807182
97_dat,2022/5/12,10,0.523401618
97_dat,2022/5/12,15,0.917325854
97_dat,2022/5/12,20,1.842938185
97_dat,2022/5/12,30,1.304498076
97_dat,2022/5/12,40,0.360662639
97_dat,2022/5/12,50,0.237806723
97_dat,2022/5/13,5,0.420197427
97_dat,2022/5/13,10,0.497040272
97_dat,2022/5/13,15,0.879878342
97_dat,2022/5/13,20,1.823566318
97_dat,2022/5/13,30,1.274579883
97_dat,2022/5/13,40,0.374308705
97_dat,2022/5/13,50,0.241218463
97_dat,2022/5/14,5,0.442756712
97_dat,2022/5/14,10,0.52485621
97_dat,2022/5/14,15,0.89068228
97_dat,2022/5/14,20,1.728473663
97_dat,2022/5/14,30,1.253131986
97_dat,2022/5/14,40,0.369750202
97_dat,2022/5/14,50,0.238511726
97_dat,2022/5/15,5,0.437973797
97_dat,2022/5/15,10,0.5487445
97_dat,2022/5/15,15,0.934259653
97_dat,2022/5/15,20,1.72198081
97_dat,2022/5/15,30,1.243412733
97_dat,2022/5/15,40,0.35074079
97_dat,2022/5/15,50,0.230599985
97_dat,2022/5/16,5,0.422623456
97_dat,2022/5/16,10,0.533251405
97_dat,2022/5/16,15,0.957330644
97_dat,2022/5/16,20,1.825728297
97_dat,2022/5/16,30,1.237232447
97_dat,2022/5/16,40,0.34644258
97_dat,2022/5/16,50,0.229754299
97_dat,2022/5/17,5,0.401003331
97_dat,2022/5/17,10,0.508353174
97_dat,2022/5/17,15,0.9567011
97_dat,2022/5/17,20,1.919733047
97_dat,2022/5/17,30,1.274642348
97_dat,2022/5/17,40,0.359976202
97_dat,2022/5/17,50,0.23498933
97_dat,2022/5/18,5,0.378975689
97_dat,2022/5/18,10,0.492208749
97_dat,2022/5/18,15,0.957321048
97_dat,2022/5/18,20,1.973427653
97_dat,2022/5/18,30,1.330211401
97_dat,2022/5/18,40,0.380629599
97_dat,2022/5/18,50,0.242867753
97_dat,2022/5/19,5,0.362738639
97_dat,2022/5/19,10,0.493442267
97_dat,2022/5/19,15,0.993180692
97_dat,2022/5/19,20,1.992805004
97_dat,2022/5/19,30,1.332586169
97_dat,2022/5/19,40,0.395403475
97_dat,2022/5/19,50,0.249476358
97_dat,2022/5/20,5,0.358975381
97_dat,2022/5/20,10,0.50377506
97_dat,2022/5/20,15,1.035932541
97_dat,2022/5/20,20,1.987864137
97_dat,2022/5/20,30,1.293093204
97_dat,2022/5/20,40,0.404853255
97_dat,2022/5/20,50,0.254585773
97_dat,2022/5/21,5,0.367551178
97_dat,2022/5/21,10,0.517522514
97_dat,2022/5/21,15,1.075640082
97_dat,2022/5/21,20,1.987531185
97_dat,2022/5/21,30,1.299277782
97_dat,2022/5/21,40,0.426663071
97_dat,2022/5/21,50,0.265758723
97_dat,2022/5/22,5,0.377895623
97_dat,2022/5/22,10,0.546202421
97_dat,2022/5/22,15,1.139331937
97_dat,2022/5/22,20,1.976839542
97_dat,2022/5/22,30,1.327350855
97_dat,2022/5/22,40,0.463106453
97_dat,2022/5/22,50,0.285664439
97_dat,2022/5/23,5,0.374128252
97_dat,2022/5/23,10,0.554206491
97_dat,2022/5/23,15,1.159867048
97_dat,2022/5/23,20,2.026664734
97_dat,2022/5/23,30,1.324621797
97_dat,2022/5/23,40,0.488342017
97_dat,2022/5/23,50,0.30226326
97_dat,2022/5/24,5,0.351174086
97_dat,2022/5/24,10,0.525466621
97_dat,2022/5/24,15,1.121125937
97_dat,2022/5/24,20,2.089938879
97_dat,2022/5/24,30,1.33613193
97_dat,2022/5/24,40,0.50018394
97_dat,2022/5/24,50,0.312150419
97_dat,2022/5/25,5,0.333687723
97_dat,2022/5/25,10,0.498774081
97_dat,2022/5/25,15,1.092346668
97_dat,2022/5/25,20,2.099188089
97_dat,2022/5/25,30,1.397867084
97_dat,2022/5/25,40,0.521672308
97_dat,2022/5/25,50,0.325100064
97_dat,2022/5/26,5,0.340333045
97_dat,2022/5/26,10,0.507896483
97_dat,2022/5/26,15,1.099369764
97_dat,2022/5/26,20,2.060446739
97_dat,2022/5/26,30,1.467811823
97_dat,2022/5/26,40,0.563709319
97_dat,2022/5/26,50,0.347831041
97_dat,2022/5/27,5,0.360510498
97_dat,2022/5/27,10,0.549444973
97_dat,2022/5/27,15,1.120055676
97_dat,2022/5/27,20,1.92237246
97_dat,2022/5/27,30,1.440122843
97_dat,2022/5/27,40,0.608967066
97_dat,2022/5/27,50,0.377333432
97_dat,2022/5/28,5,0.37655589
97_dat,2022/5/28,10,0.573513925
97_dat,2022/5/28,15,1.109775186
97_dat,2022/5/28,20,1.862081409
97_dat,2022/5/28,30,1.419658542
97_dat,2022/5/28,40,0.620941877
97_dat,2022/5/28,50,0.389249444
97_dat,2022/5/29,5,0.357897937
97_dat,2022/5/29,10,0.5293172
97_dat,2022/5/29,15,1.034439564
97_dat,2022/5/29,20,1.816461086
97_dat,2022/5/29,30,1.516192555
97_dat,2022/5/29,40,0.623692691
97_dat,2022/5/29,50,0.394706935
97_dat,2022/5/30,5,0.376976907
97_dat,2022/5/30,10,0.510935605
97_dat,2022/5/30,15,1.004213691
97_dat,2022/5/30,20,1.817099929
97_dat,2022/5/30,30,1.559334993
97_dat,2022/5/30,40,0.664004385
97_dat,2022/5/30,50,0.423818469
97_dat,2022/5/31,5,0.485204458
97_dat,2022/5/31,10,0.680756271
97_dat,2022/5/31,15,1.196032047
97_dat,2022/5/31,20,1.651020288
97_dat,2022/5/31,30,1.434666276
97_dat,2022/5/31,40,0.744299352
97_dat,2022/5/31,50,0.469266444
97_dat,2022/6/1,5,0.552718103
97_dat,2022/6/1,10,0.738432467
97_dat,2022/6/1,15,1.253656745
97_dat,2022/6/1,20,1.547541976
97_dat,2022/6/1,30,1.373159051
97_dat,2022/6/1,40,0.820046186
97_dat,2022/6/1,50,0.51704514
97_dat,2022/6/2,5,0.499811709
97_dat,2022/6/2,10,0.617088735
97_dat,2022/6/2,15,1.100992918
97_dat,2022/6/2,20,1.610620499
97_dat,2022/6/2,30,1.454790831
97_dat,2022/6/2,40,0.886481822
97_dat,2022/6/2,50,0.566984534
97_dat,2022/6/3,5,0.445329666
97_dat,2022/6/3,10,0.525655448
97_dat,2022/6/3,15,0.941676974
97_dat,2022/6/3,20,1.549522877
97_dat,2022/6/3,30,1.533451319
97_dat,2022/6/3,40,0.939378679
97_dat,2022/6/3,50,0.614193439
97_dat,2022/6/4,5,0.398623794
97_dat,2022/6/4,10,0.443356365
97_dat,2022/6/4,15,0.739750028
97_dat,2022/6/4,20,1.372605681
97_dat,2022/6/4,30,1.650994897
97_dat,2022/6/4,40,0.974763334
97_dat,2022/6/4,50,0.652255416
97_dat,2022/6/5,5,0.378316283
97_dat,2022/6/5,10,0.400754452
97_dat,2022/6/5,15,0.617979944
97_dat,2022/6/5,20,1.201053977
97_dat,2022/6/5,30,1.687776089
97_dat,2022/6/5,40,1.00206399
97_dat,2022/6/5,50,0.678068936
97_dat,2022/6/6,5,0.402717084
97_dat,2022/6/6,10,0.419716686
97_dat,2022/6/6,15,0.599890828
97_dat,2022/6/6,20,1.119170904
97_dat,2022/6/6,30,1.574160814
97_dat,2022/6/6,40,1.011155725
97_dat,2022/6/6,50,0.690598726
97_dat,2022/6/7,5,0.407212824
97_dat,2022/6/7,10,0.42321521
97_dat,2022/6/7,15,0.573879182
97_dat,2022/6/7,20,1.026431084
97_dat,2022/6/7,30,1.531393528
97_dat,2022/6/7,40,1.023210764
97_dat,2022/6/7,50,0.710961223
97_dat,2022/6/8,5,0.375425309
97_dat,2022/6/8,10,0.382913023
97_dat,2022/6/8,15,0.497144014
97_dat,2022/6/8,20,0.885221362
97_dat,2022/6/8,30,1.596172452
97_dat,2022/6/8,40,1.062775731
97_dat,2022/6/8,50,0.745197117
97_dat,2022/6/9,5,0.3493056
97_dat,2022/6/9,10,0.352095008
97_dat,2022/6/9,15,0.441376209
97_dat,2022/6/9,20,0.761372447
97_dat,2022/6/9,30,1.634444118
97_dat,2022/6/9,40,1.114821553
97_dat,2022/6/9,50,0.781072319
97_dat,2022/6/10,5,0.329899758
97_dat,2022/6/10,10,0.325182319
97_dat,2022/6/10,15,0.395644277
97_dat,2022/6/10,20,0.659463286
97_dat,2022/6/10,30,1.641946435
97_dat,2022/6/10,40,1.155861974
97_dat,2022/6/10,50,0.812126994
97_dat,2022/6/11,5,0.311223656
97_dat,2022/6/11,10,0.298738927
97_dat,2022/6/11,15,0.35570389
97_dat,2022/6/11,20,0.570735693
97_dat,2022/6/11,30,1.609296441
97_dat,2022/6/11,40,1.19140923
97_dat,2022/6/11,50,0.838092685
97_dat,2022/6/12,5,0.291006178
97_dat,2022/6/12,10,0.273391277
97_dat,2022/6/12,15,0.319167197
97_dat,2022/6/12,20,0.497138858
97_dat,2022/6/12,30,1.567148566
97_dat,2022/6/12,40,1.247351527
97_dat,2022/6/12,50,0.866466939
97_dat,2022/6/13,5,0.272281587
97_dat,2022/6/13,10,0.250820518
97_dat,2022/6/13,15,0.287610441
97_dat,2022/6/13,20,0.43983376
97_dat,2022/6/13,30,1.539186358
97_dat,2022/6/13,40,1.289809942
97_dat,2022/6/13,50,0.874625087
97_dat,2022/6/14,5,0.265338689
97_dat,2022/6/14,10,0.237676874
97_dat,2022/6/14,15,0.266635478
97_dat,2022/6/14,20,0.404319495
97_dat,2022/6/14,30,1.525678039
97_dat,2022/6/14,40,1.311663032
97_dat,2022/6/14,50,0.865885139
97_dat,2022/6/15,5,0.256852031
97_dat,2022/6/15,10,0.235420525
97_dat,2022/6/15,15,0.254414111
97_dat,2022/6/15,20,0.382386863
97_dat,2022/6/15,30,1.467254996
97_dat,2022/6/15,40,1.305976033
97_dat,2022/6/15,50,0.862759173
97_dat,2022/6/16,5,0.252577096
97_dat,2022/6/16,10,0.232478783
97_dat,2022/6/16,15,0.248515174
97_dat,2022/6/16,20,0.36589396
97_dat,2022/6/16,30,1.377768874
97_dat,2022/6/16,40,1.261750579
97_dat,2022/6/16,50,0.840005338
97_dat,2022/6/17,5,0.243734941
97_dat,2022/6/17,10,0.222127154
97_dat,2022/6/17,15,0.239013374
97_dat,2022/6/17,20,0.350879371
97_dat,2022/6/17,30,1.343105912
97_dat,2022/6/17,40,1.237813711
97_dat,2022/6/17,50,0.811192513
97_dat,2022/6/18,5,0.229413792
97_dat,2022/6/18,10,0.205022991
97_dat,2022/6/18,15,0.223692983
97_dat,2022/6/18,20,0.333574533
97_dat,2022/6/18,30,1.349354744
97_dat,2022/6/18,40,1.230849504
97_dat,2022/6/18,50,0.786769867
97_dat,2022/6/19,5,0.21688728
97_dat,2022/6/19,10,0.191299707
97_dat,2022/6/19,15,0.21351485
97_dat,2022/6/19,20,0.321507156
97_dat,2022/6/19,30,1.339920998
97_dat,2022/6/19,40,1.211794972
97_dat,2022/6/19,50,0.756145239
97_dat,2022/6/20,5,0.211032897
97_dat,2022/6/20,10,0.182383388
97_dat,2022/6/20,15,0.204047143
97_dat,2022/6/20,20,0.309071183
97_dat,2022/6/20,30,1.342063069
97_dat,2022/6/20,40,1.227873325
97_dat,2022/6/20,50,0.739975512
97_dat,2022/6/21,5,0.198893696
97_dat,2022/6/21,10,0.171915188
97_dat,2022/6/21,15,0.191080898
97_dat,2022/6/21,20,0.293171912
97_dat,2022/6/21,30,1.379284978
97_dat,2022/6/21,40,1.269952178
97_dat,2022/6/21,50,0.733905256
97_dat,2022/6/22,5,0.203975499
97_dat,2022/6/22,10,0.165364549
97_dat,2022/6/22,15,0.180985004
97_dat,2022/6/22,20,0.277551115
97_dat,2022/6/22,30,1.419758081
97_dat,2022/6/22,40,1.286499381
97_dat,2022/6/22,50,0.722740471
97_dat,2022/6/23,5,0.210909143
97_dat,2022/6/23,10,0.178901225
97_dat,2022/6/23,15,0.181396842
97_dat,2022/6/23,20,0.270874441
97_dat,2022/6/23,30,1.336113811
97_dat,2022/6/23,40,1.247230768
97_dat,2022/6/23,50,0.719065011
97_dat,2022/6/24,5,0.225499302
97_dat,2022/6/24,10,0.199519917
97_dat,2022/6/24,15,0.202202678
97_dat,2022/6/24,20,0.29317674
97_dat,2022/6/24,30,1.194739103
97_dat,2022/6/24,40,1.150434494
97_dat,2022/6/24,50,0.699457407
97_dat,2022/6/25,5,0.240612194
97_dat,2022/6/25,10,0.212467834
97_dat,2022/6/25,15,0.224232927
97_dat,2022/6/25,20,0.337305009
97_dat,2022/6/25,30,1.167385817
97_dat,2022/6/25,40,1.115139604
97_dat,2022/6/25,50,0.689382792
97_dat,2022/6/26,5,0.226971567
97_dat,2022/6/26,10,0.203608945
97_dat,2022/6/26,15,0.213875145
97_dat,2022/6/26,20,0.339859784
97_dat,2022/6/26,30,1.186808467
97_dat,2022/6/26,40,1.121320248
97_dat,2022/6/26,50,0.697389662
97_dat,2022/6/27,5,0.212133259
97_dat,2022/6/27,10,0.191980273
97_dat,2022/6/27,15,0.204961807
97_dat,2022/6/27,20,0.332906276
97_dat,2022/6/27,30,1.220512509
97_dat,2022/6/27,40,1.1359092
97_dat,2022/6/27,50,0.699258983
97_dat,2022/6/28,5,0.19921726
97_dat,2022/6/28,10,0.181712285
97_dat,2022/6/28,15,0.202104494
97_dat,2022/6/28,20,0.326864004
97_dat,2022/6/28,30,1.221768737
97_dat,2022/6/28,40,1.081593871
97_dat,2022/6/28,50,0.657429695
97_dat,2022/6/29,5,0.199555784
97_dat,2022/6/29,10,0.184521064
97_dat,2022/6/29,15,0.212688744
97_dat,2022/6/29,20,0.336590618
97_dat,2022/6/29,30,1.144625783
97_dat,2022/6/29,40,0.968996048
97_dat,2022/6/29,50,0.587201178
97_dat,2022/6/30,5,0.202558041
97_dat,2022/6/30,10,0.186739117
97_dat,2022/6/30,15,0.220339462
97_dat,2022/6/30,20,0.347884029
97_dat,2022/6/30,30,1.11439991
97_dat,2022/6/30,40,0.908122957
97_dat,2022/6/30,50,0.544978917
97_dat,2022/7/1,5,0.205249578
97_dat,2022/7/1,10,0.181880265
97_dat,2022/7/1,15,0.216057479
97_dat,2022/7/1,20,0.347294331
97_dat,2022/7/1,30,1.118776083
97_dat,2022/7/1,40,0.866364062
97_dat,2022/7/1,50,0.518167734
97_dat,2022/7/2,5,0.199505582
97_dat,2022/7/2,10,0.176181525
97_dat,2022/7/2,15,0.211334065
97_dat,2022/7/2,20,0.358241111
97_dat,2022/7/2,30,1.14783442
97_dat,2022/7/2,40,0.851628125
97_dat,2022/7/2,50,0.504767656
97_dat,2022/7/3,5,0.186813205
97_dat,2022/7/3,10,0.170818344
97_dat,2022/7/3,15,0.204596937
97_dat,2022/7/3,20,0.361179024
97_dat,2022/7/3,30,1.21445632
97_dat,2022/7/3,40,0.882802665
97_dat,2022/7/3,50,0.507827401
97_dat,2022/7/4,5,0.177888721
97_dat,2022/7/4,10,0.163135946
97_dat,2022/7/4,15,0.194800958
97_dat,2022/7/4,20,0.351752698
97_dat,2022/7/4,30,1.292263746
97_dat,2022/7/4,40,0.897926033
97_dat,2022/7/4,50,0.503273308
97_dat,2022/7/5,5,0.172020242
97_dat,2022/7/5,10,0.154777244
97_dat,2022/7/5,15,0.186240405
97_dat,2022/7/5,20,0.348901153
97_dat,2022/7/5,30,1.350628018
97_dat,2022/7/5,40,0.87703228
97_dat,2022/7/5,50,0.486102194
97_dat,2022/7/6,5,0.170744658
97_dat,2022/7/6,10,0.149221569
97_dat,2022/7/6,15,0.180544809
97_dat,2022/7/6,20,0.3447932
97_dat,2022/7/6,30,1.415193081
97_dat,2022/7/6,40,0.873444736
97_dat,2022/7/6,50,0.476898998
97_dat,2022/7/7,5,0.177087188
97_dat,2022/7/7,10,0.147013441
97_dat,2022/7/7,15,0.175487876
97_dat,2022/7/7,20,0.332383811
97_dat,2022/7/7,30,1.483520508
97_dat,2022/7/7,40,0.886858463
97_dat,2022/7/7,50,0.47641328
97_dat,2022/7/8,5,0.182410076
97_dat,2022/7/8,10,0.149832979
97_dat,2022/7/8,15,0.175653502
97_dat,2022/7/8,20,0.333110482
97_dat,2022/7/8,30,1.507108212
97_dat,2022/7/8,40,0.893990278
97_dat,2022/7/8,50,0.477295756
97_dat,2022/7/9,5,0.190242812
97_dat,2022/7/9,10,0.152242765
97_dat,2022/7/9,15,0.178239912
97_dat,2022/7/9,20,0.342290848
97_dat,2022/7/9,30,1.438621521
97_dat,2022/7/9,40,0.906798422
97_dat,2022/7/9,50,0.481608421
97_dat,2022/7/10,5,0.190294236
97_dat,2022/7/10,10,0.151815653
97_dat,2022/7/10,15,0.175918281
97_dat,2022/7/10,20,0.33921966
97_dat,2022/7/10,30,1.352869511
97_dat,2022/7/10,40,0.947362781
97_dat,2022/7/10,50,0.501596272
97_dat,2022/7/11,5,0.182921574
97_dat,2022/7/11,10,0.152997211
97_dat,2022/7/11,15,0.171599075
97_dat,2022/7/11,20,0.323076457
97_dat,2022/7/11,30,1.339610815
97_dat,2022/7/11,40,0.991887689
97_dat,2022/7/11,50,0.52275604
97_dat,2022/7/12,5,0.181223392
97_dat,2022/7/12,10,0.15689607
97_dat,2022/7/12,15,0.171473712
97_dat,2022/7/12,20,0.310549736
97_dat,2022/7/12,30,1.290105343
97_dat,2022/7/12,40,0.982875347
97_dat,2022/7/12,50,0.522366703
97_dat,2022/7/13,5,0.191717863
97_dat,2022/7/13,10,0.166567311
97_dat,2022/7/13,15,0.178307861
97_dat,2022/7/13,20,0.306868255
97_dat,2022/7/13,30,1.17761457
97_dat,2022/7/13,40,0.953460336
97_dat,2022/7/13,50,0.516928792
97_dat,2022/7/14,5,0.206567541
97_dat,2022/7/14,10,0.184965447
97_dat,2022/7/14,15,0.190665796
97_dat,2022/7/14,20,0.298546076
97_dat,2022/7/14,30,1.121833086
97_dat,2022/7/14,40,0.971091509
97_dat,2022/7/14,50,0.532858074
97_dat,2022/7/15,5,0.236926749
97_dat,2022/7/15,10,0.214484155
97_dat,2022/7/15,15,0.219868228
97_dat,2022/7/15,20,0.290185779
97_dat,2022/7/15,30,1.027997851
97_dat,2022/7/15,40,0.998026431
97_dat,2022/7/15,50,0.576018512
97_dat,2022/7/16,5,0.271951765
97_dat,2022/7/16,10,0.244109198
97_dat,2022/7/16,15,0.248368308
97_dat,2022/7/16,20,0.289017975
97_dat,2022/7/16,30,0.877946556
97_dat,2022/7/16,40,1.004089594
97_dat,2022/7/16,50,0.652450979
97_dat,2022/7/17,5,0.288665473
97_dat,2022/7/17,10,0.259856761
97_dat,2022/7/17,15,0.257121265
97_dat,2022/7/17,20,0.278586179
97_dat,2022/7/17,30,0.745726585
97_dat,2022/7/17,40,0.985087812
97_dat,2022/7/17,50,0.735597968
97_dat,2022/7/18,5,0.277712435
97_dat,2022/7/18,10,0.260735691
97_dat,2022/7/18,15,0.259654433
97_dat,2022/7/18,20,0.276754767
97_dat,2022/7/18,30,0.697002411
97_dat,2022/7/18,40,0.985825658
97_dat,2022/7/18,50,0.778482139
97_dat,2022/7/19,5,0.248259455
97_dat,2022/7/19,10,0.244122013
97_dat,2022/7/19,15,0.252396643
97_dat,2022/7/19,20,0.270330191
97_dat,2022/7/19,30,0.703136325
97_dat,2022/7/19,40,0.998239994
97_dat,2022/7/19,50,0.777109802
97_dat,2022/7/20,5,0.223356918
97_dat,2022/7/20,10,0.228512779
97_dat,2022/7/20,15,0.243001938
97_dat,2022/7/20,20,0.262464672
97_dat,2022/7/20,30,0.704885662
97_dat,2022/7/20,40,0.977324665
97_dat,2022/7/20,50,0.746439159
97_dat,2022/7/21,5,0.200368866
97_dat,2022/7/21,10,0.211094588
97_dat,2022/7/21,15,0.232354537
97_dat,2022/7/21,20,0.256624937
97_dat,2022/7/21,30,0.723459303
97_dat,2022/7/21,40,0.986112416
97_dat,2022/7/21,50,0.734745324
97_dat,2022/7/22,5,0.180034995
97_dat,2022/7/22,10,0.191361114
97_dat,2022/7/22,15,0.218144029
97_dat,2022/7/22,20,0.246551961
97_dat,2022/7/22,30,0.728715181
97_dat,2022/7/22,40,1.002455711
97_dat,2022/7/22,50,0.724734664
97_dat,2022/7/23,5,0.167431638
97_dat,2022/7/23,10,0.177145377
97_dat,2022/7/23,15,0.204452693
97_dat,2022/7/23,20,0.238212109
97_dat,2022/7/23,30,0.704852462
97_dat,2022/7/23,40,0.973254144
97_dat,2022/7/23,50,0.693234324
97_dat,2022/7/24,5,0.15764153
97_dat,2022/7/24,10,0.166274801
97_dat,2022/7/24,15,0.191086829
97_dat,2022/7/24,20,0.230052143
97_dat,2022/7/24,30,0.707280338
97_dat,2022/7/24,40,0.966416478
97_dat,2022/7/24,50,0.6796754
97_dat,2022/7/25,5,0.146957517
97_dat,2022/7/25,10,0.154808044
97_dat,2022/7/25,15,0.178315803
97_dat,2022/7/25,20,0.2189904
97_dat,2022/7/25,30,0.741002917
97_dat,2022/7/25,40,1.008230448
97_dat,2022/7/25,50,0.688610435
97_dat,2022/7/26,5,0.136851415
97_dat,2022/7/26,10,0.147749498
97_dat,2022/7/26,15,0.169385135
97_dat,2022/7/26,20,0.212300003
97_dat,2022/7/26,30,0.789482415
97_dat,2022/7/26,40,1.044815898
97_dat,2022/7/26,50,0.689062774
97_dat,2022/7/27,5,0.133333415
97_dat,2022/7/27,10,0.145515844
97_dat,2022/7/27,15,0.164098233
97_dat,2022/7/27,20,0.210399404
97_dat,2022/7/27,30,0.834176123
97_dat,2022/7/27,40,1.061022639
97_dat,2022/7/27,50,0.680285215
97_dat,2022/7/28,5,0.133325234
97_dat,2022/7/28,10,0.144894853
97_dat,2022/7/28,15,0.161444023
97_dat,2022/7/28,20,0.213755742
97_dat,2022/7/28,30,0.888003409
97_dat,2022/7/28,40,1.087576032
97_dat,2022/7/28,50,0.678527236
97_dat,2022/7/29,5,0.132481754
97_dat,2022/7/29,10,0.145807788
97_dat,2022/7/29,15,0.161821336
97_dat,2022/7/29,20,0.223323032
97_dat,2022/7/29,30,0.971685529
97_dat,2022/7/29,40,1.116248488
97_dat,2022/7/29,50,0.677522779
97_dat,2022/7/30,5,0.13356857
97_dat,2022/7/30,10,0.151863903
97_dat,2022/7/30,15,0.168516815
97_dat,2022/7/30,20,0.242997244
97_dat,2022/7/30,30,1.086802363
97_dat,2022/7/30,40,1.117981672
97_dat,2022/7/30,50,0.665626943
97_dat,2022/7/31,5,0.140105352
97_dat,2022/7/31,10,0.162407756
97_dat,2022/7/31,15,0.177983686
97_dat,2022/7/31,20,0.266767651
97_dat,2022/7/31,30,1.196036935
97_dat,2022/7/31,40,1.07575953
97_dat,2022/7/31,50,0.63576591
97_dat,2022/8/1,5,0.147038579
97_dat,2022/8/1,10,0.178194642
97_dat,2022/8/1,15,0.202002347
97_dat,2022/8/1,20,0.297673404
97_dat,2022/8/1,30,1.178309917
97_dat,2022/8/1,40,0.955342948
97_dat,2022/8/1,50,0.576898515
97_dat,2022/8/2,5,0.169879273
97_dat,2022/8/2,10,0.207033798
97_dat,2022/8/2,15,0.236936659
97_dat,2022/8/2,20,0.342418611
97_dat,2022/8/2,30,1.123792768
97_dat,2022/8/2,40,0.883051097
97_dat,2022/8/2,50,0.543639064
97_dat,2022/8/3,5,0.189643502
97_dat,2022/8/3,10,0.230144769
97_dat,2022/8/3,15,0.260709554
97_dat,2022/8/3,20,0.372460425
97_dat,2022/8/3,30,1.086594224
97_dat,2022/8/3,40,0.868826509
97_dat,2022/8/3,50,0.539358914
97_dat,2022/8/4,5,0.217072144
97_dat,2022/8/4,10,0.25332436
97_dat,2022/8/4,15,0.29875347
97_dat,2022/8/4,20,0.422886491
97_dat,2022/8/4,30,1.037700772
97_dat,2022/8/4,40,0.866100132
97_dat,2022/8/4,50,0.55118376
97_dat,2022/8/5,5,0.242639139
97_dat,2022/8/5,10,0.277560085
97_dat,2022/8/5,15,0.342763007
97_dat,2022/8/5,20,0.481402487
97_dat,2022/8/5,30,1.034080982
97_dat,2022/8/5,40,0.912012458
97_dat,2022/8/5,50,0.597534716
97_dat,2022/8/6,5,0.266406626
97_dat,2022/8/6,10,0.305672437
97_dat,2022/8/6,15,0.382754803
97_dat,2022/8/6,20,0.511285901
97_dat,2022/8/6,30,0.992351234
97_dat,2022/8/6,40,0.935309112
97_dat,2022/8/6,50,0.650855243
97_dat,2022/8/7,5,0.284337908
97_dat,2022/8/7,10,0.323813319
97_dat,2022/8/7,15,0.395229191
97_dat,2022/8/7,20,0.489718169
97_dat,2022/8/7,30,0.882817864
97_dat,2022/8/7,40,0.898772418
97_dat,2022/8/7,50,0.672648907
97_dat,2022/8/8,5,0.273265243
97_dat,2022/8/8,10,0.321033299
97_dat,2022/8/8,15,0.394623786
97_dat,2022/8/8,20,0.471584499
97_dat,2022/8/8,30,0.795683265
97_dat,2022/8/8,40,0.826744914
97_dat,2022/8/8,50,0.638387918
97_dat,2022/8/9,5,0.251897901
97_dat,2022/8/9,10,0.295335054
97_dat,2022/8/9,15,0.368999243
97_dat,2022/8/9,20,0.466557533
97_dat,2022/8/9,30,0.751873136
97_dat,2022/8/9,40,0.742181242
97_dat,2022/8/9,50,0.564242721
97_dat,2022/8/10,5,0.226710752
97_dat,2022/8/10,10,0.266040593
97_dat,2022/8/10,15,0.330219507
97_dat,2022/8/10,20,0.461655378
97_dat,2022/8/10,30,0.744985819
97_dat,2022/8/10,40,0.657188833
97_dat,2022/8/10,50,0.486429095
97_dat,2022/8/11,5,0.195410997
97_dat,2022/8/11,10,0.245865613
97_dat,2022/8/11,15,0.309257388
97_dat,2022/8/11,20,0.472175211
97_dat,2022/8/11,30,0.779471636
97_dat,2022/8/11,40,0.58915478
97_dat,2022/8/11,50,0.429607153
97_dat,2022/8/12,5,0.177174613
97_dat,2022/8/12,10,0.230947867
97_dat,2022/8/12,15,0.295239121
97_dat,2022/8/12,20,0.480687171
97_dat,2022/8/12,30,0.839351416
97_dat,2022/8/12,40,0.559292257
97_dat,2022/8/12,50,0.402234316
97_dat,2022/8/13,5,0.164723948
97_dat,2022/8/13,10,0.216468558
97_dat,2022/8/13,15,0.283536941
97_dat,2022/8/13,20,0.488431484
97_dat,2022/8/13,30,0.927223682
97_dat,2022/8/13,40,0.554433107
97_dat,2022/8/13,50,0.392908126
97_dat,2022/8/14,5,0.154005885
97_dat,2022/8/14,10,0.204576194
97_dat,2022/8/14,15,0.28026247
97_dat,2022/8/14,20,0.523829401
97_dat,2022/8/14,30,1.00381875
97_dat,2022/8/14,40,0.53921324
97_dat,2022/8/14,50,0.382724613
97_dat,2022/8/15,5,0.151685342
97_dat,2022/8/15,10,0.207326621
97_dat,2022/8/15,15,0.294486552
97_dat,2022/8/15,20,0.582637429
97_dat,2022/8/15,30,0.984807193
97_dat,2022/8/15,40,0.495880455
97_dat,2022/8/15,50,0.361129105
97_dat,2022/8/16,5,0.173657686
97_dat,2022/8/16,10,0.235870212
97_dat,2022/8/16,15,0.326794952
97_dat,2022/8/16,20,0.613658726
97_dat,2022/8/16,30,0.938027203
97_dat,2022/8/16,40,0.457398355
97_dat,2022/8/16,50,0.34227258
97_dat,2022/8/17,5,0.186098158
97_dat,2022/8/17,10,0.25323987
97_dat,2022/8/17,15,0.347627819
97_dat,2022/8/17,20,0.624392569
97_dat,2022/8/17,30,0.983399987
97_dat,2022/8/17,40,0.453301519
97_dat,2022/8/17,50,0.339441001
97_dat,2022/8/18,5,0.194213644
97_dat,2022/8/18,10,0.259889096
97_dat,2022/8/18,15,0.367645413
97_dat,2022/8/18,20,0.63326782
97_dat,2022/8/18,30,0.983458996
97_dat,2022/8/18,40,0.438522995
97_dat,2022/8/18,50,0.330897361
97_dat,2022/8/19,5,0.210112542
97_dat,2022/8/19,10,0.27897051
97_dat,2022/8/19,15,0.396345675
97_dat,2022/8/19,20,0.637100637
97_dat,2022/8/19,30,0.979363739
97_dat,2022/8/19,40,0.426671088
97_dat,2022/8/19,50,0.323455572
97_dat,2022/8/20,5,0.204243377
97_dat,2022/8/20,10,0.28555885
97_dat,2022/8/20,15,0.414698511
97_dat,2022/8/20,20,0.655636966
97_dat,2022/8/20,30,0.993568838
97_dat,2022/8/20,40,0.419321418
97_dat,2022/8/20,50,0.319001347
97_dat,2022/8/21,5,0.191144422
97_dat,2022/8/21,10,0.27527836
97_dat,2022/8/21,15,0.426169991
97_dat,2022/8/21,20,0.690930545
97_dat,2022/8/21,30,1.002573013
97_dat,2022/8/21,40,0.416137755
97_dat,2022/8/21,50,0.318128109
97_dat,2022/8/22,5,0.183179006
97_dat,2022/8/22,10,0.271351308
97_dat,2022/8/22,15,0.44337514
97_dat,2022/8/22,20,0.764567971
97_dat,2022/8/22,30,1.0350281
97_dat,2022/8/22,40,0.425710827
97_dat,2022/8/22,50,0.323915362
97_dat,2022/8/23,5,0.198315069
97_dat,2022/8/23,10,0.291452944
97_dat,2022/8/23,15,0.465321541
97_dat,2022/8/23,20,0.803360343
97_dat,2022/8/23,30,0.998082161
97_dat,2022/8/23,40,0.413683414
97_dat,2022/8/23,50,0.317462713
97_dat,2022/8/24,5,0.204700559
97_dat,2022/8/24,10,0.2873438
97_dat,2022/8/24,15,0.44907254
97_dat,2022/8/24,20,0.800556064
97_dat,2022/8/24,30,0.997266889
97_dat,2022/8/24,40,0.407066405
97_dat,2022/8/24,50,0.314429522
97_dat,2022/8/25,5,0.19463703
97_dat,2022/8/25,10,0.265156627
97_dat,2022/8/25,15,0.424988508
97_dat,2022/8/25,20,0.822887778
97_dat,2022/8/25,30,1.034976602
97_dat,2022/8/25,40,0.414533108
97_dat,2022/8/25,50,0.318205982
97_dat,2022/8/26,5,0.189052656
97_dat,2022/8/26,10,0.259833604
97_dat,2022/8/26,15,0.413792342
97_dat,2022/8/26,20,0.829484224
97_dat,2022/8/26,30,1.03866303
97_dat,2022/8/26,40,0.413474768
97_dat,2022/8/26,50,0.317665905
97_dat,2022/8/27,5,0.203402922
97_dat,2022/8/27,10,0.272656351
97_dat,2022/8/27,15,0.399058968
97_dat,2022/8/27,20,0.761326015
97_dat,2022/8/27,30,0.99361515
97_dat,2022/8/27,40,0.406710535
97_dat,2022/8/27,50,0.313186258
97_dat,2022/8/28,5,0.220081612
97_dat,2022/8/28,10,0.285326928
97_dat,2022/8/28,15,0.386985153
97_dat,2022/8/28,20,0.695318699
97_dat,2022/8/28,30,0.970609367
97_dat,2022/8/28,40,0.405797899
97_dat,2022/8/28,50,0.312728018
97_dat,2022/8/29,5,0.220885068
97_dat,2022/8/29,10,0.284956127
97_dat,2022/8/29,15,0.377546012
97_dat,2022/8/29,20,0.656352341
97_dat,2022/8/29,30,0.98962611
97_dat,2022/8/29,40,0.411707729
97_dat,2022/8/29,50,0.317329884
97_dat,2022/8/30,5,0.223648712
97_dat,2022/8/30,10,0.282833815
97_dat,2022/8/30,15,0.356743127
97_dat,2022/8/30,20,0.580234587
97_dat,2022/8/30,30,0.94903183
97_dat,2022/8/30,40,0.408665657
97_dat,2022/8/30,50,0.314453334
97_dat,2022/8/31,5,0.238685489
97_dat,2022/8/31,10,0.27686578
97_dat,2022/8/31,15,0.306898594
97_dat,2022/8/31,20,0.461176068
97_dat,2022/8/31,30,0.847730815
97_dat,2022/8/31,40,0.405582726
97_dat,2022/8/31,50,0.30831489
97_dat,2022/9/1,5,0.263428032
97_dat,2022/9/1,10,0.292045772
97_dat,2022/9/1,15,0.303940028
97_dat,2022/9/1,20,0.401585609
97_dat,2022/9/1,30,0.829930544
97_dat,2022/9/1,40,0.430295199
97_dat,2022/9/1,50,0.319028229
97_dat,2022/9/2,5,0.232227564
97_dat,2022/9/2,10,0.283547759
97_dat,2022/9/2,15,0.331248462
97_dat,2022/9/2,20,0.397899836
97_dat,2022/9/2,30,0.937346518
97_dat,2022/9/2,40,0.484189421
97_dat,2022/9/2,50,0.349961817
97_dat,2022/9/3,5,0.202948824
97_dat,2022/9/3,10,0.26136896
97_dat,2022/9/3,15,0.348875552
97_dat,2022/9/3,20,0.424919516
97_dat,2022/9/3,30,1.040530205
97_dat,2022/9/3,40,0.548805177
97_dat,2022/9/3,50,0.386366397
97_dat,2022/9/4,5,0.188541025
97_dat,2022/9/4,10,0.245793596
97_dat,2022/9/4,15,0.3433851
97_dat,2022/9/4,20,0.464253098
97_dat,2022/9/4,30,1.062155962
97_dat,2022/9/4,40,0.635508895
97_dat,2022/9/4,50,0.439041495
97_dat,2022/9/5,5,0.204558879
97_dat,2022/9/5,10,0.255271643
97_dat,2022/9/5,15,0.320094824
97_dat,2022/9/5,20,0.479490399
97_dat,2022/9/5,30,0.961247385
97_dat,2022/9/5,40,0.726296663
97_dat,2022/9/5,50,0.529323757
97_dat,2022/9/6,5,0.23951526
97_dat,2022/9/6,10,0.274734527
97_dat,2022/9/6,15,0.318150252
97_dat,2022/9/6,20,0.456343204
97_dat,2022/9/6,30,0.799406469
97_dat,2022/9/6,40,0.746587873
97_dat,2022/9/6,50,0.642890334
97_dat,2022/9/7,5,0.239127859
97_dat,2022/9/7,10,0.259083897
97_dat,2022/9/7,15,0.30119276
97_dat,2022/9/7,20,0.387297213
97_dat,2022/9/7,30,0.737642229
97_dat,2022/9/7,40,0.771322727
97_dat,2022/9/7,50,0.738368809
97_dat,2022/9/8,5,0.208453938
97_dat,2022/9/8,10,0.226989806
97_dat,2022/9/8,15,0.264222324
97_dat,2022/9/8,20,0.326709121
97_dat,2022/9/8,30,0.658014178
97_dat,2022/9/8,40,0.848021269
97_dat,2022/9/8,50,0.8312608
97_dat,2022/9/9,5,0.184842303
97_dat,2022/9/9,10,0.193046212
97_dat,2022/9/9,15,0.228818312
97_dat,2022/9/9,20,0.291138321
97_dat,2022/9/9,30,0.572482586
97_dat,2022/9/9,40,0.89056921
97_dat,2022/9/9,50,0.883076906
97_dat,2022/9/10,5,0.176173568
97_dat,2022/9/10,10,0.17112036
97_dat,2022/9/10,15,0.197541133
97_dat,2022/9/10,20,0.258853078
97_dat,2022/9/10,30,0.506263196
97_dat,2022/9/10,40,0.917504668
97_dat,2022/9/10,50,0.907451451
97_dat,2022/9/11,5,0.169975951
97_dat,2022/9/11,10,0.171576053
97_dat,2022/9/11,15,0.179321185
97_dat,2022/9/11,20,0.233500525
97_dat,2022/9/11,30,0.438596159
97_dat,2022/9/11,40,0.885531127
97_dat,2022/9/11,50,0.894393981
97_dat,2022/9/12,5,0.169545516
97_dat,2022/9/12,10,0.171845973
97_dat,2022/9/12,15,0.175408974
97_dat,2022/9/12,20,0.219694644
97_dat,2022/9/12,30,0.38187018
97_dat,2022/9/12,40,0.793144405
97_dat,2022/9/12,50,0.842210293
97_dat,2022/9/13,5,0.170128688
97_dat,2022/9/13,10,0.166684657
97_dat,2022/9/13,15,0.167448789
97_dat,2022/9/13,20,0.204534188
97_dat,2022/9/13,30,0.358330965
97_dat,2022/9/13,40,0.712289214
97_dat,2022/9/13,50,0.811541915
97_dat,2022/9/14,5,0.166069612
97_dat,2022/9/14,10,0.160946384
97_dat,2022/9/14,15,0.155475497
97_dat,2022/9/14,20,0.182550296
97_dat,2022/9/14,30,0.357700288
97_dat,2022/9/14,40,0.673649848
97_dat,2022/9/14,50,0.811496615
97_dat,2022/9/15,5,0.158866733
97_dat,2022/9/15,10,0.154371291
97_dat,2022/9/15,15,0.14652133
97_dat,2022/9/15,20,0.16678226
97_dat,2022/9/15,30,0.357830435
97_dat,2022/9/15,40,0.666926682
97_dat,2022/9/15,50,0.790685892
97_dat,2022/9/16,5,0.155858576
97_dat,2022/9/16,10,0.154347777
97_dat,2022/9/16,15,0.144824922
97_dat,2022/9/16,20,0.161372453
97_dat,2022/9/16,30,0.338019758
97_dat,2022/9/16,40,0.63456732
97_dat,2022/9/16,50,0.722549915
97_dat,2022/9/17,5,0.158888549
97_dat,2022/9/17,10,0.158353433
97_dat,2022/9/17,15,0.153810889
97_dat,2022/9/17,20,0.171211198
97_dat,2022/9/17,30,0.320355862
97_dat,2022/9/17,40,0.585826397
97_dat,2022/9/17,50,0.656738043
97_dat,2022/9/18,5,0.157177225
97_dat,2022/9/18,10,0.15388456
97_dat,2022/9/18,15,0.151736408
97_dat,2022/9/18,20,0.17030102
97_dat,2022/9/18,30,0.298409224
97_dat,2022/9/18,40,0.530609131
97_dat,2022/9/18,50,0.585654914
97_dat,2022/9/19,5,0.173035473
97_dat,2022/9/19,10,0.164426073
97_dat,2022/9/19,15,0.165945187
97_dat,2022/9/19,20,0.18435201
97_dat,2022/9/19,30,0.276307046
97_dat,2022/9/19,40,0.467119128
97_dat,2022/9/19,50,0.507934153
97_dat,2022/9/20,5,0.173868328
97_dat,2022/9/20,10,0.172793582
97_dat,2022/9/20,15,0.174929187
97_dat,2022/9/20,20,0.205479696
97_dat,2022/9/20,30,0.327786177
97_dat,2022/9/20,40,0.459672689
97_dat,2022/9/20,50,0.463459343
97_dat,2022/9/21,5,0.158330351
97_dat,2022/9/21,10,0.15865849
97_dat,2022/9/21,15,0.162556782
97_dat,2022/9/21,20,0.187989309
97_dat,2022/9/21,30,0.424616456
97_dat,2022/9/21,40,0.483420849
97_dat,2022/9/21,50,0.435118139
97_dat,2022/9/22,5,0.148186296
97_dat,2022/9/22,10,0.148497283
97_dat,2022/9/22,15,0.155725703
97_dat,2022/9/22,20,0.172130287
97_dat,2022/9/22,30,0.49364236
97_dat,2022/9/22,40,0.504863262
97_dat,2022/9/22,50,0.430073828
97_dat,2022/9/23,5,0.145945519
97_dat,2022/9/23,10,0.146369398
97_dat,2022/9/23,15,0.153994694
97_dat,2022/9/23,20,0.167971775
97_dat,2022/9/23,30,0.478191108
97_dat,2022/9/23,40,0.486903489
97_dat,2022/9/23,50,0.414609075
97_dat,2022/9/24,5,0.151381999
97_dat,2022/9/24,10,0.152014866
97_dat,2022/9/24,15,0.164488986
97_dat,2022/9/24,20,0.182204872
97_dat,2022/9/24,30,0.484291434
97_dat,2022/9/24,40,0.466495275
97_dat,2022/9/24,50,0.396602064
97_dat,2022/9/25,5,0.144119576
97_dat,2022/9/25,10,0.14435491
97_dat,2022/9/25,15,0.157513335
97_dat,2022/9/25,20,0.181792021
97_dat,2022/9/25,30,0.561765552
97_dat,2022/9/25,40,0.48770088
97_dat,2022/9/25,50,0.407050431
97_dat,2022/9/26,5,0.133630171
97_dat,2022/9/26,10,0.135273769
97_dat,2022/9/26,15,0.148112267
97_dat,2022/9/26,20,0.171970472
97_dat,2022/9/26,30,0.63746357
97_dat,2022/9/26,40,0.522441387
97_dat,2022/9/26,50,0.428802848
97_dat,2022/9/27,5,0.126343697
97_dat,2022/9/27,10,0.12961556
97_dat,2022/9/27,15,0.141782269
97_dat,2022/9/27,20,0.162450001
97_dat,2022/9/27,30,0.69102788
97_dat,2022/9/27,40,0.556389034
97_dat,2022/9/27,50,0.452545017
97_dat,2022/9/28,5,0.122275159
97_dat,2022/9/28,10,0.12702179
97_dat,2022/9/28,15,0.137117416
97_dat,2022/9/28,20,0.156209379
97_dat,2022/9/28,30,0.717197061
97_dat,2022/9/28,40,0.585036933
97_dat,2022/9/28,50,0.474271446
97_dat,2022/9/29,5,0.118946984
97_dat,2022/9/29,10,0.125512719
97_dat,2022/9/29,15,0.133467644
97_dat,2022/9/29,20,0.153566197
97_dat,2022/9/29,30,0.726985276
97_dat,2022/9/29,40,0.610001028
97_dat,2022/9/29,50,0.493311673
97_dat,2022/9/30,5,0.113636248
97_dat,2022/9/30,10,0.122743331
97_dat,2022/9/30,15,0.130166128
97_dat,2022/9/30,20,0.150011435
97_dat,2022/9/30,30,0.732475877
97_dat,2022/9/30,40,0.647056818
97_dat,2022/9/30,50,0.519398272
97_dat,2022/10/1,5,0.108259477
97_dat,2022/10/1,10,0.118343301
97_dat,2022/10/1,15,0.126302138
97_dat,2022/10/1,20,0.14655447
97_dat,2022/10/1,30,0.735608935
97_dat,2022/10/1,40,0.702354431
97_dat,2022/10/1,50,0.555536866
97_dat,2022/10/2,5,0.106128529
97_dat,2022/10/2,10,0.116252586
97_dat,2022/10/2,15,0.124019861
97_dat,2022/10/2,20,0.146867052
97_dat,2022/10/2,30,0.711914837
97_dat,2022/10/2,40,0.757782102
97_dat,2022/10/2,50,0.586844802
97_dat,2022/10/3,5,0.108035982
97_dat,2022/10/3,10,0.117035531
97_dat,2022/10/3,15,0.126477495
97_dat,2022/10/3,20,0.152432948
97_dat,2022/10/3,30,0.620522141
97_dat,2022/10/3,40,0.762245119
97_dat,2022/10/3,50,0.597820342
97_dat,2022/10/4,5,0.119799897
97_dat,2022/10/4,10,0.126197591
97_dat,2022/10/4,15,0.13461706
97_dat,2022/10/4,20,0.156525984
97_dat,2022/10/4,30,0.479321241
97_dat,2022/10/4,40,0.705319107
97_dat,2022/10/4,50,0.58390528
97_dat,2022/10/5,5,0.149074316
97_dat,2022/10/5,10,0.149617329
97_dat,2022/10/5,15,0.153487995
97_dat,2022/10/5,20,0.178761557
97_dat,2022/10/5,30,0.409282535
97_dat,2022/10/5,40,0.650750816
97_dat,2022/10/5,50,0.573594689
97_dat,2022/10/6,5,0.161154479
97_dat,2022/10/6,10,0.161291063
97_dat,2022/10/6,15,0.164429188
97_dat,2022/10/6,20,0.189663887
97_dat,2022/10/6,30,0.41347146
97_dat,2022/10/6,40,0.628176391
97_dat,2022/10/6,50,0.582506597
97_dat,2022/10/7,5,0.15995191
97_dat,2022/10/7,10,0.160138071
97_dat,2022/10/7,15,0.158235103
97_dat,2022/10/7,20,0.186391249
97_dat,2022/10/7,30,0.425973386
97_dat,2022/10/7,40,0.595025063
97_dat,2022/10/7,50,0.584059119
97_dat,2022/10/8,5,0.156852573
97_dat,2022/10/8,10,0.156990647
97_dat,2022/10/8,15,0.157314166
97_dat,2022/10/8,20,0.182906762
97_dat,2022/10/8,30,0.438274533
97_dat,2022/10/8,40,0.56536901
97_dat,2022/10/8,50,0.578926861
97_dat,2022/10/9,5,0.159955606
97_dat,2022/10/9,10,0.160189286
97_dat,2022/10/9,15,0.160904422
97_dat,2022/10/9,20,0.187201306
97_dat,2022/10/9,30,0.424469262
97_dat,2022/10/9,40,0.538492024
97_dat,2022/10/9,50,0.566683233
97_dat,2022/10/10,5,0.17109175
97_dat,2022/10/10,10,0.171530515
97_dat,2022/10/10,15,0.172875524
97_dat,2022/10/10,20,0.197528303
97_dat,2022/10/10,30,0.33775872
97_dat,2022/10/10,40,0.472893894
97_dat,2022/10/10,50,0.512570262
97_dat,2022/10/11,5,0.190506175
97_dat,2022/10/11,10,0.190880522
97_dat,2022/10/11,15,0.192615181
97_dat,2022/10/11,20,0.214405149
97_dat,2022/10/11,30,0.317854285
97_dat,2022/10/11,40,0.443988025
97_dat,2022/10/11,50,0.482465744
97_dat,2022/10/12,5,0.195361018
97_dat,2022/10/12,10,0.195555359
97_dat,2022/10/12,15,0.195969447
97_dat,2022/10/12,20,0.202469006
97_dat,2022/10/12,30,0.371296078
97_dat,2022/10/12,40,0.491180629
97_dat,2022/10/12,50,0.498382181
97_dat,2022/10/13,5,0.184427097
97_dat,2022/10/13,10,0.184455007
97_dat,2022/10/13,15,0.184641704
97_dat,2022/10/13,20,0.186387196
97_dat,2022/10/13,30,0.408421278
97_dat,2022/10/13,40,0.561903536
97_dat,2022/10/13,50,0.522828341
97_dat,2022/10/14,5,0.172204107
97_dat,2022/10/14,10,0.172138885
97_dat,2022/10/14,15,0.172337458
97_dat,2022/10/14,20,0.177898675
97_dat,2022/10/14,30,0.421505928
97_dat,2022/10/14,40,0.609447002
97_dat,2022/10/14,50,0.527776062
97_dat,2022/10/15,5,0.162055105
97_dat,2022/10/15,10,0.161764622
97_dat,2022/10/15,15,0.162092581
97_dat,2022/10/15,20,0.172751173
97_dat,2022/10/15,30,0.434152961
97_dat,2022/10/15,40,0.609494984
97_dat,2022/10/15,50,0.502073407
97_dat,2022/10/16,5,0.154207945
97_dat,2022/10/16,10,0.153769597
97_dat,2022/10/16,15,0.154372051
97_dat,2022/10/16,20,0.170048028
97_dat,2022/10/16,30,0.442005724
97_dat,2022/10/16,40,0.590415597
97_dat,2022/10/16,50,0.47584185
97_dat,2022/10/17,5,0.151229337
97_dat,2022/10/17,10,0.151702911
97_dat,2022/10/17,15,0.152521089
97_dat,2022/10/17,20,0.160000324
97_dat,2022/10/17,30,0.437074453
97_dat,2022/10/17,40,0.578621149
97_dat,2022/10/17,50,0.46195206
97_dat,2022/10/18,5,0.156666905
97_dat,2022/10/18,10,0.156825379
97_dat,2022/10/18,15,0.157018602
97_dat,2022/10/18,20,0.161912262
97_dat,2022/10/18,30,0.447578877
97_dat,2022/10/18,40,0.556936562
97_dat,2022/10/18,50,0.456355304
97_dat,2022/10/19,5,0.159759372
97_dat,2022/10/19,10,0.159914687
97_dat,2022/10/19,15,0.160119116
97_dat,2022/10/19,20,0.170320898
97_dat,2022/10/19,30,0.462203652
97_dat,2022/10/19,40,0.524735034
97_dat,2022/10/19,50,0.451810896
97_dat,2022/10/20,5,0.169152886
97_dat,2022/10/20,10,0.169330999
97_dat,2022/10/20,15,0.169613943
97_dat,2022/10/20,20,0.184449613
97_dat,2022/10/20,30,0.477716744
97_dat,2022/10/20,40,0.501614869
97_dat,2022/10/20,50,0.446068525
97_dat,2022/10/21,5,0.178318456
97_dat,2022/10/21,10,0.178550795
97_dat,2022/10/21,15,0.179187924
97_dat,2022/10/21,20,0.195390418
97_dat,2022/10/21,30,0.5146631
97_dat,2022/10/21,40,0.492880672
97_dat,2022/10/21,50,0.442832649
97_dat,2022/10/22,5,0.18480289
97_dat,2022/10/22,10,0.18525891
97_dat,2022/10/22,15,0.18683219
97_dat,2022/10/22,20,0.204174355
97_dat,2022/10/22,30,0.552325547
97_dat,2022/10/22,40,0.491936833
97_dat,2022/10/22,50,0.439396232
97_dat,2022/10/23,5,0.194466993
97_dat,2022/10/23,10,0.194830656
97_dat,2022/10/23,15,0.195904672
97_dat,2022/10/23,20,0.219939098
97_dat,2022/10/23,30,0.579621971
97_dat,2022/10/23,40,0.501418173
97_dat,2022/10/23,50,0.440462589
97_dat,2022/10/24,5,0.209919512
97_dat,2022/10/24,10,0.210485399
97_dat,2022/10/24,15,0.211464569
97_dat,2022/10/24,20,0.239144892
97_dat,2022/10/24,30,0.608559668
97_dat,2022/10/24,40,0.519983351
97_dat,2022/10/24,50,0.447638571
97_dat,2022/10/25,5,0.217867732
97_dat,2022/10/25,10,0.218260154
97_dat,2022/10/25,15,0.219116867
97_dat,2022/10/25,20,0.24334389
97_dat,2022/10/25,30,0.636980534
97_dat,2022/10/25,40,0.54590714
97_dat,2022/10/25,50,0.461888343
97_dat,2022/10/26,5,0.213857442
97_dat,2022/10/26,10,0.214078724
97_dat,2022/10/26,15,0.214636981
97_dat,2022/10/26,20,0.233434111
97_dat,2022/10/26,30,0.652132094
97_dat,2022/10/26,40,0.574472427
97_dat,2022/10/26,50,0.481197298
97_dat,2022/10/27,5,0.205781266
97_dat,2022/10/27,10,0.205774233
97_dat,2022/10/27,15,0.205985472
97_dat,2022/10/27,20,0.219826415
97_dat,2022/10/27,30,0.635436893
97_dat,2022/10/27,40,0.582659304
97_dat,2022/10/27,50,0.489649683
97_dat,2022/10/28,5,0.200158253
97_dat,2022/10/28,10,0.200453341
97_dat,2022/10/28,15,0.20098266
97_dat,2022/10/28,20,0.215375319
97_dat,2022/10/28,30,0.595766485
97_dat,2022/10/28,40,0.567569435
97_dat,2022/10/28,50,0.481852293
97_dat,2022/10/29,5,0.205697685
97_dat,2022/10/29,10,0.206084535
97_dat,2022/10/29,15,0.206615523
97_dat,2022/10/29,20,0.224788651
97_dat,2022/10/29,30,0.55642122
97_dat,2022/10/29,40,0.564131796
97_dat,2022/10/29,50,0.475978315
97_dat,2022/10/30,5,0.205188498
97_dat,2022/10/30,10,0.205390066
97_dat,2022/10/30,15,0.205763668
97_dat,2022/10/30,20,0.223347381
97_dat,2022/10/30,30,0.522534788
97_dat,2022/10/30,40,0.576375008
97_dat,2022/10/30,50,0.485032856
97_dat,2022/10/31,5,0.201972693
97_dat,2022/10/31,10,0.202204496
97_dat,2022/10/31,15,0.202684268
97_dat,2022/10/31,20,0.209897637
97_dat,2022/10/31,30,0.500688136
97_dat,2022/10/31,40,0.574941397
97_dat,2022/10/31,50,0.493975073
97_dat,2022/11/1,5,0.200462922
97_dat,2022/11/1,10,0.200723931
97_dat,2022/11/1,15,0.201089129
97_dat,2022/11/1,20,0.203310877
97_dat,2022/11/1,30,0.47654587
97_dat,2022/11/1,40,0.55094105
97_dat,2022/11/1,50,0.493625373
97_dat,2022/11/2,5,0.203483716
97_dat,2022/11/2,10,0.203832164
97_dat,2022/11/2,15,0.204300702
97_dat,2022/11/2,20,0.205900893
97_dat,2022/11/2,30,0.448803842
97_dat,2022/11/2,40,0.517995656
97_dat,2022/11/2,50,0.486231953
97_dat,2022/11/3,5,0.212815419
97_dat,2022/11/3,10,0.213182345
97_dat,2022/11/3,15,0.213600636
97_dat,2022/11/3,20,0.214729473
97_dat,2022/11/3,30,0.383751899
97_dat,2022/11/3,40,0.463588983
97_dat,2022/11/3,50,0.457218498
97_dat,2022/11/4,5,0.233957261
97_dat,2022/11/4,10,0.234359428
97_dat,2022/11/4,15,0.234808534
97_dat,2022/11/4,20,0.235805944
97_dat,2022/11/4,30,0.328820169
97_dat,2022/11/4,40,0.420834005
97_dat,2022/11/4,50,0.433612525
97_dat,2022/11/5,5,0.251873702
97_dat,2022/11/5,10,0.252049595
97_dat,2022/11/5,15,0.252239764
97_dat,2022/11/5,20,0.252607375
97_dat,2022/11/5,30,0.322533578
97_dat,2022/11/5,40,0.405403018
97_dat,2022/11/5,50,0.429431975
97_dat,2022/11/6,5,0.25487721
97_dat,2022/11/6,10,0.255026966
97_dat,2022/11/6,15,0.255188614
97_dat,2022/11/6,20,0.255480021
97_dat,2022/11/6,30,0.332572639
97_dat,2022/11/6,40,0.391810685
97_dat,2022/11/6,50,0.423680156
97_dat,2022/11/7,5,0.253936976
97_dat,2022/11/7,10,0.25415501
97_dat,2022/11/7,15,0.254452169
97_dat,2022/11/7,20,0.255087525
97_dat,2022/11/7,30,0.347096652
97_dat,2022/11/7,40,0.383161515
97_dat,2022/11/7,50,0.413620114
97_dat,2022/11/8,5,0.254009902
97_dat,2022/11/8,10,0.254353523
97_dat,2022/11/8,15,0.254781544
97_dat,2022/11/8,20,0.255692333
97_dat,2022/11/8,30,0.358832002
97_dat,2022/11/8,40,0.372268975
97_dat,2022/11/8,50,0.398631364
97_dat,2022/11/9,5,0.260845959
97_dat,2022/11/9,10,0.261158198
97_dat,2022/11/9,15,0.26150158
97_dat,2022/11/9,20,0.262271702
97_dat,2022/11/9,30,0.366608232
97_dat,2022/11/9,40,0.370953172
97_dat,2022/11/9,50,0.392771572
97_dat,2022/11/10,5,0.267473638
97_dat,2022/11/10,10,0.267755985
97_dat,2022/11/10,15,0.268080115
97_dat,2022/11/10,20,0.268804699
97_dat,2022/11/10,30,0.371667147
97_dat,2022/11/10,40,0.379261196
97_dat,2022/11/10,50,0.395722181
97_dat,2022/11/11,5,0.270257026
97_dat,2022/11/11,10,0.270479977
97_dat,2022/11/11,15,0.270753413
97_dat,2022/11/11,20,0.271483272
97_dat,2022/11/11,30,0.381739318
97_dat,2022/11/11,40,0.388571501
97_dat,2022/11/11,50,0.398975074
97_dat,2022/11/12,5,0.267755896
97_dat,2022/11/12,10,0.267879069
97_dat,2022/11/12,15,0.268078804
97_dat,2022/11/12,20,0.26864478
97_dat,2022/11/12,30,0.389735729
97_dat,2022/11/12,40,0.394297212
97_dat,2022/11/12,50,0.398478478
97_dat,2022/11/13,5,0.264204443
97_dat,2022/11/13,10,0.264553756
97_dat,2022/11/13,15,0.264983982
97_dat,2022/11/13,20,0.265900522
97_dat,2022/11/13,30,0.353968441
97_dat,2022/11/13,40,0.375308067
97_dat,2022/11/13,50,0.379565686
97_dat,2022/11/14,5,0.283397317
97_dat,2022/11/14,10,0.283525407
97_dat,2022/11/14,15,0.283644676
97_dat,2022/11/14,20,0.283870965
97_dat,2022/11/14,30,0.338965505
97_dat,2022/11/14,40,0.357335418
97_dat,2022/11/14,50,0.362732649
97_dat,2022/11/15,5,0.307758421
97_dat,2022/11/15,10,0.307810366
97_dat,2022/11/15,15,0.307848632
97_dat,2022/11/15,20,0.307912588
97_dat,2022/11/15,30,0.363806784
97_dat,2022/11/15,40,0.361466199
97_dat,2022/11/15,50,0.362128526
97_dat,2022/11/16,5,0.322764546
97_dat,2022/11/16,10,0.322828203
97_dat,2022/11/16,15,0.322877616
97_dat,2022/11/16,20,0.322951972
97_dat,2022/11/16,30,0.389937997
97_dat,2022/11/16,40,0.372326761
97_dat,2022/11/16,50,0.367172033
97_dat,2022/11/17,5,0.337349832
97_dat,2022/11/17,10,0.33741492
97_dat,2022/11/17,15,0.337458014
97_dat,2022/11/17,20,0.337498277
97_dat,2022/11/17,30,0.41138792
97_dat,2022/11/17,40,0.383439332
97_dat,2022/11/17,50,0.373651832
97_dat,2022/11/18,5,0.348728329
97_dat,2022/11/18,10,0.348675936
97_dat,2022/11/18,15,0.348570198
97_dat,2022/11/18,20,0.348333448
97_dat,2022/11/18,30,0.419922829
97_dat,2022/11/18,40,0.385940403
97_dat,2022/11/18,50,0.373350024
97_dat,2022/11/19,5,0.357777268
97_dat,2022/11/19,10,0.35781914
97_dat,2022/11/19,15,0.357850492
97_dat,2022/11/19,20,0.35793674
97_dat,2022/11/19,30,0.402133048
97_dat,2022/11/19,40,0.383177429
97_dat,2022/11/19,50,0.368771911
97_dat,2022/11/20,5,0.371438503
97_dat,2022/11/20,10,0.371352434
97_dat,2022/11/20,15,0.371251971
97_dat,2022/11/20,20,0.371037483
97_dat,2022/11/20,30,0.365872443
97_dat,2022/11/20,40,0.372922361
97_dat,2022/11/20,50,0.357320815
97_dat,2022/11/21,5,0.383170605
97_dat,2022/11/21,10,0.382326901
97_dat,2022/11/21,15,0.381226659
97_dat,2022/11/21,20,0.378896475
97_dat,2022/11/21,30,0.352698922
97_dat,2022/11/21,40,0.360559434
97_dat,2022/11/21,50,0.343884915
97_dat,2022/11/22,5,0.3877832
97_dat,2022/11/22,10,0.387392133
97_dat,2022/11/22,15,0.386938483
97_dat,2022/11/22,20,0.386179835
97_dat,2022/11/22,30,0.377672762
97_dat,2022/11/22,40,0.355006933
97_dat,2022/11/22,50,0.340080142
97_dat,2022/11/23,5,0.400512606
97_dat,2022/11/23,10,0.400337845
97_dat,2022/11/23,15,0.400128603
97_dat,2022/11/23,20,0.399737149
97_dat,2022/11/23,30,0.393909156
97_dat,2022/11/23,40,0.351261407
97_dat,2022/11/23,50,0.33830291
97_dat,2022/11/24,5,0.411174417
97_dat,2022/11/24,10,0.411021739
97_dat,2022/11/24,15,0.410803288
97_dat,2022/11/24,20,0.410322458
97_dat,2022/11/24,30,0.403797776
97_dat,2022/11/24,40,0.350467861
97_dat,2022/11/24,50,0.337133646
97_dat,2022/11/25,5,0.421173304
97_dat,2022/11/25,10,0.420879662
97_dat,2022/11/25,15,0.420512706
97_dat,2022/11/25,20,0.419780791
97_dat,2022/11/25,30,0.411121547
97_dat,2022/11/25,40,0.350352019
97_dat,2022/11/25,50,0.33616209
97_dat,2022/11/26,5,0.421609372
97_dat,2022/11/26,10,0.421310633
97_dat,2022/11/26,15,0.420924723
97_dat,2022/11/26,20,0.420215428
97_dat,2022/11/26,30,0.414516985
97_dat,2022/11/26,40,0.340122104
97_dat,2022/11/26,50,0.327572435
97_dat,2022/11/27,5,0.416966647
97_dat,2022/11/27,10,0.416753292
97_dat,2022/11/27,15,0.416505545
97_dat,2022/11/27,20,0.416099697
97_dat,2022/11/27,30,0.413807034
97_dat,2022/11/27,40,0.336130351
97_dat,2022/11/27,50,0.310793549
97_dat,2022/11/28,5,0.41343227
97_dat,2022/11/28,10,0.413075298
97_dat,2022/11/28,15,0.41267392
97_dat,2022/11/28,20,0.41203174
97_dat,2022/11/28,30,0.408657432
97_dat,2022/11/28,40,0.345127076
97_dat,2022/11/28,50,0.297295064
97_dat,2022/11/29,5,0.396035492
97_dat,2022/11/29,10,0.395392746
97_dat,2022/11/29,15,0.394607425
97_dat,2022/11/29,20,0.39321813
97_dat,2022/11/29,30,0.384622484
97_dat,2022/11/29,40,0.321391642
97_dat,2022/11/29,50,0.282032281
97_dat,2022/11/30,5,0.37106508
97_dat,2022/11/30,10,0.370701104
97_dat,2022/11/30,15,0.370278269
97_dat,2022/11/30,20,0.369603008
97_dat,2022/11/30,30,0.366453648
97_dat,2022/11/30,40,0.319888651
97_dat,2022/11/30,50,0.262838364
97_dat,2022/12/1,5,0.389477104
97_dat,2022/12/1,10,0.38918066
97_dat,2022/12/1,15,0.388855398
97_dat,2022/12/1,20,0.388353795
97_dat,2022/12/1,30,0.386142552
97_dat,2022/12/1,40,0.333813339
97_dat,2022/12/1,50,0.271625727
97_dat,2022/12/2,5,0.42886129
97_dat,2022/12/2,10,0.428435504
97_dat,2022/12/2,15,0.427973717
97_dat,2022/12/2,20,0.427262574
97_dat,2022/12/2,30,0.424368888
97_dat,2022/12/2,40,0.36285916
97_dat,2022/12/2,50,0.297498912
97_dat,2022/12/3,5,0.444429576
97_dat,2022/12/3,10,0.443864912
97_dat,2022/12/3,15,0.44324103
97_dat,2022/12/3,20,0.442275912
97_dat,2022/12/3,30,0.438561529
97_dat,2022/12/3,40,0.391389132
97_dat,2022/12/3,50,0.317067921
97_dat,2022/12/4,5,0.456425577
97_dat,2022/12/4,10,0.456019074
97_dat,2022/12/4,15,0.455557197
97_dat,2022/12/4,20,0.454831541
97_dat,2022/12/4,30,0.452032596
97_dat,2022/12/4,40,0.410402834
97_dat,2022/12/4,50,0.34830457
97_dat,2022/12/5,5,0.476321995
97_dat,2022/12/5,10,0.475641578
97_dat,2022/12/5,15,0.474893153
97_dat,2022/12/5,20,0.473741233
97_dat,2022/12/5,30,0.469948322
97_dat,2022/12/5,40,0.451553762
97_dat,2022/12/5,50,0.374004841
97_dat,2022/12/6,5,0.502063572
97_dat,2022/12/6,10,0.501381516
97_dat,2022/12/6,15,0.500652134
97_dat,2022/12/6,20,0.499543995
97_dat,2022/12/6,30,0.4959701
97_dat,2022/12/6,40,0.476526827
97_dat,2022/12/6,50,0.39820084
97_dat,2022/12/7,5,0.541853964
97_dat,2022/12/7,10,0.540948987
97_dat,2022/12/7,15,0.539979279
97_dat,2022/12/7,20,0.538508534
97_dat,2022/12/7,30,0.533990383
97_dat,2022/12/7,40,0.515736938
97_dat,2022/12/7,50,0.441263676
97_dat,2022/12/8,5,0.582618415
97_dat,2022/12/8,10,0.58189708
97_dat,2022/12/8,15,0.58112514
97_dat,2022/12/8,20,0.579957008
97_dat,2022/12/8,30,0.576451063
97_dat,2022/12/8,40,0.565375924
97_dat,2022/12/8,50,0.48751682
97_dat,2022/12/9,5,0.61617893
97_dat,2022/12/9,10,0.615180194
97_dat,2022/12/9,15,0.614123762
97_dat,2022/12/9,20,0.612537026
97_dat,2022/12/9,30,0.608070791
97_dat,2022/12/9,40,0.596528053
97_dat,2022/12/9,50,0.567989647
97_dat,2022/12/10,5,0.638244867
97_dat,2022/12/10,10,0.637419879
97_dat,2022/12/10,15,0.636546135
97_dat,2022/12/10,20,0.635224104
97_dat,2022/12/10,30,0.631576478
97_dat,2022/12/10,40,0.62351191
97_dat,2022/12/10,50,0.608653605
97_dat,2022/12/11,5,0.647016346
97_dat,2022/12/11,10,0.645943046
97_dat,2022/12/11,15,0.644785166
97_dat,2022/12/11,20,0.643013299
97_dat,2022/12/11,30,0.638227999
97_dat,2022/12/11,40,0.629649878
97_dat,2022/12/11,50,0.617463231
97_dat,2022/12/12,5,0.651593328
97_dat,2022/12/12,10,0.651117623
97_dat,2022/12/12,15,0.650563121
97_dat,2022/12/12,20,0.649641216
97_dat,2022/12/12,30,0.646505058
97_dat,2022/12/12,40,0.639625549
97_dat,2022/12/12,50,0.628631055
97_dat,2022/12/13,5,0.614870429
97_dat,2022/12/13,10,0.614171445
97_dat,2022/12/13,15,0.613414347
97_dat,2022/12/13,20,0.612250328
97_dat,2022/12/13,30,0.608650148
97_dat,2022/12/13,40,0.601956606
97_dat,2022/12/13,50,0.592129588
97_dat,2022/12/14,5,0.565854371
97_dat,2022/12/14,10,0.56534636
97_dat,2022/12/14,15,0.564792514
97_dat,2022/12/14,20,0.563955963
97_dat,2022/12/14,30,0.56173408
97_dat,2022/12/14,40,0.558606207
97_dat,2022/12/14,50,0.554938734
97_dat,2022/12/15,5,0.555566132
97_dat,2022/12/15,10,0.554989696
97_dat,2022/12/15,15,0.554367185
97_dat,2022/12/15,20,0.553437412
97_dat,2022/12/15,30,0.551059723
97_dat,2022/12/15,40,0.548186779
97_dat,2022/12/15,50,0.545231521
97_dat,2022/12/16,5,0.576793611
97_dat,2022/12/16,10,0.576394796
97_dat,2022/12/16,15,0.575985193
97_dat,2022/12/16,20,0.575400591
97_dat,2022/12/16,30,0.573984802
97_dat,2022/12/16,40,0.572402298
97_dat,2022/12/16,50,0.570854783
97_dat,2022/12/17,5,0.603332877
97_dat,2022/12/17,10,0.603011489
97_dat,2022/12/17,15,0.602682173
97_dat,2022/12/17,20,0.602204621
97_dat,2022/12/17,30,0.601027071
97_dat,2022/12/17,40,0.599687219
97_dat,2022/12/17,50,0.598346174
97_dat,2022/12/18,5,0.627919614
97_dat,2022/12/18,10,0.627532065
97_dat,2022/12/18,15,0.627149045
97_dat,2022/12/18,20,0.626616657
97_dat,2022/12/18,30,0.625380397
97_dat,2022/12/18,40,0.624008596
97_dat,2022/12/18,50,0.622625947
97_dat,2022/12/19,5,0.652252555
97_dat,2022/12/19,10,0.65187335
97_dat,2022/12/19,15,0.651508451
97_dat,2022/12/19,20,0.651008964
97_dat,2022/12/19,30,0.649842441
97_dat,2022/12/19,40,0.648543
97_dat,2022/12/19,50,0.647247195
97_dat,2022/12/20,5,0.665708184
97_dat,2022/12/20,10,0.665335178
97_dat,2022/12/20,15,0.664975464
97_dat,2022/12/20,20,0.664475024
97_dat,2022/12/20,30,0.663264513
97_dat,2022/12/20,40,0.66193074
97_dat,2022/12/20,50,0.660742462
97_dat,2022/12/21,5,0.667281747
97_dat,2022/12/21,10,0.667163372
97_dat,2022/12/21,15,0.667044699
97_dat,2022/12/21,20,0.666874468
97_dat,2022/12/21,30,0.666440845
97_dat,2022/12/21,40,0.665685296
97_dat,2022/12/21,50,0.663591444
97_dat,2022/12/22,5,0.632905781
97_dat,2022/12/22,10,0.632571697
97_dat,2022/12/22,15,0.632188082
97_dat,2022/12/22,20,0.631578803
97_dat,2022/12/22,30,0.629703939
97_dat,2022/12/22,40,0.625160396
97_dat,2022/12/22,50,0.616111577
97_dat,2022/12/23,5,0.593086362
97_dat,2022/12/23,10,0.592749417
97_dat,2022/12/23,15,0.592392087
97_dat,2022/12/23,20,0.591852009
97_dat,2022/12/23,30,0.590120673
97_dat,2022/12/23,40,0.586486399
97_dat,2022/12/23,50,0.577672839
97_dat,2022/12/24,5,0.594829321
97_dat,2022/12/24,10,0.594619989
97_dat,2022/12/24,15,0.594414532
97_dat,2022/12/24,20,0.594106555
97_dat,2022/12/24,30,0.593188763
97_dat,2022/12/24,40,0.591560662
97_dat,2022/12/24,50,0.588502705
97_dat,2022/12/25,5,0.613872647
97_dat,2022/12/25,10,0.613826036
97_dat,2022/12/25,15,0.613794565
97_dat,2022/12/25,20,0.613747537
97_dat,2022/12/25,30,0.613541722
97_dat,2022/12/25,40,0.613073945
97_dat,2022/12/25,50,0.612409413
97_dat,2022/12/26,5,0.629166901
97_dat,2022/12/26,10,0.629260004
97_dat,2022/12/26,15,0.62936151
97_dat,2022/12/26,20,0.629490733
97_dat,2022/12/26,30,0.629642785
97_dat,2022/12/26,40,0.629505634
97_dat,2022/12/26,50,0.629203916
97_dat,2022/12/27,5,0.635653198
97_dat,2022/12/27,10,0.635802686
97_dat,2022/12/27,15,0.635964453
97_dat,2022/12/27,20,0.636185765
97_dat,2022/12/27,30,0.636578441
97_dat,2022/12/27,40,0.636737347
97_dat,2022/12/27,50,0.636739314
97_dat,2022/12/28,5,0.619668961
97_dat,2022/12/28,10,0.619584024
97_dat,2022/12/28,15,0.619545937
97_dat,2022/12/28,20,0.619532943
97_dat,2022/12/28,30,0.619558454
97_dat,2022/12/28,40,0.619572639
97_dat,2022/12/28,50,0.619561851
97_dat,2022/12/29,5,0.604664803
97_dat,2022/12/29,10,0.604383767
97_dat,2022/12/29,15,0.604151905
97_dat,2022/12/29,20,0.603885233
97_dat,2022/12/29,30,0.603426516
97_dat,2022/12/29,40,0.60305649
97_dat,2022/12/29,50,0.602756202
97_dat,2022/12/30,5,0.5908916
97_dat,2022/12/30,10,0.59059906
97_dat,2022/12/30,15,0.590374887
97_dat,2022/12/30,20,0.590135813
97_dat,2022/12/30,30,0.589756429
97_dat,2022/12/30,40,0.589461029
97_dat,2022/12/30,50,0.589180827
97_dat,2022/12/31,5,0.569896102
97_dat,2022/12/31,10,0.569618583
97_dat,2022/12/31,15,0.56941241
97_dat,2022/12/31,20,0.569201887
97_dat,2022/12/31,30,0.568879068
97_dat,2022/12/31,40,0.568632364
97_dat,2022/12/31,50,0.568391204
97_dat,2023/1/1,5,0.57217288
97_dat,2023/1/1,10,0.571816802
97_dat,2023/1/1,15,0.571518481
97_dat,2023/1/1,20,0.571173131
97_dat,2023/1/1,30,0.570562005
97_dat,2023/1/1,40,0.570026278
97_dat,2023/1/1,50,0.56953311
97_dat,2023/1/2,5,0.586164653
97_dat,2023/1/2,10,0.585723579
97_dat,2023/1/2,15,0.585332215
97_dat,2023/1/2,20,0.584851861
97_dat,2023/1/2,30,0.583955348
97_dat,2023/1/2,40,0.583143234
97_dat,2023/1/2,50,0.582404137
97_dat,2023/1/3,5,0.598678052
97_dat,2023/1/3,10,0.598166823
97_dat,2023/1/3,15,0.597711861
97_dat,2023/1/3,20,0.597148359
97_dat,2023/1/3,30,0.596077263
97_dat,2023/1/3,40,0.59511286
97_dat,2023/1/3,50,0.594302237
97_dat,2023/1/4,5,0.609197199
97_dat,2023/1/4,10,0.608638525
97_dat,2023/1/4,15,0.608139932
97_dat,2023/1/4,20,0.607514441
97_dat,2023/1/4,30,0.606274664
97_dat,2023/1/4,40,0.605114341
97_dat,2023/1/4,50,0.604257405
97_dat,2023/1/5,5,0.618622899
97_dat,2023/1/5,10,0.61798048
97_dat,2023/1/5,15,0.617398918
97_dat,2023/1/5,20,0.616650879
97_dat,2023/1/5,30,0.615092397
97_dat,2023/1/5,40,0.613434374
97_dat,2023/1/5,50,0.612127721
97_dat,2023/1/6,5,0.629325151
97_dat,2023/1/6,10,0.628765643
97_dat,2023/1/6,15,0.628240585
97_dat,2023/1/6,20,0.627521694
97_dat,2023/1/6,30,0.625516295
97_dat,2023/1/6,40,0.618850052
97_dat,2023/1/6,50,0.606359541
97_dat,2023/1/7,5,0.650312483
97_dat,2023/1/7,10,0.64969933
97_dat,2023/1/7,15,0.64907968
97_dat,2023/1/7,20,0.648040652
97_dat,2023/1/7,30,0.633204997
97_dat,2023/1/7,40,0.593153775
97_dat,2023/1/7,50,0.556518912
97_dat,2023/1/8,5,0.683460832
97_dat,2023/1/8,10,0.682376385
97_dat,2023/1/8,15,0.6812433
97_dat,2023/1/8,20,0.67869103
97_dat,2023/1/8,30,0.605547547
97_dat,2023/1/8,40,0.526067436
97_dat,2023/1/8,50,0.493878782
97_dat,2023/1/9,5,0.709395587
97_dat,2023/1/9,10,0.707406282
97_dat,2023/1/9,15,0.705266595
97_dat,2023/1/9,20,0.700240672
97_dat,2023/1/9,30,0.565864086
97_dat,2023/1/9,40,0.467663497
97_dat,2023/1/9,50,0.43992582
97_dat,2023/1/10,5,0.711718619
97_dat,2023/1/10,10,0.709639013
97_dat,2023/1/10,15,0.707420528
97_dat,2023/1/10,20,0.703439295
97_dat,2023/1/10,30,0.594302893
97_dat,2023/1/10,40,0.454307407
97_dat,2023/1/10,50,0.423582166
97_dat,2023/1/11,5,0.733747959
97_dat,2023/1/11,10,0.731518626
97_dat,2023/1/11,15,0.729148209
97_dat,2023/1/11,20,0.725272298
97_dat,2023/1/11,30,0.642175138
97_dat,2023/1/11,40,0.451159328
97_dat,2023/1/11,50,0.423646241
97_dat,2023/1/12,5,0.774093747
97_dat,2023/1/12,10,0.771329165
97_dat,2023/1/12,15,0.767821372
97_dat,2023/1/12,20,0.755962849
97_dat,2023/1/12,30,0.631490767
97_dat,2023/1/12,40,0.471929699
97_dat,2023/1/12,50,0.418331832
97_dat,2023/1/13,5,0.814930975
97_dat,2023/1/13,10,0.808517158
97_dat,2023/1/13,15,0.787378848
97_dat,2023/1/13,20,0.719832003
97_dat,2023/1/13,30,0.613048792
97_dat,2023/1/13,40,0.509435058
97_dat,2023/1/13,50,0.448994845
97_dat,2023/1/14,5,0.798493445
97_dat,2023/1/14,10,0.790818453
97_dat,2023/1/14,15,0.726370633
97_dat,2023/1/14,20,0.636930406
97_dat,2023/1/14,30,0.596267998
97_dat,2023/1/14,40,0.556585193
97_dat,2023/1/14,50,0.476177722
97_dat,2023/1/15,5,0.728582978
97_dat,2023/1/15,10,0.722155571
97_dat,2023/1/15,15,0.660990059
97_dat,2023/1/15,20,0.592369676
97_dat,2023/1/15,30,0.569137573
97_dat,2023/1/15,40,0.550946116
97_dat,2023/1/15,50,0.493732959
97_dat,2023/1/16,5,0.661210299
97_dat,2023/1/16,10,0.657927454
97_dat,2023/1/16,15,0.648151398
97_dat,2023/1/16,20,0.605906785
97_dat,2023/1/16,30,0.545028567
97_dat,2023/1/16,40,0.533777654
97_dat,2023/1/16,50,0.489563763
97_dat,2023/1/17,5,0.646961987
97_dat,2023/1/17,10,0.644739151
97_dat,2023/1/17,15,0.642198443
97_dat,2023/1/17,20,0.636218667
97_dat,2023/1/17,30,0.540986776
97_dat,2023/1/17,40,0.530218959
97_dat,2023/1/17,50,0.487713724
97_dat,2023/1/18,5,0.670753598
97_dat,2023/1/18,10,0.669300795
97_dat,2023/1/18,15,0.667800486
97_dat,2023/1/18,20,0.664705694
97_dat,2023/1/18,30,0.556941628
97_dat,2023/1/18,40,0.543153167
97_dat,2023/1/18,50,0.496355414
97_dat,2023/1/19,5,0.703249574
97_dat,2023/1/19,10,0.701670706
97_dat,2023/1/19,15,0.699926674
97_dat,2023/1/19,20,0.695031345
97_dat,2023/1/19,30,0.581350744
97_dat,2023/1/19,40,0.560011446
97_dat,2023/1/19,50,0.515944123
97_dat,2023/1/20,5,0.727391124
97_dat,2023/1/20,10,0.725937724
97_dat,2023/1/20,15,0.724154651
97_dat,2023/1/20,20,0.716306865
97_dat,2023/1/20,30,0.609188378
97_dat,2023/1/20,40,0.582537174
97_dat,2023/1/20,50,0.535883486
97_dat,2023/1/21,5,0.754178703
97_dat,2023/1/21,10,0.752687335
97_dat,2023/1/21,15,0.751064122
97_dat,2023/1/21,20,0.748021603
97_dat,2023/1/21,30,0.685496569
97_dat,2023/1/21,40,0.589234889
97_dat,2023/1/21,50,0.559002399
97_dat,2023/1/22,5,0.789256334
97_dat,2023/1/22,10,0.78799957
97_dat,2023/1/22,15,0.786707163
97_dat,2023/1/22,20,0.784753859
97_dat,2023/1/22,30,0.77284658
97_dat,2023/1/22,40,0.642368615
97_dat,2023/1/22,50,0.585029423
97_dat,2023/1/23,5,0.807871342
97_dat,2023/1/23,10,0.806946754
97_dat,2023/1/23,15,0.805918515
97_dat,2023/1/23,20,0.804243445
97_dat,2023/1/23,30,0.791951895
97_dat,2023/1/23,40,0.664453447
97_dat,2023/1/23,50,0.605419934
97_dat,2023/1/24,5,0.776278198
97_dat,2023/1/24,10,0.774707735
97_dat,2023/1/24,15,0.772949457
97_dat,2023/1/24,20,0.770202041
97_dat,2023/1/24,30,0.759160638
97_dat,2023/1/24,40,0.708726764
97_dat,2023/1/24,50,0.658546269
97_dat,2023/1/25,5,0.732493162
97_dat,2023/1/25,10,0.7315678
97_dat,2023/1/25,15,0.730574369
97_dat,2023/1/25,20,0.729110003
97_dat,2023/1/25,30,0.725370526
97_dat,2023/1/25,40,0.720916986
97_dat,2023/1/25,50,0.717211843
97_dat,2023/1/26,5,0.737270534
97_dat,2023/1/26,10,0.736491024
97_dat,2023/1/26,15,0.735733092
97_dat,2023/1/26,20,0.734692276
97_dat,2023/1/26,30,0.732349813
97_dat,2023/1/26,40,0.730079412
97_dat,2023/1/26,50,0.728552163
97_dat,2023/1/27,5,0.75210005
97_dat,2023/1/27,10,0.751615763
97_dat,2023/1/27,15,0.751182675
97_dat,2023/1/27,20,0.750620663
97_dat,2023/1/27,30,0.749403417
97_dat,2023/1/27,40,0.748229384
97_dat,2023/1/27,50,0.747559249
97_dat,2023/1/28,5,0.776388168
97_dat,2023/1/28,10,0.775817752
97_dat,2023/1/28,15,0.775300384
97_dat,2023/1/28,20,0.774629176
97_dat,2023/1/28,30,0.773218572
97_dat,2023/1/28,40,0.771918535
97_dat,2023/1/28,50,0.771105349
97_dat,2023/1/29,5,0.80114758
97_dat,2023/1/29,10,0.80081749
97_dat,2023/1/29,15,0.800534427
97_dat,2023/1/29,20,0.800169945
97_dat,2023/1/29,30,0.799363077
97_dat,2023/1/29,40,0.798480093
97_dat,2023/1/29,50,0.797835469
97_dat,2023/1/30,5,0.822592258
97_dat,2023/1/30,10,0.822349489
97_dat,2023/1/30,15,0.822152913
97_dat,2023/1/30,20,0.821885943
97_dat,2023/1/30,30,0.821166754
97_dat,2023/1/30,40,0.819876432
97_dat,2023/1/30,50,0.818627059
97_dat,2023/1/31,5,0.831761599
97_dat,2023/1/31,10,0.831390977
97_dat,2023/1/31,15,0.831033468
97_dat,2023/1/31,20,0.830525994
97_dat,2023/1/31,30,0.829285443
97_dat,2023/1/31,40,0.827836514
97_dat,2023/1/31,50,0.826608419
97_dat,2023/2/1,5,0.803281426
97_dat,2023/2/1,10,0.803209186
97_dat,2023/2/1,15,0.803144932
97_dat,2023/2/1,20,0.803071916
97_dat,2023/2/1,30,0.803043842
97_dat,2023/2/1,40,0.802574813
97_dat,2023/2/1,50,0.801621377
97_dat,2023/2/2,5,0.783195555
97_dat,2023/2/2,10,0.782692969
97_dat,2023/2/2,15,0.782226205
97_dat,2023/2/2,20,0.781603038
97_dat,2023/2/2,30,0.780200005
97_dat,2023/2/2,40,0.778671563
97_dat,2023/2/2,50,0.777347147
97_dat,2023/2/3,5,0.785553753
97_dat,2023/2/3,10,0.785183966
97_dat,2023/2/3,15,0.78486371
97_dat,2023/2/3,20,0.784457445
97_dat,2023/2/3,30,0.783596516
97_dat,2023/2/3,40,0.782607973
97_dat,2023/2/3,50,0.781649053
97_dat,2023/2/4,5,0.77933979
97_dat,2023/2/4,10,0.77923584
97_dat,2023/2/4,15,0.779169023
97_dat,2023/2/4,20,0.7791031
97_dat,2023/2/4,30,0.779033065
97_dat,2023/2/4,40,0.778705895
97_dat,2023/2/4,50,0.778028727
97_dat,2023/2/5,5,0.776960135
97_dat,2023/2/5,10,0.776986957
97_dat,2023/2/5,15,0.777041316
97_dat,2023/2/5,20,0.777134478
97_dat,2023/2/5,30,0.777443588
97_dat,2023/2/5,40,0.7775141
97_dat,2023/2/5,50,0.777028918
97_dat,2023/2/6,5,0.782744169
97_dat,2023/2/6,10,0.782911956
97_dat,2023/2/6,15,0.783110797
97_dat,2023/2/6,20,0.783423722
97_dat,2023/2/6,30,0.784602404
97_dat,2023/2/6,40,0.785265088
97_dat,2023/2/6,50,0.785021007
97_dat,2023/2/7,5,0.788291514
97_dat,2023/2/7,10,0.788509667
97_dat,2023/2/7,15,0.788752556
97_dat,2023/2/7,20,0.789107025
97_dat,2023/2/7,30,0.79033041
97_dat,2023/2/7,40,0.790680766
97_dat,2023/2/7,50,0.790248096
97_dat,2023/2/8,5,0.78932637
97_dat,2023/2/8,10,0.789389193
97_dat,2023/2/8,15,0.789495528
97_dat,2023/2/8,20,0.789716721
97_dat,2023/2/8,30,0.79044354
97_dat,2023/2/8,40,0.790538132
97_dat,2023/2/8,50,0.790079653
97_dat,2023/2/9,5,0.787216663
97_dat,2023/2/9,10,0.787028968
97_dat,2023/2/9,15,0.786886811
97_dat,2023/2/9,20,0.786721051
97_dat,2023/2/9,30,0.786363125
97_dat,2023/2/9,40,0.785775423
97_dat,2023/2/9,50,0.785071015
97_dat,2023/2/10,5,0.759469271
97_dat,2023/2/10,10,0.759872139
97_dat,2023/2/10,15,0.760253847
97_dat,2023/2/10,20,0.760749459
97_dat,2023/2/10,30,0.762086987
97_dat,2023/2/10,40,0.76288414
97_dat,2023/2/10,50,0.762564957
97_dat,2023/2/11,5,0.731858492
97_dat,2023/2/11,10,0.732546508
97_dat,2023/2/11,15,0.73318851
97_dat,2023/2/11,20,0.734051108
97_dat,2023/2/11,30,0.737388611
97_dat,2023/2/11,40,0.73320514
97_dat,2023/2/11,50,0.717557728
97_dat,2023/2/12,5,0.723185658
97_dat,2023/2/12,10,0.722914934
97_dat,2023/2/12,15,0.722584665
97_dat,2023/2/12,20,0.721958995
97_dat,2023/2/12,30,0.716516912
97_dat,2023/2/12,40,0.682611823
97_dat,2023/2/12,50,0.661111772
97_dat,2023/2/13,5,0.720624685
97_dat,2023/2/13,10,0.718891084
97_dat,2023/2/13,15,0.716625452
97_dat,2023/2/13,20,0.712321818
97_dat,2023/2/13,30,0.688324571
97_dat,2023/2/13,40,0.643944323
97_dat,2023/2/13,50,0.61065948
97_dat,2023/2/14,5,0.699094892
97_dat,2023/2/14,10,0.697287261
97_dat,2023/2/14,15,0.695330083
97_dat,2023/2/14,20,0.691960871
97_dat,2023/2/14,30,0.677790463
97_dat,2023/2/14,40,0.653388023
97_dat,2023/2/14,50,0.627990305
97_dat,2023/2/15,5,0.680786192
97_dat,2023/2/15,10,0.680309713
97_dat,2023/2/15,15,0.67979902
97_dat,2023/2/15,20,0.678973079
97_dat,2023/2/15,30,0.675949931
97_dat,2023/2/15,40,0.670854032
97_dat,2023/2/15,50,0.664843917
97_dat,2023/2/16,5,0.675267756
97_dat,2023/2/16,10,0.675199926
97_dat,2023/2/16,15,0.675145566
97_dat,2023/2/16,20,0.67506063
97_dat,2023/2/16,30,0.674741745
97_dat,2023/2/16,40,0.674152195
97_dat,2023/2/16,50,0.673356175
97_dat,2023/2/17,5,0.676137269
97_dat,2023/2/17,10,0.676454782
97_dat,2023/2/17,15,0.67685926
97_dat,2023/2/17,20,0.677559316
97_dat,2023/2/17,30,0.679826915
97_dat,2023/2/17,40,0.681806803
97_dat,2023/2/17,50,0.682255149
97_dat,2023/2/18,5,0.695814013
97_dat,2023/2/18,10,0.69639039
97_dat,2023/2/18,15,0.69713068
97_dat,2023/2/18,20,0.698291183
97_dat,2023/2/18,30,0.701291502
97_dat,2023/2/18,40,0.702613294
97_dat,2023/2/18,50,0.699244142
97_dat,2023/2/19,5,0.701278448
97_dat,2023/2/19,10,0.701158702
97_dat,2023/2/19,15,0.700857759
97_dat,2023/2/19,20,0.699907303
97_dat,2023/2/19,30,0.694008768
97_dat,2023/2/19,40,0.676012218
97_dat,2023/2/19,50,0.653012097
97_dat,2023/2/20,5,0.680609822
97_dat,2023/2/20,10,0.679671705
97_dat,2023/2/20,15,0.678676903
97_dat,2023/2/20,20,0.677172184
97_dat,2023/2/20,30,0.673081338
97_dat,2023/2/20,40,0.665896297
97_dat,2023/2/20,50,0.65255034
97_dat,2023/2/21,5,0.696088076
97_dat,2023/2/21,10,0.695945382
97_dat,2023/2/21,15,0.695774674
97_dat,2023/2/21,20,0.695416033
97_dat,2023/2/21,30,0.694136381
97_dat,2023/2/21,40,0.691920459
97_dat,2023/2/21,50,0.689112365
97_dat,2023/2/22,5,0.710697234
97_dat,2023/2/22,10,0.710538149
97_dat,2023/2/22,15,0.710368037
97_dat,2023/2/22,20,0.710071087
97_dat,2023/2/22,30,0.709151924
97_dat,2023/2/22,40,0.707997143
97_dat,2023/2/22,50,0.706612051
97_dat,2023/2/23,5,0.708523154
97_dat,2023/2/23,10,0.708747149
97_dat,2023/2/23,15,0.708961487
97_dat,2023/2/23,20,0.709198296
97_dat,2023/2/23,30,0.708937705
97_dat,2023/2/23,40,0.705952764
97_dat,2023/2/23,50,0.697682559
97_dat,2023/2/24,5,0.727541029
97_dat,2023/2/24,10,0.727013648
97_dat,2023/2/24,15,0.726226807
97_dat,2023/2/24,20,0.724453688
97_dat,2023/2/24,30,0.713597059
97_dat,2023/2/24,40,0.680174768
97_dat,2023/2/24,50,0.645221412
97_dat,2023/2/25,5,0.72425586
97_dat,2023/2/25,10,0.722736478
97_dat,2023/2/25,15,0.721075475
97_dat,2023/2/25,20,0.718510926
97_dat,2023/2/25,30,0.711259425
97_dat,2023/2/25,40,0.696836174
97_dat,2023/2/25,50,0.673173368
97_dat,2023/2/26,5,0.731730998
97_dat,2023/2/26,10,0.731243312
97_dat,2023/2/26,15,0.730761588
97_dat,2023/2/26,20,0.730063856
97_dat,2023/2/26,30,0.72823751
97_dat,2023/2/26,40,0.725748837
97_dat,2023/2/26,50,0.722793877
97_dat,2023/2/27,5,0.761312008
97_dat,2023/2/27,10,0.761372447
97_dat,2023/2/27,15,0.761449158
97_dat,2023/2/27,20,0.761560977
97_dat,2023/2/27,30,0.761715531
97_dat,2023/2/27,40,0.761661053
97_dat,2023/2/27,50,0.761461139
97_dat,2023/2/28,5,0.794529676
97_dat,2023/2/28,10,0.794781744
97_dat,2023/2/28,15,0.795068204
97_dat,2023/2/28,20,0.795479596
97_dat,2023/2/28,30,0.796214342
97_dat,2023/2/28,40,0.796025455
97_dat,2023/2/28,50,0.793194711
97_dat,2023/3/1,5,0.83892411
97_dat,2023/3/1,10,0.838595808
97_dat,2023/3/1,15,0.837977409
97_dat,2023/3/1,20,0.836290836
97_dat,2023/3/1,30,0.821881413
97_dat,2023/3/1,40,0.783574402
97_dat,2023/3/1,50,0.75296998
97_dat,2023/3/2,5,0.871279299
97_dat,2023/3/2,10,0.868802071
97_dat,2023/3/2,15,0.86542207
97_dat,2023/3/2,20,0.858907163
97_dat,2023/3/2,30,0.831179142
97_dat,2023/3/2,40,0.783395767
97_dat,2023/3/2,50,0.737405717
97_dat,2023/3/3,5,0.872570634
97_dat,2023/3/3,10,0.870807409
97_dat,2023/3/3,15,0.868628263
97_dat,2023/3/3,20,0.864457965
97_dat,2023/3/3,30,0.849218249
97_dat,2023/3/3,40,0.827235937
97_dat,2023/3/3,50,0.808681965
97_dat,2023/3/4,5,0.888757885
97_dat,2023/3/4,10,0.887997508
97_dat,2023/3/4,15,0.887005389
97_dat,2023/3/4,20,0.885101616
97_dat,2023/3/4,30,0.878206313
97_dat,2023/3/4,40,0.868586242
97_dat,2023/3/4,50,0.860423923
97_dat,2023/3/5,5,0.930474222
97_dat,2023/3/5,10,0.930202425
97_dat,2023/3/5,15,0.92971158
97_dat,2023/3/5,20,0.928512812
97_dat,2023/3/5,30,0.921848774
97_dat,2023/3/5,40,0.906118214
97_dat,2023/3/5,50,0.88851285
97_dat,2023/3/6,5,0.977426946
97_dat,2023/3/6,10,0.976915538
97_dat,2023/3/6,15,0.976019621
97_dat,2023/3/6,20,0.973892331
97_dat,2023/3/6,30,0.961574078
97_dat,2023/3/6,40,0.927590191
97_dat,2023/3/6,50,0.888214767
97_dat,2023/3/7,5,1.03509593
97_dat,2023/3/7,10,1.034029365
97_dat,2023/3/7,15,1.032233834
97_dat,2023/3/7,20,1.027885318
97_dat,2023/3/7,30,0.997179151
97_dat,2023/3/7,40,0.887732148
97_dat,2023/3/7,50,0.810796976
97_dat,2023/3/8,5,1.08846581
97_dat,2023/3/8,10,1.084171534
97_dat,2023/3/8,15,1.078249931
97_dat,2023/3/8,20,1.066267133
97_dat,2023/3/8,30,1.005731463
97_dat,2023/3/8,40,0.871622145
97_dat,2023/3/8,50,0.772037625
97_dat,2023/3/9,5,1.076554179
97_dat,2023/3/9,10,1.073101878
97_dat,2023/3/9,15,1.068467379
97_dat,2023/3/9,20,1.05932188
97_dat,2023/3/9,30,1.01712811
97_dat,2023/3/9,40,0.922147632
97_dat,2023/3/9,50,0.831931829
97_dat,2023/3/10,5,1.09159863
97_dat,2023/3/10,10,1.088605762
97_dat,2023/3/10,15,1.084500909
97_dat,2023/3/10,20,1.076567888
97_dat,2023/3/10,30,1.041373134
97_dat,2023/3/10,40,0.934898257
97_dat,2023/3/10,50,0.834810972
97_dat,2023/3/11,5,1.178479195
97_dat,2023/3/11,10,1.173358798
97_dat,2023/3/11,15,1.165572286
97_dat,2023/3/11,20,1.148488164
97_dat,2023/3/11,30,1.055266142
97_dat,2023/3/11,40,0.87654072
97_dat,2023/3/11,50,0.784486711
97_dat,2023/3/12,5,1.185777068
97_dat,2023/3/12,10,1.180917501
97_dat,2023/3/12,15,1.173612356
97_dat,2023/3/12,20,1.159790397
97_dat,2023/3/12,30,1.10163188
97_dat,2023/3/12,40,0.97644788
97_dat,2023/3/12,50,0.843030393
97_dat,2023/3/13,5,1.113422513
97_dat,2023/3/13,10,1.111020923
97_dat,2023/3/13,15,1.107908607
97_dat,2023/3/13,20,1.102544665
97_dat,2023/3/13,30,1.083655953
97_dat,2023/3/13,40,1.033130288
97_dat,2023/3/13,50,0.955829918
97_dat,2023/3/14,5,1.161648154
97_dat,2023/3/14,10,1.159277201
97_dat,2023/3/14,15,1.155809402
97_dat,2023/3/14,20,1.148199201
97_dat,2023/3/14,30,1.099706292
97_dat,2023/3/14,40,0.997930646
97_dat,2023/3/14,50,0.902074099
97_dat,2023/3/15,5,1.289826155
97_dat,2023/3/15,10,1.283930898
97_dat,2023/3/15,15,1.275631905
97_dat,2023/3/15,20,1.258357286
97_dat,2023/3/15,30,1.17580843
97_dat,2023/3/15,40,0.993355215
97_dat,2023/3/15,50,0.866294265
97_dat,2023/3/16,5,1.313017845
97_dat,2023/3/16,10,1.304729819
97_dat,2023/3/16,15,1.294893503
97_dat,2023/3/16,20,1.278231859
97_dat,2023/3/16,30,1.224053741
97_dat,2023/3/16,40,1.121989846
97_dat,2023/3/16,50,0.9979375
97_dat,2023/3/17,5,1.33012569
97_dat,2023/3/17,10,1.326368451
97_dat,2023/3/17,15,1.32163918
97_dat,2023/3/17,20,1.31341517
97_dat,2023/3/17,30,1.28630662
97_dat,2023/3/17,40,1.230957627
97_dat,2023/3/17,50,1.158891678
97_dat,2023/3/18,5,1.472414136
97_dat,2023/3/18,10,1.469955564
97_dat,2023/3/18,15,1.46642673
97_dat,2023/3/18,20,1.458921432
97_dat,2023/3/18,30,1.416098952
97_dat,2023/3/18,40,1.279655933
97_dat,2023/3/18,50,1.168381214
97_dat,2023/3/19,5,1.663684368
97_dat,2023/3/19,10,1.65929234
97_dat,2023/3/19,15,1.652817607
97_dat,2023/3/19,20,1.638350487
97_dat,2023/3/19,30,1.55096817
97_dat,2023/3/19,40,1.287353158
97_dat,2023/3/19,50,1.107486367
97_dat,2023/3/20,5,1.878384948
97_dat,2023/3/20,10,1.873908043
97_dat,2023/3/20,15,1.864710689
97_dat,2023/3/20,20,1.819181204
97_dat,2023/3/20,30,1.583390832
97_dat,2023/3/20,40,1.244045258
97_dat,2023/3/20,50,1.032843947
97_dat,2023/3/21,5,2.0974648
97_dat,2023/3/21,10,2.099802256
97_dat,2023/3/21,15,2.0944767
97_dat,2023/3/21,20,1.937186241
97_dat,2023/3/21,30,1.457040668
97_dat,2023/3/21,40,1.060531735
97_dat,2023/3/21,50,0.872028649
97_dat,2023/3/22,5,2.275708437
97_dat,2023/3/22,10,2.295111656
97_dat,2023/3/22,15,2.2854321
97_dat,2023/3/22,20,1.980303288
97_dat,2023/3/22,30,1.285453677
97_dat,2023/3/22,40,0.894959807
97_dat,2023/3/22,50,0.740676105
97_dat,2023/3/23,5,2.397843838
97_dat,2023/3/23,10,2.410484791
97_dat,2023/3/23,15,2.353681564
97_dat,2023/3/23,20,1.966139674
97_dat,2023/3/23,30,1.131378174
97_dat,2023/3/23,40,0.762919843
97_dat,2023/3/23,50,0.631285667
97_dat,2023/3/24,5,2.360540867
97_dat,2023/3/24,10,2.351511955
97_dat,2023/3/24,15,2.323360682
97_dat,2023/3/24,20,2.066622734
97_dat,2023/3/24,30,1.033906221
97_dat,2023/3/24,40,0.643854856
97_dat,2023/3/24,50,0.536042988
97_dat,2023/3/25,5,2.319897413
97_dat,2023/3/25,10,2.316783667
97_dat,2023/3/25,15,2.302624226
97_dat,2023/3/25,20,2.11585331
97_dat,2023/3/25,30,0.981669486
97_dat,2023/3/25,40,0.540856898
97_dat,2023/3/25,50,0.451188028
97_dat,2023/3/26,5,2.232683659
97_dat,2023/3/26,10,2.217369318
97_dat,2023/3/26,15,2.175409555
97_dat,2023/3/26,20,1.982632637
97_dat,2023/3/26,30,0.963110447
97_dat,2023/3/26,40,0.480833948
97_dat,2023/3/26,50,0.382032961
97_dat,2023/3/27,5,2.101423025
97_dat,2023/3/27,10,2.092866421
97_dat,2023/3/27,15,2.074158907
97_dat,2023/3/27,20,1.98525238
97_dat,2023/3/27,30,0.983026624
97_dat,2023/3/27,40,0.426681817
97_dat,2023/3/27,50,0.323851138
97_dat,2023/3/28,5,2.026523352
97_dat,2023/3/28,10,2.033410549
97_dat,2023/3/28,15,2.045483351
97_dat,2023/3/28,20,1.980370879
97_dat,2023/3/28,30,0.930463552
97_dat,2023/3/28,40,0.351045519
97_dat,2023/3/28,50,0.276293635
97_dat,2023/3/29,5,1.931842923
97_dat,2023/3/29,10,1.983621597
97_dat,2023/3/29,15,2.058195114
97_dat,2023/3/29,20,1.946421146
97_dat,2023/3/29,30,0.80055809
97_dat,2023/3/29,40,0.293884069
97_dat,2023/3/29,50,0.241398007
97_dat,2023/3/30,5,1.81697607
97_dat,2023/3/30,10,1.887419462
97_dat,2023/3/30,15,2.009740829
97_dat,2023/3/30,20,1.889200211
97_dat,2023/3/30,30,0.678693652
97_dat,2023/3/30,40,0.254007459
97_dat,2023/3/30,50,0.214655265
97_dat,2023/3/31,5,1.698809385
97_dat,2023/3/31,10,1.765748143
97_dat,2023/3/31,15,1.887596846
97_dat,2023/3/31,20,1.840833068
97_dat,2023/3/31,30,0.581373811
97_dat,2023/3/31,40,0.225095645
97_dat,2023/3/31,50,0.193675414
97_dat,2023/4/1,5,1.622691631
97_dat,2023/4/1,10,1.645751357
97_dat,2023/4/1,15,1.695575356
97_dat,2023/4/1,20,1.810401917
97_dat,2023/4/1,30,0.52367276
97_dat,2023/4/1,40,0.206226811
97_dat,2023/4/1,50,0.177472711
97_dat,2023/4/2,5,1.525789142
97_dat,2023/4/2,10,1.560822725
97_dat,2023/4/2,15,1.648046136
97_dat,2023/4/2,20,1.779209733
97_dat,2023/4/2,30,0.482045323
97_dat,2023/4/2,40,0.19387421
97_dat,2023/4/2,50,0.165352255
97_dat,2023/4/3,5,1.370229125
97_dat,2023/4/3,10,1.455558538
97_dat,2023/4/3,15,1.677413106
97_dat,2023/4/3,20,1.814184189
97_dat,2023/4/3,30,0.442299008
97_dat,2023/4/3,40,0.183998048
97_dat,2023/4/3,50,0.156441584
97_dat,2023/4/4,5,1.264067292
97_dat,2023/4/4,10,1.330213428
97_dat,2023/4/4,15,1.5871315
97_dat,2023/4/4,20,1.804127455
97_dat,2023/4/4,30,0.427844673
97_dat,2023/4/4,40,0.175847828
97_dat,2023/4/4,50,0.149411485
97_dat,2023/4/5,5,1.165441871
97_dat,2023/4/5,10,1.246176243
97_dat,2023/4/5,15,1.515745997
97_dat,2023/4/5,20,1.743754745
97_dat,2023/4/5,30,0.405045569
97_dat,2023/4/5,40,0.168066084
97_dat,2023/4/5,50,0.143160775
97_dat,2023/4/6,5,1.068987608
97_dat,2023/4/6,10,1.18590486
97_dat,2023/4/6,15,1.42893827
97_dat,2023/4/6,20,1.585195184
97_dat,2023/4/6,30,0.367490858
97_dat,2023/4/6,40,0.159802586
97_dat,2023/4/6,50,0.136537388
97_dat,2023/4/7,5,1.01288712
97_dat,2023/4/7,10,1.151027679
97_dat,2023/4/7,15,1.323594928
97_dat,2023/4/7,20,1.379543304
97_dat,2023/4/7,30,0.333251655
97_dat,2023/4/7,40,0.150599226
97_dat,2023/4/7,50,0.129545972
97_dat,2023/4/8,5,0.97851342
97_dat,2023/4/8,10,1.130505204
97_dat,2023/4/8,15,1.36370492
97_dat,2023/4/8,20,1.350404263
97_dat,2023/4/8,30,0.320592284
97_dat,2023/4/8,40,0.146935523
97_dat,2023/4/8,50,0.127100781
97_dat,2023/4/9,5,0.990801573
97_dat,2023/4/9,10,1.047428846
97_dat,2023/4/9,15,1.356913209
97_dat,2023/4/9,20,1.447543502
97_dat,2023/4/9,30,0.332990915
97_dat,2023/4/9,40,0.149214357
97_dat,2023/4/9,50,0.128985569
97_dat,2023/4/10,5,0.982868135
97_dat,2023/4/10,10,1.048970699
97_dat,2023/4/10,15,1.329058647
97_dat,2023/4/10,20,1.498431087
97_dat,2023/4/10,30,0.34925127
97_dat,2023/4/10,40,0.151902243
97_dat,2023/4/10,50,0.131622985
97_dat,2023/4/11,5,0.954723299
97_dat,2023/4/11,10,1.042775989
97_dat,2023/4/11,15,1.299274206
97_dat,2023/4/11,20,1.472370625
97_dat,2023/4/11,30,0.357783705
97_dat,2023/4/11,40,0.153171808
97_dat,2023/4/11,50,0.134387866
97_dat,2023/4/12,5,0.96317482
97_dat,2023/4/12,10,1.013976216
97_dat,2023/4/12,15,1.240700006
97_dat,2023/4/12,20,1.440891623
97_dat,2023/4/12,30,0.368118316
97_dat,2023/4/12,40,0.15591535
97_dat,2023/4/12,50,0.137915686
97_dat,2023/4/13,5,0.966214895
97_dat,2023/4/13,10,0.999400973
97_dat,2023/4/13,15,1.201984882
97_dat,2023/4/13,20,1.46649003
97_dat,2023/4/13,30,0.382233679
97_dat,2023/4/13,40,0.160935014
97_dat,2023/4/13,50,0.14264521
97_dat,2023/4/14,5,0.935601592
97_dat,2023/4/14,10,0.986582994
97_dat,2023/4/14,15,1.219536662
97_dat,2023/4/14,20,1.54418242
97_dat,2023/4/14,30,0.399419248
97_dat,2023/4/14,40,0.166798964
97_dat,2023/4/14,50,0.146911532
97_dat,2023/4/15,5,0.91506809
97_dat,2023/4/15,10,0.971328974
97_dat,2023/4/15,15,1.202094436
97_dat,2023/4/15,20,1.60218823
97_dat,2023/4/15,30,0.426754415
97_dat,2023/4/15,40,0.173563644
97_dat,2023/4/15,50,0.149251401
97_dat,2023/4/16,5,0.955751479
97_dat,2023/4/16,10,0.985324025
97_dat,2023/4/16,15,1.107763886
97_dat,2023/4/16,20,1.432888269
97_dat,2023/4/16,30,0.444144696
97_dat,2023/4/16,40,0.175190642
97_dat,2023/4/16,50,0.148053154
97_dat,2023/4/17,5,1.035823226
97_dat,2023/4/17,10,1.039490342
97_dat,2023/4/17,15,1.063261032
97_dat,2023/4/17,20,1.304981709
97_dat,2023/4/17,30,0.495488554
97_dat,2023/4/17,40,0.176262841
97_dat,2023/4/17,50,0.146459699
97_dat,2023/4/18,5,1.064507604
97_dat,2023/4/18,10,1.074944258
97_dat,2023/4/18,15,1.115341902
97_dat,2023/4/18,20,1.378479362
97_dat,2023/4/18,30,0.539721429
97_dat,2023/4/18,40,0.181832686
97_dat,2023/4/18,50,0.148458079
97_dat,2023/4/19,5,1.03269136
97_dat,2023/4/19,10,1.080683112
97_dat,2023/4/19,15,1.175652623
97_dat,2023/4/19,20,1.432786226
97_dat,2023/4/19,30,0.534817219
97_dat,2023/4/19,40,0.186051205
97_dat,2023/4/19,50,0.150838166
97_dat,2023/4/20,5,0.984488487
97_dat,2023/4/20,10,1.044556618
97_dat,2023/4/20,15,1.172627091
97_dat,2023/4/20,20,1.399465084
97_dat,2023/4/20,30,0.512500226
97_dat,2023/4/20,40,0.187986001
97_dat,2023/4/20,50,0.151907995
97_dat,2023/4/21,5,0.981889546
97_dat,2023/4/21,10,0.998170376
97_dat,2023/4/21,15,1.104670405
97_dat,2023/4/21,20,1.37120688
97_dat,2023/4/21,30,0.528339982
97_dat,2023/4/21,40,0.191662028
97_dat,2023/4/21,50,0.154023573
97_dat,2023/4/22,5,0.995342195
97_dat,2023/4/22,10,1.000601888
97_dat,2023/4/22,15,1.056122422
97_dat,2023/4/22,20,1.295274496
97_dat,2023/4/22,30,0.597569406
97_dat,2023/4/22,40,0.202203214
97_dat,2023/4/22,50,0.157976806
97_dat,2023/4/23,5,1.00594306
97_dat,2023/4/23,10,1.009442091
97_dat,2023/4/23,15,1.028413057
97_dat,2023/4/23,20,1.216394901
97_dat,2023/4/23,30,0.669349372
97_dat,2023/4/23,40,0.217335075
97_dat,2023/4/23,50,0.163345799
97_dat,2023/4/24,5,0.999034822
97_dat,2023/4/24,10,1.004119873
97_dat,2023/4/24,15,1.019515991
97_dat,2023/4/24,20,1.164637089
97_dat,2023/4/24,30,0.726928532
97_dat,2023/4/24,40,0.231763467
97_dat,2023/4/24,50,0.169840559
97_dat,2023/4/25,5,0.961292744
97_dat,2023/4/25,10,0.974618435
97_dat,2023/4/25,15,1.005504966
97_dat,2023/4/25,20,1.14794147
97_dat,2023/4/25,30,0.74404037
97_dat,2023/4/25,40,0.2326985
97_dat,2023/4/25,50,0.174414724
97_dat,2023/4/26,5,0.893548429
97_dat,2023/4/26,10,0.917475224
97_dat,2023/4/26,15,0.973800182
97_dat,2023/4/26,20,1.129231811
97_dat,2023/4/26,30,0.705693781
97_dat,2023/4/26,40,0.224226221
97_dat,2023/4/26,50,0.173425376
97_dat,2023/4/27,5,0.852626622
97_dat,2023/4/27,10,0.864535391
97_dat,2023/4/27,15,0.933316112
97_dat,2023/4/27,20,1.13935554
97_dat,2023/4/27,30,0.675330162
97_dat,2023/4/27,40,0.223491818
97_dat,2023/4/27,50,0.174022019
97_dat,2023/4/28,5,0.78593421
97_dat,2023/4/28,10,0.81007427
97_dat,2023/4/28,15,0.906154752
97_dat,2023/4/28,20,1.147814751
97_dat,2023/4/28,30,0.665091574
97_dat,2023/4/28,40,0.229130685
97_dat,2023/4/28,50,0.178070188
97_dat,2023/4/29,5,0.699929714
97_dat,2023/4/29,10,0.742524445
97_dat,2023/4/29,15,0.870131552
97_dat,2023/4/29,20,1.155024052
97_dat,2023/4/29,30,0.649095774
97_dat,2023/4/29,40,0.229626447
97_dat,2023/4/29,50,0.180515096
97_dat,2023/4/30,5,0.626751065
97_dat,2023/4/30,10,0.684527338
97_dat,2023/4/30,15,0.8449651
97_dat,2023/4/30,20,1.158639193
97_dat,2023/4/30,30,0.64988786
97_dat,2023/4/30,40,0.231638148
97_dat,2023/4/30,50,0.183485031
97_dat,2023/5/1,5,0.557885468
97_dat,2023/5/1,10,0.636662722
97_dat,2023/5/1,15,0.831944585
97_dat,2023/5/1,20,1.182517886
97_dat,2023/5/1,30,0.658958197
97_dat,2023/5/1,40,0.238706768
97_dat,2023/5/1,50,0.189486787
97_dat,2023/5/2,5,0.500838101
97_dat,2023/5/2,10,0.586553156
97_dat,2023/5/2,15,0.802466631
97_dat,2023/5/2,20,1.209504008
97_dat,2023/5/2,30,0.67540735
97_dat,2023/5/2,40,0.24922435
97_dat,2023/5/2,50,0.197740301
97_dat,2023/5/3,5,0.458660245
97_dat,2023/5/3,10,0.543051481
97_dat,2023/5/3,15,0.758348882
97_dat,2023/5/3,20,1.196593404
97_dat,2023/5/3,30,0.699211538
97_dat,2023/5/3,40,0.258534491
97_dat,2023/5/3,50,0.205328688
97_dat,2023/5/4,5,0.427203715
97_dat,2023/5/4,10,0.511010885
97_dat,2023/5/4,15,0.718912005
97_dat,2023/5/4,20,1.182673216
97_dat,2023/5/4,30,0.715128779
97_dat,2023/5/4,40,0.265307844
97_dat,2023/5/4,50,0.211376965
97_dat,2023/5/5,5,0.398751915
97_dat,2023/5/5,10,0.473471522
97_dat,2023/5/5,15,0.685805976
97_dat,2023/5/5,20,1.203988433
97_dat,2023/5/5,30,0.712619901
97_dat,2023/5/5,40,0.26987642
97_dat,2023/5/5,50,0.215462282
97_dat,2023/5/6,5,0.371940464
97_dat,2023/5/6,10,0.438953936
97_dat,2023/5/6,15,0.666362405
97_dat,2023/5/6,20,1.222887278
97_dat,2023/5/6,30,0.688307285
97_dat,2023/5/6,40,0.269536912
97_dat,2023/5/6,50,0.215447605
97_dat,2023/5/7,5,0.364071131
97_dat,2023/5/7,10,0.418575376
97_dat,2023/5/7,15,0.658527911
97_dat,2023/5/7,20,1.24758184
97_dat,2023/5/7,30,0.685436785
97_dat,2023/5/7,40,0.273304492
97_dat,2023/5/7,50,0.217629343
97_dat,2023/5/8,5,0.364291668
97_dat,2023/5/8,10,0.405035198
97_dat,2023/5/8,15,0.6426934
97_dat,2023/5/8,20,1.259877801
97_dat,2023/5/8,30,0.701481581
97_dat,2023/5/8,40,0.280268401
97_dat,2023/5/8,50,0.2222213
97_dat,2023/5/9,5,0.355153978
97_dat,2023/5/9,10,0.400039256
97_dat,2023/5/9,15,0.642113864
97_dat,2023/5/9,20,1.275419116
97_dat,2023/5/9,30,0.705341399
97_dat,2023/5/9,40,0.285370529
97_dat,2023/5/9,50,0.225772843
97_dat,2023/5/10,5,0.338230759
97_dat,2023/5/10,10,0.388109356
97_dat,2023/5/10,15,0.641945481
97_dat,2023/5/10,20,1.32015872
97_dat,2023/5/10,30,0.734140158
97_dat,2023/5/10,40,0.298874974
97_dat,2023/5/10,50,0.234500736
97_dat,2023/5/11,5,0.32034567
97_dat,2023/5/11,10,0.374246299
97_dat,2023/5/11,15,0.632213116
97_dat,2023/5/11,20,1.349407792
97_dat,2023/5/11,30,0.806890607
97_dat,2023/5/11,40,0.321443558
97_dat,2023/5/11,50,0.247543886
97_dat,2023/5/12,5,0.306052387
97_dat,2023/5/12,10,0.354456097
97_dat,2023/5/12,15,0.605112255
97_dat,2023/5/12,20,1.33680582
97_dat,2023/5/12,30,0.87665391
97_dat,2023/5/12,40,0.340060055
97_dat,2023/5/12,50,0.257543802
97_dat,2023/5/13,5,0.297967583
97_dat,2023/5/13,10,0.328426301
97_dat,2023/5/13,15,0.567067146
97_dat,2023/5/13,20,1.314560294
97_dat,2023/5/13,30,0.935695648
97_dat,2023/5/13,40,0.354885489
97_dat,2023/5/13,50,0.265670836
97_dat,2023/5/14,5,0.296340257
97_dat,2023/5/14,10,0.314678341
97_dat,2023/5/14,15,0.539540827
97_dat,2023/5/14,20,1.275541663
97_dat,2023/5/14,30,1.018244624
97_dat,2023/5/14,40,0.370230079
97_dat,2023/5/14,50,0.273840517
97_dat,2023/5/15,5,0.299836487
97_dat,2023/5/15,10,0.321420491
97_dat,2023/5/15,15,0.549666703
97_dat,2023/5/15,20,1.254456758
97_dat,2023/5/15,30,1.081307173
97_dat,2023/5/15,40,0.378155798
97_dat,2023/5/15,50,0.27663213
97_dat,2023/5/16,5,0.304396003
97_dat,2023/5/16,10,0.332365334
97_dat,2023/5/16,15,0.5683496
97_dat,2023/5/16,20,1.249425888
97_dat,2023/5/16,30,1.140978694
97_dat,2023/5/16,40,0.387565345
97_dat,2023/5/16,50,0.278964281
97_dat,2023/5/17,5,0.300019562
97_dat,2023/5/17,10,0.32961449
97_dat,2023/5/17,15,0.565623879
97_dat,2023/5/17,20,1.241714716
97_dat,2023/5/17,30,1.240807533
97_dat,2023/5/17,40,0.407069683
97_dat,2023/5/17,50,0.286291271
97_dat,2023/5/18,5,0.288945645
97_dat,2023/5/18,10,0.314165533
97_dat,2023/5/18,15,0.539950013
97_dat,2023/5/18,20,1.221987605
97_dat,2023/5/18,30,1.326921225
97_dat,2023/5/18,40,0.427405536
97_dat,2023/5/18,50,0.294708222
97_dat,2023/5/19,5,0.282229096
97_dat,2023/5/19,10,0.300304204
97_dat,2023/5/19,15,0.513992906
97_dat,2023/5/19,20,1.177556515
97_dat,2023/5/19,30,1.376907706
97_dat,2023/5/19,40,0.443915993
97_dat,2023/5/19,50,0.299948305
97_dat,2023/5/20,5,0.299975157
97_dat,2023/5/20,10,0.320604056
97_dat,2023/5/20,15,0.535929263
97_dat,2023/5/20,20,1.169263721
97_dat,2023/5/20,30,1.449930668
97_dat,2023/5/20,40,0.477022201
97_dat,2023/5/20,50,0.309213907
97_dat,2023/5/21,5,0.308068961
97_dat,2023/5/21,10,0.34535259
97_dat,2023/5/21,15,0.568721056
97_dat,2023/5/21,20,1.157736778
97_dat,2023/5/21,30,1.455928922
97_dat,2023/5/21,40,0.506193042
97_dat,2023/5/21,50,0.318501681
97_dat,2023/5/22,5,0.30357039
97_dat,2023/5/22,10,0.330713183
97_dat,2023/5/22,15,0.541113198
97_dat,2023/5/22,20,1.14109385
97_dat,2023/5/22,30,1.477931142
97_dat,2023/5/22,40,0.517973006
97_dat,2023/5/22,50,0.325094074
97_dat,2023/5/23,5,0.288294673
97_dat,2023/5/23,10,0.307442576
97_dat,2023/5/23,15,0.501948297
97_dat,2023/5/23,20,1.094190359
97_dat,2023/5/23,30,1.589991927
97_dat,2023/5/23,40,0.54484266
97_dat,2023/5/23,50,0.338406265
97_dat,2023/5/24,5,0.273816109
97_dat,2023/5/24,10,0.286962569
97_dat,2023/5/24,15,0.462063313
97_dat,2023/5/24,20,1.0161798
97_dat,2023/5/24,30,1.728426814
97_dat,2023/5/24,40,0.579719841
97_dat,2023/5/24,50,0.353442937
97_dat,2023/5/25,5,0.257804662
97_dat,2023/5/25,10,0.268629342
97_dat,2023/5/25,15,0.417794287
97_dat,2023/5/25,20,0.919375718
97_dat,2023/5/25,30,1.889680743
97_dat,2023/5/25,40,0.610725939
97_dat,2023/5/25,50,0.366385996
97_dat,2023/5/26,5,0.244696185
97_dat,2023/5/26,10,0.253302932
97_dat,2023/5/26,15,0.396042377
97_dat,2023/5/26,20,0.877370715
97_dat,2023/5/26,30,1.935121179
97_dat,2023/5/26,40,0.617807627
97_dat,2023/5/26,50,0.371300846
97_dat,2023/5/27,5,0.234506637
97_dat,2023/5/27,10,0.240076005
97_dat,2023/5/27,15,0.37819162
97_dat,2023/5/27,20,0.83905834
97_dat,2023/5/27,30,1.938679695
97_dat,2023/5/27,40,0.616354108
97_dat,2023/5/27,50,0.372875512
97_dat,2023/5/28,5,0.227970362
97_dat,2023/5/28,10,0.22862263
97_dat,2023/5/28,15,0.358164996
97_dat,2023/5/28,20,0.789975464
97_dat,2023/5/28,30,1.890976071
97_dat,2023/5/28,40,0.611445665
97_dat,2023/5/28,50,0.372308612
97_dat,2023/5/29,5,0.23275736
97_dat,2023/5/29,10,0.223961458
97_dat,2023/5/29,15,0.344138056
97_dat,2023/5/29,20,0.753296614
97_dat,2023/5/29,30,1.862261653
97_dat,2023/5/29,40,0.612546742
97_dat,2023/5/29,50,0.373271286
97_dat,2023/5/30,5,0.237704888
97_dat,2023/5/30,10,0.219130471
97_dat,2023/5/30,15,0.320498407
97_dat,2023/5/30,20,0.69917798
97_dat,2023/5/30,30,1.929640532
97_dat,2023/5/30,40,0.632781386
97_dat,2023/5/30,50,0.380767941
97_dat,2023/5/31,5,0.231118545
97_dat,2023/5/31,10,0.212219179
97_dat,2023/5/31,15,0.301329523
97_dat,2023/5/31,20,0.655023634
97_dat,2023/5/31,30,1.992223024
97_dat,2023/5/31,40,0.654435933
97_dat,2023/5/31,50,0.388299853
97_dat,2023/6/1,5,0.223735988
97_dat,2023/6/1,10,0.201923862
97_dat,2023/6/1,15,0.283073008
97_dat,2023/6/1,20,0.616448283
97_dat,2023/6/1,30,2.044476748
97_dat,2023/6/1,40,0.679453433
97_dat,2023/6/1,50,0.397997379
97_dat,2023/6/2,5,0.217738271
97_dat,2023/6/2,10,0.193566531
97_dat,2023/6/2,15,0.269935668
97_dat,2023/6/2,20,0.596788406
97_dat,2023/6/2,30,2.029367208
97_dat,2023/6/2,40,0.70084995
97_dat,2023/6/2,50,0.408943325
97_dat,2023/6/3,5,0.216741264
97_dat,2023/6/3,10,0.192384437
97_dat,2023/6/3,15,0.263245046
97_dat,2023/6/3,20,0.580312431
97_dat,2023/6/3,30,2.008118153
97_dat,2023/6/3,40,0.715168834
97_dat,2023/6/3,50,0.416560471
97_dat,2023/6/4,5,0.217286006
97_dat,2023/6/4,10,0.195268914
97_dat,2023/6/4,15,0.256935179
97_dat,2023/6/4,20,0.558208287
97_dat,2023/6/4,30,2.037392855
97_dat,2023/6/4,40,0.734085262
97_dat,2023/6/4,50,0.422222972
97_dat,2023/6/5,5,0.215096518
97_dat,2023/6/5,10,0.19486168
97_dat,2023/6/5,15,0.252156883
97_dat,2023/6/5,20,0.547767639
97_dat,2023/6/5,30,2.057063818
97_dat,2023/6/5,40,0.74730432
97_dat,2023/6/5,50,0.424448043
97_dat,2023/6/6,5,0.210057899
97_dat,2023/6/6,10,0.187306359
97_dat,2023/6/6,15,0.244751513
97_dat,2023/6/6,20,0.545831919
97_dat,2023/6/6,30,2.029545069
97_dat,2023/6/6,40,0.754654706
97_dat,2023/6/6,50,0.426494449
97_dat,2023/6/7,5,0.20201546
97_dat,2023/6/7,10,0.179028079
97_dat,2023/6/7,15,0.241109252
97_dat,2023/6/7,20,0.563880086
97_dat,2023/6/7,30,1.961095452
97_dat,2023/6/7,40,0.753143251
97_dat,2023/6/7,50,0.427010447
97_dat,2023/6/8,5,0.206430942
97_dat,2023/6/8,10,0.176786765
97_dat,2023/6/8,15,0.245125383
97_dat,2023/6/8,20,0.592558086
97_dat,2023/6/8,30,1.91574192
97_dat,2023/6/8,40,0.760428011
97_dat,2023/6/8,50,0.431365162
97_dat,2023/6/9,5,0.218812391
97_dat,2023/6/9,10,0.210878372
97_dat,2023/6/9,15,0.304735839
97_dat,2023/6/9,20,0.69942826
97_dat,2023/6/9,30,1.680563688
97_dat,2023/6/9,40,0.782727599
97_dat,2023/6/9,50,0.447777152
97_dat,2023/6/10,5,0.240505591
97_dat,2023/6/10,10,0.255598783
97_dat,2023/6/10,15,0.381188542
97_dat,2023/6/10,20,0.756555855
97_dat,2023/6/10,30,1.465543151
97_dat,2023/6/10,40,0.801123142
97_dat,2023/6/10,50,0.465608001
97_dat,2023/6/11,5,0.25290221
97_dat,2023/6/11,10,0.254350424
97_dat,2023/6/11,15,0.364393651
97_dat,2023/6/11,20,0.70824194
97_dat,2023/6/11,30,1.493095517
97_dat,2023/6/11,40,0.85329628
97_dat,2023/6/11,50,0.493257403
97_dat,2023/6/12,5,0.257606685
97_dat,2023/6/12,10,0.254081696
97_dat,2023/6/12,15,0.353695214
97_dat,2023/6/12,20,0.664529979
97_dat,2023/6/12,30,1.484160185
97_dat,2023/6/12,40,0.933047533
97_dat,2023/6/12,50,0.541473508
97_dat,2023/6/13,5,0.260863721
97_dat,2023/6/13,10,0.253702849
97_dat,2023/6/13,15,0.347590536
97_dat,2023/6/13,20,0.62373668
97_dat,2023/6/13,30,1.412253618
97_dat,2023/6/13,40,0.957521319
97_dat,2023/6/13,50,0.574713349
97_dat,2023/6/14,5,0.261450559
97_dat,2023/6/14,10,0.244752184
97_dat,2023/6/14,15,0.331109583
97_dat,2023/6/14,20,0.573457301
97_dat,2023/6/14,30,1.378617525
97_dat,2023/6/14,40,0.968410134
97_dat,2023/6/14,50,0.59922564
97_dat,2023/6/15,5,0.254344732
97_dat,2023/6/15,10,0.231259704
97_dat,2023/6/15,15,0.306643456
97_dat,2023/6/15,20,0.523967981
97_dat,2023/6/15,30,1.376330256
97_dat,2023/6/15,40,0.994223893
97_dat,2023/6/15,50,0.624576449
97_dat,2023/6/16,5,0.248148173
97_dat,2023/6/16,10,0.218322948
97_dat,2023/6/16,15,0.284197032
97_dat,2023/6/16,20,0.482455373
97_dat,2023/6/16,30,1.402347088
97_dat,2023/6/16,40,1.010998845
97_dat,2023/6/16,50,0.637574792
97_dat,2023/6/17,5,0.238167956
97_dat,2023/6/17,10,0.212113455
97_dat,2023/6/17,15,0.267872214
97_dat,2023/6/17,20,0.46018216
97_dat,2023/6/17,30,1.470909715
97_dat,2023/6/17,40,1.014460564
97_dat,2023/6/17,50,0.633996725
97_dat,2023/6/18,5,0.219368756
97_dat,2023/6/18,10,0.211450711
97_dat,2023/6/18,15,0.257461339
97_dat,2023/6/18,20,0.463841647
97_dat,2023/6/18,30,1.527527452
97_dat,2023/6/18,40,1.007006049
97_dat,2023/6/18,50,0.630530655
97_dat,2023/6/19,5,0.200063244
97_dat,2023/6/19,10,0.204149991
97_dat,2023/6/19,15,0.248655528
97_dat,2023/6/19,20,0.469526798
97_dat,2023/6/19,30,1.572436452
97_dat,2023/6/19,40,0.997095048
97_dat,2023/6/19,50,0.629823685
97_dat,2023/6/20,5,0.186119661
97_dat,2023/6/20,10,0.193876848
97_dat,2023/6/20,15,0.240262374
97_dat,2023/6/20,20,0.456997126
97_dat,2023/6/20,30,1.629960775
97_dat,2023/6/20,40,0.966371357
97_dat,2023/6/20,50,0.625773072
97_dat,2023/6/21,5,0.184319317
97_dat,2023/6/21,10,0.183977708
97_dat,2023/6/21,15,0.22806105
97_dat,2023/6/21,20,0.435857981
97_dat,2023/6/21,30,1.7113204
97_dat,2023/6/21,40,0.917163968
97_dat,2023/6/21,50,0.617012382
97_dat,2023/6/22,5,0.198236004
97_dat,2023/6/22,10,0.180635542
97_dat,2023/6/22,15,0.225810543
97_dat,2023/6/22,20,0.436686665
97_dat,2023/6/22,30,1.724965572
97_dat,2023/6/22,40,0.848998964
97_dat,2023/6/22,50,0.589182019
97_dat,2023/6/23,5,0.213190258
97_dat,2023/6/23,10,0.189666465
97_dat,2023/6/23,15,0.23924768
97_dat,2023/6/23,20,0.442400336
97_dat,2023/6/23,30,1.626110554
97_dat,2023/6/23,40,0.773969352
97_dat,2023/6/23,50,0.551054597
97_dat,2023/6/24,5,0.225943848
97_dat,2023/6/24,10,0.197322354
97_dat,2023/6/24,15,0.254239649
97_dat,2023/6/24,20,0.442465246
97_dat,2023/6/24,30,1.599034548
97_dat,2023/6/24,40,0.736132205
97_dat,2023/6/24,50,0.535175085
97_dat,2023/6/25,5,0.222328112
97_dat,2023/6/25,10,0.197311729
97_dat,2023/6/25,15,0.261755109
97_dat,2023/6/25,20,0.442658991
97_dat,2023/6/25,30,1.63831377
97_dat,2023/6/25,40,0.728627801
97_dat,2023/6/25,50,0.537760139
97_dat,2023/6/26,5,0.216705844
97_dat,2023/6/26,10,0.197215095
97_dat,2023/6/26,15,0.2713117
97_dat,2023/6/26,20,0.447389215
97_dat,2023/6/26,30,1.672451735
97_dat,2023/6/26,40,0.718658626
97_dat,2023/6/26,50,0.537966311
97_dat,2023/6/27,5,0.21649237
97_dat,2023/6/27,10,0.199423298
97_dat,2023/6/27,15,0.282023638
97_dat,2023/6/27,20,0.452098787
97_dat,2023/6/27,30,1.69697988
97_dat,2023/6/27,40,0.702920496
97_dat,2023/6/27,50,0.53164041
97_dat,2023/6/28,5,0.215427577
97_dat,2023/6/28,10,0.202081949
97_dat,2023/6/28,15,0.294937044
97_dat,2023/6/28,20,0.456990898
97_dat,2023/6/28,30,1.676119447
97_dat,2023/6/28,40,0.673974454
97_dat,2023/6/28,50,0.516975343
97_dat,2023/6/29,5,0.210395798
97_dat,2023/6/29,10,0.200916991
97_dat,2023/6/29,15,0.306188762
97_dat,2023/6/29,20,0.467101276
97_dat,2023/6/29,30,1.622314453
97_dat,2023/6/29,40,0.635474265
97_dat,2023/6/29,50,0.497247756
97_dat,2023/6/30,5,0.214331388
97_dat,2023/6/30,10,0.206957415
97_dat,2023/6/30,15,0.314513534
97_dat,2023/6/30,20,0.476924866
97_dat,2023/6/30,30,1.548898578
97_dat,2023/6/30,40,0.597294152
97_dat,2023/6/30,50,0.475192606
97_dat,2023/7/1,5,0.227676123
97_dat,2023/7/1,10,0.211636528
97_dat,2023/7/1,15,0.319877088
97_dat,2023/7/1,20,0.494589716
97_dat,2023/7/1,30,1.527810931
97_dat,2023/7/1,40,0.583257675
97_dat,2023/7/1,50,0.466697514
97_dat,2023/7/2,5,0.224563882
97_dat,2023/7/2,10,0.203875646
97_dat,2023/7/2,15,0.306274414
97_dat,2023/7/2,20,0.500526428
97_dat,2023/7/2,30,1.535227776
97_dat,2023/7/2,40,0.57503742
97_dat,2023/7/2,50,0.465036988
97_dat,2023/7/3,5,0.214493752
97_dat,2023/7/3,10,0.194837049
97_dat,2023/7/3,15,0.297704846
97_dat,2023/7/3,20,0.509689748
97_dat,2023/7/3,30,1.533190846
97_dat,2023/7/3,40,0.558424473
97_dat,2023/7/3,50,0.460957766
97_dat,2023/7/4,5,0.20320031
97_dat,2023/7/4,10,0.185710743
97_dat,2023/7/4,15,0.286987752
97_dat,2023/7/4,20,0.526786089
97_dat,2023/7/4,30,1.573582053
97_dat,2023/7/4,40,0.559642673
97_dat,2023/7/4,50,0.465788215
97_dat,2023/7/5,5,0.208865464
97_dat,2023/7/5,10,0.186492145
97_dat,2023/7/5,15,0.285314262
97_dat,2023/7/5,20,0.552331448
97_dat,2023/7/5,30,1.618421078
97_dat,2023/7/5,40,0.5740031
97_dat,2023/7/5,50,0.472925276
97_dat,2023/7/6,5,0.218050733
97_dat,2023/7/6,10,0.195037857
97_dat,2023/7/6,15,0.29758215
97_dat,2023/7/6,20,0.573270142
97_dat,2023/7/6,30,1.627392173
97_dat,2023/7/6,40,0.581136703
97_dat,2023/7/6,50,0.475196809
97_dat,2023/7/7,5,0.214622483
97_dat,2023/7/7,10,0.193705127
97_dat,2023/7/7,15,0.302034229
97_dat,2023/7/7,20,0.588615894
97_dat,2023/7/7,30,1.633679628
97_dat,2023/7/7,40,0.581755161
97_dat,2023/7/7,50,0.475277722
97_dat,2023/7/8,5,0.203066632
97_dat,2023/7/8,10,0.184306517
97_dat,2023/7/8,15,0.294220805
97_dat,2023/7/8,20,0.598982155
97_dat,2023/7/8,30,1.662715077
97_dat,2023/7/8,40,0.597016156
97_dat,2023/7/8,50,0.479999989
97_dat,2023/7/9,5,0.191617504
97_dat,2023/7/9,10,0.177676812
97_dat,2023/7/9,15,0.285569102
97_dat,2023/7/9,20,0.585828424
97_dat,2023/7/9,30,1.654969573
97_dat,2023/7/9,40,0.599667072
97_dat,2023/7/9,50,0.478814483
97_dat,2023/7/10,5,0.186145723
97_dat,2023/7/10,10,0.173633948
97_dat,2023/7/10,15,0.28036359
97_dat,2023/7/10,20,0.559488356
97_dat,2023/7/10,30,1.61532867
97_dat,2023/7/10,40,0.582673728
97_dat,2023/7/10,50,0.470193475
97_dat,2023/7/11,5,0.183834374
97_dat,2023/7/11,10,0.17224142
97_dat,2023/7/11,15,0.27558127
97_dat,2023/7/11,20,0.536403656
97_dat,2023/7/11,30,1.533646584
97_dat,2023/7/11,40,0.55267334
97_dat,2023/7/11,50,0.456461906
97_dat,2023/7/12,5,0.188468248
97_dat,2023/7/12,10,0.176725075
97_dat,2023/7/12,15,0.281961262
97_dat,2023/7/12,20,0.542097747
97_dat,2023/7/12,30,1.41904664
97_dat,2023/7/12,40,0.518962145
97_dat,2023/7/12,50,0.441031039
97_dat,2023/7/13,5,0.201747
97_dat,2023/7/13,10,0.178974062
97_dat,2023/7/13,15,0.285523146
97_dat,2023/7/13,20,0.569365501
97_dat,2023/7/13,30,1.378138781
97_dat,2023/7/13,40,0.50804311
97_dat,2023/7/13,50,0.442539275
97_dat,2023/7/14,5,0.210723281
97_dat,2023/7/14,10,0.17992416
97_dat,2023/7/14,15,0.282704532
97_dat,2023/7/14,20,0.589709044
97_dat,2023/7/14,30,1.357049823
97_dat,2023/7/14,40,0.508556485
97_dat,2023/7/14,50,0.448780954
97_dat,2023/7/15,5,0.212299854
97_dat,2023/7/15,10,0.18580471
97_dat,2023/7/15,15,0.281236023
97_dat,2023/7/15,20,0.592975676
97_dat,2023/7/15,30,1.242360353
97_dat,2023/7/15,40,0.488872558
97_dat,2023/7/15,50,0.4329862
97_dat,2023/7/16,5,0.220616549
97_dat,2023/7/16,10,0.199247465
97_dat,2023/7/16,15,0.303521574
97_dat,2023/7/16,20,0.618194818
97_dat,2023/7/16,30,1.190714717
97_dat,2023/7/16,40,0.480362654
97_dat,2023/7/16,50,0.424010694
97_dat,2023/7/17,5,0.210017696
97_dat,2023/7/17,10,0.189101353
97_dat,2023/7/17,15,0.302333504
97_dat,2023/7/17,20,0.623580158
97_dat,2023/7/17,30,1.252894163
97_dat,2023/7/17,40,0.492700934
97_dat,2023/7/17,50,0.434251308
97_dat,2023/7/18,5,0.198171556
97_dat,2023/7/18,10,0.177880049
97_dat,2023/7/18,15,0.286521792
97_dat,2023/7/18,20,0.598193824
97_dat,2023/7/18,30,1.340977907
97_dat,2023/7/18,40,0.508037865
97_dat,2023/7/18,50,0.443516761
97_dat,2023/7/19,5,0.194133595
97_dat,2023/7/19,10,0.172727987
97_dat,2023/7/19,15,0.274220705
97_dat,2023/7/19,20,0.584253311
97_dat,2023/7/19,30,1.423311234
97_dat,2023/7/19,40,0.520512581
97_dat,2023/7/19,50,0.447022587
97_dat,2023/7/20,5,0.198659375
97_dat,2023/7/20,10,0.172171801
97_dat,2023/7/20,15,0.272693813
97_dat,2023/7/20,20,0.589106083
97_dat,2023/7/20,30,1.496240854
97_dat,2023/7/20,40,0.530354738
97_dat,2023/7/20,50,0.448517352
97_dat,2023/7/21,5,0.198140055
97_dat,2023/7/21,10,0.174113303
97_dat,2023/7/21,15,0.268644303
97_dat,2023/7/21,20,0.576945186
97_dat,2023/7/21,30,1.61638236
97_dat,2023/7/21,40,0.554357111
97_dat,2023/7/21,50,0.456254065
97_dat,2023/7/22,5,0.199234933
97_dat,2023/7/22,10,0.180374116
97_dat,2023/7/22,15,0.266023189
97_dat,2023/7/22,20,0.550401092
97_dat,2023/7/22,30,1.718065143
97_dat,2023/7/22,40,0.584729373
97_dat,2023/7/22,50,0.458903074
97_dat,2023/7/23,5,0.199074775
97_dat,2023/7/23,10,0.186542585
97_dat,2023/7/23,15,0.263630658
97_dat,2023/7/23,20,0.514159262
97_dat,2023/7/23,30,1.770515203
97_dat,2023/7/23,40,0.602225661
97_dat,2023/7/23,50,0.451070219
97_dat,2023/7/24,5,0.197176069
97_dat,2023/7/24,10,0.186560705
97_dat,2023/7/24,15,0.256429464
97_dat,2023/7/24,20,0.477034718
97_dat,2023/7/24,30,1.792662144
97_dat,2023/7/24,40,0.60002321
97_dat,2023/7/24,50,0.436919928
97_dat,2023/7/25,5,0.195487618
97_dat,2023/7/25,10,0.183438644
97_dat,2023/7/25,15,0.248055056
97_dat,2023/7/25,20,0.452086002
97_dat,2023/7/25,30,1.816722989
97_dat,2023/7/25,40,0.590562761
97_dat,2023/7/25,50,0.423869193
97_dat,2023/7/26,5,0.195359707
97_dat,2023/7/26,10,0.181768551
97_dat,2023/7/26,15,0.242252693
97_dat,2023/7/26,20,0.444516689
97_dat,2023/7/26,30,1.86458981
97_dat,2023/7/26,40,0.584378064
97_dat,2023/7/26,50,0.416905284
97_dat,2023/7/27,5,0.194397122
97_dat,2023/7/27,10,0.182173029
97_dat,2023/7/27,15,0.24295561
97_dat,2023/7/27,20,0.460086495
97_dat,2023/7/27,30,1.890120625
97_dat,2023/7/27,40,0.570166528
97_dat,2023/7/27,50,0.410158068
97_dat,2023/7/28,5,0.195915118
97_dat,2023/7/28,10,0.18535997
97_dat,2023/7/28,15,0.248791218
97_dat,2023/7/28,20,0.493958354
97_dat,2023/7/28,30,1.870837688
97_dat,2023/7/28,40,0.551745653
97_dat,2023/7/28,50,0.403268784
97_dat,2023/7/29,5,0.20288533
97_dat,2023/7/29,10,0.191892311
97_dat,2023/7/29,15,0.261052728
97_dat,2023/7/29,20,0.540296853
97_dat,2023/7/29,30,1.803852558
97_dat,2023/7/29,40,0.532837868
97_dat,2023/7/29,50,0.396011055
97_dat,2023/7/30,5,0.213074625
97_dat,2023/7/30,10,0.201703057
97_dat,2023/7/30,15,0.285677552
97_dat,2023/7/30,20,0.607716858
97_dat,2023/7/30,30,1.61674428
97_dat,2023/7/30,40,0.496487826
97_dat,2023/7/30,50,0.377787322
97_dat,2023/7/31,5,0.222800747
97_dat,2023/7/31,10,0.21463868
97_dat,2023/7/31,15,0.322264493
97_dat,2023/7/31,20,0.696866572
97_dat,2023/7/31,30,1.344537973
97_dat,2023/7/31,40,0.448234797
97_dat,2023/7/31,50,0.350486517
97_dat,2023/8/1,5,0.227280274
97_dat,2023/8/1,10,0.226191297
97_dat,2023/8/1,15,0.360949606
97_dat,2023/8/1,20,0.798354983
97_dat,2023/8/1,30,1.166784167
97_dat,2023/8/1,40,0.422405988
97_dat,2023/8/1,50,0.335406989
97_dat,2023/8/2,5,0.229776666
97_dat,2023/8/2,10,0.236407086
97_dat,2023/8/2,15,0.395571619
97_dat,2023/8/2,20,0.897400737
97_dat,2023/8/2,30,1.079404235
97_dat,2023/8/2,40,0.411924005
97_dat,2023/8/2,50,0.328547627
97_dat,2023/8/3,5,0.228279352
97_dat,2023/8/3,10,0.250303745
97_dat,2023/8/3,15,0.441580564
97_dat,2023/8/3,20,0.995809138
97_dat,2023/8/3,30,1.002344847
97_dat,2023/8/3,40,0.395682245
97_dat,2023/8/3,50,0.318808228
97_dat,2023/8/4,5,0.225457385
97_dat,2023/8/4,10,0.263451308
97_dat,2023/8/4,15,0.493234724
97_dat,2023/8/4,20,1.091131449
97_dat,2023/8/4,30,0.93642509
97_dat,2023/8/4,40,0.378277957
97_dat,2023/8/4,50,0.30815962
97_dat,2023/8/5,5,0.219747931
97_dat,2023/8/5,10,0.27163884
97_dat,2023/8/5,15,0.530145943
97_dat,2023/8/5,20,1.165071845
97_dat,2023/8/5,30,0.888599873
97_dat,2023/8/5,40,0.363552541
97_dat,2023/8/5,50,0.297273189
97_dat,2023/8/6,5,0.217220992
97_dat,2023/8/6,10,0.281531811
97_dat,2023/8/6,15,0.551201761
97_dat,2023/8/6,20,1.16789937
97_dat,2023/8/6,30,0.853703439
97_dat,2023/8/6,40,0.346936882
97_dat,2023/8/6,50,0.284297556
97_dat,2023/8/7,5,0.241641
97_dat,2023/8/7,10,0.316672713
97_dat,2023/8/7,15,0.565235496
97_dat,2023/8/7,20,1.06353569
97_dat,2023/8/7,30,0.85778296
97_dat,2023/8/7,40,0.329737902
97_dat,2023/8/7,50,0.270917177
97_dat,2023/8/8,5,0.283812195
97_dat,2023/8/8,10,0.374110669
97_dat,2023/8/8,15,0.558847547
97_dat,2023/8/8,20,0.9343732
97_dat,2023/8/8,30,0.882117927
97_dat,2023/8/8,40,0.318178117
97_dat,2023/8/8,50,0.260529816
97_dat,2023/8/9,5,0.286374092
97_dat,2023/8/9,10,0.378346652
97_dat,2023/8/9,15,0.558240771
97_dat,2023/8/9,20,0.914089799
97_dat,2023/8/9,30,0.950370729
97_dat,2023/8/9,40,0.332049757
97_dat,2023/8/9,50,0.262218744
97_dat,2023/8/10,5,0.257871211
97_dat,2023/8/10,10,0.339926809
97_dat,2023/8/10,15,0.537028491
97_dat,2023/8/10,20,0.912180901
97_dat,2023/8/10,30,1.099647522
97_dat,2023/8/10,40,0.373839527
97_dat,2023/8/10,50,0.274886221
97_dat,2023/8/11,5,0.234218657
97_dat,2023/8/11,10,0.302428365
97_dat,2023/8/11,15,0.506506562
97_dat,2023/8/11,20,0.892804444
97_dat,2023/8/11,30,1.265924335
97_dat,2023/8/11,40,0.417332381
97_dat,2023/8/11,50,0.288417757
97_dat,2023/8/12,5,0.220243454
97_dat,2023/8/12,10,0.272898257
97_dat,2023/8/12,15,0.469012469
97_dat,2023/8/12,20,0.868890464
97_dat,2023/8/12,30,1.382914186
97_dat,2023/8/12,40,0.440466166
97_dat,2023/8/12,50,0.29482469
97_dat,2023/8/13,5,0.238083646
97_dat,2023/8/13,10,0.2670362
97_dat,2023/8/13,15,0.419838518
97_dat,2023/8/13,20,0.763046801
97_dat,2023/8/13,30,1.398768544
97_dat,2023/8/13,40,0.440625787
97_dat,2023/8/13,50,0.289364666
97_dat,2023/8/14,5,0.297060907
97_dat,2023/8/14,10,0.30063194
97_dat,2023/8/14,15,0.367164731
97_dat,2023/8/14,20,0.595761597
97_dat,2023/8/14,30,1.336295009
97_dat,2023/8/14,40,0.452759296
97_dat,2023/8/14,50,0.28373456
97_dat,2023/8/15,5,0.368496776
97_dat,2023/8/15,10,0.361308426
97_dat,2023/8/15,15,0.336293519
97_dat,2023/8/15,20,0.444064587
97_dat,2023/8/15,30,1.241598248
97_dat,2023/8/15,40,0.561727107
97_dat,2023/8/15,50,0.309707284
97_dat,2023/8/16,5,0.441289574
97_dat,2023/8/16,10,0.4129664
97_dat,2023/8/16,15,0.349050879
97_dat,2023/8/16,20,0.369465262
97_dat,2023/8/16,30,1.130053282
97_dat,2023/8/16,40,0.763615251
97_dat,2023/8/16,50,0.417306036
97_dat,2023/8/17,5,0.45506981
97_dat,2023/8/17,10,0.433508188
97_dat,2023/8/17,15,0.377736419
97_dat,2023/8/17,20,0.353805691
97_dat,2023/8/17,30,1.089284658
97_dat,2023/8/17,40,0.92327565
97_dat,2023/8/17,50,0.554686725
97_dat,2023/8/18,5,0.400308669
97_dat,2023/8/18,10,0.393798351
97_dat,2023/8/18,15,0.389330238
97_dat,2023/8/18,20,0.359208167
97_dat,2023/8/18,30,1.025696635
97_dat,2023/8/18,40,1.007409215
97_dat,2023/8/18,50,0.666169047
97_dat,2023/8/19,5,0.318071157
97_dat,2023/8/19,10,0.317536056
97_dat,2023/8/19,15,0.345325112
97_dat,2023/8/19,20,0.36483708
97_dat,2023/8/19,30,0.949046493
97_dat,2023/8/19,40,0.998682022
97_dat,2023/8/19,50,0.710934877
97_dat,2023/8/20,5,0.24502477
97_dat,2023/8/20,10,0.249681726
97_dat,2023/8/20,15,0.296295822
97_dat,2023/8/20,20,0.362320036
97_dat,2023/8/20,30,0.965384841
97_dat,2023/8/20,40,0.967396379
97_dat,2023/8/20,50,0.699015617
97_dat,2023/8/21,5,0.199260443
97_dat,2023/8/21,10,0.204315081
97_dat,2023/8/21,15,0.25853774
97_dat,2023/8/21,20,0.344423085
97_dat,2023/8/21,30,1.021234751
97_dat,2023/8/21,40,0.94917053
97_dat,2023/8/21,50,0.677739441
97_dat,2023/8/22,5,0.178015605
97_dat,2023/8/22,10,0.178163424
97_dat,2023/8/22,15,0.233274728
97_dat,2023/8/22,20,0.324178338
97_dat,2023/8/22,30,1.058697343
97_dat,2023/8/22,40,0.933220565
97_dat,2023/8/22,50,0.655565262
97_dat,2023/8/23,5,0.164640069
97_dat,2023/8/23,10,0.157357827
97_dat,2023/8/23,15,0.211922437
97_dat,2023/8/23,20,0.306640178
97_dat,2023/8/23,30,1.086360693
97_dat,2023/8/23,40,0.916438937
97_dat,2023/8/23,50,0.644142985
97_dat,2023/8/24,5,0.15349336
97_dat,2023/8/24,10,0.141474232
97_dat,2023/8/24,15,0.194621742
97_dat,2023/8/24,20,0.288438886
97_dat,2023/8/24,30,1.101903081
97_dat,2023/8/24,40,0.90019542
97_dat,2023/8/24,50,0.641279876
97_dat,2023/8/25,5,0.142975882
97_dat,2023/8/25,10,0.131494358
97_dat,2023/8/25,15,0.183712423
97_dat,2023/8/25,20,0.275544167
97_dat,2023/8/25,30,1.113663077
97_dat,2023/8/25,40,0.880724132
97_dat,2023/8/25,50,0.639439523
97_dat,2023/8/26,5,0.138795584
97_dat,2023/8/26,10,0.123790801
97_dat,2023/8/26,15,0.174372002
97_dat,2023/8/26,20,0.27005288
97_dat,2023/8/26,30,1.131676555
97_dat,2023/8/26,40,0.866480947
97_dat,2023/8/26,50,0.642716825
97_dat,2023/8/27,5,0.135672629
97_dat,2023/8/27,10,0.118501499
97_dat,2023/8/27,15,0.166830882
97_dat,2023/8/27,20,0.269034773
97_dat,2023/8/27,30,1.136155844
97_dat,2023/8/27,40,0.850912154
97_dat,2023/8/27,50,0.645244718
97_dat,2023/8/28,5,0.133714259
97_dat,2023/8/28,10,0.116871171
97_dat,2023/8/28,15,0.160795674
97_dat,2023/8/28,20,0.268522292
97_dat,2023/8/28,30,1.135994554
97_dat,2023/8/28,40,0.83172214
97_dat,2023/8/28,50,0.64552623
97_dat,2023/8/29,5,0.142996892
97_dat,2023/8/29,10,0.128480628
97_dat,2023/8/29,15,0.162321597
97_dat,2023/8/29,20,0.267089993
97_dat,2023/8/29,30,1.11824882
97_dat,2023/8/29,40,0.827666223
97_dat,2023/8/29,50,0.634101868
97_dat,2023/8/30,5,0.168336064
97_dat,2023/8/30,10,0.160232499
97_dat,2023/8/30,15,0.190151632
97_dat,2023/8/30,20,0.274154663
97_dat,2023/8/30,30,1.056059003
97_dat,2023/8/30,40,0.87136054
97_dat,2023/8/30,50,0.619160891
97_dat,2023/8/31,5,0.176259533
97_dat,2023/8/31,10,0.174445525
97_dat,2023/8/31,15,0.208732933
97_dat,2023/8/31,20,0.273414314
97_dat,2023/8/31,30,0.993903279
97_dat,2023/8/31,40,0.977981806
97_dat,2023/8/31,50,0.682219028
97_dat,2023/9/1,5,0.154298037
97_dat,2023/9/1,10,0.173500732
97_dat,2023/9/1,15,0.198076561
97_dat,2023/9/1,20,0.254905581
97_dat,2023/9/1,30,0.922976077
97_dat,2023/9/1,40,1.007908344
97_dat,2023/9/1,50,0.750962734
97_dat,2023/9/2,5,0.137923822
97_dat,2023/9/2,10,0.169728652
97_dat,2023/9/2,15,0.18510969
97_dat,2023/9/2,20,0.25916186
97_dat,2023/9/2,30,0.930482388
97_dat,2023/9/2,40,0.970487177
97_dat,2023/9/2,50,0.748546362
97_dat,2023/9/3,5,0.123454645
97_dat,2023/9/3,10,0.155378491
97_dat,2023/9/3,15,0.165830284
97_dat,2023/9/3,20,0.266901642
97_dat,2023/9/3,30,1.000126362
97_dat,2023/9/3,40,0.923818231
97_dat,2023/9/3,50,0.711434662
97_dat,2023/9/4,5,0.116286524
97_dat,2023/9/4,10,0.144546643
97_dat,2023/9/4,15,0.155279785
97_dat,2023/9/4,20,0.26173386
97_dat,2023/9/4,30,1.017008662
97_dat,2023/9/4,40,0.842268586
97_dat,2023/9/4,50,0.65460968
97_dat,2023/9/5,5,0.114913523
97_dat,2023/9/5,10,0.142509073
97_dat,2023/9/5,15,0.151636451
97_dat,2023/9/5,20,0.253191978
97_dat,2023/9/5,30,0.980624616
97_dat,2023/9/5,40,0.743516862
97_dat,2023/9/5,50,0.597688735
97_dat,2023/9/6,5,0.112719357
97_dat,2023/9/6,10,0.137746826
97_dat,2023/9/6,15,0.148524687
97_dat,2023/9/6,20,0.256251067
97_dat,2023/9/6,30,0.97305429
97_dat,2023/9/6,40,0.66429472
97_dat,2023/9/6,50,0.566230774
97_dat,2023/9/7,5,0.109653704
97_dat,2023/9/7,10,0.13075842
97_dat,2023/9/7,15,0.142728403
97_dat,2023/9/7,20,0.247304544
97_dat,2023/9/7,30,1.010049582
97_dat,2023/9/7,40,0.645608008
97_dat,2023/9/7,50,0.572686672
97_dat,2023/9/8,5,0.111609049
97_dat,2023/9/8,10,0.138993934
97_dat,2023/9/8,15,0.139286563
97_dat,2023/9/8,20,0.237788126
97_dat,2023/9/8,30,1.043577194
97_dat,2023/9/8,40,0.666938722
97_dat,2023/9/8,50,0.582879066
97_dat,2023/9/9,5,0.114000596
97_dat,2023/9/9,10,0.149956509
97_dat,2023/9/9,15,0.142033994
97_dat,2023/9/9,20,0.248300493
97_dat,2023/9/9,30,1.042249441
97_dat,2023/9/9,40,0.664456546
97_dat,2023/9/9,50,0.576959968
97_dat,2023/9/10,5,0.11394874
97_dat,2023/9/10,10,0.148343876
97_dat,2023/9/10,15,0.142037719
97_dat,2023/9/10,20,0.248983845
97_dat,2023/9/10,30,1.040348172
97_dat,2023/9/10,40,0.670654833
97_dat,2023/9/10,50,0.574762583
97_dat,2023/9/11,5,0.115051851
97_dat,2023/9/11,10,0.147782043
97_dat,2023/9/11,15,0.146031886
97_dat,2023/9/11,20,0.250599802
97_dat,2023/9/11,30,1.005299926
97_dat,2023/9/11,40,0.66620183
97_dat,2023/9/11,50,0.560299993
97_dat,2023/9/12,5,0.11679735
97_dat,2023/9/12,10,0.151291192
97_dat,2023/9/12,15,0.151401401
97_dat,2023/9/12,20,0.257067114
97_dat,2023/9/12,30,0.94575423
97_dat,2023/9/12,40,0.642164111
97_dat,2023/9/12,50,0.541109622
97_dat,2023/9/13,5,0.114249356
97_dat,2023/9/13,10,0.146149963
97_dat,2023/9/13,15,0.147505403
97_dat,2023/9/13,20,0.25483197
97_dat,2023/9/13,30,0.952650309
97_dat,2023/9/13,40,0.650442719
97_dat,2023/9/13,50,0.548192263
97_dat,2023/9/14,5,0.112015001
97_dat,2023/9/14,10,0.138539284
97_dat,2023/9/14,15,0.142799392
97_dat,2023/9/14,20,0.240934625
97_dat,2023/9/14,30,0.933871865
97_dat,2023/9/14,40,0.640001714
97_dat,2023/9/14,50,0.542151749
97_dat,2023/9/15,5,0.11025691
97_dat,2023/9/15,10,0.136904016
97_dat,2023/9/15,15,0.143943772
97_dat,2023/9/15,20,0.243696049
97_dat,2023/9/15,30,0.929118097
97_dat,2023/9/15,40,0.637086749
97_dat,2023/9/15,50,0.537951827
97_dat,2023/9/16,5,0.106508918
97_dat,2023/9/16,10,0.131136239
97_dat,2023/9/16,15,0.138678923
97_dat,2023/9/16,20,0.239347622
97_dat,2023/9/16,30,0.984009802
97_dat,2023/9/16,40,0.679277182
97_dat,2023/9/16,50,0.557219565
97_dat,2023/9/17,5,0.104820482
97_dat,2023/9/17,10,0.130511552
97_dat,2023/9/17,15,0.13638705
97_dat,2023/9/17,20,0.239683002
97_dat,2023/9/17,30,1.000355244
97_dat,2023/9/17,40,0.695724666
97_dat,2023/9/17,50,0.552562654
97_dat,2023/9/18,5,0.106430642
97_dat,2023/9/18,10,0.133397609
97_dat,2023/9/18,15,0.139774755
97_dat,2023/9/18,20,0.258112788
97_dat,2023/9/18,30,0.992178082
97_dat,2023/9/18,40,0.701444685
97_dat,2023/9/18,50,0.539150834
97_dat,2023/9/19,5,0.111176178
97_dat,2023/9/19,10,0.137459308
97_dat,2023/9/19,15,0.146190867
97_dat,2023/9/19,20,0.286108047
97_dat,2023/9/19,30,0.977847517
97_dat,2023/9/19,40,0.708796859
97_dat,2023/9/19,50,0.523438275
97_dat,2023/9/20,5,0.119265966
97_dat,2023/9/20,10,0.142379016
97_dat,2023/9/20,15,0.155227929
97_dat,2023/9/20,20,0.321390182
97_dat,2023/9/20,30,0.943703055
97_dat,2023/9/20,40,0.703894854
97_dat,2023/9/20,50,0.497866422
97_dat,2023/9/21,5,0.126452595
97_dat,2023/9/21,10,0.149566233
97_dat,2023/9/21,15,0.167451099
97_dat,2023/9/21,20,0.344208926
97_dat,2023/9/21,30,0.8576805
97_dat,2023/9/21,40,0.669574797
97_dat,2023/9/21,50,0.458806813
97_dat,2023/9/22,5,0.134075359
97_dat,2023/9/22,10,0.155410066
97_dat,2023/9/22,15,0.180971652
97_dat,2023/9/22,20,0.361280352
97_dat,2023/9/22,30,0.807907879
97_dat,2023/9/22,40,0.663961828
97_dat,2023/9/22,50,0.441920966
97_dat,2023/9/23,5,0.137907043
97_dat,2023/9/23,10,0.157869592
97_dat,2023/9/23,15,0.184219122
97_dat,2023/9/23,20,0.372693628
97_dat,2023/9/23,30,0.819328487
97_dat,2023/9/23,40,0.699799716
97_dat,2023/9/23,50,0.454827994
97_dat,2023/9/24,5,0.139014125
97_dat,2023/9/24,10,0.160926104
97_dat,2023/9/24,15,0.186801851
97_dat,2023/9/24,20,0.394667298
97_dat,2023/9/24,30,0.837984979
97_dat,2023/9/24,40,0.718816757
97_dat,2023/9/24,50,0.464250326
97_dat,2023/9/25,5,0.141339943
97_dat,2023/9/25,10,0.167879596
97_dat,2023/9/25,15,0.192702979
97_dat,2023/9/25,20,0.399558097
97_dat,2023/9/25,30,0.834679902
97_dat,2023/9/25,40,0.705363214
97_dat,2023/9/25,50,0.466366619
97_dat,2023/9/26,5,0.144714653
97_dat,2023/9/26,10,0.182970524
97_dat,2023/9/26,15,0.206904992
97_dat,2023/9/26,20,0.389230222
97_dat,2023/9/26,30,0.798162937
97_dat,2023/9/26,40,0.674234569
97_dat,2023/9/26,50,0.473404884
97_dat,2023/9/27,5,0.144457892
97_dat,2023/9/27,10,0.1848474
97_dat,2023/9/27,15,0.219838247
97_dat,2023/9/27,20,0.38165009
97_dat,2023/9/27,30,0.785241783
97_dat,2023/9/27,40,0.661585569
97_dat,2023/9/27,50,0.491092682
97_dat,2023/9/28,5,0.146157667
97_dat,2023/9/28,10,0.187954471
97_dat,2023/9/28,15,0.224683136
97_dat,2023/9/28,20,0.364567965
97_dat,2023/9/28,30,0.726982474
97_dat,2023/9/28,40,0.634155571
97_dat,2023/9/28,50,0.488813221
97_dat,2023/9/29,5,0.149680749
97_dat,2023/9/29,10,0.184396952
97_dat,2023/9/29,15,0.228954151
97_dat,2023/9/29,20,0.37347427
97_dat,2023/9/29,30,0.664658129
97_dat,2023/9/29,40,0.638086438
97_dat,2023/9/29,50,0.493032128
97_dat,2023/9/30,5,0.145499319
97_dat,2023/9/30,10,0.176388413
97_dat,2023/9/30,15,0.224384993
97_dat,2023/9/30,20,0.381943554
97_dat,2023/9/30,30,0.656877995
97_dat,2023/9/30,40,0.649401426
97_dat,2023/9/30,50,0.504560828
97_dat,2023/10/1,5,0.150224268
97_dat,2023/10/1,10,0.170852423
97_dat,2023/10/1,15,0.22405377
97_dat,2023/10/1,20,0.39652887
97_dat,2023/10/1,30,0.644471228
97_dat,2023/10/1,40,0.64694351
97_dat,2023/10/1,50,0.507968009
97_dat,2023/10/2,5,0.188734144
97_dat,2023/10/2,10,0.19515194
97_dat,2023/10/2,15,0.239754602
97_dat,2023/10/2,20,0.417524248
97_dat,2023/10/2,30,0.608207762
97_dat,2023/10/2,40,0.664038837
97_dat,2023/10/2,50,0.514198303
97_dat,2023/10/3,5,0.209229872
97_dat,2023/10/3,10,0.223749042
97_dat,2023/10/3,15,0.268823773
97_dat,2023/10/3,20,0.450912625
97_dat,2023/10/3,30,0.574479342
97_dat,2023/10/3,40,0.671723127
97_dat,2023/10/3,50,0.511260808
97_dat,2023/10/4,5,0.203059703
97_dat,2023/10/4,10,0.213714495
97_dat,2023/10/4,15,0.267689854
97_dat,2023/10/4,20,0.494640052
97_dat,2023/10/4,30,0.575156331
97_dat,2023/10/4,40,0.66034174
97_dat,2023/10/4,50,0.49452588
97_dat,2023/10/5,5,0.20902586
97_dat,2023/10/5,10,0.229446381
97_dat,2023/10/5,15,0.299777806
97_dat,2023/10/5,20,0.508242607
97_dat,2023/10/5,30,0.554733276
97_dat,2023/10/5,40,0.632946849
97_dat,2023/10/5,50,0.464071751
97_dat,2023/10/6,5,0.264400661
97_dat,2023/10/6,10,0.306667268
97_dat,2023/10/6,15,0.365288109
97_dat,2023/10/6,20,0.462103665
97_dat,2023/10/6,30,0.521106243
97_dat,2023/10/6,40,0.594637394
97_dat,2023/10/6,50,0.429282308
97_dat,2023/10/7,5,0.302225649
97_dat,2023/10/7,10,0.349001557
97_dat,2023/10/7,15,0.410759628
97_dat,2023/10/7,20,0.476327002
97_dat,2023/10/7,30,0.521160722
97_dat,2023/10/7,40,0.561392725
97_dat,2023/10/7,50,0.406009734
97_dat,2023/10/8,5,0.297772259
97_dat,2023/10/8,10,0.339136869
97_dat,2023/10/8,15,0.422918528
97_dat,2023/10/8,20,0.530625403
97_dat,2023/10/8,30,0.564182997
97_dat,2023/10/8,40,0.548402548
97_dat,2023/10/8,50,0.392583549
97_dat,2023/10/9,5,0.279744744
97_dat,2023/10/9,10,0.298129678
97_dat,2023/10/9,15,0.389588535
97_dat,2023/10/9,20,0.586997807
97_dat,2023/10/9,30,0.606790841
97_dat,2023/10/9,40,0.532064676
97_dat,2023/10/9,50,0.393780529
97_dat,2023/10/10,5,0.265737712
97_dat,2023/10/10,10,0.273181289
97_dat,2023/10/10,15,0.36095646
97_dat,2023/10/10,20,0.611131728
97_dat,2023/10/10,30,0.628880084
97_dat,2023/10/10,40,0.526782274
97_dat,2023/10/10,50,0.403257281
97_dat,2023/10/11,5,0.255792916
97_dat,2023/10/11,10,0.260826617
97_dat,2023/10/11,15,0.348202586
97_dat,2023/10/11,20,0.619687855
97_dat,2023/10/11,30,0.662547231
97_dat,2023/10/11,40,0.536862552
97_dat,2023/10/11,50,0.42129004
97_dat,2023/10/12,5,0.246201783
97_dat,2023/10/12,10,0.254513919
97_dat,2023/10/12,15,0.345103532
97_dat,2023/10/12,20,0.622550547
97_dat,2023/10/12,30,0.698729217
97_dat,2023/10/12,40,0.538911939
97_dat,2023/10/12,50,0.435780287
97_dat,2023/10/13,5,0.236801058
97_dat,2023/10/13,10,0.254114211
97_dat,2023/10/13,15,0.349054188
97_dat,2023/10/13,20,0.623298407
97_dat,2023/10/13,30,0.734975457
97_dat,2023/10/13,40,0.537116587
97_dat,2023/10/13,50,0.442680597
97_dat,2023/10/14,5,0.225371644
97_dat,2023/10/14,10,0.247423589
97_dat,2023/10/14,15,0.347389013
97_dat,2023/10/14,20,0.624032795
97_dat,2023/10/14,30,0.781632781
97_dat,2023/10/14,40,0.545334578
97_dat,2023/10/14,50,0.44961533
97_dat,2023/10/15,5,0.218541235
97_dat,2023/10/15,10,0.236735269
97_dat,2023/10/15,15,0.34257707
97_dat,2023/10/15,20,0.623098373
97_dat,2023/10/15,30,0.815731943
97_dat,2023/10/15,40,0.552973866
97_dat,2023/10/15,50,0.452496946
97_dat,2023/10/16,5,0.239207447
97_dat,2023/10/16,10,0.259639353
97_dat,2023/10/16,15,0.348033965
97_dat,2023/10/16,20,0.570576429
97_dat,2023/10/16,30,0.846914113
97_dat,2023/10/16,40,0.564509869
97_dat,2023/10/16,50,0.447557807
97_dat,2023/10/17,5,0.288986474
97_dat,2023/10/17,10,0.309585303
97_dat,2023/10/17,15,0.370697141
97_dat,2023/10/17,20,0.47408852
97_dat,2023/10/17,30,0.82346189
97_dat,2023/10/17,40,0.594734907
97_dat,2023/10/17,50,0.438324928
97_dat,2023/10/18,5,0.310264409
97_dat,2023/10/18,10,0.332358778
97_dat,2023/10/18,15,0.384718835
97_dat,2023/10/18,20,0.4730784
97_dat,2023/10/18,30,0.756949723
97_dat,2023/10/18,40,0.599683344
97_dat,2023/10/18,50,0.427260041
97_dat,2023/10/19,5,0.300427973
97_dat,2023/10/19,10,0.328697562
97_dat,2023/10/19,15,0.380799115
97_dat,2023/10/19,20,0.461745977
97_dat,2023/10/19,30,0.652990639
97_dat,2023/10/19,40,0.551811576
97_dat,2023/10/19,50,0.400728047
97_dat,2023/10/20,5,0.313622147
97_dat,2023/10/20,10,0.331629664
97_dat,2023/10/20,15,0.366988599
97_dat,2023/10/20,20,0.389223844
97_dat,2023/10/20,30,0.520552993
97_dat,2023/10/20,40,0.500283003
97_dat,2023/10/20,50,0.371166795
97_dat,2023/10/21,5,0.376056731
97_dat,2023/10/21,10,0.377619475
97_dat,2023/10/21,15,0.384491563
97_dat,2023/10/21,20,0.381529003
97_dat,2023/10/21,30,0.450772196
97_dat,2023/10/21,40,0.488478333
97_dat,2023/10/21,50,0.360312521
97_dat,2023/10/22,5,0.434381723
97_dat,2023/10/22,10,0.434853762
97_dat,2023/10/22,15,0.422789276
97_dat,2023/10/22,20,0.406446964
97_dat,2023/10/22,30,0.441024423
97_dat,2023/10/22,40,0.484239638
97_dat,2023/10/22,50,0.354762524
97_dat,2023/10/23,5,0.473502755
97_dat,2023/10/23,10,0.474849135
97_dat,2023/10/23,15,0.461495847
97_dat,2023/10/23,20,0.434418917
97_dat,2023/10/23,30,0.459405422
97_dat,2023/10/23,40,0.478115439
97_dat,2023/10/23,50,0.34935227
97_dat,2023/10/24,5,0.477171749
97_dat,2023/10/24,10,0.483358711
97_dat,2023/10/24,15,0.494431138
97_dat,2023/10/24,20,0.473977953
97_dat,2023/10/24,30,0.489713848
97_dat,2023/10/24,40,0.475575686
97_dat,2023/10/24,50,0.345811397
97_dat,2023/10/25,5,0.44905448
97_dat,2023/10/25,10,0.460568607
97_dat,2023/10/25,15,0.5181337
97_dat,2023/10/25,20,0.527625322
97_dat,2023/10/25,30,0.522706807
97_dat,2023/10/25,40,0.470747054
97_dat,2023/10/25,50,0.347188562
97_dat,2023/10/26,5,0.418111622
97_dat,2023/10/26,10,0.426964402
97_dat,2023/10/26,15,0.518268228
97_dat,2023/10/26,20,0.579786479
97_dat,2023/10/26,30,0.548270643
97_dat,2023/10/26,40,0.464376777
97_dat,2023/10/26,50,0.350805253
97_dat,2023/10/27,5,0.395663828
97_dat,2023/10/27,10,0.402916849
97_dat,2023/10/27,15,0.511282265
97_dat,2023/10/27,20,0.610574782
97_dat,2023/10/27,30,0.555785179
97_dat,2023/10/27,40,0.455612212
97_dat,2023/10/27,50,0.352735847
97_dat,2023/10/28,5,0.383492082
97_dat,2023/10/28,10,0.387997121
97_dat,2023/10/28,15,0.506684363
97_dat,2023/10/28,20,0.639069557
97_dat,2023/10/28,30,0.565520465
97_dat,2023/10/28,40,0.452073663
97_dat,2023/10/28,50,0.363245904
97_dat,2023/10/29,5,0.369639635
97_dat,2023/10/29,10,0.373220801
97_dat,2023/10/29,15,0.503482282
97_dat,2023/10/29,20,0.68533963
97_dat,2023/10/29,30,0.591307759
97_dat,2023/10/29,40,0.449923784
97_dat,2023/10/29,50,0.377336919
97_dat,2023/10/30,5,0.353782058
97_dat,2023/10/30,10,0.358187854
97_dat,2023/10/30,15,0.500487685
97_dat,2023/10/30,20,0.733101428
97_dat,2023/10/30,30,0.620096862
97_dat,2023/10/30,40,0.446202278
97_dat,2023/10/30,50,0.382851094
97_dat,2023/10/31,5,0.34559837
97_dat,2023/10/31,10,0.350858212
97_dat,2023/10/31,15,0.485334396
97_dat,2023/10/31,20,0.768274605
97_dat,2023/10/31,30,0.644796431
97_dat,2023/10/31,40,0.440939486
97_dat,2023/10/31,50,0.382408202
97_dat,2023/11/1,5,0.345487565
97_dat,2023/11/1,10,0.355717778
97_dat,2023/11/1,15,0.469931394
97_dat,2023/11/1,20,0.765500069
97_dat,2023/11/1,30,0.647288382
97_dat,2023/11/1,40,0.428130567
97_dat,2023/11/1,50,0.374042541
97_dat,2023/11/2,5,0.354370922
97_dat,2023/11/2,10,0.361278415
97_dat,2023/11/2,15,0.47050181
97_dat,2023/11/2,20,0.74285531
97_dat,2023/11/2,30,0.644656062
97_dat,2023/11/2,40,0.418201566
97_dat,2023/11/2,50,0.365175366
97_dat,2023/11/3,5,0.370750755
97_dat,2023/11/3,10,0.379103035
97_dat,2023/11/3,15,0.458319366
97_dat,2023/11/3,20,0.719978988
97_dat,2023/11/3,30,0.648992956
97_dat,2023/11/3,40,0.419447154
97_dat,2023/11/3,50,0.360208839
97_dat,2023/11/4,5,0.399246126
97_dat,2023/11/4,10,0.401549906
97_dat,2023/11/4,15,0.442610174
97_dat,2023/11/4,20,0.701854408
97_dat,2023/11/4,30,0.655243933
97_dat,2023/11/4,40,0.432999015
97_dat,2023/11/4,50,0.360585272
97_dat,2023/11/5,5,0.414797604
97_dat,2023/11/5,10,0.416676968
97_dat,2023/11/5,15,0.429551005
97_dat,2023/11/5,20,0.700793684
97_dat,2023/11/5,30,0.654891074
97_dat,2023/11/5,40,0.44277662
97_dat,2023/11/5,50,0.362448663
97_dat,2023/11/6,5,0.418905824
97_dat,2023/11/6,10,0.419269681
97_dat,2023/11/6,15,0.42316851
97_dat,2023/11/6,20,0.641041338
97_dat,2023/11/6,30,0.599928737
97_dat,2023/11/6,40,0.429212004
97_dat,2023/11/6,50,0.35285008
97_dat,2023/11/7,5,0.433505446
97_dat,2023/11/7,10,0.434430242
97_dat,2023/11/7,15,0.436179101
97_dat,2023/11/7,20,0.539274454
97_dat,2023/11/7,30,0.528496563
97_dat,2023/11/7,40,0.418986112
97_dat,2023/11/7,50,0.343823761
97_dat,2023/11/8,5,0.463898569
97_dat,2023/11/8,10,0.463887841
97_dat,2023/11/8,15,0.461546957
97_dat,2023/11/8,20,0.512080908
97_dat,2023/11/8,30,0.496983618
97_dat,2023/11/8,40,0.413590074
97_dat,2023/11/8,50,0.342586279
97_dat,2023/11/9,5,0.487572074
97_dat,2023/11/9,10,0.487610579
97_dat,2023/11/9,15,0.487343192
97_dat,2023/11/9,20,0.52404201
97_dat,2023/11/9,30,0.49372682
97_dat,2023/11/9,40,0.410751849
97_dat,2023/11/9,50,0.339060605
97_dat,2023/11/10,5,0.503283501
97_dat,2023/11/10,10,0.502289832
97_dat,2023/11/10,15,0.499791205
97_dat,2023/11/10,20,0.496419638
97_dat,2023/11/10,30,0.455875784
97_dat,2023/11/10,40,0.403160721
97_dat,2023/11/10,50,0.335350126
97_dat,2023/11/11,5,0.533095896
97_dat,2023/11/11,10,0.532533824
97_dat,2023/11/11,15,0.531579196
97_dat,2023/11/11,20,0.49808979
97_dat,2023/11/11,30,0.444187611
97_dat,2023/11/11,40,0.389708847
97_dat,2023/11/11,50,0.3340244
97_dat,2023/11/12,5,0.601321876
97_dat,2023/11/12,10,0.600652635
97_dat,2023/11/12,15,0.599701703
97_dat,2023/11/12,20,0.57213062
97_dat,2023/11/12,30,0.455361247
97_dat,2023/11/12,40,0.394542038
97_dat,2023/11/12,50,0.33553645
97_dat,2023/11/13,5,0.677483678
97_dat,2023/11/13,10,0.67633146
97_dat,2023/11/13,15,0.674937725
97_dat,2023/11/13,20,0.667735398
97_dat,2023/11/13,30,0.47813186
97_dat,2023/11/13,40,0.39949581
97_dat,2023/11/13,50,0.342344612
97_dat,2023/11/14,5,0.750382423
97_dat,2023/11/14,10,0.748935521
97_dat,2023/11/14,15,0.747370958
97_dat,2023/11/14,20,0.743062437
97_dat,2023/11/14,30,0.499467224
97_dat,2023/11/14,40,0.384247959
97_dat,2023/11/14,50,0.338005513
97_dat,2023/11/15,5,0.815256178
97_dat,2023/11/15,10,0.813506365
97_dat,2023/11/15,15,0.811428785
97_dat,2023/11/15,20,0.805013299
97_dat,2023/11/15,30,0.493888199
97_dat,2023/11/15,40,0.367563307
97_dat,2023/11/15,50,0.331467986
97_dat,2023/11/16,5,0.836191416
97_dat,2023/11/16,10,0.834620357
97_dat,2023/11/16,15,0.831947386
97_dat,2023/11/16,20,0.824180186
97_dat,2023/11/16,30,0.477353513
97_dat,2023/11/16,40,0.35096705
97_dat,2023/11/16,50,0.324292034
97_dat,2023/11/17,5,0.784341693
97_dat,2023/11/17,10,0.781955242
97_dat,2023/11/17,15,0.776494026
97_dat,2023/11/17,20,0.754710317
97_dat,2023/11/17,30,0.507902861
97_dat,2023/11/17,40,0.321239501
97_dat,2023/11/17,50,0.293250203
97_dat,2023/11/18,5,0.753354132
97_dat,2023/11/18,10,0.751372099
97_dat,2023/11/18,15,0.748139501
97_dat,2023/11/18,20,0.729698002
97_dat,2023/11/18,30,0.497077942
97_dat,2023/11/18,40,0.2854909
97_dat,2023/11/18,50,0.264016092
97_dat,2023/11/19,5,0.768845379
97_dat,2023/11/19,10,0.766965806
97_dat,2023/11/19,15,0.764843464
97_dat,2023/11/19,20,0.760539412
97_dat,2023/11/19,30,0.536688626
97_dat,2023/11/19,40,0.271453291
97_dat,2023/11/19,50,0.256783724
97_dat,2023/11/20,5,0.795937538
97_dat,2023/11/20,10,0.794160068
97_dat,2023/11/20,15,0.792224407
97_dat,2023/11/20,20,0.789028764
97_dat,2023/11/20,30,0.698746204
97_dat,2023/11/20,40,0.276297271
97_dat,2023/11/20,50,0.25594604
97_dat,2023/11/21,5,0.857010424
97_dat,2023/11/21,10,0.855212748
97_dat,2023/11/21,15,0.853263915
97_dat,2023/11/21,20,0.850211561
97_dat,2023/11/21,30,0.811944962
97_dat,2023/11/21,40,0.291475475
97_dat,2023/11/21,50,0.254842728
97_dat,2023/11/22,5,0.934292972
97_dat,2023/11/22,10,0.928771257
97_dat,2023/11/22,15,0.920054734
97_dat,2023/11/22,20,0.898238659
97_dat,2023/11/22,30,0.78870225
97_dat,2023/11/22,40,0.289745063
97_dat,2023/11/22,50,0.252429217
97_dat,2023/11/23,5,0.97611028
97_dat,2023/11/23,10,0.966890812
97_dat,2023/11/23,15,0.954702079
97_dat,2023/11/23,20,0.930532932
97_dat,2023/11/23,30,0.697249353
97_dat,2023/11/23,40,0.27916345
97_dat,2023/11/23,50,0.248097062
97_dat,2023/11/24,5,0.91967386
97_dat,2023/11/24,10,0.91666013
97_dat,2023/11/24,15,0.913201571
97_dat,2023/11/24,20,0.907560229
97_dat,2023/11/24,30,0.82701546
97_dat,2023/11/24,40,0.326848775
97_dat,2023/11/24,50,0.251350135
97_dat,2023/11/25,5,0.890039742
97_dat,2023/11/25,10,0.888121486
97_dat,2023/11/25,15,0.885986447
97_dat,2023/11/25,20,0.882709444
97_dat,2023/11/25,30,0.866224825
97_dat,2023/11/25,40,0.44635579
97_dat,2023/11/25,50,0.320289791
97_dat,2023/11/26,5,0.903234363
97_dat,2023/11/26,10,0.901480556
97_dat,2023/11/26,15,0.899594486
97_dat,2023/11/26,20,0.896724939
97_dat,2023/11/26,30,0.885196209
97_dat,2023/11/26,40,0.530354917
97_dat,2023/11/26,50,0.32701385
97_dat,2023/11/27,5,0.914624095
97_dat,2023/11/27,10,0.91310668
97_dat,2023/11/27,15,0.911104202
97_dat,2023/11/27,20,0.907028675
97_dat,2023/11/27,30,0.883358419
97_dat,2023/11/27,40,0.562580824
97_dat,2023/11/27,50,0.31536746
97_dat,2023/11/28,5,0.89941597
97_dat,2023/11/28,10,0.896337152
97_dat,2023/11/28,15,0.892857909
97_dat,2023/11/28,20,0.886888087
97_dat,2023/11/28,30,0.861900389
97_dat,2023/11/28,40,0.689358234
97_dat,2023/11/28,50,0.36454162
97_dat,2023/11/29,5,0.816034794
97_dat,2023/11/29,10,0.813516438
97_dat,2023/11/29,15,0.810782373
97_dat,2023/11/29,20,0.806589365
97_dat,2023/11/29,30,0.794356227
97_dat,2023/11/29,40,0.764656663
97_dat,2023/11/29,50,0.573907077
97_dat,2023/11/30,5,0.80295366
97_dat,2023/11/30,10,0.801361263
97_dat,2023/11/30,15,0.799680233
97_dat,2023/11/30,20,0.797201216
97_dat,2023/11/30,30,0.79056114
97_dat,2023/11/30,40,0.776298821
97_dat,2023/11/30,50,0.704394281
97_dat,2023/12/1,5,0.807376027
97_dat,2023/12/1,10,0.805780649
97_dat,2023/12/1,15,0.804156423
97_dat,2023/12/1,20,0.801818013
97_dat,2023/12/1,30,0.795899391
97_dat,2023/12/1,40,0.78568697
97_dat,2023/12/1,50,0.749962211
97_dat,2023/12/2,5,0.816006362
97_dat,2023/12/2,10,0.815142095
97_dat,2023/12/2,15,0.814306498
97_dat,2023/12/2,20,0.813125551
97_dat,2023/12/2,30,0.809840262
97_dat,2023/12/2,40,0.80082947
97_dat,2023/12/2,50,0.741401911
97_dat,2023/12/3,5,0.841192007
97_dat,2023/12/3,10,0.840623379
97_dat,2023/12/3,15,0.840028107
97_dat,2023/12/3,20,0.839110851
97_dat,2023/12/3,30,0.83481133
97_dat,2023/12/3,40,0.805606365
97_dat,2023/12/3,50,0.695391417
97_dat,2023/12/4,5,0.860889494
97_dat,2023/12/4,10,0.860537827
97_dat,2023/12/4,15,0.860119641
97_dat,2023/12/4,20,0.859358966
97_dat,2023/12/4,30,0.854963064
97_dat,2023/12/4,40,0.795870662
97_dat,2023/12/4,50,0.657233953
97_dat,2023/12/5,5,0.892871082
97_dat,2023/12/5,10,0.892202914
97_dat,2023/12/5,15,0.891252339
97_dat,2023/12/5,20,0.88907218
97_dat,2023/12/5,30,0.86911732
97_dat,2023/12/5,40,0.726420999
97_dat,2023/12/5,50,0.574659348
97_dat,2023/12/6,5,0.903338909
97_dat,2023/12/6,10,0.9019503
97_dat,2023/12/6,15,0.899861157
97_dat,2023/12/6,20,0.894730628
97_dat,2023/12/6,30,0.832081378
97_dat,2023/12/6,40,0.651022792
97_dat,2023/12/6,50,0.498213708
97_dat,2023/12/7,5,0.806288183
97_dat,2023/12/7,10,0.803930342
97_dat,2023/12/7,15,0.800802648
97_dat,2023/12/7,20,0.794724464
97_dat,2023/12/7,30,0.741471946
97_dat,2023/12/7,40,0.639475346
97_dat,2023/12/7,50,0.545122504
97_dat,2023/12/8,5,0.738816679
97_dat,2023/12/8,10,0.736872137
97_dat,2023/12/8,15,0.734711945
97_dat,2023/12/8,20,0.731255472
97_dat,2023/12/8,30,0.719014287
97_dat,2023/12/8,40,0.685472012
97_dat,2023/12/8,50,0.608149469
97_dat,2023/12/9,5,0.746269107
97_dat,2023/12/9,10,0.743807733
97_dat,2023/12/9,15,0.741105556
97_dat,2023/12/9,20,0.736981392
97_dat,2023/12/9,30,0.722233474
97_dat,2023/12/9,40,0.681280434
97_dat,2023/12/9,50,0.622929513
97_dat,2023/12/10,5,0.702640116
97_dat,2023/12/10,10,0.700973213
97_dat,2023/12/10,15,0.699199438
97_dat,2023/12/10,20,0.696605861
97_dat,2023/12/10,30,0.689943731
97_dat,2023/12/10,40,0.67857039
97_dat,2023/12/10,50,0.658598065
97_dat,2023/12/11,5,0.663587749
97_dat,2023/12/11,10,0.662653685
97_dat,2023/12/11,15,0.66172415
97_dat,2023/12/11,20,0.660404384
97_dat,2023/12/11,30,0.657194555
97_dat,2023/12/11,40,0.652830362
97_dat,2023/12/11,50,0.647472799
97_dat,2023/12/12,5,0.631639063
97_dat,2023/12/12,10,0.630883634
97_dat,2023/12/12,15,0.630174279
97_dat,2023/12/12,20,0.629196227
97_dat,2023/12/12,30,0.626861036
97_dat,2023/12/12,40,0.623754025
97_dat,2023/12/12,50,0.620127261
97_dat,2023/12/13,5,0.631772935
97_dat,2023/12/13,10,0.630747616
97_dat,2023/12/13,15,0.629741907
97_dat,2023/12/13,20,0.628378928
97_dat,2023/12/13,30,0.62535578
97_dat,2023/12/13,40,0.621954501
97_dat,2023/12/13,50,0.618574083
97_dat,2023/12/14,5,0.630266428
97_dat,2023/12/14,10,0.629237056
97_dat,2023/12/14,15,0.62825942
97_dat,2023/12/14,20,0.626954317
97_dat,2023/12/14,30,0.624068439
97_dat,2023/12/14,40,0.620869219
97_dat,2023/12/14,50,0.617681026
97_dat,2023/12/15,5,0.595667601
97_dat,2023/12/15,10,0.595693827
97_dat,2023/12/15,15,0.595712483
97_dat,2023/12/15,20,0.595726669
97_dat,2023/12/15,30,0.5956586
97_dat,2023/12/15,40,0.595176101
97_dat,2023/12/15,50,0.594053447
97_dat,2023/12/16,5,0.556481779
97_dat,2023/12/16,10,0.556631088
97_dat,2023/12/16,15,0.556803226
97_dat,2023/12/16,20,0.557129323
97_dat,2023/12/16,30,0.558202982
97_dat,2023/12/16,40,0.55833751
97_dat,2023/12/16,50,0.556251228
97_dat,2023/12/17,5,0.556942463
97_dat,2023/12/17,10,0.556232512
97_dat,2023/12/17,15,0.55553323
97_dat,2023/12/17,20,0.554579377
97_dat,2023/12/17,30,0.552387118
97_dat,2023/12/17,40,0.549776733
97_dat,2023/12/17,50,0.546684444
97_dat,2023/12/18,5,0.594045877
97_dat,2023/12/18,10,0.593218505
97_dat,2023/12/18,15,0.592444718
97_dat,2023/12/18,20,0.591433048
97_dat,2023/12/18,30,0.589286745
97_dat,2023/12/18,40,0.587081134
97_dat,2023/12/18,50,0.585056365
97_dat,2023/12/19,5,0.606491029
97_dat,2023/12/19,10,0.606013954
97_dat,2023/12/19,15,0.605617285
97_dat,2023/12/19,20,0.60512358
97_dat,2023/12/19,30,0.604106784
97_dat,2023/12/19,40,0.602999389
97_dat,2023/12/19,50,0.601871967
97_dat,2023/12/20,5,0.625550151
97_dat,2023/12/20,10,0.625230014
97_dat,2023/12/20,15,0.62499243
97_dat,2023/12/20,20,0.624723375
97_dat,2023/12/20,30,0.624223769
97_dat,2023/12/20,40,0.623636186
97_dat,2023/12/20,50,0.62294668
97_dat,2023/12/21,5,0.671966732
97_dat,2023/12/21,10,0.671524107
97_dat,2023/12/21,15,0.671186805
97_dat,2023/12/21,20,0.670799971
97_dat,2023/12/21,30,0.670104563
97_dat,2023/12/21,40,0.669406176
97_dat,2023/12/21,50,0.668672621
97_dat,2023/12/22,5,0.716745615
97_dat,2023/12/22,10,0.716286778
97_dat,2023/12/22,15,0.715939105
97_dat,2023/12/22,20,0.715549707
97_dat,2023/12/22,30,0.714889288
97_dat,2023/12/22,40,0.714252889
97_dat,2023/12/22,50,0.713582754
97_dat,2023/12/23,5,0.756591797
97_dat,2023/12/23,10,0.756170213
97_dat,2023/12/23,15,0.755862892
97_dat,2023/12/23,20,0.755539298
97_dat,2023/12/23,30,0.755073905
97_dat,2023/12/23,40,0.7546736
97_dat,2023/12/23,50,0.754199505
97_dat,2023/12/24,5,0.777253687
97_dat,2023/12/24,10,0.777496696
97_dat,2023/12/24,15,0.777742624
97_dat,2023/12/24,20,0.77810657
97_dat,2023/12/24,30,0.778988123
97_dat,2023/12/24,40,0.779594958
97_dat,2023/12/24,50,0.779637516
97_dat,2023/12/25,5,0.800601661
97_dat,2023/12/25,10,0.800902188
97_dat,2023/12/25,15,0.80119276
97_dat,2023/12/25,20,0.801718295
97_dat,2023/12/25,30,0.805072069
97_dat,2023/12/25,40,0.811896145
97_dat,2023/12/25,50,0.811391592
97_dat,2023/12/26,5,0.819837034
97_dat,2023/12/26,10,0.819559395
97_dat,2023/12/26,15,0.819312274
97_dat,2023/12/26,20,0.818991542
97_dat,2023/12/26,30,0.818924487
97_dat,2023/12/26,40,0.821581542
97_dat,2023/12/26,50,0.815544844
97_dat,2023/12/27,5,0.818049371
97_dat,2023/12/27,10,0.817383349
97_dat,2023/12/27,15,0.816771686
97_dat,2023/12/27,20,0.815946102
97_dat,2023/12/27,30,0.813967824
97_dat,2023/12/27,40,0.811148465
97_dat,2023/12/27,50,0.807904124
97_dat,2023/12/28,5,0.815619051
97_dat,2023/12/28,10,0.815341234
97_dat,2023/12/28,15,0.815114498
97_dat,2023/12/28,20,0.814837992
97_dat,2023/12/28,30,0.814262748
97_dat,2023/12/28,40,0.813403368
97_dat,2023/12/28,50,0.812177002
97_dat,2023/12/29,5,0.81806004
97_dat,2023/12/29,10,0.818165243
97_dat,2023/12/29,15,0.818311214
97_dat,2023/12/29,20,0.818544447
97_dat,2023/12/29,30,0.819260657
97_dat,2023/12/29,40,0.820064485
97_dat,2023/12/29,50,0.819680929
97_dat,2023/12/30,5,0.824324727
97_dat,2023/12/30,10,0.82477051
97_dat,2023/12/30,15,0.825217962
97_dat,2023/12/30,20,0.825850725
97_dat,2023/12/30,30,0.82785964
97_dat,2023/12/30,40,0.830325305
97_dat,2023/12/30,50,0.83065182
97_dat,2023/12/31,5,0.775052726
97_dat,2023/12/31,10,0.775288641
97_dat,2023/12/31,15,0.775549054
97_dat,2023/12/31,20,0.776073635
97_dat,2023/12/31,30,0.781124413
97_dat,2023/12/31,40,0.791413486
97_dat,2023/12/31,50,0.790336728
97_dat,2024/1/1,5,0.742091894
97_dat,2024/1/1,10,0.742119312
97_dat,2024/1/1,15,0.742142022
97_dat,2024/1/1,20,0.742167234
97_dat,2024/1/1,30,0.743621767
97_dat,2024/1/1,40,0.75131762
97_dat,2024/1/1,50,0.745735347
97_dat,2024/1/2,5,0.750406921
97_dat,2024/1/2,10,0.749980092
97_dat,2024/1/2,15,0.749523103
97_dat,2024/1/2,20,0.748825729
97_dat,2024/1/2,30,0.746387005
97_dat,2024/1/2,40,0.734653056
97_dat,2024/1/2,50,0.727229834
97_dat,2024/1/3,5,0.750622749
97_dat,2024/1/3,10,0.749822021
97_dat,2024/1/3,15,0.748981595
97_dat,2024/1/3,20,0.747726142
97_dat,2024/1/3,30,0.742637634
97_dat,2024/1/3,40,0.724491537
97_dat,2024/1/3,50,0.717401206
97_dat,2024/1/4,5,0.766495764
97_dat,2024/1/4,10,0.765489221
97_dat,2024/1/4,15,0.764442444
97_dat,2024/1/4,20,0.762770534
97_dat,2024/1/4,30,0.74802804
97_dat,2024/1/4,40,0.719897449
97_dat,2024/1/4,50,0.706087232
97_dat,2024/1/5,5,0.744917035
97_dat,2024/1/5,10,0.743614376
97_dat,2024/1/5,15,0.742191315
97_dat,2024/1/5,20,0.739863396
97_dat,2024/1/5,30,0.718449414
97_dat,2024/1/5,40,0.690227926
97_dat,2024/1/5,50,0.677507877
97_dat,2024/1/6,5,0.701847732
97_dat,2024/1/6,10,0.700571001
97_dat,2024/1/6,15,0.699234605
97_dat,2024/1/6,20,0.697225034
97_dat,2024/1/6,30,0.689389706
97_dat,2024/1/6,40,0.666167259
97_dat,2024/1/6,50,0.655552566
97_dat,2024/1/7,5,0.69541651
97_dat,2024/1/7,10,0.694426656
97_dat,2024/1/7,15,0.693393469
97_dat,2024/1/7,20,0.691872478
97_dat,2024/1/7,30,0.687533736
97_dat,2024/1/7,40,0.677304924
97_dat,2024/1/7,50,0.663792014
97_dat,2024/1/8,5,0.691342115
97_dat,2024/1/8,10,0.690630138
97_dat,2024/1/8,15,0.689927638
97_dat,2024/1/8,20,0.688922286
97_dat,2024/1/8,30,0.686375856
97_dat,2024/1/8,40,0.683207214
97_dat,2024/1/8,50,0.679993153
97_dat,2024/1/9,5,0.674609005
97_dat,2024/1/9,10,0.67417717
97_dat,2024/1/9,15,0.673781037
97_dat,2024/1/9,20,0.673214316
97_dat,2024/1/9,30,0.671474516
97_dat,2024/1/9,40,0.668095231
97_dat,2024/1/9,50,0.663071811
97_dat,2024/1/10,5,0.658921301
97_dat,2024/1/10,10,0.658293843
97_dat,2024/1/10,15,0.657652318
97_dat,2024/1/10,20,0.656701922
97_dat,2024/1/10,30,0.654182673
97_dat,2024/1/10,40,0.650731981
97_dat,2024/1/10,50,0.646639585
97_dat,2024/1/11,5,0.661878347
97_dat,2024/1/11,10,0.661597431
97_dat,2024/1/11,15,0.661322713
97_dat,2024/1/11,20,0.660966158
97_dat,2024/1/11,30,0.659761488
97_dat,2024/1/11,40,0.652672946
97_dat,2024/1/11,50,0.645161748
97_dat,2024/1/12,5,0.685902834
97_dat,2024/1/12,10,0.685095847
97_dat,2024/1/12,15,0.68429023
97_dat,2024/1/12,20,0.682858229
97_dat,2024/1/12,30,0.648090184
97_dat,2024/1/12,40,0.630659103
97_dat,2024/1/12,50,0.61819917
97_dat,2024/1/13,5,0.724019825
97_dat,2024/1/13,10,0.722248554
97_dat,2024/1/13,15,0.720428705
97_dat,2024/1/13,20,0.716697812
97_dat,2024/1/13,30,0.630573273
97_dat,2024/1/13,40,0.626943052
97_dat,2024/1/13,50,0.616470218
97_dat,2024/1/14,5,0.715518892
97_dat,2024/1/14,10,0.713383853
97_dat,2024/1/14,15,0.711205125
97_dat,2024/1/14,20,0.706672847
97_dat,2024/1/14,30,0.631331921
97_dat,2024/1/14,40,0.623687387
97_dat,2024/1/14,50,0.613984168
97_dat,2024/1/15,5,0.698975563
97_dat,2024/1/15,10,0.69788599
97_dat,2024/1/15,15,0.696715355
97_dat,2024/1/15,20,0.69445318
97_dat,2024/1/15,30,0.658177793
97_dat,2024/1/15,40,0.636902332
97_dat,2024/1/15,50,0.618112922
97_dat,2024/1/16,5,0.718023777
97_dat,2024/1/16,10,0.717149079
97_dat,2024/1/16,15,0.716201067
97_dat,2024/1/16,20,0.714524209
97_dat,2024/1/16,30,0.671335697
97_dat,2024/1/16,40,0.661377847
97_dat,2024/1/16,50,0.655539036
97_dat,2024/1/17,5,0.738690138
97_dat,2024/1/17,10,0.737725854
97_dat,2024/1/17,15,0.736721516
97_dat,2024/1/17,20,0.734871089
97_dat,2024/1/17,30,0.693152368
97_dat,2024/1/17,40,0.686781049
97_dat,2024/1/17,50,0.682378888
97_dat,2024/1/18,5,0.762982607
97_dat,2024/1/18,10,0.761976302
97_dat,2024/1/18,15,0.760856926
97_dat,2024/1/18,20,0.757248998
97_dat,2024/1/18,30,0.721946776
97_dat,2024/1/18,40,0.717857003
97_dat,2024/1/18,50,0.712104201
97_dat,2024/1/19,5,0.790412366
97_dat,2024/1/19,10,0.789045513
97_dat,2024/1/19,15,0.787413239
97_dat,2024/1/19,20,0.774944603
97_dat,2024/1/19,30,0.753296077
97_dat,2024/1/19,40,0.74710542
97_dat,2024/1/19,50,0.736544251
97_dat,2024/1/20,5,0.798623383
97_dat,2024/1/20,10,0.797483146
97_dat,2024/1/20,15,0.796024621
97_dat,2024/1/20,20,0.783625364
97_dat,2024/1/20,30,0.768644094
97_dat,2024/1/20,40,0.759794116
97_dat,2024/1/20,50,0.721022964
97_dat,2024/1/21,5,0.734842777
97_dat,2024/1/21,10,0.734608471
97_dat,2024/1/21,15,0.734273732
97_dat,2024/1/21,20,0.733481228
97_dat,2024/1/21,30,0.725915611
97_dat,2024/1/21,40,0.69946903
97_dat,2024/1/21,50,0.670439005
97_dat,2024/1/22,5,0.629444897
97_dat,2024/1/22,10,0.629454374
97_dat,2024/1/22,15,0.629286826
97_dat,2024/1/22,20,0.627922654
97_dat,2024/1/22,30,0.618877232
97_dat,2024/1/22,40,0.620987952
97_dat,2024/1/22,50,0.631327808
97_dat,2024/1/23,5,0.631810367
97_dat,2024/1/23,10,0.6312204
97_dat,2024/1/23,15,0.630024135
97_dat,2024/1/23,20,0.621411681
97_dat,2024/1/23,30,0.583775938
97_dat,2024/1/23,40,0.599629164
97_dat,2024/1/23,50,0.613968313
97_dat,2024/1/24,5,0.6683079
97_dat,2024/1/24,10,0.667218029
97_dat,2024/1/24,15,0.665878236
97_dat,2024/1/24,20,0.66177088
97_dat,2024/1/24,30,0.61545378
97_dat,2024/1/24,40,0.606284201
97_dat,2024/1/24,50,0.597611129
97_dat,2024/1/25,5,0.676701009
97_dat,2024/1/25,10,0.675943136
97_dat,2024/1/25,15,0.675125897
97_dat,2024/1/25,20,0.673678875
97_dat,2024/1/25,30,0.638210535
97_dat,2024/1/25,40,0.627752185
97_dat,2024/1/25,50,0.614887357
97_dat,2024/1/26,5,0.701768279
97_dat,2024/1/26,10,0.700846791
97_dat,2024/1/26,15,0.69986999
97_dat,2024/1/26,20,0.698303342
97_dat,2024/1/26,30,0.667008996
97_dat,2024/1/26,40,0.629810154
97_dat,2024/1/26,50,0.621857345
97_dat,2024/1/27,5,0.71419847
97_dat,2024/1/27,10,0.712876558
97_dat,2024/1/27,15,0.711503625
97_dat,2024/1/27,20,0.709419489
97_dat,2024/1/27,30,0.699264228
97_dat,2024/1/27,40,0.679910839
97_dat,2024/1/27,50,0.670670509
97_dat,2024/1/28,5,0.748121202
97_dat,2024/1/28,10,0.747550547
97_dat,2024/1/28,15,0.746996045
97_dat,2024/1/28,20,0.746025562
97_dat,2024/1/28,30,0.741755366
97_dat,2024/1/28,40,0.729799688
97_dat,2024/1/28,50,0.712954104
97_dat,2024/1/29,5,0.797003269
97_dat,2024/1/29,10,0.796255469
97_dat,2024/1/29,15,0.795538068
97_dat,2024/1/29,20,0.794373631
97_dat,2024/1/29,30,0.787875056
97_dat,2024/1/29,40,0.738472879
97_dat,2024/1/29,50,0.702033341
97_dat,2024/1/30,5,0.828785837
97_dat,2024/1/30,10,0.827434123
97_dat,2024/1/30,15,0.826087058
97_dat,2024/1/30,20,0.824118435
97_dat,2024/1/30,30,0.816083491
97_dat,2024/1/30,40,0.723736703
97_dat,2024/1/30,50,0.674233496
97_dat,2024/1/31,5,0.806249619
97_dat,2024/1/31,10,0.804853499
97_dat,2024/1/31,15,0.803370059
97_dat,2024/1/31,20,0.801140189
97_dat,2024/1/31,30,0.790765405
97_dat,2024/1/31,40,0.705770075
97_dat,2024/1/31,50,0.657660544
97_dat,2024/2/1,5,0.749848127
97_dat,2024/2/1,10,0.748741448
97_dat,2024/2/1,15,0.747554481
97_dat,2024/2/1,20,0.745792091
97_dat,2024/2/1,30,0.740836978
97_dat,2024/2/1,40,0.730116487
97_dat,2024/2/1,50,0.708764613
97_dat,2024/2/2,5,0.721701264
97_dat,2024/2/2,10,0.720986485
97_dat,2024/2/2,15,0.720264912
97_dat,2024/2/2,20,0.719245136
97_dat,2024/2/2,30,0.716819346
97_dat,2024/2/2,40,0.713891327
97_dat,2024/2/2,50,0.710875511
97_dat,2024/2/3,5,0.702465832
97_dat,2024/2/3,10,0.70185709
97_dat,2024/2/3,15,0.701300561
97_dat,2024/2/3,20,0.700547814
97_dat,2024/2/3,30,0.698817432
97_dat,2024/2/3,40,0.696987987
97_dat,2024/2/3,50,0.695451796
97_dat,2024/2/4,5,0.693698466
97_dat,2024/2/4,10,0.693238437
97_dat,2024/2/4,15,0.69283098
97_dat,2024/2/4,20,0.69228524
97_dat,2024/2/4,30,0.691043079
97_dat,2024/2/4,40,0.689744949
97_dat,2024/2/4,50,0.688628435
97_dat,2024/2/5,5,0.698377967
97_dat,2024/2/5,10,0.698460519
97_dat,2024/2/5,15,0.698618174
97_dat,2024/2/5,20,0.698899925
97_dat,2024/2/5,30,0.69971782
97_dat,2024/2/5,40,0.698966444
97_dat,2024/2/5,50,0.697293818
97_dat,2024/2/6,5,0.716997683
97_dat,2024/2/6,10,0.717222571
97_dat,2024/2/6,15,0.717525423
97_dat,2024/2/6,20,0.717950106
97_dat,2024/2/6,30,0.71901089
97_dat,2024/2/6,40,0.717724383
97_dat,2024/2/6,50,0.714934468
97_dat,2024/2/7,5,0.732491434
97_dat,2024/2/7,10,0.732447982
97_dat,2024/2/7,15,0.732415199
97_dat,2024/2/7,20,0.732349575
97_dat,2024/2/7,30,0.732195139
97_dat,2024/2/7,40,0.730821669
97_dat,2024/2/7,50,0.728433132
97_dat,2024/2/8,5,0.744867742
97_dat,2024/2/8,10,0.744470179
97_dat,2024/2/8,15,0.744127989
97_dat,2024/2/8,20,0.743673563
97_dat,2024/2/8,30,0.742610276
97_dat,2024/2/8,40,0.741179705
97_dat,2024/2/8,50,0.739593923
97_dat,2024/2/9,5,0.746998787
97_dat,2024/2/9,10,0.746862769
97_dat,2024/2/9,15,0.746734619
97_dat,2024/2/9,20,0.746543169
97_dat,2024/2/9,30,0.745971918
97_dat,2024/2/9,40,0.744722962
97_dat,2024/2/9,50,0.741399825
97_dat,2024/2/10,5,0.752296686
97_dat,2024/2/10,10,0.751676083
97_dat,2024/2/10,15,0.750914156
97_dat,2024/2/10,20,0.749520957
97_dat,2024/2/10,30,0.743835688
97_dat,2024/2/10,40,0.730952621
97_dat,2024/2/10,50,0.706722915
97_dat,2024/2/11,5,0.741681755
97_dat,2024/2/11,10,0.740525007
97_dat,2024/2/11,15,0.739331126
97_dat,2024/2/11,20,0.73756057
97_dat,2024/2/11,30,0.732910275
97_dat,2024/2/11,40,0.724908888
97_dat,2024/2/11,50,0.708428264
97_dat,2024/2/12,5,0.739724874
97_dat,2024/2/12,10,0.739422441
97_dat,2024/2/12,15,0.739202201
97_dat,2024/2/12,20,0.738946199
97_dat,2024/2/12,30,0.738406241
97_dat,2024/2/12,40,0.737454951
97_dat,2024/2/12,50,0.735589445
97_dat,2024/2/13,5,0.746077776
97_dat,2024/2/13,10,0.745937765
97_dat,2024/2/13,15,0.745883405
97_dat,2024/2/13,20,0.745862186
97_dat,2024/2/13,30,0.745810091
97_dat,2024/2/13,40,0.745483875
97_dat,2024/2/13,50,0.743954897
97_dat,2024/2/14,5,0.7580176
97_dat,2024/2/14,10,0.757565975
97_dat,2024/2/14,15,0.757086694
97_dat,2024/2/14,20,0.756257057
97_dat,2024/2/14,30,0.751989782
97_dat,2024/2/14,40,0.735949159
97_dat,2024/2/14,50,0.709948421
97_dat,2024/2/15,5,0.7353369
97_dat,2024/2/15,10,0.734296143
97_dat,2024/2/15,15,0.733186543
97_dat,2024/2/15,20,0.731478512
97_dat,2024/2/15,30,0.725282311
97_dat,2024/2/15,40,0.710708499
97_dat,2024/2/15,50,0.682855487
97_dat,2024/2/16,5,0.697401345
97_dat,2024/2/16,10,0.69674474
97_dat,2024/2/16,15,0.696100295
97_dat,2024/2/16,20,0.695176244
97_dat,2024/2/16,30,0.692737579
97_dat,2024/2/16,40,0.689264596
97_dat,2024/2/16,50,0.684419096
97_dat,2024/2/17,5,0.694746435
97_dat,2024/2/17,10,0.694729149
97_dat,2024/2/17,15,0.694676459
97_dat,2024/2/17,20,0.694467545
97_dat,2024/2/17,30,0.692839265
97_dat,2024/2/17,40,0.685063064
97_dat,2024/2/17,50,0.667238533
97_dat,2024/2/18,5,0.701127529
97_dat,2024/2/18,10,0.700531065
97_dat,2024/2/18,15,0.699546218
97_dat,2024/2/18,20,0.696840107
97_dat,2024/2/18,30,0.677016854
97_dat,2024/2/18,40,0.642430305
97_dat,2024/2/18,50,0.61575979
97_dat,2024/2/19,5,0.701724887
97_dat,2024/2/19,10,0.696106911
97_dat,2024/2/19,15,0.689322233
97_dat,2024/2/19,20,0.676948309
97_dat,2024/2/19,30,0.632515252
97_dat,2024/2/19,40,0.590465307
97_dat,2024/2/19,50,0.560157537
97_dat,2024/2/20,5,0.651950419
97_dat,2024/2/20,10,0.650298655
97_dat,2024/2/20,15,0.648559034
97_dat,2024/2/20,20,0.646006286
97_dat,2024/2/20,30,0.638081372
97_dat,2024/2/20,40,0.612662613
97_dat,2024/2/20,50,0.574549615
97_dat,2024/2/21,5,0.628145933
97_dat,2024/2/21,10,0.627269804
97_dat,2024/2/21,15,0.626415014
97_dat,2024/2/21,20,0.625189781
97_dat,2024/2/21,30,0.621957183
97_dat,2024/2/21,40,0.617087901
97_dat,2024/2/21,50,0.610792339
97_dat,2024/2/22,5,0.616426647
97_dat,2024/2/22,10,0.616102159
97_dat,2024/2/22,15,0.615836203
97_dat,2024/2/22,20,0.61549294
97_dat,2024/2/22,30,0.614708841
97_dat,2024/2/22,40,0.613668561
97_dat,2024/2/22,50,0.612425864
97_dat,2024/2/23,5,0.617986619
97_dat,2024/2/23,10,0.618042529
97_dat,2024/2/23,15,0.618109882
97_dat,2024/2/23,20,0.618209302
97_dat,2024/2/23,30,0.618428767
97_dat,2024/2/23,40,0.618360698
97_dat,2024/2/23,50,0.617985189
97_dat,2024/2/24,5,0.623817563
97_dat,2024/2/24,10,0.623972356
97_dat,2024/2/24,15,0.624129951
97_dat,2024/2/24,20,0.62435174
97_dat,2024/2/24,30,0.624901295
97_dat,2024/2/24,40,0.625132442
97_dat,2024/2/24,50,0.624968827
97_dat,2024/2/25,5,0.622934878
97_dat,2024/2/25,10,0.623167574
97_dat,2024/2/25,15,0.623437226
97_dat,2024/2/25,20,0.62392664
97_dat,2024/2/25,30,0.625415146
97_dat,2024/2/25,40,0.626102746
97_dat,2024/2/25,50,0.626069009
97_dat,2024/2/26,5,0.603532314
97_dat,2024/2/26,10,0.603818953
97_dat,2024/2/26,15,0.604214609
97_dat,2024/2/26,20,0.60486263
97_dat,2024/2/26,30,0.60653919
97_dat,2024/2/26,40,0.606275141
97_dat,2024/2/26,50,0.605099261
97_dat,2024/2/27,5,0.601289809
97_dat,2024/2/27,10,0.601260126
97_dat,2024/2/27,15,0.601256013
97_dat,2024/2/27,20,0.601229429
97_dat,2024/2/27,30,0.600879014
97_dat,2024/2/27,40,0.599541068
97_dat,2024/2/27,50,0.597679913
97_dat,2024/2/28,5,0.63252449
97_dat,2024/2/28,10,0.632364988
97_dat,2024/2/28,15,0.632231414
97_dat,2024/2/28,20,0.632042229
97_dat,2024/2/28,30,0.6314165
97_dat,2024/2/28,40,0.630202293
97_dat,2024/2/28,50,0.628570735
97_dat,2024/2/29,5,0.668594956
97_dat,2024/2/29,10,0.668631077
97_dat,2024/2/29,15,0.668671727
97_dat,2024/2/29,20,0.668667614
97_dat,2024/2/29,30,0.667857885
97_dat,2024/2/29,40,0.665136933
97_dat,2024/2/29,50,0.66108799
97_dat,2024/3/1,5,0.657714784
97_dat,2024/3/1,10,0.657486022
97_dat,2024/3/1,15,0.657212436
97_dat,2024/3/1,20,0.656722307
97_dat,2024/3/1,30,0.655109346
97_dat,2024/3/1,40,0.652400553
97_dat,2024/3/1,50,0.648101449
97_dat,2024/3/2,5,0.653491855
97_dat,2024/3/2,10,0.653104484
97_dat,2024/3/2,15,0.652742267
97_dat,2024/3/2,20,0.652263582
97_dat,2024/3/2,30,0.651199281
97_dat,2024/3/2,40,0.64978683
97_dat,2024/3/2,50,0.647314548
97_dat,2024/3/3,5,0.691606581
97_dat,2024/3/3,10,0.691176236
97_dat,2024/3/3,15,0.690749168
97_dat,2024/3/3,20,0.69005692
97_dat,2024/3/3,30,0.688160002
97_dat,2024/3/3,40,0.68555975
97_dat,2024/3/3,50,0.681260109
97_dat,2024/3/4,5,0.731550336
97_dat,2024/3/4,10,0.730920553
97_dat,2024/3/4,15,0.730311096
97_dat,2024/3/4,20,0.729428351
97_dat,2024/3/4,30,0.727235138
97_dat,2024/3/4,40,0.724222481
97_dat,2024/3/4,50,0.719358444
97_dat,2024/3/5,5,0.780461788
97_dat,2024/3/5,10,0.780225873
97_dat,2024/3/5,15,0.77996546
97_dat,2024/3/5,20,0.779480815
97_dat,2024/3/5,30,0.777686119
97_dat,2024/3/5,40,0.774322808
97_dat,2024/3/5,50,0.767435253
97_dat,2024/3/6,5,0.845557749
97_dat,2024/3/6,10,0.844661474
97_dat,2024/3/6,15,0.843450725
97_dat,2024/3/6,20,0.840971112
97_dat,2024/3/6,30,0.828958213
97_dat,2024/3/6,40,0.801702082
97_dat,2024/3/6,50,0.766891301
97_dat,2024/3/7,5,0.901138425
97_dat,2024/3/7,10,0.898870766
97_dat,2024/3/7,15,0.895816505
97_dat,2024/3/7,20,0.890172482
97_dat,2024/3/7,30,0.868539631
97_dat,2024/3/7,40,0.832834244
97_dat,2024/3/7,50,0.787969708
97_dat,2024/3/8,5,0.956230581
97_dat,2024/3/8,10,0.953932643
97_dat,2024/3/8,15,0.950706303
97_dat,2024/3/8,20,0.944003165
97_dat,2024/3/8,30,0.912066281
97_dat,2024/3/8,40,0.855943501
97_dat,2024/3/8,50,0.799401283
97_dat,2024/3/9,5,1.00571692
97_dat,2024/3/9,10,1.001780868
97_dat,2024/3/9,15,0.99633944
97_dat,2024/3/9,20,0.985493064
97_dat,2024/3/9,30,0.941573441
97_dat,2024/3/9,40,0.872862101
97_dat,2024/3/9,50,0.806962967
97_dat,2024/3/10,5,1.02036953
97_dat,2024/3/10,10,1.017437696
97_dat,2024/3/10,15,1.013369441
97_dat,2024/3/10,20,1.0057652
97_dat,2024/3/10,30,0.977917671
97_dat,2024/3/10,40,0.927854002
97_dat,2024/3/10,50,0.868796468
97_dat,2024/3/11,5,1.078804255
97_dat,2024/3/11,10,1.076619625
97_dat,2024/3/11,15,1.072373986
97_dat,2024/3/11,20,1.059263229
97_dat,2024/3/11,30,0.984561384
97_dat,2024/3/11,40,0.888114154
97_dat,2024/3/11,50,0.824702203
97_dat,2024/3/12,5,1.145054698
97_dat,2024/3/12,10,1.136211753
97_dat,2024/3/12,15,1.123611689
97_dat,2024/3/12,20,1.095549107
97_dat,2024/3/12,30,0.938708186
97_dat,2024/3/12,40,0.800759733
97_dat,2024/3/12,50,0.733737409
97_dat,2024/3/13,5,1.043282986
97_dat,2024/3/13,10,1.036643147
97_dat,2024/3/13,15,1.029466271
97_dat,2024/3/13,20,1.018336654
97_dat,2024/3/13,30,0.973170578
97_dat,2024/3/13,40,0.9037745
97_dat,2024/3/13,50,0.837834299
97_dat,2024/3/14,5,1.067672729
97_dat,2024/3/14,10,1.065587521
97_dat,2024/3/14,15,1.062811852
97_dat,2024/3/14,20,1.056784391
97_dat,2024/3/14,30,1.009167194
97_dat,2024/3/14,40,0.926902354
97_dat,2024/3/14,50,0.861902356
97_dat,2024/3/15,5,1.159274936
97_dat,2024/3/15,10,1.154852152
97_dat,2024/3/15,15,1.147087097
97_dat,2024/3/15,20,1.126747012
97_dat,2024/3/15,30,1.002167702
97_dat,2024/3/15,40,0.851670444
97_dat,2024/3/15,50,0.77405256
97_dat,2024/3/16,5,1.192112565
97_dat,2024/3/16,10,1.184382319
97_dat,2024/3/16,15,1.172958016
97_dat,2024/3/16,20,1.149875045
97_dat,2024/3/16,30,1.046390176
97_dat,2024/3/16,40,0.879096925
97_dat,2024/3/16,50,0.759939551
97_dat,2024/3/17,5,1.120630503
97_dat,2024/3/17,10,1.114983678
97_dat,2024/3/17,15,1.107066274
97_dat,2024/3/17,20,1.093111277
97_dat,2024/3/17,30,1.047540426
97_dat,2024/3/17,40,0.984086037
97_dat,2024/3/17,50,0.91311115
97_dat,2024/3/18,5,1.05842793
97_dat,2024/3/18,10,1.057531118
97_dat,2024/3/18,15,1.056435823
97_dat,2024/3/18,20,1.054651737
97_dat,2024/3/18,30,1.049468398
97_dat,2024/3/18,40,1.041068077
97_dat,2024/3/18,50,1.029325724
97_dat,2024/3/19,5,1.135846615
97_dat,2024/3/19,10,1.135664105
97_dat,2024/3/19,15,1.135411024
97_dat,2024/3/19,20,1.134856224
97_dat,2024/3/19,30,1.132731676
97_dat,2024/3/19,40,1.129045606
97_dat,2024/3/19,50,1.122188687
97_dat,2024/3/20,5,1.255145907
97_dat,2024/3/20,10,1.254351497
97_dat,2024/3/20,15,1.253168106
97_dat,2024/3/20,20,1.250533938
97_dat,2024/3/20,30,1.236591697
97_dat,2024/3/20,40,1.190686822
97_dat,2024/3/20,50,1.139262557
97_dat,2024/3/21,5,1.384229183
97_dat,2024/3/21,10,1.381603599
97_dat,2024/3/21,15,1.377495885
97_dat,2024/3/21,20,1.368328571
97_dat,2024/3/21,30,1.31952858
97_dat,2024/3/21,40,1.20102787
97_dat,2024/3/21,50,1.094483972
97_dat,2024/3/22,5,1.517112732
97_dat,2024/3/22,10,1.513239622
97_dat,2024/3/22,15,1.506925225
97_dat,2024/3/22,20,1.491961718
97_dat,2024/3/22,30,1.389024615
97_dat,2024/3/22,40,1.175556779
97_dat,2024/3/22,50,1.034126401
97_dat,2024/3/23,5,1.66618526
97_dat,2024/3/23,10,1.659990907
97_dat,2024/3/23,15,1.648848414
97_dat,2024/3/23,20,1.611226559
97_dat,2024/3/23,30,1.351582766
97_dat,2024/3/23,40,1.053503871
97_dat,2024/3/23,50,0.903342724
97_dat,2024/3/24,5,1.77086401
97_dat,2024/3/24,10,1.760154486
97_dat,2024/3/24,15,1.739254236
97_dat,2024/3/24,20,1.680144548
97_dat,2024/3/24,30,1.323109865
97_dat,2024/3/24,40,0.936051488
97_dat,2024/3/24,50,0.783545732
97_dat,2024/3/25,5,1.763811469
97_dat,2024/3/25,10,1.752390623
97_dat,2024/3/25,15,1.732745767
97_dat,2024/3/25,20,1.688437462
97_dat,2024/3/25,30,1.43302989
97_dat,2024/3/25,40,0.991131961
97_dat,2024/3/25,50,0.805588305
97_dat,2024/3/26,5,1.805808306
97_dat,2024/3/26,10,1.796947598
97_dat,2024/3/26,15,1.78130281
97_dat,2024/3/26,20,1.736348987
97_dat,2024/3/26,30,1.454002738
97_dat,2024/3/26,40,1.016380668
97_dat,2024/3/26,50,0.800388098
97_dat,2024/3/27,5,1.874987245
97_dat,2024/3/27,10,1.866117835
97_dat,2024/3/27,15,1.850088358
97_dat,2024/3/27,20,1.798875093
97_dat,2024/3/27,30,1.416226387
97_dat,2024/3/27,40,0.979518771
97_dat,2024/3/27,50,0.733261883
97_dat,2024/3/28,5,1.892648935
97_dat,2024/3/28,10,1.880113006
97_dat,2024/3/28,15,1.858977199
97_dat,2024/3/28,20,1.792483211
97_dat,2024/3/28,30,1.373812556
97_dat,2024/3/28,40,0.978245378
97_dat,2024/3/28,50,0.742858648
97_dat,2024/3/29,5,1.846353769
97_dat,2024/3/29,10,1.829022765
97_dat,2024/3/29,15,1.781051278
97_dat,2024/3/29,20,1.651494145
97_dat,2024/3/29,30,1.210317254
97_dat,2024/3/29,40,0.920905828
97_dat,2024/3/29,50,0.756903112
97_dat,2024/3/30,5,1.712231517
97_dat,2024/3/30,10,1.705059171
97_dat,2024/3/30,15,1.666998625
97_dat,2024/3/30,20,1.539665461
97_dat,2024/3/30,30,1.114701986
97_dat,2024/3/30,40,0.934123039
97_dat,2024/3/30,50,0.813394785
97_dat,2024/3/31,5,1.635952711
97_dat,2024/3/31,10,1.632877469
97_dat,2024/3/31,15,1.623411655
97_dat,2024/3/31,20,1.578108668
97_dat,2024/3/31,30,1.153134227
97_dat,2024/3/31,40,0.965381801
97_dat,2024/3/31,50,0.867754221
97_dat,2024/4/1,5,1.663493872
97_dat,2024/4/1,10,1.660463452
97_dat,2024/4/1,15,1.653613806
97_dat,2024/4/1,20,1.631276608
97_dat,2024/4/1,30,1.325726509
97_dat,2024/4/1,40,1.007428646
97_dat,2024/4/1,50,0.904574752
97_dat,2024/4/2,5,1.705264091
97_dat,2024/4/2,10,1.70068562
97_dat,2024/4/2,15,1.692943096
97_dat,2024/4/2,20,1.673713326
97_dat,2024/4/2,30,1.534904122
97_dat,2024/4/2,40,1.090215683
97_dat,2024/4/2,50,0.940382779
97_dat,2024/4/3,5,1.809175491
97_dat,2024/4/3,10,1.806460977
97_dat,2024/4/3,15,1.804688692
97_dat,2024/4/3,20,1.746602297
97_dat,2024/4/3,30,1.533667684
97_dat,2024/4/3,40,1.083167553
97_dat,2024/4/3,50,0.90430212
97_dat,2024/4/4,5,1.901840091
97_dat,2024/4/4,10,1.910115242
97_dat,2024/4/4,15,1.928760529
97_dat,2024/4/4,20,1.842682004
97_dat,2024/4/4,30,1.383707285
97_dat,2024/4/4,40,0.956402063
97_dat,2024/4/4,50,0.791687787
97_dat,2024/4/5,5,1.892604589
97_dat,2024/4/5,10,1.897162318
97_dat,2024/4/5,15,1.905802965
97_dat,2024/4/5,20,1.898204565
97_dat,2024/4/5,30,1.409618735
97_dat,2024/4/5,40,0.931106091
97_dat,2024/4/5,50,0.718375862
97_dat,2024/4/6,5,1.870090365
97_dat,2024/4/6,10,1.888700724
97_dat,2024/4/6,15,1.935616136
97_dat,2024/4/6,20,1.901681185
97_dat,2024/4/6,30,1.347335577
97_dat,2024/4/6,40,0.872246265
97_dat,2024/4/6,50,0.653099716
97_dat,2024/4/7,5,1.802495122
97_dat,2024/4/7,10,1.872583151
97_dat,2024/4/7,15,1.998454094
97_dat,2024/4/7,20,1.848938107
97_dat,2024/4/7,30,1.188368917
97_dat,2024/4/7,40,0.752833664
97_dat,2024/4/7,50,0.576187253
97_dat,2024/4/8,5,1.680301905
97_dat,2024/4/8,10,1.768177867
97_dat,2024/4/8,15,1.906458974
97_dat,2024/4/8,20,1.773732185
97_dat,2024/4/8,30,1.060685396
97_dat,2024/4/8,40,0.654284
97_dat,2024/4/8,50,0.50919956
97_dat,2024/4/9,5,1.600886345
97_dat,2024/4/9,10,1.603354931
97_dat,2024/4/9,15,1.613864541
97_dat,2024/4/9,20,1.62385118
97_dat,2024/4/9,30,1.080895662
97_dat,2024/4/9,40,0.60820061
97_dat,2024/4/9,50,0.456016421
97_dat,2024/4/10,5,1.563248158
97_dat,2024/4/10,10,1.568333387
97_dat,2024/4/10,15,1.579251289
97_dat,2024/4/10,20,1.58346355
97_dat,2024/4/10,30,1.123760581
97_dat,2024/4/10,40,0.618678451
97_dat,2024/4/10,50,0.430934191
97_dat,2024/4/11,5,1.569417477
97_dat,2024/4/11,10,1.589425206
97_dat,2024/4/11,15,1.623146176
97_dat,2024/4/11,20,1.592005849
97_dat,2024/4/11,30,1.052782893
97_dat,2024/4/11,40,0.560300529
97_dat,2024/4/11,50,0.39671427
97_dat,2024/4/12,5,1.557253361
97_dat,2024/4/12,10,1.590900421
97_dat,2024/4/12,15,1.642060399
97_dat,2024/4/12,20,1.521184802
97_dat,2024/4/12,30,0.932654023
97_dat,2024/4/12,40,0.497914225
97_dat,2024/4/12,50,0.357017219
97_dat,2024/4/13,5,1.468854904
97_dat,2024/4/13,10,1.547827721
97_dat,2024/4/13,15,1.658040166
97_dat,2024/4/13,20,1.476802588
97_dat,2024/4/13,30,0.84664166
97_dat,2024/4/13,40,0.450371742
97_dat,2024/4/13,50,0.325081408
97_dat,2024/4/14,5,1.282338262
97_dat,2024/4/14,10,1.453482985
97_dat,2024/4/14,15,1.690616727
97_dat,2024/4/14,20,1.480065227
97_dat,2024/4/14,30,0.785794497
97_dat,2024/4/14,40,0.408870161
97_dat,2024/4/14,50,0.297671139
97_dat,2024/4/15,5,1.12691462
97_dat,2024/4/15,10,1.354493856
97_dat,2024/4/15,15,1.691037655
97_dat,2024/4/15,20,1.471305609
97_dat,2024/4/15,30,0.749469519
97_dat,2024/4/15,40,0.378077149
97_dat,2024/4/15,50,0.277163178
97_dat,2024/4/16,5,1.056737781
97_dat,2024/4/16,10,1.316917777
97_dat,2024/4/16,15,1.607921481
97_dat,2024/4/16,20,1.368502617
97_dat,2024/4/16,30,0.733660817
97_dat,2024/4/16,40,0.360582799
97_dat,2024/4/16,50,0.264118552
97_dat,2024/4/17,5,0.99143523
97_dat,2024/4/17,10,1.295783758
97_dat,2024/4/17,15,1.513190866
97_dat,2024/4/17,20,1.238996029
97_dat,2024/4/17,30,0.69183749
97_dat,2024/4/17,40,0.337865651
97_dat,2024/4/17,50,0.249252275
97_dat,2024/4/18,5,0.898525715
97_dat,2024/4/18,10,1.246761084
97_dat,2024/4/18,15,1.555902481
97_dat,2024/4/18,20,1.22678256
97_dat,2024/4/18,30,0.634657383
97_dat,2024/4/18,40,0.310018122
97_dat,2024/4/18,50,0.233036637
97_dat,2024/4/19,5,0.888840795
97_dat,2024/4/19,10,1.110057592
97_dat,2024/4/19,15,1.509202123
97_dat,2024/4/19,20,1.406630635
97_dat,2024/4/19,30,0.599828482
97_dat,2024/4/19,40,0.288934737
97_dat,2024/4/19,50,0.220793068
97_dat,2024/4/20,5,0.975536883
97_dat,2024/4/20,10,1.061951399
97_dat,2024/4/20,15,1.321286798
97_dat,2024/4/20,20,1.512956381
97_dat,2024/4/20,30,0.619622052
97_dat,2024/4/20,40,0.280361652
97_dat,2024/4/20,50,0.214171305
97_dat,2024/4/21,5,0.959008634
97_dat,2024/4/21,10,1.050082803
97_dat,2024/4/21,15,1.302589536
97_dat,2024/4/21,20,1.554680109
97_dat,2024/4/21,30,0.667672336
97_dat,2024/4/21,40,0.279036134
97_dat,2024/4/21,50,0.210605338
97_dat,2024/4/22,5,0.900537133
97_dat,2024/4/22,10,0.99734503
97_dat,2024/4/22,15,1.284961462
97_dat,2024/4/22,20,1.632842779
97_dat,2024/4/22,30,0.684157312
97_dat,2024/4/22,40,0.277849644
97_dat,2024/4/22,50,0.208175316
97_dat,2024/4/23,5,0.910722673
97_dat,2024/4/23,10,0.952187896
97_dat,2024/4/23,15,1.188235521
97_dat,2024/4/23,20,1.641491413
97_dat,2024/4/23,30,0.681746721
97_dat,2024/4/23,40,0.278482735
97_dat,2024/4/23,50,0.207077563
97_dat,2024/4/24,5,1.01781404
97_dat,2024/4/24,10,1.03678298
97_dat,2024/4/24,15,1.169578195
97_dat,2024/4/24,20,1.331586242
97_dat,2024/4/24,30,0.700802028
97_dat,2024/4/24,40,0.289150536
97_dat,2024/4/24,50,0.210433915
97_dat,2024/4/25,5,1.070419431
97_dat,2024/4/25,10,1.104578376
97_dat,2024/4/25,15,1.202653646
97_dat,2024/4/25,20,1.176170945
97_dat,2024/4/25,30,0.681079447
97_dat,2024/4/25,40,0.28903541
97_dat,2024/4/25,50,0.206703648
97_dat,2024/4/26,5,0.988355279
97_dat,2024/4/26,10,1.094094753
97_dat,2024/4/26,15,1.298108697
97_dat,2024/4/26,20,1.290924788
97_dat,2024/4/26,30,0.648938477
97_dat,2024/4/26,40,0.274637312
97_dat,2024/4/26,50,0.199231073
97_dat,2024/4/27,5,0.866017401
97_dat,2024/4/27,10,1.028598428
97_dat,2024/4/27,15,1.376732707
97_dat,2024/4/27,20,1.426690459
97_dat,2024/4/27,30,0.664217591
97_dat,2024/4/27,40,0.272541463
97_dat,2024/4/27,50,0.198666543
97_dat,2024/4/28,5,0.751962841
97_dat,2024/4/28,10,0.953125238
97_dat,2024/4/28,15,1.393418789
97_dat,2024/4/28,20,1.58971262
97_dat,2024/4/28,30,0.673659205
97_dat,2024/4/28,40,0.270917594
97_dat,2024/4/28,50,0.197951391
97_dat,2024/4/29,5,0.681596518
97_dat,2024/4/29,10,0.868770242
97_dat,2024/4/29,15,1.36597383
97_dat,2024/4/29,20,1.722555041
97_dat,2024/4/29,30,0.686055899
97_dat,2024/4/29,40,0.274520636
97_dat,2024/4/29,50,0.199036554
97_dat,2024/4/30,5,0.655204594
97_dat,2024/4/30,10,0.789450467
97_dat,2024/4/30,15,1.300556898
97_dat,2024/4/30,20,1.759564638
97_dat,2024/4/30,30,0.687521696
97_dat,2024/4/30,40,0.275634766
97_dat,2024/4/30,50,0.198115408
97_dat,2024/5/1,5,0.609204948
97_dat,2024/5/1,10,0.732927561
97_dat,2024/5/1,15,1.238765121
97_dat,2024/5/1,20,1.841337919
97_dat,2024/5/1,30,0.702446997
97_dat,2024/5/1,40,0.276517481
97_dat,2024/5/1,50,0.198378593
97_dat,2024/5/2,5,0.550070047
97_dat,2024/5/2,10,0.673495352
97_dat,2024/5/2,15,1.196279645
97_dat,2024/5/2,20,1.935496211
97_dat,2024/5/2,30,0.742272913
97_dat,2024/5/2,40,0.278787881
97_dat,2024/5/2,50,0.200782821
97_dat,2024/5/3,5,0.52272892
97_dat,2024/5/3,10,0.635991037
97_dat,2024/5/3,15,1.136372805
97_dat,2024/5/3,20,1.982908845
97_dat,2024/5/3,30,0.77360034
97_dat,2024/5/3,40,0.273866922
97_dat,2024/5/3,50,0.197774813
97_dat,2024/5/4,5,0.492596924
97_dat,2024/5/4,10,0.603171647
97_dat,2024/5/4,15,1.111419559
97_dat,2024/5/4,20,2.033130169
97_dat,2024/5/4,30,0.784881175
97_dat,2024/5/4,40,0.269482136
97_dat,2024/5/4,50,0.195978642
97_dat,2024/5/5,5,0.454808652
97_dat,2024/5/5,10,0.562760592
97_dat,2024/5/5,15,1.105267406
97_dat,2024/5/5,20,2.087419987
97_dat,2024/5/5,30,0.790290654
97_dat,2024/5/5,40,0.270677418
97_dat,2024/5/5,50,0.198058158
97_dat,2024/5/6,5,0.433024526
97_dat,2024/5/6,10,0.550798953
97_dat,2024/5/6,15,1.09845221
97_dat,2024/5/6,20,2.011793852
97_dat,2024/5/6,30,0.779489636
97_dat,2024/5/6,40,0.270295769
97_dat,2024/5/6,50,0.197695896
97_dat,2024/5/7,5,0.441379875
97_dat,2024/5/7,10,0.589465916
97_dat,2024/5/7,15,1.093551159
97_dat,2024/5/7,20,1.878680825
97_dat,2024/5/7,30,0.743302166
97_dat,2024/5/7,40,0.264775783
97_dat,2024/5/7,50,0.191820174
97_dat,2024/5/8,5,0.452692002
97_dat,2024/5/8,10,0.600634515
97_dat,2024/5/8,15,1.083154559
97_dat,2024/5/8,20,1.83351326
97_dat,2024/5/8,30,0.787420988
97_dat,2024/5/8,40,0.27215451
97_dat,2024/5/8,50,0.192331254
97_dat,2024/5/9,5,0.435703546
97_dat,2024/5/9,10,0.556825221
97_dat,2024/5/9,15,1.046135306
97_dat,2024/5/9,20,1.875589132
97_dat,2024/5/9,30,0.834538817
97_dat,2024/5/9,40,0.277994931
97_dat,2024/5/9,50,0.196302757
97_dat,2024/5/10,5,0.406283826
97_dat,2024/5/10,10,0.524564385
97_dat,2024/5/10,15,1.022410154
97_dat,2024/5/10,20,1.947770953
97_dat,2024/5/10,30,0.860877931
97_dat,2024/5/10,40,0.274878681
97_dat,2024/5/10,50,0.195212007
97_dat,2024/5/11,5,0.381533176
97_dat,2024/5/11,10,0.502840221
97_dat,2024/5/11,15,1.012276053
97_dat,2024/5/11,20,2.005599499
97_dat,2024/5/11,30,0.885781229
97_dat,2024/5/11,40,0.273709387
97_dat,2024/5/11,50,0.194162428
97_dat,2024/5/12,5,0.369509488
97_dat,2024/5/12,10,0.498264045
97_dat,2024/5/12,15,1.02336216
97_dat,2024/5/12,20,2.009716034
97_dat,2024/5/12,30,0.870060205
97_dat,2024/5/12,40,0.26829493
97_dat,2024/5/12,50,0.191606387
97_dat,2024/5/13,5,0.365241379
97_dat,2024/5/13,10,0.512041032
97_dat,2024/5/13,15,1.029200435
97_dat,2024/5/13,20,2.007899046
97_dat,2024/5/13,30,0.838243842
97_dat,2024/5/13,40,0.260116726
97_dat,2024/5/13,50,0.18647863
97_dat,2024/5/14,5,0.35956794
97_dat,2024/5/14,10,0.508608103
97_dat,2024/5/14,15,1.030602098
97_dat,2024/5/14,20,2.057422161
97_dat,2024/5/14,30,0.854360282
97_dat,2024/5/14,40,0.260983855
97_dat,2024/5/14,50,0.186741918
97_dat,2024/5/15,5,0.363433063
97_dat,2024/5/15,10,0.507661045
97_dat,2024/5/15,15,1.052073121
97_dat,2024/5/15,20,2.094110966
97_dat,2024/5/15,30,0.914532363
97_dat,2024/5/15,40,0.274938434
97_dat,2024/5/15,50,0.193687692
97_dat,2024/5/16,5,0.39800325
97_dat,2024/5/16,10,0.561397016
97_dat,2024/5/16,15,1.143861055
97_dat,2024/5/16,20,2.058004379
97_dat,2024/5/16,30,0.979703665
97_dat,2024/5/16,40,0.296601802
97_dat,2024/5/16,50,0.203806892
97_dat,2024/5/17,5,0.428073198
97_dat,2024/5/17,10,0.596778452
97_dat,2024/5/17,15,1.187060475
97_dat,2024/5/17,20,2.040990829
97_dat,2024/5/17,30,1.004845858
97_dat,2024/5/17,40,0.306150168
97_dat,2024/5/17,50,0.207849175
97_dat,2024/5/18,5,0.419483602
97_dat,2024/5/18,10,0.594907224
97_dat,2024/5/18,15,1.20612669
97_dat,2024/5/18,20,2.114497185
97_dat,2024/5/18,30,1.002809048
97_dat,2024/5/18,40,0.299316138
97_dat,2024/5/18,50,0.20413132
97_dat,2024/5/19,5,0.398954242
97_dat,2024/5/19,10,0.588693976
97_dat,2024/5/19,15,1.22932899
97_dat,2024/5/19,20,2.208888054
97_dat,2024/5/19,30,1.004312515
97_dat,2024/5/19,40,0.294606626
97_dat,2024/5/19,50,0.202082828
97_dat,2024/5/20,5,0.373467058
97_dat,2024/5/20,10,0.554539979
97_dat,2024/5/20,15,1.187750816
97_dat,2024/5/20,20,2.25292325
97_dat,2024/5/20,30,1.034708261
97_dat,2024/5/20,40,0.300670266
97_dat,2024/5/20,50,0.203521654
97_dat,2024/5/21,5,0.358168304
97_dat,2024/5/21,10,0.542711914
97_dat,2024/5/21,15,1.140445709
97_dat,2024/5/21,20,2.222842216
97_dat,2024/5/21,30,1.079650879
97_dat,2024/5/21,40,0.306511939
97_dat,2024/5/21,50,0.204723507
97_dat,2024/5/22,5,0.340167552
97_dat,2024/5/22,10,0.521933019
97_dat,2024/5/22,15,1.088966012
97_dat,2024/5/22,20,2.196124554
97_dat,2024/5/22,30,1.110144615
97_dat,2024/5/22,40,0.300418168
97_dat,2024/5/22,50,0.20130536
97_dat,2024/5/23,5,0.321461409
97_dat,2024/5/23,10,0.476562262
97_dat,2024/5/23,15,1.003743291
97_dat,2024/5/23,20,2.168676376
97_dat,2024/5/23,30,1.126357317
97_dat,2024/5/23,40,0.292585105
97_dat,2024/5/23,50,0.196680754
97_dat,2024/5/24,5,0.319295168
97_dat,2024/5/24,10,0.470768183
97_dat,2024/5/24,15,0.947191477
97_dat,2024/5/24,20,2.057878494
97_dat,2024/5/24,30,1.161058307
97_dat,2024/5/24,40,0.286264092
97_dat,2024/5/24,50,0.191165671
97_dat,2024/5/25,5,0.327718168
97_dat,2024/5/25,10,0.480415523
97_dat,2024/5/25,15,0.901927471
97_dat,2024/5/25,20,1.919594765
97_dat,2024/5/25,30,1.206969619
97_dat,2024/5/25,40,0.282383054
97_dat,2024/5/25,50,0.186904699
97_dat,2024/5/26,5,0.322414547
97_dat,2024/5/26,10,0.458080292
97_dat,2024/5/26,15,0.82942915
97_dat,2024/5/26,20,1.849292874
97_dat,2024/5/26,30,1.194132209
97_dat,2024/5/26,40,0.276962131
97_dat,2024/5/26,50,0.183977574
97_dat,2024/5/27,5,0.313049078
97_dat,2024/5/27,10,0.422443599
97_dat,2024/5/27,15,0.804429233
97_dat,2024/5/27,20,1.830393314
97_dat,2024/5/27,30,1.062795401
97_dat,2024/5/27,40,0.265219301
97_dat,2024/5/27,50,0.179568991
97_dat,2024/5/28,5,0.314840645
97_dat,2024/5/28,10,0.412013769
97_dat,2024/5/28,15,0.803967237
97_dat,2024/5/28,20,1.82607305
97_dat,2024/5/28,30,0.955965579
97_dat,2024/5/28,40,0.257994235
97_dat,2024/5/28,50,0.178033128
97_dat,2024/5/29,5,0.312004358
97_dat,2024/5/29,10,0.411985606
97_dat,2024/5/29,15,0.78257972
97_dat,2024/5/29,20,1.808084965
97_dat,2024/5/29,30,0.933533728
97_dat,2024/5/29,40,0.256698638
97_dat,2024/5/29,50,0.17899543
97_dat,2024/5/30,5,0.299382806
97_dat,2024/5/30,10,0.392055809
97_dat,2024/5/30,15,0.746493399
97_dat,2024/5/30,20,1.800772786
97_dat,2024/5/30,30,0.945292175
97_dat,2024/5/30,40,0.261536688
97_dat,2024/5/30,50,0.18261908
97_dat,2024/5/31,5,0.282859087
97_dat,2024/5/31,10,0.350638658
97_dat,2024/5/31,15,0.707427442
97_dat,2024/5/31,20,1.849631667
97_dat,2024/5/31,30,0.948050141
97_dat,2024/5/31,40,0.270951062
97_dat,2024/5/31,50,0.188331813
97_dat,2024/6/1,5,0.286638141
97_dat,2024/6/1,10,0.339093655
97_dat,2024/6/1,15,0.730890512
97_dat,2024/6/1,20,1.854134083
97_dat,2024/6/1,30,0.955234647
97_dat,2024/6/1,40,0.28342557
97_dat,2024/6/1,50,0.195589289
97_dat,2024/6/2,5,0.302125752
97_dat,2024/6/2,10,0.391460836
97_dat,2024/6/2,15,0.827029943
97_dat,2024/6/2,20,1.77086997
97_dat,2024/6/2,30,1.013130903
97_dat,2024/6/2,40,0.305611432
97_dat,2024/6/2,50,0.205454767
97_dat,2024/6/3,5,0.327442944
97_dat,2024/6/3,10,0.467188209
97_dat,2024/6/3,15,0.938277245
97_dat,2024/6/3,20,1.672463298
97_dat,2024/6/3,30,1.053339958
97_dat,2024/6/3,40,0.328026325
97_dat,2024/6/3,50,0.213679776
97_dat,2024/6/4,5,0.344267517
97_dat,2024/6/4,10,0.501916945
97_dat,2024/6/4,15,1.005034208
97_dat,2024/6/4,20,1.663222313
97_dat,2024/6/4,30,1.054692864
97_dat,2024/6/4,40,0.345780402
97_dat,2024/6/4,50,0.220211029
97_dat,2024/6/5,5,0.348127067
97_dat,2024/6/5,10,0.493238896
97_dat,2024/6/5,15,1.0081563
97_dat,2024/6/5,20,1.712461114
97_dat,2024/6/5,30,1.039012551
97_dat,2024/6/5,40,0.357944578
97_dat,2024/6/5,50,0.225193352
97_dat,2024/6/6,5,0.341193408
97_dat,2024/6/6,10,0.464450836
97_dat,2024/6/6,15,0.978127778
97_dat,2024/6/6,20,1.799030304
97_dat,2024/6/6,30,1.017673731
97_dat,2024/6/6,40,0.360363185
97_dat,2024/6/6,50,0.226960883
97_dat,2024/6/7,5,0.330983043
97_dat,2024/6/7,10,0.449846655
97_dat,2024/6/7,15,0.967034161
97_dat,2024/6/7,20,1.867117763
97_dat,2024/6/7,30,1.049004555
97_dat,2024/6/7,40,0.371751845
97_dat,2024/6/7,50,0.233405471
97_dat,2024/6/8,5,0.328262478
97_dat,2024/6/8,10,0.458906531
97_dat,2024/6/8,15,0.973317742
97_dat,2024/6/8,20,1.857219577
97_dat,2024/6/8,30,1.108851671
97_dat,2024/6/8,40,0.391651899
97_dat,2024/6/8,50,0.243244246
97_dat,2024/6/9,5,0.331362456
97_dat,2024/6/9,10,0.482258946
97_dat,2024/6/9,15,0.99564743
97_dat,2024/6/9,20,1.796692729
97_dat,2024/6/9,30,1.120065808
97_dat,2024/6/9,40,0.406985641
97_dat,2024/6/9,50,0.250981838
97_dat,2024/6/10,5,0.324201226
97_dat,2024/6/10,10,0.474927992
97_dat,2024/6/10,15,0.986174941
97_dat,2024/6/10,20,1.785570145
97_dat,2024/6/10,30,1.108777523
97_dat,2024/6/10,40,0.415299028
97_dat,2024/6/10,50,0.255541712
97_dat,2024/6/11,5,0.300473005
97_dat,2024/6/11,10,0.433881551
97_dat,2024/6/11,15,0.923074245
97_dat,2024/6/11,20,1.809233546
97_dat,2024/6/11,30,1.126864672
97_dat,2024/6/11,40,0.419538081
97_dat,2024/6/11,50,0.257533044
97_dat,2024/6/12,5,0.27810204
97_dat,2024/6/12,10,0.405934989
97_dat,2024/6/12,15,0.875762343
97_dat,2024/6/12,20,1.810947895
97_dat,2024/6/12,30,1.160035968
97_dat,2024/6/12,40,0.425935358
97_dat,2024/6/12,50,0.261313736
97_dat,2024/6/13,5,0.256802499
97_dat,2024/6/13,10,0.380725324
97_dat,2024/6/13,15,0.837680578
97_dat,2024/6/13,20,1.788526177
97_dat,2024/6/13,30,1.188616037
97_dat,2024/6/13,40,0.43226099
97_dat,2024/6/13,50,0.264705151
97_dat,2024/6/14,5,0.243776426
97_dat,2024/6/14,10,0.358392775
97_dat,2024/6/14,15,0.790658772
97_dat,2024/6/14,20,1.704154611
97_dat,2024/6/14,30,1.215637922
97_dat,2024/6/14,40,0.436752081
97_dat,2024/6/14,50,0.266461134
97_dat,2024/6/15,5,0.264304727
97_dat,2024/6/15,10,0.372097313
97_dat,2024/6/15,15,0.774225295
97_dat,2024/6/15,20,1.618891954
97_dat,2024/6/15,30,1.256743073
97_dat,2024/6/15,40,0.449556023
97_dat,2024/6/15,50,0.272670895
97_dat,2024/6/16,5,0.282460123
97_dat,2024/6/16,10,0.390365243
97_dat,2024/6/16,15,0.780023575
97_dat,2024/6/16,20,1.56586349
97_dat,2024/6/16,30,1.251558065
97_dat,2024/6/16,40,0.460622996
97_dat,2024/6/16,50,0.278961003
97_dat,2024/6/17,5,0.269970924
97_dat,2024/6/17,10,0.365750521
97_dat,2024/6/17,15,0.733932912
97_dat,2024/6/17,20,1.50927949
97_dat,2024/6/17,30,1.260015726
97_dat,2024/6/17,40,0.462517589
97_dat,2024/6/17,50,0.279187083
97_dat,2024/6/18,5,0.249859616
97_dat,2024/6/18,10,0.331008077
97_dat,2024/6/18,15,0.666520059
97_dat,2024/6/18,20,1.417366028
97_dat,2024/6/18,30,1.314027429
97_dat,2024/6/18,40,0.470329612
97_dat,2024/6/18,50,0.280351043
97_dat,2024/6/19,5,0.231362924
97_dat,2024/6/19,10,0.303234845
97_dat,2024/6/19,15,0.614671826
97_dat,2024/6/19,20,1.340781212
97_dat,2024/6/19,30,1.357671857
97_dat,2024/6/19,40,0.482689053
97_dat,2024/6/19,50,0.284490228
97_dat,2024/6/20,5,0.215632528
97_dat,2024/6/20,10,0.279386669
97_dat,2024/6/20,15,0.575290859
97_dat,2024/6/20,20,1.287015796
97_dat,2024/6/20,30,1.397404909
97_dat,2024/6/20,40,0.491995066
97_dat,2024/6/20,50,0.288587868
97_dat,2024/6/21,5,0.203264296
97_dat,2024/6/21,10,0.257011503
97_dat,2024/6/21,15,0.540412366
97_dat,2024/6/21,20,1.248257279
97_dat,2024/6/21,30,1.431124449
97_dat,2024/6/21,40,0.503089488
97_dat,2024/6/21,50,0.293766618
97_dat,2024/6/22,5,0.197646096
97_dat,2024/6/22,10,0.241223186
97_dat,2024/6/22,15,0.507598937
97_dat,2024/6/22,20,1.196645498
97_dat,2024/6/22,30,1.44611752
97_dat,2024/6/22,40,0.515362978
97_dat,2024/6/22,50,0.299246371
97_dat,2024/6/23,5,0.22050339
97_dat,2024/6/23,10,0.254789531
97_dat,2024/6/23,15,0.506092727
97_dat,2024/6/23,20,1.161083579
97_dat,2024/6/23,30,1.431284547
97_dat,2024/6/23,40,0.540706694
97_dat,2024/6/23,50,0.311046749
97_dat,2024/6/24,5,0.247067049
97_dat,2024/6/24,10,0.283613086
97_dat,2024/6/24,15,0.525396466
97_dat,2024/6/24,20,1.105703473
97_dat,2024/6/24,30,1.334214211
97_dat,2024/6/24,40,0.562792182
97_dat,2024/6/24,50,0.32305786
97_dat,2024/6/25,5,0.253315449
97_dat,2024/6/25,10,0.277839184
97_dat,2024/6/25,15,0.503492773
97_dat,2024/6/25,20,1.036957264
97_dat,2024/6/25,30,1.295857191
97_dat,2024/6/25,40,0.572170138
97_dat,2024/6/25,50,0.329706073
97_dat,2024/6/26,5,0.234045535
97_dat,2024/6/26,10,0.266687691
97_dat,2024/6/26,15,0.465333283
97_dat,2024/6/26,20,0.964347243
97_dat,2024/6/26,30,1.374635935
97_dat,2024/6/26,40,0.589948416
97_dat,2024/6/26,50,0.338437438
97_dat,2024/6/27,5,0.216767237
97_dat,2024/6/27,10,0.255656749
97_dat,2024/6/27,15,0.438313752
97_dat,2024/6/27,20,0.931203246
97_dat,2024/6/27,30,1.399655461
97_dat,2024/6/27,40,0.59686327
97_dat,2024/6/27,50,0.341853142
97_dat,2024/6/28,5,0.199358821
97_dat,2024/6/28,10,0.233920708
97_dat,2024/6/28,15,0.412304699
97_dat,2024/6/28,20,0.946397007
97_dat,2024/6/28,30,1.375555158
97_dat,2024/6/28,40,0.610428572
97_dat,2024/6/28,50,0.350785792
97_dat,2024/6/29,5,0.183104739
97_dat,2024/6/29,10,0.214847162
97_dat,2024/6/29,15,0.391784847
97_dat,2024/6/29,20,0.984349787
97_dat,2024/6/29,30,1.351554632
97_dat,2024/6/29,40,0.633404374
97_dat,2024/6/29,50,0.36388877
97_dat,2024/6/30,5,0.183836475
97_dat,2024/6/30,10,0.207919076
97_dat,2024/6/30,15,0.398183137
97_dat,2024/6/30,20,1.04076612
97_dat,2024/6/30,30,1.29066956
97_dat,2024/6/30,40,0.638086021
97_dat,2024/6/30,50,0.368729681
97_dat,2024/7/1,5,0.199099451
97_dat,2024/7/1,10,0.232650414
97_dat,2024/7/1,15,0.430085272
97_dat,2024/7/1,20,1.079388142
97_dat,2024/7/1,30,1.244520545
97_dat,2024/7/1,40,0.631849647
97_dat,2024/7/1,50,0.364474505
97_dat,2024/7/2,5,0.202836514
97_dat,2024/7/2,10,0.260946184
97_dat,2024/7/2,15,0.452547312
97_dat,2024/7/2,20,1.089704752
97_dat,2024/7/2,30,1.222902894
97_dat,2024/7/2,40,0.635622621
97_dat,2024/7/2,50,0.361851335
97_dat,2024/7/3,5,0.196221083
97_dat,2024/7/3,10,0.25317952
97_dat,2024/7/3,15,0.449052125
97_dat,2024/7/3,20,1.127534151
97_dat,2024/7/3,30,1.097502112
97_dat,2024/7/3,40,0.618245184
97_dat,2024/7/3,50,0.357156783
97_dat,2024/7/4,5,0.186399058
97_dat,2024/7/4,10,0.239659503
97_dat,2024/7/4,15,0.451959193
97_dat,2024/7/4,20,1.202099442
97_dat,2024/7/4,30,0.945061147
97_dat,2024/7/4,40,0.589943171
97_dat,2024/7/4,50,0.352093756
97_dat,2024/7/5,5,0.186402068
97_dat,2024/7/5,10,0.231114745
97_dat,2024/7/5,15,0.488509327
97_dat,2024/7/5,20,1.272072077
97_dat,2024/7/5,30,0.834304452
97_dat,2024/7/5,40,0.563729465
97_dat,2024/7/5,50,0.349480391
97_dat,2024/7/6,5,0.196312919
97_dat,2024/7/6,10,0.239269406
97_dat,2024/7/6,15,0.538811803
97_dat,2024/7/6,20,1.314681888
97_dat,2024/7/6,30,0.757350266
97_dat,2024/7/6,40,0.53909874
97_dat,2024/7/6,50,0.347853869
97_dat,2024/7/7,5,0.199281871
97_dat,2024/7/7,10,0.244547099
97_dat,2024/7/7,15,0.551906884
97_dat,2024/7/7,20,1.321296453
97_dat,2024/7/7,30,0.70093143
97_dat,2024/7/7,40,0.517568052
97_dat,2024/7/7,50,0.343180627
97_dat,2024/7/8,5,0.200184226
97_dat,2024/7/8,10,0.248521015
97_dat,2024/7/8,15,0.557581425
97_dat,2024/7/8,20,1.331179261
97_dat,2024/7/8,30,0.690748513
97_dat,2024/7/8,40,0.513293386
97_dat,2024/7/8,50,0.341303438
97_dat,2024/7/9,5,0.196250424
97_dat,2024/7/9,10,0.253555626
97_dat,2024/7/9,15,0.573778272
97_dat,2024/7/9,20,1.370283723
97_dat,2024/7/9,30,0.694292605
97_dat,2024/7/9,40,0.517885327
97_dat,2024/7/9,50,0.341588765
97_dat,2024/7/10,5,0.189969808
97_dat,2024/7/10,10,0.252389312
97_dat,2024/7/10,15,0.585260749
97_dat,2024/7/10,20,1.414002776
97_dat,2024/7/10,30,0.718794525
97_dat,2024/7/10,40,0.532684624
97_dat,2024/7/10,50,0.347612113
97_dat,2024/7/11,5,0.181919917
97_dat,2024/7/11,10,0.240282327
97_dat,2024/7/11,15,0.56160444
97_dat,2024/7/11,20,1.430370331
97_dat,2024/7/11,30,0.774920702
97_dat,2024/7/11,40,0.564799905
97_dat,2024/7/11,50,0.363686919
97_dat,2024/7/12,5,0.178817764
97_dat,2024/7/12,10,0.235349178
97_dat,2024/7/12,15,0.548024535
97_dat,2024/7/12,20,1.452908874
97_dat,2024/7/12,30,0.817133486
97_dat,2024/7/12,40,0.591363192
97_dat,2024/7/12,50,0.378767133
97_dat,2024/7/13,5,0.175886378
97_dat,2024/7/13,10,0.234021381
97_dat,2024/7/13,15,0.546712339
97_dat,2024/7/13,20,1.478639007
97_dat,2024/7/13,30,0.850926459
97_dat,2024/7/13,40,0.612364352
97_dat,2024/7/13,50,0.391442835
97_dat,2024/7/14,5,0.175550252
97_dat,2024/7/14,10,0.227890998
97_dat,2024/7/14,15,0.532221735
97_dat,2024/7/14,20,1.475564122
97_dat,2024/7/14,30,0.880897105
97_dat,2024/7/14,40,0.628694773
97_dat,2024/7/14,50,0.403230637
97_dat,2024/7/15,5,0.182306126
97_dat,2024/7/15,10,0.223487973
97_dat,2024/7/15,15,0.512311816
97_dat,2024/7/15,20,1.437938809
97_dat,2024/7/15,30,0.897712529
97_dat,2024/7/15,40,0.636792004
97_dat,2024/7/15,50,0.418005884
97_dat,2024/7/16,5,0.192471668
97_dat,2024/7/16,10,0.228330761
97_dat,2024/7/16,15,0.507221222
97_dat,2024/7/16,20,1.392493367
97_dat,2024/7/16,30,0.906817317
97_dat,2024/7/16,40,0.635460496
97_dat,2024/7/16,50,0.434643447
97_dat,2024/7/17,5,0.201264188
97_dat,2024/7/17,10,0.235173628
97_dat,2024/7/17,15,0.505346
97_dat,2024/7/17,20,1.356889606
97_dat,2024/7/17,30,0.912045717
97_dat,2024/7/17,40,0.628349721
97_dat,2024/7/17,50,0.44803369
97_dat,2024/7/18,5,0.207703665
97_dat,2024/7/18,10,0.242856488
97_dat,2024/7/18,15,0.498548448
97_dat,2024/7/18,20,1.311039925
97_dat,2024/7/18,30,0.910506964
97_dat,2024/7/18,40,0.609675944
97_dat,2024/7/18,50,0.452487975
97_dat,2024/7/19,5,0.219392821
97_dat,2024/7/19,10,0.260985434
97_dat,2024/7/19,15,0.49993363
97_dat,2024/7/19,20,1.253185272
97_dat,2024/7/19,30,0.867022574
97_dat,2024/7/19,40,0.563353598
97_dat,2024/7/19,50,0.438402265
97_dat,2024/7/20,5,0.232705057
97_dat,2024/7/20,10,0.270987183
97_dat,2024/7/20,15,0.505994618
97_dat,2024/7/20,20,1.2321738
97_dat,2024/7/20,30,0.844134212
97_dat,2024/7/20,40,0.528957248
97_dat,2024/7/20,50,0.427888125
97_dat,2024/7/21,5,0.22961764
97_dat,2024/7/21,10,0.271580517
97_dat,2024/7/21,15,0.508226335
97_dat,2024/7/21,20,1.223525882
97_dat,2024/7/21,30,0.844611347
97_dat,2024/7/21,40,0.507965267
97_dat,2024/7/21,50,0.424340159
97_dat,2024/7/22,5,0.234129369
97_dat,2024/7/22,10,0.281848401
97_dat,2024/7/22,15,0.518613458
97_dat,2024/7/22,20,1.224725127
97_dat,2024/7/22,30,0.824618459
97_dat,2024/7/22,40,0.479430109
97_dat,2024/7/22,50,0.412383199
97_dat,2024/7/23,5,0.239778414
97_dat,2024/7/23,10,0.298707396
97_dat,2024/7/23,15,0.538962007
97_dat,2024/7/23,20,1.243736148
97_dat,2024/7/23,30,0.764532149
97_dat,2024/7/23,40,0.44044286
97_dat,2024/7/23,50,0.388576299
97_dat,2024/7/24,5,0.249430791
97_dat,2024/7/24,10,0.321708441
97_dat,2024/7/24,15,0.571929097
97_dat,2024/7/24,20,1.27452457
97_dat,2024/7/24,30,0.696082473
97_dat,2024/7/24,40,0.403775841
97_dat,2024/7/24,50,0.361661166
97_dat,2024/7/25,5,0.245942384
97_dat,2024/7/25,10,0.318302333
97_dat,2024/7/25,15,0.576968849
97_dat,2024/7/25,20,1.309424996
97_dat,2024/7/25,30,0.682757854
97_dat,2024/7/25,40,0.389821827
97_dat,2024/7/25,50,0.347493559
97_dat,2024/7/26,5,0.236287504
97_dat,2024/7/26,10,0.309689134
97_dat,2024/7/26,15,0.58346194
97_dat,2024/7/26,20,1.321213245
97_dat,2024/7/26,30,0.674707234
97_dat,2024/7/26,40,0.377336979
97_dat,2024/7/26,50,0.33253631
97_dat,2024/7/27,5,0.236007661
97_dat,2024/7/27,10,0.323982894
97_dat,2024/7/27,15,0.593839705
97_dat,2024/7/27,20,1.19974494
97_dat,2024/7/27,30,0.624306321
97_dat,2024/7/27,40,0.348234475
97_dat,2024/7/27,50,0.307122052
97_dat,2024/7/28,5,0.252804875
97_dat,2024/7/28,10,0.353195935
97_dat,2024/7/28,15,0.595252097
97_dat,2024/7/28,20,1.051204205
97_dat,2024/7/28,30,0.554110229
97_dat,2024/7/28,40,0.316335827
97_dat,2024/7/28,50,0.280483931
97_dat,2024/7/29,5,0.273440689
97_dat,2024/7/29,10,0.382666767
97_dat,2024/7/29,15,0.640322208
97_dat,2024/7/29,20,1.030290604
97_dat,2024/7/29,30,0.511853874
97_dat,2024/7/29,40,0.300662279
97_dat,2024/7/29,50,0.264515251
97_dat,2024/7/30,5,0.282424599
97_dat,2024/7/30,10,0.384458303
97_dat,2024/7/30,15,0.700827181
97_dat,2024/7/30,20,1.123878121
97_dat,2024/7/30,30,0.532082438
97_dat,2024/7/30,40,0.310759515
97_dat,2024/7/30,50,0.266096532
97_dat,2024/7/31,5,0.273777544
97_dat,2024/7/31,10,0.379496783
97_dat,2024/7/31,15,0.755438149
97_dat,2024/7/31,20,1.232661724
97_dat,2024/7/31,30,0.589715958
97_dat,2024/7/31,40,0.329113036
97_dat,2024/7/31,50,0.272380561
97_dat,2024/8/1,5,0.260068297
97_dat,2024/8/1,10,0.405887067
97_dat,2024/8/1,15,0.849569499
97_dat,2024/8/1,20,1.298188448
97_dat,2024/8/1,30,0.632341087
97_dat,2024/8/1,40,0.335314721
97_dat,2024/8/1,50,0.271727413
97_dat,2024/8/2,5,0.255428046
97_dat,2024/8/2,10,0.474474609
97_dat,2024/8/2,15,0.941686571
97_dat,2024/8/2,20,1.348870993
97_dat,2024/8/2,30,0.659054697
97_dat,2024/8/2,40,0.334186554
97_dat,2024/8/2,50,0.267758161
97_dat,2024/8/3,5,0.258845508
97_dat,2024/8/3,10,0.543951571
97_dat,2024/8/3,15,0.997380912
97_dat,2024/8/3,20,1.38718462
97_dat,2024/8/3,30,0.675617397
97_dat,2024/8/3,40,0.327827841
97_dat,2024/8/3,50,0.261169046
97_dat,2024/8/4,5,0.261869311
97_dat,2024/8/4,10,0.552378178
97_dat,2024/8/4,15,0.986725092
97_dat,2024/8/4,20,1.435739398
97_dat,2024/8/4,30,0.697465003
97_dat,2024/8/4,40,0.321556568
97_dat,2024/8/4,50,0.255521148
97_dat,2024/8/5,5,0.259549022
97_dat,2024/8/5,10,0.508735478
97_dat,2024/8/5,15,0.917936504
97_dat,2024/8/5,20,1.446294785
97_dat,2024/8/5,30,0.70011276
97_dat,2024/8/5,40,0.312897742
97_dat,2024/8/5,50,0.248792246
97_dat,2024/8/6,5,0.256162524
97_dat,2024/8/6,10,0.466578603
97_dat,2024/8/6,15,0.849448442
97_dat,2024/8/6,20,1.349327683
97_dat,2024/8/6,30,0.671986401
97_dat,2024/8/6,40,0.299087882
97_dat,2024/8/6,50,0.239348933
97_dat,2024/8/7,5,0.257327646
97_dat,2024/8/7,10,0.445681572
97_dat,2024/8/7,15,0.816129327
97_dat,2024/8/7,20,1.25165081
97_dat,2024/8/7,30,0.648063719
97_dat,2024/8/7,40,0.289242059
97_dat,2024/8/7,50,0.233023733
97_dat,2024/8/8,5,0.252680838
97_dat,2024/8/8,10,0.424126625
97_dat,2024/8/8,15,0.807631671
97_dat,2024/8/8,20,1.250691056
97_dat,2024/8/8,30,0.647019625
97_dat,2024/8/8,40,0.289158642
97_dat,2024/8/8,50,0.23337321
97_dat,2024/8/9,5,0.242066234
97_dat,2024/8/9,10,0.403711796
97_dat,2024/8/9,15,0.808621049
97_dat,2024/8/9,20,1.307481527
97_dat,2024/8/9,30,0.659110904
97_dat,2024/8/9,40,0.293547541
97_dat,2024/8/9,50,0.236554667
97_dat,2024/8/10,5,0.228551492
97_dat,2024/8/10,10,0.395156503
97_dat,2024/8/10,15,0.821038544
97_dat,2024/8/10,20,1.390035987
97_dat,2024/8/10,30,0.676961958
97_dat,2024/8/10,40,0.300249755
97_dat,2024/8/10,50,0.241184458
97_dat,2024/8/11,5,0.223047778
97_dat,2024/8/11,10,0.387184054
97_dat,2024/8/11,15,0.817234993
97_dat,2024/8/11,20,1.466755629
97_dat,2024/8/11,30,0.707268655
97_dat,2024/8/11,40,0.309777141
97_dat,2024/8/11,50,0.246745974
97_dat,2024/8/12,5,0.29032281
97_dat,2024/8/12,10,0.480910391
97_dat,2024/8/12,15,0.810233414
97_dat,2024/8/12,20,1.276900291
97_dat,2024/8/12,30,0.787784755
97_dat,2024/8/12,40,0.325492322
97_dat,2024/8/12,50,0.250827789
97_dat,2024/8/13,5,0.35965386
97_dat,2024/8/13,10,0.570220292
97_dat,2024/8/13,15,0.776666462
97_dat,2024/8/13,20,0.945250273
97_dat,2024/8/13,30,0.782335818
97_dat,2024/8/13,40,0.352014393
97_dat,2024/8/13,50,0.252728105
97_dat,2024/8/14,5,0.351281375
97_dat,2024/8/14,10,0.532030523
97_dat,2024/8/14,15,0.746224105
97_dat,2024/8/14,20,0.812347651
97_dat,2024/8/14,30,0.71302402
97_dat,2024/8/14,40,0.369410515
97_dat,2024/8/14,50,0.256974548
97_dat,2024/8/15,5,0.316654116
97_dat,2024/8/15,10,0.46101597
97_dat,2024/8/15,15,0.714078665
97_dat,2024/8/15,20,0.874497652
97_dat,2024/8/15,30,0.72476393
97_dat,2024/8/15,40,0.388734013
97_dat,2024/8/15,50,0.269659072
97_dat,2024/8/16,5,0.316869318
97_dat,2024/8/16,10,0.445679903
97_dat,2024/8/16,15,0.677756131
97_dat,2024/8/16,20,0.892910302
97_dat,2024/8/16,30,0.749075413
97_dat,2024/8/16,40,0.410925597
97_dat,2024/8/16,50,0.283132315
97_dat,2024/8/17,5,0.328198701
97_dat,2024/8/17,10,0.444896489
97_dat,2024/8/17,15,0.648704946
97_dat,2024/8/17,20,0.867773235
97_dat,2024/8/17,30,0.769581079
97_dat,2024/8/17,40,0.423861265
97_dat,2024/8/17,50,0.293800235
97_dat,2024/8/18,5,0.294150889
97_dat,2024/8/18,10,0.399441421
97_dat,2024/8/18,15,0.600453734
97_dat,2024/8/18,20,0.87008816
97_dat,2024/8/18,30,0.859071374
97_dat,2024/8/18,40,0.442126423
97_dat,2024/8/18,50,0.309000313
97_dat,2024/8/19,5,0.257074744
97_dat,2024/8/19,10,0.35105589
97_dat,2024/8/19,15,0.552438557
97_dat,2024/8/19,20,0.827247679
97_dat,2024/8/19,30,0.959820509
97_dat,2024/8/19,40,0.457871914
97_dat,2024/8/19,50,0.31955865
97_dat,2024/8/20,5,0.245503321
97_dat,2024/8/20,10,0.320397854
97_dat,2024/8/20,15,0.494081229
97_dat,2024/8/20,20,0.755267978
97_dat,2024/8/20,30,0.934830964
97_dat,2024/8/20,40,0.452058434
97_dat,2024/8/20,50,0.315024048
97_dat,2024/8/21,5,0.253593236
97_dat,2024/8/21,10,0.302868962
97_dat,2024/8/21,15,0.449126095
97_dat,2024/8/21,20,0.693200231
97_dat,2024/8/21,30,0.878786623
97_dat,2024/8/21,40,0.455225527
97_dat,2024/8/21,50,0.315217108
97_dat,2024/8/22,5,0.246049538
97_dat,2024/8/22,10,0.279173464
97_dat,2024/8/22,15,0.413825244
97_dat,2024/8/22,20,0.658427715
97_dat,2024/8/22,30,0.877976537
97_dat,2024/8/22,40,0.471547693
97_dat,2024/8/22,50,0.32505697
97_dat,2024/8/23,5,0.235208005
97_dat,2024/8/23,10,0.254928559
97_dat,2024/8/23,15,0.381336778
97_dat,2024/8/23,20,0.615227282
97_dat,2024/8/23,30,0.914433181
97_dat,2024/8/23,40,0.48681438
97_dat,2024/8/23,50,0.337943196
97_dat,2024/8/24,5,0.217920735
97_dat,2024/8/24,10,0.224152803
97_dat,2024/8/24,15,0.344950706
97_dat,2024/8/24,20,0.579774857
97_dat,2024/8/24,30,1.027348638
97_dat,2024/8/24,40,0.514650285
97_dat,2024/8/24,50,0.358576536
97_dat,2024/8/25,5,0.210669369
97_dat,2024/8/25,10,0.209635004
97_dat,2024/8/25,15,0.318212032
97_dat,2024/8/25,20,0.571311831
97_dat,2024/8/25,30,1.121428967
97_dat,2024/8/25,40,0.544787467
97_dat,2024/8/25,50,0.37707445
97_dat,2024/8/26,5,0.210131571
97_dat,2024/8/26,10,0.209590465
97_dat,2024/8/26,15,0.300526798
97_dat,2024/8/26,20,0.509421647
97_dat,2024/8/26,30,1.125606298
97_dat,2024/8/26,40,0.566688359
97_dat,2024/8/26,50,0.389081955
97_dat,2024/8/27,5,0.201014057
97_dat,2024/8/27,10,0.200571135
97_dat,2024/8/27,15,0.274026662
97_dat,2024/8/27,20,0.38786003
97_dat,2024/8/27,30,1.061269403
97_dat,2024/8/27,40,0.577628016
97_dat,2024/8/27,50,0.395442933
97_dat,2024/8/28,5,0.190938845
97_dat,2024/8/28,10,0.192347363
97_dat,2024/8/28,15,0.273704976
97_dat,2024/8/28,20,0.3364425
97_dat,2024/8/28,30,1.050406575
97_dat,2024/8/28,40,0.611229837
97_dat,2024/8/28,50,0.41361025
97_dat,2024/8/29,5,0.179539084
97_dat,2024/8/29,10,0.174586713
97_dat,2024/8/29,15,0.26351738
97_dat,2024/8/29,20,0.328891397
97_dat,2024/8/29,30,1.082735538
97_dat,2024/8/29,40,0.673671722
97_dat,2024/8/29,50,0.447169602
97_dat,2024/8/30,5,0.177885443
97_dat,2024/8/30,10,0.164527595
97_dat,2024/8/30,15,0.247052163
97_dat,2024/8/30,20,0.328442782
97_dat,2024/8/30,30,1.091737151
97_dat,2024/8/30,40,0.753421426
97_dat,2024/8/30,50,0.495604932
97_dat,2024/8/31,5,0.175136134
97_dat,2024/8/31,10,0.152836233
97_dat,2024/8/31,15,0.227837786
97_dat,2024/8/31,20,0.330129355
97_dat,2024/8/31,30,1.084225774
97_dat,2024/8/31,40,0.830893219
97_dat,2024/8/31,50,0.546967626
97_dat,2024/9/1,5,0.166825995
97_dat,2024/9/1,10,0.140846789
97_dat,2024/9/1,15,0.206199929
97_dat,2024/9/1,20,0.331937969
97_dat,2024/9/1,30,1.061080217
97_dat,2024/9/1,40,0.910894334
97_dat,2024/9/1,50,0.594123363
97_dat,2024/9/2,5,0.15280728
97_dat,2024/9/2,10,0.128893435
97_dat,2024/9/2,15,0.185389414
97_dat,2024/9/2,20,0.329036385
97_dat,2024/9/2,30,1.051336288
97_dat,2024/9/2,40,0.998688459
97_dat,2024/9/2,50,0.641644359
97_dat,2024/9/3,5,0.14477697
97_dat,2024/9/3,10,0.120240271
97_dat,2024/9/3,15,0.166637227
97_dat,2024/9/3,20,0.314317048
97_dat,2024/9/3,30,1.008957982
97_dat,2024/9/3,40,1.079756498
97_dat,2024/9/3,50,0.682578862
97_dat,2024/9/4,5,0.149146199
97_dat,2024/9/4,10,0.114420451
97_dat,2024/9/4,15,0.15456827
97_dat,2024/9/4,20,0.294229358
97_dat,2024/9/4,30,0.979656339
97_dat,2024/9/4,40,1.133259654
97_dat,2024/9/4,50,0.722034395
97_dat,2024/9/5,5,0.159459054
97_dat,2024/9/5,10,0.115092717
97_dat,2024/9/5,15,0.153361797
97_dat,2024/9/5,20,0.289221376
97_dat,2024/9/5,30,0.92695868
97_dat,2024/9/5,40,1.129175305
97_dat,2024/9/5,50,0.74260515
97_dat,2024/9/6,5,0.155541867
97_dat,2024/9/6,10,0.118660465
97_dat,2024/9/6,15,0.149109259
97_dat,2024/9/6,20,0.281246811
97_dat,2024/9/6,30,0.852734089
97_dat,2024/9/6,40,1.149006605
97_dat,2024/9/6,50,0.769157946
97_dat,2024/9/7,5,0.145932004
97_dat,2024/9/7,10,0.120660685
97_dat,2024/9/7,15,0.14151594
97_dat,2024/9/7,20,0.267556399
97_dat,2024/9/7,30,0.82573998
97_dat,2024/9/7,40,1.173307896
97_dat,2024/9/7,50,0.797015727
97_dat,2024/9/8,5,0.139925286
97_dat,2024/9/8,10,0.119940884
97_dat,2024/9/8,15,0.138678744
97_dat,2024/9/8,20,0.268063635
97_dat,2024/9/8,30,0.824254692
97_dat,2024/9/8,40,1.158491969
97_dat,2024/9/8,50,0.804637253
97_dat,2024/9/9,5,0.139201283
97_dat,2024/9/9,10,0.116217755
97_dat,2024/9/9,15,0.136127248
97_dat,2024/9/9,20,0.271557122
97_dat,2024/9/9,30,0.832849681
97_dat,2024/9/9,40,1.130900383
97_dat,2024/9/9,50,0.814979017
97_dat,2024/9/10,5,0.143229216
97_dat,2024/9/10,10,0.112292662
97_dat,2024/9/10,15,0.136605069
97_dat,2024/9/10,20,0.271912724
97_dat,2024/9/10,30,0.821508944
97_dat,2024/9/10,40,1.044505954
97_dat,2024/9/10,50,0.805843532
97_dat,2024/9/11,5,0.145086482
97_dat,2024/9/11,10,0.115136616
97_dat,2024/9/11,15,0.142000586
97_dat,2024/9/11,20,0.278604597
97_dat,2024/9/11,30,0.754116774
97_dat,2024/9/11,40,0.90455699
97_dat,2024/9/11,50,0.767614365
97_dat,2024/9/12,5,0.145401791
97_dat,2024/9/12,10,0.121732235
97_dat,2024/9/12,15,0.145631075
97_dat,2024/9/12,20,0.291276157
97_dat,2024/9/12,30,0.721108615
97_dat,2024/9/12,40,0.81477052
97_dat,2024/9/12,50,0.761968076
97_dat,2024/9/13,5,0.148219168
97_dat,2024/9/13,10,0.126890957
97_dat,2024/9/13,15,0.141870528
97_dat,2024/9/13,20,0.288615853
97_dat,2024/9/13,30,0.734444201
97_dat,2024/9/13,40,0.762103379
97_dat,2024/9/13,50,0.791176558
97_dat,2024/9/14,5,0.150037542
97_dat,2024/9/14,10,0.129535064
97_dat,2024/9/14,15,0.142419592
97_dat,2024/9/14,20,0.29484871
97_dat,2024/9/14,30,0.744525731
97_dat,2024/9/14,40,0.698501348
97_dat,2024/9/14,50,0.8035447
97_dat,2024/9/15,5,0.150995135
97_dat,2024/9/15,10,0.13302587
97_dat,2024/9/15,15,0.142713979
97_dat,2024/9/15,20,0.286570102
97_dat,2024/9/15,30,0.752413154
97_dat,2024/9/15,40,0.620344222
97_dat,2024/9/15,50,0.796083272
97_dat,2024/9/16,5,0.153055802
97_dat,2024/9/16,10,0.137352794
97_dat,2024/9/16,15,0.140592113
97_dat,2024/9/16,20,0.277258068
97_dat,2024/9/16,30,0.767916918
97_dat,2024/9/16,40,0.561868727
97_dat,2024/9/16,50,0.775125682
97_dat,2024/9/17,5,0.15403302
97_dat,2024/9/17,10,0.135758862
97_dat,2024/9/17,15,0.141847685
97_dat,2024/9/17,20,0.28553161
97_dat,2024/9/17,30,0.758483052
97_dat,2024/9/17,40,0.526510358
97_dat,2024/9/17,50,0.7407915
97_dat,2024/9/18,5,0.150699183
97_dat,2024/9/18,10,0.138364688
97_dat,2024/9/18,15,0.144525617
97_dat,2024/9/18,20,0.294995278
97_dat,2024/9/18,30,0.729793787
97_dat,2024/9/18,40,0.494963795
97_dat,2024/9/18,50,0.714268386
97_dat,2024/9/19,5,0.146327734
97_dat,2024/9/19,10,0.137959033
97_dat,2024/9/19,15,0.14364101
97_dat,2024/9/19,20,0.302445352
97_dat,2024/9/19,30,0.725882173
97_dat,2024/9/19,40,0.490562588
97_dat,2024/9/19,50,0.702723086
97_dat,2024/9/20,5,0.15076232
97_dat,2024/9/20,10,0.138651371
97_dat,2024/9/20,15,0.147164255
97_dat,2024/9/20,20,0.306487024
97_dat,2024/9/20,30,0.719312012
97_dat,2024/9/20,40,0.470374912
97_dat,2024/9/20,50,0.679737091
97_dat,2024/9/21,5,0.152083099
97_dat,2024/9/21,10,0.145763695
97_dat,2024/9/21,15,0.154560089
97_dat,2024/9/21,20,0.303826272
97_dat,2024/9/21,30,0.680102408
97_dat,2024/9/21,40,0.42786479
97_dat,2024/9/21,50,0.611601233
97_dat,2024/9/22,5,0.161875397
97_dat,2024/9/22,10,0.163425609
97_dat,2024/9/22,15,0.16310823
97_dat,2024/9/22,20,0.295886874
97_dat,2024/9/22,30,0.634684205
97_dat,2024/9/22,40,0.371502161
97_dat,2024/9/22,50,0.52544719
97_dat,2024/9/23,5,0.171322659
97_dat,2024/9/23,10,0.174394011
97_dat,2024/9/23,15,0.170470029
97_dat,2024/9/23,20,0.300444186
97_dat,2024/9/23,30,0.643033206
97_dat,2024/9/23,40,0.348250985
97_dat,2024/9/23,50,0.476335377
97_dat,2024/9/24,5,0.173697203
97_dat,2024/9/24,10,0.175630048
97_dat,2024/9/24,15,0.175532445
97_dat,2024/9/24,20,0.302435428
97_dat,2024/9/24,30,0.680560112
97_dat,2024/9/24,40,0.370955259
97_dat,2024/9/24,50,0.452257544
97_dat,2024/9/25,5,0.179963887
97_dat,2024/9/25,10,0.177918941
97_dat,2024/9/25,15,0.193035528
97_dat,2024/9/25,20,0.302997142
97_dat,2024/9/25,30,0.701448143
97_dat,2024/9/25,40,0.420358121
97_dat,2024/9/25,50,0.429714352
97_dat,2024/9/26,5,0.181392476
97_dat,2024/9/26,10,0.178584144
97_dat,2024/9/26,15,0.198382542
97_dat,2024/9/26,20,0.295051157
97_dat,2024/9/26,30,0.685803056
97_dat,2024/9/26,40,0.488467842
97_dat,2024/9/26,50,0.430439562
97_dat,2024/9/27,5,0.178065196
97_dat,2024/9/27,10,0.169806793
97_dat,2024/9/27,15,0.185289994
97_dat,2024/9/27,20,0.275641441
97_dat,2024/9/27,30,0.6865803
97_dat,2024/9/27,40,0.56822139
97_dat,2024/9/27,50,0.466781825
97_dat,2024/9/28,5,0.168886393
97_dat,2024/9/28,10,0.156263784
97_dat,2024/9/28,15,0.162688881
97_dat,2024/9/28,20,0.229643211
97_dat,2024/9/28,30,0.706552148
97_dat,2024/9/28,40,0.657903671
97_dat,2024/9/28,50,0.515282333
97_dat,2024/9/29,5,0.160266414
97_dat,2024/9/29,10,0.149676219
97_dat,2024/9/29,15,0.146644264
97_dat,2024/9/29,20,0.197296545
97_dat,2024/9/29,30,0.697908044
97_dat,2024/9/29,40,0.727111459
97_dat,2024/9/29,50,0.541239917
97_dat,2024/9/30,5,0.155749545
97_dat,2024/9/30,10,0.147329345
97_dat,2024/9/30,15,0.137042031
97_dat,2024/9/30,20,0.180350035
97_dat,2024/9/30,30,0.664484799
97_dat,2024/9/30,40,0.784074366
97_dat,2024/9/30,50,0.545442581
97_dat,2024/10/1,5,0.152699009
97_dat,2024/10/1,10,0.144892797
97_dat,2024/10/1,15,0.130378783
97_dat,2024/10/1,20,0.166533723
97_dat,2024/10/1,30,0.613343716
97_dat,2024/10/1,40,0.834722102
97_dat,2024/10/1,50,0.550335944
97_dat,2024/10/2,5,0.151597306
97_dat,2024/10/2,10,0.149942815
97_dat,2024/10/2,15,0.1293367
97_dat,2024/10/2,20,0.154380098
97_dat,2024/10/2,30,0.544361532
97_dat,2024/10/2,40,0.849973321
97_dat,2024/10/2,50,0.546717584
97_dat,2024/10/3,5,0.154217899
97_dat,2024/10/3,10,0.154237375
97_dat,2024/10/3,15,0.140385732
97_dat,2024/10/3,20,0.150788918
97_dat,2024/10/3,30,0.477989107
97_dat,2024/10/3,40,0.818984568
97_dat,2024/10/3,50,0.525717199
97_dat,2024/10/4,5,0.161187202
97_dat,2024/10/4,10,0.161566198
97_dat,2024/10/4,15,0.152773216
97_dat,2024/10/4,20,0.157362804
97_dat,2024/10/4,30,0.428396642
97_dat,2024/10/4,40,0.76015377
97_dat,2024/10/4,50,0.496946305
97_dat,2024/10/5,5,0.165940613
97_dat,2024/10/5,10,0.166629568
97_dat,2024/10/5,15,0.163793564
97_dat,2024/10/5,20,0.167289466
97_dat,2024/10/5,30,0.4214257
97_dat,2024/10/5,40,0.759616852
97_dat,2024/10/5,50,0.494452178
97_dat,2024/10/6,5,0.15876095
97_dat,2024/10/6,10,0.159804523
97_dat,2024/10/6,15,0.16078423
97_dat,2024/10/6,20,0.160540491
97_dat,2024/10/6,30,0.419688523
97_dat,2024/10/6,40,0.794073343
97_dat,2024/10/6,50,0.506051898
97_dat,2024/10/7,5,0.154205203
97_dat,2024/10/7,10,0.156488687
97_dat,2024/10/7,15,0.156540334
97_dat,2024/10/7,20,0.15758425
97_dat,2024/10/7,30,0.39888227
97_dat,2024/10/7,40,0.764332354
97_dat,2024/10/7,50,0.502500176
97_dat,2024/10/8,5,0.157817841
97_dat,2024/10/8,10,0.158688918
97_dat,2024/10/8,15,0.163359687
97_dat,2024/10/8,20,0.161180258
97_dat,2024/10/8,30,0.394788802
97_dat,2024/10/8,40,0.765535891
97_dat,2024/10/8,50,0.53485173
97_dat,2024/10/9,5,0.155514181
97_dat,2024/10/9,10,0.155734688
97_dat,2024/10/9,15,0.156892732
97_dat,2024/10/9,20,0.156194448
97_dat,2024/10/9,30,0.388120234
97_dat,2024/10/9,40,0.825878143
97_dat,2024/10/9,50,0.599930406
97_dat,2024/10/10,5,0.15666768
97_dat,2024/10/10,10,0.156894594
97_dat,2024/10/10,15,0.157667994
97_dat,2024/10/10,20,0.15615046
97_dat,2024/10/10,30,0.371069044
97_dat,2024/10/10,40,0.863968611
97_dat,2024/10/10,50,0.6599769
97_dat,2024/10/11,5,0.157868564
97_dat,2024/10/11,10,0.158334672
97_dat,2024/10/11,15,0.159459502
97_dat,2024/10/11,20,0.159056112
97_dat,2024/10/11,30,0.347642571
97_dat,2024/10/11,40,0.888369203
97_dat,2024/10/11,50,0.72230953
97_dat,2024/10/12,5,0.154156402
97_dat,2024/10/12,10,0.154859453
97_dat,2024/10/12,15,0.156383172
97_dat,2024/10/12,20,0.161346525
97_dat,2024/10/12,30,0.317011595
97_dat,2024/10/12,40,0.905623138
97_dat,2024/10/12,50,0.774799049
97_dat,2024/10/13,5,0.152217016
97_dat,2024/10/13,10,0.152504176
97_dat,2024/10/13,15,0.15296872
97_dat,2024/10/13,20,0.162109852
97_dat,2024/10/13,30,0.297031969
97_dat,2024/10/13,40,0.931067884
97_dat,2024/10/13,50,0.826730669
97_dat,2024/10/14,5,0.150241852
97_dat,2024/10/14,10,0.150653258
97_dat,2024/10/14,15,0.151392743
97_dat,2024/10/14,20,0.162451521
97_dat,2024/10/14,30,0.291925907
97_dat,2024/10/14,40,0.951104105
97_dat,2024/10/14,50,0.871019065
97_dat,2024/10/15,5,0.149614155
97_dat,2024/10/15,10,0.150492221
97_dat,2024/10/15,15,0.1527576
97_dat,2024/10/15,20,0.166117817
97_dat,2024/10/15,30,0.288716942
97_dat,2024/10/15,40,0.918307781
97_dat,2024/10/15,50,0.86711669
97_dat,2024/10/16,5,0.148804873
97_dat,2024/10/16,10,0.149638668
97_dat,2024/10/16,15,0.151925042
97_dat,2024/10/16,20,0.171819046
97_dat,2024/10/16,30,0.280037224
97_dat,2024/10/16,40,0.917756319
97_dat,2024/10/16,50,0.884893775
97_dat,2024/10/17,5,0.148989826
97_dat,2024/10/17,10,0.14965117
97_dat,2024/10/17,15,0.150826186
97_dat,2024/10/17,20,0.167518079
97_dat,2024/10/17,30,0.270788312
97_dat,2024/10/17,40,0.942035258
97_dat,2024/10/17,50,0.902410865
97_dat,2024/10/18,5,0.149887711
97_dat,2024/10/18,10,0.150619045
97_dat,2024/10/18,15,0.152166247
97_dat,2024/10/18,20,0.168068588
97_dat,2024/10/18,30,0.275957018
97_dat,2024/10/18,40,0.922309816
97_dat,2024/10/18,50,0.870366633
97_dat,2024/10/19,5,0.165853336
97_dat,2024/10/19,10,0.16631031
97_dat,2024/10/19,15,0.166970119
97_dat,2024/10/19,20,0.169550717
97_dat,2024/10/19,30,0.28372848
97_dat,2024/10/19,40,0.849725366
97_dat,2024/10/19,50,0.785271406
97_dat,2024/10/20,5,0.182659641
97_dat,2024/10/20,10,0.18275471
97_dat,2024/10/20,15,0.182854414
97_dat,2024/10/20,20,0.183434591
97_dat,2024/10/20,30,0.329613954
97_dat,2024/10/20,40,0.779464006
97_dat,2024/10/20,50,0.660265923
97_dat,2024/10/21,5,0.178754047
97_dat,2024/10/21,10,0.178802714
97_dat,2024/10/21,15,0.178883418
97_dat,2024/10/21,20,0.179178804
97_dat,2024/10/21,30,0.38056469
97_dat,2024/10/21,40,0.743273675
97_dat,2024/10/21,50,0.580036044
97_dat,2024/10/22,5,0.174395844
97_dat,2024/10/22,10,0.174421474
97_dat,2024/10/22,15,0.174577117
97_dat,2024/10/22,20,0.177582309
97_dat,2024/10/22,30,0.400804639
97_dat,2024/10/22,40,0.702813387
97_dat,2024/10/22,50,0.53552866
97_dat,2024/10/23,5,0.173314944
97_dat,2024/10/23,10,0.173593462
97_dat,2024/10/23,15,0.174287915
97_dat,2024/10/23,20,0.182908773
97_dat,2024/10/23,30,0.411290556
97_dat,2024/10/23,40,0.614579022
97_dat,2024/10/23,50,0.478679776
97_dat,2024/10/24,5,0.191600293
97_dat,2024/10/24,10,0.19186686
97_dat,2024/10/24,15,0.19224292
97_dat,2024/10/24,20,0.200700775
97_dat,2024/10/24,30,0.45721817
97_dat,2024/10/24,40,0.548001468
97_dat,2024/10/24,50,0.437436581
97_dat,2024/10/25,5,0.191160142
97_dat,2024/10/25,10,0.191481531
97_dat,2024/10/25,15,0.192021623
97_dat,2024/10/25,20,0.207220197
97_dat,2024/10/25,30,0.521036208
97_dat,2024/10/25,40,0.548260093
97_dat,2024/10/25,50,0.437363595
97_dat,2024/10/26,5,0.186095744
97_dat,2024/10/26,10,0.186602637
97_dat,2024/10/26,15,0.187341794
97_dat,2024/10/26,20,0.200685456
97_dat,2024/10/26,30,0.565611303
97_dat,2024/10/26,40,0.555885077
97_dat,2024/10/26,50,0.444945842
97_dat,2024/10/27,5,0.185416132
97_dat,2024/10/27,10,0.185976997
97_dat,2024/10/27,15,0.1867726
97_dat,2024/10/27,20,0.200993642
97_dat,2024/10/27,30,0.5771088
97_dat,2024/10/27,40,0.535391986
97_dat,2024/10/27,50,0.437024385
97_dat,2024/10/28,5,0.203410566
97_dat,2024/10/28,10,0.203640446
97_dat,2024/10/28,15,0.203926265
97_dat,2024/10/28,20,0.21957019
97_dat,2024/10/28,30,0.577183604
97_dat,2024/10/28,40,0.505515873
97_dat,2024/10/28,50,0.423056185
97_dat,2024/10/29,5,0.209927529
97_dat,2024/10/29,10,0.210127845
97_dat,2024/10/29,15,0.210449681
97_dat,2024/10/29,20,0.227356091
97_dat,2024/10/29,30,0.596414089
97_dat,2024/10/29,40,0.493896514
97_dat,2024/10/29,50,0.420844942
97_dat,2024/10/30,5,0.206397027
97_dat,2024/10/30,10,0.206749991
97_dat,2024/10/30,15,0.207306892
97_dat,2024/10/30,20,0.224400207
97_dat,2024/10/30,30,0.613473833
97_dat,2024/10/30,40,0.485138685
97_dat,2024/10/30,50,0.420741439
97_dat,2024/10/31,5,0.208972901
97_dat,2024/10/31,10,0.209355727
97_dat,2024/10/31,15,0.20990634
97_dat,2024/10/31,20,0.229751512
97_dat,2024/10/31,30,0.632332444
97_dat,2024/10/31,40,0.484329939
97_dat,2024/10/31,50,0.424693763
97_dat,2024/11/1,5,0.209072247
97_dat,2024/11/1,10,0.209486037
97_dat,2024/11/1,15,0.210100502
97_dat,2024/11/1,20,0.229641363
97_dat,2024/11/1,30,0.642245114
97_dat,2024/11/1,40,0.483671248
97_dat,2024/11/1,50,0.426974177
97_dat,2024/11/2,5,0.21183157
97_dat,2024/11/2,10,0.212444529
97_dat,2024/11/2,15,0.213292584
97_dat,2024/11/2,20,0.236705184
97_dat,2024/11/2,30,0.619468808
97_dat,2024/11/2,40,0.468855679
97_dat,2024/11/2,50,0.417721808
97_dat,2024/11/3,5,0.225487083
97_dat,2024/11/3,10,0.225842774
97_dat,2024/11/3,15,0.226349324
97_dat,2024/11/3,20,0.253910422
97_dat,2024/11/3,30,0.604934931
97_dat,2024/11/3,40,0.459869087
97_dat,2024/11/3,50,0.411826581
97_dat,2024/11/4,5,0.237428278
97_dat,2024/11/4,10,0.237874225
97_dat,2024/11/4,15,0.238678291
97_dat,2024/11/4,20,0.275806695
97_dat,2024/11/4,30,0.566372633
97_dat,2024/11/4,40,0.441775888
97_dat,2024/11/4,50,0.398495138
97_dat,2024/11/5,5,0.255561322
97_dat,2024/11/5,10,0.256083131
97_dat,2024/11/5,15,0.256955594
97_dat,2024/11/5,20,0.306987971
97_dat,2024/11/5,30,0.547727883
97_dat,2024/11/5,40,0.436502099
97_dat,2024/11/5,50,0.393330872
97_dat,2024/11/6,5,0.267818183
97_dat,2024/11/6,10,0.268670887
97_dat,2024/11/6,15,0.269993395
97_dat,2024/11/6,20,0.329738051
97_dat,2024/11/6,30,0.561067045
97_dat,2024/11/6,40,0.44778195
97_dat,2024/11/6,50,0.398571521
97_dat,2024/11/7,5,0.29530099
97_dat,2024/11/7,10,0.296068639
97_dat,2024/11/7,15,0.297314346
97_dat,2024/11/7,20,0.353388935
97_dat,2024/11/7,30,0.559344053
97_dat,2024/11/7,40,0.456938356
97_dat,2024/11/7,50,0.400970161
97_dat,2024/11/8,5,0.324205339
97_dat,2024/11/8,10,0.325032085
97_dat,2024/11/8,15,0.326313555
97_dat,2024/11/8,20,0.368418276
97_dat,2024/11/8,30,0.526441991
97_dat,2024/11/8,40,0.451529145
97_dat,2024/11/8,50,0.393611014
97_dat,2024/11/9,5,0.345255166
97_dat,2024/11/9,10,0.345897764
97_dat,2024/11/9,15,0.346917003
97_dat,2024/11/9,20,0.386933744
97_dat,2024/11/9,30,0.507170081
97_dat,2024/11/9,40,0.44644475
97_dat,2024/11/9,50,0.38520059
97_dat,2024/11/10,5,0.350580186
97_dat,2024/11/10,10,0.351286322
97_dat,2024/11/10,15,0.352526546
97_dat,2024/11/10,20,0.393516064
97_dat,2024/11/10,30,0.506868541
97_dat,2024/11/10,40,0.445382982
97_dat,2024/11/10,50,0.379410028
97_dat,2024/11/11,5,0.3578839
97_dat,2024/11/11,10,0.358508557
97_dat,2024/11/11,15,0.359548509
97_dat,2024/11/11,20,0.387485206
97_dat,2024/11/11,30,0.510620832
97_dat,2024/11/11,40,0.447037667
97_dat,2024/11/11,50,0.376046687
97_dat,2024/11/12,5,0.371411324
97_dat,2024/11/12,10,0.372196645
97_dat,2024/11/12,15,0.373421252
97_dat,2024/11/12,20,0.382008016
97_dat,2024/11/12,30,0.504788816
97_dat,2024/11/12,40,0.447320879
97_dat,2024/11/12,50,0.372017443
97_dat,2024/11/13,5,0.398424238
97_dat,2024/11/13,10,0.399008512
97_dat,2024/11/13,15,0.399742573
97_dat,2024/11/13,20,0.402632475
97_dat,2024/11/13,30,0.491248608
97_dat,2024/11/13,40,0.442303807
97_dat,2024/11/13,50,0.365346581
97_dat,2024/11/14,5,0.415178835
97_dat,2024/11/14,10,0.415326327
97_dat,2024/11/14,15,0.415566057
97_dat,2024/11/14,20,0.416751355
97_dat,2024/11/14,30,0.492740154
97_dat,2024/11/14,40,0.442656994
97_dat,2024/11/14,50,0.362785935
97_dat,2024/11/15,5,0.416749895
97_dat,2024/11/15,10,0.41694513
97_dat,2024/11/15,15,0.417197526
97_dat,2024/11/15,20,0.419009924
97_dat,2024/11/15,30,0.473986447
97_dat,2024/11/15,40,0.430803776
97_dat,2024/11/15,50,0.353631258
97_dat,2024/11/16,5,0.426371574
97_dat,2024/11/16,10,0.426283926
97_dat,2024/11/16,15,0.426144361
97_dat,2024/11/16,20,0.42584458
97_dat,2024/11/16,30,0.454572529
97_dat,2024/11/16,40,0.416529119
97_dat,2024/11/16,50,0.343973249
97_dat,2024/11/17,5,0.429326445
97_dat,2024/11/17,10,0.42889154
97_dat,2024/11/17,15,0.428406507
97_dat,2024/11/17,20,0.427142233
97_dat,2024/11/17,30,0.432326794
97_dat,2024/11/17,40,0.404345125
97_dat,2024/11/17,50,0.335374147
97_dat,2024/11/18,5,0.450988114
97_dat,2024/11/18,10,0.450694084
97_dat,2024/11/18,15,0.450412184
97_dat,2024/11/18,20,0.449868053
97_dat,2024/11/18,30,0.433102757
97_dat,2024/11/18,40,0.400409728
97_dat,2024/11/18,50,0.334291458
97_dat,2024/11/19,5,0.494778782
97_dat,2024/11/19,10,0.49421975
97_dat,2024/11/19,15,0.493648976
97_dat,2024/11/19,20,0.492438436
97_dat,2024/11/19,30,0.45119682
97_dat,2024/11/19,40,0.394554079
97_dat,2024/11/19,50,0.333261728
97_dat,2024/11/20,5,0.528895855
97_dat,2024/11/20,10,0.528391242
97_dat,2024/11/20,15,0.527855575
97_dat,2024/11/20,20,0.526541412
97_dat,2024/11/20,30,0.445909142
97_dat,2024/11/20,40,0.381373137
97_dat,2024/11/20,50,0.327555746
97_dat,2024/11/21,5,0.561266422
97_dat,2024/11/21,10,0.560378909
97_dat,2024/11/21,15,0.559392393
97_dat,2024/11/21,20,0.55699873
97_dat,2024/11/21,30,0.445623159
97_dat,2024/11/21,40,0.376361519
97_dat,2024/11/21,50,0.328246295
97_dat,2024/11/22,5,0.578291237
97_dat,2024/11/22,10,0.576285541
97_dat,2024/11/22,15,0.573666632
97_dat,2024/11/22,20,0.5678702
97_dat,2024/11/22,30,0.439094722
97_dat,2024/11/22,40,0.370195627
97_dat,2024/11/22,50,0.3283104
97_dat,2024/11/23,5,0.580903292
97_dat,2024/11/23,10,0.579618633
97_dat,2024/11/23,15,0.578285098
97_dat,2024/11/23,20,0.576089978
97_dat,2024/11/23,30,0.446897477
97_dat,2024/11/23,40,0.366056085
97_dat,2024/11/23,50,0.328576446
97_dat,2024/11/24,5,0.587928951
97_dat,2024/11/24,10,0.586907506
97_dat,2024/11/24,15,0.585867763
97_dat,2024/11/24,20,0.584169447
97_dat,2024/11/24,30,0.465535581
97_dat,2024/11/24,40,0.359155536
97_dat,2024/11/24,50,0.325882673
97_dat,2024/11/25,5,0.600848377
97_dat,2024/11/25,10,0.599475861
97_dat,2024/11/25,15,0.597973049
97_dat,2024/11/25,20,0.595469594
97_dat,2024/11/25,30,0.52798903
97_dat,2024/11/25,40,0.352267683
97_dat,2024/11/25,50,0.323269218
97_dat,2024/11/26,5,0.610137224
97_dat,2024/11/26,10,0.609289527
97_dat,2024/11/26,15,0.607984126
97_dat,2024/11/26,20,0.605117261
97_dat,2024/11/26,30,0.580143809
97_dat,2024/11/26,40,0.362377137
97_dat,2024/11/26,50,0.319238752
97_dat,2024/11/27,5,0.625948131
97_dat,2024/11/27,10,0.621772766
97_dat,2024/11/27,15,0.615900099
97_dat,2024/11/27,20,0.603275418
97_dat,2024/11/27,30,0.543555975
97_dat,2024/11/27,40,0.354774356
97_dat,2024/11/27,50,0.306136221
97_dat,2024/11/28,5,0.621171296
97_dat,2024/11/28,10,0.618379235
97_dat,2024/11/28,15,0.615391791
97_dat,2024/11/28,20,0.61074841
97_dat,2024/11/28,30,0.561262369
97_dat,2024/11/28,40,0.336797148
97_dat,2024/11/28,50,0.293700576
97_dat,2024/11/29,5,0.623242795
97_dat,2024/11/29,10,0.621841252
97_dat,2024/11/29,15,0.620335817
97_dat,2024/11/29,20,0.618061185
97_dat,2024/11/29,30,0.601559341
97_dat,2024/11/29,40,0.375329733
97_dat,2024/11/29,50,0.28886801
97_dat,2024/11/30,5,0.638788342
97_dat,2024/11/30,10,0.637560427
97_dat,2024/11/30,15,0.636244118
97_dat,2024/11/30,20,0.634292841
97_dat,2024/11/30,30,0.626513898
97_dat,2024/11/30,40,0.500984788
97_dat,2024/11/30,50,0.295533925
97_dat,2024/12/1,5,0.664692938
97_dat,2024/12/1,10,0.663374424
97_dat,2024/12/1,15,0.661996901
97_dat,2024/12/1,20,0.659977257
97_dat,2024/12/1,30,0.653375745
97_dat,2024/12/1,40,0.622585773
97_dat,2024/12/1,50,0.315815002
97_dat,2024/12/2,5,0.705035985
97_dat,2024/12/2,10,0.703637898
97_dat,2024/12/2,15,0.701871455
97_dat,2024/12/2,20,0.698636115
97_dat,2024/12/2,30,0.686038613
97_dat,2024/12/2,40,0.628156483
97_dat,2024/12/2,50,0.328943908
97_dat,2024/12/3,5,0.717914104
97_dat,2024/12/3,10,0.715166807
97_dat,2024/12/3,15,0.712258697
97_dat,2024/12/3,20,0.707881927
97_dat,2024/12/3,30,0.69510293
97_dat,2024/12/3,40,0.65648061
97_dat,2024/12/3,50,0.472272456
97_dat,2024/12/4,5,0.71074152
97_dat,2024/12/4,10,0.708694041
97_dat,2024/12/4,15,0.706626952
97_dat,2024/12/4,20,0.70367223
97_dat,2024/12/4,30,0.696037352
97_dat,2024/12/4,40,0.678438127
97_dat,2024/12/4,50,0.642670989
97_dat,2024/12/5,5,0.724212348
97_dat,2024/12/5,10,0.722573042
97_dat,2024/12/5,15,0.720929861
97_dat,2024/12/5,20,0.718608737
97_dat,2024/12/5,30,0.712879837
97_dat,2024/12/5,40,0.701489747
97_dat,2024/12/5,50,0.682269096
97_dat,2024/12/6,5,0.717236519
97_dat,2024/12/6,10,0.715488017
97_dat,2024/12/6,15,0.713621259
97_dat,2024/12/6,20,0.710853994
97_dat,2024/12/6,30,0.70380044
97_dat,2024/12/6,40,0.692782044
97_dat,2024/12/6,50,0.678112388
97_dat,2024/12/7,5,0.688564301
97_dat,2024/12/7,10,0.686902106
97_dat,2024/12/7,15,0.685167313
97_dat,2024/12/7,20,0.682662249
97_dat,2024/12/7,30,0.67667985
97_dat,2024/12/7,40,0.669602871
97_dat,2024/12/7,50,0.662071407
97_dat,2024/12/8,5,0.696120322
97_dat,2024/12/8,10,0.694652498
97_dat,2024/12/8,15,0.693201184
97_dat,2024/12/8,20,0.691195428
97_dat,2024/12/8,30,0.686658144
97_dat,2024/12/8,40,0.681620717
97_dat,2024/12/8,50,0.676552117
97_dat,2024/12/9,5,0.697763681
97_dat,2024/12/9,10,0.696519375
97_dat,2024/12/9,15,0.695334077
97_dat,2024/12/9,20,0.693760574
97_dat,2024/12/9,30,0.690428853
97_dat,2024/12/9,40,0.686843753
97_dat,2024/12/9,50,0.683094621
97_dat,2024/12/10,5,0.701088727
97_dat,2024/12/10,10,0.699924767
97_dat,2024/12/10,15,0.698844075
97_dat,2024/12/10,20,0.697435558
97_dat,2024/12/10,30,0.694498658
97_dat,2024/12/10,40,0.691306174
97_dat,2024/12/10,50,0.687903106
97_dat,2024/12/11,5,0.723290503
97_dat,2024/12/11,10,0.722117126
97_dat,2024/12/11,15,0.720988333
97_dat,2024/12/11,20,0.719490051
97_dat,2024/12/11,30,0.716356575
97_dat,2024/12/11,40,0.713019669
97_dat,2024/12/11,50,0.709477186
97_dat,2024/12/12,5,0.760755301
97_dat,2024/12/12,10,0.759548426
97_dat,2024/12/12,15,0.758433461
97_dat,2024/12/12,20,0.75700438
97_dat,2024/12/12,30,0.754157484
97_dat,2024/12/12,40,0.751226544
97_dat,2024/12/12,50,0.748097539
97_dat,2024/12/13,5,0.793558657
97_dat,2024/12/13,10,0.792346299
97_dat,2024/12/13,15,0.791252017
97_dat,2024/12/13,20,0.789871812
97_dat,2024/12/13,30,0.787166417
97_dat,2024/12/13,40,0.784420133
97_dat,2024/12/13,50,0.781515419
97_dat,2024/12/14,5,0.810049355
97_dat,2024/12/14,10,0.808896244
97_dat,2024/12/14,15,0.807863474
97_dat,2024/12/14,20,0.806570649
97_dat,2024/12/14,30,0.804068565
97_dat,2024/12/14,40,0.801580966
97_dat,2024/12/14,50,0.799008846
97_dat,2024/12/15,5,0.798979402
97_dat,2024/12/15,10,0.797939301
97_dat,2024/12/15,15,0.797016799
97_dat,2024/12/15,20,0.795871556
97_dat,2024/12/15,30,0.793687046
97_dat,2024/12/15,40,0.791596651
97_dat,2024/12/15,50,0.789613545
97_dat,2024/12/16,5,0.789038539
97_dat,2024/12/16,10,0.78805548
97_dat,2024/12/16,15,0.78718394
97_dat,2024/12/16,20,0.786093116
97_dat,2024/12/16,30,0.783960521
97_dat,2024/12/16,40,0.782072008
97_dat,2024/12/16,50,0.780792832
97_dat,2024/12/17,5,0.790104508
97_dat,2024/12/17,10,0.789084315
97_dat,2024/12/17,15,0.788180947
97_dat,2024/12/17,20,0.787038565
97_dat,2024/12/17,30,0.784738481
97_dat,2024/12/17,40,0.782512307
97_dat,2024/12/17,50,0.781311333
97_dat,2024/12/18,5,0.785098314
97_dat,2024/12/18,10,0.784130037
97_dat,2024/12/18,15,0.783269465
97_dat,2024/12/18,20,0.782166481
97_dat,2024/12/18,30,0.779809296
97_dat,2024/12/18,40,0.776549816
97_dat,2024/12/18,50,0.774115562
97_dat,2024/12/19,5,0.774266303
97_dat,2024/12/19,10,0.77322346
97_dat,2024/12/19,15,0.772250235
97_dat,2024/12/19,20,0.770960987
97_dat,2024/12/19,30,0.768080294
97_dat,2024/12/19,40,0.763328552
97_dat,2024/12/19,50,0.757336259
97_dat,2024/12/20,5,0.733440578
97_dat,2024/12/20,10,0.732441902
97_dat,2024/12/20,15,0.731511295
97_dat,2024/12/20,20,0.730262756
97_dat,2024/12/20,30,0.727245152
97_dat,2024/12/20,40,0.721165717
97_dat,2024/12/20,50,0.711585224
97_dat,2024/12/21,5,0.694957316
97_dat,2024/12/21,10,0.694749594
97_dat,2024/12/21,15,0.694574177
97_dat,2024/12/21,20,0.694313586
97_dat,2024/12/21,30,0.692740619
97_dat,2024/12/21,40,0.678103149
97_dat,2024/12/21,50,0.63845998
97_dat,2024/12/22,5,0.704405785
97_dat,2024/12/22,10,0.703745425
97_dat,2024/12/22,15,0.703114629
97_dat,2024/12/22,20,0.702204406
97_dat,2024/12/22,30,0.697277009
97_dat,2024/12/22,40,0.631289721
97_dat,2024/12/22,50,0.57457298
97_dat,2024/12/23,5,0.718995929
97_dat,2024/12/23,10,0.717589855
97_dat,2024/12/23,15,0.716170311
97_dat,2024/12/23,20,0.714110732
97_dat,2024/12/23,30,0.706279397
97_dat,2024/12/23,40,0.612811565
97_dat,2024/12/23,50,0.547584593
97_dat,2024/12/24,5,0.72906667
97_dat,2024/12/24,10,0.727730155
97_dat,2024/12/24,15,0.726369083
97_dat,2024/12/24,20,0.72437948
97_dat,2024/12/24,30,0.717102468
97_dat,2024/12/24,40,0.62427032
97_dat,2024/12/24,50,0.541674316
97_dat,2024/12/25,5,0.737854004
97_dat,2024/12/25,10,0.736779153
97_dat,2024/12/25,15,0.735615253
97_dat,2024/12/25,20,0.733787835
97_dat,2024/12/25,30,0.726345599
97_dat,2024/12/25,40,0.651587188
97_dat,2024/12/25,50,0.539195955
97_dat,2024/12/26,5,0.736458063
97_dat,2024/12/26,10,0.735090911
97_dat,2024/12/26,15,0.733637393
97_dat,2024/12/26,20,0.731469512
97_dat,2024/12/26,30,0.724669337
97_dat,2024/12/26,40,0.700712144
97_dat,2024/12/26,50,0.592048228
97_dat,2024/12/27,5,0.717500925
97_dat,2024/12/27,10,0.716137588
97_dat,2024/12/27,15,0.714709878
97_dat,2024/12/27,20,0.712623
97_dat,2024/12/27,30,0.70715934
97_dat,2024/12/27,40,0.697349668
97_dat,2024/12/27,50,0.675607681
97_dat,2024/12/28,5,0.702498436
97_dat,2024/12/28,10,0.701457858
97_dat,2024/12/28,15,0.700466335
97_dat,2024/12/28,20,0.699106395
97_dat,2024/12/28,30,0.695925474
97_dat,2024/12/28,40,0.691809952
97_dat,2024/12/28,50,0.686682224
97_dat,2024/12/29,5,0.712135494
97_dat,2024/12/29,10,0.711473584
97_dat,2024/12/29,15,0.710900903
97_dat,2024/12/29,20,0.710185528
97_dat,2024/12/29,30,0.708717883
97_dat,2024/12/29,40,0.707140088
97_dat,2024/12/29,50,0.705703676
97_dat,2024/12/30,5,0.726767838
97_dat,2024/12/30,10,0.726828158
97_dat,2024/12/30,15,0.726905942
97_dat,2024/12/30,20,0.727003396
97_dat,2024/12/30,30,0.727088749
97_dat,2024/12/30,40,0.726594865
97_dat,2024/12/30,50,0.725674152
97_dat,2024/12/31,5,0.734854937
97_dat,2024/12/31,10,0.734884501
97_dat,2024/12/31,15,0.734970391
97_dat,2024/12/31,20,0.735123992
97_dat,2024/12/31,30,0.735649109
97_dat,2024/12/31,40,0.734284818
97_dat,2024/12/31,50,0.728202224
97_dat,2025/1/1,5,0.749931514
97_dat,2025/1/1,10,0.749432087
97_dat,2025/1/1,15,0.749018431
97_dat,2025/1/1,20,0.748501718
97_dat,2025/1/1,30,0.747256339
97_dat,2025/1/1,40,0.744630754
97_dat,2025/1/1,50,0.740850508
97_dat,2025/1/2,5,0.77260673
97_dat,2025/1/2,10,0.77212429
97_dat,2025/1/2,15,0.771737039
97_dat,2025/1/2,20,0.771266758
97_dat,2025/1/2,30,0.770210207
97_dat,2025/1/2,40,0.768435419
97_dat,2025/1/2,50,0.766256213
97_dat,2025/1/3,5,0.792383313
97_dat,2025/1/3,10,0.791931689
97_dat,2025/1/3,15,0.791559875
97_dat,2025/1/3,20,0.791085422
97_dat,2025/1/3,30,0.789918482
97_dat,2025/1/3,40,0.788068175
97_dat,2025/1/3,50,0.785941541
97_dat,2025/1/4,5,0.808222473
97_dat,2025/1/4,10,0.807655394
97_dat,2025/1/4,15,0.807170272
97_dat,2025/1/4,20,0.806564927
97_dat,2025/1/4,30,0.805288017
97_dat,2025/1/4,40,0.803741276
97_dat,2025/1/4,50,0.802154958
97_dat,2025/1/5,5,0.799848437
97_dat,2025/1/5,10,0.800012171
97_dat,2025/1/5,15,0.800171673
97_dat,2025/1/5,20,0.800377846
97_dat,2025/1/5,30,0.800622165
97_dat,2025/1/5,40,0.800108969
97_dat,2025/1/5,50,0.798773646
97_dat,2025/1/6,5,0.762593091
97_dat,2025/1/6,10,0.762886047
97_dat,2025/1/6,15,0.763244152
97_dat,2025/1/6,20,0.763927996
97_dat,2025/1/6,30,0.766399741
97_dat,2025/1/6,40,0.759136796
97_dat,2025/1/6,50,0.750763655
97_dat,2025/1/7,5,0.747031629
97_dat,2025/1/7,10,0.74653393
97_dat,2025/1/7,15,0.746037722
97_dat,2025/1/7,20,0.745286465
97_dat,2025/1/7,30,0.741368711
97_dat,2025/1/7,40,0.717350185
97_dat,2025/1/7,50,0.703163564
97_dat,2025/1/8,5,0.741068721
97_dat,2025/1/8,10,0.740205109
97_dat,2025/1/8,15,0.739348292
97_dat,2025/1/8,20,0.738141358
97_dat,2025/1/8,30,0.735113919
97_dat,2025/1/8,40,0.731306136
97_dat,2025/1/8,50,0.727571368
97_dat,2025/1/9,5,0.748187542
97_dat,2025/1/9,10,0.747667074
97_dat,2025/1/9,15,0.747212172
97_dat,2025/1/9,20,0.746630251
97_dat,2025/1/9,30,0.745394826
97_dat,2025/1/9,40,0.744055212
97_dat,2025/1/9,50,0.742817998
97_dat,2025/1/10,5,0.759165525
97_dat,2025/1/10,10,0.759337246
97_dat,2025/1/10,15,0.759599328
97_dat,2025/1/10,20,0.760049701
97_dat,2025/1/10,30,0.76114583
97_dat,2025/1/10,40,0.761000276
97_dat,2025/1/10,50,0.760300577
97_dat,2025/1/11,5,0.777534664
97_dat,2025/1/11,10,0.778056085
97_dat,2025/1/11,15,0.778580427
97_dat,2025/1/11,20,0.779284477
97_dat,2025/1/11,30,0.780838132
97_dat,2025/1/11,40,0.781163931
97_dat,2025/1/11,50,0.780852795
97_dat,2025/1/12,5,0.789464951
97_dat,2025/1/12,10,0.790060818
97_dat,2025/1/12,15,0.790641248
97_dat,2025/1/12,20,0.791410863
97_dat,2025/1/12,30,0.793143213
97_dat,2025/1/12,40,0.794234216
97_dat,2025/1/12,50,0.794234276
97_dat,2025/1/13,5,0.791898608
97_dat,2025/1/13,10,0.792131722
97_dat,2025/1/13,15,0.792433619
97_dat,2025/1/13,20,0.792897701
97_dat,2025/1/13,30,0.793929636
97_dat,2025/1/13,40,0.792880774
97_dat,2025/1/13,50,0.788440764
97_dat,2025/1/14,5,0.793388128
97_dat,2025/1/14,10,0.792900741
97_dat,2025/1/14,15,0.792472363
97_dat,2025/1/14,20,0.791904151
97_dat,2025/1/14,30,0.79043442
97_dat,2025/1/14,40,0.787707508
97_dat,2025/1/14,50,0.783210814
97_dat,2025/1/15,5,0.801100731
97_dat,2025/1/15,10,0.800490439
97_dat,2025/1/15,15,0.799956262
97_dat,2025/1/15,20,0.799289227
97_dat,2025/1/15,30,0.797905743
97_dat,2025/1/15,40,0.796404362
97_dat,2025/1/15,50,0.794852197
97_dat,2025/1/16,5,0.810732722
97_dat,2025/1/16,10,0.810424924
97_dat,2025/1/16,15,0.810183823
97_dat,2025/1/16,20,0.809898734
97_dat,2025/1/16,30,0.809332013
97_dat,2025/1/16,40,0.80860585
97_dat,2025/1/16,50,0.807786465
97_dat,2025/1/17,5,0.825128496
97_dat,2025/1/17,10,0.824747086
97_dat,2025/1/17,15,0.824457884
97_dat,2025/1/17,20,0.824135363
97_dat,2025/1/17,30,0.823542178
97_dat,2025/1/17,40,0.822882354
97_dat,2025/1/17,50,0.822247326
97_dat,2025/1/18,5,0.846946776
97_dat,2025/1/18,10,0.847075582
97_dat,2025/1/18,15,0.847198009
97_dat,2025/1/18,20,0.847348273
97_dat,2025/1/18,30,0.84753263
97_dat,2025/1/18,40,0.846821308
97_dat,2025/1/18,50,0.843429744
97_dat,2025/1/19,5,0.85582453
97_dat,2025/1/19,10,0.856217742
97_dat,2025/1/19,15,0.856137633
97_dat,2025/1/19,20,0.855156481
97_dat,2025/1/19,30,0.846468449
97_dat,2025/1/19,40,0.824767351
97_dat,2025/1/19,50,0.806239665
97_dat,2025/1/20,5,0.877936304
97_dat,2025/1/20,10,0.876576483
97_dat,2025/1/20,15,0.874854863
97_dat,2025/1/20,20,0.871481955
97_dat,2025/1/20,30,0.844355106
97_dat,2025/1/20,40,0.793753266
97_dat,2025/1/20,50,0.761449099
97_dat,2025/1/21,5,0.892731369
97_dat,2025/1/21,10,0.891180515
97_dat,2025/1/21,15,0.889267206
97_dat,2025/1/21,20,0.885103106
97_dat,2025/1/21,30,0.866718411
97_dat,2025/1/21,40,0.82435447
97_dat,2025/1/21,50,0.791791499
97_dat,2025/1/22,5,0.847771227
97_dat,2025/1/22,10,0.847118497
97_dat,2025/1/22,15,0.846414804
97_dat,2025/1/22,20,0.845292449
97_dat,2025/1/22,30,0.842504919
97_dat,2025/1/22,40,0.837730646
97_dat,2025/1/22,50,0.830228329
97_dat,2025/1/23,5,0.846221507
97_dat,2025/1/23,10,0.846153259
97_dat,2025/1/23,15,0.846112669
97_dat,2025/1/23,20,0.84601289
97_dat,2025/1/23,30,0.84500438
97_dat,2025/1/23,40,0.832222819
97_dat,2025/1/23,50,0.805182934
97_dat,2025/1/24,5,0.885900617
97_dat,2025/1/24,10,0.884700477
97_dat,2025/1/24,15,0.883023798
97_dat,2025/1/24,20,0.879709423
97_dat,2025/1/24,30,0.863503337
97_dat,2025/1/24,40,0.824662805
97_dat,2025/1/24,50,0.781706929
97_dat,2025/1/25,5,0.917255163
97_dat,2025/1/25,10,0.913750947
97_dat,2025/1/25,15,0.909494758
97_dat,2025/1/25,20,0.901929736
97_dat,2025/1/25,30,0.877122641
97_dat,2025/1/25,40,0.837405443
97_dat,2025/1/25,50,0.783640206
97_dat,2025/1/26,5,0.954526186
97_dat,2025/1/26,10,0.950866342
97_dat,2025/1/26,15,0.94622004
97_dat,2025/1/26,20,0.937922597
97_dat,2025/1/26,30,0.912395358
97_dat,2025/1/26,40,0.874596298
97_dat,2025/1/26,50,0.816388488
97_dat,2025/1/27,5,1.000620961
97_dat,2025/1/27,10,0.996889472
97_dat,2025/1/27,15,0.992087007
97_dat,2025/1/27,20,0.983446181
97_dat,2025/1/27,30,0.956365645
97_dat,2025/1/27,40,0.914810121
97_dat,2025/1/27,50,0.860333622
97_dat,2025/1/28,5,1.045838594
97_dat,2025/1/28,10,1.042393804
97_dat,2025/1/28,15,1.037859917
97_dat,2025/1/28,20,1.029370546
97_dat,2025/1/28,30,1.00008297
97_dat,2025/1/28,40,0.950883508
97_dat,2025/1/28,50,0.890950024
97_dat,2025/1/29,5,1.034128308
97_dat,2025/1/29,10,1.032090187
97_dat,2025/1/29,15,1.02968204
97_dat,2025/1/29,20,1.025656104
97_dat,2025/1/29,30,1.012886047
97_dat,2025/1/29,40,0.993766367
97_dat,2025/1/29,50,0.966686904
97_dat,2025/1/30,5,1.033573866
97_dat,2025/1/30,10,1.03293407
97_dat,2025/1/30,15,1.032281399
97_dat,2025/1/30,20,1.031338453
97_dat,2025/1/30,30,1.029064536
97_dat,2025/1/30,40,1.026698232
97_dat,2025/1/30,50,1.024574876
97_dat,2025/1/31,5,1.060704708
97_dat,2025/1/31,10,1.060288668
97_dat,2025/1/31,15,1.059901953
97_dat,2025/1/31,20,1.059392333
97_dat,2025/1/31,30,1.058313608
97_dat,2025/1/31,40,1.057596445
97_dat,2025/1/31,50,1.057709575
97_dat,2025/2/1,5,1.106866241
97_dat,2025/2/1,10,1.106645465
97_dat,2025/2/1,15,1.10644865
97_dat,2025/2/1,20,1.106174231
97_dat,2025/2/1,30,1.105540156
97_dat,2025/2/1,40,1.105244398
97_dat,2025/2/1,50,1.105829835
97_dat,2025/2/2,5,1.179183602
97_dat,2025/2/2,10,1.179078579
97_dat,2025/2/2,15,1.179006934
97_dat,2025/2/2,20,1.178869486
97_dat,2025/2/2,30,1.178375959
97_dat,2025/2/2,40,1.177903652
97_dat,2025/2/2,50,1.177938938
97_dat,2025/2/3,5,1.212990165
97_dat,2025/2/3,10,1.212842584
97_dat,2025/2/3,15,1.212699294
97_dat,2025/2/3,20,1.212491393
97_dat,2025/2/3,30,1.211983323
97_dat,2025/2/3,40,1.211487651
97_dat,2025/2/3,50,1.211513758
97_dat,2025/2/4,5,1.22498703
97_dat,2025/2/4,10,1.225188136
97_dat,2025/2/4,15,1.225370288
97_dat,2025/2/4,20,1.225585222
97_dat,2025/2/4,30,1.225940824
97_dat,2025/2/4,40,1.226566434
97_dat,2025/2/4,50,1.228025317
97_dat,2025/2/5,5,1.242403865
97_dat,2025/2/5,10,1.242503166
97_dat,2025/2/5,15,1.242597103
97_dat,2025/2/5,20,1.242711186
97_dat,2025/2/5,30,1.242953062
97_dat,2025/2/5,40,1.243840814
97_dat,2025/2/5,50,1.245888352
97_dat,2025/2/6,5,1.269056201
97_dat,2025/2/6,10,1.268961549
97_dat,2025/2/6,15,1.268880367
97_dat,2025/2/6,20,1.268779039
97_dat,2025/2/6,30,1.268655419
97_dat,2025/2/6,40,1.269162416
97_dat,2025/2/6,50,1.270643592
97_dat,2025/2/7,5,1.327286005
97_dat,2025/2/7,10,1.327138186
97_dat,2025/2/7,15,1.327025771
97_dat,2025/2/7,20,1.326904893
97_dat,2025/2/7,30,1.326813698
97_dat,2025/2/7,40,1.327348471
97_dat,2025/2/7,50,1.328806758
97_dat,2025/2/8,5,1.415733457
97_dat,2025/2/8,10,1.415338874
97_dat,2025/2/8,15,1.414981246
97_dat,2025/2/8,20,1.414445281
97_dat,2025/2/8,30,1.41317749
97_dat,2025/2/8,40,1.412314773
97_dat,2025/2/8,50,1.41253376
97_dat,2025/2/9,5,1.497708559
97_dat,2025/2/9,10,1.497105479
97_dat,2025/2/9,15,1.496504784
97_dat,2025/2/9,20,1.495643854
97_dat,2025/2/9,30,1.493613601
97_dat,2025/2/9,40,1.491934657
97_dat,2025/2/9,50,1.491637111
97_dat,2025/2/10,5,1.56352365
97_dat,2025/2/10,10,1.563163996
97_dat,2025/2/10,15,1.562829256
97_dat,2025/2/10,20,1.562401891
97_dat,2025/2/10,30,1.561602354
97_dat,2025/2/10,40,1.561353087
97_dat,2025/2/10,50,1.562175632
97_dat,2025/2/11,5,1.6285671
97_dat,2025/2/11,10,1.62838459
97_dat,2025/2/11,15,1.62821579
97_dat,2025/2/11,20,1.628013134
97_dat,2025/2/11,30,1.627721786
97_dat,2025/2/11,40,1.627883792
97_dat,2025/2/11,50,1.628454089
97_dat,2025/2/12,5,1.647120953
97_dat,2025/2/12,10,1.647090554
97_dat,2025/2/12,15,1.647009492
97_dat,2025/2/12,20,1.646867394
97_dat,2025/2/12,30,1.646427512
97_dat,2025/2/12,40,1.645262122
97_dat,2025/2/12,50,1.642837405
97_dat,2025/2/13,5,1.657769084
97_dat,2025/2/13,10,1.65736258
97_dat,2025/2/13,15,1.656919479
97_dat,2025/2/13,20,1.656262279
97_dat,2025/2/13,30,1.654649258
97_dat,2025/2/13,40,1.652745008
97_dat,2025/2/13,50,1.649918675
97_dat,2025/2/14,5,1.674544811
97_dat,2025/2/14,10,1.67416656
97_dat,2025/2/14,15,1.673764348
97_dat,2025/2/14,20,1.673184276
97_dat,2025/2/14,30,1.671871185
97_dat,2025/2/14,40,1.67074585
97_dat,2025/2/14,50,1.67031002
97_dat,2025/2/15,5,1.672833681
97_dat,2025/2/15,10,1.672804117
97_dat,2025/2/15,15,1.672750592
97_dat,2025/2/15,20,1.672641277
97_dat,2025/2/15,30,1.672189593
97_dat,2025/2/15,40,1.670894384
97_dat,2025/2/15,50,1.665676951
97_dat,2025/2/16,5,1.710551739
97_dat,2025/2/16,10,1.708725214
97_dat,2025/2/16,15,1.705875635
97_dat,2025/2/16,20,1.699270368
97_dat,2025/2/16,30,1.658024788
97_dat,2025/2/16,40,1.582292795
97_dat,2025/2/16,50,1.529251933
97_dat,2025/2/17,5,1.669082165
97_dat,2025/2/17,10,1.664523005
97_dat,2025/2/17,15,1.658747554
97_dat,2025/2/17,20,1.648291826
97_dat,2025/2/17,30,1.608474731
97_dat,2025/2/17,40,1.521814466
97_dat,2025/2/17,50,1.400977135
97_dat,2025/2/18,5,1.526452303
97_dat,2025/2/18,10,1.524454713
97_dat,2025/2/18,15,1.522202015
97_dat,2025/2/18,20,1.518648744
97_dat,2025/2/18,30,1.508538127
97_dat,2025/2/18,40,1.489430785
97_dat,2025/2/18,50,1.454571486
97_dat,2025/2/19,5,1.46221292
97_dat,2025/2/19,10,1.461336374
97_dat,2025/2/19,15,1.460425138
97_dat,2025/2/19,20,1.459048033
97_dat,2025/2/19,30,1.455376029
97_dat,2025/2/19,40,1.446876645
97_dat,2025/2/19,50,1.429550886
97_dat,2025/2/20,5,1.46618855
97_dat,2025/2/20,10,1.464926004
97_dat,2025/2/20,15,1.463421941
97_dat,2025/2/20,20,1.460214496
97_dat,2025/2/20,30,1.446471095
97_dat,2025/2/20,40,1.399935961
97_dat,2025/2/20,50,1.326951742
97_dat,2025/2/21,5,1.4763273
97_dat,2025/2/21,10,1.473357201
97_dat,2025/2/21,15,1.469442964
97_dat,2025/2/21,20,1.461771846
97_dat,2025/2/21,30,1.428394914
97_dat,2025/2/21,40,1.324391723
97_dat,2025/2/21,50,1.175311208
97_dat,2025/2/22,5,1.49852407
97_dat,2025/2/22,10,1.492840171
97_dat,2025/2/22,15,1.485252142
97_dat,2025/2/22,20,1.469758868
97_dat,2025/2/22,30,1.372304559
97_dat,2025/2/22,40,1.209846139
97_dat,2025/2/22,50,1.061831713
97_dat,2025/2/23,5,1.490172386
97_dat,2025/2/23,10,1.484565973
97_dat,2025/2/23,15,1.478333592
97_dat,2025/2/23,20,1.466715455
97_dat,2025/2/23,30,1.28313148
97_dat,2025/2/23,40,1.111757874
97_dat,2025/2/23,50,1.002594829
97_dat,2025/2/24,5,1.460582495
97_dat,2025/2/24,10,1.456513405
97_dat,2025/2/24,15,1.451075315
97_dat,2025/2/24,20,1.43917942
97_dat,2025/2/24,30,1.211460352
97_dat,2025/2/24,40,1.046194553
97_dat,2025/2/24,50,1.007864952
97_dat,2025/2/25,5,1.437257409
97_dat,2025/2/25,10,1.432411551
97_dat,2025/2/25,15,1.425841212
97_dat,2025/2/25,20,1.411546826
97_dat,2025/2/25,30,1.178105354
97_dat,2025/2/25,40,1.043447137
97_dat,2025/2/25,50,1.001843572
97_dat,2025/2/26,5,1.324212074
97_dat,2025/2/26,10,1.320481062
97_dat,2025/2/26,15,1.316120267
97_dat,2025/2/26,20,1.308629632
97_dat,2025/2/26,30,1.228157043
97_dat,2025/2/26,40,1.155014038
97_dat,2025/2/26,50,1.086821914
97_dat,2025/2/27,5,1.242465496
97_dat,2025/2/27,10,1.2406075
97_dat,2025/2/27,15,1.238548517
97_dat,2025/2/27,20,1.235346317
97_dat,2025/2/27,30,1.22563374
97_dat,2025/2/27,40,1.20970273
97_dat,2025/2/27,50,1.190161228
97_dat,2025/2/28,5,1.261826754
97_dat,2025/2/28,10,1.261195302
97_dat,2025/2/28,15,1.260300159
97_dat,2025/2/28,20,1.258623362
97_dat,2025/2/28,30,1.250191927
97_dat,2025/2/28,40,1.215249658
97_dat,2025/2/28,50,1.168424249
97_dat,2025/3/1,5,1.34260726
97_dat,2025/3/1,10,1.339173317
97_dat,2025/3/1,15,1.334504366
97_dat,2025/3/1,20,1.324731231
97_dat,2025/3/1,30,1.26812458
97_dat,2025/3/1,40,1.137991548
97_dat,2025/3/1,50,1.053465962
97_dat,2025/3/2,5,1.350389004
97_dat,2025/3/2,10,1.346916437
97_dat,2025/3/2,15,1.34267509
97_dat,2025/3/2,20,1.335062385
97_dat,2025/3/2,30,1.289627552
97_dat,2025/3/2,40,1.145961165
97_dat,2025/3/2,50,1.042967439
97_dat,2025/3/3,5,1.298929691
97_dat,2025/3/3,10,1.296126485
97_dat,2025/3/3,15,1.292972088
97_dat,2025/3/3,20,1.287899733
97_dat,2025/3/3,30,1.271882772
97_dat,2025/3/3,40,1.232976437
97_dat,2025/3/3,50,1.201801062
97_dat,2025/3/4,5,1.307531595
97_dat,2025/3/4,10,1.306398511
97_dat,2025/3/4,15,1.305000424
97_dat,2025/3/4,20,1.302179933
97_dat,2025/3/4,30,1.289419055
97_dat,2025/3/4,40,1.262359023
97_dat,2025/3/4,50,1.232784033
97_dat,2025/3/5,5,1.265354753
97_dat,2025/3/5,10,1.264707685
97_dat,2025/3/5,15,1.263939381
97_dat,2025/3/5,20,1.262611151
97_dat,2025/3/5,30,1.254364133
97_dat,2025/3/5,40,1.228624821
97_dat,2025/3/5,50,1.168147206
97_dat,2025/3/6,5,1.24843502
97_dat,2025/3/6,10,1.247648716
97_dat,2025/3/6,15,1.246767163
97_dat,2025/3/6,20,1.245220423
97_dat,2025/3/6,30,1.230585575
97_dat,2025/3/6,40,1.145881772
97_dat,2025/3/6,50,1.068702698
97_dat,2025/3/7,5,1.32982111
97_dat,2025/3/7,10,1.326721191
97_dat,2025/3/7,15,1.322657585
97_dat,2025/3/7,20,1.313867569
97_dat,2025/3/7,30,1.239491582
97_dat,2025/3/7,40,1.045491219
97_dat,2025/3/7,50,0.966363072
97_dat,2025/3/8,5,1.402882695
97_dat,2025/3/8,10,1.395684361
97_dat,2025/3/8,15,1.386081934
97_dat,2025/3/8,20,1.366768003
97_dat,2025/3/8,30,1.201304436
97_dat,2025/3/8,40,0.976776838
97_dat,2025/3/8,50,0.916372299
97_dat,2025/3/9,5,1.486481786
97_dat,2025/3/9,10,1.476172924
97_dat,2025/3/9,15,1.460248351
97_dat,2025/3/9,20,1.418048501
97_dat,2025/3/9,30,1.103174925
97_dat,2025/3/9,40,0.910965264
97_dat,2025/3/9,50,0.864389241
97_dat,2025/3/10,5,1.592662811
97_dat,2025/3/10,10,1.578988075
97_dat,2025/3/10,15,1.549847841
97_dat,2025/3/10,20,1.431435227
97_dat,2025/3/10,30,0.938495755
97_dat,2025/3/10,40,0.82051003
97_dat,2025/3/10,50,0.787824392
97_dat,2025/3/11,5,1.631547213
97_dat,2025/3/11,10,1.610612392
97_dat,2025/3/11,15,1.563937306
97_dat,2025/3/11,20,1.377345681
97_dat,2025/3/11,30,0.855740249
97_dat,2025/3/11,40,0.75442636
97_dat,2025/3/11,50,0.728655457
97_dat,2025/3/12,5,1.383863449
97_dat,2025/3/12,10,1.376908064
97_dat,2025/3/12,15,1.36582005
97_dat,2025/3/12,20,1.333979011
97_dat,2025/3/12,30,1.034348249
97_dat,2025/3/12,40,0.844432771
97_dat,2025/3/12,50,0.798613369
97_dat,2025/3/13,5,1.313361406
97_dat,2025/3/13,10,1.31136322
97_dat,2025/3/13,15,1.308821321
97_dat,2025/3/13,20,1.304300904
97_dat,2025/3/13,30,1.272331834
97_dat,2025/3/13,40,1.028475881
97_dat,2025/3/13,50,0.901406944
97_dat,2025/3/14,5,1.387461782
97_dat,2025/3/14,10,1.385845542
97_dat,2025/3/14,15,1.383566618
97_dat,2025/3/14,20,1.379363894
97_dat,2025/3/14,30,1.352844596
97_dat,2025/3/14,40,1.148960948
97_dat,2025/3/14,50,1.020838261
97_dat,2025/3/15,5,1.415660143
97_dat,2025/3/15,10,1.414316416
97_dat,2025/3/15,15,1.412574172
97_dat,2025/3/15,20,1.409039736
97_dat,2025/3/15,30,1.384373307
97_dat,2025/3/15,40,1.195652604
97_dat,2025/3/15,50,1.023628473
97_dat,2025/3/16,5,1.432361841
97_dat,2025/3/16,10,1.430805445
97_dat,2025/3/16,15,1.42841804
97_dat,2025/3/16,20,1.422549009
97_dat,2025/3/16,30,1.373356819
97_dat,2025/3/16,40,1.138076544
97_dat,2025/3/16,50,0.964757144
97_dat,2025/3/17,5,1.563720822
97_dat,2025/3/17,10,1.557400227
97_dat,2025/3/17,15,1.546149731
97_dat,2025/3/17,20,1.512498617
97_dat,2025/3/17,30,1.336236477
97_dat,2025/3/17,40,1.02384007
97_dat,2025/3/17,50,0.89923811
97_dat,2025/3/18,5,1.709382415
97_dat,2025/3/18,10,1.693641543
97_dat,2025/3/18,15,1.667365432
97_dat,2025/3/18,20,1.600414038
97_dat,2025/3/18,30,1.270448327
97_dat,2025/3/18,40,0.937210202
97_dat,2025/3/18,50,0.83928597
97_dat,2025/3/19,5,1.696484804
97_dat,2025/3/19,10,1.684715867
97_dat,2025/3/19,15,1.666508675
97_dat,2025/3/19,20,1.631219745
97_dat,2025/3/19,30,1.431378603
97_dat,2025/3/19,40,0.981749654
97_dat,2025/3/19,50,0.894358933
97_dat,2025/3/20,5,1.739141822
97_dat,2025/3/20,10,1.732132196
97_dat,2025/3/20,15,1.717660308
97_dat,2025/3/20,20,1.677508354
97_dat,2025/3/20,30,1.437360764
97_dat,2025/3/20,40,1.025720358
97_dat,2025/3/20,50,0.969240129
97_dat,2025/3/21,5,1.75287044
97_dat,2025/3/21,10,1.747950196
97_dat,2025/3/21,15,1.738265634
97_dat,2025/3/21,20,1.713267088
97_dat,2025/3/21,30,1.524287939
97_dat,2025/3/21,40,1.085036516
97_dat,2025/3/21,50,1.033781648
97_dat,2025/3/22,5,1.817162752
97_dat,2025/3/22,10,1.814132452
97_dat,2025/3/22,15,1.808219314
97_dat,2025/3/22,20,1.793575287
97_dat,2025/3/22,30,1.676262617
97_dat,2025/3/22,40,1.159318686
97_dat,2025/3/22,50,1.105547905
97_dat,2025/3/23,5,1.93067956
97_dat,2025/3/23,10,1.928291678
97_dat,2025/3/23,15,1.920983672
97_dat,2025/3/23,20,1.880770802
97_dat,2025/3/23,30,1.649948478
97_dat,2025/3/23,40,1.136490464
97_dat,2025/3/23,50,1.069805622
97_dat,2025/3/24,5,1.999538302
97_dat,2025/3/24,10,2.013408899
97_dat,2025/3/24,15,2.026483297
97_dat,2025/3/24,20,1.905138016
97_dat,2025/3/24,30,1.424098849
97_dat,2025/3/24,40,1.015500188
97_dat,2025/3/24,50,0.974472106
97_dat,2025/3/25,5,1.985910416
97_dat,2025/3/25,10,1.988338947
97_dat,2025/3/25,15,1.997785211
97_dat,2025/3/25,20,1.904067039
97_dat,2025/3/25,30,1.304185867
97_dat,2025/3/25,40,0.90990299
97_dat,2025/3/25,50,0.863920271
97_dat,2025/3/26,5,1.902645707
97_dat,2025/3/26,10,1.899641395
97_dat,2025/3/26,15,1.894412041
97_dat,2025/3/26,20,1.863921165
97_dat,2025/3/26,30,1.371988416
97_dat,2025/3/26,40,0.939375579
97_dat,2025/3/26,50,0.768658459
97_dat,2025/3/27,5,1.840539813
97_dat,2025/3/27,10,1.837671041
97_dat,2025/3/27,15,1.832079411
97_dat,2025/3/27,20,1.786004543
97_dat,2025/3/27,30,1.381331801
97_dat,2025/3/27,40,1.045834303
97_dat,2025/3/27,50,0.736186206
97_dat,2025/3/28,5,1.77786088
97_dat,2025/3/28,10,1.773195624
97_dat,2025/3/28,15,1.764225721
97_dat,2025/3/28,20,1.715008259
97_dat,2025/3/28,30,1.315795302
97_dat,2025/3/28,40,1.001146674
97_dat,2025/3/28,50,0.743470311
97_dat,2025/3/29,5,1.686496496
97_dat,2025/3/29,10,1.679943681
97_dat,2025/3/29,15,1.671882153
97_dat,2025/3/29,20,1.653026938
97_dat,2025/3/29,30,1.38150692
97_dat,2025/3/29,40,1.022963524
97_dat,2025/3/29,50,0.844428897
97_dat,2025/3/30,5,1.646600127
97_dat,2025/3/30,10,1.642611027
97_dat,2025/3/30,15,1.637364388
97_dat,2025/3/30,20,1.627311707
97_dat,2025/3/30,30,1.56580627
97_dat,2025/3/30,40,1.171493292
97_dat,2025/3/30,50,1.016265869
97_dat,2025/3/31,5,1.736534953
97_dat,2025/3/31,10,1.734706998
97_dat,2025/3/31,15,1.731845021
97_dat,2025/3/31,20,1.725737691
97_dat,2025/3/31,30,1.690808296
97_dat,2025/3/31,40,1.49592483
97_dat,2025/3/31,50,1.151063681
97_dat,2025/4/1,5,1.899900079
97_dat,2025/4/1,10,1.897016525
97_dat,2025/4/1,15,1.892920971
97_dat,2025/4/1,20,1.882528424
97_dat,2025/4/1,30,1.781904697
97_dat,2025/4/1,40,1.563709497
97_dat,2025/4/1,50,1.210582018
97_dat,2025/4/2,5,1.943567991
97_dat,2025/4/2,10,1.940350413
97_dat,2025/4/2,15,1.936719298
97_dat,2025/4/2,20,1.929583907
97_dat,2025/4/2,30,1.745599866
97_dat,2025/4/2,40,1.463333726
97_dat,2025/4/2,50,1.259935737
97_dat,2025/4/3,5,1.973161101
97_dat,2025/4/3,10,1.969076157
97_dat,2025/4/3,15,1.957994699
97_dat,2025/4/3,20,1.920506239
97_dat,2025/4/3,30,1.626659751
97_dat,2025/4/3,40,1.34044981
97_dat,2025/4/3,50,1.193408251
97_dat,2025/4/4,5,2.014621735
97_dat,2025/4/4,10,2.017969131
97_dat,2025/4/4,15,2.018700838
97_dat,2025/4/4,20,1.963635802
97_dat,2025/4/4,30,1.536275029
97_dat,2025/4/4,40,1.187907457
97_dat,2025/4/4,50,1.05184412
97_dat,2025/4/5,5,1.996780157
97_dat,2025/4/5,10,2.007472515
97_dat,2025/4/5,15,2.030615568
97_dat,2025/4/5,20,1.997552991
97_dat,2025/4/5,30,1.451200128
97_dat,2025/4/5,40,1.062936306
97_dat,2025/4/5,50,0.929368198
97_dat,2025/4/6,5,1.933557987
97_dat,2025/4/6,10,1.954211593
97_dat,2025/4/6,15,1.988528848
97_dat,2025/4/6,20,1.931645632
97_dat,2025/4/6,30,1.319162726
97_dat,2025/4/6,40,0.946897805
97_dat,2025/4/6,50,0.8331635
97_dat,2025/4/7,5,1.791728377
97_dat,2025/4/7,10,1.843509316
97_dat,2025/4/7,15,1.919291139
97_dat,2025/4/7,20,1.840272903
97_dat,2025/4/7,30,1.19386375
97_dat,2025/4/7,40,0.848751426
97_dat,2025/4/7,50,0.749363363
97_dat,2025/4/8,5,1.590092182
97_dat,2025/4/8,10,1.678304076
97_dat,2025/4/8,15,1.859678984
97_dat,2025/4/8,20,1.822780967
97_dat,2025/4/8,30,1.097148657
97_dat,2025/4/8,40,0.760215342
97_dat,2025/4/8,50,0.668868661
97_dat,2025/4/9,5,1.397327304
97_dat,2025/4/9,10,1.505311608
97_dat,2025/4/9,15,1.772203922
97_dat,2025/4/9,20,1.847896934
97_dat,2025/4/9,30,1.027022958
97_dat,2025/4/9,40,0.685298383
97_dat,2025/4/9,50,0.601583838
97_dat,2025/4/10,5,1.226706982
97_dat,2025/4/10,10,1.351872444
97_dat,2025/4/10,15,1.681730747
97_dat,2025/4/10,20,1.837168932
97_dat,2025/4/10,30,0.960974932
97_dat,2025/4/10,40,0.62229681
97_dat,2025/4/10,50,0.546383798
97_dat,2025/4/11,5,1.059413791
97_dat,2025/4/11,10,1.217947841
97_dat,2025/4/11,15,1.651334286
97_dat,2025/4/11,20,1.820575476
97_dat,2025/4/11,30,0.892812908
97_dat,2025/4/11,40,0.56971252
97_dat,2025/4/11,50,0.499738485
97_dat,2025/4/12,5,0.988238156
97_dat,2025/4/12,10,1.152917624
97_dat,2025/4/12,15,1.557953
97_dat,2025/4/12,20,1.750061631
97_dat,2025/4/12,30,0.849428058
97_dat,2025/4/12,40,0.528224468
97_dat,2025/4/12,50,0.460941851
97_dat,2025/4/13,5,1.262500763
97_dat,2025/4/13,10,1.286837101
97_dat,2025/4/13,15,1.318020463
97_dat,2025/4/13,20,1.297061324
97_dat,2025/4/13,30,0.899857461
97_dat,2025/4/13,40,0.523228049
97_dat,2025/4/13,50,0.439018399
97_dat,2025/4/14,5,1.349811196
97_dat,2025/4/14,10,1.331232429
97_dat,2025/4/14,15,1.26196909
97_dat,2025/4/14,20,1.138323545
97_dat,2025/4/14,30,0.869377375
97_dat,2025/4/14,40,0.545462191
97_dat,2025/4/14,50,0.420074254
97_dat,2025/4/15,5,1.410187244
97_dat,2025/4/15,10,1.393879533
97_dat,2025/4/15,15,1.300897121
97_dat,2025/4/15,20,1.110904574
97_dat,2025/4/15,30,0.793780744
97_dat,2025/4/15,40,0.512360871
97_dat,2025/4/15,50,0.388736099
97_dat,2025/4/16,5,1.368380189
97_dat,2025/4/16,10,1.368925452
97_dat,2025/4/16,15,1.358648062
97_dat,2025/4/16,20,1.256898999
97_dat,2025/4/16,30,0.734856486
97_dat,2025/4/16,40,0.441403985
97_dat,2025/4/16,50,0.352147579
97_dat,2025/4/17,5,1.313266993
97_dat,2025/4/17,10,1.331190944
97_dat,2025/4/17,15,1.377704144
97_dat,2025/4/17,20,1.394800186
97_dat,2025/4/17,30,0.73012656
97_dat,2025/4/17,40,0.395881981
97_dat,2025/4/17,50,0.322568119
97_dat,2025/4/18,5,1.27775991
97_dat,2025/4/18,10,1.312514901
97_dat,2025/4/18,15,1.376246929
97_dat,2025/4/18,20,1.402495146
97_dat,2025/4/18,30,0.704949975
97_dat,2025/4/18,40,0.371523559
97_dat,2025/4/18,50,0.301469713
97_dat,2025/4/19,5,1.219735384
97_dat,2025/4/19,10,1.269610643
97_dat,2025/4/19,15,1.349982619
97_dat,2025/4/19,20,1.363780737
97_dat,2025/4/19,30,0.67216146
97_dat,2025/4/19,40,0.349794716
97_dat,2025/4/19,50,0.283783495
97_dat,2025/4/20,5,1.092885256
97_dat,2025/4/20,10,1.159374833
97_dat,2025/4/20,15,1.303259015
97_dat,2025/4/20,20,1.402974963
97_dat,2025/4/20,30,0.659737349
97_dat,2025/4/20,40,0.331375211
97_dat,2025/4/20,50,0.26928249
97_dat,2025/4/21,5,0.959881246
97_dat,2025/4/21,10,1.03281939
97_dat,2025/4/21,15,1.251594663
97_dat,2025/4/21,20,1.483520746
97_dat,2025/4/21,30,0.669775486
97_dat,2025/4/21,40,0.320791245
97_dat,2025/4/21,50,0.259727389
97_dat,2025/4/22,5,0.884282947
97_dat,2025/4/22,10,0.949382067
97_dat,2025/4/22,15,1.19126308
97_dat,2025/4/22,20,1.526934266
97_dat,2025/4/22,30,0.687924266
97_dat,2025/4/22,40,0.318653256
97_dat,2025/4/22,50,0.255039424
97_dat,2025/4/23,5,0.831162691
97_dat,2025/4/23,10,0.896508336
97_dat,2025/4/23,15,1.143659353
97_dat,2025/4/23,20,1.480829597
97_dat,2025/4/23,30,0.679498792
97_dat,2025/4/23,40,0.312314421
97_dat,2025/4/23,50,0.248927057
97_dat,2025/4/24,5,0.768417716
97_dat,2025/4/24,10,0.852566957
97_dat,2025/4/24,15,1.128341675
97_dat,2025/4/24,20,1.445696115
97_dat,2025/4/24,30,0.662860155
97_dat,2025/4/24,40,0.304779917
97_dat,2025/4/24,50,0.24280566
97_dat,2025/4/25,5,0.710953176
97_dat,2025/4/25,10,0.80149585
97_dat,2025/4/25,15,1.10288465
97_dat,2025/4/25,20,1.444694161
97_dat,2025/4/25,30,0.65051049
97_dat,2025/4/25,40,0.297562182
97_dat,2025/4/25,50,0.237449482
97_dat,2025/4/26,5,0.671021819
97_dat,2025/4/26,10,0.738601685
97_dat,2025/4/26,15,0.999561131
97_dat,2025/4/26,20,1.481587529
97_dat,2025/4/26,30,0.666814029
97_dat,2025/4/26,40,0.291798979
97_dat,2025/4/26,50,0.231969714
97_dat,2025/4/27,5,0.627563655
97_dat,2025/4/27,10,0.698615789
97_dat,2025/4/27,15,0.953528762
97_dat,2025/4/27,20,1.504421711
97_dat,2025/4/27,30,0.726407945
97_dat,2025/4/27,40,0.296173543
97_dat,2025/4/27,50,0.229191378
97_dat,2025/4/28,5,0.667025685
97_dat,2025/4/28,10,0.706543446
97_dat,2025/4/28,15,0.914416909
97_dat,2025/4/28,20,1.480365157
97_dat,2025/4/28,30,0.758506298
97_dat,2025/4/28,40,0.302052706
97_dat,2025/4/28,50,0.228248268
97_dat,2025/4/29,5,0.695400476
97_dat,2025/4/29,10,0.731811404
97_dat,2025/4/29,15,0.907529116
97_dat,2025/4/29,20,1.386759162
97_dat,2025/4/29,30,0.764367402
97_dat,2025/4/29,40,0.299621075
97_dat,2025/4/29,50,0.224310413
97_dat,2025/4/30,5,0.646438479
97_dat,2025/4/30,10,0.704896212
97_dat,2025/4/30,15,0.927000761
97_dat,2025/4/30,20,1.410769224
97_dat,2025/4/30,30,0.792663693
97_dat,2025/4/30,40,0.302829683
97_dat,2025/4/30,50,0.224101856
97_dat,2025/5/1,5,0.657081485
97_dat,2025/5/1,10,0.704609454
97_dat,2025/5/1,15,0.922073185
97_dat,2025/5/1,20,1.420433044
97_dat,2025/5/1,30,0.860829473
97_dat,2025/5/1,40,0.317985088
97_dat,2025/5/1,50,0.228899136
97_dat,2025/5/2,5,0.765018761
97_dat,2025/5/2,10,0.843564212
97_dat,2025/5/2,15,1.018458605
97_dat,2025/5/2,20,1.266498327
97_dat,2025/5/2,30,0.926658928
97_dat,2025/5/2,40,0.344349265
97_dat,2025/5/2,50,0.238748148
97_dat,2025/5/3,5,0.79136306
97_dat,2025/5/3,10,0.899633288
97_dat,2025/5/3,15,1.103300214
97_dat,2025/5/3,20,1.228727102
97_dat,2025/5/3,30,0.937004626
97_dat,2025/5/3,40,0.362867236
97_dat,2025/5/3,50,0.245085329
97_dat,2025/5/4,5,0.704479218
97_dat,2025/5/4,10,0.827398896
97_dat,2025/5/4,15,1.101778269
97_dat,2025/5/4,20,1.334962487
97_dat,2025/5/4,30,0.942898273
97_dat,2025/5/4,40,0.356552899
97_dat,2025/5/4,50,0.242225468
97_dat,2025/5/5,5,0.630222678
97_dat,2025/5/5,10,0.783012211
97_dat,2025/5/5,15,1.129173398
97_dat,2025/5/5,20,1.441817641
97_dat,2025/5/5,30,0.968737185
97_dat,2025/5/5,40,0.360680729
97_dat,2025/5/5,50,0.242383033
97_dat,2025/5/6,5,0.579346716
97_dat,2025/5/6,10,0.738340497
97_dat,2025/5/6,15,1.148094893
97_dat,2025/5/6,20,1.537637591
97_dat,2025/5/6,30,0.999423027
97_dat,2025/5/6,40,0.366362989
97_dat,2025/5/6,50,0.244173914
97_dat,2025/5/7,5,0.541877091
97_dat,2025/5/7,10,0.684298754
97_dat,2025/5/7,15,1.125889897
97_dat,2025/5/7,20,1.59730804
97_dat,2025/5/7,30,1.014514923
97_dat,2025/5/7,40,0.366020888
97_dat,2025/5/7,50,0.244182557
97_dat,2025/5/8,5,0.49071914
97_dat,2025/5/8,10,0.626831293
97_dat,2025/5/8,15,1.075058937
97_dat,2025/5/8,20,1.655934095
97_dat,2025/5/8,30,1.06031549
97_dat,2025/5/8,40,0.36605984
97_dat,2025/5/8,50,0.24495548
97_dat,2025/5/9,5,0.457736224
97_dat,2025/5/9,10,0.585798502
97_dat,2025/5/9,15,1.036292791
97_dat,2025/5/9,20,1.701634645
97_dat,2025/5/9,30,1.112994075
97_dat,2025/5/9,40,0.373523742
97_dat,2025/5/9,50,0.248380765
97_dat,2025/5/10,5,0.444322079
97_dat,2025/5/10,10,0.575255692
97_dat,2025/5/10,15,1.02865684
97_dat,2025/5/10,20,1.698279023
97_dat,2025/5/10,30,1.111225247
97_dat,2025/5/10,40,0.380153209
97_dat,2025/5/10,50,0.250954241
97_dat,2025/5/11,5,0.428599089
97_dat,2025/5/11,10,0.562158406
97_dat,2025/5/11,15,1.009135723
97_dat,2025/5/11,20,1.67946887
97_dat,2025/5/11,30,1.112511754
97_dat,2025/5/11,40,0.377976298
97_dat,2025/5/11,50,0.249597862
97_dat,2025/5/12,5,0.399361819
97_dat,2025/5/12,10,0.531105995
97_dat,2025/5/12,15,0.956552207
97_dat,2025/5/12,20,1.682009697
97_dat,2025/5/12,30,1.165080547
97_dat,2025/5/12,40,0.372876287
97_dat,2025/5/12,50,0.246564955
97_dat,2025/5/13,5,0.373706222
97_dat,2025/5/13,10,0.49411732
97_dat,2025/5/13,15,0.902264237
97_dat,2025/5/13,20,1.696380973
97_dat,2025/5/13,30,1.215989828
97_dat,2025/5/13,40,0.371357888
97_dat,2025/5/13,50,0.245323226
97_dat,2025/5/14,5,0.352160931
97_dat,2025/5/14,10,0.459813744
97_dat,2025/5/14,15,0.864312351
97_dat,2025/5/14,20,1.71560061
97_dat,2025/5/14,30,1.23971653
97_dat,2025/5/14,40,0.3710334
97_dat,2025/5/14,50,0.244967446
97_dat,2025/5/15,5,0.341934264
97_dat,2025/5/15,10,0.43735978
97_dat,2025/5/15,15,0.847323179
97_dat,2025/5/15,20,1.734805822
97_dat,2025/5/15,30,1.242785811
97_dat,2025/5/15,40,0.372739226
97_dat,2025/5/15,50,0.245828897
97_dat,2025/5/16,5,0.338056594
97_dat,2025/5/16,10,0.424837232
97_dat,2025/5/16,15,0.836931884
97_dat,2025/5/16,20,1.722896576
97_dat,2025/5/16,30,1.268864512
97_dat,2025/5/16,40,0.380364716
97_dat,2025/5/16,50,0.24827832
97_dat,2025/5/17,5,0.339863062
97_dat,2025/5/17,10,0.434272587
97_dat,2025/5/17,15,0.854848325
97_dat,2025/5/17,20,1.705028176
97_dat,2025/5/17,30,1.2688272
97_dat,2025/5/17,40,0.392576814
97_dat,2025/5/17,50,0.252397716
97_dat,2025/5/18,5,0.349420726
97_dat,2025/5/18,10,0.45204401
97_dat,2025/5/18,15,0.8801983
97_dat,2025/5/18,20,1.694585323
97_dat,2025/5/18,30,1.23951304
97_dat,2025/5/18,40,0.391389042
97_dat,2025/5/18,50,0.251310855
97_dat,2025/5/19,5,0.345774263
97_dat,2025/5/19,10,0.455655783
97_dat,2025/5/19,15,0.886837959
97_dat,2025/5/19,20,1.703353524
97_dat,2025/5/19,30,1.243679881
97_dat,2025/5/19,40,0.384246439
97_dat,2025/5/19,50,0.248252675
97_dat,2025/5/20,5,0.338116676
97_dat,2025/5/20,10,0.457594126
97_dat,2025/5/20,15,0.91255033
97_dat,2025/5/20,20,1.744770646
97_dat,2025/5/20,30,1.258904934
97_dat,2025/5/20,40,0.380305618
97_dat,2025/5/20,50,0.246938914
97_dat,2025/5/21,5,0.322972357
97_dat,2025/5/21,10,0.445369929
97_dat,2025/5/21,15,0.92672497
97_dat,2025/5/21,20,1.830830693
97_dat,2025/5/21,30,1.252806664
97_dat,2025/5/21,40,0.376300722
97_dat,2025/5/21,50,0.245905548
97_dat,2025/5/22,5,0.308680892
97_dat,2025/5/22,10,0.425281912
97_dat,2025/5/22,15,0.893239558
97_dat,2025/5/22,20,1.856156349
97_dat,2025/5/22,30,1.30202651
97_dat,2025/5/22,40,0.382965326
97_dat,2025/5/22,50,0.248772189
97_dat,2025/5/23,5,0.300700814
97_dat,2025/5/23,10,0.402894974
97_dat,2025/5/23,15,0.823931754
97_dat,2025/5/23,20,1.804916382
97_dat,2025/5/23,30,1.400835514
97_dat,2025/5/23,40,0.396855742
97_dat,2025/5/23,50,0.253749222
97_dat,2025/5/24,5,0.320473462
97_dat,2025/5/24,10,0.406108141
97_dat,2025/5/24,15,0.803748906
97_dat,2025/5/24,20,1.743267298
97_dat,2025/5/24,30,1.416414499
97_dat,2025/5/24,40,0.417408824
97_dat,2025/5/24,50,0.261423469
97_dat,2025/5/25,5,0.349479258
97_dat,2025/5/25,10,0.44858858
97_dat,2025/5/25,15,0.857723773
97_dat,2025/5/25,20,1.661938071
97_dat,2025/5/25,30,1.336790204
97_dat,2025/5/25,40,0.42703259
97_dat,2025/5/25,50,0.264850765
97_dat,2025/5/26,5,0.355387986
97_dat,2025/5/26,10,0.450991839
97_dat,2025/5/26,15,0.876280844
97_dat,2025/5/26,20,1.684297919
97_dat,2025/5/26,30,1.312962651
97_dat,2025/5/26,40,0.413438469
97_dat,2025/5/26,50,0.259596318
97_dat,2025/5/27,5,0.335835874
97_dat,2025/5/27,10,0.426937133
97_dat,2025/5/27,15,0.842915654
97_dat,2025/5/27,20,1.724799514
97_dat,2025/5/27,30,1.38187933
97_dat,2025/5/27,40,0.408046395
97_dat,2025/5/27,50,0.257510573
97_dat,2025/5/28,5,0.310704321
97_dat,2025/5/28,10,0.387279421
97_dat,2025/5/28,15,0.767091155
97_dat,2025/5/28,20,1.709693193
97_dat,2025/5/28,30,1.475123525
97_dat,2025/5/28,40,0.415696234
97_dat,2025/5/28,50,0.260362297
97_dat,2025/5/29,5,0.291183859
97_dat,2025/5/29,10,0.359819472
97_dat,2025/5/29,15,0.708463252
97_dat,2025/5/29,20,1.67475903
97_dat,2025/5/29,30,1.529795885
97_dat,2025/5/29,40,0.418463707
97_dat,2025/5/29,50,0.261884928
97_dat,2025/5/30,5,0.275857091
97_dat,2025/5/30,10,0.34272027
97_dat,2025/5/30,15,0.686581016
97_dat,2025/5/30,20,1.674056888
97_dat,2025/5/30,30,1.523076653
97_dat,2025/5/30,40,0.414126992
97_dat,2025/5/30,50,0.261784613
97_dat,2025/5/31,5,0.263857603
97_dat,2025/5/31,10,0.327885956
97_dat,2025/5/31,15,0.667825043
97_dat,2025/5/31,20,1.654029131
97_dat,2025/5/31,30,1.531304717
97_dat,2025/5/31,40,0.416749001
97_dat,2025/5/31,50,0.263431251
97_dat,2025/6/1,5,0.262344629
97_dat,2025/6/1,10,0.321760625
97_dat,2025/6/1,15,0.635799944
97_dat,2025/6/1,20,1.571083903
97_dat,2025/6/1,30,1.608013391
97_dat,2025/6/1,40,0.425281018
97_dat,2025/6/1,50,0.266956031
97_dat,2025/6/2,5,0.258889139
97_dat,2025/6/2,10,0.315164149
97_dat,2025/6/2,15,0.598981678
97_dat,2025/6/2,20,1.481586218
97_dat,2025/6/2,30,1.69314301
97_dat,2025/6/2,40,0.432631075
97_dat,2025/6/2,50,0.270475715
97_dat,2025/6/3,5,0.262045979
97_dat,2025/6/3,10,0.309192002
97_dat,2025/6/3,15,0.593553007
97_dat,2025/6/3,20,1.497446537
97_dat,2025/6/3,30,1.664132476
97_dat,2025/6/3,40,0.435768038
97_dat,2025/6/3,50,0.273066878
97_dat,2025/6/4,5,0.27024284
97_dat,2025/6/4,10,0.32822454
97_dat,2025/6/4,15,0.634588182
97_dat,2025/6/4,20,1.555669188
97_dat,2025/6/4,30,1.58201468
97_dat,2025/6/4,40,0.424643636
97_dat,2025/6/4,50,0.269935697
97_dat,2025/6/5,5,0.275548607
97_dat,2025/6/5,10,0.345093936
97_dat,2025/6/5,15,0.640605986
97_dat,2025/6/5,20,1.526376009
97_dat,2025/6/5,30,1.566540003
97_dat,2025/6/5,40,0.403448433
97_dat,2025/6/5,50,0.262202948
97_dat,2025/6/6,5,0.273005366
97_dat,2025/6/6,10,0.33890757
97_dat,2025/6/6,15,0.618543804
97_dat,2025/6/6,20,1.493765235
97_dat,2025/6/6,30,1.543158531
97_dat,2025/6/6,40,0.390822113
97_dat,2025/6/6,50,0.257738203
97_dat,2025/6/7,5,0.259049207
97_dat,2025/6/7,10,0.325258106
97_dat,2025/6/7,15,0.607579768
97_dat,2025/6/7,20,1.52099824
97_dat,2025/6/7,30,1.487263799
97_dat,2025/6/7,40,0.382869452
97_dat,2025/6/7,50,0.255752116
97_dat,2025/6/8,5,0.246293396
97_dat,2025/6/8,10,0.312092602
97_dat,2025/6/8,15,0.59119612
97_dat,2025/6/8,20,1.517040253
97_dat,2025/6/8,30,1.477992415
97_dat,2025/6/8,40,0.379823744
97_dat,2025/6/8,50,0.255020529
97_dat,2025/6/9,5,0.234049946
97_dat,2025/6/9,10,0.295051545
97_dat,2025/6/9,15,0.576447785
97_dat,2025/6/9,20,1.526551247
97_dat,2025/6/9,30,1.497325659
97_dat,2025/6/9,40,0.382480323
97_dat,2025/6/9,50,0.256613731
97_dat,2025/6/10,5,0.22541067
97_dat,2025/6/10,10,0.281777143
97_dat,2025/6/10,15,0.574379981
97_dat,2025/6/10,20,1.546860933
97_dat,2025/6/10,30,1.522936583
97_dat,2025/6/10,40,0.389067531
97_dat,2025/6/10,50,0.259351104
97_dat,2025/6/11,5,0.227361009
97_dat,2025/6/11,10,0.283722728
97_dat,2025/6/11,15,0.578633487
97_dat,2025/6/11,20,1.531569839
97_dat,2025/6/11,30,1.539239049
97_dat,2025/6/11,40,0.38981396
97_dat,2025/6/11,50,0.258313209
97_dat,2025/6/12,5,0.233093411
97_dat,2025/6/12,10,0.291347027
97_dat,2025/6/12,15,0.569317937
97_dat,2025/6/12,20,1.47597599
97_dat,2025/6/12,30,1.613952637
97_dat,2025/6/12,40,0.391369432
97_dat,2025/6/12,50,0.256609112
97_dat,2025/6/13,5,0.227716476
97_dat,2025/6/13,10,0.28093034
97_dat,2025/6/13,15,0.534027576
97_dat,2025/6/13,20,1.399012208
97_dat,2025/6/13,30,1.70841527
97_dat,2025/6/13,40,0.401132941
97_dat,2025/6/13,50,0.25889203
97_dat,2025/6/14,5,0.222683862
97_dat,2025/6/14,10,0.263368219
97_dat,2025/6/14,15,0.508441627
97_dat,2025/6/14,20,1.373118997
97_dat,2025/6/14,30,1.764659643
97_dat,2025/6/14,40,0.415593088
97_dat,2025/6/14,50,0.265459448
97_dat,2025/6/15,5,0.224847078
97_dat,2025/6/15,10,0.258740038
97_dat,2025/6/15,15,0.513160706
97_dat,2025/6/15,20,1.37613523
97_dat,2025/6/15,30,1.781646967
97_dat,2025/6/15,40,0.432816476
97_dat,2025/6/15,50,0.27433154
97_dat,2025/6/16,5,0.22551693
97_dat,2025/6/16,10,0.261796296
97_dat,2025/6/16,15,0.531323373
97_dat,2025/6/16,20,1.390689731
97_dat,2025/6/16,30,1.752171755
97_dat,2025/6/16,40,0.444057047
97_dat,2025/6/16,50,0.281134754
97_dat,2025/6/17,5,0.228387967
97_dat,2025/6/17,10,0.265162826
97_dat,2025/6/17,15,0.538147867
97_dat,2025/6/17,20,1.379491806
97_dat,2025/6/17,30,1.752641439
97_dat,2025/6/17,40,0.452651858
97_dat,2025/6/17,50,0.285485178
97_dat,2025/6/18,5,0.227926344
97_dat,2025/6/18,10,0.260865629
97_dat,2025/6/18,15,0.519376338
97_dat,2025/6/18,20,1.331284642
97_dat,2025/6/18,30,1.811516643
97_dat,2025/6/18,40,0.460339844
97_dat,2025/6/18,50,0.287422478
97_dat,2025/6/19,5,0.220744044
97_dat,2025/6/19,10,0.254110038
97_dat,2025/6/19,15,0.504681349
97_dat,2025/6/19,20,1.304904938
97_dat,2025/6/19,30,1.863184929
97_dat,2025/6/19,40,0.474856377
97_dat,2025/6/19,50,0.290761381
97_dat,2025/6/20,5,0.217409298
97_dat,2025/6/20,10,0.25669992
97_dat,2025/6/20,15,0.51616627
97_dat,2025/6/20,20,1.339437962
97_dat,2025/6/20,30,1.871080995
97_dat,2025/6/20,40,0.496397227
97_dat,2025/6/20,50,0.29696852
97_dat,2025/6/21,5,0.220884442
97_dat,2025/6/21,10,0.26607874
97_dat,2025/6/21,15,0.535546362
97_dat,2025/6/21,20,1.349053621
97_dat,2025/6/21,30,1.82115376
97_dat,2025/6/21,40,0.511814237
97_dat,2025/6/21,50,0.302196234
97_dat,2025/6/22,5,0.22690773
97_dat,2025/6/22,10,0.271792084
97_dat,2025/6/22,15,0.542696953
97_dat,2025/6/22,20,1.316448569
97_dat,2025/6/22,30,1.758203506
97_dat,2025/6/22,40,0.511191487
97_dat,2025/6/22,50,0.301199913
97_dat,2025/6/23,5,0.229948893
97_dat,2025/6/23,10,0.272766352
97_dat,2025/6/23,15,0.540869415
97_dat,2025/6/23,20,1.310120463
97_dat,2025/6/23,30,1.753179908
97_dat,2025/6/23,40,0.506965399
97_dat,2025/6/23,50,0.298790008
97_dat,2025/6/24,5,0.225182608
97_dat,2025/6/24,10,0.269835413
97_dat,2025/6/24,15,0.535260141
97_dat,2025/6/24,20,1.322213531
97_dat,2025/6/24,30,1.785887122
97_dat,2025/6/24,40,0.507371485
97_dat,2025/6/24,50,0.299249142
97_dat,2025/6/25,5,0.216260865
97_dat,2025/6/25,10,0.264229983
97_dat,2025/6/25,15,0.528890371
97_dat,2025/6/25,20,1.33101511
97_dat,2025/6/25,30,1.82331562
97_dat,2025/6/25,40,0.511192083
97_dat,2025/6/25,50,0.300954103
97_dat,2025/6/26,5,0.210429177
97_dat,2025/6/26,10,0.256869167
97_dat,2025/6/26,15,0.516529322
97_dat,2025/6/26,20,1.294117928
97_dat,2025/6/26,30,1.841573596
97_dat,2025/6/26,40,0.514122963
97_dat,2025/6/26,50,0.301988274
97_dat,2025/6/27,5,0.207141131
97_dat,2025/6/27,10,0.254938573
97_dat,2025/6/27,15,0.495139986
97_dat,2025/6/27,20,1.229103208
97_dat,2025/6/27,30,1.918629527
97_dat,2025/6/27,40,0.5174613
97_dat,2025/6/27,50,0.301912546
97_dat,2025/6/28,5,0.20787783
97_dat,2025/6/28,10,0.254877061
97_dat,2025/6/28,15,0.473338366
97_dat,2025/6/28,20,1.182496309
97_dat,2025/6/28,30,2.023081064
97_dat,2025/6/28,40,0.524127603
97_dat,2025/6/28,50,0.304006726
97_dat,2025/6/29,5,0.206745848
97_dat,2025/6/29,10,0.249579847
97_dat,2025/6/29,15,0.458148092
97_dat,2025/6/29,20,1.157006383
97_dat,2025/6/29,30,2.076824665
97_dat,2025/6/29,40,0.528417706
97_dat,2025/6/29,50,0.308204263
97_dat,2025/6/30,5,0.205481648
97_dat,2025/6/30,10,0.243623331
97_dat,2025/6/30,15,0.449368805
97_dat,2025/6/30,20,1.155070543
97_dat,2025/6/30,30,2.064169407
97_dat,2025/6/30,40,0.53797102
97_dat,2025/6/30,50,0.316886097
97_dat,2025/7/1,5,0.204280391
97_dat,2025/7/1,10,0.238118276
97_dat,2025/7/1,15,0.446688861
97_dat,2025/7/1,20,1.174817443
97_dat,2025/7/1,30,1.992768645
97_dat,2025/7/1,40,0.568558633
97_dat,2025/7/1,50,0.329057276
97_dat,2025/7/2,5,0.20871605
97_dat,2025/7/2,10,0.241551727
97_dat,2025/7/2,15,0.467547983
97_dat,2025/7/2,20,1.223843813
97_dat,2025/7/2,30,1.86284852
97_dat,2025/7/2,40,0.6412763
97_dat,2025/7/2,50,0.345294416
97_dat,2025/7/3,5,0.220516503
97_dat,2025/7/3,10,0.250291079
97_dat,2025/7/3,15,0.490237951
97_dat,2025/7/3,20,1.230079174
97_dat,2025/7/3,30,1.73796308
97_dat,2025/7/3,40,0.749459624
97_dat,2025/7/3,50,0.38535133
97_dat,2025/7/4,5,0.224971458
97_dat,2025/7/4,10,0.248969585
97_dat,2025/7/4,15,0.471052915
97_dat,2025/7/4,20,1.135291696
97_dat,2025/7/4,30,1.655857444
97_dat,2025/7/4,40,0.857901633
97_dat,2025/7/4,50,0.453320235
97_dat,2025/7/5,5,0.228417933
97_dat,2025/7/5,10,0.239915773
97_dat,2025/7/5,15,0.434126556
97_dat,2025/7/5,20,1.030423284
97_dat,2025/7/5,30,1.610064387
97_dat,2025/7/5,40,0.947411656
97_dat,2025/7/5,50,0.530972064
97_dat,2025/7/6,5,0.225313693
97_dat,2025/7/6,10,0.227847517
97_dat,2025/7/6,15,0.38809076
97_dat,2025/7/6,20,0.913431823
97_dat,2025/7/6,30,1.616167903
97_dat,2025/7/6,40,1.026241064
97_dat,2025/7/6,50,0.603357017
97_dat,2025/7/7,5,0.21684128
97_dat,2025/7/7,10,0.21594356
97_dat,2025/7/7,15,0.340565503
97_dat,2025/7/7,20,0.777953923
97_dat,2025/7/7,30,1.693749189
97_dat,2025/7/7,40,1.107859492
97_dat,2025/7/7,50,0.670934021
97_dat,2025/7/8,5,0.207064688
97_dat,2025/7/8,10,0.204368636
97_dat,2025/7/8,15,0.295824707
97_dat,2025/7/8,20,0.643600404
97_dat,2025/7/8,30,1.827952981
97_dat,2025/7/8,40,1.208206177
97_dat,2025/7/8,50,0.731636465
97_dat,2025/7/9,5,0.197617739
97_dat,2025/7/9,10,0.195874035
97_dat,2025/7/9,15,0.268220872
97_dat,2025/7/9,20,0.551208615
97_dat,2025/7/9,30,1.939938903
97_dat,2025/7/9,40,1.306771398
97_dat,2025/7/9,50,0.769323289
97_dat,2025/7/10,5,0.192524612
97_dat,2025/7/10,10,0.197651193
97_dat,2025/7/10,15,0.259179235
97_dat,2025/7/10,20,0.501217127
97_dat,2025/7/10,30,1.945234179
97_dat,2025/7/10,40,1.407890677
97_dat,2025/7/10,50,0.799936712
97_dat,2025/7/11,5,0.200146839
97_dat,2025/7/11,10,0.211910442
97_dat,2025/7/11,15,0.25684005
97_dat,2025/7/11,20,0.458966613
97_dat,2025/7/11,30,1.796190977
97_dat,2025/7/11,40,1.534694552
97_dat,2025/7/11,50,0.88698262
97_dat,2025/7/12,5,0.208719939
97_dat,2025/7/12,10,0.220085427
97_dat,2025/7/12,15,0.247876197
97_dat,2025/7/12,20,0.397051811
97_dat,2025/7/12,30,1.597600102
97_dat,2025/7/12,40,1.674272537
97_dat,2025/7/12,50,1.051929951
97_dat,2025/7/13,5,0.206162691
97_dat,2025/7/13,10,0.220958963
97_dat,2025/7/13,15,0.232052252
97_dat,2025/7/13,20,0.330832928
97_dat,2025/7/13,30,1.345682025
97_dat,2025/7/13,40,1.800750136
97_dat,2025/7/13,50,1.229898334
97_dat,2025/7/14,5,0.210651025
97_dat,2025/7/14,10,0.218062833
97_dat,2025/7/14,15,0.222361594
97_dat,2025/7/14,20,0.294488758
97_dat,2025/7/14,30,1.046756387
97_dat,2025/7/14,40,1.851974607
97_dat,2025/7/14,50,1.386842728
97_dat,2025/7/15,5,0.219085619
97_dat,2025/7/15,10,0.213763759
97_dat,2025/7/15,15,0.216272607
97_dat,2025/7/15,20,0.272911698
97_dat,2025/7/15,30,0.782265842
97_dat,2025/7/15,40,1.738511801
97_dat,2025/7/15,50,1.509610772
97_dat,2025/7/16,5,0.216246814
97_dat,2025/7/16,10,0.207675502
97_dat,2025/7/16,15,0.213166147
97_dat,2025/7/16,20,0.260348946
97_dat,2025/7/16,30,0.61878252
97_dat,2025/7/16,40,1.572885513
97_dat,2025/7/16,50,1.548104882
97_dat,2025/7/17,5,0.203100041
97_dat,2025/7/17,10,0.195476308
97_dat,2025/7/17,15,0.205918282
97_dat,2025/7/17,20,0.24900052
97_dat,2025/7/17,30,0.540437639
97_dat,2025/7/17,40,1.466966987
97_dat,2025/7/17,50,1.560717463
97_dat,2025/7/18,5,0.190209836
97_dat,2025/7/18,10,0.182495758
97_dat,2025/7/18,15,0.196891114
97_dat,2025/7/18,20,0.239152744
97_dat,2025/7/18,30,0.499115825
97_dat,2025/7/18,40,1.350634694
97_dat,2025/7/18,50,1.545812964
97_dat,2025/7/19,5,0.180197105
97_dat,2025/7/19,10,0.173041284
97_dat,2025/7/19,15,0.189984843
97_dat,2025/7/19,20,0.233955145
97_dat,2025/7/19,30,0.49247238
97_dat,2025/7/19,40,1.245745301
97_dat,2025/7/19,50,1.512371302
97_dat,2025/7/20,5,0.173051193
97_dat,2025/7/20,10,0.165892348
97_dat,2025/7/20,15,0.183465883
97_dat,2025/7/20,20,0.226530805
97_dat,2025/7/20,30,0.499051869
97_dat,2025/7/20,40,1.194877386
97_dat,2025/7/20,50,1.485198021
97_dat,2025/7/21,5,0.170564845
97_dat,2025/7/21,10,0.162404895
97_dat,2025/7/21,15,0.17756705
97_dat,2025/7/21,20,0.21973218
97_dat,2025/7/21,30,0.51878351
97_dat,2025/7/21,40,1.200553536
97_dat,2025/7/21,50,1.476782084
97_dat,2025/7/22,5,0.17024453
97_dat,2025/7/22,10,0.161324129
97_dat,2025/7/22,15,0.172614112
97_dat,2025/7/22,20,0.216979593
97_dat,2025/7/22,30,0.557385504
97_dat,2025/7/22,40,1.233688831
97_dat,2025/7/22,50,1.472618461
97_dat,2025/7/23,5,0.169274986
97_dat,2025/7/23,10,0.161552817
97_dat,2025/7/23,15,0.168713763
97_dat,2025/7/23,20,0.21707058
97_dat,2025/7/23,30,0.610035181
97_dat,2025/7/23,40,1.266153097
97_dat,2025/7/23,50,1.455259681
97_dat,2025/7/24,5,0.167405948
97_dat,2025/7/24,10,0.162634715
97_dat,2025/7/24,15,0.164954111
97_dat,2025/7/24,20,0.216959715
97_dat,2025/7/24,30,0.66578573
97_dat,2025/7/24,40,1.306864381
97_dat,2025/7/24,50,1.432462931
97_dat,2025/7/25,5,0.163309798
97_dat,2025/7/25,10,0.16317229
97_dat,2025/7/25,15,0.162544683
97_dat,2025/7/25,20,0.222292528
97_dat,2025/7/25,30,0.734138548
97_dat,2025/7/25,40,1.340328455
97_dat,2025/7/25,50,1.372288585
97_dat,2025/7/26,5,0.161079288
97_dat,2025/7/26,10,0.164520398
97_dat,2025/7/26,15,0.163919047
97_dat,2025/7/26,20,0.239051342
97_dat,2025/7/26,30,0.797687113
97_dat,2025/7/26,40,1.305893779
97_dat,2025/7/26,50,1.235370994
97_dat,2025/7/27,5,0.162799209
97_dat,2025/7/27,10,0.165289029
97_dat,2025/7/27,15,0.170750499
97_dat,2025/7/27,20,0.267230839
97_dat,2025/7/27,30,0.849312663
97_dat,2025/7/27,40,1.226453781
97_dat,2025/7/27,50,1.084598184
97_dat,2025/7/28,5,0.162410423
97_dat,2025/7/28,10,0.162648171
97_dat,2025/7/28,15,0.17513217
97_dat,2025/7/28,20,0.290186912
97_dat,2025/7/28,30,0.903592825
97_dat,2025/7/28,40,1.183238626
97_dat,2025/7/28,50,0.974788547
97_dat,2025/7/29,5,0.160938933
97_dat,2025/7/29,10,0.158798546
97_dat,2025/7/29,15,0.178698778
97_dat,2025/7/29,20,0.315081269
97_dat,2025/7/29,30,0.951386213
97_dat,2025/7/29,40,1.167333245
97_dat,2025/7/29,50,0.899634123
97_dat,2025/7/30,5,0.170980558
97_dat,2025/7/30,10,0.160524964
97_dat,2025/7/30,15,0.185409442
97_dat,2025/7/30,20,0.341849566
97_dat,2025/7/30,30,0.973692417
97_dat,2025/7/30,40,1.164705038
97_dat,2025/7/30,50,0.854993701
97_dat,2025/7/31,5,0.188276097
97_dat,2025/7/31,10,0.170887247
97_dat,2025/7/31,15,0.201476574
97_dat,2025/7/31,20,0.375635237
97_dat,2025/7/31,30,0.958034217
97_dat,2025/7/31,40,1.161426544
97_dat,2025/7/31,50,0.831600964
97_dat,2025/8/1,5,0.19787389
97_dat,2025/8/1,10,0.183874205
97_dat,2025/8/1,15,0.221124053
97_dat,2025/8/1,20,0.399621189
97_dat,2025/8/1,30,0.937673807
97_dat,2025/8/1,40,1.183170199
97_dat,2025/8/1,50,0.836933255
97_dat,2025/8/2,5,0.200397983
97_dat,2025/8/2,10,0.190784439
97_dat,2025/8/2,15,0.229920015
97_dat,2025/8/2,20,0.398418158
97_dat,2025/8/2,30,0.910867751
97_dat,2025/8/2,40,1.203718424
97_dat,2025/8/2,50,0.843547761
97_dat,2025/8/3,5,0.194475725
97_dat,2025/8/3,10,0.187414885
97_dat,2025/8/3,15,0.226002127
97_dat,2025/8/3,20,0.381097108
97_dat,2025/8/3,30,0.898374498
97_dat,2025/8/3,40,1.222217441
97_dat,2025/8/3,50,0.827730894
97_dat,2025/8/4,5,0.187169075
97_dat,2025/8/4,10,0.184874699
97_dat,2025/8/4,15,0.219753906
97_dat,2025/8/4,20,0.359912932
97_dat,2025/8/4,30,0.871986568
97_dat,2025/8/4,40,1.214922547
97_dat,2025/8/4,50,0.787358582
97_dat,2025/8/5,5,0.18886292
97_dat,2025/8/5,10,0.179601416
97_dat,2025/8/5,15,0.211459488
97_dat,2025/8/5,20,0.34560591
97_dat,2025/8/5,30,0.839243829
97_dat,2025/8/5,40,1.156438947
97_dat,2025/8/5,50,0.725888014
97_dat,2025/8/6,5,0.188900232
97_dat,2025/8/6,10,0.169662923
97_dat,2025/8/6,15,0.19686237
97_dat,2025/8/6,20,0.328818411
97_dat,2025/8/6,30,0.837591767
97_dat,2025/8/6,40,1.089523673
97_dat,2025/8/6,50,0.662813365
97_dat,2025/8/7,5,0.183232635
97_dat,2025/8/7,10,0.161375403
97_dat,2025/8/7,15,0.183830529
97_dat,2025/8/7,20,0.311908603
97_dat,2025/8/7,30,0.862008452
97_dat,2025/8/7,40,1.02607584
97_dat,2025/8/7,50,0.60638833
97_dat,2025/8/8,5,0.174092352
97_dat,2025/8/8,10,0.156110168
97_dat,2025/8/8,15,0.168546274
97_dat,2025/8/8,20,0.284137249
97_dat,2025/8/8,30,0.920160174
97_dat,2025/8/8,40,0.994209528
97_dat,2025/8/8,50,0.568836987
97_dat,2025/8/9,5,0.16247721
97_dat,2025/8/9,10,0.149958208
97_dat,2025/8/9,15,0.15474683
97_dat,2025/8/9,20,0.260107666
97_dat,2025/8/9,30,0.995226622
97_dat,2025/8/9,40,0.97414732
97_dat,2025/8/9,50,0.545467317
97_dat,2025/8/10,5,0.154425159
97_dat,2025/8/10,10,0.141372383
97_dat,2025/8/10,15,0.145313308
97_dat,2025/8/10,20,0.251017421
97_dat,2025/8/10,30,1.056411505
97_dat,2025/8/10,40,0.951892793
97_dat,2025/8/10,50,0.53070116
97_dat,2025/8/11,5,0.145248145
97_dat,2025/8/11,10,0.134833381
97_dat,2025/8/11,15,0.137813076
97_dat,2025/8/11,20,0.242284954
97_dat,2025/8/11,30,1.113322496
97_dat,2025/8/11,40,0.956879139
97_dat,2025/8/11,50,0.528965592
97_dat,2025/8/12,5,0.138219193
97_dat,2025/8/12,10,0.131231025
97_dat,2025/8/12,15,0.130531833
97_dat,2025/8/12,20,0.229156837
97_dat,2025/8/12,30,1.184455514
97_dat,2025/8/12,40,0.987189054
97_dat,2025/8/12,50,0.537152648
97_dat,2025/8/13,5,0.133033514
97_dat,2025/8/13,10,0.128938422
97_dat,2025/8/13,15,0.124470741
97_dat,2025/8/13,20,0.219280466
97_dat,2025/8/13,30,1.262094378
97_dat,2025/8/13,40,1.00693059
97_dat,2025/8/13,50,0.541127741
97_dat,2025/8/14,5,0.131578639
97_dat,2025/8/14,10,0.126645863
97_dat,2025/8/14,15,0.122596152
97_dat,2025/8/14,20,0.226807877
97_dat,2025/8/14,30,1.302187681
97_dat,2025/8/14,40,0.994624555
97_dat,2025/8/14,50,0.533852875
97_dat,2025/8/15,5,0.135337949
97_dat,2025/8/15,10,0.129760176
97_dat,2025/8/15,15,0.1230781
97_dat,2025/8/15,20,0.23579219
97_dat,2025/8/15,30,1.355931759
97_dat,2025/8/15,40,0.989432275
97_dat,2025/8/15,50,0.530402422
97_dat,2025/8/16,5,0.134463757
97_dat,2025/8/16,10,0.136031777
97_dat,2025/8/16,15,0.121404819
97_dat,2025/8/16,20,0.233524919
97_dat,2025/8/16,30,1.428716779
97_dat,2025/8/16,40,0.971796572
97_dat,2025/8/16,50,0.520661414
97_dat,2025/8/17,5,0.136071518
97_dat,2025/8/17,10,0.140110239
97_dat,2025/8/17,15,0.126253381
97_dat,2025/8/17,20,0.251418948
97_dat,2025/8/17,30,1.418754697
97_dat,2025/8/17,40,0.883256555
97_dat,2025/8/17,50,0.484187484
97_dat,2025/8/18,5,0.140335605
97_dat,2025/8/18,10,0.146456152
97_dat,2025/8/18,15,0.138691798
97_dat,2025/8/18,20,0.291821867
97_dat,2025/8/18,30,1.397064805
97_dat,2025/8/18,40,0.795732737
97_dat,2025/8/18,50,0.450608969
97_dat,2025/8/19,5,0.138887852
97_dat,2025/8/19,10,0.149413571
97_dat,2025/8/19,15,0.1518877
97_dat,2025/8/19,20,0.326997757
97_dat,2025/8/19,30,1.353892326
97_dat,2025/8/19,40,0.720787168
97_dat,2025/8/19,50,0.421950728
97_dat,2025/8/20,5,0.140642762
97_dat,2025/8/20,10,0.156729177
97_dat,2025/8/20,15,0.176828638
97_dat,2025/8/20,20,0.372331411
97_dat,2025/8/20,30,1.258487105
97_dat,2025/8/20,40,0.645427108
97_dat,2025/8/20,50,0.392220646
97_dat,2025/8/21,5,0.143352076
97_dat,2025/8/21,10,0.163933903
97_dat,2025/8/21,15,0.199399978
97_dat,2025/8/21,20,0.421291351
97_dat,2025/8/21,30,1.229714751
97_dat,2025/8/21,40,0.611250162
97_dat,2025/8/21,50,0.379343808
97_dat,2025/8/22,5,0.144143373
97_dat,2025/8/22,10,0.169970423
97_dat,2025/8/22,15,0.22146748
97_dat,2025/8/22,20,0.466223806
97_dat,2025/8/22,30,1.186668515
97_dat,2025/8/22,40,0.581958413
97_dat,2025/8/22,50,0.368197531
97_dat,2025/8/23,5,0.148636937
97_dat,2025/8/23,10,0.177497014
97_dat,2025/8/23,15,0.243324339
97_dat,2025/8/23,20,0.516086042
97_dat,2025/8/23,30,1.169594884
97_dat,2025/8/23,40,0.570021927
97_dat,2025/8/23,50,0.364643276
97_dat,2025/8/24,5,0.146592811
97_dat,2025/8/24,10,0.177632377
97_dat,2025/8/24,15,0.24451381
97_dat,2025/8/24,20,0.548123538
97_dat,2025/8/24,30,1.237876534
97_dat,2025/8/24,40,0.588579535
97_dat,2025/8/24,50,0.374151289
97_dat,2025/8/25,5,0.148291633
97_dat,2025/8/25,10,0.183391407
97_dat,2025/8/25,15,0.268253773
97_dat,2025/8/25,20,0.604168236
97_dat,2025/8/25,30,1.28294003
97_dat,2025/8/25,40,0.601603031
97_dat,2025/8/25,50,0.379576921
97_dat,2025/8/26,5,0.161866859
97_dat,2025/8/26,10,0.200017601
97_dat,2025/8/26,15,0.300493062
97_dat,2025/8/26,20,0.649660349
97_dat,2025/8/26,30,1.289325595
97_dat,2025/8/26,40,0.60843575
97_dat,2025/8/26,50,0.38107115
97_dat,2025/8/27,5,0.165920481
97_dat,2025/8/27,10,0.206583694
97_dat,2025/8/27,15,0.300738305
97_dat,2025/8/27,20,0.655805349
97_dat,2025/8/27,30,1.313608289
97_dat,2025/8/27,40,0.608016491
97_dat,2025/8/27,50,0.380024582
97_dat,2025/8/28,5,0.171186969
97_dat,2025/8/28,10,0.208457932
97_dat,2025/8/28,15,0.293809235
97_dat,2025/8/28,20,0.645812273
97_dat,2025/8/28,30,1.263885498
97_dat,2025/8/28,40,0.570876598
97_dat,2025/8/28,50,0.362470597
97_dat,2025/8/29,5,0.173565596
97_dat,2025/8/29,10,0.214925736
97_dat,2025/8/29,15,0.293003827
97_dat,2025/8/29,20,0.615861118
97_dat,2025/8/29,30,1.127805114
97_dat,2025/8/29,40,0.513222456
97_dat,2025/8/29,50,0.33565098
97_dat,2025/8/30,5,0.181541681
97_dat,2025/8/30,10,0.229858816
97_dat,2025/8/30,15,0.310535878
97_dat,2025/8/30,20,0.601547956
97_dat,2025/8/30,30,1.047192335
97_dat,2025/8/30,40,0.484537721
97_dat,2025/8/30,50,0.321733356
97_dat,2025/8/31,5,0.176121309
97_dat,2025/8/31,10,0.228378907
97_dat,2025/8/31,15,0.3231121
97_dat,2025/8/31,20,0.621912003
97_dat,2025/8/31,30,1.033155799
97_dat,2025/8/31,40,0.479860961
97_dat,2025/8/31,50,0.319379658
97_dat,2025/9/1,5,0.172029451
97_dat,2025/9/1,10,0.230270579
97_dat,2025/9/1,15,0.32905376
97_dat,2025/9/1,20,0.637122333
97_dat,2025/9/1,30,1.01792419
97_dat,2025/9/1,40,0.473347068
97_dat,2025/9/1,50,0.316674948
97_dat,2025/9/2,5,0.17397815
97_dat,2025/9/2,10,0.232714027
97_dat,2025/9/2,15,0.332330763
97_dat,2025/9/2,20,0.637503564
97_dat,2025/9/2,30,0.955418169
97_dat,2025/9/2,40,0.45263806
97_dat,2025/9/2,50,0.307430059
97_dat,2025/9/3,5,0.176247448
97_dat,2025/9/3,10,0.22398299
97_dat,2025/9/3,15,0.339624047
97_dat,2025/9/3,20,0.672872841
97_dat,2025/9/3,30,0.942861676
97_dat,2025/9/3,40,0.449763864
97_dat,2025/9/3,50,0.307531536
97_dat,2025/9/4,5,0.173178807
97_dat,2025/9/4,10,0.213312551
97_dat,2025/9/4,15,0.337064475
97_dat,2025/9/4,20,0.715147138
97_dat,2025/9/4,30,0.97415483
97_dat,2025/9/4,40,0.458383054
97_dat,2025/9/4,50,0.313184977
97_dat,2025/9/5,5,0.167814165
97_dat,2025/9/5,10,0.21125415
97_dat,2025/9/5,15,0.338843524
97_dat,2025/9/5,20,0.73762995
97_dat,2025/9/5,30,0.978189349
97_dat,2025/9/5,40,0.455344826
97_dat,2025/9/5,50,0.313172638
97_dat,2025/9/6,5,0.164097145
97_dat,2025/9/6,10,0.208796546
97_dat,2025/9/6,15,0.346280992
97_dat,2025/9/6,20,0.763222098
97_dat,2025/9/6,30,0.98361218
97_dat,2025/9/6,40,0.453903973
97_dat,2025/9/6,50,0.314074904
97_dat,2025/9/7,5,0.163282335
97_dat,2025/9/7,10,0.209917098
97_dat,2025/9/7,15,0.356639713
97_dat,2025/9/7,20,0.802672088
97_dat,2025/9/7,30,0.977783442
97_dat,2025/9/7,40,0.447753072
97_dat,2025/9/7,50,0.312156677
97_dat,2025/9/8,5,0.167134479
97_dat,2025/9/8,10,0.210944891
97_dat,2025/9/8,15,0.369322091
97_dat,2025/9/8,20,0.845903814
97_dat,2025/9/8,30,0.997048914
97_dat,2025/9/8,40,0.44825533
97_dat,2025/9/8,50,0.313528866
97_dat,2025/9/9,5,0.165073276
97_dat,2025/9/9,10,0.210687578
97_dat,2025/9/9,15,0.382222474
97_dat,2025/9/9,20,0.884277701
97_dat,2025/9/9,30,1.011190653
97_dat,2025/9/9,40,0.445759058
97_dat,2025/9/9,50,0.312895626
97_dat,2025/9/10,5,0.166528985
97_dat,2025/9/10,10,0.212711558
97_dat,2025/9/10,15,0.391317189
97_dat,2025/9/10,20,0.905681193
97_dat,2025/9/10,30,0.999580443
97_dat,2025/9/10,40,0.436300874
97_dat,2025/9/10,50,0.308124453
97_dat,2025/9/11,5,0.163596213
97_dat,2025/9/11,10,0.211192176
97_dat,2025/9/11,15,0.395132542
97_dat,2025/9/11,20,0.924274802
97_dat,2025/9/11,30,1.029287338
97_dat,2025/9/11,40,0.44107601
97_dat,2025/9/11,50,0.311559796
97_dat,2025/9/12,5,0.164765134
97_dat,2025/9/12,10,0.226713985
97_dat,2025/9/12,15,0.418226928
97_dat,2025/9/12,20,0.941392779
97_dat,2025/9/12,30,1.066370249
97_dat,2025/9/12,40,0.450081438
97_dat,2025/9/12,50,0.318285614
97_dat,2025/9/13,5,0.223492801
97_dat,2025/9/13,10,0.297931761
97_dat,2025/9/13,15,0.495733142
97_dat,2025/9/13,20,0.960276425
97_dat,2025/9/13,30,1.007656574
97_dat,2025/9/13,40,0.447141498
97_dat,2025/9/13,50,0.318341285
97_dat,2025/9/14,5,0.276489854
97_dat,2025/9/14,10,0.354327142
97_dat,2025/9/14,15,0.533006787
97_dat,2025/9/14,20,0.968044758
97_dat,2025/9/14,30,1.001330853
97_dat,2025/9/14,40,0.465277404
97_dat,2025/9/14,50,0.327009976
97_dat,2025/9/15,5,0.257541388
97_dat,2025/9/15,10,0.352333099
97_dat,2025/9/15,15,0.505052149
97_dat,2025/9/15,20,0.935196757
97_dat,2025/9/15,30,1.070543408
97_dat,2025/9/15,40,0.485051334
97_dat,2025/9/15,50,0.337443054
97_dat,2025/9/16,5,0.231589705
97_dat,2025/9/16,10,0.322904885
97_dat,2025/9/16,15,0.495413035
97_dat,2025/9/16,20,0.960677207
97_dat,2025/9/16,30,1.058285713
97_dat,2025/9/16,40,0.467992693
97_dat,2025/9/16,50,0.332724094
97_dat,2025/9/17,5,0.212094396
97_dat,2025/9/17,10,0.290472835
97_dat,2025/9/17,15,0.488465399
97_dat,2025/9/17,20,0.999037564
97_dat,2025/9/17,30,1.031779289
97_dat,2025/9/17,40,0.45160237
97_dat,2025/9/17,50,0.325918585
97_dat,2025/9/18,5,0.20291993
97_dat,2025/9/18,10,0.266759604
97_dat,2025/9/18,15,0.459015161
97_dat,2025/9/18,20,0.944688201
97_dat,2025/9/18,30,1.03581953
97_dat,2025/9/18,40,0.448146224
97_dat,2025/9/18,50,0.321728438
97_dat,2025/9/19,5,0.199006706
97_dat,2025/9/19,10,0.238487676
97_dat,2025/9/19,15,0.403409541
97_dat,2025/9/19,20,0.884132028
97_dat,2025/9/19,30,1.045652628
97_dat,2025/9/19,40,0.449196547
97_dat,2025/9/19,50,0.320199668
97_dat,2025/9/20,5,0.202336982
97_dat,2025/9/20,10,0.234341934
97_dat,2025/9/20,15,0.382850707
97_dat,2025/9/20,20,0.847315788
97_dat,2025/9/20,30,1.017827272
97_dat,2025/9/20,40,0.44694975
97_dat,2025/9/20,50,0.318602592
97_dat,2025/9/21,5,0.207604989
97_dat,2025/9/21,10,0.235630885
97_dat,2025/9/21,15,0.383740902
97_dat,2025/9/21,20,0.79761517
97_dat,2025/9/21,30,1.007430315
97_dat,2025/9/21,40,0.460938245
97_dat,2025/9/21,50,0.324434608
97_dat,2025/9/22,5,0.199050784
97_dat,2025/9/22,10,0.220435411
97_dat,2025/9/22,15,0.361494333
97_dat,2025/9/22,20,0.784237802
97_dat,2025/9/22,30,1.004468679
97_dat,2025/9/22,40,0.475435793
97_dat,2025/9/22,50,0.332707644
97_dat,2025/9/23,5,0.19102712
97_dat,2025/9/23,10,0.209912509
97_dat,2025/9/23,15,0.36055705
97_dat,2025/9/23,20,0.839720368
97_dat,2025/9/23,30,0.987308145
97_dat,2025/9/23,40,0.482865185
97_dat,2025/9/23,50,0.340737164
97_dat,2025/9/24,5,0.186867416
97_dat,2025/9/24,10,0.225054711
97_dat,2025/9/24,15,0.397577047
97_dat,2025/9/24,20,0.873614788
97_dat,2025/9/24,30,0.998676956
97_dat,2025/9/24,40,0.506008446
97_dat,2025/9/24,50,0.35664919
97_dat,2025/9/25,5,0.188351005
97_dat,2025/9/25,10,0.247207552
97_dat,2025/9/25,15,0.42493698
97_dat,2025/9/25,20,0.848762453
97_dat,2025/9/25,30,0.970740914
97_dat,2025/9/25,40,0.523711383
97_dat,2025/9/25,50,0.375137895
97_dat,2025/9/26,5,0.189938903
97_dat,2025/9/26,10,0.253885567
97_dat,2025/9/26,15,0.433894217
97_dat,2025/9/26,20,0.87197572
97_dat,2025/9/26,30,0.954966068
97_dat,2025/9/26,40,0.53425169
97_dat,2025/9/26,50,0.393318385
97_dat,2025/9/27,5,0.186567992
97_dat,2025/9/27,10,0.241135255
97_dat,2025/9/27,15,0.425991446
97_dat,2025/9/27,20,0.8984676
97_dat,2025/9/27,30,1.003253102
97_dat,2025/9/27,40,0.545211434
97_dat,2025/9/27,50,0.405437589
97_dat,2025/9/28,5,0.182978123
97_dat,2025/9/28,10,0.222788185
97_dat,2025/9/28,15,0.399463445
97_dat,2025/9/28,20,0.870603561
97_dat,2025/9/28,30,1.035944939
97_dat,2025/9/28,40,0.544440329
97_dat,2025/9/28,50,0.407333404
97_dat,2025/9/29,5,0.178622901
97_dat,2025/9/29,10,0.210664451
97_dat,2025/9/29,15,0.380725533
97_dat,2025/9/29,20,0.855255902
97_dat,2025/9/29,30,1.02244997
97_dat,2025/9/29,40,0.54216069
97_dat,2025/9/29,50,0.407269627
97_dat,2025/9/30,5,0.175047651
97_dat,2025/9/30,10,0.20559454
97_dat,2025/9/30,15,0.369770885
97_dat,2025/9/30,20,0.847464323
97_dat,2025/9/30,30,1.013995767
97_dat,2025/9/30,40,0.551560163
97_dat,2025/9/30,50,0.414950132
97_dat,2025/10/1,5,0.174360767
97_dat,2025/10/1,10,0.203957126
97_dat,2025/10/1,15,0.352734953
97_dat,2025/10/1,20,0.809649825
97_dat,2025/10/1,30,1.032468319
97_dat,2025/10/1,40,0.570677996
97_dat,2025/10/1,50,0.431316406
97_dat,2025/10/2,5,0.171687067
97_dat,2025/10/2,10,0.195429727
97_dat,2025/10/2,15,0.324120581
97_dat,2025/10/2,20,0.745601892
97_dat,2025/10/2,30,1.054932952
97_dat,2025/10/2,40,0.594706953
97_dat,2025/10/2,50,0.450452
97_dat,2025/10/3,5,0.166756272
97_dat,2025/10/3,10,0.181848913
97_dat,2025/10/3,15,0.288900048
97_dat,2025/10/3,20,0.682792306
97_dat,2025/10/3,30,1.095815301
97_dat,2025/10/3,40,0.620882094
97_dat,2025/10/3,50,0.468137741
97_dat,2025/10/4,5,0.164216682
97_dat,2025/10/4,10,0.176234528
97_dat,2025/10/4,15,0.272232592
97_dat,2025/10/4,20,0.653927863
97_dat,2025/10/4,30,1.138561606
97_dat,2025/10/4,40,0.651949108
97_dat,2025/10/4,50,0.485799968
97_dat,2025/10/5,5,0.164061293
97_dat,2025/10/5,10,0.174068153
97_dat,2025/10/5,15,0.252123445
97_dat,2025/10/5,20,0.592360675
97_dat,2025/10/5,30,1.173455119
97_dat,2025/10/5,40,0.701757848
97_dat,2025/10/5,50,0.511159539
97_dat,2025/10/6,5,0.175974309
97_dat,2025/10/6,10,0.176535815
97_dat,2025/10/6,15,0.224222571
97_dat,2025/10/6,20,0.501028597
97_dat,2025/10/6,30,1.233359456
97_dat,2025/10/6,40,0.759030938
97_dat,2025/10/6,50,0.549425125
97_dat,2025/10/7,5,0.180548936
97_dat,2025/10/7,10,0.188999593
97_dat,2025/10/7,15,0.230925366
97_dat,2025/10/7,20,0.472265005
97_dat,2025/10/7,30,1.190120697
97_dat,2025/10/7,40,0.781898499
97_dat,2025/10/7,50,0.56581068
97_dat,2025/10/8,5,0.192882583
97_dat,2025/10/8,10,0.195984975
97_dat,2025/10/8,15,0.230996937
97_dat,2025/10/8,20,0.412832081
97_dat,2025/10/8,30,1.189576149
97_dat,2025/10/8,40,0.799066901
97_dat,2025/10/8,50,0.573508322
97_dat,2025/10/9,5,0.192653731
97_dat,2025/10/9,10,0.193706453
97_dat,2025/10/9,15,0.212161705
97_dat,2025/10/9,20,0.345854819
97_dat,2025/10/9,30,1.206115127
97_dat,2025/10/9,40,0.818044543
97_dat,2025/10/9,50,0.583286583
97_dat,2025/10/10,5,0.19298467
97_dat,2025/10/10,10,0.193482473
97_dat,2025/10/10,15,0.196547344
97_dat,2025/10/10,20,0.318332374
97_dat,2025/10/10,30,1.232957125
97_dat,2025/10/10,40,0.805053473
97_dat,2025/10/10,50,0.575690985
97_dat,2025/10/11,5,0.190792993
97_dat,2025/10/11,10,0.191120639
97_dat,2025/10/11,15,0.192245901
97_dat,2025/10/11,20,0.291921139
97_dat,2025/10/11,30,1.228037715
97_dat,2025/10/11,40,0.785476506
97_dat,2025/10/11,50,0.551194608
97_dat,2025/10/12,5,0.191225141
97_dat,2025/10/12,10,0.191493392
97_dat,2025/10/12,15,0.193109185
97_dat,2025/10/12,20,0.281812727
97_dat,2025/10/12,30,1.140710354
97_dat,2025/10/12,40,0.748052657
97_dat,2025/10/12,50,0.511511743
97_dat,2025/10/13,5,0.19589217
97_dat,2025/10/13,10,0.196383521
97_dat,2025/10/13,15,0.198139921
97_dat,2025/10/13,20,0.284345329
97_dat,2025/10/13,30,1.116165996
97_dat,2025/10/13,40,0.745415628
97_dat,2025/10/13,50,0.493800759
97_dat,2025/10/14,5,0.191763952
97_dat,2025/10/14,10,0.192137703
97_dat,2025/10/14,15,0.193382442
97_dat,2025/10/14,20,0.263616681
97_dat,2025/10/14,30,1.13007915
97_dat,2025/10/14,40,0.774038494
97_dat,2025/10/14,50,0.499701649
97_dat,2025/10/15,5,0.188233897
97_dat,2025/10/15,10,0.188490763
97_dat,2025/10/15,15,0.189126357
97_dat,2025/10/15,20,0.238323942
97_dat,2025/10/15,30,1.090636611
97_dat,2025/10/15,40,0.826392651
97_dat,2025/10/15,50,0.522673547
97_dat,2025/10/16,5,0.185625732
97_dat,2025/10/16,10,0.185770586
97_dat,2025/10/16,15,0.186235175
97_dat,2025/10/16,20,0.225001499
97_dat,2025/10/16,30,1.011317968
97_dat,2025/10/16,40,0.866479576
97_dat,2025/10/16,50,0.557086051
97_dat,2025/10/17,5,0.186639369
97_dat,2025/10/17,10,0.186851531
97_dat,2025/10/17,15,0.187407717
97_dat,2025/10/17,20,0.219230726
97_dat,2025/10/17,30,0.948515236
97_dat,2025/10/17,40,0.886482894
97_dat,2025/10/17,50,0.582147658
97_dat,2025/10/18,5,0.191490993
97_dat,2025/10/18,10,0.192080081
97_dat,2025/10/18,15,0.192911565
97_dat,2025/10/18,20,0.204369396
97_dat,2025/10/18,30,0.837255895
97_dat,2025/10/18,40,0.920627356
97_dat,2025/10/18,50,0.60759908
97_dat,2025/10/19,5,0.20693098
97_dat,2025/10/19,10,0.207169741
97_dat,2025/10/19,15,0.207451895
97_dat,2025/10/19,20,0.208501339
97_dat,2025/10/19,30,0.758145928
97_dat,2025/10/19,40,0.939678788
97_dat,2025/10/19,50,0.628135562
97_dat,2025/10/20,5,0.20618096
97_dat,2025/10/20,10,0.206430897
97_dat,2025/10/20,15,0.206724197
97_dat,2025/10/20,20,0.207694888
97_dat,2025/10/20,30,0.722255051
97_dat,2025/10/20,40,0.961193085
97_dat,2025/10/20,50,0.627242029
97_dat,2025/10/21,5,0.204030827
97_dat,2025/10/21,10,0.204322577
97_dat,2025/10/21,15,0.204651088
97_dat,2025/10/21,20,0.205596596
97_dat,2025/10/21,30,0.680766284
97_dat,2025/10/21,40,0.956690371
97_dat,2025/10/21,50,0.596516371
97_dat,2025/10/22,5,0.200387105
97_dat,2025/10/22,10,0.200567007
97_dat,2025/10/22,15,0.200769275
97_dat,2025/10/22,20,0.201430082
97_dat,2025/10/22,30,0.676374257
97_dat,2025/10/22,40,0.924657106
97_dat,2025/10/22,50,0.550960004
97_dat,2025/10/23,5,0.197698072
97_dat,2025/10/23,10,0.197887152
97_dat,2025/10/23,15,0.198111653
97_dat,2025/10/23,20,0.1990183
97_dat,2025/10/23,30,0.702701688
97_dat,2025/10/23,40,0.8931036
97_dat,2025/10/23,50,0.515377164
97_dat,2025/10/24,5,0.196693912
97_dat,2025/10/24,10,0.19696255
97_dat,2025/10/24,15,0.197294429
97_dat,2025/10/24,20,0.198528439
97_dat,2025/10/24,30,0.756176054
97_dat,2025/10/24,40,0.851324916
97_dat,2025/10/24,50,0.484462887
97_dat,2025/10/25,5,0.198423982
97_dat,2025/10/25,10,0.198601052
97_dat,2025/10/25,15,0.198923469
97_dat,2025/10/25,20,0.200123996
97_dat,2025/10/25,30,0.808107436
97_dat,2025/10/25,40,0.805918634
97_dat,2025/10/25,50,0.460807621
97_dat,2025/10/26,5,0.201328784
97_dat,2025/10/26,10,0.201391131
97_dat,2025/10/26,15,0.201720297
97_dat,2025/10/26,20,0.203866735
97_dat,2025/10/26,30,0.799876094
97_dat,2025/10/26,40,0.769924521
97_dat,2025/10/26,50,0.447093278
97_dat,2025/10/27,5,0.219796255
97_dat,2025/10/27,10,0.220568836
97_dat,2025/10/27,15,0.22181876
97_dat,2025/10/27,20,0.226388946
97_dat,2025/10/27,30,0.812980354
97_dat,2025/10/27,40,0.728957355
97_dat,2025/10/27,50,0.43372795
97_dat,2025/10/28,5,0.249949828
97_dat,2025/10/28,10,0.250609159
97_dat,2025/10/28,15,0.251476616
97_dat,2025/10/28,20,0.254534215
97_dat,2025/10/28,30,0.764496267
97_dat,2025/10/28,40,0.682021976
97_dat,2025/10/28,50,0.442822039
97_dat,2025/10/29,5,0.274250209
97_dat,2025/10/29,10,0.275014043
97_dat,2025/10/29,15,0.275940061
97_dat,2025/10/29,20,0.280249447
97_dat,2025/10/29,30,0.731950521
97_dat,2025/10/29,40,0.63216573
97_dat,2025/10/29,50,0.435054511
97_dat,2025/10/30,5,0.293569118
97_dat,2025/10/30,10,0.294127613
97_dat,2025/10/30,15,0.29479754
97_dat,2025/10/30,20,0.297624737
97_dat,2025/10/30,30,0.794496834
97_dat,2025/10/30,40,0.583356619
97_dat,2025/10/30,50,0.406091243
97_dat,2025/10/31,5,0.309193134
97_dat,2025/10/31,10,0.309638113
97_dat,2025/10/31,15,0.310061723
97_dat,2025/10/31,20,0.312059522
97_dat,2025/10/31,30,0.814840376
97_dat,2025/10/31,40,0.527889967
97_dat,2025/10/31,50,0.37826699
97_dat,2025/11/1,5,0.320272386
97_dat,2025/11/1,10,0.32084772
97_dat,2025/11/1,15,0.32138896
97_dat,2025/11/1,20,0.330431461
97_dat,2025/11/1,30,0.732007086
97_dat,2025/11/1,40,0.47721234
97_dat,2025/11/1,50,0.348849773
97_dat,2025/11/2,5,0.355063945
97_dat,2025/11/2,10,0.355380714
97_dat,2025/11/2,15,0.356464297
97_dat,2025/11/2,20,0.377568483
97_dat,2025/11/2,30,0.689194739
97_dat,2025/11/2,40,0.449807912
97_dat,2025/11/2,50,0.335582703
97_dat,2025/11/3,5,0.38876158
97_dat,2025/11/3,10,0.38914451
97_dat,2025/11/3,15,0.389675885
97_dat,2025/11/3,20,0.395611852
97_dat,2025/11/3,30,0.717737794
97_dat,2025/11/3,40,0.451114357
97_dat,2025/11/3,50,0.339875847
97_dat,2025/11/4,5,0.4042916
97_dat,2025/11/4,10,0.404455721
97_dat,2025/11/4,15,0.404648483
97_dat,2025/11/4,20,0.405735403
97_dat,2025/11/4,30,0.741859913
97_dat,2025/11/4,40,0.448493868
97_dat,2025/11/4,50,0.340765715
97_dat,2025/11/5,5,0.416830748
97_dat,2025/11/5,10,0.417002708
97_dat,2025/11/5,15,0.417203873
97_dat,2025/11/5,20,0.418147147
97_dat,2025/11/5,30,0.750136793
97_dat,2025/11/5,40,0.438673317
97_dat,2025/11/5,50,0.335724384
97_dat,2025/11/6,5,0.427939892
97_dat,2025/11/6,10,0.428986579
97_dat,2025/11/6,15,0.430357814
97_dat,2025/11/6,20,0.436581016
97_dat,2025/11/6,30,0.755151212
97_dat,2025/11/6,40,0.434154361
97_dat,2025/11/6,50,0.33161971
97_dat,2025/11/7,5,0.47307837
97_dat,2025/11/7,10,0.473641574
97_dat,2025/11/7,15,0.474282771
97_dat,2025/11/7,20,0.476662874
97_dat,2025/11/7,30,0.762904108
97_dat,2025/11/7,40,0.439608097
97_dat,2025/11/7,50,0.330536813
97_dat,2025/11/8,5,0.509180367
97_dat,2025/11/8,10,0.509131253
97_dat,2025/11/8,15,0.50909549
97_dat,2025/11/8,20,0.509523273
97_dat,2025/11/8,30,0.731483698
97_dat,2025/11/8,40,0.427811712
97_dat,2025/11/8,50,0.320607185
97_dat,2025/11/9,5,0.529049993
97_dat,2025/11/9,10,0.528534889
97_dat,2025/11/9,15,0.527883828
97_dat,2025/11/9,20,0.524935246
97_dat,2025/11/9,30,0.657588899
97_dat,2025/11/9,40,0.396491349
97_dat,2025/11/9,50,0.304208368
97_dat,2025/11/10,5,0.552476943
97_dat,2025/11/10,10,0.552363396
97_dat,2025/11/10,15,0.552182913
97_dat,2025/11/10,20,0.551813304
97_dat,2025/11/10,30,0.634281874
97_dat,2025/11/10,40,0.386950493
97_dat,2025/11/10,50,0.29762584
97_dat,2025/11/11,5,0.584140003
97_dat,2025/11/11,10,0.584137738
97_dat,2025/11/11,15,0.584102631
97_dat,2025/11/11,20,0.584281027
97_dat,2025/11/11,30,0.66503489
97_dat,2025/11/11,40,0.389972866
97_dat,2025/11/11,50,0.293833882
97_dat,2025/11/12,5,0.625881791
97_dat,2025/11/12,10,0.625751078
97_dat,2025/11/12,15,0.625589311
97_dat,2025/11/12,20,0.625432611
97_dat,2025/11/12,30,0.665557384
97_dat,2025/11/12,40,0.377348989
97_dat,2025/11/12,50,0.283064157
97_dat,2025/11/13,5,0.662517786
97_dat,2025/11/13,10,0.662478924
97_dat,2025/11/13,15,0.662438393
97_dat,2025/11/13,20,0.662283838
97_dat,2025/11/13,30,0.63606602
97_dat,2025/11/13,40,0.350129575
97_dat,2025/11/13,50,0.267263234
97_dat,2025/11/14,5,0.695143878
97_dat,2025/11/14,10,0.694675446
97_dat,2025/11/14,15,0.694116592
97_dat,2025/11/14,20,0.692940474
97_dat,2025/11/14,30,0.607825279
97_dat,2025/11/14,40,0.329705805
97_dat,2025/11/14,50,0.255403787
97_dat,2025/11/15,5,0.725113034
97_dat,2025/11/15,10,0.72434622
97_dat,2025/11/15,15,0.723450303
97_dat,2025/11/15,20,0.721652389
97_dat,2025/11/15,30,0.58658427
97_dat,2025/11/15,40,0.319749951
97_dat,2025/11/15,50,0.247579977
97_dat,2025/11/16,5,0.753535986
97_dat,2025/11/16,10,0.752248943
97_dat,2025/11/16,15,0.750416458
97_dat,2025/11/16,20,0.74560976
97_dat,2025/11/16,30,0.568278491
97_dat,2025/11/16,40,0.311962813
97_dat,2025/11/16,50,0.241223514
97_dat,2025/11/17,5,0.7637707
97_dat,2025/11/17,10,0.76271826
97_dat,2025/11/17,15,0.761440992
97_dat,2025/11/17,20,0.758605897
97_dat,2025/11/17,30,0.574320495
97_dat,2025/11/17,40,0.297655225
97_dat,2025/11/17,50,0.231234431
97_dat,2025/11/18,5,0.785420179
97_dat,2025/11/18,10,0.784392893
97_dat,2025/11/18,15,0.783219874
97_dat,2025/11/18,20,0.781098843
97_dat,2025/11/18,30,0.642478168
97_dat,2025/11/18,40,0.293574423
97_dat,2025/11/18,50,0.233149782
97_dat,2025/11/19,5,0.819715798
97_dat,2025/11/19,10,0.818625808
97_dat,2025/11/19,15,0.817445397
97_dat,2025/11/19,20,0.815475702
97_dat,2025/11/19,30,0.681120694
97_dat,2025/11/19,40,0.296305388
97_dat,2025/11/19,50,0.237138033
97_dat,2025/11/20,5,0.848633945
97_dat,2025/11/20,10,0.847217262
97_dat,2025/11/20,15,0.845630229
97_dat,2025/11/20,20,0.842839956
97_dat,2025/11/20,30,0.687804163
97_dat,2025/11/20,40,0.310773641
97_dat,2025/11/20,50,0.236042619
97_dat,2025/11/21,5,0.876630068
97_dat,2025/11/21,10,0.874982536
97_dat,2025/11/21,15,0.87314254
97_dat,2025/11/21,20,0.870151937
97_dat,2025/11/21,30,0.826895952
97_dat,2025/11/21,40,0.370102078
97_dat,2025/11/21,50,0.231224373
97_dat,2025/11/22,5,0.918531895
97_dat,2025/11/22,10,0.916889131
97_dat,2025/11/22,15,0.915093482
97_dat,2025/11/22,20,0.912292004
97_dat,2025/11/22,30,0.889402628
97_dat,2025/11/22,40,0.379444689
97_dat,2025/11/22,50,0.225565627
97_dat,2025/11/23,5,0.968301654
97_dat,2025/11/23,10,0.965993047
97_dat,2025/11/23,15,0.963188648
97_dat,2025/11/23,20,0.957749784
97_dat,2025/11/23,30,0.881612897
97_dat,2025/11/23,40,0.356400192
97_dat,2025/11/23,50,0.223457962
97_dat,2025/11/24,5,1.041590452
97_dat,2025/11/24,10,1.037517786
97_dat,2025/11/24,15,1.032283068
97_dat,2025/11/24,20,1.019092679
97_dat,2025/11/24,30,0.788045943
97_dat,2025/11/24,40,0.339040607
97_dat,2025/11/24,50,0.220495
97_dat,2025/11/25,5,1.099743366
97_dat,2025/11/25,10,1.09409821
97_dat,2025/11/25,15,1.085658789
97_dat,2025/11/25,20,1.056978106
97_dat,2025/11/25,30,0.714583516
97_dat,2025/11/25,40,0.314264625
97_dat,2025/11/25,50,0.211489737
97_dat,2025/11/26,5,1.111632824
97_dat,2025/11/26,10,1.106228709
97_dat,2025/11/26,15,1.098979712
97_dat,2025/11/26,20,1.076706052
97_dat,2025/11/26,30,0.686730504
97_dat,2025/11/26,40,0.308113366
97_dat,2025/11/26,50,0.200617805
97_dat,2025/11/27,5,1.110448003
97_dat,2025/11/27,10,1.106070876
97_dat,2025/11/27,15,1.100107551
97_dat,2025/11/27,20,1.079416513
97_dat,2025/11/27,30,0.717832685
97_dat,2025/11/27,40,0.362024128
97_dat,2025/11/27,50,0.193794772
97_dat,2025/11/28,5,1.08053875
97_dat,2025/11/28,10,1.07725215
97_dat,2025/11/28,15,1.072612405
97_dat,2025/11/28,20,1.060137391
97_dat,2025/11/28,30,0.824934006
97_dat,2025/11/28,40,0.503904462
97_dat,2025/11/28,50,0.195420742
97_dat,2025/11/29,5,1.044677854
97_dat,2025/11/29,10,1.041507125
97_dat,2025/11/29,15,1.037811756
97_dat,2025/11/29,20,1.031612515
97_dat,2025/11/29,30,0.99853301
97_dat,2025/11/29,40,0.571101606
97_dat,2025/11/29,50,0.199822098
97_dat,2025/11/30,5,1.095786095
97_dat,2025/11/30,10,1.093137741
97_dat,2025/11/30,15,1.090006113
97_dat,2025/11/30,20,1.084744573
97_dat,2025/11/30,30,1.058055639
97_dat,2025/11/30,40,0.573825061
97_dat,2025/11/30,50,0.206195757
97_dat,2025/12/1,5,1.138096571
97_dat,2025/12/1,10,1.134444237
97_dat,2025/12/1,15,1.130367041
97_dat,2025/12/1,20,1.123828411
97_dat,2025/12/1,30,1.094229698
97_dat,2025/12/1,40,0.58239907
97_dat,2025/12/1,50,0.22451885
97_dat,2025/12/2,5,1.155532002
97_dat,2025/12/2,10,1.152903914
97_dat,2025/12/2,15,1.150081277
97_dat,2025/12/2,20,1.145649672
97_dat,2025/12/2,30,1.123642087
97_dat,2025/12/2,40,0.598616838
97_dat,2025/12/2,50,0.257032961
97_dat,2025/12/3,5,1.139592767
97_dat,2025/12/3,10,1.136458993
97_dat,2025/12/3,15,1.132949591
97_dat,2025/12/3,20,1.127444863
97_dat,2025/12/3,30,1.106613755
97_dat,2025/12/3,40,0.770849109
97_dat,2025/12/3,50,0.436134994
97_dat,2025/12/4,5,1.072403312
97_dat,2025/12/4,10,1.069879055
97_dat,2025/12/4,15,1.067028522
97_dat,2025/12/4,20,1.062604189
97_dat,2025/12/4,30,1.049221992
97_dat,2025/12/4,40,1.01146841
97_dat,2025/12/4,50,0.827816188
97_dat,2025/12/5,5,1.033790231
97_dat,2025/12/5,10,1.03194952
97_dat,2025/12/5,15,1.029920697
97_dat,2025/12/5,20,1.02684617
97_dat,2025/12/5,30,1.018723726
97_dat,2025/12/5,40,1.004412651
97_dat,2025/12/5,50,0.982941449
97_dat,2025/12/6,5,1.029647589
97_dat,2025/12/6,10,1.027701855
97_dat,2025/12/6,15,1.025633097
97_dat,2025/12/6,20,1.02251637
97_dat,2025/12/6,30,1.014352679
97_dat,2025/12/6,40,1.002350807
97_dat,2025/12/6,50,0.98685354
97_dat,2025/12/7,5,1.031736255
97_dat,2025/12/7,10,1.03019619
97_dat,2025/12/7,15,1.028576493
97_dat,2025/12/7,20,1.026103258
97_dat,2025/12/7,30,1.019293547
97_dat,2025/12/7,40,1.009911418
97_dat,2025/12/7,50,0.99784106
97_dat,2025/12/8,5,0.995876431
97_dat,2025/12/8,10,0.993910253
97_dat,2025/12/8,15,0.991801143
97_dat,2025/12/8,20,0.988684475
97_dat,2025/12/8,30,0.980549634
97_dat,2025/12/8,40,0.968591332
97_dat,2025/12/8,50,0.950643122
97_dat,2025/12/9,5,0.956237435
97_dat,2025/12/9,10,0.954557598
97_dat,2025/12/9,15,0.952789605
97_dat,2025/12/9,20,0.950196981
97_dat,2025/12/9,30,0.943726718
97_dat,2025/12/9,40,0.935202241
97_dat,2025/12/9,50,0.92442745
97_dat,2025/12/10,5,0.976172328
97_dat,2025/12/10,10,0.974947929
97_dat,2025/12/10,15,0.973703206
97_dat,2025/12/10,20,0.971919417
97_dat,2025/12/10,30,0.967600048
97_dat,2025/12/10,40,0.962328911
97_dat,2025/12/10,50,0.956247032
97_dat,2025/12/11,5,0.943072677
97_dat,2025/12/11,10,0.941871464
97_dat,2025/12/11,15,0.940654933
97_dat,2025/12/11,20,0.938948333
97_dat,2025/12/11,30,0.935058892
97_dat,2025/12/11,40,0.930061281
97_dat,2025/12/11,50,0.923396468
97_dat,2025/12/12,5,0.90015769
97_dat,2025/12/12,10,0.898754716
97_dat,2025/12/12,15,0.897296071
97_dat,2025/12/12,20,0.895188272
97_dat,2025/12/12,30,0.890045464
97_dat,2025/12/12,40,0.88364166
97_dat,2025/12/12,50,0.876290739
97_dat,2025/12/13,5,0.881873608
97_dat,2025/12/13,10,0.881179392
97_dat,2025/12/13,15,0.880500197
97_dat,2025/12/13,20,0.879555464
97_dat,2025/12/13,30,0.877335787
97_dat,2025/12/13,40,0.87481761
97_dat,2025/12/13,50,0.87237525
97_dat,2025/12/14,5,0.827859104
97_dat,2025/12/14,10,0.82792145
97_dat,2025/12/14,15,0.828007042
97_dat,2025/12/14,20,0.828143597
97_dat,2025/12/14,30,0.82840687
97_dat,2025/12/14,40,0.828624487
97_dat,2025/12/14,50,0.828991652
97_dat,2025/12/15,5,0.83915633
97_dat,2025/12/15,10,0.838658333
97_dat,2025/12/15,15,0.838206887
97_dat,2025/12/15,20,0.837637186
97_dat,2025/12/15,30,0.836494446
97_dat,2025/12/15,40,0.835285366
97_dat,2025/12/15,50,0.834163785
97_dat,2025/12/16,5,0.888622701
97_dat,2025/12/16,10,0.887895226
97_dat,2025/12/16,15,0.887197256
97_dat,2025/12/16,20,0.886274278
97_dat,2025/12/16,30,0.884331703
97_dat,2025/12/16,40,0.882273018
97_dat,2025/12/16,50,0.880237222
97_dat,2025/12/17,5,0.88924396
97_dat,2025/12/17,10,0.888576925
97_dat,2025/12/17,15,0.887960494
97_dat,2025/12/17,20,0.887172401
97_dat,2025/12/17,30,0.885571539
97_dat,2025/12/17,40,0.883990228
97_dat,2025/12/17,50,0.882571161
97_dat,2025/12/18,5,0.865173757
97_dat,2025/12/18,10,0.864663482
97_dat,2025/12/18,15,0.864243388
97_dat,2025/12/18,20,0.863747537
97_dat,2025/12/18,30,0.862845123
97_dat,2025/12/18,40,0.862076402
97_dat,2025/12/18,50,0.861478209
97_dat,2025/12/19,5,0.845941007
97_dat,2025/12/19,10,0.846453905
97_dat,2025/12/19,15,0.846911728
97_dat,2025/12/19,20,0.847496033
97_dat,2025/12/19,30,0.849474132
97_dat,2025/12/19,40,0.852551579
97_dat,2025/12/19,50,0.852940083
97_dat,2025/12/20,5,0.828725457
97_dat,2025/12/20,10,0.827276647
97_dat,2025/12/20,15,0.824600995
97_dat,2025/12/20,20,0.818696082
97_dat,2025/12/20,30,0.809446394
97_dat,2025/12/20,40,0.803126752
97_dat,2025/12/20,50,0.798728645
97_dat,2025/12/21,5,0.80203408
97_dat,2025/12/21,10,0.79704535
97_dat,2025/12/21,15,0.790813506
97_dat,2025/12/21,20,0.778460741
97_dat,2025/12/21,30,0.737386227
97_dat,2025/12/21,40,0.719290853
97_dat,2025/12/21,50,0.717009544
97_dat,2025/12/22,5,0.783263326
97_dat,2025/12/22,10,0.78125155
97_dat,2025/12/22,15,0.779171705
97_dat,2025/12/22,20,0.776208401
97_dat,2025/12/22,30,0.766925573
97_dat,2025/12/22,40,0.717591465
97_dat,2025/12/22,50,0.686277866
97_dat,2025/12/23,5,0.79082644
97_dat,2025/12/23,10,0.790147126
97_dat,2025/12/23,15,0.789396048
97_dat,2025/12/23,20,0.788250387
97_dat,2025/12/23,30,0.784193099
97_dat,2025/12/23,40,0.770463586
97_dat,2025/12/23,50,0.750096321
97_dat,2025/12/24,5,0.777726412
97_dat,2025/12/24,10,0.777552009
97_dat,2025/12/24,15,0.777368009
97_dat,2025/12/24,20,0.777058721
97_dat,2025/12/24,30,0.775178432
97_dat,2025/12/24,40,0.755385816
97_dat,2025/12/24,50,0.731969416
97_dat,2025/12/25,5,0.77410692
97_dat,2025/12/25,10,0.77343595
97_dat,2025/12/25,15,0.772736549
97_dat,2025/12/25,20,0.771674514
97_dat,2025/12/25,30,0.767393708
97_dat,2025/12/25,40,0.727217615
97_dat,2025/12/25,50,0.693985999
97_dat,2025/12/26,5,0.780391455
97_dat,2025/12/26,10,0.779544771
97_dat,2025/12/26,15,0.778651714
97_dat,2025/12/26,20,0.777332962
97_dat,2025/12/26,30,0.773667216
97_dat,2025/12/26,40,0.766358614
97_dat,2025/12/26,50,0.743344724
97_dat,2025/12/27,5,0.794306397
97_dat,2025/12/27,10,0.793742359
97_dat,2025/12/27,15,0.793192506
97_dat,2025/12/27,20,0.792442322
97_dat,2025/12/27,30,0.790727735
97_dat,2025/12/27,40,0.788868785
97_dat,2025/12/27,50,0.787251174
97_dat,2025/12/28,5,0.826945662
97_dat,2025/12/28,10,0.826793492
97_dat,2025/12/28,15,0.826657951
97_dat,2025/12/28,20,0.826469123
97_dat,2025/12/28,30,0.82600981
97_dat,2025/12/28,40,0.82556814
97_dat,2025/12/28,50,0.825063586
97_dat,2025/12/29,5,0.842932403
97_dat,2025/12/29,10,0.843230844
97_dat,2025/12/29,15,0.843510926
97_dat,2025/12/29,20,0.843882203
97_dat,2025/12/29,30,0.845332682
97_dat,2025/12/29,40,0.846979856
97_dat,2025/12/29,50,0.845590949
97_dat,2025/12/30,5,0.870457649
97_dat,2025/12/30,10,0.870215058
97_dat,2025/12/30,15,0.870013535
97_dat,2025/12/30,20,0.869750261
97_dat,2025/12/30,30,0.869125783
97_dat,2025/12/30,40,0.867221713
97_dat,2025/12/30,50,0.862921119
97_dat,2025/12/31,5,0.911413252
97_dat,2025/12/31,10,0.910736144
97_dat,2025/12/31,15,0.910079837
97_dat,2025/12/31,20,0.909175158
97_dat,2025/12/31,30,0.907027781
97_dat,2025/12/31,40,0.904779911
97_dat,2025/12/31,50,0.903143466
97_dat,2026/1/1,5,1.031194091
97_dat,2026/1/1,10,1.031017661
97_dat,2026/1/1,15,1.030871987
97_dat,2026/1/1,20,1.030696869
97_dat,2026/1/1,30,1.030434847
97_dat,2026/1/1,40,1.030304551
97_dat,2026/1/1,50,1.030349731
97_dat,2026/1/2,5,1.080551982
97_dat,2026/1/2,10,1.080228448
97_dat,2026/1/2,15,1.079989791
97_dat,2026/1/2,20,1.079731464
97_dat,2026/1/2,30,1.079328537
97_dat,2026/1/2,40,1.079071522
97_dat,2026/1/2,50,1.079043627
97_dat,2026/1/3,5,1.122815251
97_dat,2026/1/3,10,1.12261498
97_dat,2026/1/3,15,1.1224612
97_dat,2026/1/3,20,1.122286797
97_dat,2026/1/3,30,1.12203002
97_dat,2026/1/3,40,1.121937752
97_dat,2026/1/3,50,1.122029066
97_dat,2026/1/4,5,1.123214841
97_dat,2026/1/4,10,1.123085022
97_dat,2026/1/4,15,1.122971654
97_dat,2026/1/4,20,1.122827411
97_dat,2026/1/4,30,1.122615814
97_dat,2026/1/4,40,1.122570038
97_dat,2026/1/4,50,1.122687817
97_dat,2026/1/5,5,1.14741993
97_dat,2026/1/5,10,1.147253871
97_dat,2026/1/5,15,1.147122622
97_dat,2026/1/5,20,1.146971464
97_dat,2026/1/5,30,1.146770835
97_dat,2026/1/5,40,1.146745563
97_dat,2026/1/5,50,1.146875262
97_dat,2026/1/6,5,1.185160398
97_dat,2026/1/6,10,1.185078979
97_dat,2026/1/6,15,1.185023904
97_dat,2026/1/6,20,1.18496716
97_dat,2026/1/6,30,1.184916973
97_dat,2026/1/6,40,1.185016751
97_dat,2026/1/6,50,1.185220242
97_dat,2026/1/7,5,1.158249259
97_dat,2026/1/7,10,1.158270597
97_dat,2026/1/7,15,1.158299804
97_dat,2026/1/7,20,1.158346772
97_dat,2026/1/7,30,1.158482313
97_dat,2026/1/7,40,1.158738375
97_dat,2026/1/7,50,1.159024239
97_dat,2026/1/8,5,1.142877579
97_dat,2026/1/8,10,1.142748237
97_dat,2026/1/8,15,1.142635107
97_dat,2026/1/8,20,1.142505407
97_dat,2026/1/8,30,1.142313242
97_dat,2026/1/8,40,1.142268658
97_dat,2026/1/8,50,1.142373204
97_dat,2026/1/9,5,1.145238161
97_dat,2026/1/9,10,1.1451509
97_dat,2026/1/9,15,1.145088553
97_dat,2026/1/9,20,1.145011544
97_dat,2026/1/9,30,1.144946814
97_dat,2026/1/9,40,1.145043135
97_dat,2026/1/9,50,1.145231843
97_dat,2026/1/10,5,1.093336344
97_dat,2026/1/10,10,1.093335509
97_dat,2026/1/10,15,1.093363881
97_dat,2026/1/10,20,1.093398333
97_dat,2026/1/10,30,1.093612432
97_dat,2026/1/10,40,1.09415257
97_dat,2026/1/10,50,1.0946666
97_dat,2026/1/11,5,1.084160089
97_dat,2026/1/11,10,1.084037662
97_dat,2026/1/11,15,1.08392489
97_dat,2026/1/11,20,1.083766103
97_dat,2026/1/11,30,1.083488703
97_dat,2026/1/11,40,1.083304524
97_dat,2026/1/11,50,1.083241105
97_dat,2026/1/12,5,1.13090837
97_dat,2026/1/12,10,1.130741954
97_dat,2026/1/12,15,1.130591035
97_dat,2026/1/12,20,1.130388021
97_dat,2026/1/12,30,1.130051017
97_dat,2026/1/12,40,1.129832745
97_dat,2026/1/12,50,1.129805565
97_dat,2026/1/13,5,1.155946374
97_dat,2026/1/13,10,1.155821443
97_dat,2026/1/13,15,1.155701876
97_dat,2026/1/13,20,1.155531406
97_dat,2026/1/13,30,1.155222178
97_dat,2026/1/13,40,1.15500319
97_dat,2026/1/13,50,1.154967189
97_dat,2026/1/14,5,1.158805728
97_dat,2026/1/14,10,1.158714056
97_dat,2026/1/14,15,1.158629179
97_dat,2026/1/14,20,1.158512712
97_dat,2026/1/14,30,1.158299088
97_dat,2026/1/14,40,1.158149242
97_dat,2026/1/14,50,1.158148527
97_dat,2026/1/15,5,1.138679385
97_dat,2026/1/15,10,1.13853097
97_dat,2026/1/15,15,1.138436198
97_dat,2026/1/15,20,1.138328791
97_dat,2026/1/15,30,1.138130426
97_dat,2026/1/15,40,1.137865543
97_dat,2026/1/15,50,1.137756467
97_dat,2026/1/16,5,1.087392092
97_dat,2026/1/16,10,1.087171078
97_dat,2026/1/16,15,1.087018967
97_dat,2026/1/16,20,1.08683598
97_dat,2026/1/16,30,1.086400867
97_dat,2026/1/16,40,1.085476995
97_dat,2026/1/16,50,1.084702134
97_dat,2026/1/17,5,1.063409925
97_dat,2026/1/17,10,1.063231826
97_dat,2026/1/17,15,1.063088775
97_dat,2026/1/17,20,1.062901139
97_dat,2026/1/17,30,1.062523246
97_dat,2026/1/17,40,1.061953664
97_dat,2026/1/17,50,1.061533809
97_dat,2026/1/18,5,1.08791554
97_dat,2026/1/18,10,1.08784318
97_dat,2026/1/18,15,1.087808013
97_dat,2026/1/18,20,1.087775111
97_dat,2026/1/18,30,1.087776423
97_dat,2026/1/18,40,1.087860227
97_dat,2026/1/18,50,1.087988377
97_dat,2026/1/19,5,1.095675111
97_dat,2026/1/19,10,1.095598936
97_dat,2026/1/19,15,1.095546365
97_dat,2026/1/19,20,1.095496297
97_dat,2026/1/19,30,1.095460415
97_dat,2026/1/19,40,1.0955441
97_dat,2026/1/19,50,1.095582008
97_dat,2026/1/20,5,1.096072793
97_dat,2026/1/20,10,1.095965266
97_dat,2026/1/20,15,1.095873237
97_dat,2026/1/20,20,1.095765233
97_dat,2026/1/20,30,1.095611095
97_dat,2026/1/20,40,1.095568776
97_dat,2026/1/20,50,1.095646739
97_dat,2026/1/21,5,1.133515835
97_dat,2026/1/21,10,1.133399844
97_dat,2026/1/21,15,1.133312225
97_dat,2026/1/21,20,1.133227706
97_dat,2026/1/21,30,1.133149505
97_dat,2026/1/21,40,1.133266687
97_dat,2026/1/21,50,1.133546948
97_dat,2026/1/22,5,1.140980244
97_dat,2026/1/22,10,1.140889287
97_dat,2026/1/22,15,1.140828729
97_dat,2026/1/22,20,1.140792012
97_dat,2026/1/22,30,1.140734792
97_dat,2026/1/22,40,1.140776634
97_dat,2026/1/22,50,1.141003132
97_dat,2026/1/23,5,1.119415045
97_dat,2026/1/23,10,1.119360924
97_dat,2026/1/23,15,1.119333386
97_dat,2026/1/23,20,1.119334817
97_dat,2026/1/23,30,1.11920929
97_dat,2026/1/23,40,1.117954493
97_dat,2026/1/23,50,1.116824031
97_dat,2026/1/24,5,1.104277253
97_dat,2026/1/24,10,1.10419476
97_dat,2026/1/24,15,1.104140639
97_dat,2026/1/24,20,1.104106784
97_dat,2026/1/24,30,1.104094744
97_dat,2026/1/24,40,1.103470445
97_dat,2026/1/24,50,1.101680636
97_dat,2026/1/25,5,1.107769728
97_dat,2026/1/25,10,1.107694387
97_dat,2026/1/25,15,1.107651234
97_dat,2026/1/25,20,1.107629418
97_dat,2026/1/25,30,1.107687473
97_dat,2026/1/25,40,1.10810411
97_dat,2026/1/25,50,1.108914256
97_dat,2026/1/26,5,1.087889075
97_dat,2026/1/26,10,1.0879215
97_dat,2026/1/26,15,1.087983966
97_dat,2026/1/26,20,1.088125467
97_dat,2026/1/26,30,1.088983655
97_dat,2026/1/26,40,1.094153762
97_dat,2026/1/26,50,1.100726843
97_dat,2026/1/27,5,1.022545576
97_dat,2026/1/27,10,1.022681952
97_dat,2026/1/27,15,1.022920966
97_dat,2026/1/27,20,1.023583412
97_dat,2026/1/27,30,1.029310584
97_dat,2026/1/27,40,1.047895312
97_dat,2026/1/27,50,1.054733634
97_dat,2026/1/28,5,1.00979495
97_dat,2026/1/28,10,1.009834051
97_dat,2026/1/28,15,1.009967089
97_dat,2026/1/28,20,1.011270046
97_dat,2026/1/28,30,1.024837852
97_dat,2026/1/28,40,1.04252553
97_dat,2026/1/28,50,1.037827015
97_dat,2026/1/29,5,1.045961738
97_dat,2026/1/29,10,1.046233058
97_dat,2026/1/29,15,1.046697974
97_dat,2026/1/29,20,1.047623038
97_dat,2026/1/29,30,1.056179881
97_dat,2026/1/29,40,1.056000113
97_dat,2026/1/29,50,1.045958996
97_dat,2026/1/30,5,1.101846576
97_dat,2026/1/30,10,1.101846933
97_dat,2026/1/30,15,1.101877332
97_dat,2026/1/30,20,1.102033257
97_dat,2026/1/30,30,1.103618503
97_dat,2026/1/30,40,1.065683842
97_dat,2026/1/30,50,1.035246372
97_dat,2026/1/31,5,1.164016247
97_dat,2026/1/31,10,1.163957357
97_dat,2026/1/31,15,1.163890481
97_dat,2026/1/31,20,1.163801074
97_dat,2026/1/31,30,1.163179636
97_dat,2026/1/31,40,1.116790295
97_dat,2026/1/31,50,1.042495251
97_dat,2026/2/1,5,1.177850127
97_dat,2026/2/1,10,1.177726865
97_dat,2026/2/1,15,1.177584171
97_dat,2026/2/1,20,1.177306533
97_dat,2026/2/1,30,1.175374508
97_dat,2026/2/1,40,1.162763357
97_dat,2026/2/1,50,1.071380615
97_dat,2026/2/2,5,1.154342651
97_dat,2026/2/2,10,1.154174209
97_dat,2026/2/2,15,1.154007554
97_dat,2026/2/2,20,1.153738141
97_dat,2026/2/2,30,1.152335763
97_dat,2026/2/2,40,1.146085978
97_dat,2026/2/2,50,1.094692707
97_dat,2026/2/3,5,1.097164869
97_dat,2026/2/3,10,1.096999526
97_dat,2026/2/3,15,1.096837759
97_dat,2026/2/3,20,1.09661293
97_dat,2026/2/3,30,1.095952153
97_dat,2026/2/3,40,1.093420267
97_dat,2026/2/3,50,1.08095789
97_dat,2026/2/4,5,1.083821654
97_dat,2026/2/4,10,1.083748579
97_dat,2026/2/4,15,1.08373487
97_dat,2026/2/4,20,1.083887935
97_dat,2026/2/4,30,1.0871104
97_dat,2026/2/4,40,1.087207913
97_dat,2026/2/4,50,1.062395096
97_dat,2026/2/5,5,1.137074709
97_dat,2026/2/5,10,1.136861086
97_dat,2026/2/5,15,1.136752129
97_dat,2026/2/5,20,1.137161493
97_dat,2026/2/5,30,1.138409257
97_dat,2026/2/5,40,1.107272148
97_dat,2026/2/5,50,1.068548679
97_dat,2026/2/6,5,1.136973381
97_dat,2026/2/6,10,1.136747599
97_dat,2026/2/6,15,1.13648653
97_dat,2026/2/6,20,1.136057138
97_dat,2026/2/6,30,1.134839177
97_dat,2026/2/6,40,1.132168412
97_dat,2026/2/6,50,1.126835823
97_dat,2026/2/7,5,1.169689775
97_dat,2026/2/7,10,1.169466019
97_dat,2026/2/7,15,1.169237614
97_dat,2026/2/7,20,1.168927193
97_dat,2026/2/7,30,1.168192983
97_dat,2026/2/7,40,1.166396976
97_dat,2026/2/7,50,1.161760569
97_dat,2026/2/8,5,1.213393211
97_dat,2026/2/8,10,1.213157177
97_dat,2026/2/8,15,1.212907791
97_dat,2026/2/8,20,1.212564111
97_dat,2026/2/8,30,1.212016106
97_dat,2026/2/8,40,1.210220337
97_dat,2026/2/8,50,1.197850823
97_dat,2026/2/9,5,1.226911664
97_dat,2026/2/9,10,1.226748705
97_dat,2026/2/9,15,1.226591349
97_dat,2026/2/9,20,1.226369262
97_dat,2026/2/9,30,1.225708842
97_dat,2026/2/9,40,1.22036171
97_dat,2026/2/9,50,1.203135729
97_dat,2026/2/10,5,1.242438436
97_dat,2026/2/10,10,1.242819905
97_dat,2026/2/10,15,1.24326992
97_dat,2026/2/10,20,1.243948102
97_dat,2026/2/10,30,1.245247245
97_dat,2026/2/10,40,1.219326496
97_dat,2026/2/10,50,1.169877529
97_dat,2026/2/11,5,1.240697742
97_dat,2026/2/11,10,1.240571856
97_dat,2026/2/11,15,1.2404567
97_dat,2026/2/11,20,1.240294099
97_dat,2026/2/11,30,1.239165545
97_dat,2026/2/11,40,1.219447374
97_dat,2026/2/11,50,1.158113241
97_dat,2026/2/12,5,1.201851726
97_dat,2026/2/12,10,1.20175457
97_dat,2026/2/12,15,1.201666355
97_dat,2026/2/12,20,1.201554418
97_dat,2026/2/12,30,1.200757265
97_dat,2026/2/12,40,1.200382352
97_dat,2026/2/12,50,1.179405451
97_dat,2026/2/13,5,1.182371974
97_dat,2026/2/13,10,1.182458043
97_dat,2026/2/13,15,1.182651997
97_dat,2026/2/13,20,1.18347156
97_dat,2026/2/13,30,1.192620397
97_dat,2026/2/13,40,1.20198369
97_dat,2026/2/13,50,1.185749888
97_dat,2026/2/14,5,1.206816435
97_dat,2026/2/14,10,1.208649397
97_dat,2026/2/14,15,1.212707877
97_dat,2026/2/14,20,1.22378397
97_dat,2026/2/14,30,1.225465298
97_dat,2026/2/14,40,1.168646455
97_dat,2026/2/14,50,1.129198432
97_dat,2026/2/15,5,1.282932878
97_dat,2026/2/15,10,1.284146667
97_dat,2026/2/15,15,1.287529349
97_dat,2026/2/15,20,1.297877073
97_dat,2026/2/15,30,1.221709967
97_dat,2026/2/15,40,1.098941088
97_dat,2026/2/15,50,1.049931288
97_dat,2026/2/16,5,1.328140378
97_dat,2026/2/16,10,1.327917814
97_dat,2026/2/16,15,1.327690363
97_dat,2026/2/16,20,1.32707417
97_dat,2026/2/16,30,1.281707048
97_dat,2026/2/16,40,1.079232812
97_dat,2026/2/16,50,0.992264211
97_dat,2026/2/17,5,1.331884384
97_dat,2026/2/17,10,1.331671596
97_dat,2026/2/17,15,1.331478
97_dat,2026/2/17,20,1.331181884
97_dat,2026/2/17,30,1.313055515
97_dat,2026/2/17,40,1.086417794
97_dat,2026/2/17,50,0.978857577
97_dat,2026/2/18,5,1.25269258
97_dat,2026/2/18,10,1.252032518
97_dat,2026/2/18,15,1.251097083
97_dat,2026/2/18,20,1.249006033
97_dat,2026/2/18,30,1.232668161
97_dat,2026/2/18,40,1.148508191
97_dat,2026/2/18,50,1.036970496
97_dat,2026/2/19,5,1.128351688
97_dat,2026/2/19,10,1.127969027
97_dat,2026/2/19,15,1.127563715
97_dat,2026/2/19,20,1.126901507
97_dat,2026/2/19,30,1.124908805
97_dat,2026/2/19,40,1.118953109
97_dat,2026/2/19,50,1.104865432
97_dat,2026/2/20,5,1.104456306
97_dat,2026/2/20,10,1.105841637
97_dat,2026/2/20,15,1.108096838
97_dat,2026/2/20,20,1.108760953
97_dat,2026/2/20,30,1.102330804
97_dat,2026/2/20,40,1.081198096
97_dat,2026/2/20,50,1.05881989
97_dat,2026/2/21,5,1.147060394
97_dat,2026/2/21,10,1.156750441
97_dat,2026/2/21,15,1.166223168
97_dat,2026/2/21,20,1.162763119
97_dat,2026/2/21,30,1.095839143
97_dat,2026/2/21,40,1.01823616
97_dat,2026/2/21,50,0.973135769
97_dat,2026/2/22,5,1.194963336
97_dat,2026/2/22,10,1.194961786
97_dat,2026/2/22,15,1.195180058
97_dat,2026/2/22,20,1.188278437
97_dat,2026/2/22,30,1.116648436
97_dat,2026/2/22,40,0.986961305
97_dat,2026/2/22,50,0.901729107
97_dat,2026/2/23,5,1.160080671
97_dat,2026/2/23,10,1.159452796
97_dat,2026/2/23,15,1.158794403
97_dat,2026/2/23,20,1.157564998
97_dat,2026/2/23,30,1.148381352
97_dat,2026/2/23,40,1.098127961
97_dat,2026/2/23,50,0.967539549
97_dat,2026/2/24,5,1.163879514
97_dat,2026/2/24,10,1.16386342
97_dat,2026/2/24,15,1.163882732
97_dat,2026/2/24,20,1.164101005
97_dat,2026/2/24,30,1.163580656
97_dat,2026/2/24,40,1.11721921
97_dat,2026/2/24,50,0.992302895
97_dat,2026/2/25,5,1.242245793
97_dat,2026/2/25,10,1.243215919
97_dat,2026/2/25,15,1.245409131
97_dat,2026/2/25,20,1.247879148
97_dat,2026/2/25,30,1.203997374
97_dat,2026/2/25,40,1.069578528
97_dat,2026/2/25,50,0.921221197
97_dat,2026/2/26,5,1.295792818
97_dat,2026/2/26,10,1.295430422
97_dat,2026/2/26,15,1.294768333
97_dat,2026/2/26,20,1.292827725
97_dat,2026/2/26,30,1.258829355
97_dat,2026/2/26,40,1.071116567
97_dat,2026/2/26,50,0.87479794
97_dat,2026/2/27,5,1.265933514
97_dat,2026/2/27,10,1.265603781
97_dat,2026/2/27,15,1.26514411
97_dat,2026/2/27,20,1.264306545
97_dat,2026/2/27,30,1.242355347
97_dat,2026/2/27,40,1.027928591
97_dat,2026/2/27,50,0.856252015
97_dat,2026/2/28,5,1.247643709
97_dat,2026/2/28,10,1.247380495
97_dat,2026/2/28,15,1.246984124
97_dat,2026/2/28,20,1.24618876
97_dat,2026/2/28,30,1.234292269
97_dat,2026/2/28,40,1.026067376
97_dat,2026/2/28,50,0.833730102
97_dat,2026/3/1,5,1.273955107
97_dat,2026/3/1,10,1.27379334
97_dat,2026/3/1,15,1.273607612
97_dat,2026/3/1,20,1.273344278
97_dat,2026/3/1,30,1.272196531
97_dat,2026/3/1,40,1.161859035
97_dat,2026/3/1,50,0.910295367
97_dat,2026/3/2,5,1.332613468
97_dat,2026/3/2,10,1.332622528
97_dat,2026/3/2,15,1.332672
97_dat,2026/3/2,20,1.332898498
97_dat,2026/3/2,30,1.335701466
97_dat,2026/3/2,40,1.282762527
97_dat,2026/3/2,50,0.97204119
97_dat,2026/3/3,5,1.384145617
97_dat,2026/3/3,10,1.385112524
97_dat,2026/3/3,15,1.386786819
97_dat,2026/3/3,20,1.390867829
97_dat,2026/3/3,30,1.400868416
97_dat,2026/3/3,40,1.281773925
97_dat,2026/3/3,50,0.966243088
97_dat,2026/3/4,5,1.334517598
97_dat,2026/3/4,10,1.336860418
97_dat,2026/3/4,15,1.340391994
97_dat,2026/3/4,20,1.346412063
97_dat,2026/3/4,30,1.3365376
97_dat,2026/3/4,40,1.207852483
97_dat,2026/3/4,50,0.973866224
97_dat,2026/3/5,5,1.273638606
97_dat,2026/3/5,10,1.278781056
97_dat,2026/3/5,15,1.288002014
97_dat,2026/3/5,20,1.290320158
97_dat,2026/3/5,30,1.245561004
97_dat,2026/3/5,40,1.134173393
97_dat,2026/3/5,50,0.998855472
97_dat,2026/3/6,5,1.299995065
97_dat,2026/3/6,10,1.30042851
97_dat,2026/3/6,15,1.30142045
97_dat,2026/3/6,20,1.298303723
97_dat,2026/3/6,30,1.236236453
97_dat,2026/3/6,40,1.110337257
97_dat,2026/3/6,50,0.993220031
97_dat,2026/3/7,5,1.255874276
97_dat,2026/3/7,10,1.255481839
97_dat,2026/3/7,15,1.254843831
97_dat,2026/3/7,20,1.253025174
97_dat,2026/3/7,30,1.24254024
97_dat,2026/3/7,40,1.153276443
97_dat,2026/3/7,50,1.05520761
97_dat,2026/3/8,5,1.227495909
97_dat,2026/3/8,10,1.227448463
97_dat,2026/3/8,15,1.227416277
97_dat,2026/3/8,20,1.227388263
97_dat,2026/3/8,30,1.227665782
97_dat,2026/3/8,40,1.205284715
97_dat,2026/3/8,50,1.129622579
97_dat,2026/3/9,5,1.256881595
97_dat,2026/3/9,10,1.257182956
97_dat,2026/3/9,15,1.258009553
97_dat,2026/3/9,20,1.262265325
97_dat,2026/3/9,30,1.254349828
97_dat,2026/3/9,40,1.178903461
97_dat,2026/3/9,50,1.058818102
97_dat,2026/3/10,5,1.331101775
97_dat,2026/3/10,10,1.345811486
97_dat,2026/3/10,15,1.373004556
97_dat,2026/3/10,20,1.36826694
97_dat,2026/3/10,30,1.242563963
97_dat,2026/3/10,40,1.102549911
97_dat,2026/3/10,50,0.968763888
97_dat,2026/3/11,5,1.465670705
97_dat,2026/3/11,10,1.476023674
97_dat,2026/3/11,15,1.509592295
97_dat,2026/3/11,20,1.502361536
97_dat,2026/3/11,30,1.224744081
97_dat,2026/3/11,40,1.033254862
97_dat,2026/3/11,50,0.897462606
97_dat,2026/3/12,5,1.62537241
97_dat,2026/3/12,10,1.624910593
97_dat,2026/3/12,15,1.623583436
97_dat,2026/3/12,20,1.60476315
97_dat,2026/3/12,30,1.213978648
97_dat,2026/3/12,40,0.967675447
97_dat,2026/3/12,50,0.840715647
97_dat,2026/3/13,5,1.73832643
97_dat,2026/3/13,10,1.737931728
97_dat,2026/3/13,15,1.736349583
97_dat,2026/3/13,20,1.713368297
97_dat,2026/3/13,30,1.210096836
97_dat,2026/3/13,40,0.911812186
97_dat,2026/3/13,50,0.804465353
97_dat,2026/3/14,5,1.844290376
97_dat,2026/3/14,10,1.844478011
97_dat,2026/3/14,15,1.846490026
97_dat,2026/3/14,20,1.809315681
97_dat,2026/3/14,30,1.206847072
97_dat,2026/3/14,40,0.862001657
97_dat,2026/3/14,50,0.768248141
97_dat,2026/3/15,5,1.954066038
97_dat,2026/3/15,10,1.953745961
97_dat,2026/3/15,15,1.952979326
97_dat,2026/3/15,20,1.872531772
97_dat,2026/3/15,30,1.211620688
97_dat,2026/3/15,40,0.844243467
97_dat,2026/3/15,50,0.72841692
97_dat,2026/3/16,5,2.055262566
97_dat,2026/3/16,10,2.057528973
97_dat,2026/3/16,15,2.061626196
97_dat,2026/3/16,20,1.904519916
97_dat,2026/3/16,30,1.207003355
97_dat,2026/3/16,40,0.848406911
97_dat,2026/3/16,50,0.709818363
97_dat,2026/3/17,5,2.145274639
97_dat,2026/3/17,10,2.153258562
97_dat,2026/3/17,15,2.175961018
97_dat,2026/3/17,20,1.973268867
97_dat,2026/3/17,30,1.200367332
97_dat,2026/3/17,40,0.827923477
97_dat,2026/3/17,50,0.687795281
97_dat,2026/3/18,5,2.235106707
97_dat,2026/3/18,10,2.255495548
97_dat,2026/3/18,15,2.266219854
97_dat,2026/3/18,20,2.012370348
97_dat,2026/3/18,30,1.167896032
97_dat,2026/3/18,40,0.789070666
97_dat,2026/3/18,50,0.645234346
97_dat,2026/3/19,5,2.185247421
97_dat,2026/3/19,10,2.184954882
97_dat,2026/3/19,15,2.17842555
97_dat,2026/3/19,20,2.014637709
97_dat,2026/3/19,30,1.115323067
97_dat,2026/3/19,40,0.760993838
97_dat,2026/3/19,50,0.607076585
97_dat,2026/3/20,5,2.007794142
97_dat,2026/3/20,10,1.998708487
97_dat,2026/3/20,15,1.981808186
97_dat,2026/3/20,20,1.898281574
97_dat,2026/3/20,30,1.148611546
97_dat,2026/3/20,40,0.754886806
97_dat,2026/3/20,50,0.596792877
97_dat,2026/3/21,5,1.735119343
97_dat,2026/3/21,10,1.730797648
97_dat,2026/3/21,15,1.724330783
97_dat,2026/3/21,20,1.70555377
97_dat,2026/3/21,30,1.41921103
97_dat,2026/3/21,40,0.892398953
97_dat,2026/3/21,50,0.657494545
97_dat,2026/3/22,5,1.670371175
97_dat,2026/3/22,10,1.690926909
97_dat,2026/3/22,15,1.704351902
97_dat,2026/3/22,20,1.672138333
97_dat,2026/3/22,30,1.425812364
97_dat,2026/3/22,40,0.99020195
97_dat,2026/3/22,50,0.715721905
97_dat,2026/3/23,5,1.717202783
97_dat,2026/3/23,10,1.788643122
97_dat,2026/3/23,15,1.837191105
97_dat,2026/3/23,20,1.702945828
97_dat,2026/3/23,30,1.350235105
97_dat,2026/3/23,40,0.932937801
97_dat,2026/3/23,50,0.663324535
97_dat,2026/3/24,5,1.789165854
97_dat,2026/3/24,10,1.886181593
97_dat,2026/3/24,15,1.979329944
97_dat,2026/3/24,20,1.745221257
97_dat,2026/3/24,30,1.268169999
97_dat,2026/3/24,40,0.863239229
97_dat,2026/3/24,50,0.611716986
97_dat,2026/3/25,5,1.872370005
97_dat,2026/3/25,10,1.99563992
97_dat,2026/3/25,15,2.117771387
97_dat,2026/3/25,20,1.829901099
97_dat,2026/3/25,30,1.218329549
97_dat,2026/3/25,40,0.795938671
97_dat,2026/3/25,50,0.553731859
97_dat,2026/3/26,5,2.000267744
97_dat,2026/3/26,10,2.055225849
97_dat,2026/3/26,15,2.107599497
97_dat,2026/3/26,20,1.88251996
97_dat,2026/3/26,30,1.198092461
97_dat,2026/3/26,40,0.738166928
97_dat,2026/3/26,50,0.499837577
97_dat,2026/3/27,5,2.003888369
97_dat,2026/3/27,10,2.025330544
97_dat,2026/3/27,15,2.023813486
97_dat,2026/3/27,20,1.841859221
97_dat,2026/3/27,30,1.186837554
97_dat,2026/3/27,40,0.711887658
97_dat,2026/3/27,50,0.480228692
97_dat,2026/3/28,5,1.9594872
97_dat,2026/3/28,10,2.000613213
97_dat,2026/3/28,15,2.012508392
97_dat,2026/3/28,20,1.825998306
97_dat,2026/3/28,30,1.185197234
97_dat,2026/3/28,40,0.722692013
97_dat,2026/3/28,50,0.487010062
97_dat,2026/3/29,5,1.93795228
97_dat,2026/3/29,10,2.03778863
97_dat,2026/3/29,15,2.127451897
97_dat,2026/3/29,20,1.895710468
97_dat,2026/3/29,30,1.210313559
97_dat,2026/3/29,40,0.756867826
97_dat,2026/3/29,50,0.509849846
97_dat,2026/3/30,5,1.961587429
97_dat,2026/3/30,10,2.025034904
97_dat,2026/3/30,15,2.146748304
97_dat,2026/3/30,20,1.97018683
97_dat,2026/3/30,30,1.235781908
97_dat,2026/3/30,40,0.787355065
97_dat,2026/3/30,50,0.533225358
97_dat,2026/3/31,5,1.952732682
97_dat,2026/3/31,10,2.045395613
97_dat,2026/3/31,15,2.163197994
97_dat,2026/3/31,20,1.957804561
97_dat,2026/3/31,30,1.217464805
97_dat,2026/3/31,40,0.781837761
97_dat,2026/3/31,50,0.535937071
97_dat,2026/4/1,5,1.924420595
97_dat,2026/4/1,10,2.08321476
97_dat,2026/4/1,15,2.257882833
97_dat,2026/4/1,20,1.962559462
97_dat,2026/4/1,30,1.190726757
97_dat,2026/4/1,40,0.766789019
97_dat,2026/4/1,50,0.533664286
97_dat,2026/4/2,5,1.967259526
97_dat,2026/4/2,10,2.062566757
97_dat,2026/4/2,15,2.244929075
97_dat,2026/4/2,20,1.970530033
97_dat,2026/4/2,30,1.162237287
97_dat,2026/4/2,40,0.754742146
97_dat,2026/4/2,50,0.529750466
97_dat,2026/4/3,5,1.952238917
97_dat,2026/4/3,10,2.05283761
97_dat,2026/4/3,15,2.239714146
97_dat,2026/4/3,20,1.959334612
97_dat,2026/4/3,30,1.128166676
97_dat,2026/4/3,40,0.732860625
97_dat,2026/4/3,50,0.511526406
97_dat,2026/4/4,5,1.924406886
97_dat,2026/4/4,10,2.068374634
97_dat,2026/4/4,15,2.27520895
97_dat,2026/4/4,20,1.993418694
97_dat,2026/4/4,30,1.138703227
97_dat,2026/4/4,40,0.740360796
97_dat,2026/4/4,50,0.49637866
97_dat,2026/4/5,5,1.910651445
97_dat,2026/4/5,10,2.065747976
97_dat,2026/4/5,15,2.249801397
97_dat,2026/4/5,20,2.004867077
97_dat,2026/4/5,30,1.154247046
97_dat,2026/4/5,40,0.739258468
97_dat,2026/4/5,50,0.47854203
97_dat,2026/4/6,5,1.919820905
97_dat,2026/4/6,10,1.963130593
97_dat,2026/4/6,15,2.039501905
97_dat,2026/4/6,20,1.885281324
97_dat,2026/4/6,30,1.169365883
97_dat,2026/4/6,40,0.720074832
97_dat,2026/4/6,50,0.448405325
97_dat,2026/4/7,5,1.853590965
97_dat,2026/4/7,10,1.856782079
97_dat,2026/4/7,15,1.866747737
97_dat,2026/4/7,20,1.819536805
97_dat,2026/4/7,30,1.129294276
97_dat,2026/4/7,40,0.673489511
97_dat,2026/4/7,50,0.409232825
97_dat,2026/4/8,5,1.822087884
97_dat,2026/4/8,10,1.826475143
97_dat,2026/4/8,15,1.851691604
97_dat,2026/4/8,20,1.798441052
97_dat,2026/4/8,30,1.116560817
97_dat,2026/4/8,40,0.642977417
97_dat,2026/4/8,50,0.396718442
97_dat,2026/4/9,5,1.84599638
97_dat,2026/4/9,10,1.856578588
97_dat,2026/4/9,15,1.90569818
97_dat,2026/4/9,20,1.84558773
97_dat,2026/4/9,30,1.179297566
97_dat,2026/4/9,40,0.649431765
97_dat,2026/4/9,50,0.394022912
97_dat,2026/4/10,5,1.856746912
97_dat,2026/4/10,10,1.860067725
97_dat,2026/4/10,15,1.867277622
97_dat,2026/4/10,20,1.805000067
97_dat,2026/4/10,30,1.182248592
97_dat,2026/4/10,40,0.632057726
97_dat,2026/4/10,50,0.366982371
97_dat,2026/4/11,5,1.797271132
97_dat,2026/4/11,10,1.795318365
97_dat,2026/4/11,15,1.788793683
97_dat,2026/4/11,20,1.731728554
97_dat,2026/4/11,30,1.108067632
97_dat,2026/4/11,40,0.554639757
97_dat,2026/4/11,50,0.32959047
97_dat,2026/4/12,5,1.758009076
97_dat,2026/4/12,10,1.756246328
97_dat,2026/4/12,15,1.748447657
97_dat,2026/4/12,20,1.681233287
97_dat,2026/4/12,30,1.116288662
97_dat,2026/4/12,40,0.536621571
97_dat,2026/4/12,50,0.326051742
97_dat,2026/4/13,5,1.749570131
97_dat,2026/4/13,10,1.751891375
97_dat,2026/4/13,15,1.751630545
97_dat,2026/4/13,20,1.648634672
97_dat,2026/4/13,30,1.154181838
97_dat,2026/4/13,40,0.529088199
97_dat,2026/4/13,50,0.305646181
97_dat,2026/4/14,5,1.746544361
97_dat,2026/4/14,10,1.780067921
97_dat,2026/4/14,15,1.839114785
97_dat,2026/4/14,20,1.671867132
97_dat,2026/4/14,30,1.107331991
97_dat,2026/4/14,40,0.473628581
97_dat,2026/4/14,50,0.265527457
97_dat,2026/4/15,5,1.796446204
97_dat,2026/4/15,10,1.857542515
97_dat,2026/4/15,15,1.934774756
97_dat,2026/4/15,20,1.676258206
97_dat,2026/4/15,30,1.033537626
97_dat,2026/4/15,40,0.426787943
97_dat,2026/4/15,50,0.240493044
97_dat,2026/4/16,5,1.892316222
97_dat,2026/4/16,10,1.925261617
97_dat,2026/4/16,15,1.960799336
97_dat,2026/4/16,20,1.686861157
97_dat,2026/4/16,30,0.957271695
97_dat,2026/4/16,40,0.39306882
97_dat,2026/4/16,50,0.225319758
97_dat,2026/4/17,5,1.975412846
97_dat,2026/4/17,10,1.966061354
97_dat,2026/4/17,15,1.906849742
97_dat,2026/4/17,20,1.67482841
97_dat,2026/4/17,30,0.916287601
97_dat,2026/4/17,40,0.382042974
97_dat,2026/4/17,50,0.219257161
97_dat,2026/4/18,5,2.009092808
97_dat,2026/4/18,10,2.001128197
97_dat,2026/4/18,15,1.935744286
97_dat,2026/4/18,20,1.632419229
97_dat,2026/4/18,30,0.891475677
97_dat,2026/4/18,40,0.380025685
97_dat,2026/4/18,50,0.214875579
97_dat,2026/4/19,5,2.026368618
97_dat,2026/4/19,10,2.035995007
97_dat,2026/4/19,15,2.025011301
97_dat,2026/4/19,20,1.674392462
97_dat,2026/4/19,30,0.875826895
97_dat,2026/4/19,40,0.382065803
97_dat,2026/4/19,50,0.211278409
97_dat,2026/4/20,5,2.043323278
97_dat,2026/4/20,10,2.036569118
97_dat,2026/4/20,15,1.992580414
97_dat,2026/4/20,20,1.690761805
97_dat,2026/4/20,30,0.881928325
97_dat,2026/4/20,40,0.40314129
97_dat,2026/4/20,50,0.214013994
