Site,Date,Depth,Temp
98_osh,2020-01-01,5,7.805017255246639
98_osh,2020-01-01,10,7.805017255246639
98_osh,2020-01-01,15,7.805017255246639
98_osh,2020-01-01,20,7.805017255246639
98_osh,2020-01-01,30,7.805017255246639
98_osh,2020-01-01,40,7.805017255246639
98_osh,2020-01-01,50,7.805017255246639
98_osh,2020-01-02,5,7.695150621235371
98_osh,2020-01-02,10,7.695150621235371
98_osh,2020-01-02,15,7.695150621235371
98_osh,2020-01-02,20,7.695150621235371
98_osh,2020-01-02,30,7.695150621235371
98_osh,2020-01-02,40,7.695150621235371
98_osh,2020-01-02,50,7.695150621235371
98_osh,2020-01-03,5,7.618243977427483
98_osh,2020-01-03,10,7.618243977427483
98_osh,2020-01-03,15,7.618243977427483
98_osh,2020-01-03,20,7.618243977427483
98_osh,2020-01-03,30,7.618243977427483
98_osh,2020-01-03,40,7.618243977427483
98_osh,2020-01-03,50,7.618243977427483
98_osh,2020-01-04,5,7.545731998980045
98_osh,2020-01-04,10,7.545731998980045
98_osh,2020-01-04,15,7.545731998980045
98_osh,2020-01-04,20,7.545731998980045
98_osh,2020-01-04,30,7.545731998980045
98_osh,2020-01-04,40,7.545731998980045
98_osh,2020-01-04,50,7.545731998980045
98_osh,2020-01-05,5,7.474684908986092
98_osh,2020-01-05,10,7.474684908986092
98_osh,2020-01-05,15,7.474684908986092
98_osh,2020-01-05,20,7.474684908986092
98_osh,2020-01-05,30,7.474684908986092
98_osh,2020-01-05,40,7.474684908986092
98_osh,2020-01-05,50,7.474684908986092
98_osh,2020-01-06,5,7.413159593939781
98_osh,2020-01-06,10,7.413159593939781
98_osh,2020-01-06,15,7.413159593939781
98_osh,2020-01-06,20,7.413159593939781
98_osh,2020-01-06,30,7.413159593939781
98_osh,2020-01-06,40,7.413159593939781
98_osh,2020-01-06,50,7.413159593939781
98_osh,2020-01-07,5,7.382396936416626
98_osh,2020-01-07,10,7.383129380643368
98_osh,2020-01-07,15,7.382396936416626
98_osh,2020-01-07,20,7.382396936416626
98_osh,2020-01-07,30,7.380932047963142
98_osh,2020-01-07,40,7.380932047963142
98_osh,2020-01-07,50,7.380932047963142
98_osh,2020-01-08,5,7.32673117518425
98_osh,2020-01-08,10,7.328928507864475
98_osh,2020-01-08,15,7.331125840544701
98_osh,2020-01-08,20,7.331858284771442
98_osh,2020-01-08,30,7.33918272703886
98_osh,2020-01-08,40,7.339915171265602
98_osh,2020-01-08,50,7.339915171265602
98_osh,2020-01-09,5,7.305490292608738
98_osh,2020-01-09,10,7.305490292608738
98_osh,2020-01-09,15,7.305490292608738
98_osh,2020-01-09,20,7.305490292608738
98_osh,2020-01-09,30,7.305490292608738
98_osh,2020-01-09,40,7.305490292608738
98_osh,2020-01-09,50,7.305490292608738
98_osh,2020-01-10,5,7.284981854259968
98_osh,2020-01-10,10,7.284981854259968
98_osh,2020-01-10,15,7.283516965806484
98_osh,2020-01-10,20,7.282784521579742
98_osh,2020-01-10,30,7.278389856219292
98_osh,2020-01-10,40,7.282052077353001
98_osh,2020-01-10,50,7.282052077353001
98_osh,2020-01-11,5,6.932676181197166
98_osh,2020-01-11,10,6.932676181197166
98_osh,2020-01-11,15,6.942930400371552
98_osh,2020-01-11,20,6.9568468406796455
98_osh,2020-01-11,30,7.082094803452492
98_osh,2020-01-11,40,7.148014783859253
98_osh,2020-01-11,50,7.197088547050953
98_osh,2020-01-12,5,5.520523712038994
98_osh,2020-01-12,10,6.094759985804558
98_osh,2020-01-12,15,6.416303001344204
98_osh,2020-01-12,20,6.510788306593895
98_osh,2020-01-12,30,6.797173999249935
98_osh,2020-01-12,40,6.909970410168171
98_osh,2020-01-12,50,7.047669924795628
98_osh,2020-01-13,5,4.528061784803867
98_osh,2020-01-13,10,5.663350336253643
98_osh,2020-01-13,15,5.995880015194416
98_osh,2020-01-13,20,6.0991546511650085
98_osh,2020-01-13,30,6.46391187608242
98_osh,2020-01-13,40,6.642628267407417
98_osh,2020-01-13,50,6.819879770278931
98_osh,2020-01-14,5,3.961882397532463
98_osh,2020-01-14,10,5.100833170115948
98_osh,2020-01-14,15,5.6267281249165535
98_osh,2020-01-14,20,5.782006300985813
98_osh,2020-01-14,30,6.239783942699432
98_osh,2020-01-14,40,6.419965222477913
98_osh,2020-01-14,50,6.647022932767868
98_osh,2020-01-15,5,3.5919980630278587
98_osh,2020-01-15,10,4.764641270041466
98_osh,2020-01-15,15,5.463393062353134
98_osh,2020-01-15,20,5.656025893986225
98_osh,2020-01-15,30,6.098422206938267
98_osh,2020-01-15,40,6.221472837030888
98_osh,2020-01-15,50,6.518112748861313
98_osh,2020-01-16,5,3.177434630692005
98_osh,2020-01-16,10,4.238013871014118
98_osh,2020-01-16,15,5.243659794330597
98_osh,2020-01-16,20,5.467787727713585
98_osh,2020-01-16,30,5.96072269231081
98_osh,2020-01-16,40,6.086703099310398
98_osh,2020-01-16,50,6.425092332065105
98_osh,2020-01-17,5,2.964293360710144
98_osh,2020-01-17,10,3.7289651334285736
98_osh,2020-01-17,15,4.90966522693634
98_osh,2020-01-17,20,5.180669590830803
98_osh,2020-01-17,30,5.779076524078846
98_osh,2020-01-17,40,5.916776038706303
98_osh,2020-01-17,50,6.254432827234268
98_osh,2020-01-18,5,2.8500320613384247
98_osh,2020-01-18,10,3.6520584896206856
98_osh,2020-01-18,15,4.662099078297615
98_osh,2020-01-18,20,4.942625217139721
98_osh,2020-01-18,30,5.552751258015633
98_osh,2020-01-18,40,5.669942334294319
98_osh,2020-01-18,50,5.970244467258453
98_osh,2020-01-19,5,2.9108249321579933
98_osh,2020-01-19,10,3.611774057149887
98_osh,2020-01-19,15,4.4086733758449554
98_osh,2020-01-19,20,4.689199514687061
98_osh,2020-01-19,30,5.3081148862838745
98_osh,2020-01-19,40,5.427503295242786
98_osh,2020-01-19,50,5.668477445840836
98_osh,2020-01-20,5,2.9459822550415997
98_osh,2020-01-20,10,3.517288751900196
98_osh,2020-01-20,15,4.191869884729385
98_osh,2020-01-20,20,4.440900921821594
98_osh,2020-01-20,30,5.0561540722846985
98_osh,2020-01-20,40,5.2099673599004745
98_osh,2020-01-20,50,5.401135303080082
98_osh,2020-01-21,5,2.806817851960659
98_osh,2020-01-21,10,3.11810664832592
98_osh,2020-01-21,15,3.963347285985946
98_osh,2020-01-21,20,4.225562319159508
98_osh,2020-01-21,30,4.878170125186443
98_osh,2020-01-21,40,5.096438504755497
98_osh,2020-01-21,50,5.30225533246994
98_osh,2020-01-22,5,2.744560092687607
98_osh,2020-01-22,10,2.8785973861813545
98_osh,2020-01-22,15,3.716513581573963
98_osh,2020-01-22,20,4.019013047218323
98_osh,2020-01-22,30,4.71337017416954
98_osh,2020-01-22,40,4.963133655488491
98_osh,2020-01-22,50,5.162358485162258
98_osh,2020-01-23,5,2.543870374560356
98_osh,2020-01-23,10,2.852961838245392
98_osh,2020-01-23,15,3.618366055190563
98_osh,2020-01-23,20,3.915005967020989
98_osh,2020-01-23,30,4.5742057710886
98_osh,2020-01-23,40,4.7968688160181046
98_osh,2020-01-23,50,4.952146992087364
98_osh,2020-01-24,5,2.603930801153183
98_osh,2020-01-24,10,2.668385893106461
98_osh,2020-01-24,15,3.282906599342823
98_osh,2020-01-24,20,3.6689047068357463
98_osh,2020-01-24,30,4.549302667379379
98_osh,2020-01-24,40,4.781487487256527
98_osh,2020-01-24,50,4.989501647651196
98_osh,2020-01-25,5,2.5988036915659904
98_osh,2020-01-25,10,2.599536135792732
98_osh,2020-01-25,15,2.8969084918498997
98_osh,2020-01-25,20,3.374462127685547
98_osh,2020-01-25,30,4.560289330780506
98_osh,2020-01-25,40,4.852534577250481
98_osh,2020-01-25,50,5.138187825679779
98_osh,2020-01-26,5,2.5350810438394547
98_osh,2020-01-26,10,2.5365459322929382
98_osh,2020-01-26,15,2.789239190518856
98_osh,2020-01-26,20,3.290231041610241
98_osh,2020-01-26,30,4.536118671298027
98_osh,2020-01-26,40,4.853999465703964
98_osh,2020-01-26,50,5.136722937226296
98_osh,2020-01-27,5,2.475020617246628
98_osh,2020-01-27,10,2.475020617246628
98_osh,2020-01-27,15,2.713797435164452
98_osh,2020-01-27,20,3.162053301930428
98_osh,2020-01-27,30,4.465804025530815
98_osh,2020-01-27,40,4.807855479419231
98_osh,2020-01-27,50,5.039307855069637
98_osh,2020-01-28,5,2.3746757581830025
98_osh,2020-01-28,10,2.393719308078289
98_osh,2020-01-28,15,2.6544694527983665
98_osh,2020-01-28,20,3.024353787302971
98_osh,2020-01-28,30,4.263649418950081
98_osh,2020-01-28,40,4.676015518605709
98_osh,2020-01-28,50,4.776360377669334
98_osh,2020-01-29,5,2.281655341386795
98_osh,2020-01-29,10,2.354899764060974
98_osh,2020-01-29,15,2.58635213971138
98_osh,2020-01-29,20,2.793633855879307
98_osh,2020-01-29,30,3.8124637752771378
98_osh,2020-01-29,40,4.413068041205406
98_osh,2020-01-29,50,4.4401684775948524
98_osh,2020-01-30,5,2.1322367191314697
98_osh,2020-01-30,10,2.22232735902071
98_osh,2020-01-30,15,2.4383984059095383
98_osh,2020-01-30,20,2.5812250301241875
98_osh,2020-01-30,30,3.4711447656154637
98_osh,2020-01-30,40,4.076143696904182
98_osh,2020-01-30,50,4.16110722720623
98_osh,2020-01-31,5,1.9227576702833176
98_osh,2020-01-31,10,2.023102529346943
98_osh,2020-01-31,15,2.2421033531427383
98_osh,2020-01-31,20,2.362956650555134
98_osh,2020-01-31,30,3.055848889052868
98_osh,2020-01-31,40,3.545854076743126
98_osh,2020-01-31,50,3.857875317335129
98_osh,2020-02-01,5,1.5704519972205162
98_osh,2020-02-01,10,1.833399474620819
98_osh,2020-02-01,15,2.071443848311901
98_osh,2020-02-01,20,2.1637318208813667
98_osh,2020-02-01,30,2.56584370136261
98_osh,2020-02-01,40,2.8925138264894485
98_osh,2020-02-01,50,3.364940352737904
98_osh,2020-02-02,5,1.2833338603377342
98_osh,2020-02-02,10,1.6158635392785072
98_osh,2020-02-02,15,1.9154332280159
98_osh,2020-02-02,20,2.0099185332655907
98_osh,2020-02-02,30,2.2626117914915085
98_osh,2020-02-02,40,2.4977263882756238
98_osh,2020-02-02,50,2.965025804936886
98_osh,2020-02-03,5,0.9720450639724731
98_osh,2020-02-03,10,1.358775615692139
98_osh,2020-02-03,15,1.7894528210163116
98_osh,2020-02-03,20,1.9059114530682564
98_osh,2020-02-03,30,2.166661597788334
98_osh,2020-02-03,40,2.3600268736481667
98_osh,2020-02-03,50,2.7343058735132217
98_osh,2020-02-04,5,0.8226264417171478
98_osh,2020-02-04,10,0.975707285106182
98_osh,2020-02-04,15,1.5982848778367045
98_osh,2020-02-04,20,1.8004394844174385
98_osh,2020-02-04,30,2.211340695619583
98_osh,2020-02-04,40,2.443525515496731
98_osh,2020-02-04,50,2.820734292268753
98_osh,2020-02-05,5,0.6622211560606956
98_osh,2020-02-05,10,0.8240913301706314
98_osh,2020-02-05,15,1.596819989383221
98_osh,2020-02-05,20,1.8172857016325
98_osh,2020-02-05,30,2.281655341386795
98_osh,2020-02-05,40,2.5101779401302338
98_osh,2020-02-05,50,2.8859218284487724
98_osh,2020-02-06,5,0.6717429310083389
98_osh,2020-02-06,10,0.7222815826535225
98_osh,2020-02-06,15,1.5023346841335297
98_osh,2020-02-06,20,1.8216803669929504
98_osh,2020-02-06,30,2.390789531171322
98_osh,2020-02-06,40,2.698416106402874
98_osh,2020-02-06,50,3.240424834191799
98_osh,2020-02-07,5,0.7537766844034195
98_osh,2020-02-07,10,0.7984557822346687
98_osh,2020-02-07,15,1.2965178564190865
98_osh,2020-02-07,20,1.728659950196743
98_osh,2020-02-07,30,2.477217949926853
98_osh,2020-02-07,40,2.874202720820904
98_osh,2020-02-07,50,3.539994522929192
98_osh,2020-02-08,5,0.7794122323393822
98_osh,2020-02-08,10,0.7999206706881523
98_osh,2020-02-08,15,1.406384490430355
98_osh,2020-02-08,20,1.823877699673176
98_osh,2020-02-08,30,2.579760141670704
98_osh,2020-02-08,40,3.0258186757564545
98_osh,2020-02-08,50,3.696005143225193
98_osh,2020-02-09,5,0.7838068976998329
98_osh,2020-02-09,10,0.7925962284207344
98_osh,2020-02-09,15,1.438612036406994
98_osh,2020-02-09,20,1.9147007837891576
98_osh,2020-02-09,30,2.70500810444355
98_osh,2020-02-09,40,3.222846172749996
98_osh,2020-02-09,50,3.941373959183693
98_osh,2020-02-10,5,0.8445997685194016
98_osh,2020-02-10,10,0.8497268781065941
98_osh,2020-02-10,15,1.3602405041456225
98_osh,2020-02-10,20,1.9447309970855715
98_osh,2020-02-10,30,2.8427076190710068
98_osh,2020-02-10,40,3.4176763370633125
98_osh,2020-02-10,50,4.11203346401453
98_osh,2020-02-11,5,1.00354016572237
98_osh,2020-02-11,10,1.0211188271641731
98_osh,2020-02-11,15,1.4459364786744118
98_osh,2020-02-11,20,2.00552386790514
98_osh,2020-02-11,30,3.0331431180238724
98_osh,2020-02-11,40,3.6454664915800095
98_osh,2020-02-11,50,4.1493881195783615
98_osh,2020-02-12,5,1.276741862297058
98_osh,2020-02-12,10,1.2760094180703163
98_osh,2020-02-12,15,1.596819989383221
98_osh,2020-02-12,20,2.0384838581085205
98_osh,2020-02-12,30,3.216986618936062
98_osh,2020-02-12,40,3.842493988573551
98_osh,2020-02-12,50,4.086397916078568
98_osh,2020-02-13,5,1.3287454023957253
98_osh,2020-02-13,10,1.3287454023957253
98_osh,2020-02-13,15,1.7088839560747149
98_osh,2020-02-13,20,2.1197851672768597
98_osh,2020-02-13,30,3.3261208087205887
98_osh,2020-02-13,40,3.934049516916275
98_osh,2020-02-13,50,3.973601505160332
98_osh,2020-02-14,5,1.3426618427038193
98_osh,2020-02-14,10,1.2481765374541285
98_osh,2020-02-14,15,1.5543382242321968
98_osh,2020-02-14,20,1.9308145567774773
98_osh,2020-02-14,30,3.261665716767311
98_osh,2020-02-14,40,3.8981597498059273
98_osh,2020-02-14,50,3.9076815247535706
98_osh,2020-02-15,5,1.1317179054021835
98_osh,2020-02-15,10,1.1551561206579208
98_osh,2020-02-15,15,1.403454713523388
98_osh,2020-02-15,20,1.722067952156067
98_osh,2020-02-15,30,3.1027253195643425
98_osh,2020-02-15,40,3.803674444556236
98_osh,2020-02-15,50,3.864467315375805
98_osh,2020-02-16,5,0.9588610678911208
98_osh,2020-02-16,10,1.0482192635536194
98_osh,2020-02-16,15,1.3448591753840446
98_osh,2020-02-16,20,1.5667897760868073
98_osh,2020-02-16,30,2.6573992297053337
98_osh,2020-02-16,40,3.441846996545792
98_osh,2020-02-16,50,3.71138647198677
98_osh,2020-02-17,5,1.070192590355873
98_osh,2020-02-17,10,1.1038850247859957
98_osh,2020-02-17,15,1.2620929777622223
98_osh,2020-02-17,20,1.3712271675467491
98_osh,2020-02-17,30,1.9322794452309608
98_osh,2020-02-17,40,2.7218543216586117
98_osh,2020-02-17,50,3.2426221668720245
98_osh,2020-02-18,5,0.9779046177864076
98_osh,2020-02-18,10,1.0277108252048492
98_osh,2020-02-18,15,1.1492965668439863
98_osh,2020-02-18,20,1.2086245492100716
98_osh,2020-02-18,30,1.5880306586623192
98_osh,2020-02-18,40,2.120517611503601
98_osh,2020-02-18,50,2.656666785478592
98_osh,2020-02-19,5,0.9083224162459372
98_osh,2020-02-19,10,0.9610584005713464
98_osh,2020-02-19,15,1.1141392439603806
98_osh,2020-02-19,20,1.1668752282857895
98_osh,2020-02-19,30,1.4649800285696983
98_osh,2020-02-19,40,1.8531754687428477
98_osh,2020-02-19,50,2.3959166407585144
98_osh,2020-02-20,5,0.888546422123909
98_osh,2020-02-20,10,0.9339579641819
98_osh,2020-02-20,15,1.132450349628925
98_osh,2020-02-20,20,1.1925107762217522
98_osh,2020-02-20,30,1.421765819191933
98_osh,2020-02-20,40,1.7652821615338326
98_osh,2020-02-20,50,2.2948393374681477
98_osh,2020-02-21,5,0.8790246471762657
98_osh,2020-02-21,10,0.937620185315609
98_osh,2020-02-21,15,1.1639454513788223
98_osh,2020-02-21,20,1.2335276529192924
98_osh,2020-02-21,30,1.4342173710465431
98_osh,2020-02-21,40,1.7557603865861893
98_osh,2020-02-21,50,2.244300685822964
98_osh,2020-02-22,5,0.9888912811875344
98_osh,2020-02-22,10,1.0189214944839478
98_osh,2020-02-22,15,1.1844538897275925
98_osh,2020-02-22,20,1.245979204773903
98_osh,2020-02-22,30,1.4510635882616043
98_osh,2020-02-22,40,1.6773888543248177
98_osh,2020-02-22,50,2.0655842944979668
98_osh,2020-02-23,5,1.095095694065094
98_osh,2020-02-23,10,1.0958281382918358
98_osh,2020-02-23,15,1.1390423476696014
98_osh,2020-02-23,20,1.1807916685938835
98_osh,2020-02-23,30,1.486953355371952
98_osh,2020-02-23,40,1.816553257405758
98_osh,2020-02-23,50,2.195959366858005
98_osh,2020-02-24,5,1.0665303692221642
98_osh,2020-02-24,10,1.0628681480884552
98_osh,2020-02-24,15,1.1390423476696014
98_osh,2020-02-24,20,1.2225409895181656
98_osh,2020-02-24,30,1.5880306586623192
98_osh,2020-02-24,40,1.872951462864876
98_osh,2020-02-24,50,2.2128055840730667
98_osh,2020-02-25,5,1.0965605825185776
98_osh,2020-02-25,10,1.1595507860183716
98_osh,2020-02-25,15,1.2833338603377342
98_osh,2020-02-25,20,1.3697622790932655
98_osh,2020-02-25,30,1.6993621811270714
98_osh,2020-02-25,40,1.991607427597046
98_osh,2020-02-25,50,2.4647663980722427
98_osh,2020-02-26,5,1.147831678390503
98_osh,2020-02-26,10,1.2789391949772837
98_osh,2020-02-26,15,1.4049196019768715
98_osh,2020-02-26,20,1.4788964688777924
98_osh,2020-02-26,30,1.7645497173070908
98_osh,2020-02-26,40,2.061189629137516
98_osh,2020-02-26,50,2.610522799193859
98_osh,2020-02-27,5,1.112674355506897
98_osh,2020-02-27,10,1.3346049562096596
98_osh,2020-02-27,15,1.4701071381568909
98_osh,2020-02-27,20,1.5345622301101685
98_osh,2020-02-27,30,1.801904372870922
98_osh,2020-02-27,40,2.0838954001665115
98_osh,2020-02-27,50,2.5848872512578964
98_osh,2020-02-28,5,1.0584734827280045
98_osh,2020-02-28,10,1.319223627448082
98_osh,2020-02-28,15,1.5125889033079147
98_osh,2020-02-28,20,1.5792413279414177
98_osh,2020-02-28,30,1.8575701341032984
98_osh,2020-02-28,40,2.10367139428854
98_osh,2020-02-28,50,2.344645544886589
98_osh,2020-02-29,5,1.1551561206579208
98_osh,2020-02-29,10,1.312631629407406
98_osh,2020-02-29,15,1.5601977780461311
98_osh,2020-02-29,20,1.6393017545342443
98_osh,2020-02-29,30,1.945463441312313
98_osh,2020-02-29,40,2.119052723050117
98_osh,2020-02-29,50,2.1293069422245026
98_osh,2020-03-01,5,1.2708823084831238
98_osh,2020-03-01,10,1.3221534043550491
98_osh,2020-03-01,15,1.5389568954706192
98_osh,2020-03-01,20,1.6371044218540192
98_osh,2020-03-01,30,2.0033265352249146
98_osh,2020-03-01,40,2.183507815003395
98_osh,2020-03-01,50,2.195226922631264
98_osh,2020-03-02,5,1.19983521848917
98_osh,2020-03-02,10,1.244514316320419
98_osh,2020-03-02,15,1.378551609814167
98_osh,2020-03-02,20,1.4642475843429563
98_osh,2020-03-02,30,1.900784343481064
98_osh,2020-03-02,40,2.2142704725265503
98_osh,2020-03-02,50,2.225989580154419
98_osh,2020-03-03,5,0.9852290600538254
98_osh,2020-03-03,10,1.0328379347920418
98_osh,2020-03-03,15,1.1346476823091507
98_osh,2020-03-03,20,1.2078921049833298
98_osh,2020-03-03,30,1.6891079619526863
98_osh,2020-03-03,40,2.1022065058350563
98_osh,2020-03-03,50,2.207678474485874
98_osh,2020-03-04,5,0.8006531149148941
98_osh,2020-03-04,10,0.8372753262519836
98_osh,2020-03-04,15,0.9090548604726792
98_osh,2020-03-04,20,0.9647206217050552
98_osh,2020-03-04,30,1.3675649464130402
98_osh,2020-03-04,40,1.8041017055511477
98_osh,2020-03-04,50,2.075838513672352
98_osh,2020-03-05,5,0.6863918155431747
98_osh,2020-03-05,10,0.6907864809036255
98_osh,2020-03-05,15,0.7200842499732971
98_osh,2020-03-05,20,0.7523117959499359
98_osh,2020-03-05,30,1.0467543751001358
98_osh,2020-03-05,40,1.437879592180252
98_osh,2020-03-05,50,1.798974595963955
98_osh,2020-03-06,5,0.5889767333865166
98_osh,2020-03-06,10,0.5992309525609016
98_osh,2020-03-06,15,0.6417127177119255
98_osh,2020-03-06,20,0.6673482656478882
98_osh,2020-03-06,30,0.9317606315016748
98_osh,2020-03-06,40,1.340464510023594
98_osh,2020-03-06,50,1.71108128875494
98_osh,2020-03-07,5,0.5713980719447136
98_osh,2020-03-07,10,0.6146122813224792
98_osh,2020-03-07,15,0.6182745024561882
98_osh,2020-03-07,20,0.632923386991024
98_osh,2020-03-07,30,0.8731650933623314
98_osh,2020-03-07,40,1.2657551988959312
98_osh,2020-03-07,50,1.6261177584528923
98_osh,2020-03-08,5,0.6600238233804703
98_osh,2020-03-08,10,0.6321909427642822
98_osh,2020-03-08,15,0.6160771697759628
98_osh,2020-03-08,20,0.6197393909096718
98_osh,2020-03-08,30,0.8065126687288284
98_osh,2020-03-08,40,1.1214636862277985
98_osh,2020-03-08,50,1.3902707174420357
98_osh,2020-03-09,5,0.7237464711070061
98_osh,2020-03-09,10,0.6483047157526016
98_osh,2020-03-09,15,0.6094851717352867
98_osh,2020-03-09,20,0.6102176159620285
98_osh,2020-03-09,30,0.758903793990612
98_osh,2020-03-09,40,1.0115970522165298
98_osh,2020-03-09,50,1.2049623280763626
98_osh,2020-03-10,5,0.7757500112056732
98_osh,2020-03-10,10,0.6497696042060852
98_osh,2020-03-10,15,0.5955687314271927
98_osh,2020-03-10,20,0.5955687314271927
98_osh,2020-03-10,30,0.727408692240715
98_osh,2020-03-10,40,0.9566637352108956
98_osh,2020-03-10,50,1.1566210091114044
98_osh,2020-03-11,5,1.0335703790187836
98_osh,2020-03-11,10,0.7706229016184807
98_osh,2020-03-11,15,0.6255989447236061
98_osh,2020-03-11,20,0.6182745024561882
98_osh,2020-03-11,30,0.7391277998685837
98_osh,2020-03-11,40,0.9984130561351776
98_osh,2020-03-11,50,1.3104342967271805
98_osh,2020-03-12,5,1.175664559006691
98_osh,2020-03-12,10,0.9046601951122284
98_osh,2020-03-12,15,0.6988433673977852
98_osh,2020-03-12,20,0.6732078194618225
98_osh,2020-03-12,30,0.7654957920312881
98_osh,2020-03-12,40,1.0592059269547462
98_osh,2020-03-12,50,1.4466689229011536
98_osh,2020-03-13,5,1.0650654807686806
98_osh,2020-03-13,10,1.0372326001524923
98_osh,2020-03-13,15,0.8211615532636642
98_osh,2020-03-13,20,0.7559740170836449
98_osh,2020-03-13,30,0.8196966648101807
98_osh,2020-03-13,40,1.1873836666345596
98_osh,2020-03-13,50,1.7857905998826027
98_osh,2020-03-14,5,1.0093997195363045
98_osh,2020-03-14,10,1.0328379347920418
98_osh,2020-03-14,15,0.9017304182052612
98_osh,2020-03-14,20,0.8277535513043404
98_osh,2020-03-14,30,0.8717002049088478
98_osh,2020-03-14,40,1.2855311930179596
98_osh,2020-03-14,50,2.069246515631676
98_osh,2020-03-15,5,1.0855739191174507
98_osh,2020-03-15,10,1.1141392439603806
98_osh,2020-03-15,15,0.9720450639724731
98_osh,2020-03-15,20,0.8980681970715523
98_osh,2020-03-15,30,0.9288308545947076
98_osh,2020-03-15,40,1.389538273215294
98_osh,2020-03-15,50,2.371013537049293
98_osh,2020-03-16,5,1.1866512224078178
98_osh,2020-03-16,10,1.203497439622879
98_osh,2020-03-16,15,1.0628681480884552
98_osh,2020-03-16,20,0.986693948507309
98_osh,2020-03-16,30,0.9932859465479852
98_osh,2020-03-16,40,1.5243080109357834
98_osh,2020-03-16,50,2.705740548670292
98_osh,2020-03-17,5,1.3104342967271805
98_osh,2020-03-17,10,1.2569658681750298
98_osh,2020-03-17,15,1.1698050051927569
98_osh,2020-03-17,20,1.0855739191174507
98_osh,2020-03-17,30,1.0592059269547462
98_osh,2020-03-17,40,1.6510208621621132
98_osh,2020-03-17,50,2.972350247204304
98_osh,2020-03-18,5,1.5265053436160088
98_osh,2020-03-18,10,1.385876052081585
98_osh,2020-03-18,15,1.2591632008552551
98_osh,2020-03-18,20,1.172002337872982
98_osh,2020-03-18,30,1.116336576640606
98_osh,2020-03-18,40,1.7235328406095505
98_osh,2020-03-18,50,3.0543840005993843
98_osh,2020-03-19,5,1.7271950617432594
98_osh,2020-03-19,10,1.5140537917613983
98_osh,2020-03-19,15,1.3272805139422417
98_osh,2020-03-19,20,1.2393872067332268
98_osh,2020-03-19,30,1.1551561206579208
98_osh,2020-03-19,40,1.7542954981327057
98_osh,2020-03-19,50,3.0177617892622948
98_osh,2020-03-20,5,1.7066866233944893
98_osh,2020-03-20,10,1.644428864121437
98_osh,2020-03-20,15,1.4928129091858864
98_osh,2020-03-20,20,1.382213830947876
98_osh,2020-03-20,30,1.2606280893087387
98_osh,2020-03-20,40,2.0553300753235817
98_osh,2020-03-20,50,3.2396923899650574
98_osh,2020-03-21,5,1.721335507929325
98_osh,2020-03-21,10,1.679586187005043
98_osh,2020-03-21,15,1.5807062163949013
98_osh,2020-03-21,20,1.515518680214882
98_osh,2020-03-21,30,1.3814813867211342
98_osh,2020-03-21,40,2.2699362337589264
98_osh,2020-03-21,50,3.3554185777902603
98_osh,2020-03-22,5,1.8612323552370071
98_osh,2020-03-22,10,1.8033692613244057
98_osh,2020-03-22,15,1.654683083295822
98_osh,2020-03-22,20,1.5682546645402908
98_osh,2020-03-22,30,1.5023346841335297
98_osh,2020-03-22,40,2.4545121788978577
98_osh,2020-03-22,50,3.458693213760853
98_osh,2020-03-23,5,2.0765709578990936
98_osh,2020-03-23,10,1.9623096585273745
98_osh,2020-03-23,15,1.7726066038012505
98_osh,2020-03-23,20,1.671529300510883
98_osh,2020-03-23,30,1.634174644947052
98_osh,2020-03-23,40,2.6757103353738785
98_osh,2020-03-23,50,3.693807810544968
98_osh,2020-03-24,5,2.1644642651081085
98_osh,2020-03-24,10,2.1124607250094414
98_osh,2020-03-24,15,1.9125034511089325
98_osh,2020-03-24,20,1.8048341497778893
98_osh,2020-03-24,30,1.774071492254734
98_osh,2020-03-24,40,2.887386716902256
98_osh,2020-03-24,50,3.912808634340763
98_osh,2020-03-25,5,2.334391325712204
98_osh,2020-03-25,10,2.261146903038025
98_osh,2020-03-25,15,2.0597247406840324
98_osh,2020-03-25,20,1.949858106672764
98_osh,2020-03-25,30,1.9234901145100596
98_osh,2020-03-25,40,3.096865765750408
98_osh,2020-03-25,50,4.084933027625084
98_osh,2020-03-26,5,2.534348599612713
98_osh,2020-03-26,10,2.3988464176654816
98_osh,2020-03-26,15,2.179845593869686
98_osh,2020-03-26,20,2.066316738724709
98_osh,2020-03-26,30,2.0553300753235817
98_osh,2020-03-26,40,3.2492141649127007
98_osh,2020-03-26,50,4.171361446380615
98_osh,2020-03-27,5,2.8082827404141426
98_osh,2020-03-27,10,2.529953934252262
98_osh,2020-03-27,15,2.250160239636898
98_osh,2020-03-27,20,2.138096272945404
98_osh,2020-03-27,30,2.12417983263731
98_osh,2020-03-27,40,3.3187963664531708
98_osh,2020-03-27,50,4.187475219368935
98_osh,2020-03-28,5,2.9035004898905754
98_osh,2020-03-28,10,2.7804498597979546
98_osh,2020-03-28,15,2.3563646525144577
98_osh,2020-03-28,20,2.219397582113743
98_osh,2020-03-28,30,2.2552873492240906
98_osh,2020-03-28,40,3.497512757778168
98_osh,2020-03-28,50,4.305398739874363
98_osh,2020-03-29,5,2.960631139576435
98_osh,2020-03-29,10,2.88885160535574
98_osh,2020-03-29,15,2.464033953845501
98_osh,2020-03-29,20,2.3014313355088234
98_osh,2020-03-29,30,2.3527024313807487
98_osh,2020-03-29,40,3.587603397667408
98_osh,2020-03-29,50,4.3559373915195465
98_osh,2020-03-30,5,3.164250634610653
98_osh,2020-03-30,10,2.99945068359375
98_osh,2020-03-30,15,2.551194816827774
98_osh,2020-03-30,20,2.3746757581830025
98_osh,2020-03-30,30,2.439863294363022
98_osh,2020-03-30,40,3.665242485702038
98_osh,2020-03-30,50,4.412335596978664
98_osh,2020-03-31,5,3.372264795005321
98_osh,2020-03-31,10,3.111514650285244
98_osh,2020-03-31,15,2.64348278939724
98_osh,2020-03-31,20,2.4589068442583084
98_osh,2020-03-31,30,2.502121053636074
98_osh,2020-03-31,40,3.710654027760029
98_osh,2020-03-31,50,4.451887585222721
98_osh,2020-04-01,5,3.5407269671559334
98_osh,2020-04-01,10,3.189153738319874
98_osh,2020-04-01,15,2.7116001024842262
98_osh,2020-04-01,20,2.527024157345295
98_osh,2020-04-01,30,2.554857037961483
98_osh,2020-04-01,40,3.751670904457569
98_osh,2020-04-01,50,4.489242240786552
98_osh,2020-04-02,5,3.792687781155109
98_osh,2020-04-02,10,3.3122043684124947
98_osh,2020-04-02,15,2.744560092687607
98_osh,2020-04-02,20,2.565111257135868
98_osh,2020-04-02,30,2.648609898984432
98_osh,2020-04-02,40,3.847621098160744
98_osh,2020-04-02,50,4.55369733273983
98_osh,2020-04-03,5,3.885708197951317
98_osh,2020-04-03,10,3.4623554348945618
98_osh,2020-04-03,15,2.809747628867626
98_osh,2020-04-03,20,2.623706795275212
98_osh,2020-04-03,30,2.747489869594574
98_osh,2020-04-03,40,3.919400632381439
98_osh,2020-04-03,50,4.5976439863443375
98_osh,2020-04-04,5,4.250465422868729
98_osh,2020-04-04,10,3.5714896246790886
98_osh,2020-04-04,15,2.888119161128998
98_osh,2020-04-04,20,2.697683662176132
98_osh,2020-04-04,30,2.80315563082695
98_osh,2020-04-04,40,3.927457518875599
98_osh,2020-04-04,50,4.602038651704788
98_osh,2020-04-05,5,4.4189275950193405
98_osh,2020-04-05,10,3.7077242508530617
98_osh,2020-04-05,15,2.961363583803177
98_osh,2020-04-05,20,2.762871198356152
98_osh,2020-04-05,30,2.855159170925617
98_osh,2020-04-05,40,3.932584628462792
98_osh,2020-04-05,50,4.596179097890854
98_osh,2020-04-06,5,4.336161397397518
98_osh,2020-04-06,10,3.843226432800293
98_osh,2020-04-06,15,2.9760124683380127
98_osh,2020-04-06,20,2.7804498597979546
98_osh,2020-04-06,30,2.9635609164834023
98_osh,2020-04-06,40,4.016815714538097
98_osh,2020-04-06,50,4.626941755414009
98_osh,2020-04-07,5,4.336161397397518
98_osh,2020-04-07,10,3.8981597498059273
98_osh,2020-04-07,15,3.010437346994877
98_osh,2020-04-07,20,2.8229316249489784
98_osh,2020-04-07,30,3.07708977162838
98_osh,2020-04-07,40,4.088595248758793
98_osh,2020-04-07,50,4.63939330726862
98_osh,2020-04-08,5,4.481185354292393
98_osh,2020-04-08,10,3.901821970939636
98_osh,2020-04-08,15,3.0646382197737694
98_osh,2020-04-08,20,2.886654272675514
98_osh,2020-04-08,30,3.140079975128174
98_osh,2020-04-08,40,4.118625462055206
98_osh,2020-04-08,50,4.667958632111549
98_osh,2020-04-09,5,4.614490203559399
98_osh,2020-04-09,10,3.961882397532463
98_osh,2020-04-09,15,3.11810664832592
98_osh,2020-04-09,20,2.940122701227665
98_osh,2020-04-09,30,3.191351071000099
98_osh,2020-04-09,40,4.168431669473648
98_osh,2020-04-09,50,4.764641270041466
98_osh,2020-04-10,5,4.748527497053146
98_osh,2020-04-10,10,4.027802377939224
98_osh,2020-04-10,15,3.170842632651329
98_osh,2020-04-10,20,2.993591129779816
98_osh,2020-04-10,30,3.251411497592926
98_osh,2020-04-10,40,4.240943647921085
98_osh,2020-04-10,50,4.895748786628246
98_osh,2020-04-11,5,4.718497283756733
98_osh,2020-04-11,10,4.107638798654079
98_osh,2020-04-11,15,3.219916395843029
98_osh,2020-04-11,20,3.044862225651741
98_osh,2020-04-11,30,3.3202612549066544
98_osh,2020-04-11,40,4.322977401316166
98_osh,2020-04-11,50,5.001953199505806
98_osh,2020-04-12,5,4.791741706430912
98_osh,2020-04-12,10,4.172826334834099
98_osh,2020-04-12,15,3.2814417108893394
98_osh,2020-04-12,20,3.110782206058502
98_osh,2020-04-12,30,3.381054125726223
98_osh,2020-04-12,40,4.367656499147415
98_osh,2020-04-12,50,5.026123858988285
98_osh,2020-04-13,5,4.908200338482857
98_osh,2020-04-13,10,4.2475356459617615
98_osh,2020-04-13,15,3.356151022017002
98_osh,2020-04-13,20,3.1832941845059395
98_osh,2020-04-13,30,3.430127888917923
98_osh,2020-04-13,40,4.366924054920673
98_osh,2020-04-13,50,4.963866099715233
98_osh,2020-04-14,5,5.032715857028961
98_osh,2020-04-14,10,4.249000534415245
98_osh,2020-04-14,15,3.378124348819256
98_osh,2020-04-14,20,3.22431106120348
98_osh,2020-04-14,30,3.52681052684784
98_osh,2020-04-14,40,4.4189275950193405
98_osh,2020-04-14,50,4.930906109511852
98_osh,2020-04-15,5,5.013672307133675
98_osh,2020-04-15,10,4.205053880810738
98_osh,2020-04-15,15,3.391308344900608
98_osh,2020-04-15,20,3.2631306052207947
98_osh,2020-04-15,30,3.617633610963821
98_osh,2020-04-15,40,4.462874248623848
98_osh,2020-04-15,50,4.903073228895664
98_osh,2020-04-16,5,4.924314111471176
98_osh,2020-04-16,10,4.228492096066475
98_osh,2020-04-16,15,3.437452331185341
98_osh,2020-04-16,20,3.3275856971740723
98_osh,2020-04-16,30,3.692342922091484
98_osh,2020-04-16,40,4.481185354292393
98_osh,2020-04-16,50,4.864986129105091
98_osh,2020-04-17,5,4.928708776831627
98_osh,2020-04-17,10,4.288552522659302
98_osh,2020-04-17,15,3.521683417260647
98_osh,2020-04-17,20,3.411816783249378
98_osh,2020-04-17,30,3.730430021882057
98_osh,2020-04-17,40,4.444563142955303
98_osh,2020-04-17,50,4.739738166332245
98_osh,2020-04-18,5,5.157963819801807
98_osh,2020-04-18,10,4.348612949252129
98_osh,2020-04-18,15,3.6344798281788826
98_osh,2020-04-18,20,3.519486084580421
98_osh,2020-04-18,30,3.736289575695992
98_osh,2020-04-18,40,4.366191610693932
98_osh,2020-04-18,50,4.555894665420055
98_osh,2020-04-19,5,5.317636661231518
98_osh,2020-04-19,10,4.615955092012882
98_osh,2020-04-19,15,3.863734871149063
98_osh,2020-04-19,20,3.714316248893738
98_osh,2020-04-19,30,3.7714468985795975
98_osh,2020-04-19,40,4.323709845542908
98_osh,2020-04-19,50,4.476790688931942
98_osh,2020-04-20,5,5.229010909795761
98_osh,2020-04-20,10,5.10596027970314
98_osh,2020-04-20,15,4.376445829868317
98_osh,2020-04-20,20,4.173558779060841
98_osh,2020-04-20,30,3.795617558062077
98_osh,2020-04-20,40,4.194067217409611
98_osh,2020-04-20,50,4.403546266257763
98_osh,2020-04-21,5,5.331553101539612
98_osh,2020-04-21,10,5.301522888243198
98_osh,2020-04-21,15,4.950682103633881
98_osh,2020-04-21,20,4.719229727983475
98_osh,2020-04-21,30,3.97286906093359
98_osh,2020-04-21,40,4.109103687107563
98_osh,2020-04-21,50,4.362529389560223
98_osh,2020-04-22,5,5.44141973555088
98_osh,2020-04-22,10,5.429700627923012
98_osh,2020-04-22,15,5.349131762981415
98_osh,2020-04-22,20,5.140385158360004
98_osh,2020-04-22,30,4.185277886688709
98_osh,2020-04-22,40,4.0834681391716
98_osh,2020-04-22,50,4.337626285851002
98_osh,2020-04-23,5,5.550553925335407
98_osh,2020-04-23,10,5.532975263893604
98_osh,2020-04-23,15,5.480239279568195
98_osh,2020-04-23,20,5.257576234638691
98_osh,2020-04-23,30,4.252662755548954
98_osh,2020-04-23,40,4.111301019787788
98_osh,2020-04-23,50,4.367656499147415
98_osh,2020-04-24,5,5.6582232266664505
98_osh,2020-04-24,10,5.582049027085304
98_osh,2020-04-24,15,5.46998506039381
98_osh,2020-04-24,20,5.243659794330597
98_osh,2020-04-24,30,4.281960524618626
98_osh,2020-04-24,40,4.1325419023633
98_osh,2020-04-24,50,4.452620029449463
98_osh,2020-04-25,5,5.757835641503334
98_osh,2020-04-25,10,5.647236563265324
98_osh,2020-04-25,15,5.444349512457848
98_osh,2020-04-25,20,5.219489134848118
98_osh,2020-04-25,30,4.301736518740654
98_osh,2020-04-25,40,4.134006790816784
98_osh,2020-04-25,50,4.604235984385014
98_osh,2020-04-26,5,6.003204457461834
98_osh,2020-04-26,10,5.6933805495500565
98_osh,2020-04-26,15,5.396008193492889
98_osh,2020-04-26,20,5.151371821761131
98_osh,2020-04-26,30,4.255592532455921
98_osh,2020-04-26,40,4.180150777101517
98_osh,2020-04-26,50,4.823236808180809
98_osh,2020-04-27,5,6.227332390844822
98_osh,2020-04-27,10,5.768822304904461
98_osh,2020-04-27,15,5.348399318754673
98_osh,2020-04-27,20,5.070802956819534
98_osh,2020-04-27,30,4.1808832213282585
98_osh,2020-04-27,40,4.268776528537273
98_osh,2020-04-27,50,5.041505187749863
98_osh,2020-04-28,5,6.356242574751377
98_osh,2020-04-28,10,5.872096940875053
98_osh,2020-04-28,15,5.292001113295555
98_osh,2020-04-28,20,4.988036759197712
98_osh,2020-04-28,30,4.112765908241272
98_osh,2020-04-28,40,4.361064501106739
98_osh,2020-04-28,50,5.193121142685413
98_osh,2020-04-29,5,6.448530547320843
98_osh,2020-04-29,10,5.986358240246773
98_osh,2020-04-29,15,5.231940686702728
98_osh,2020-04-29,20,4.904538117349148
98_osh,2020-04-29,30,4.062227256596088
98_osh,2020-04-29,40,4.445295587182045
98_osh,2020-04-29,50,5.270760230720043
98_osh,2020-04-30,5,6.564989179372788
98_osh,2020-04-30,10,6.043488889932632
98_osh,2020-04-30,15,5.20410780608654
98_osh,2020-04-30,20,4.863521240651608
98_osh,2020-04-30,30,4.038789041340351
98_osh,2020-04-30,40,4.51268045604229
98_osh,2020-04-30,50,5.302987776696682
98_osh,2020-05-01,5,6.748100236058235
98_osh,2020-05-01,10,6.10794398188591
98_osh,2020-05-01,15,5.2121646925807
98_osh,2020-05-01,20,4.857661686837673
98_osh,2020-05-01,30,4.027802377939224
98_osh,2020-05-01,40,4.581530213356018
98_osh,2020-05-01,50,5.3432722091674805
98_osh,2020-05-02,5,7.005188159644604
98_osh,2020-05-02,10,6.212683506309986
98_osh,2020-05-02,15,5.218024246394634
98_osh,2020-05-02,20,4.837153248488903
98_osh,2020-05-02,30,4.021210379898548
98_osh,2020-05-02,40,4.667958632111549
98_osh,2020-05-02,50,5.405529968440533
98_osh,2020-05-03,5,7.2615436390042305
98_osh,2020-05-03,10,6.300576813519001
98_osh,2020-05-03,15,5.204840250313282
98_osh,2020-05-03,20,4.7968688160181046
98_osh,2020-05-03,30,4.026337489485741
98_osh,2020-05-03,40,4.752189718186855
98_osh,2020-05-03,50,5.461195729672909
98_osh,2020-05-04,5,7.498855568468571
98_osh,2020-05-04,10,6.340128801763058
98_osh,2020-05-04,15,5.158696264028549
98_osh,2020-05-04,20,4.730948835611343
98_osh,2020-05-04,30,4.045381039381027
98_osh,2020-05-04,40,4.846675023436546
98_osh,2020-05-04,50,5.526383265852928
98_osh,2020-05-05,5,7.865810126066208
98_osh,2020-05-05,10,6.444135881960392
98_osh,2020-05-05,15,5.074465177953243
98_osh,2020-05-05,20,4.632068865001202
98_osh,2020-05-05,30,4.098117023706436
98_osh,2020-05-05,40,4.9792474284768105
98_osh,2020-05-05,50,5.622333459556103
98_osh,2020-05-06,5,8.070162065327168
98_osh,2020-05-06,10,6.573778510093689
98_osh,2020-05-06,15,5.121341608464718
98_osh,2020-05-06,20,4.665761299431324
98_osh,2020-05-06,30,4.130344569683075
98_osh,2020-05-06,40,5.0246589705348015
98_osh,2020-05-06,50,5.656025893986225
98_osh,2020-05-07,5,8.269386895000935
98_osh,2020-05-07,10,6.711478024721146
98_osh,2020-05-07,15,5.157963819801807
98_osh,2020-05-07,20,4.695791512727737
98_osh,2020-05-07,30,4.222632542252541
98_osh,2020-05-07,40,5.118411831557751
98_osh,2020-05-07,50,5.712424099445343
98_osh,2020-05-08,5,8.555040143430233
98_osh,2020-05-08,10,6.882869973778725
98_osh,2020-05-08,15,5.204840250313282
98_osh,2020-05-08,20,4.725089281797409
98_osh,2020-05-08,30,4.341288506984711
98_osh,2020-05-08,40,5.207770027220249
98_osh,2020-05-08,50,5.754173420369625
98_osh,2020-05-09,5,8.661977000534534
98_osh,2020-05-09,10,7.013977490365505
98_osh,2020-05-09,15,5.27369000762701
98_osh,2020-05-09,20,4.782219931483269
98_osh,2020-05-09,30,4.430646702647209
98_osh,2020-05-09,40,5.2487869039177895
98_osh,2020-05-09,50,5.765160083770752
98_osh,2020-05-10,5,8.749137863516808
98_osh,2020-05-10,10,7.074037916958332
98_osh,2020-05-10,15,5.381359308958054
98_osh,2020-05-10,20,4.895748786628246
98_osh,2020-05-10,30,4.489242240786552
98_osh,2020-05-10,40,5.264168232679367
98_osh,2020-05-10,50,5.765892527997494
98_osh,2020-05-11,5,8.784295186400414
98_osh,2020-05-11,10,7.109195239841938
98_osh,2020-05-11,15,5.396008193492889
98_osh,2020-05-11,20,4.9440901055932045
98_osh,2020-05-11,30,4.570543549954891
98_osh,2020-05-11,40,5.319101549685001
98_osh,2020-05-11,50,5.79299296438694
98_osh,2020-05-12,5,8.897824041545391
98_osh,2020-05-12,10,7.266670748591423
98_osh,2020-05-12,15,5.5498214811086655
98_osh,2020-05-12,20,5.103030502796173
98_osh,2020-05-12,30,4.632801309227943
98_osh,2020-05-12,40,5.3256935477256775
98_osh,2020-05-12,50,5.792260520160198
98_osh,2020-05-13,5,9.080202654004095
98_osh,2020-05-13,10,7.35529650002718
98_osh,2020-05-13,15,5.640644565224648
98_osh,2020-05-13,20,5.214362025260925
98_osh,2020-05-13,30,4.709707953035832
98_osh,2020-05-13,40,5.384289085865021
98_osh,2020-05-13,50,5.836939617991448
98_osh,2020-05-14,5,9.1065706461668
98_osh,2020-05-14,10,7.380932047963142
98_osh,2020-05-14,15,5.66628011316061
98_osh,2020-05-14,20,5.263435788452625
98_osh,2020-05-14,30,4.790276817977428
98_osh,2020-05-14,40,5.46559039503336
98_osh,2020-05-14,50,5.8999298214912415
98_osh,2020-05-15,5,9.211310170590878
98_osh,2020-05-15,10,7.440992474555969
98_osh,2020-05-15,15,5.783471189439297
98_osh,2020-05-15,20,5.388683751225472
98_osh,2020-05-15,30,4.851802133023739
98_osh,2020-05-15,40,5.516129046678543
98_osh,2020-05-15,50,5.946806252002716
98_osh,2020-05-16,5,9.47425764799118
98_osh,2020-05-16,10,7.665120407938957
98_osh,2020-05-16,15,5.969512023031712
98_osh,2020-05-16,20,5.572527252137661
98_osh,2020-05-16,30,4.886959455907345
98_osh,2020-05-16,40,5.5285805985331535
98_osh,2020-05-16,50,5.9731742441654205
98_osh,2020-05-17,5,9.520401634275911
98_osh,2020-05-17,10,7.742759495973587
98_osh,2020-05-17,15,6.0222480073571205
98_osh,2020-05-17,20,5.645039230585098
98_osh,2020-05-17,30,4.941160328686237
98_osh,2020-05-17,40,5.598162800073624
98_osh,2020-05-17,50,6.03030489385128
98_osh,2020-05-18,5,9.595110945403576
98_osh,2020-05-18,10,7.759605713188648
98_osh,2020-05-18,15,6.093295097351074
98_osh,2020-05-18,20,5.725608095526695
98_osh,2020-05-18,30,4.994628757238388
98_osh,2020-05-18,40,5.642109453678131
98_osh,2020-05-18,50,6.060335107147694
98_osh,2020-05-19,5,9.5482345148921
98_osh,2020-05-19,10,8.615833014249802
98_osh,2020-05-19,15,6.4038514494895935
98_osh,2020-05-19,20,5.995147570967674
98_osh,2020-05-19,30,5.051026962697506
98_osh,2020-05-19,40,5.58424635976553
98_osh,2020-05-19,50,6.016388453543186
98_osh,2020-05-20,5,9.146122634410858
98_osh,2020-05-20,10,9.149784855544569
98_osh,2020-05-20,15,6.945860177278519
98_osh,2020-05-20,20,6.364299461245537
98_osh,2020-05-20,30,5.136722937226296
98_osh,2020-05-20,40,5.500015273690224
98_osh,2020-05-20,50,5.941679142415524
98_osh,2020-05-21,5,9.127079084515572
98_osh,2020-05-21,10,9.10583820194006
98_osh,2020-05-21,15,7.634357750415802
98_osh,2020-05-21,20,6.798638887703419
98_osh,2020-05-21,30,5.265633121132851
98_osh,2020-05-21,40,5.48609883338213
98_osh,2020-05-21,50,5.927030257880688
98_osh,2020-05-22,5,9.026001781225204
98_osh,2020-05-22,10,9.026001781225204
98_osh,2020-05-22,15,8.243751347064972
98_osh,2020-05-22,20,7.341380059719086
98_osh,2020-05-22,30,5.41651663184166
98_osh,2020-05-22,40,5.49855038523674
98_osh,2020-05-22,50,5.951200917363167
98_osh,2020-05-23,5,9.064088881015778
98_osh,2020-05-23,10,9.058961771428583
98_osh,2020-05-23,15,8.557237476110458
98_osh,2020-05-23,20,7.718588836491108
98_osh,2020-05-23,30,5.543229483067989
98_osh,2020-05-23,40,5.521988600492477
98_osh,2020-05-23,50,5.959990248084068
98_osh,2020-05-24,5,9.1959288418293
98_osh,2020-05-24,10,9.176885291934012
98_osh,2020-05-24,15,8.719840094447136
98_osh,2020-05-24,20,7.9793389812111855
98_osh,2020-05-24,30,5.656758338212967
98_osh,2020-05-24,40,5.545426815748215
98_osh,2020-05-24,50,5.9453413635492325
98_osh,2020-05-25,5,9.569475397467611
98_osh,2020-05-25,10,9.2940763682127
98_osh,2020-05-25,15,8.777703188359737
98_osh,2020-05-25,20,8.09140294790268
98_osh,2020-05-25,30,5.730002760887146
98_osh,2020-05-25,40,5.591570802032948
98_osh,2020-05-25,50,5.949003584682941
98_osh,2020-05-26,5,9.746726900339128
98_osh,2020-05-26,10,9.41273233294487
98_osh,2020-05-26,15,8.804803624749184
98_osh,2020-05-26,20,8.130222491919994
98_osh,2020-05-26,30,5.789330743253231
98_osh,2020-05-26,40,5.653096117079258
98_osh,2020-05-26,50,5.985625796020031
98_osh,2020-05-27,5,9.798730440437794
98_osh,2020-05-27,10,9.436902992427347
98_osh,2020-05-27,15,8.760856971144676
98_osh,2020-05-27,20,8.086275838315487
98_osh,2020-05-27,30,5.800317406654358
98_osh,2020-05-27,40,5.732932537794113
98_osh,2020-05-27,50,6.076448880136013
98_osh,2020-05-28,5,10.007477045059204
98_osh,2020-05-28,10,9.434705659747124
98_osh,2020-05-28,15,8.65172278136015
98_osh,2020-05-28,20,7.924405664205551
98_osh,2020-05-28,30,5.765160083770752
98_osh,2020-05-28,40,5.823023177683353
98_osh,2020-05-28,50,6.196569733321667
98_osh,2020-05-29,5,10.24332408607006
98_osh,2020-05-29,10,9.432508327066898
98_osh,2020-05-29,15,8.526474818587303
98_osh,2020-05-29,20,7.746421717107296
98_osh,2020-05-29,30,5.76442763954401
98_osh,2020-05-29,40,5.912381373345852
98_osh,2020-05-29,50,6.3057039231061935
98_osh,2020-05-30,5,10.476973794400692
98_osh,2020-05-30,10,9.438367880880833
98_osh,2020-05-30,15,8.41441085189581
98_osh,2020-05-30,20,7.606524869799614
98_osh,2020-05-30,30,5.798852518200874
98_osh,2020-05-30,40,5.995880015194416
98_osh,2020-05-30,50,6.384807899594307
98_osh,2020-05-31,5,10.606616422533987
98_osh,2020-05-31,10,9.45741143077612
98_osh,2020-05-31,15,8.355815313756466
98_osh,2020-05-31,20,7.569170214235783
98_osh,2020-05-31,30,5.853785835206509
98_osh,2020-05-31,40,6.061067551374435
98_osh,2020-05-31,50,6.4316843301057816
98_osh,2020-06-01,5,10.70989105850458
98_osh,2020-06-01,10,9.505752749741076
98_osh,2020-06-01,15,8.352885536849499
98_osh,2020-06-01,20,7.607257314026356
98_osh,2020-06-01,30,5.91164892911911
98_osh,2020-06-01,40,6.112338647246361
98_osh,2020-06-01,50,6.460982099175453
98_osh,2020-06-02,5,10.886410117149351
98_osh,2020-06-02,10,9.55995362251997
98_osh,2020-06-02,15,8.327249988913536
98_osh,2020-06-02,20,7.608722202479839
98_osh,2020-06-02,30,5.968047134578228
98_osh,2020-06-02,40,6.162877298891544
98_osh,2020-06-02,50,6.485152758657932
98_osh,2020-06-03,5,10.988952308893204
98_osh,2020-06-03,10,9.632465600967407
98_osh,2020-06-03,15,8.346293538808823
98_osh,2020-06-03,20,7.654866188764572
98_osh,2020-06-03,30,6.034699559211731
98_osh,2020-06-03,40,6.187780402600765
98_osh,2020-06-03,50,6.484420314431191
98_osh,2020-06-04,5,11.210150465369225
98_osh,2020-06-04,10,9.875637084245682
98_osh,2020-06-04,15,8.65172278136015
98_osh,2020-06-04,20,8.003509640693665
98_osh,2020-06-04,30,6.140903972089291
98_osh,2020-06-04,40,6.153355523943901
98_osh,2020-06-04,50,6.419965222477913
98_osh,2020-06-05,5,11.58076724410057
98_osh,2020-06-05,10,10.1371196731925
98_osh,2020-06-05,15,8.908078260719776
98_osh,2020-06-05,20,8.264259785413742
98_osh,2020-06-05,30,6.216345727443695
98_osh,2020-06-05,40,6.1306497529149055
98_osh,2020-06-05,50,6.364299461245537
98_osh,2020-06-06,5,11.829065836966038
98_osh,2020-06-06,10,10.344401389360428
98_osh,2020-06-06,15,9.117557309567928
98_osh,2020-06-06,20,8.451033063232899
98_osh,2020-06-06,30,6.271279044449329
98_osh,2020-06-06,40,6.116733312606812
98_osh,2020-06-06,50,6.319620363414288
98_osh,2020-06-07,5,12.092745758593082
98_osh,2020-06-07,10,10.579515986144544
98_osh,2020-06-07,15,9.357066571712494
98_osh,2020-06-07,20,8.642933450639248
98_osh,2020-06-07,30,6.318887919187546
98_osh,2020-06-07,40,6.105014204978943
98_osh,2020-06-07,50,6.28373059630394
98_osh,2020-06-08,5,12.366679899394512
98_osh,2020-06-08,10,10.877620786428452
98_osh,2020-06-08,15,9.62953582406044
98_osh,2020-06-08,20,8.834833838045597
98_osh,2020-06-08,30,6.366496793925762
98_osh,2020-06-08,40,6.082308433949947
98_osh,2020-06-08,50,6.239051498472691
98_osh,2020-06-09,5,12.727774903178217
98_osh,2020-06-09,10,11.27314066886902
98_osh,2020-06-09,15,9.97744683176279
98_osh,2020-06-09,20,9.094119094312193
98_osh,2020-06-09,30,6.4492629915475845
98_osh,2020-06-09,40,6.047883555293083
98_osh,2020-06-09,50,6.1797235161066055
98_osh,2020-06-10,5,12.948973059654236
98_osh,2020-06-10,10,11.618121899664402
98_osh,2020-06-10,15,10.28800318390131
98_osh,2020-06-10,20,9.342417687177658
98_osh,2020-06-10,30,6.538621187210083
98_osh,2020-06-10,40,6.014191120862961
98_osh,2020-06-10,50,6.122592866420746
98_osh,2020-06-11,5,13.072756133973598
98_osh,2020-06-11,10,11.784386739134789
98_osh,2020-06-11,15,10.449140913784504
98_osh,2020-06-11,20,9.512344747781754
98_osh,2020-06-11,30,6.611865609884262
98_osh,2020-06-11,40,6.00173956900835
98_osh,2020-06-11,50,6.096224874258041
98_osh,2020-06-12,5,13.28589740395546
98_osh,2020-06-12,10,11.946989357471466
98_osh,2020-06-12,15,10.5297097787261
98_osh,2020-06-12,20,9.595110945403576
98_osh,2020-06-12,30,6.668996259570122
98_osh,2020-06-12,40,6.006134234368801
98_osh,2020-06-12,50,6.0954924300313
98_osh,2020-06-13,5,13.504898227751257
98_osh,2020-06-13,10,12.1000702008605
98_osh,2020-06-13,15,10.657155074179173
98_osh,2020-06-13,20,9.75624867528677
98_osh,2020-06-13,30,6.761284232139587
98_osh,2020-06-13,40,6.017120897769928
98_osh,2020-06-13,50,6.0991546511650085
98_osh,2020-06-14,5,13.671895511448383
98_osh,2020-06-14,10,12.17770928889513
98_osh,2020-06-14,15,10.794122144579887
98_osh,2020-06-14,20,9.984771274030209
98_osh,2020-06-14,30,6.8799401968717575
98_osh,2020-06-14,40,6.033967114984989
98_osh,2020-06-14,50,6.104281760752201
98_osh,2020-06-15,5,13.806665249168873
98_osh,2020-06-15,10,12.220923498272896
98_osh,2020-06-15,15,10.901059001684189
98_osh,2020-06-15,20,10.20596943050623
98_osh,2020-06-15,30,7.005188159644604
98_osh,2020-06-15,40,6.053010664880276
98_osh,2020-06-15,50,6.113071091473103
98_osh,2020-06-16,5,13.85866878926754
98_osh,2020-06-16,10,12.184301286935806
98_osh,2020-06-16,15,10.915707886219025
98_osh,2020-06-16,20,10.298989847302437
98_osh,2020-06-16,30,7.10992768406868
98_osh,2020-06-16,40,6.070589326322079
98_osh,2020-06-16,50,6.116733312606812
98_osh,2020-06-17,5,13.865260787308216
98_osh,2020-06-17,10,12.060518212616444
98_osh,2020-06-17,15,10.844660796225073
98_osh,2020-06-17,20,10.241126753389835
98_osh,2020-06-17,30,7.151677004992962
98_osh,2020-06-17,40,6.077181324362755
98_osh,2020-06-17,50,6.11600086838007
98_osh,2020-06-18,5,13.926053658127785
98_osh,2020-06-18,10,12.0509964376688
98_osh,2020-06-18,15,10.869563899934292
98_osh,2020-06-18,20,10.31290628761053
98_osh,2020-06-18,30,7.271797858178616
98_osh,2020-06-18,40,6.074251547455788
98_osh,2020-06-18,50,6.080111101269722
98_osh,2020-06-19,5,13.909207440912724
98_osh,2020-06-19,10,12.015839114785194
98_osh,2020-06-19,15,10.877620786428452
98_osh,2020-06-19,20,10.359050273895264
98_osh,2020-06-19,30,7.342844948172569
98_osh,2020-06-19,40,6.06692710518837
98_osh,2020-06-19,50,6.048615999519825
98_osh,2020-06-20,5,13.951689206063747
98_osh,2020-06-20,10,11.930143140256405
98_osh,2020-06-20,15,10.806573696434498
98_osh,2020-06-20,20,10.263100080192087
98_osh,2020-06-20,30,7.286446742713451
98_osh,2020-06-20,40,6.039826668798924
98_osh,2020-06-20,50,6.028840005397797
98_osh,2020-06-21,5,14.27616199851036
98_osh,2020-06-21,10,12.00119023025036
98_osh,2020-06-21,15,10.783867925405502
98_osh,2020-06-21,20,10.212561428546906
98_osh,2020-06-21,30,7.301828071475029
98_osh,2020-06-21,40,6.012726232409477
98_osh,2020-06-21,50,5.9768364652991295
98_osh,2020-06-22,5,14.81524094939232
98_osh,2020-06-22,10,12.253151044249536
98_osh,2020-06-22,15,10.878353230655192
98_osh,2020-06-22,20,10.327555172145368
98_osh,2020-06-22,30,7.468092910945415
98_osh,2020-06-22,40,6.011261343955994
98_osh,2020-06-22,50,5.871364496648312
98_osh,2020-06-23,5,15.10968352854252
98_osh,2020-06-23,10,12.560045175254343
98_osh,2020-06-23,15,11.005798526108263
98_osh,2020-06-23,20,10.482100903987885
98_osh,2020-06-23,30,7.643879525363445
98_osh,2020-06-23,40,6.043488889932632
98_osh,2020-06-23,50,5.773216970264912
98_osh,2020-06-24,5,15.40046388655901
98_osh,2020-06-24,10,13.020752593874931
98_osh,2020-06-24,15,11.189642027020454
98_osh,2020-06-24,20,10.68425551056862
98_osh,2020-06-24,30,7.844569243490696
98_osh,2020-06-24,40,6.117465756833553
98_osh,2020-06-24,50,5.743186756968498
98_osh,2020-06-25,5,15.639973148703575
98_osh,2020-06-25,10,14.004425190389156
98_osh,2020-06-25,15,11.654744111001492
98_osh,2020-06-25,20,11.109073162078856
98_osh,2020-06-25,30,8.277443781495094
98_osh,2020-06-25,40,6.321817696094513
98_osh,2020-06-25,50,5.799584962427616
98_osh,2020-06-26,5,15.238593712449074
98_osh,2020-06-26,10,15.027649775147438
98_osh,2020-06-26,15,12.503646969795229
98_osh,2020-06-26,20,11.725058756768703
98_osh,2020-06-26,30,8.91760003566742
98_osh,2020-06-26,40,6.6558122634887695
98_osh,2020-06-26,50,5.926297813653946
98_osh,2020-06-27,5,15.049623101949692
98_osh,2020-06-27,10,15.022522665560246
98_osh,2020-06-27,15,13.16724143922329
98_osh,2020-06-27,20,12.205542169511318
98_osh,2020-06-27,30,9.354136794805529
98_osh,2020-06-27,40,6.868953533470631
98_osh,2020-06-27,50,6.039094224572182
98_osh,2020-06-28,5,14.90533158928156
98_osh,2020-06-28,10,14.873836487531662
98_osh,2020-06-28,15,13.50709556043148
98_osh,2020-06-28,20,12.52928251773119
98_osh,2020-06-28,30,9.687398917973042
98_osh,2020-06-28,40,7.0513321459293365
98_osh,2020-06-28,50,6.142368860542774
98_osh,2020-06-29,5,14.846003606915474
98_osh,2020-06-29,10,14.781548514962196
98_osh,2020-06-29,15,13.710715055465698
98_osh,2020-06-29,20,12.801751770079136
98_osh,2020-06-29,30,9.95693839341402
98_osh,2020-06-29,40,7.213202320039272
98_osh,2020-06-29,50,6.237586610019207
98_osh,2020-06-30,5,14.919980473816397
98_osh,2020-06-30,10,14.786675624549389
98_osh,2020-06-30,15,13.902615442872047
98_osh,2020-06-30,20,13.077883243560793
98_osh,2020-06-30,30,10.165684998035433
98_osh,2020-06-30,40,7.316476956009865
98_osh,2020-06-30,50,6.307168811559677
98_osh,2020-07-01,5,15.08624531328678
98_osh,2020-07-01,10,14.867244489490986
98_osh,2020-07-01,15,14.017609186470509
98_osh,2020-07-01,20,13.215582758188248
98_osh,2020-07-01,30,10.182531215250492
98_osh,2020-07-01,40,7.284249410033226
98_osh,2020-07-01,50,6.318155474960804
98_osh,2020-07-02,5,15.179265730082989
98_osh,2020-07-02,10,14.9060640335083
98_osh,2020-07-02,15,14.01467940956354
98_osh,2020-07-02,20,13.20386365056038
98_osh,2020-07-02,30,10.070467248558998
98_osh,2020-07-02,40,7.181707218289375
98_osh,2020-07-02,50,6.289590150117874
98_osh,2020-07-03,5,15.361644342541696
98_osh,2020-07-03,10,14.978576011955738
98_osh,2020-07-03,15,13.953886538743973
98_osh,2020-07-03,20,13.096194349229336
98_osh,2020-07-03,30,9.849269092082976
98_osh,2020-07-03,40,7.022766821086407
98_osh,2020-07-03,50,6.247840829193592
98_osh,2020-07-04,5,15.598223827779291
98_osh,2020-07-04,10,15.00347911566496
98_osh,2020-07-04,15,13.927518546581268
98_osh,2020-07-04,20,13.063966803252695
98_osh,2020-07-04,30,9.771630004048347
98_osh,2020-07-04,40,6.965636171400547
98_osh,2020-07-04,50,6.250038161873817
98_osh,2020-07-05,5,15.86703085899353
98_osh,2020-07-05,10,15.048158213496208
98_osh,2020-07-05,15,13.872585229575634
98_osh,2020-07-05,20,12.976805940270424
98_osh,2020-07-05,30,9.63393048942089
98_osh,2020-07-05,40,6.904110856354237
98_osh,2020-07-05,50,6.2602923810482025
98_osh,2020-07-06,5,16.028168588876724
98_osh,2020-07-06,10,15.100894197821615
98_osh,2020-07-06,15,13.85061190277338
98_osh,2020-07-06,20,12.922605067491531
98_osh,2020-07-06,30,9.537247851490974
98_osh,2020-07-06,40,6.858699314296246
98_osh,2020-07-06,50,6.285927928984165
98_osh,2020-07-07,5,16.113132119178772
98_osh,2020-07-07,10,15.103823974728584
98_osh,2020-07-07,15,13.824976354837418
98_osh,2020-07-07,20,12.858882419764996
98_osh,2020-07-07,30,9.390759006142616
98_osh,2020-07-07,40,6.788384668529034
98_osh,2020-07-07,50,6.302041701972485
98_osh,2020-07-08,5,16.171727657318115
98_osh,2020-07-08,10,15.103823974728584
98_osh,2020-07-08,15,13.778099924325945
98_osh,2020-07-08,20,12.765862002968788
98_osh,2020-07-08,30,9.26917326450348
98_osh,2020-07-08,40,6.742973126471043
98_osh,2020-07-08,50,6.324015028774738
98_osh,2020-07-09,5,16.275002293288708
98_osh,2020-07-09,10,15.185857728123665
98_osh,2020-07-09,15,13.74440748989582
98_osh,2020-07-09,20,12.66844692081213
98_osh,2020-07-09,30,9.141727969050407
98_osh,2020-07-09,40,6.712942913174629
98_osh,2020-07-09,50,6.373088791966438
98_osh,2020-07-10,5,16.40610980987549
98_osh,2020-07-10,10,15.289864808321
98_osh,2020-07-10,15,13.74806971102953
98_osh,2020-07-10,20,12.625965155661106
98_osh,2020-07-10,30,9.041383109986782
98_osh,2020-07-10,40,6.702688694000244
98_osh,2020-07-10,50,6.4353465512394905
98_osh,2020-07-11,5,16.444929353892803
98_osh,2020-07-11,10,15.300119027495384
98_osh,2020-07-11,15,13.677755065262318
98_osh,2020-07-11,20,12.538071848452091
98_osh,2020-07-11,30,8.904416039586067
98_osh,2020-07-11,40,6.689504697918892
98_osh,2020-07-11,50,6.493209645152092
98_osh,2020-07-12,5,16.535019993782043
98_osh,2020-07-12,10,15.28620258718729
98_osh,2020-07-12,15,13.542985327541828
98_osh,2020-07-12,20,12.389385670423508
98_osh,2020-07-12,30,8.791619628667831
98_osh,2020-07-12,40,6.698294028639793
98_osh,2020-07-12,50,6.545945629477501
98_osh,2020-07-13,5,16.624378189444542
98_osh,2020-07-13,10,15.278878144919872
98_osh,2020-07-13,15,13.471205793321133
98_osh,2020-07-13,20,12.322000801563265
98_osh,2020-07-13,30,8.772576078772545
98_osh,2020-07-13,40,6.740043349564076
98_osh,2020-07-13,50,6.595751836895943
98_osh,2020-07-14,5,17.088015384972095
98_osh,2020-07-14,10,15.432691432535648
98_osh,2020-07-14,15,13.688009284436705
98_osh,2020-07-14,20,12.62303537875414
98_osh,2020-07-14,30,8.935911141335964
98_osh,2020-07-14,40,6.83599354326725
98_osh,2020-07-14,50,6.648487821221352
98_osh,2020-07-15,5,17.75307474285364
98_osh,2020-07-15,10,15.639973148703575
98_osh,2020-07-15,15,13.885036781430244
98_osh,2020-07-15,20,12.923337511718271
98_osh,2020-07-15,30,9.055299550294876
98_osh,2020-07-15,40,6.920957073569298
98_osh,2020-07-15,50,6.706350915133953
98_osh,2020-07-16,5,17.769920960068703
98_osh,2020-07-16,10,15.783532217144966
98_osh,2020-07-16,15,14.000030525028706
98_osh,2020-07-16,20,13.099856570363045
98_osh,2020-07-16,30,9.16370129585266
98_osh,2020-07-16,40,6.998596161603928
98_osh,2020-07-16,50,6.769341118633747
98_osh,2020-07-17,5,17.79775384068489
98_osh,2020-07-17,10,16.003997929394245
98_osh,2020-07-17,15,14.191198468208311
98_osh,2020-07-17,20,13.324716947972776
98_osh,2020-07-17,30,9.26551104336977
98_osh,2020-07-17,40,7.063783697783947
98_osh,2020-07-17,50,6.82793665677309
98_osh,2020-07-18,5,17.89590136706829
98_osh,2020-07-18,10,16.266945406794548
98_osh,2020-07-18,15,14.478316605091097
98_osh,2020-07-18,20,13.685079507529736
98_osh,2020-07-18,30,9.540910072624683
98_osh,2020-07-18,40,7.189764104783535
98_osh,2020-07-18,50,6.871150866150856
98_osh,2020-07-19,5,18.12515641003847
98_osh,2020-07-19,10,16.685903504490852
98_osh,2020-07-19,15,14.82769250124693
98_osh,2020-07-19,20,14.113559380173683
98_osh,2020-07-19,30,9.89101841300726
98_osh,2020-07-19,40,7.361156053841114
98_osh,2020-07-19,50,6.923154406249523
98_osh,2020-07-20,5,18.28409680724144
98_osh,2020-07-20,10,16.989135414361954
98_osh,2020-07-20,15,15.043763548135756
98_osh,2020-07-20,20,14.303994879126549
98_osh,2020-07-20,30,9.973784610629082
98_osh,2020-07-20,40,7.411694705486298
98_osh,2020-07-20,50,6.964171282947064
98_osh,2020-07-21,5,18.429120764136314
98_osh,2020-07-21,10,17.120975375175476
98_osh,2020-07-21,15,15.164616845548151
98_osh,2020-07-21,20,14.39848018437624
98_osh,2020-07-21,30,9.962065503001211
98_osh,2020-07-21,40,7.406567595899105
98_osh,2020-07-21,50,6.993469052016735
98_osh,2020-07-22,5,18.50090029835701
98_osh,2020-07-22,10,17.083620719611645
98_osh,2020-07-22,15,15.136783964931965
98_osh,2020-07-22,20,14.342081978917122
98_osh,2020-07-22,30,9.844874426722528
98_osh,2020-07-22,40,7.392651155591011
98_osh,2020-07-22,50,7.035218372941017
98_osh,2020-07-23,5,18.38663899898529
98_osh,2020-07-23,10,16.903439439833164
98_osh,2020-07-23,15,14.945616021752356
98_osh,2020-07-23,20,14.080599389970304
98_osh,2020-07-23,30,9.633198045194147
98_osh,2020-07-23,40,7.372875161468983
98_osh,2020-07-23,50,7.095278799533844
98_osh,2020-07-24,5,18.336100347340107
98_osh,2020-07-24,10,16.76647236943245
98_osh,2020-07-24,15,14.744193859398363
98_osh,2020-07-24,20,13.74806971102953
98_osh,2020-07-24,30,9.452284321188928
98_osh,2020-07-24,40,7.372142717242241
98_osh,2020-07-24,50,7.161931224167347
98_osh,2020-07-25,5,18.49284341186285
98_osh,2020-07-25,10,16.784051030874252
98_osh,2020-07-25,15,14.755180522799492
98_osh,2020-07-25,20,13.69533372670412
98_osh,2020-07-25,30,9.527726076543331
98_osh,2020-07-25,40,7.433668032288551
98_osh,2020-07-25,50,7.22858364880085
98_osh,2020-07-26,5,18.92571794986725
98_osh,2020-07-26,10,16.940794095396996
98_osh,2020-07-26,15,14.960264906287192
98_osh,2020-07-26,20,13.959013648331164
98_osh,2020-07-26,30,9.778954446315764
98_osh,2020-07-26,40,7.552323997020721
98_osh,2020-07-26,50,7.301095627248287
98_osh,2020-07-27,5,18.978453934192657
98_osh,2020-07-27,10,17.28211310505867
98_osh,2020-07-27,15,15.22467727214098
98_osh,2020-07-27,20,14.358928196132185
98_osh,2020-07-27,30,10.093905463814735
98_osh,2020-07-27,40,7.713461726903915
98_osh,2020-07-27,50,7.383129380643368
98_osh,2020-07-28,5,18.95135349780321
98_osh,2020-07-28,10,17.541398361325264
98_osh,2020-07-28,15,15.336008794605732
98_osh,2020-07-28,20,14.499557487666609
98_osh,2020-07-28,30,10.19425032287836
98_osh,2020-07-28,40,7.805749699473381
98_osh,2020-07-28,50,7.458571135997772
98_osh,2020-07-29,5,18.948423720896244
98_osh,2020-07-29,10,17.574358351528645
98_osh,2020-07-29,15,15.264961704611778
98_osh,2020-07-29,20,14.383831299841404
98_osh,2020-07-29,30,10.112949013710022
98_osh,2020-07-29,40,7.816736362874508
98_osh,2020-07-29,50,7.507644899189472
98_osh,2020-07-30,5,18.95135349780321
98_osh,2020-07-30,10,17.533341474831104
98_osh,2020-07-30,15,15.120670191943644
98_osh,2020-07-30,20,14.153843812644482
98_osh,2020-07-30,30,9.943754397332668
98_osh,2020-07-30,40,7.7654652670025826
98_osh,2020-07-30,50,7.50251778960228
98_osh,2020-07-31,5,18.875911742448807
98_osh,2020-07-31,10,17.460097052156925
98_osh,2020-07-31,15,14.977843567728996
98_osh,2020-07-31,20,13.906277664005756
98_osh,2020-07-31,30,9.780419334769247
98_osh,2020-07-31,40,7.704672396183014
98_osh,2020-07-31,50,7.481276907026768
98_osh,2020-08-01,5,18.80779442936182
98_osh,2020-08-01,10,17.390514850616455
98_osh,2020-08-01,15,14.834284499287604
98_osh,2020-08-01,20,13.659443959593771
98_osh,2020-08-01,30,9.59291361272335
98_osh,2020-08-01,40,7.635822638869286
98_osh,2020-08-01,50,7.4541764706373215
98_osh,2020-08-02,5,18.81658376008272
98_osh,2020-08-02,10,17.37220374494791
98_osh,2020-08-02,15,14.769829407334328
98_osh,2020-08-02,20,13.534195996820928
98_osh,2020-08-02,30,9.468398094177246
98_osh,2020-08-02,40,7.586016431450844
98_osh,2020-08-02,50,7.427076034247875
98_osh,2020-08-03,5,19.104434341192245
98_osh,2020-08-03,10,17.43812372535467
98_osh,2020-08-03,15,14.854792937636375
98_osh,2020-08-03,20,13.624286636710169
98_osh,2020-08-03,30,9.439832769334316
98_osh,2020-08-03,40,7.569902658462524
98_osh,2020-08-03,50,7.40876492857933
98_osh,2020-08-04,5,19.27875606715679
98_osh,2020-08-04,10,17.386852629482746
98_osh,2020-08-04,15,14.747123636305332
98_osh,2020-08-04,20,13.524674221873283
98_osh,2020-08-04,30,9.333628356456757
98_osh,2020-08-04,40,7.550859108567238
98_osh,2020-08-04,50,7.407300040125847
98_osh,2020-08-05,5,19.2736289575696
98_osh,2020-08-05,10,17.279183328151703
98_osh,2020-08-05,15,14.547898806631563
98_osh,2020-08-05,20,13.318124949932098
98_osh,2020-08-05,30,9.205450616776943
98_osh,2020-08-05,40,7.536942668259144
98_osh,2020-08-05,50,7.4365978091955185
98_osh,2020-08-06,5,19.262642294168472
98_osh,2020-08-06,10,17.125370040535927
98_osh,2020-08-06,15,14.351603753864763
98_osh,2020-08-06,20,13.12622456252575
98_osh,2020-08-06,30,9.132206194102764
98_osh,2020-08-06,40,7.549394220113754
98_osh,2020-08-06,50,7.482741795480251
98_osh,2020-08-07,5,19.130069889128208
98_osh,2020-08-07,10,17.17590869218111
98_osh,2020-08-07,15,13.824976354837418
98_osh,2020-08-07,20,12.624500267207624
98_osh,2020-08-07,30,9.027466669678688
98_osh,2020-08-07,40,7.553788885474205
98_osh,2020-08-07,50,7.512039564549923
98_osh,2020-08-08,5,18.80706198513508
98_osh,2020-08-08,10,17.107791379094124
98_osh,2020-08-08,15,13.745872378349304
98_osh,2020-08-08,20,12.647206038236618
98_osh,2020-08-08,30,9.124881751835346
98_osh,2020-08-08,40,7.602130204439163
98_osh,2020-08-08,50,7.534012891352177
98_osh,2020-08-09,5,18.89349040389061
98_osh,2020-08-09,10,17.431531727313995
98_osh,2020-08-09,15,14.082796722650528
98_osh,2020-08-09,20,13.083742797374724
98_osh,2020-08-09,30,9.280159927904606
98_osh,2020-08-09,40,7.657063521444797
98_osh,2020-08-09,50,7.568437770009041
98_osh,2020-08-10,5,18.89715262502432
98_osh,2020-08-10,10,17.398571737110615
98_osh,2020-08-10,15,14.036652736365795
98_osh,2020-08-10,20,13.072756133973598
98_osh,2020-08-10,30,9.33069857954979
98_osh,2020-08-10,40,7.708334617316723
98_osh,2020-08-10,50,7.601397760212421
98_osh,2020-08-11,5,19.277291178703308
98_osh,2020-08-11,10,17.50331126153469
98_osh,2020-08-11,15,14.158970922231674
98_osh,2020-08-11,20,13.192876987159252
98_osh,2020-08-11,30,9.480117201805117
98_osh,2020-08-11,40,7.798425257205963
98_osh,2020-08-11,50,7.679036848247051
98_osh,2020-08-12,5,19.458937346935272
98_osh,2020-08-12,10,17.643208108842373
98_osh,2020-08-12,15,14.208044685423374
98_osh,2020-08-12,20,13.219977423548698
98_osh,2020-08-12,30,9.491103865206242
98_osh,2020-08-12,40,7.835779912769794
98_osh,2020-08-12,50,7.745689272880554
98_osh,2020-08-13,5,19.51533555239439
98_osh,2020-08-13,10,17.422742396593094
98_osh,2020-08-13,15,14.142124705016611
98_osh,2020-08-13,20,13.16357921808958
98_osh,2020-08-13,30,9.444227434694769
98_osh,2020-08-13,40,7.876064345240593
98_osh,2020-08-13,50,7.811609253287315
98_osh,2020-08-14,5,19.72188482433557
98_osh,2020-08-14,10,17.6629841029644
98_osh,2020-08-14,15,14.56181524693966
98_osh,2020-08-14,20,13.55616932362318
98_osh,2020-08-14,30,9.655903816223145
98_osh,2020-08-14,40,7.929532773792744
98_osh,2020-08-14,50,7.8218634724617
98_osh,2020-08-15,5,19.9203772097826
98_osh,2020-08-15,10,18.11490219086409
98_osh,2020-08-15,15,15.059877321124077
98_osh,2020-08-15,20,14.019074074923992
98_osh,2020-08-15,30,9.954741060733795
98_osh,2020-08-15,40,8.02182074636221
98_osh,2020-08-15,50,7.812341697514057
98_osh,2020-08-16,5,20.011200293898582
98_osh,2020-08-16,10,18.392498552799225
98_osh,2020-08-16,15,15.367503896355627
98_osh,2020-08-16,20,14.30033265799284
98_osh,2020-08-16,30,10.171544551849363
98_osh,2020-08-16,40,8.128025159239769
98_osh,2020-08-16,50,7.865810126066208
98_osh,2020-08-17,5,19.967986084520817
98_osh,2020-08-17,10,18.26798303425312
98_osh,2020-08-17,15,15.229804381728172
98_osh,2020-08-17,20,14.123081155121326
98_osh,2020-08-17,30,9.95620594918728
98_osh,2020-08-17,40,8.106051832437515
98_osh,2020-08-17,50,7.938322104513645
98_osh,2020-08-18,5,19.91085543483496
98_osh,2020-08-18,10,18.14053773880005
98_osh,2020-08-18,15,15.116275526583197
98_osh,2020-08-18,20,13.986114084720612
98_osh,2020-08-18,30,9.873439751565456
98_osh,2020-08-18,40,8.109714053571224
98_osh,2020-08-18,50,7.975676760077476
98_osh,2020-08-19,5,19.938688315451145
98_osh,2020-08-19,10,18.183019503951076
98_osh,2020-08-19,15,15.251777708530426
98_osh,2020-08-19,20,14.054231397807598
98_osh,2020-08-19,30,9.934965066611769
98_osh,2020-08-19,40,8.129490047693253
98_osh,2020-08-19,50,7.968352317810059
98_osh,2020-08-20,5,20.023651845753196
98_osh,2020-08-20,10,18.34562212228775
98_osh,2020-08-20,15,15.66634114086628
98_osh,2020-08-20,20,14.429242841899397
98_osh,2020-08-20,30,10.170079663395882
98_osh,2020-08-20,40,8.16904203593731
98_osh,2020-08-20,50,7.91561633348465
98_osh,2020-08-21,5,20.09689626842737
98_osh,2020-08-21,10,18.59099093824625
98_osh,2020-08-21,15,16.110202342271805
98_osh,2020-08-21,20,14.853328049182892
98_osh,2020-08-21,30,10.370769381523132
98_osh,2020-08-21,40,8.198339805006981
98_osh,2020-08-21,50,7.870204791426659
98_osh,2020-08-22,5,20.2953886538744
98_osh,2020-08-22,10,18.96380504965782
98_osh,2020-08-22,15,16.61925107985735
98_osh,2020-08-22,20,15.352855011820791
98_osh,2020-08-22,30,10.673268847167492
98_osh,2020-08-22,40,8.263527341187
98_osh,2020-08-22,50,7.854091018438339
98_osh,2020-08-23,5,20.47996459901333
98_osh,2020-08-23,10,19.3893551453948
98_osh,2020-08-23,15,17.20813623815775
98_osh,2020-08-23,20,15.953459277749062
98_osh,2020-08-23,30,11.071718506515026
98_osh,2020-08-23,40,8.37412641942501
98_osh,2020-08-23,50,7.8636127933859825
98_osh,2020-08-24,5,20.71214941889048
98_osh,2020-08-24,10,19.847865231335163
98_osh,2020-08-24,15,17.90762047469616
98_osh,2020-08-24,20,16.712271496653557
98_osh,2020-08-24,30,11.589556574821472
98_osh,2020-08-24,40,8.528672151267529
98_osh,2020-08-24,50,7.886318564414978
98_osh,2020-08-25,5,21.097415082156655
98_osh,2020-08-25,10,20.31223487108946
98_osh,2020-08-25,15,18.604907378554344
98_osh,2020-08-25,20,17.468886382877827
98_osh,2020-08-25,30,12.11618397384882
98_osh,2020-08-25,40,8.686880104243755
98_osh,2020-08-25,50,7.911954112350941
98_osh,2020-08-26,5,21.328867457807064
98_osh,2020-08-26,10,20.72606585919857
98_osh,2020-08-26,15,19.11102633923292
98_osh,2020-08-26,20,17.975737787783146
98_osh,2020-08-26,30,12.446516320109367
98_osh,2020-08-26,40,8.763054303824902
98_osh,2020-08-26,50,7.934659883379936
98_osh,2020-08-27,5,21.546403393149376
98_osh,2020-08-27,10,21.01977599412203
98_osh,2020-08-27,15,19.399609364569187
98_osh,2020-08-27,20,18.234290599823
98_osh,2020-08-27,30,12.552720732986929
98_osh,2020-08-27,40,8.724967204034328
98_osh,2020-08-27,50,7.914151445031166
98_osh,2020-08-28,5,21.79763176292181
98_osh,2020-08-28,10,21.29224524646997
98_osh,2020-08-28,15,19.733603931963444
98_osh,2020-08-28,20,18.573412276804447
98_osh,2020-08-28,30,12.857417531311512
98_osh,2020-08-28,40,8.816522732377052
98_osh,2020-08-28,50,7.888515897095203
98_osh,2020-08-29,5,22.14407788217068
98_osh,2020-08-29,10,21.594012267887592
98_osh,2020-08-29,15,20.113742485642437
98_osh,2020-08-29,20,18.99530015140772
98_osh,2020-08-29,30,13.280037850141523
98_osh,2020-08-29,40,8.957884468138218
98_osh,2020-08-29,50,7.888515897095203
98_osh,2020-08-30,5,21.93606372177601
98_osh,2020-08-30,10,21.92434461414814
98_osh,2020-08-30,15,21.288583025336266
98_osh,2020-08-30,20,20.478499710559845
98_osh,2020-08-30,30,15.15070040524006
98_osh,2020-08-30,40,9.923245958983898
98_osh,2020-08-30,50,8.180761143565178
98_osh,2020-08-31,5,21.770531326532364
98_osh,2020-08-31,10,21.770531326532364
98_osh,2020-08-31,15,21.843775749206543
98_osh,2020-08-31,20,21.6291695907712
98_osh,2020-08-31,30,16.88146611303091
98_osh,2020-08-31,40,10.855647459626198
98_osh,2020-08-31,50,8.502304159104824
98_osh,2020-09-01,5,21.815210424363613
98_osh,2020-09-01,10,21.815210424363613
98_osh,2020-09-01,15,21.815210424363613
98_osh,2020-09-01,20,21.85915707796812
98_osh,2020-09-01,30,18.601977601647377
98_osh,2020-09-01,40,12.305154584348202
98_osh,2020-09-01,50,9.266975931823254
98_osh,2020-09-02,5,21.896511733531952
98_osh,2020-09-02,10,21.89577928930521
98_osh,2020-09-02,15,21.89577928930521
98_osh,2020-09-02,20,21.89577928930521
98_osh,2020-09-02,30,19.827356792986397
98_osh,2020-09-02,40,13.540787994861605
98_osh,2020-09-02,50,10.13272500783205
98_osh,2020-09-03,5,21.92800683528185
98_osh,2020-09-03,10,21.92507705837488
98_osh,2020-09-03,15,21.91042817384005
98_osh,2020-09-03,20,21.87160862982273
98_osh,2020-09-03,30,20.285866878926758
98_osh,2020-09-03,40,14.49662771075964
98_osh,2020-09-03,50,10.887142561376097
98_osh,2020-09-04,5,22.00198370218277
98_osh,2020-09-04,10,21.93679616600275
98_osh,2020-09-04,15,21.83059175312519
98_osh,2020-09-04,20,21.753685109317303
98_osh,2020-09-04,30,20.42283394932747
98_osh,2020-09-04,40,15.549882508814337
98_osh,2020-09-04,50,11.824671171605589
98_osh,2020-09-05,5,22.07229834794998
98_osh,2020-09-05,10,21.8657490760088
98_osh,2020-09-05,15,21.706076234579086
98_osh,2020-09-05,20,21.635029144585133
98_osh,2020-09-05,30,20.85204626619816
98_osh,2020-09-05,40,16.033295698463917
98_osh,2020-09-05,50,12.020966224372389
98_osh,2020-09-06,5,22.2356334105134
98_osh,2020-09-06,10,21.815210424363613
98_osh,2020-09-06,15,21.669454023242
98_osh,2020-09-06,20,21.615253150463104
98_osh,2020-09-06,30,21.12671285122633
98_osh,2020-09-06,40,16.085299238562584
98_osh,2020-09-06,50,11.50679037719965
98_osh,2020-09-07,5,22.40702535957098
98_osh,2020-09-07,10,21.8657490760088
98_osh,2020-09-07,15,21.68263801932335
98_osh,2020-09-07,20,21.618915371596813
98_osh,2020-09-07,30,20.98828089237213
98_osh,2020-09-07,40,15.56819361448288
98_osh,2020-09-07,50,10.53776666522026
98_osh,2020-09-08,5,22.581347085535526
98_osh,2020-09-08,10,21.97781304270029
98_osh,2020-09-08,15,21.69362468272448
98_osh,2020-09-08,20,21.596209600567818
98_osh,2020-09-08,30,20.504135258495808
98_osh,2020-09-08,40,14.458540610969068
98_osh,2020-09-08,50,9.782616667449474
98_osh,2020-09-09,5,22.772515028715134
98_osh,2020-09-09,10,22.14407788217068
98_osh,2020-09-09,15,21.681173130869865
98_osh,2020-09-09,20,21.51783806830645
98_osh,2020-09-09,30,19.83468123525381
98_osh,2020-09-09,40,13.325449392199516
98_osh,2020-09-09,50,9.480849646031857
98_osh,2020-09-10,5,22.93658253550529
98_osh,2020-09-10,10,22.30521561205387
98_osh,2020-09-10,15,21.640888698399067
98_osh,2020-09-10,20,21.395519882440567
98_osh,2020-09-10,30,19.091250345110893
98_osh,2020-09-10,40,12.494857639074326
98_osh,2020-09-10,50,9.332163468003271
98_osh,2020-09-11,5,23.113834038376808
98_osh,2020-09-11,10,22.4810022264719
98_osh,2020-09-11,15,21.66066469252109
98_osh,2020-09-11,20,21.309823907911777
98_osh,2020-09-11,30,18.39469588547945
98_osh,2020-09-11,40,11.970427572727203
98_osh,2020-09-11,50,9.26917326450348
98_osh,2020-09-12,5,22.70220038294792
98_osh,2020-09-12,10,22.60698263347149
98_osh,2020-09-12,15,21.9236121699214
98_osh,2020-09-12,20,21.553727835416797
98_osh,2020-09-12,30,18.580004274845123
98_osh,2020-09-12,40,12.27219459414482
98_osh,2020-09-12,50,9.58046206086874
98_osh,2020-09-13,5,22.084749899804592
98_osh,2020-09-13,10,22.08548234403133
98_osh,2020-09-13,15,22.078890345990654
98_osh,2020-09-13,20,21.99832148104906
98_osh,2020-09-13,30,19.833216346800327
98_osh,2020-09-13,40,13.718039497733116
98_osh,2020-09-13,50,10.444746248424051
98_osh,2020-09-14,5,21.72438734024763
98_osh,2020-09-14,10,21.72438734024763
98_osh,2020-09-14,15,21.72438734024763
98_osh,2020-09-14,20,21.725852228701115
98_osh,2020-09-14,30,21.25342570245266
98_osh,2020-09-14,40,16.155613884329796
98_osh,2020-09-14,50,12.168187513947489
98_osh,2020-09-15,5,21.69875179231167
98_osh,2020-09-15,10,21.69362468272448
98_osh,2020-09-15,15,21.69069490581751
98_osh,2020-09-15,20,21.69069490581751
98_osh,2020-09-15,30,21.82985930889845
98_osh,2020-09-15,40,18.28849147260189
98_osh,2020-09-15,50,13.896755889058111
98_osh,2020-09-16,5,21.81228064745665
98_osh,2020-09-16,10,21.75954466313124
98_osh,2020-09-16,15,21.74343089014292
98_osh,2020-09-16,20,21.741966001689438
98_osh,2020-09-16,30,21.82180242240429
98_osh,2020-09-16,40,19.03558458387852
98_osh,2020-09-16,50,14.14065981656313
98_osh,2020-09-17,5,21.83352153003216
98_osh,2020-09-17,10,21.81814020127058
98_osh,2020-09-17,15,21.77565843611956
98_osh,2020-09-17,20,21.770531326532364
98_osh,2020-09-17,30,21.804223760962486
98_osh,2020-09-17,40,18.805597096681595
98_osh,2020-09-17,50,13.762718595564364
98_osh,2020-09-18,5,21.72438734024763
98_osh,2020-09-18,10,21.80642109364271
98_osh,2020-09-18,15,21.78884243220091
98_osh,2020-09-18,20,21.78151798993349
98_osh,2020-09-18,30,21.800561539828777
98_osh,2020-09-18,40,17.64613788574934
98_osh,2020-09-18,50,12.962157055735588
98_osh,2020-09-19,5,21.566179387271404
98_osh,2020-09-19,10,21.644550919532776
98_osh,2020-09-19,15,21.78957487642765
98_osh,2020-09-19,20,21.787377543747425
98_osh,2020-09-19,30,21.738303780555725
98_osh,2020-09-19,40,16.23911252617836
98_osh,2020-09-19,50,11.915494255721567
98_osh,2020-09-20,5,21.44679097831249
98_osh,2020-09-20,10,21.48854029923677
98_osh,2020-09-20,15,21.763939328491688
98_osh,2020-09-20,20,21.778588213026524
98_osh,2020-09-20,30,21.467299416661263
98_osh,2020-09-20,40,14.960997350513937
98_osh,2020-09-20,50,10.923764772713184
98_osh,2020-09-21,5,21.34278389811516
98_osh,2020-09-21,10,21.467299416661263
98_osh,2020-09-21,15,21.753685109317303
98_osh,2020-09-21,20,21.76686910539865
98_osh,2020-09-21,30,20.73924985527992
98_osh,2020-09-21,40,13.448500022292135
98_osh,2020-09-21,50,10.290200516581535
98_osh,2020-09-22,5,21.322275459766388
98_osh,2020-09-22,10,21.37574388831854
98_osh,2020-09-22,15,21.782250434160236
98_osh,2020-09-22,20,21.71926023066044
98_osh,2020-09-22,30,19.91232032328844
98_osh,2020-09-22,40,12.432599879801272
98_osh,2020-09-22,50,10.074129469692709
98_osh,2020-09-23,5,21.2944425791502
98_osh,2020-09-23,10,21.29517502337694
98_osh,2020-09-23,15,21.60573137551546
98_osh,2020-09-23,20,21.63429670035839
98_osh,2020-09-23,30,19.521195106208324
98_osh,2020-09-23,40,12.08761864900589
98_osh,2020-09-23,50,10.052888587117195
98_osh,2020-09-24,5,21.173589281737804
98_osh,2020-09-24,10,21.172856837511063
98_osh,2020-09-24,15,21.177251502871517
98_osh,2020-09-24,20,21.45777764171362
98_osh,2020-09-24,30,19.45966979116201
98_osh,2020-09-24,40,12.248756378889084
98_osh,2020-09-24,50,10.198644988238811
98_osh,2020-09-25,5,21.001464888453484
98_osh,2020-09-25,10,21.001464888453484
98_osh,2020-09-25,15,21.001464888453484
98_osh,2020-09-25,20,21.001464888453484
98_osh,2020-09-25,30,20.061006501317024
98_osh,2020-09-25,40,13.395031593739986
98_osh,2020-09-25,50,10.697439506649973
98_osh,2020-09-26,5,20.829340495169163
98_osh,2020-09-26,10,20.829340495169163
98_osh,2020-09-26,15,20.829340495169163
98_osh,2020-09-26,20,20.830072939395905
98_osh,2020-09-26,30,20.449934385716915
98_osh,2020-09-26,40,14.616016119718552
98_osh,2020-09-26,50,11.4130375161767
98_osh,2020-09-27,5,20.70921964198351
98_osh,2020-09-27,10,20.706289865076545
98_osh,2020-09-27,15,20.702627643942836
98_osh,2020-09-27,20,20.70116275548935
98_osh,2020-09-27,30,20.788323618471622
98_osh,2020-09-27,40,15.924893952906132
98_osh,2020-09-27,50,12.265602596104143
98_osh,2020-09-28,5,20.596423231065277
98_osh,2020-09-28,10,20.596423231065277
98_osh,2020-09-28,15,20.59569078683853
98_osh,2020-09-28,20,20.594225898385048
98_osh,2020-09-28,30,20.822748497128487
98_osh,2020-09-28,40,16.822870574891567
98_osh,2020-09-28,50,12.851557977497578
98_osh,2020-09-29,5,20.592761009931564
98_osh,2020-09-29,10,20.57884456962347
98_osh,2020-09-29,15,20.564928129315376
98_osh,2020-09-29,20,20.55760368704796
98_osh,2020-09-29,30,20.726798303425312
98_osh,2020-09-29,40,17.47035127133131
98_osh,2020-09-29,50,13.209723204374312
98_osh,2020-09-30,5,20.567857906222343
98_osh,2020-09-30,10,20.556138798594475
98_osh,2020-09-30,15,20.548081912100315
98_osh,2020-09-30,20,20.54661702364683
98_osh,2020-09-30,30,20.617664113640785
98_osh,2020-09-30,40,17.04919584095478
98_osh,2020-09-30,50,12.76293222606182
98_osh,2020-10-01,5,20.50486770272255
98_osh,2020-10-01,10,20.504135258495808
98_osh,2020-10-01,15,20.504135258495808
98_osh,2020-10-01,20,20.5180516988039
98_osh,2020-10-01,30,20.490218818187717
98_osh,2020-10-01,40,16.32554094493389
98_osh,2020-10-01,50,12.11252175271511
98_osh,2020-10-02,5,20.436750389635563
98_osh,2020-10-02,10,20.43162328004837
98_osh,2020-10-02,15,20.426496170461174
98_osh,2020-10-02,20,20.441877499222755
98_osh,2020-10-02,30,20.37815485149622
98_osh,2020-10-02,40,15.694174021482468
98_osh,2020-10-02,50,11.815149396657944
98_osh,2020-10-03,5,20.36936552077532
98_osh,2020-10-03,10,20.363505966961384
98_osh,2020-10-03,15,20.36130863428116
98_osh,2020-10-03,20,20.37009796500206
98_osh,2020-10-03,30,20.29612109810114
98_osh,2020-10-03,40,15.207098610699177
98_osh,2020-10-03,50,11.76021607965231
98_osh,2020-10-04,5,20.253639332950115
98_osh,2020-10-04,10,20.254371777176857
98_osh,2020-10-04,15,20.253639332950115
98_osh,2020-10-04,20,20.25656910985708
98_osh,2020-10-04,30,20.216284677386284
98_osh,2020-10-04,40,14.9463484659791
98_osh,2020-10-04,50,11.695760987699032
98_osh,2020-10-05,5,20.06833094358444
98_osh,2020-10-05,10,20.06833094358444
98_osh,2020-10-05,15,20.069063387811184
98_osh,2020-10-05,20,20.069063387811184
98_osh,2020-10-05,30,19.87203589081764
98_osh,2020-10-05,40,14.274697110056875
98_osh,2020-10-05,50,11.443800173699856
98_osh,2020-10-06,5,19.85006256401539
98_osh,2020-10-06,10,19.85079500824213
98_osh,2020-10-06,15,19.85079500824213
98_osh,2020-10-06,20,19.85079500824213
98_osh,2020-10-06,30,19.280220955610275
98_osh,2020-10-06,40,13.667500846087933
98_osh,2020-10-06,50,11.304635770618916
98_osh,2020-10-07,5,19.70796838402748
98_osh,2020-10-07,10,19.70796838402748
98_osh,2020-10-07,15,19.70723593980074
98_osh,2020-10-07,20,19.70796838402748
98_osh,2020-10-07,30,18.752128668129444
98_osh,2020-10-07,40,12.850825533270836
98_osh,2020-10-07,50,10.744315937161446
98_osh,2020-10-08,5,19.643513292074203
98_osh,2020-10-08,10,19.643513292074203
98_osh,2020-10-08,15,19.643513292074203
98_osh,2020-10-08,20,19.643513292074203
98_osh,2020-10-08,30,17.93179113417864
98_osh,2020-10-08,40,12.05905332416296
98_osh,2020-10-08,50,10.378826268017292
98_osh,2020-10-09,5,19.64204840362072
98_osh,2020-10-09,10,19.64058351516724
98_osh,2020-10-09,15,19.64058351516724
98_osh,2020-10-09,20,19.64058351516724
98_osh,2020-10-09,30,17.308481097221375
98_osh,2020-10-09,40,11.630573451519012
98_osh,2020-10-09,50,10.288735628128052
98_osh,2020-10-10,5,19.573931090533733
98_osh,2020-10-10,10,19.573931090533733
98_osh,2020-10-10,15,19.573931090533733
98_osh,2020-10-10,20,19.573931090533733
98_osh,2020-10-10,30,17.44105350226164
98_osh,2020-10-10,40,11.673055216670036
98_osh,2020-10-10,50,10.385418266057968
98_osh,2020-10-11,5,19.51826532930136
98_osh,2020-10-11,10,19.51826532930136
98_osh,2020-10-11,15,19.51826532930136
98_osh,2020-10-11,20,19.51826532930136
98_osh,2020-10-11,30,17.901760920882225
98_osh,2020-10-11,40,11.990936011075974
98_osh,2020-10-11,50,10.58244576305151
98_osh,2020-10-12,5,19.46552934497595
98_osh,2020-10-12,10,19.47065645456314
98_osh,2020-10-12,15,19.472853787243366
98_osh,2020-10-12,20,19.472853787243366
98_osh,2020-10-12,30,18.4305856525898
98_osh,2020-10-12,40,12.530747406184672
98_osh,2020-10-12,50,10.846125684678556
98_osh,2020-10-13,5,19.447950683534145
98_osh,2020-10-13,10,19.447950683534145
98_osh,2020-10-13,15,19.447950683534145
98_osh,2020-10-13,20,19.447950683534145
98_osh,2020-10-13,30,18.68034913390875
98_osh,2020-10-13,40,13.02807703614235
98_osh,2020-10-13,50,11.210882909595966
98_osh,2020-10-14,5,19.29267250746489
98_osh,2020-10-14,10,19.29267250746489
98_osh,2020-10-14,15,19.29267250746489
98_osh,2020-10-14,20,19.29267250746489
98_osh,2020-10-14,30,18.806329540908337
98_osh,2020-10-14,40,13.222174756228924
98_osh,2020-10-14,50,11.410840183496475
98_osh,2020-10-15,5,19.037049472332
98_osh,2020-10-15,10,19.037049472332
98_osh,2020-10-15,15,19.037049472332
98_osh,2020-10-15,20,19.037049472332
98_osh,2020-10-15,30,18.40714743733406
98_osh,2020-10-15,40,12.654530480504036
98_osh,2020-10-15,50,11.17938780784607
98_osh,2020-10-16,5,18.82830286771059
98_osh,2020-10-16,10,18.82830286771059
98_osh,2020-10-16,15,18.82830286771059
98_osh,2020-10-16,20,18.82830286771059
98_osh,2020-10-16,30,17.812402725219727
98_osh,2020-10-16,40,12.07150487601757
98_osh,2020-10-16,50,10.904721222817898
98_osh,2020-10-17,5,18.70891445875168
98_osh,2020-10-17,10,18.706717126071453
98_osh,2020-10-17,15,18.70525223761797
98_osh,2020-10-17,20,18.70525223761797
98_osh,2020-10-17,30,17.177373580634594
98_osh,2020-10-17,40,11.76827296614647
98_osh,2020-10-17,50,10.805841252207756
98_osh,2020-10-18,5,18.563890501856804
98_osh,2020-10-18,10,18.56169316917658
98_osh,2020-10-18,15,18.56096072494984
98_osh,2020-10-18,20,18.56022828072309
98_osh,2020-10-18,30,16.54966887831688
98_osh,2020-10-18,40,11.587359242141249
98_osh,2020-10-18,50,10.800714142620564
98_osh,2020-10-19,5,18.402020327746868
98_osh,2020-10-19,10,18.402020327746868
98_osh,2020-10-19,15,18.402020327746868
98_osh,2020-10-19,20,18.40275277197361
98_osh,2020-10-19,30,15.873622857034206
98_osh,2020-10-19,40,11.456984169781208
98_osh,2020-10-19,50,10.80730614066124
98_osh,2020-10-20,5,18.24674215167761
98_osh,2020-10-20,10,18.24674215167761
98_osh,2020-10-20,15,18.24674215167761
98_osh,2020-10-20,20,18.24674215167761
98_osh,2020-10-20,30,15.176335953176022
98_osh,2020-10-20,40,11.360301531851292
98_osh,2020-10-20,50,10.81609547138214
98_osh,2020-10-21,5,18.154454179108143
98_osh,2020-10-21,10,18.151524402201176
98_osh,2020-10-21,15,18.15298929065466
98_osh,2020-10-21,20,18.146397292613983
98_osh,2020-10-21,30,14.8482009395957
98_osh,2020-10-21,40,11.418164625763891
98_osh,2020-10-21,50,10.93035677075386
98_osh,2020-10-22,5,18.082674644887447
98_osh,2020-10-22,10,18.08413953334093
98_osh,2020-10-22,15,18.08853419870138
98_osh,2020-10-22,20,18.07901242375374
98_osh,2020-10-22,30,14.9954222291708
98_osh,2020-10-22,40,11.719931647181513
98_osh,2020-10-22,50,11.244575344026089
98_osh,2020-10-23,5,17.970610678195953
98_osh,2020-10-23,10,17.975737787783146
98_osh,2020-10-23,15,17.983062230050564
98_osh,2020-10-23,20,17.983794674277306
98_osh,2020-10-23,30,15.38435011357069
98_osh,2020-10-23,40,12.102999977767467
98_osh,2020-10-23,50,11.602008126676084
98_osh,2020-10-24,5,17.57728812843561
98_osh,2020-10-24,10,17.57728812843561
98_osh,2020-10-24,15,17.578020572662354
98_osh,2020-10-24,20,17.567033909261227
98_osh,2020-10-24,30,15.18805506080389
98_osh,2020-10-24,40,12.25534837692976
98_osh,2020-10-24,50,11.799035623669624
98_osh,2020-10-25,5,17.2213202342391
98_osh,2020-10-25,10,17.2213202342391
98_osh,2020-10-25,15,17.222052678465843
98_osh,2020-10-25,20,17.194219797849655
98_osh,2020-10-25,30,14.794732511043549
98_osh,2020-10-25,40,12.332255020737648
98_osh,2020-10-25,50,11.863490715622902
98_osh,2020-10-26,5,17.099734492599964
98_osh,2020-10-26,10,17.099734492599964
98_osh,2020-10-26,15,17.10266426950693
98_osh,2020-10-26,20,17.128299817442894
98_osh,2020-10-26,30,14.490035712718964
98_osh,2020-10-26,40,12.346171461045742
98_osh,2020-10-26,50,11.712607204914091
98_osh,2020-10-27,5,17.013306073844433
98_osh,2020-10-27,10,17.013306073844433
98_osh,2020-10-27,15,17.013306073844433
98_osh,2020-10-27,20,17.01257362961769
98_osh,2020-10-27,30,14.282021552324297
98_osh,2020-10-27,40,12.40696433186531
98_osh,2020-10-27,50,11.610065013170242
98_osh,2020-10-28,5,16.936399430036545
98_osh,2020-10-28,10,16.935666985809803
98_osh,2020-10-28,15,16.936399430036545
98_osh,2020-10-28,20,16.91369365900755
98_osh,2020-10-28,30,14.295205548405647
98_osh,2020-10-28,40,12.565172284841536
98_osh,2020-10-28,50,11.730185866355896
98_osh,2020-10-29,5,16.682241283357143
98_osh,2020-10-29,10,16.682973727583885
98_osh,2020-10-29,15,16.68443861603737
98_osh,2020-10-29,20,16.655140846967697
98_osh,2020-10-29,30,14.205114908516409
98_osh,2020-10-29,40,12.620105601847172
98_osh,2020-10-29,50,11.795373402535915
98_osh,2020-10-30,5,16.561387985944748
98_osh,2020-10-30,10,16.561387985944748
98_osh,2020-10-30,15,16.564317762851715
98_osh,2020-10-30,20,16.576036870479584
98_osh,2020-10-30,30,14.18973357975483
98_osh,2020-10-30,40,12.639149151742458
98_osh,2020-10-30,50,11.78072451800108
98_osh,2020-10-31,5,16.47276223450899
98_osh,2020-10-31,10,16.47276223450899
98_osh,2020-10-31,15,16.47569201141596
98_osh,2020-10-31,20,16.487411119043827
98_osh,2020-10-31,30,14.186803802847862
98_osh,2020-10-31,40,12.507309190928936
98_osh,2020-10-31,50,11.492141492664814
98_osh,2020-11-01,5,16.359233379364014
98_osh,2020-11-01,10,16.367290265858173
98_osh,2020-11-01,15,16.3694875985384
98_osh,2020-11-01,20,16.371684931218624
98_osh,2020-11-01,30,14.289345994591711
98_osh,2020-11-01,40,12.43919187784195
98_osh,2020-11-01,50,11.295113995671272
98_osh,2020-11-02,5,16.254493854939938
98_osh,2020-11-02,10,16.254493854939938
98_osh,2020-11-02,15,16.254493854939938
98_osh,2020-11-02,20,16.25522629916668
98_osh,2020-11-02,30,14.298135325312614
98_osh,2020-11-02,40,12.368144787847996
98_osh,2020-11-02,50,11.262154005467892
98_osh,2020-11-03,5,16.085299238562584
98_osh,2020-11-03,10,16.085299238562584
98_osh,2020-11-03,15,16.085299238562584
98_osh,2020-11-03,20,16.08822901546955
98_osh,2020-11-03,30,14.265907779335976
98_osh,2020-11-03,40,12.308084361255167
98_osh,2020-11-03,50,11.315622434020042
98_osh,2020-11-04,5,15.65388958901167
98_osh,2020-11-04,10,15.65388958901167
98_osh,2020-11-04,15,15.654622033238413
98_osh,2020-11-04,20,15.65828425437212
98_osh,2020-11-04,30,13.970000311732292
98_osh,2020-11-04,40,12.02609333395958
98_osh,2020-11-04,50,11.153752259910108
98_osh,2020-11-05,5,15.27814570069313
98_osh,2020-11-05,10,15.27814570069313
98_osh,2020-11-05,15,15.279610589146614
98_osh,2020-11-05,20,15.278878144919872
98_osh,2020-11-05,30,13.622821748256683
98_osh,2020-11-05,40,11.729453422129154
98_osh,2020-11-05,50,10.961119428277016
98_osh,2020-11-06,5,15.158024847507477
98_osh,2020-11-06,10,15.158024847507477
98_osh,2020-11-06,15,15.15948973596096
98_osh,2020-11-06,20,15.15875729173422
98_osh,2020-11-06,30,13.538590662181376
98_osh,2020-11-06,40,11.60860012471676
98_osh,2020-11-06,50,10.93035677075386
98_osh,2020-11-07,5,15.096499532461166
98_osh,2020-11-07,10,15.0935697555542
98_osh,2020-11-07,15,15.09430219978094
98_osh,2020-11-07,20,15.095034644007685
98_osh,2020-11-07,30,13.524674221873283
98_osh,2020-11-07,40,11.524369038641453
98_osh,2020-11-07,50,10.936948768794537
98_osh,2020-11-08,5,14.859187602996826
98_osh,2020-11-08,10,14.859187602996826
98_osh,2020-11-08,15,14.859920047223568
98_osh,2020-11-08,20,14.857722714543344
98_osh,2020-11-08,30,13.307138286530972
98_osh,2020-11-08,40,11.38886685669422
98_osh,2020-11-08,50,10.90984833240509
98_osh,2020-11-09,5,14.477584160864351
98_osh,2020-11-09,10,14.477584160864351
98_osh,2020-11-09,15,14.477584160864351
98_osh,2020-11-09,20,14.482711270451546
98_osh,2020-11-09,30,12.94677572697401
98_osh,2020-11-09,40,11.263618893921375
98_osh,2020-11-09,50,10.885677672922611
98_osh,2020-11-10,5,14.07986694574356
98_osh,2020-11-10,10,14.07986694574356
98_osh,2020-11-10,15,14.07986694574356
98_osh,2020-11-10,20,14.085726499557495
98_osh,2020-11-10,30,12.609851382672788
98_osh,2020-11-10,40,11.144962929189203
98_osh,2020-11-10,50,10.84392835199833
98_osh,2020-11-11,5,13.828638575971128
98_osh,2020-11-11,10,13.828638575971128
98_osh,2020-11-11,15,13.828638575971128
98_osh,2020-11-11,20,13.841090127825735
98_osh,2020-11-11,30,12.450910985469818
98_osh,2020-11-11,40,11.07757806032896
98_osh,2020-11-11,50,10.818292804062366
98_osh,2020-11-12,5,13.67848750948906
98_osh,2020-11-12,10,13.67848750948906
98_osh,2020-11-12,15,13.67848750948906
98_osh,2020-11-12,20,13.685811951756476
98_osh,2020-11-12,30,12.46775720268488
98_osh,2020-11-12,40,11.046082958579063
98_osh,2020-11-12,50,10.80730614066124
98_osh,2020-11-13,5,13.501968450844288
98_osh,2020-11-13,10,13.503433339297771
98_osh,2020-11-13,15,13.50636311620474
98_osh,2020-11-13,20,13.51515244692564
98_osh,2020-11-13,30,12.450910985469818
98_osh,2020-11-13,40,11.037293627858162
98_osh,2020-11-13,50,10.81975769251585
98_osh,2020-11-14,5,13.23316141963005
98_osh,2020-11-14,10,13.23316141963005
98_osh,2020-11-14,15,13.23316141963005
98_osh,2020-11-14,20,13.240485861897469
98_osh,2020-11-14,30,12.28025148063898
98_osh,2020-11-14,40,11.02410963177681
98_osh,2020-11-14,50,10.834406577050686
98_osh,2020-11-15,5,13.077883243560793
98_osh,2020-11-15,10,13.077883243560793
98_osh,2020-11-15,15,13.0815454646945
98_osh,2020-11-15,20,13.088869906961918
98_osh,2020-11-15,30,12.237769715487955
98_osh,2020-11-15,40,11.035096295177937
98_osh,2020-11-15,50,10.849787905812263
98_osh,2020-11-16,5,12.878658413887024
98_osh,2020-11-16,10,12.878658413887024
98_osh,2020-11-16,15,12.880123302340508
98_osh,2020-11-16,20,12.888180188834667
98_osh,2020-11-16,30,12.13669241219759
98_osh,2020-11-16,40,11.005066081881523
98_osh,2020-11-16,50,10.834406577050686
98_osh,2020-11-17,5,12.666249588131905
98_osh,2020-11-17,10,12.666249588131905
98_osh,2020-11-17,15,12.666249588131905
98_osh,2020-11-17,20,12.673574030399324
98_osh,2020-11-17,30,12.023163557052612
98_osh,2020-11-17,40,10.958189651370049
98_osh,2020-11-17,50,10.808771029114723
98_osh,2020-11-18,5,12.629627376794817
98_osh,2020-11-18,10,12.63182470947504
98_osh,2020-11-18,15,12.643543817102907
98_osh,2020-11-18,20,12.658925145864488
98_osh,2020-11-18,30,12.00119023025036
98_osh,2020-11-18,40,10.947935432195663
98_osh,2020-11-18,50,10.809503473341463
98_osh,2020-11-19,5,12.661122478544712
98_osh,2020-11-19,10,12.658925145864488
98_osh,2020-11-19,15,12.658192701637743
98_osh,2020-11-19,20,12.66039003431797
98_osh,2020-11-19,30,12.015106670558453
98_osh,2020-11-19,40,10.982360310852528
98_osh,2020-11-19,50,10.849787905812263
98_osh,2020-11-20,5,12.588610500097277
98_osh,2020-11-20,10,12.651600703597069
98_osh,2020-11-20,15,12.66405225545168
98_osh,2020-11-20,20,12.65233314782381
98_osh,2020-11-20,30,11.984344013035296
98_osh,2020-11-20,40,11.041688293218613
98_osh,2020-11-20,50,10.920834995806215
98_osh,2020-11-21,5,12.351298570632936
98_osh,2020-11-21,10,12.354960791766644
98_osh,2020-11-21,15,12.568102061748505
98_osh,2020-11-21,20,12.616443380713465
98_osh,2020-11-21,30,11.905240036547184
98_osh,2020-11-21,40,11.113467827439308
98_osh,2020-11-21,50,11.015320301055908
98_osh,2020-11-22,5,12.167455069720743
98_osh,2020-11-22,10,12.167455069720743
98_osh,2020-11-22,15,12.184301286935806
98_osh,2020-11-22,20,12.338847018778324
98_osh,2020-11-22,30,11.889858707785606
98_osh,2020-11-22,40,11.18378247320652
98_osh,2020-11-22,50,11.094424277544022
98_osh,2020-11-23,5,11.90304270386696
98_osh,2020-11-23,10,11.90304270386696
98_osh,2020-11-23,15,11.90304270386696
98_osh,2020-11-23,20,11.921353809535503
98_osh,2020-11-23,30,11.88326670974493
98_osh,2020-11-23,40,11.21234779804945
98_osh,2020-11-23,50,11.120059825479984
98_osh,2020-11-24,5,11.628376118838789
98_osh,2020-11-24,10,11.628376118838789
98_osh,2020-11-24,15,11.628376118838789
98_osh,2020-11-24,20,11.630573451519012
98_osh,2020-11-24,30,11.848841831088066
98_osh,2020-11-24,40,11.20429091155529
98_osh,2020-11-24,50,11.100283831357956
98_osh,2020-11-25,5,11.487746827304363
98_osh,2020-11-25,10,11.487746827304363
98_osh,2020-11-25,15,11.487746827304363
98_osh,2020-11-25,20,11.493606381118298
98_osh,2020-11-25,30,11.82613606005907
98_osh,2020-11-25,40,11.223334461450577
98_osh,2020-11-25,50,11.1098056063056
98_osh,2020-11-26,5,11.304635770618916
98_osh,2020-11-26,10,11.304635770618916
98_osh,2020-11-26,15,11.304635770618916
98_osh,2020-11-26,20,11.307565547525884
98_osh,2020-11-26,30,11.720664091408253
98_osh,2020-11-26,40,11.202093578875065
98_osh,2020-11-26,50,11.068056285381315
98_osh,2020-11-27,5,11.113467827439308
98_osh,2020-11-27,10,11.113467827439308
98_osh,2020-11-27,15,11.113467827439308
98_osh,2020-11-27,20,11.113467827439308
98_osh,2020-11-27,30,11.55220191925764
98_osh,2020-11-27,40,11.182317584753036
98_osh,2020-11-27,50,11.03216651827097
98_osh,2020-11-28,5,10.969176314771175
98_osh,2020-11-28,10,10.969176314771175
98_osh,2020-11-28,15,10.969176314771175
98_osh,2020-11-28,20,10.969176314771175
98_osh,2020-11-28,30,11.426953956484796
98_osh,2020-11-28,40,11.173528254032137
98_osh,2020-11-28,50,11.023377187550068
98_osh,2020-11-29,5,10.809503473341463
98_osh,2020-11-29,10,10.809503473341463
98_osh,2020-11-29,15,10.809503473341463
98_osh,2020-11-29,20,10.809503473341463
98_osh,2020-11-29,30,11.097354054450989
98_osh,2020-11-29,40,11.15521714836359
98_osh,2020-11-29,50,10.997009195387363
98_osh,2020-11-30,5,10.663014627993109
98_osh,2020-11-30,10,10.663014627993109
98_osh,2020-11-30,15,10.663014627993109
98_osh,2020-11-30,20,10.663014627993109
98_osh,2020-11-30,30,10.726737275719644
98_osh,2020-11-30,40,11.146427817642689
98_osh,2020-11-30,50,10.97943053394556
98_osh,2020-12-01,5,10.505539119243622
98_osh,2020-12-01,10,10.505539119243622
98_osh,2020-12-01,15,10.505539119243622
98_osh,2020-12-01,20,10.505539119243622
98_osh,2020-12-01,30,10.543626219034197
98_osh,2020-12-01,40,11.115665160119534
98_osh,2020-12-01,50,10.933286547660828
98_osh,2020-12-02,5,10.399334706366062
98_osh,2020-12-02,10,10.399334706366062
98_osh,2020-12-02,15,10.399334706366062
98_osh,2020-12-02,20,10.399334706366062
98_osh,2020-12-02,30,10.399334706366062
98_osh,2020-12-02,40,10.903988778591156
98_osh,2020-12-02,50,10.91790521889925
98_osh,2020-12-03,5,10.358317829668522
98_osh,2020-12-03,10,10.358317829668522
98_osh,2020-12-03,15,10.358317829668522
98_osh,2020-12-03,20,10.358317829668522
98_osh,2020-12-03,30,10.358317829668522
98_osh,2020-12-03,40,10.38175604492426
98_osh,2020-12-03,50,10.910580776631832
98_osh,2020-12-04,5,10.30411695688963
98_osh,2020-12-04,10,10.30411695688963
98_osh,2020-12-04,15,10.304849401116371
98_osh,2020-12-04,20,10.304849401116371
98_osh,2020-12-04,30,10.304849401116371
98_osh,2020-12-04,40,10.305581845343111
98_osh,2020-12-04,50,10.512131117284298
98_osh,2020-12-05,5,10.290932960808275
98_osh,2020-12-05,10,10.290932960808275
98_osh,2020-12-05,15,10.290932960808275
98_osh,2020-12-05,20,10.290932960808275
98_osh,2020-12-05,30,10.29166540503502
98_osh,2020-12-05,40,10.29166540503502
98_osh,2020-12-05,50,10.29166540503502
98_osh,2020-12-06,5,10.19425032287836
98_osh,2020-12-06,10,10.19425032287836
98_osh,2020-12-06,15,10.19425032287836
98_osh,2020-12-06,20,10.19425032287836
98_osh,2020-12-06,30,10.19425032287836
98_osh,2020-12-06,40,10.19425032287836
98_osh,2020-12-06,50,10.19425032287836
98_osh,2020-12-07,5,10.12027345597744
98_osh,2020-12-07,10,10.12027345597744
98_osh,2020-12-07,15,10.12027345597744
98_osh,2020-12-07,20,10.12027345597744
98_osh,2020-12-07,30,10.12027345597744
98_osh,2020-12-07,40,10.12027345597744
98_osh,2020-12-07,50,10.12027345597744
98_osh,2020-12-08,5,10.03091526031494
98_osh,2020-12-08,10,10.03091526031494
98_osh,2020-12-08,15,10.03091526031494
98_osh,2020-12-08,20,10.03091526031494
98_osh,2020-12-08,30,10.03091526031494
98_osh,2020-12-08,40,10.03091526031494
98_osh,2020-12-08,50,10.03091526031494
98_osh,2020-12-09,5,9.965727724134922
98_osh,2020-12-09,10,9.965727724134922
98_osh,2020-12-09,15,9.965727724134922
98_osh,2020-12-09,20,9.965727724134922
98_osh,2020-12-09,30,9.965727724134922
98_osh,2020-12-09,40,9.965727724134922
98_osh,2020-12-09,50,9.965727724134922
98_osh,2020-12-10,5,9.914456628262997
98_osh,2020-12-10,10,9.915189072489738
98_osh,2020-12-10,15,9.915189072489738
98_osh,2020-12-10,20,9.91592151671648
98_osh,2020-12-10,30,9.916653960943222
98_osh,2020-12-10,40,9.916653960943222
98_osh,2020-12-10,50,9.916653960943222
98_osh,2020-12-11,5,9.871242418885233
98_osh,2020-12-11,10,9.871242418885233
98_osh,2020-12-11,15,9.871242418885233
98_osh,2020-12-11,20,9.871242418885233
98_osh,2020-12-11,30,9.871242418885233
98_osh,2020-12-11,40,9.871242418885233
98_osh,2020-12-11,50,9.871242418885233
98_osh,2020-12-12,5,9.808252215385435
98_osh,2020-12-12,10,9.808252215385435
98_osh,2020-12-12,15,9.808252215385435
98_osh,2020-12-12,20,9.808252215385435
98_osh,2020-12-12,30,9.808252215385435
98_osh,2020-12-12,40,9.808252215385435
98_osh,2020-12-12,50,9.808252215385435
98_osh,2020-12-13,5,9.705710023641586
98_osh,2020-12-13,10,9.705710023641586
98_osh,2020-12-13,15,9.705710023641586
98_osh,2020-12-13,20,9.705710023641586
98_osh,2020-12-13,30,9.705710023641586
98_osh,2020-12-13,40,9.705710023641586
98_osh,2020-12-13,50,9.705710023641586
98_osh,2020-12-14,5,9.575334951281548
98_osh,2020-12-14,10,9.575334951281548
98_osh,2020-12-14,15,9.575334951281548
98_osh,2020-12-14,20,9.575334951281548
98_osh,2020-12-14,30,9.575334951281548
98_osh,2020-12-14,40,9.575334951281548
98_osh,2020-12-14,50,9.575334951281548
98_osh,2020-12-15,5,9.436170548200607
98_osh,2020-12-15,10,9.436902992427347
98_osh,2020-12-15,15,9.436902992427347
98_osh,2020-12-15,20,9.436902992427347
98_osh,2020-12-15,30,9.436902992427347
98_osh,2020-12-15,40,9.436902992427347
98_osh,2020-12-15,50,9.436902992427347
98_osh,2020-12-16,5,9.344615019857883
98_osh,2020-12-16,10,9.344615019857883
98_osh,2020-12-16,15,9.344615019857883
98_osh,2020-12-16,20,9.344615019857883
98_osh,2020-12-16,30,9.344615019857883
98_osh,2020-12-16,40,9.344615019857883
98_osh,2020-12-16,50,9.344615019857883
98_osh,2020-12-17,5,9.280892372131348
98_osh,2020-12-17,10,9.280892372131348
98_osh,2020-12-17,15,9.280892372131348
98_osh,2020-12-17,20,9.280892372131348
98_osh,2020-12-17,30,9.280892372131348
98_osh,2020-12-17,40,9.280892372131348
98_osh,2020-12-17,50,9.280892372131348
98_osh,2020-12-18,5,9.23255105316639
98_osh,2020-12-18,10,9.233283497393131
98_osh,2020-12-18,15,9.233283497393131
98_osh,2020-12-18,20,9.233283497393131
98_osh,2020-12-18,30,9.233283497393131
98_osh,2020-12-18,40,9.233283497393131
98_osh,2020-12-18,50,9.233283497393131
98_osh,2020-12-19,5,9.149052411317824
98_osh,2020-12-19,10,9.149052411317824
98_osh,2020-12-19,15,9.149052411317824
98_osh,2020-12-19,20,9.149052411317824
98_osh,2020-12-19,30,9.149052411317824
98_osh,2020-12-19,40,9.149052411317824
98_osh,2020-12-19,50,9.149052411317824
98_osh,2020-12-20,5,9.07287821173668
98_osh,2020-12-20,10,9.07287821173668
98_osh,2020-12-20,15,9.07287821173668
98_osh,2020-12-20,20,9.07287821173668
98_osh,2020-12-20,30,9.07287821173668
98_osh,2020-12-20,40,9.07287821173668
98_osh,2020-12-20,50,9.07287821173668
98_osh,2020-12-21,5,8.994506679475307
98_osh,2020-12-21,10,8.994506679475307
98_osh,2020-12-21,15,8.994506679475307
98_osh,2020-12-21,20,8.994506679475307
98_osh,2020-12-21,30,8.994506679475307
98_osh,2020-12-21,40,8.99523912370205
98_osh,2020-12-21,50,8.99523912370205
98_osh,2020-12-22,5,8.937376029789448
98_osh,2020-12-22,10,8.937376029789448
98_osh,2020-12-22,15,8.937376029789448
98_osh,2020-12-22,20,8.937376029789448
98_osh,2020-12-22,30,8.937376029789448
98_osh,2020-12-22,40,8.937376029789448
98_osh,2020-12-22,50,8.937376029789448
98_osh,2020-12-23,5,8.875118270516396
98_osh,2020-12-23,10,8.875118270516396
98_osh,2020-12-23,15,8.875850714743137
98_osh,2020-12-23,20,8.875850714743137
98_osh,2020-12-23,30,8.875850714743137
98_osh,2020-12-23,40,8.875850714743137
98_osh,2020-12-23,50,8.875850714743137
98_osh,2020-12-24,5,8.8033387362957
98_osh,2020-12-24,10,8.804803624749184
98_osh,2020-12-24,15,8.806268513202667
98_osh,2020-12-24,20,8.807000957429409
98_osh,2020-12-24,30,8.807000957429409
98_osh,2020-12-24,40,8.807000957429409
98_osh,2020-12-24,50,8.807000957429409
98_osh,2020-12-25,5,8.681752994656563
98_osh,2020-12-25,10,8.681752994656563
98_osh,2020-12-25,15,8.681752994656563
98_osh,2020-12-25,20,8.681752994656563
98_osh,2020-12-25,30,8.681752994656563
98_osh,2020-12-25,40,8.681752994656563
98_osh,2020-12-25,50,8.681752994656563
98_osh,2020-12-26,5,8.518417932093143
98_osh,2020-12-26,10,8.518417932093143
98_osh,2020-12-26,15,8.518417932093143
98_osh,2020-12-26,20,8.518417932093143
98_osh,2020-12-26,30,8.518417932093143
98_osh,2020-12-26,40,8.519150376319885
98_osh,2020-12-26,50,8.519150376319885
98_osh,2020-12-27,5,8.41441085189581
98_osh,2020-12-27,10,8.41441085189581
98_osh,2020-12-27,15,8.41441085189581
98_osh,2020-12-27,20,8.41441085189581
98_osh,2020-12-27,30,8.41441085189581
98_osh,2020-12-27,40,8.415143296122551
98_osh,2020-12-27,50,8.415143296122551
98_osh,2020-12-28,5,8.371929086744785
98_osh,2020-12-28,10,8.371929086744785
98_osh,2020-12-28,15,8.371929086744785
98_osh,2020-12-28,20,8.371929086744785
98_osh,2020-12-28,30,8.371929086744785
98_osh,2020-12-28,40,8.371929086744785
98_osh,2020-12-28,50,8.371929086744785
98_osh,2020-12-29,5,8.294289998710155
98_osh,2020-12-29,10,8.294289998710155
98_osh,2020-12-29,15,8.294289998710155
98_osh,2020-12-29,20,8.294289998710155
98_osh,2020-12-29,30,8.294289998710155
98_osh,2020-12-29,40,8.294289998710155
98_osh,2020-12-29,50,8.294289998710155
98_osh,2020-12-30,5,8.203466914594173
98_osh,2020-12-30,10,8.203466914594173
98_osh,2020-12-30,15,8.203466914594173
98_osh,2020-12-30,20,8.203466914594173
98_osh,2020-12-30,30,8.203466914594173
98_osh,2020-12-30,40,8.203466914594173
98_osh,2020-12-30,50,8.203466914594173
98_osh,2020-12-31,5,8.024750523269176
98_osh,2020-12-31,10,8.024750523269176
98_osh,2020-12-31,15,8.024750523269176
98_osh,2020-12-31,20,8.024750523269176
98_osh,2020-12-31,30,8.024750523269176
98_osh,2020-12-31,40,8.024750523269176
98_osh,2020-12-31,50,8.024750523269176
98_osh,2021-01-01,5,7.796227924525738
98_osh,2021-01-01,10,7.796227924525738
98_osh,2021-01-01,15,7.796227924525738
98_osh,2021-01-01,20,7.796227924525738
98_osh,2021-01-01,30,7.796227924525738
98_osh,2021-01-01,40,7.796227924525738
98_osh,2021-01-01,50,7.796960368752479
98_osh,2021-01-02,5,7.6079897582530975
98_osh,2021-01-02,10,7.6079897582530975
98_osh,2021-01-02,15,7.6079897582530975
98_osh,2021-01-02,20,7.6079897582530975
98_osh,2021-01-02,30,7.6079897582530975
98_osh,2021-01-02,40,7.6079897582530975
98_osh,2021-01-02,50,7.6079897582530975
98_osh,2021-01-03,5,7.462965801358223
98_osh,2021-01-03,10,7.462965801358223
98_osh,2021-01-03,15,7.462965801358223
98_osh,2021-01-03,20,7.462965801358223
98_osh,2021-01-03,30,7.462965801358223
98_osh,2021-01-03,40,7.462965801358223
98_osh,2021-01-03,50,7.462965801358223
98_osh,2021-01-04,5,7.335520505905151
98_osh,2021-01-04,10,7.335520505905151
98_osh,2021-01-04,15,7.335520505905151
98_osh,2021-01-04,20,7.335520505905151
98_osh,2021-01-04,30,7.335520505905151
98_osh,2021-01-04,40,7.335520505905151
98_osh,2021-01-04,50,7.336252950131893
98_osh,2021-01-05,5,7.231513425707817
98_osh,2021-01-05,10,7.231513425707817
98_osh,2021-01-05,15,7.232245869934559
98_osh,2021-01-05,20,7.232245869934559
98_osh,2021-01-05,30,7.232245869934559
98_osh,2021-01-05,40,7.232245869934559
98_osh,2021-01-05,50,7.232245869934559
98_osh,2021-01-06,5,7.156071670353413
98_osh,2021-01-06,10,7.156071670353413
98_osh,2021-01-06,15,7.156071670353413
98_osh,2021-01-06,20,7.156071670353413
98_osh,2021-01-06,30,7.156071670353413
98_osh,2021-01-06,40,7.156071670353413
98_osh,2021-01-06,50,7.156071670353413
98_osh,2021-01-07,5,7.075502805411816
98_osh,2021-01-07,10,7.076235249638557
98_osh,2021-01-07,15,7.076235249638557
98_osh,2021-01-07,20,7.076235249638557
98_osh,2021-01-07,30,7.076235249638557
98_osh,2021-01-07,40,7.076235249638557
98_osh,2021-01-07,50,7.076235249638557
98_osh,2021-01-08,5,6.964171282947064
98_osh,2021-01-08,10,6.964171282947064
98_osh,2021-01-08,15,6.964171282947064
98_osh,2021-01-08,20,6.964171282947064
98_osh,2021-01-08,30,6.964171282947064
98_osh,2021-01-08,40,6.964171282947064
98_osh,2021-01-08,50,6.964171282947064
98_osh,2021-01-09,5,6.852839760482311
98_osh,2021-01-09,10,6.852839760482311
98_osh,2021-01-09,15,6.852839760482311
98_osh,2021-01-09,20,6.852839760482311
98_osh,2021-01-09,30,6.852839760482311
98_osh,2021-01-09,40,6.852839760482311
98_osh,2021-01-09,50,6.852839760482311
98_osh,2021-01-10,5,6.74590290337801
98_osh,2021-01-10,10,6.74590290337801
98_osh,2021-01-10,15,6.74590290337801
98_osh,2021-01-10,20,6.74590290337801
98_osh,2021-01-10,30,6.74590290337801
98_osh,2021-01-10,40,6.74590290337801
98_osh,2021-01-10,50,6.74590290337801
98_osh,2021-01-11,5,6.661671817302704
98_osh,2021-01-11,10,6.661671817302704
98_osh,2021-01-11,15,6.661671817302704
98_osh,2021-01-11,20,6.661671817302704
98_osh,2021-01-11,30,6.661671817302704
98_osh,2021-01-11,40,6.661671817302704
98_osh,2021-01-11,50,6.661671817302704
98_osh,2021-01-12,5,6.620654940605164
98_osh,2021-01-12,10,6.621387384831905
98_osh,2021-01-12,15,6.622852273285389
98_osh,2021-01-12,20,6.623584717512131
98_osh,2021-01-12,30,6.625782050192356
98_osh,2021-01-12,40,6.62724693864584
98_osh,2021-01-12,50,6.6279793828725815
98_osh,2021-01-13,5,6.612598054111004
98_osh,2021-01-13,10,6.612598054111004
98_osh,2021-01-13,15,6.612598054111004
98_osh,2021-01-13,20,6.612598054111004
98_osh,2021-01-13,30,6.614062942564488
98_osh,2021-01-13,40,6.614795386791229
98_osh,2021-01-13,50,6.615527831017971
98_osh,2021-01-14,5,6.5789056196808815
98_osh,2021-01-14,10,6.5789056196808815
98_osh,2021-01-14,15,6.5789056196808815
98_osh,2021-01-14,20,6.5789056196808815
98_osh,2021-01-14,30,6.5789056196808815
98_osh,2021-01-14,40,6.5789056196808815
98_osh,2021-01-14,50,6.5789056196808815
98_osh,2021-01-15,5,6.537156298756599
98_osh,2021-01-15,10,6.537888742983341
98_osh,2021-01-15,15,6.539353631436825
98_osh,2021-01-15,20,6.539353631436825
98_osh,2021-01-15,30,6.54155096411705
98_osh,2021-01-15,40,6.542283408343792
98_osh,2021-01-15,50,6.542283408343792
98_osh,2021-01-16,5,6.518112748861313
98_osh,2021-01-16,10,6.518112748861313
98_osh,2021-01-16,15,6.518112748861313
98_osh,2021-01-16,20,6.518112748861313
98_osh,2021-01-16,30,6.518845193088055
98_osh,2021-01-16,40,6.5195776373147964
98_osh,2021-01-16,50,6.523239858448505
98_osh,2021-01-17,5,6.485885202884674
98_osh,2021-01-17,10,6.485885202884674
98_osh,2021-01-17,15,6.485885202884674
98_osh,2021-01-17,20,6.485885202884674
98_osh,2021-01-17,30,6.485885202884674
98_osh,2021-01-17,40,6.485885202884674
98_osh,2021-01-17,50,6.485152758657932
98_osh,2021-01-18,5,6.429486997425556
98_osh,2021-01-18,10,6.429486997425556
98_osh,2021-01-18,15,6.429486997425556
98_osh,2021-01-18,20,6.429486997425556
98_osh,2021-01-18,30,6.429486997425556
98_osh,2021-01-18,40,6.429486997425556
98_osh,2021-01-18,50,6.429486997425556
98_osh,2021-01-19,5,6.334269247949123
98_osh,2021-01-19,10,6.334269247949123
98_osh,2021-01-19,15,6.335001692175865
98_osh,2021-01-19,20,6.335001692175865
98_osh,2021-01-19,30,6.335001692175865
98_osh,2021-01-19,40,6.335001692175865
98_osh,2021-01-19,50,6.335001692175865
98_osh,2021-01-20,5,6.215613283216953
98_osh,2021-01-20,10,6.215613283216953
98_osh,2021-01-20,15,6.215613283216953
98_osh,2021-01-20,20,6.215613283216953
98_osh,2021-01-20,30,6.215613283216953
98_osh,2021-01-20,40,6.215613283216953
98_osh,2021-01-20,50,6.215613283216953
98_osh,2021-01-21,5,6.146031081676483
98_osh,2021-01-21,10,6.146031081676483
98_osh,2021-01-21,15,6.146031081676483
98_osh,2021-01-21,20,6.146031081676483
98_osh,2021-01-21,30,6.146031081676483
98_osh,2021-01-21,40,6.145298637449741
98_osh,2021-01-21,50,6.145298637449741
98_osh,2021-01-22,5,6.077913768589497
98_osh,2021-01-22,10,6.077913768589497
98_osh,2021-01-22,15,6.077913768589497
98_osh,2021-01-22,20,6.077913768589497
98_osh,2021-01-22,30,6.077181324362755
98_osh,2021-01-22,40,6.076448880136013
98_osh,2021-01-22,50,6.076448880136013
98_osh,2021-01-23,5,6.007599122822285
98_osh,2021-01-23,10,6.007599122822285
98_osh,2021-01-23,15,6.007599122822285
98_osh,2021-01-23,20,6.007599122822285
98_osh,2021-01-23,30,6.006866678595543
98_osh,2021-01-23,40,6.006866678595543
98_osh,2021-01-23,50,6.006866678595543
98_osh,2021-01-24,5,5.959257803857327
98_osh,2021-01-24,10,5.959257803857327
98_osh,2021-01-24,15,5.957792915403843
98_osh,2021-01-24,20,5.957792915403843
98_osh,2021-01-24,30,5.9555955827236176
98_osh,2021-01-24,40,5.954130694270134
98_osh,2021-01-24,50,5.956328026950359
98_osh,2021-01-25,5,5.9241004809737206
98_osh,2021-01-25,10,5.921903148293495
98_osh,2021-01-25,15,5.921170704066753
98_osh,2021-01-25,20,5.920438259840012
98_osh,2021-01-25,30,5.920438259840012
98_osh,2021-01-25,40,5.926297813653946
98_osh,2021-01-25,50,5.925565369427204
98_osh,2021-01-26,5,5.902127154171467
98_osh,2021-01-26,10,5.905056931078434
98_osh,2021-01-26,15,5.907986707985401
98_osh,2021-01-26,20,5.908719152212143
98_osh,2021-01-26,30,5.91164892911911
98_osh,2021-01-26,40,5.916776038706303
98_osh,2021-01-26,50,5.915311150252819
98_osh,2021-01-27,5,5.941679142415524
98_osh,2021-01-27,10,5.943876475095749
98_osh,2021-01-27,15,5.9453413635492325
98_osh,2021-01-27,20,5.946073807775974
98_osh,2021-01-27,30,5.950468473136425
98_osh,2021-01-27,40,5.9944151267409325
98_osh,2021-01-27,50,5.970244467258453
98_osh,2021-01-28,5,5.880886271595955
98_osh,2021-01-28,10,5.88308360427618
98_osh,2021-01-28,15,5.885280936956406
98_osh,2021-01-28,20,5.886013381183147
98_osh,2021-01-28,30,5.907986707985401
98_osh,2021-01-28,40,6.005401790142059
98_osh,2021-01-28,50,6.009064011275768
98_osh,2021-01-29,5,5.728537872433662
98_osh,2021-01-29,10,5.73586231470108
98_osh,2021-01-29,15,5.746116533875465
98_osh,2021-01-29,20,5.750511199235916
98_osh,2021-01-29,30,5.858180500566959
98_osh,2021-01-29,40,5.9241004809737206
98_osh,2021-01-29,50,5.953398250043392
98_osh,2021-01-30,5,5.456801064312458
98_osh,2021-01-30,10,5.456801064312458
98_osh,2021-01-30,15,5.456801064312458
98_osh,2021-01-30,20,5.4575335085392
98_osh,2021-01-30,30,5.742454312741756
98_osh,2021-01-30,40,5.857448056340218
98_osh,2021-01-30,50,5.894802711904049
98_osh,2021-01-31,5,5.075930066406727
98_osh,2021-01-31,10,5.075930066406727
98_osh,2021-01-31,15,5.075930066406727
98_osh,2021-01-31,20,5.076662510633469
98_osh,2021-01-31,30,5.600360132753849
98_osh,2021-01-31,40,5.77248452603817
98_osh,2021-01-31,50,5.863307610154152
98_osh,2021-02-01,5,4.711172841489315
98_osh,2021-02-01,10,4.731681279838085
98_osh,2021-02-01,15,4.765373714268208
98_osh,2021-02-01,20,4.801263481378555
98_osh,2021-02-01,30,5.346201986074448
98_osh,2021-02-01,40,5.5776543617248535
98_osh,2021-02-01,50,5.74391920119524
98_osh,2021-02-02,5,4.416730262339115
98_osh,2021-02-02,10,4.416730262339115
98_osh,2021-02-02,15,4.427716925740242
98_osh,2021-02-02,20,4.451155140995979
98_osh,2021-02-02,30,5.030518524348736
98_osh,2021-02-02,40,5.405529968440533
98_osh,2021-02-02,50,5.615009017288685
98_osh,2021-02-03,5,4.002899274230003
98_osh,2021-02-03,10,4.002899274230003
98_osh,2021-02-03,15,4.002899274230003
98_osh,2021-02-03,20,4.002899274230003
98_osh,2021-02-03,30,4.747062608599663
98_osh,2021-02-03,40,5.284676671028137
98_osh,2021-02-03,50,5.565202809870243
98_osh,2021-02-04,5,3.632282495498657
98_osh,2021-02-04,10,3.632282495498657
98_osh,2021-02-04,15,3.632282495498657
98_osh,2021-02-04,20,3.633014939725399
98_osh,2021-02-04,30,4.589587099850178
98_osh,2021-02-04,40,5.1784722581505775
98_osh,2021-02-04,50,5.535905040800571
98_osh,2021-02-05,5,3.4674825444817543
98_osh,2021-02-05,10,3.46967987716198
98_osh,2021-02-05,15,3.48213142901659
98_osh,2021-02-05,20,3.492385648190975
98_osh,2021-02-05,30,4.462874248623848
98_osh,2021-02-05,40,5.105227835476399
98_osh,2021-02-05,50,5.593768134713173
98_osh,2021-02-06,5,3.276314601302147
98_osh,2021-02-06,10,3.279976822435856
98_osh,2021-02-06,15,3.394970566034317
98_osh,2021-02-06,20,3.5114291980862617
98_osh,2021-02-06,30,4.359599612653256
98_osh,2021-02-06,40,4.89721367508173
98_osh,2021-02-06,50,5.504409939050674
98_osh,2021-02-07,5,3.1583910807967186
98_osh,2021-02-07,10,3.159855969250202
98_osh,2021-02-07,15,3.238959945738316
98_osh,2021-02-07,20,3.419141225516796
98_osh,2021-02-07,30,4.262916974723339
98_osh,2021-02-07,40,4.862056352198124
98_osh,2021-02-07,50,5.49855038523674
98_osh,2021-02-08,5,3.1093173176050186
98_osh,2021-02-08,10,3.1093173176050186
98_osh,2021-02-08,15,3.110782206058502
98_osh,2021-02-08,20,3.1371501982212067
98_osh,2021-02-08,30,4.113498352468014
98_osh,2021-02-08,40,4.862788796424866
98_osh,2021-02-08,50,5.5183263793587685
98_osh,2021-02-09,5,3.069765329360962
98_osh,2021-02-09,10,3.069765329360962
98_osh,2021-02-09,15,3.069765329360962
98_osh,2021-02-09,20,3.071230217814445
98_osh,2021-02-09,30,3.942838847637177
98_osh,2021-02-09,40,4.864986129105091
98_osh,2021-02-09,50,5.499282829463482
98_osh,2021-02-10,5,3.0324106737971306
98_osh,2021-02-10,10,3.0324106737971306
98_osh,2021-02-10,15,3.0324106737971306
98_osh,2021-02-10,20,3.0331431180238724
98_osh,2021-02-10,30,3.893032640218735
98_osh,2021-02-10,40,4.896481230854988
98_osh,2021-02-10,50,5.417249076068401
98_osh,2021-02-11,5,2.9774773567914963
98_osh,2021-02-11,10,2.9774773567914963
98_osh,2021-02-11,15,2.978209801018238
98_osh,2021-02-11,20,2.98699913173914
98_osh,2021-02-11,30,4.2306894287467
98_osh,2021-02-11,40,5.011474974453449
98_osh,2021-02-11,50,5.346934430301189
98_osh,2021-02-12,5,2.9664906933903694
98_osh,2021-02-12,10,2.9635609164834023
98_osh,2021-02-12,15,2.97894224524498
98_osh,2021-02-12,20,3.060243554413318
98_osh,2021-02-12,30,4.54124578088522
98_osh,2021-02-12,40,5.078859843313694
98_osh,2021-02-12,50,5.25318156927824
98_osh,2021-02-13,5,3.02801600843668
98_osh,2021-02-13,10,3.031678229570389
98_osh,2021-02-13,15,3.076357327401638
98_osh,2021-02-13,20,3.2638630494475365
98_osh,2021-02-13,30,4.573473326861858
98_osh,2021-02-13,40,5.019531860947609
98_osh,2021-02-13,50,5.089846506714821
98_osh,2021-02-14,5,3.121768869459629
98_osh,2021-02-14,10,3.1305582001805305
98_osh,2021-02-14,15,3.234565280377865
98_osh,2021-02-14,20,3.3971678987145424
98_osh,2021-02-14,30,4.380840495228767
98_osh,2021-02-14,40,4.873775459825993
98_osh,2021-02-14,50,4.886959455907345
98_osh,2021-02-15,5,3.219916395843029
98_osh,2021-02-15,10,3.223578616976738
98_osh,2021-02-15,15,3.2777794897556305
98_osh,2021-02-15,20,3.351756356656552
98_osh,2021-02-15,30,4.004364162683487
98_osh,2021-02-15,40,4.549302667379379
98_osh,2021-02-15,50,4.678945295512676
98_osh,2021-02-16,5,3.246284388005733
98_osh,2021-02-16,10,3.2499466091394424
98_osh,2021-02-16,15,3.268990159034729
98_osh,2021-02-16,20,3.286568820476532
98_osh,2021-02-16,30,3.5026398673653603
98_osh,2021-02-16,40,4.30832851678133
98_osh,2021-02-16,50,4.542710669338703
98_osh,2021-02-17,5,3.144474640488625
98_osh,2021-02-17,10,3.144474640488625
98_osh,2021-02-17,15,3.144474640488625
98_osh,2021-02-17,20,3.144474640488625
98_osh,2021-02-17,30,3.250679053366184
98_osh,2021-02-17,40,4.109836131334305
98_osh,2021-02-17,50,4.313455626368523
98_osh,2021-02-18,5,3.1517990827560425
98_osh,2021-02-18,10,3.1510666385293007
98_osh,2021-02-18,15,3.149601750075817
98_osh,2021-02-18,20,3.1517990827560425
98_osh,2021-02-18,30,3.521683417260647
98_osh,2021-02-18,40,4.157445006072521
98_osh,2021-02-18,50,4.3735160529613495
98_osh,2021-02-19,5,3.2147892862558365
98_osh,2021-02-19,10,3.21625417470932
98_osh,2021-02-19,15,3.2191839516162872
98_osh,2021-02-19,20,3.223578616976738
98_osh,2021-02-19,30,3.752403348684311
98_osh,2021-02-19,40,4.343485839664936
98_osh,2021-02-19,50,4.640125751495361
98_osh,2021-02-20,5,3.32245858758688
98_osh,2021-02-20,10,3.320993699133396
98_osh,2021-02-20,15,3.320993699133396
98_osh,2021-02-20,20,3.3275856971740723
98_osh,2021-02-20,30,3.764854900538922
98_osh,2021-02-20,40,4.427716925740242
98_osh,2021-02-20,50,4.777092821896076
98_osh,2021-02-21,5,3.37153235077858
98_osh,2021-02-21,10,3.37153235077858
98_osh,2021-02-21,15,3.37153235077858
98_osh,2021-02-21,20,3.37153235077858
98_osh,2021-02-21,30,3.669637151062489
98_osh,2021-02-21,40,4.446760475635529
98_osh,2021-02-21,50,4.837153248488903
98_osh,2021-02-22,5,3.437452331185341
98_osh,2021-02-22,10,3.43305766582489
98_osh,2021-02-22,15,3.430127888917923
98_osh,2021-02-22,20,3.430127888917923
98_osh,2021-02-22,30,3.6483962684869766
98_osh,2021-02-22,40,4.374980941414833
98_osh,2021-02-22,50,4.728019058704376
98_osh,2021-02-23,5,3.4872585386037827
98_osh,2021-02-23,10,3.4879909828305244
98_osh,2021-02-23,15,3.490920759737492
98_osh,2021-02-23,20,3.494582980871201
98_osh,2021-02-23,30,3.630085162818432
98_osh,2021-02-23,40,4.436506256461144
98_osh,2021-02-23,50,4.749259941279888
98_osh,2021-02-24,5,3.500442534685135
98_osh,2021-02-24,10,3.500442534685135
98_osh,2021-02-24,15,3.500442534685135
98_osh,2021-02-24,20,3.500442534685135
98_osh,2021-02-24,30,3.509964309632778
98_osh,2021-02-24,40,4.5309915617108345
98_osh,2021-02-24,50,4.826166585087776
98_osh,2021-02-25,5,3.460890546441078
98_osh,2021-02-25,10,3.468947432935238
98_osh,2021-02-25,15,3.472609654068947
98_osh,2021-02-25,20,3.4740745425224304
98_osh,2021-02-25,30,3.5202185288071632
98_osh,2021-02-25,40,4.585192434489727
98_osh,2021-02-25,50,4.843745246529579
98_osh,2021-02-26,5,3.4389172196388245
98_osh,2021-02-26,10,3.4389172196388245
98_osh,2021-02-26,15,3.4389172196388245
98_osh,2021-02-26,20,3.4396496638655663
98_osh,2021-02-26,30,3.5202185288071632
98_osh,2021-02-26,40,4.634266197681427
98_osh,2021-02-26,50,4.828363917768002
98_osh,2021-02-27,5,3.398632787168026
98_osh,2021-02-27,10,3.395703010261059
98_osh,2021-02-27,15,3.39204078912735
98_osh,2021-02-27,20,3.391308344900608
98_osh,2021-02-27,30,3.523880749940872
98_osh,2021-02-27,40,4.632801309227943
98_osh,2021-02-27,50,4.768303491175175
98_osh,2021-02-28,5,3.3971678987145424
98_osh,2021-02-28,10,3.394970566034317
98_osh,2021-02-28,15,3.3898434564471245
98_osh,2021-02-28,20,3.391308344900608
98_osh,2021-02-28,30,3.5612354055047035
98_osh,2021-02-28,40,4.585192434489727
98_osh,2021-02-28,50,4.683339960873127
98_osh,2021-03-01,5,3.3964354544878006
98_osh,2021-03-01,10,3.3891110122203827
98_osh,2021-03-01,15,3.38398390263319
98_osh,2021-03-01,20,3.38398390263319
98_osh,2021-03-01,30,3.5341349691152573
98_osh,2021-03-01,40,4.444563142955303
98_osh,2021-03-01,50,4.523667119443417
98_osh,2021-03-02,5,3.1832941845059395
98_osh,2021-03-02,10,3.258735939860344
98_osh,2021-03-02,15,3.349559023976326
98_osh,2021-03-02,20,3.367137685418129
98_osh,2021-03-02,30,3.60078739374876
98_osh,2021-03-02,40,4.340556062757969
98_osh,2021-03-02,50,4.36545916646719
98_osh,2021-03-03,5,3.060243554413318
98_osh,2021-03-03,10,3.0675679966807365
98_osh,2021-03-03,15,3.307077258825302
98_osh,2021-03-03,20,3.359813243150711
98_osh,2021-03-03,30,3.636677160859108
98_osh,2021-03-03,40,4.241676092147827
98_osh,2021-03-03,50,4.328104510903359
98_osh,2021-03-04,5,3.1305582001805305
98_osh,2021-03-04,10,3.139347530901432
98_osh,2021-03-04,15,3.307077258825302
98_osh,2021-03-04,20,3.370799906551838
98_osh,2021-03-04,30,3.5619678497314453
98_osh,2021-03-04,40,4.041718818247318
98_osh,2021-03-04,50,4.199194326996803
98_osh,2021-03-05,5,3.3407696932554245
98_osh,2021-03-05,10,3.289498597383499
98_osh,2021-03-05,15,3.350291468203068
98_osh,2021-03-05,20,3.3905759006738663
98_osh,2021-03-05,30,3.476271875202656
98_osh,2021-03-05,40,3.757530458271504
98_osh,2021-03-05,50,3.9223304092884064
98_osh,2021-03-06,5,3.321726143360138
98_osh,2021-03-06,10,3.323191031813621
98_osh,2021-03-06,15,3.3473616912961006
98_osh,2021-03-06,20,3.414014115929604
98_osh,2021-03-06,30,3.474806986749172
98_osh,2021-03-06,40,3.632282495498657
98_osh,2021-03-06,50,3.714316248893738
98_osh,2021-03-07,5,3.3334452509880066
98_osh,2021-03-07,10,3.328318141400814
98_osh,2021-03-07,15,3.33491013944149
98_osh,2021-03-07,20,3.4169438928365707
98_osh,2021-03-07,30,3.507034532725811
98_osh,2021-03-07,40,3.5993225052952766
98_osh,2021-03-07,50,3.6689047068357463
98_osh,2021-03-08,5,3.4044923409819603
98_osh,2021-03-08,10,3.392773233354092
98_osh,2021-03-08,15,3.399365231394768
98_osh,2021-03-08,20,3.454298548400402
98_osh,2021-03-08,30,3.555375851690769
98_osh,2021-03-08,40,3.615436278283596
98_osh,2021-03-08,50,3.6689047068357463
98_osh,2021-03-09,5,3.4887234270572662
98_osh,2021-03-09,10,3.4638203233480453
98_osh,2021-03-09,15,3.4594256579875946
98_osh,2021-03-09,20,3.507034532725811
98_osh,2021-03-09,30,3.601519837975502
98_osh,2021-03-09,40,3.632282495498657
98_osh,2021-03-09,50,3.663045153021813
98_osh,2021-03-10,5,3.5231483057141304
98_osh,2021-03-10,10,3.519486084580421
98_osh,2021-03-10,15,3.53926207870245
98_osh,2021-03-10,20,3.5502487421035767
98_osh,2021-03-10,30,3.631550051271915
98_osh,2021-03-10,40,3.6520584896206856
98_osh,2021-03-10,50,3.674764260649681
98_osh,2021-03-11,5,3.5575731843709946
98_osh,2021-03-11,10,3.5297403037548065
98_osh,2021-03-11,15,3.5092318654060364
98_osh,2021-03-11,20,3.5304727479815483
98_osh,2021-03-11,30,3.633014939725399
98_osh,2021-03-11,40,3.662312708795071
98_osh,2021-03-11,50,3.668172262609005
98_osh,2021-03-12,5,3.5480514094233517
98_osh,2021-03-12,10,3.5121616423130035
98_osh,2021-03-12,15,3.4843287616968155
98_osh,2021-03-12,20,3.498245202004909
98_osh,2021-03-12,30,3.616168722510338
98_osh,2021-03-12,40,3.663045153021813
98_osh,2021-03-12,50,3.668172262609005
98_osh,2021-03-13,5,3.4916532039642334
98_osh,2021-03-13,10,3.4667501002550125
98_osh,2021-03-13,15,3.4425794407725334
98_osh,2021-03-13,20,3.4557634368538857
98_osh,2021-03-13,30,3.581011399626732
98_osh,2021-03-13,40,3.660115376114845
98_osh,2021-03-13,50,3.66597492992878
98_osh,2021-03-14,5,3.391308344900608
98_osh,2021-03-14,10,3.367137685418129
98_osh,2021-03-14,15,3.359813243150711
98_osh,2021-03-14,20,3.3788567930459976
98_osh,2021-03-14,30,3.527542971074581
98_osh,2021-03-14,40,3.643269158899784
98_osh,2021-03-14,50,3.66597492992878
98_osh,2021-03-15,5,3.2916959300637245
98_osh,2021-03-15,10,3.2499466091394424
98_osh,2021-03-15,15,3.2418897226452827
98_osh,2021-03-15,20,3.262398160994053
98_osh,2021-03-15,30,3.444044329226017
98_osh,2021-03-15,40,3.598590061068535
98_osh,2021-03-15,50,3.6425367146730414
98_osh,2021-03-16,5,3.2118595093488693
98_osh,2021-03-16,10,3.1056550964713097
98_osh,2021-03-16,15,3.0719626620411877
98_osh,2021-03-16,20,3.093203544616699
98_osh,2021-03-16,30,3.3165990337729454
98_osh,2021-03-16,40,3.5114291980862617
98_osh,2021-03-16,50,3.5817438438534737
98_osh,2021-03-17,5,3.0858791023492813
98_osh,2021-03-17,10,2.99945068359375
98_osh,2021-03-17,15,2.908627599477768
98_osh,2021-03-17,20,2.935728035867214
98_osh,2021-03-17,30,3.199407957494259
98_osh,2021-03-17,40,3.4323252215981483
98_osh,2021-03-17,50,3.535599857568741
98_osh,2021-03-18,5,2.922544039785862
98_osh,2021-03-18,10,2.843440063297749
98_osh,2021-03-18,15,2.7797174155712128
98_osh,2021-03-18,20,2.806085407733917
98_osh,2021-03-18,30,3.091006211936474
98_osh,2021-03-18,40,3.352488800883293
98_osh,2021-03-18,50,3.494582980871201
98_osh,2021-03-19,5,2.8200018480420117
98_osh,2021-03-19,10,2.7489547580480576
98_osh,2021-03-19,15,2.697683662176132
98_osh,2021-03-19,20,2.722586765885353
98_osh,2021-03-19,30,3.017029345035553
98_osh,2021-03-19,40,3.307077258825302
98_osh,2021-03-19,50,3.49018831551075
98_osh,2021-03-20,5,2.748222313821316
98_osh,2021-03-20,10,2.719656988978386
98_osh,2021-03-20,15,2.6610614508390427
98_osh,2021-03-20,20,2.667653448879719
98_osh,2021-03-20,30,2.912289820611477
98_osh,2021-03-20,40,3.21625417470932
98_osh,2021-03-20,50,3.426465667784214
98_osh,2021-03-21,5,2.6508072316646576
98_osh,2021-03-21,10,2.6471450105309486
98_osh,2021-03-21,15,2.6193121299147606
98_osh,2021-03-21,20,2.5988036915659904
98_osh,2021-03-21,30,2.730643652379513
98_osh,2021-03-21,40,3.027283564209938
98_osh,2021-03-21,50,3.220648840069771
98_osh,2021-03-22,5,2.6749778911471367
98_osh,2021-03-22,10,2.6273690164089203
98_osh,2021-03-22,15,2.544602818787098
98_osh,2021-03-22,20,2.527024157345295
98_osh,2021-03-22,30,2.622974351048469
98_osh,2021-03-22,40,2.92181159555912
98_osh,2021-03-22,50,3.0888088792562485
98_osh,2021-03-23,5,2.7145298793911934
98_osh,2021-03-23,10,2.6471450105309486
98_osh,2021-03-23,15,2.525559268891812
98_osh,2021-03-23,20,2.49626149982214
98_osh,2021-03-23,30,2.524094380438328
98_osh,2021-03-23,40,2.792168967425823
98_osh,2021-03-23,50,2.935728035867214
98_osh,2021-03-24,5,2.767998307943344
98_osh,2021-03-24,10,2.668385893106461
98_osh,2021-03-24,15,2.5218970477581024
98_osh,2021-03-24,20,2.4830775037407875
98_osh,2021-03-24,30,2.4581744000315666
98_osh,2021-03-24,40,2.697683662176132
98_osh,2021-03-24,50,2.868343167006969
98_osh,2021-03-25,5,2.8258614018559456
98_osh,2021-03-25,10,2.6786401122808456
98_osh,2021-03-25,15,2.5321512669324875
98_osh,2021-03-25,20,2.491866834461689
98_osh,2021-03-25,30,2.4383984059095383
98_osh,2021-03-25,40,2.666188560426235
98_osh,2021-03-25,50,2.88518938422203
98_osh,2021-03-26,5,3.0778222158551216
98_osh,2021-03-26,10,2.767998307943344
98_osh,2021-03-26,15,2.5922116935253143
98_osh,2021-03-26,20,2.5431379303336143
98_osh,2021-03-26,30,2.463301509618759
98_osh,2021-03-26,40,2.705740548670292
98_osh,2021-03-26,50,2.9950560182332997
98_osh,2021-03-27,5,3.2287057265639305
98_osh,2021-03-27,10,2.8822596073150635
98_osh,2021-03-27,15,2.664723671972752
98_osh,2021-03-27,20,2.6046632453799248
98_osh,2021-03-27,30,2.495529055595398
98_osh,2021-03-27,40,2.748222313821316
98_osh,2021-03-27,50,3.090273767709732
98_osh,2021-03-28,5,3.370067462325096
98_osh,2021-03-28,10,2.9774773567914963
98_osh,2021-03-28,15,2.729178763926029
98_osh,2021-03-28,20,2.659596562385559
98_osh,2021-03-28,30,2.509445495903492
98_osh,2021-03-28,40,2.7218543216586117
98_osh,2021-03-28,50,3.070497773587704
98_osh,2021-03-29,5,3.641071826219559
98_osh,2021-03-29,10,3.1298257559537888
98_osh,2021-03-29,15,2.803888075053692
98_osh,2021-03-29,20,2.7167272120714188
98_osh,2021-03-29,30,2.5211646035313606
98_osh,2021-03-29,40,2.69255655258894
98_osh,2021-03-29,50,3.0089724585413933
98_osh,2021-03-30,5,3.906216636300087
98_osh,2021-03-30,10,3.324655920267105
98_osh,2021-03-30,15,2.887386716902256
98_osh,2021-03-30,20,2.781914748251438
98_osh,2021-03-30,30,2.5350810438394547
98_osh,2021-03-30,40,2.652272120118141
98_osh,2021-03-30,50,2.8822596073150635
98_osh,2021-03-31,5,4.057832591235638
98_osh,2021-03-31,10,3.411816783249378
98_osh,2021-03-31,15,2.9415875896811485
98_osh,2021-03-31,20,2.82366406917572
98_osh,2021-03-31,30,2.542405486106873
98_osh,2021-03-31,40,2.621509462594986
98_osh,2021-03-31,50,2.7848445251584053
98_osh,2021-04-01,5,4.239478759467602
98_osh,2021-04-01,10,3.507766976952553
98_osh,2021-04-01,15,2.992126241326332
98_osh,2021-04-01,20,2.8580889478325844
98_osh,2021-04-01,30,2.543870374560356
98_osh,2021-04-01,40,2.617114797234535
98_osh,2021-04-01,50,2.7987609654664998
98_osh,2021-04-02,5,4.400616489350796
98_osh,2021-04-02,10,3.62935271859169
98_osh,2021-04-02,15,3.0675679966807365
98_osh,2021-04-02,20,2.915952041745186
98_osh,2021-04-02,30,2.5533921495079994
98_osh,2021-04-02,40,2.6083254665136337
98_osh,2021-04-02,50,2.821466736495495
98_osh,2021-04-03,5,4.550035111606121
98_osh,2021-04-03,10,3.795617558062077
98_osh,2021-04-03,15,3.160588413476944
98_osh,2021-04-03,20,2.9862666875123978
98_osh,2021-04-03,30,2.565111257135868
98_osh,2021-04-03,40,2.5914792492985725
98_osh,2021-04-03,50,2.8229316249489784
98_osh,2021-04-04,5,4.583727546036243
98_osh,2021-04-04,10,3.871059313416481
98_osh,2021-04-04,15,3.196478180587292
98_osh,2021-04-04,20,3.0089724585413933
98_osh,2021-04-04,30,2.565111257135868
98_osh,2021-04-04,40,2.58635213971138
98_osh,2021-04-04,50,2.8339182883501053
98_osh,2021-04-05,5,4.6254768669605255
98_osh,2021-04-05,10,3.9530930668115616
98_osh,2021-04-05,15,3.247749276459217
98_osh,2021-04-05,20,3.043397337198257
98_osh,2021-04-05,30,2.5702383667230606
98_osh,2021-04-05,40,2.592944137752056
98_osh,2021-04-05,50,2.8507645055651665
98_osh,2021-04-06,5,4.80712303519249
98_osh,2021-04-06,10,4.141331233084202
98_osh,2021-04-06,15,3.373729683458805
98_osh,2021-04-06,20,3.140812419354916
98_osh,2021-04-06,30,2.590014360845089
98_osh,2021-04-06,40,2.568773478269577
98_osh,2021-04-06,50,2.778984971344471
98_osh,2021-04-07,5,4.875240348279476
98_osh,2021-04-07,10,4.339823618531227
98_osh,2021-04-07,15,3.5055696442723274
98_osh,2021-04-07,20,3.240424834191799
98_osh,2021-04-07,30,2.6053956896066666
98_osh,2021-04-07,40,2.5314188227057457
98_osh,2021-04-07,50,2.681569889187813
98_osh,2021-04-08,5,4.81151770055294
98_osh,2021-04-08,10,4.528794229030609
98_osh,2021-04-08,15,3.536332301795482
98_osh,2021-04-08,20,3.241157278418541
98_osh,2021-04-08,30,2.5636463686823845
98_osh,2021-04-08,40,2.506515718996525
98_osh,2021-04-08,50,2.7028107717633247
98_osh,2021-04-09,5,4.719229727983475
98_osh,2021-04-09,10,4.505356013774872
98_osh,2021-04-09,15,3.51875364035368
98_osh,2021-04-09,20,3.2213812842965126
98_osh,2021-04-09,30,2.5284890457987785
98_osh,2021-04-09,40,2.4728232845664024
98_osh,2021-04-09,50,2.717459656298161
98_osh,2021-04-10,5,4.74999238550663
98_osh,2021-04-10,10,4.51268045604229
98_osh,2021-04-10,15,3.567094959318638
98_osh,2021-04-10,20,3.2528763860464096
98_osh,2021-04-10,30,2.5072481632232666
98_osh,2021-04-10,40,2.445722848176956
98_osh,2021-04-10,50,2.7599414214491844
98_osh,2021-04-11,5,4.870113238692284
98_osh,2021-04-11,10,4.518540009856224
98_osh,2021-04-11,15,3.598590061068535
98_osh,2021-04-11,20,3.275582157075405
98_osh,2021-04-11,30,2.4867397248744965
98_osh,2021-04-11,40,2.409100636839866
98_osh,2021-04-11,50,2.7518845349550247
98_osh,2021-04-12,5,4.955809213221073
98_osh,2021-04-12,10,4.511215567588806
98_osh,2021-04-12,15,3.619098499417305
98_osh,2021-04-12,20,3.293160818517208
98_osh,2021-04-12,30,2.4647663980722427
98_osh,2021-04-12,40,2.362224206328392
98_osh,2021-04-12,50,2.697683662176132
98_osh,2021-04-13,5,5.030518524348736
98_osh,2021-04-13,10,4.498764015734196
98_osh,2021-04-13,15,3.612506501376629
98_osh,2021-04-13,20,3.28583637624979
98_osh,2021-04-13,30,2.429609075188637
98_osh,2021-04-13,40,2.3072908893227577
98_osh,2021-04-13,50,2.6097903549671173
98_osh,2021-04-14,5,5.026123858988285
98_osh,2021-04-14,10,4.630603976547718
98_osh,2021-04-14,15,3.590533174574375
98_osh,2021-04-14,20,3.24481949955225
98_osh,2021-04-14,30,2.3841975331306458
98_osh,2021-04-14,40,2.286782450973988
98_osh,2021-04-14,50,2.6017334684729576
98_osh,2021-04-15,5,4.998290978372097
98_osh,2021-04-15,10,4.695059068500996
98_osh,2021-04-15,15,3.5971251726150517
98_osh,2021-04-15,20,3.2250435054302216
98_osh,2021-04-15,30,2.370281092822552
98_osh,2021-04-15,40,2.313882887363434
98_osh,2021-04-15,50,2.6544694527983665
98_osh,2021-04-16,5,5.1997131407260895
98_osh,2021-04-16,10,4.672353297472
98_osh,2021-04-16,15,3.617633610963821
98_osh,2021-04-16,20,3.2528763860464096
98_osh,2021-04-16,30,2.399578861892224
98_osh,2021-04-16,40,2.3153477758169174
98_osh,2021-04-16,50,2.6405530124902725
98_osh,2021-04-17,5,5.254646457731724
98_osh,2021-04-17,10,4.7060457319021225
98_osh,2021-04-17,15,3.6952726989984512
98_osh,2021-04-17,20,3.331247918307781
98_osh,2021-04-17,30,2.436201073229313
98_osh,2021-04-17,40,2.32047488540411
98_osh,2021-04-17,50,2.666921004652977
98_osh,2021-04-18,5,5.259041123092175
98_osh,2021-04-18,10,4.696523956954479
98_osh,2021-04-18,15,3.693075366318226
98_osh,2021-04-18,20,3.325388364493847
98_osh,2021-04-18,30,2.436201073229313
98_osh,2021-04-18,40,2.351969987154007
98_osh,2021-04-18,50,2.742362760007381
98_osh,2021-04-19,5,5.38795130699873
98_osh,2021-04-19,10,4.7690359354019165
98_osh,2021-04-19,15,3.663045153021813
98_osh,2021-04-19,20,3.2645954936742783
98_osh,2021-04-19,30,2.408368192613125
98_osh,2021-04-19,40,2.428144186735153
98_osh,2021-04-19,50,2.867610722780228
98_osh,2021-04-20,5,5.28174689412117
98_osh,2021-04-20,10,4.914059892296791
98_osh,2021-04-20,15,3.660847820341587
98_osh,2021-04-20,20,3.245551943778992
98_osh,2021-04-20,30,2.4156926348805428
98_osh,2021-04-20,40,2.453779734671116
98_osh,2021-04-20,50,2.8580889478325844
98_osh,2021-04-21,5,5.128666050732136
98_osh,2021-04-21,10,4.960936322808266
98_osh,2021-04-21,15,3.654255822300911
98_osh,2021-04-21,20,3.2191839516162872
98_osh,2021-04-21,30,2.4303415194153786
98_osh,2021-04-21,40,2.516037493944168
98_osh,2021-04-21,50,2.964293360710144
98_osh,2021-04-22,5,5.258308678865433
98_osh,2021-04-22,10,4.949217215180397
98_osh,2021-04-22,15,3.6483962684869766
98_osh,2021-04-22,20,3.2279732823371887
98_osh,2021-04-22,30,2.4647663980722427
98_osh,2021-04-22,40,2.5812250301241875
98_osh,2021-04-22,50,3.098330654203892
98_osh,2021-04-23,5,5.453871287405491
98_osh,2021-04-23,10,5.00781275331974
98_osh,2021-04-23,15,3.751670904457569
98_osh,2021-04-23,20,3.323191031813621
98_osh,2021-04-23,30,2.512375272810459
98_osh,2021-04-23,40,2.622974351048469
98_osh,2021-04-23,50,3.1723075211048126
98_osh,2021-04-24,5,5.691183216869831
98_osh,2021-04-24,10,5.061281181871891
98_osh,2021-04-24,15,3.7809686735272408
98_osh,2021-04-24,20,3.3480941355228424
98_osh,2021-04-24,30,2.5489974841475487
98_osh,2021-04-24,40,2.666188560426235
98_osh,2021-04-24,50,3.198675513267517
98_osh,2021-04-25,5,5.811304070055485
98_osh,2021-04-25,10,5.017334528267384
98_osh,2021-04-25,15,3.720908246934414
98_osh,2021-04-25,20,3.304147481918335
98_osh,2021-04-25,30,2.5775628089904785
98_osh,2021-04-25,40,2.7167272120714188
98_osh,2021-04-25,50,3.197210624814033
98_osh,2021-04-26,5,5.701437436044216
98_osh,2021-04-26,10,5.081057175993919
98_osh,2021-04-26,15,3.728232689201832
98_osh,2021-04-26,20,3.315134145319462
98_osh,2021-04-26,30,2.6127201318740845
98_osh,2021-04-26,40,2.759208977222442
98_osh,2021-04-26,50,3.181096851825714
98_osh,2021-04-27,5,5.794457852840424
98_osh,2021-04-27,10,5.132328271865845
98_osh,2021-04-27,15,3.762657567858696
98_osh,2021-04-27,20,3.343699470162392
98_osh,2021-04-27,30,2.656666785478592
98_osh,2021-04-27,40,2.778984971344471
98_osh,2021-04-27,50,3.1342204213142395
98_osh,2021-04-28,5,5.983428463339806
98_osh,2021-04-28,10,5.097903393208981
98_osh,2021-04-28,15,3.7963500022888175
98_osh,2021-04-28,20,3.3832514584064484
98_osh,2021-04-28,30,2.6969512179493904
98_osh,2021-04-28,40,2.751152090728283
98_osh,2021-04-28,50,3.0038453489542007
98_osh,2021-04-29,5,6.056672886013985
98_osh,2021-04-29,10,5.040040299296379
98_osh,2021-04-29,15,3.762657567858696
98_osh,2021-04-29,20,3.364207908511162
98_osh,2021-04-29,30,2.7042756602168083
98_osh,2021-04-29,40,2.7343058735132217
98_osh,2021-04-29,50,2.9064302667975426
98_osh,2021-04-30,5,6.105746649205685
98_osh,2021-04-30,10,4.8986785635352135
98_osh,2021-04-30,15,3.616168722510338
98_osh,2021-04-30,20,3.262398160994053
98_osh,2021-04-30,30,2.688161887228489
98_osh,2021-04-30,40,2.7394329831004143
98_osh,2021-04-30,50,2.890316493809223
98_osh,2021-05-01,5,6.132847085595131
98_osh,2021-05-01,10,4.968993209302425
98_osh,2021-05-01,15,3.608111836016178
98_osh,2021-05-01,20,3.258003495633602
98_osh,2021-05-01,30,2.6888943314552307
98_osh,2021-05-01,40,2.750419646501541
98_osh,2021-05-01,50,2.907895155251026
98_osh,2021-05-02,5,6.155552856624126
98_osh,2021-05-02,10,4.985839426517487
98_osh,2021-05-02,15,3.619098499417305
98_osh,2021-05-02,20,3.2711874917149544
98_osh,2021-05-02,30,2.6940214410424232
98_osh,2021-05-02,40,2.7526169791817665
98_osh,2021-05-02,50,2.915952041745186
98_osh,2021-05-03,5,5.982696019113064
98_osh,2021-05-03,10,5.1191442757844925
98_osh,2021-05-03,15,3.650593601167202
98_osh,2021-05-03,20,3.28583637624979
98_osh,2021-05-03,30,2.695486329495907
98_osh,2021-05-03,40,2.7658009752631187
98_osh,2021-05-03,50,2.933530703186989
98_osh,2021-05-04,5,5.9944151267409325
98_osh,2021-05-04,10,5.12646871805191
98_osh,2021-05-04,15,3.681356258690357
98_osh,2021-05-04,20,3.315134145319462
98_osh,2021-05-04,30,2.7079378813505173
98_osh,2021-05-04,40,2.7658009752631187
98_osh,2021-05-04,50,2.92986848205328
98_osh,2021-05-05,5,6.360637240111828
98_osh,2021-05-05,10,5.313241995871067
98_osh,2021-05-05,15,3.82564777135849
98_osh,2021-05-05,20,3.44111455231905
98_osh,2021-05-05,30,2.742362760007381
98_osh,2021-05-05,40,2.7430952042341232
98_osh,2021-05-05,50,2.886654272675514
98_osh,2021-05-06,5,6.638233602046967
98_osh,2021-05-06,10,5.872096940875053
98_osh,2021-05-06,15,4.102511689066887
98_osh,2021-05-06,20,3.6762291491031647
98_osh,2021-05-06,30,2.8258614018559456
98_osh,2021-05-06,40,2.7284463196992874
98_osh,2021-05-06,50,2.852961838245392
98_osh,2021-05-07,5,6.846980206668377
98_osh,2021-05-07,10,6.036896891891956
98_osh,2021-05-07,15,4.364726722240448
98_osh,2021-05-07,20,3.919400632381439
98_osh,2021-05-07,30,2.9276711493730545
98_osh,2021-05-07,40,2.715994767844677
98_osh,2021-05-07,50,2.825128957629204
98_osh,2021-05-08,5,7.316476956009865
98_osh,2021-05-08,10,6.238319054245949
98_osh,2021-05-08,15,4.626941755414009
98_osh,2021-05-08,20,4.155980117619038
98_osh,2021-05-08,30,3.021424010396004
98_osh,2021-05-08,40,2.715262323617935
98_osh,2021-05-08,50,2.8536942824721336
98_osh,2021-05-09,5,7.542069777846336
98_osh,2021-05-09,10,6.430219441652298
98_osh,2021-05-09,15,4.892086565494537
98_osh,2021-05-09,20,4.399151600897312
98_osh,2021-05-09,30,3.121768869459629
98_osh,2021-05-09,40,2.71306499093771
98_osh,2021-05-09,50,2.875667609274388
98_osh,2021-05-10,5,7.493728458881378
98_osh,2021-05-10,10,6.617725163698196
98_osh,2021-05-10,15,5.0034180879592896
98_osh,2021-05-10,20,4.503891125321388
98_osh,2021-05-10,30,3.148136861622333
98_osh,2021-05-10,40,2.715994767844677
98_osh,2021-05-10,50,2.9349955916404724
98_osh,2021-05-11,5,7.461500912904739
98_osh,2021-05-11,10,6.735648684203625
98_osh,2021-05-11,15,5.116214498877525
98_osh,2021-05-11,20,4.619617313146591
98_osh,2021-05-11,30,3.1759697422385216
98_osh,2021-05-11,40,2.7181921005249023
98_osh,2021-05-11,50,2.981872022151947
98_osh,2021-05-12,5,7.630695529282093
98_osh,2021-05-12,10,6.825006879866123
98_osh,2021-05-12,15,5.313241995871067
98_osh,2021-05-12,20,4.821771919727325
98_osh,2021-05-12,30,3.2565386071801186
98_osh,2021-05-12,40,2.721121877431869
98_osh,2021-05-12,50,2.994323574006557
98_osh,2021-05-13,5,7.868739902973175
98_osh,2021-05-13,10,7.016174823045731
98_osh,2021-05-13,15,5.526383265852928
98_osh,2021-05-13,20,5.017334528267384
98_osh,2021-05-13,30,3.320993699133396
98_osh,2021-05-13,40,2.723319210112095
98_osh,2021-05-13,50,2.989196464419365
98_osh,2021-05-14,5,8.115573607385159
98_osh,2021-05-14,10,7.223456539213657
98_osh,2021-05-14,15,5.680928997695446
98_osh,2021-05-14,20,5.139652714133263
98_osh,2021-05-14,30,3.332712806761265
98_osh,2021-05-14,40,2.726981431245804
98_osh,2021-05-14,50,2.98699913173914
98_osh,2021-05-15,5,8.538193926215172
98_osh,2021-05-15,10,7.416089370846748
98_osh,2021-05-15,15,5.875759162008762
98_osh,2021-05-15,20,5.305917553603649
98_osh,2021-05-15,30,3.3861812353134155
98_osh,2021-05-15,40,2.726248987019062
98_osh,2021-05-15,50,2.960631139576435
98_osh,2021-05-16,5,8.864131607115269
98_osh,2021-05-16,10,7.646076858043671
98_osh,2021-05-16,15,6.104281760752201
98_osh,2021-05-16,20,5.505142383277416
98_osh,2021-05-16,30,3.4601581022143364
98_osh,2021-05-16,40,2.7247840985655785
98_osh,2021-05-16,50,2.933530703186989
98_osh,2021-05-17,5,8.972533352673054
98_osh,2021-05-17,10,7.799890145659447
98_osh,2021-05-17,15,6.235389277338982
98_osh,2021-05-17,20,5.607684575021267
98_osh,2021-05-17,30,3.472609654068947
98_osh,2021-05-17,40,2.7181921005249023
98_osh,2021-05-17,50,2.9137547090649605
98_osh,2021-05-18,5,9.177617736160755
98_osh,2021-05-18,10,7.96469009667635
98_osh,2021-05-18,15,6.378215901553631
98_osh,2021-05-18,20,5.716818764805794
98_osh,2021-05-18,30,3.4916532039642334
98_osh,2021-05-18,40,2.709402769804001
98_osh,2021-05-18,50,2.883724495768547
98_osh,2021-05-19,5,9.450819432735443
98_osh,2021-05-19,10,8.150730930268764
98_osh,2021-05-19,15,6.559862069785595
98_osh,2021-05-19,20,5.874294273555279
98_osh,2021-05-19,30,3.556108295917511
98_osh,2021-05-19,40,2.7079378813505173
98_osh,2021-05-19,50,2.852961838245392
98_osh,2021-05-20,5,9.70717491209507
98_osh,2021-05-20,10,8.273781560361385
98_osh,2021-05-20,15,6.63969849050045
98_osh,2021-05-20,20,5.928495146334171
98_osh,2021-05-20,30,3.572954513132572
98_osh,2021-05-20,40,2.7181921005249023
98_osh,2021-05-20,50,2.8610187247395515
98_osh,2021-05-21,5,10.230140089988708
98_osh,2021-05-21,10,8.486922830343246
98_osh,2021-05-21,15,6.849909983575344
98_osh,2021-05-21,20,6.158482633531094
98_osh,2021-05-21,30,3.7047944739460954
98_osh,2021-05-21,40,2.748222313821316
98_osh,2021-05-21,50,2.8544267266988754
98_osh,2021-05-22,5,10.498214676976204
98_osh,2021-05-22,10,8.7051912099123
98_osh,2021-05-22,15,6.9568468406796455
98_osh,2021-05-22,20,6.274941265583038
98_osh,2021-05-22,30,3.752403348684311
98_osh,2021-05-22,40,2.7658009752631187
98_osh,2021-05-22,50,2.858821392059326
98_osh,2021-05-23,5,10.556810215115547
98_osh,2021-05-23,10,8.855342276394367
98_osh,2021-05-23,15,7.010315269231796
98_osh,2021-05-23,20,6.322550140321255
98_osh,2021-05-23,30,3.761192679405213
98_osh,2021-05-23,40,2.7731254175305367
98_osh,2021-05-23,50,2.8793298304080963
98_osh,2021-05-24,5,10.606616422533987
98_osh,2021-05-24,10,8.86486405134201
98_osh,2021-05-24,15,6.948789954185486
98_osh,2021-05-24,20,6.238319054245949
98_osh,2021-05-24,30,3.6901455894112583
98_osh,2021-05-24,40,2.7665334194898605
98_osh,2021-05-24,50,2.92181159555912
98_osh,2021-05-25,5,10.679860845208168
98_osh,2021-05-25,10,8.830439172685146
98_osh,2021-05-25,15,6.8836024180054665
98_osh,2021-05-25,20,6.143101304769516
98_osh,2021-05-25,30,3.6344798281788826
98_osh,2021-05-25,40,2.762871198356152
98_osh,2021-05-25,50,2.9525742530822754
98_osh,2021-05-26,5,10.785332813858986
98_osh,2021-05-26,10,8.781365409493446
98_osh,2021-05-26,15,6.756889566779137
98_osh,2021-05-26,20,5.954863138496876
98_osh,2021-05-26,30,3.5509811863303185
98_osh,2021-05-26,40,2.759208977222442
98_osh,2021-05-26,50,2.97894224524498
98_osh,2021-05-27,5,10.665944404900074
98_osh,2021-05-27,10,8.793084517121315
98_osh,2021-05-27,15,6.773735783994198
98_osh,2021-05-27,20,5.93215736746788
98_osh,2021-05-27,30,3.55977051705122
98_osh,2021-05-27,40,2.7599414214491844
98_osh,2021-05-27,50,2.982604466378689
98_osh,2021-05-28,5,10.679128400981426
98_osh,2021-05-28,10,8.782097853720188
98_osh,2021-05-28,15,6.817682437598705
98_osh,2021-05-28,20,5.979033797979355
98_osh,2021-05-28,30,3.568559847772121
98_osh,2021-05-28,40,2.7636036425828934
98_osh,2021-05-28,50,3.001648016273976
98_osh,2021-05-29,5,10.865901678800585
98_osh,2021-05-29,10,9.245735049247742
98_osh,2021-05-29,15,7.108462795615196
98_osh,2021-05-29,20,6.31229592114687
98_osh,2021-05-29,30,3.7040620297193527
98_osh,2021-05-29,40,2.776055194437504
98_osh,2021-05-29,50,2.9840693548321724
98_osh,2021-05-30,5,10.942808322608473
98_osh,2021-05-30,10,9.091189317405224
98_osh,2021-05-30,15,6.943662844598293
98_osh,2021-05-30,20,6.146763525903225
98_osh,2021-05-30,30,3.635944716632366
98_osh,2021-05-30,40,2.7709280848503117
98_osh,2021-05-30,50,2.992126241326332
98_osh,2021-05-31,5,10.975768312811852
98_osh,2021-05-31,10,9.01208534091711
98_osh,2021-05-31,15,6.874080643057823
98_osh,2021-05-31,20,6.077181324362755
98_osh,2021-05-31,30,3.60884428024292
98_osh,2021-05-31,40,2.778984971344471
98_osh,2021-05-31,50,3.034608006477356
98_osh,2021-06-01,5,10.961851872503756
98_osh,2021-06-01,10,9.11828975379467
98_osh,2021-06-01,15,6.889461971819401
98_osh,2021-06-01,20,6.050080887973309
98_osh,2021-06-01,30,3.546586520969868
98_osh,2021-06-01,40,2.789239190518856
98_osh,2021-06-01,50,3.0895413234829903
98_osh,2021-06-02,5,10.990417197346687
98_osh,2021-06-02,10,9.177617736160755
98_osh,2021-06-02,15,6.866023756563664
98_osh,2021-06-02,20,5.987090684473515
98_osh,2021-06-02,30,3.531937636435032
98_osh,2021-06-02,40,2.80315563082695
98_osh,2021-06-02,50,3.1019928753376007
98_osh,2021-06-03,5,11.17499314248562
98_osh,2021-06-03,10,9.25305949151516
98_osh,2021-06-03,15,6.9780877232551575
98_osh,2021-06-03,20,6.083040878176689
98_osh,2021-06-03,30,3.650593601167202
98_osh,2021-06-03,40,2.8500320613384247
98_osh,2021-06-03,50,3.09759820997715
98_osh,2021-06-04,5,11.602740570902824
98_osh,2021-06-04,10,10.223548091948032
98_osh,2021-06-04,15,7.430738255381584
98_osh,2021-06-04,20,6.561326958239079
98_osh,2021-06-04,30,3.941373959183693
98_osh,2021-06-04,40,2.9306009262800217
98_osh,2021-06-04,50,3.0675679966807365
98_osh,2021-06-05,5,12.097872868180277
98_osh,2021-06-05,10,11.177190475165844
98_osh,2021-06-05,15,7.9617603197693825
98_osh,2021-06-05,20,7.028626374900341
98_osh,2021-06-05,30,4.202856548130512
98_osh,2021-06-05,40,3.0397351160645485
98_osh,2021-06-05,50,3.071230217814445
98_osh,2021-06-06,5,12.608386494219303
98_osh,2021-06-06,10,11.514114819467068
98_osh,2021-06-06,15,8.335306875407696
98_osh,2021-06-06,20,7.298898294568062
98_osh,2021-06-06,30,4.301736518740654
98_osh,2021-06-06,40,3.110782206058502
98_osh,2021-06-06,50,3.1159093156456947
98_osh,2021-06-07,5,12.919675290584564
98_osh,2021-06-07,10,11.655476555228232
98_osh,2021-06-07,15,8.579943247139454
98_osh,2021-06-07,20,7.503982678055763
98_osh,2021-06-07,30,4.405743598937988
98_osh,2021-06-07,40,3.173772409558296
98_osh,2021-06-07,50,3.1701101884245872
98_osh,2021-06-08,5,13.011230818927288
98_osh,2021-06-08,10,11.50679037719965
98_osh,2021-06-08,15,8.405621521174908
98_osh,2021-06-08,20,7.315744511783123
98_osh,2021-06-08,30,4.274636082351208
98_osh,2021-06-08,40,3.176702186465264
98_osh,2021-06-08,50,3.238227501511574
98_osh,2021-06-09,5,12.995117045938969
98_osh,2021-06-09,10,11.244575344026089
98_osh,2021-06-09,15,8.144138932228088
98_osh,2021-06-09,20,7.08941924571991
98_osh,2021-06-09,30,4.177953444421291
98_osh,2021-06-09,40,3.2016052901744843
98_osh,2021-06-09,50,3.31440170109272
98_osh,2021-06-10,5,12.919675290584564
98_osh,2021-06-10,10,11.000671416521072
98_osh,2021-06-10,15,7.957365654408932
98_osh,2021-06-10,20,6.917294852435589
98_osh,2021-06-10,30,4.129612125456333
98_osh,2021-06-10,40,3.2331003919243813
98_osh,2021-06-10,50,3.3693350180983543
98_osh,2021-06-11,5,12.867671750485895
98_osh,2021-06-11,10,10.894467003643513
98_osh,2021-06-11,15,7.934659883379936
98_osh,2021-06-11,20,6.863826423883438
98_osh,2021-06-11,30,4.1325419023633
98_osh,2021-06-11,40,3.266060382127762
98_osh,2021-06-11,50,3.4066896736621857
98_osh,2021-06-12,5,12.949705503880978
98_osh,2021-06-12,10,10.72966705262661
98_osh,2021-06-12,15,7.840907022356987
98_osh,2021-06-12,20,6.744438014924526
98_osh,2021-06-12,30,4.120822794735432
98_osh,2021-06-12,40,3.29389326274395
98_osh,2021-06-12,50,3.440382108092308
98_osh,2021-06-13,5,12.896969519555569
98_osh,2021-06-13,10,10.54948577284813
98_osh,2021-06-13,15,7.740562163293362
98_osh,2021-06-13,20,6.63164160400629
98_osh,2021-06-13,30,4.125217460095882
98_osh,2021-06-13,40,3.324655920267105
98_osh,2021-06-13,50,3.476271875202656
98_osh,2021-06-14,5,12.618640713393688
98_osh,2021-06-14,10,10.289468072354794
98_osh,2021-06-14,15,7.616779088973999
98_osh,2021-06-14,20,6.535691410303116
98_osh,2021-06-14,30,4.1178930178284645
98_osh,2021-06-14,40,3.3539536893367767
98_osh,2021-06-14,50,3.5121616423130035
98_osh,2021-06-15,5,12.642078928649426
98_osh,2021-06-15,10,10.258705414831638
98_osh,2021-06-15,15,7.68269906938076
98_osh,2021-06-15,20,6.630909159779549
98_osh,2021-06-15,30,4.156712561845779
98_osh,2021-06-15,40,3.384716346859932
98_osh,2021-06-15,50,3.5407269671559334
98_osh,2021-06-16,5,13.045655697584152
98_osh,2021-06-16,10,10.396404929459097
98_osh,2021-06-16,15,7.810144364833832
98_osh,2021-06-16,20,6.794244222342968
98_osh,2021-06-16,30,4.222632542252541
98_osh,2021-06-16,40,3.425733223557472
98_osh,2021-06-16,50,3.568559847772121
98_osh,2021-06-17,5,13.329111613333223
98_osh,2021-06-17,10,10.542161330580711
98_osh,2021-06-17,15,7.933927439153194
98_osh,2021-06-17,20,6.950987286865711
98_osh,2021-06-17,30,4.319315180182457
98_osh,2021-06-17,40,3.497512757778168
98_osh,2021-06-17,50,3.61690116673708
98_osh,2021-06-18,5,13.43751335889101
98_osh,2021-06-18,10,10.756767489016056
98_osh,2021-06-18,15,8.15292826294899
98_osh,2021-06-18,20,7.197088547050953
98_osh,2021-06-18,30,4.480452910065651
98_osh,2021-06-18,40,3.584673620760441
98_osh,2021-06-18,50,3.667439818382263
98_osh,2021-06-19,5,13.893826112151146
98_osh,2021-06-19,10,11.443800173699856
98_osh,2021-06-19,15,8.674428552389145
98_osh,2021-06-19,20,7.755211047828197
98_osh,2021-06-19,30,4.766106158494949
98_osh,2021-06-19,40,3.69893492013216
98_osh,2021-06-19,50,3.720175802707672
98_osh,2021-06-20,5,13.794946141541004
98_osh,2021-06-20,10,12.489730529487131
98_osh,2021-06-20,15,9.28968170285225
98_osh,2021-06-20,20,8.36533708870411
98_osh,2021-06-20,30,5.100833170115948
98_osh,2021-06-20,40,3.844691321253777
98_osh,2021-06-20,50,3.790490448474884
98_osh,2021-06-21,5,13.89162877947092
98_osh,2021-06-21,10,13.211188092827795
98_osh,2021-06-21,15,9.992095716297626
98_osh,2021-06-21,20,8.874385826289654
98_osh,2021-06-21,30,5.419446408748627
98_osh,2021-06-21,40,3.989715278148651
98_osh,2021-06-21,50,3.863734871149063
98_osh,2021-06-22,5,14.066682949662209
98_osh,2021-06-22,10,13.58473464846611
98_osh,2021-06-22,15,10.645435966551304
98_osh,2021-06-22,20,9.358531460165976
98_osh,2021-06-22,30,5.620868571102619
98_osh,2021-06-22,40,4.097384579479694
98_osh,2021-06-22,50,3.948698401451111
98_osh,2021-06-23,5,14.23514512181282
98_osh,2021-06-23,10,13.909207440912724
98_osh,2021-06-23,15,11.3061006590724
98_osh,2021-06-23,20,9.9320352897048
98_osh,2021-06-23,30,5.871364496648312
98_osh,2021-06-23,40,4.214575655758381
98_osh,2021-06-23,50,4.04245126247406
98_osh,2021-06-24,5,14.347941532731056
98_osh,2021-06-24,10,14.109897159039974
98_osh,2021-06-24,15,11.7074800953269
98_osh,2021-06-24,20,10.280678741633892
98_osh,2021-06-24,30,5.963652469217777
98_osh,2021-06-24,40,4.2651143074035645
98_osh,2021-06-24,50,4.092257469892502
98_osh,2021-06-25,5,14.52153081446886
98_osh,2021-06-25,10,14.224158458411694
98_osh,2021-06-25,15,11.742637418210506
98_osh,2021-06-25,20,10.273354299366474
98_osh,2021-06-25,30,5.894802711904049
98_osh,2021-06-25,40,4.273171193897724
98_osh,2021-06-25,50,4.112765908241272
98_osh,2021-06-26,5,14.714896090328692
98_osh,2021-06-26,10,14.239539787173271
98_osh,2021-06-26,15,11.523636594414713
98_osh,2021-06-26,20,10.023590818047523
98_osh,2021-06-26,30,5.771752081811428
98_osh,2021-06-26,40,4.277565859258175
98_osh,2021-06-26,50,4.12814723700285
98_osh,2021-06-27,5,14.86431471258402
98_osh,2021-06-27,10,14.197058022022247
98_osh,2021-06-27,15,11.321481987833977
98_osh,2021-06-27,20,9.791405998170376
98_osh,2021-06-27,30,5.71535387635231
98_osh,2021-06-27,40,4.306131184101105
98_osh,2021-06-27,50,4.152317896485329
98_osh,2021-06-28,5,14.96685690432787
98_osh,2021-06-28,10,14.118686489760876
98_osh,2021-06-28,15,11.199163801968098
98_osh,2021-06-28,20,9.652241595089436
98_osh,2021-06-28,30,5.716086320579052
98_osh,2021-06-28,40,4.348612949252129
98_osh,2021-06-28,50,4.184545442461968
98_osh,2021-06-29,5,15.247383043169975
98_osh,2021-06-29,10,14.137730039656162
98_osh,2021-06-29,15,11.42475662380457
98_osh,2021-06-29,20,9.897610411047935
98_osh,2021-06-29,30,5.876491606235504
98_osh,2021-06-29,40,4.428449369966984
98_osh,2021-06-29,50,4.232154317200184
98_osh,2021-06-30,5,15.554277174174786
98_osh,2021-06-30,10,14.219763793051245
98_osh,2021-06-30,15,11.621784120798113
98_osh,2021-06-30,20,10.139317005872726
98_osh,2021-06-30,30,6.005401790142059
98_osh,2021-06-30,40,4.500228904187679
98_osh,2021-06-30,50,4.268776528537273
98_osh,2021-07-01,5,16.203955203294754
98_osh,2021-07-01,10,14.577196575701237
98_osh,2021-07-01,15,12.151341296732426
98_osh,2021-07-01,20,10.76702170819044
98_osh,2021-07-01,30,6.303506590425968
98_osh,2021-07-01,40,4.618884868919849
98_osh,2021-07-01,50,4.332499176263809
98_osh,2021-07-02,5,16.48081912100315
98_osh,2021-07-02,10,15.246650598943232
98_osh,2021-07-02,15,12.912350848317146
98_osh,2021-07-02,20,11.595416128635406
98_osh,2021-07-02,30,6.748100236058235
98_osh,2021-07-02,40,4.813715033233166
98_osh,2021-07-02,50,4.4504226967692375
98_osh,2021-07-03,5,16.666127510368824
98_osh,2021-07-03,10,15.925626397132874
98_osh,2021-07-03,15,13.659443959593771
98_osh,2021-07-03,20,12.303689695894718
98_osh,2021-07-03,30,7.074770361185074
98_osh,2021-07-03,40,4.949949659407139
98_osh,2021-07-03,50,4.550767555832863
98_osh,2021-07-04,5,16.993530079722404
98_osh,2021-07-04,10,16.474227122962475
98_osh,2021-07-04,15,14.429242841899397
98_osh,2021-07-04,20,13.10205390304327
98_osh,2021-07-04,30,7.446852028369904
98_osh,2021-07-04,40,5.0737327337265015
98_osh,2021-07-04,50,4.64378797262907
98_osh,2021-07-05,5,16.927610099315643
98_osh,2021-07-05,10,16.91442610323429
98_osh,2021-07-05,15,15.258369706571102
98_osh,2021-07-05,20,13.954618982970716
98_osh,2021-07-05,30,7.810876809060574
98_osh,2021-07-05,40,5.173345148563385
98_osh,2021-07-05,50,4.695791512727737
98_osh,2021-07-06,5,17.197882018983364
98_osh,2021-07-06,10,16.993530079722404
98_osh,2021-07-06,15,15.303048804402351
98_osh,2021-07-06,20,13.881374560296535
98_osh,2021-07-06,30,7.744224384427071
98_osh,2021-07-06,40,5.18359936773777
98_osh,2021-07-06,50,4.704580843448639
98_osh,2021-07-07,5,17.41688284277916
98_osh,2021-07-07,10,17.017700739204884
98_osh,2021-07-07,15,15.100161753594875
98_osh,2021-07-07,20,13.631611078977585
98_osh,2021-07-07,30,7.844569243490696
98_osh,2021-07-07,40,5.270027786493301
98_osh,2021-07-07,50,4.75804927200079
98_osh,2021-07-08,5,17.512833036482334
98_osh,2021-07-08,10,16.910763882100582
98_osh,2021-07-08,15,15.058412432670591
98_osh,2021-07-08,20,13.712912388145924
98_osh,2021-07-08,30,8.1653798148036
98_osh,2021-07-08,40,5.426038406789303
98_osh,2021-07-08,50,4.864253684878349
98_osh,2021-07-09,5,17.697408981621265
98_osh,2021-07-09,10,16.858027897775173
98_osh,2021-07-09,15,15.177800841629503
98_osh,2021-07-09,20,13.928983435034752
98_osh,2021-07-09,30,8.366801977157593
98_osh,2021-07-09,40,5.474379725754261
98_osh,2021-07-09,50,4.841547913849354
98_osh,2021-07-10,5,17.624164558947086
98_osh,2021-07-10,10,16.99938963353634
98_osh,2021-07-10,15,15.292794585227966
98_osh,2021-07-10,20,14.097445607185364
98_osh,2021-07-10,30,8.52500993013382
98_osh,2021-07-10,40,5.517593935132027
98_osh,2021-07-10,50,4.820307031273842
98_osh,2021-07-11,5,17.663716547191143
98_osh,2021-07-11,10,17.09021271765232
98_osh,2021-07-11,15,15.291329696774485
98_osh,2021-07-11,20,14.054231397807598
98_osh,2021-07-11,30,8.519150376319885
98_osh,2021-07-11,40,5.521256156265736
98_osh,2021-07-11,50,4.8195745870471
98_osh,2021-07-12,5,17.772118292748928
98_osh,2021-07-12,10,17.127567373216152
98_osh,2021-07-12,15,15.193914614617825
98_osh,2021-07-12,20,13.87917722761631
98_osh,2021-07-12,30,8.401226855814457
98_osh,2021-07-12,40,5.472182393074036
98_osh,2021-07-12,50,4.809320367872715
98_osh,2021-07-13,5,17.8504898250103
98_osh,2021-07-13,10,17.169316694140434
98_osh,2021-07-13,15,15.137516409158708
98_osh,2021-07-13,20,13.739280380308628
98_osh,2021-07-13,30,8.281106002628803
98_osh,2021-07-13,40,5.433362849056721
98_osh,2021-07-13,50,4.82763147354126
98_osh,2021-07-14,5,18.004303112626076
98_osh,2021-07-14,10,17.280648216605186
98_osh,2021-07-14,15,15.285470142960548
98_osh,2021-07-14,20,13.810327470302582
98_osh,2021-07-14,30,8.295022442936897
98_osh,2021-07-14,40,5.460463285446167
98_osh,2021-07-14,50,4.8774376809597015
98_osh,2021-07-15,5,18.11490219086409
98_osh,2021-07-15,10,17.370738856494427
98_osh,2021-07-15,15,15.419507436454296
98_osh,2021-07-15,20,13.862331010401247
98_osh,2021-07-15,30,8.315530881285667
98_osh,2021-07-15,40,5.519791267812252
98_osh,2021-07-15,50,4.943357661366463
98_osh,2021-07-16,5,18.12002930045128
98_osh,2021-07-16,10,17.399304181337357
98_osh,2021-07-16,15,15.451002538204191
98_osh,2021-07-16,20,13.800073251128197
98_osh,2021-07-16,30,8.284768223762512
98_osh,2021-07-16,40,5.56813258677721
98_osh,2021-07-16,50,5.001953199505806
98_osh,2021-07-17,5,18.111239969730377
98_osh,2021-07-17,10,17.375133521854877
98_osh,2021-07-17,15,15.377025671303272
98_osh,2021-07-17,20,13.618427082896233
98_osh,2021-07-17,30,8.221045576035976
98_osh,2021-07-17,40,5.609149463474751
98_osh,2021-07-17,50,5.066408291459084
98_osh,2021-07-18,5,18.123691521584988
98_osh,2021-07-18,10,17.297494433820248
98_osh,2021-07-18,15,15.2407910451293
98_osh,2021-07-18,20,13.383312486112118
98_osh,2021-07-18,30,8.145603820681572
98_osh,2021-07-18,40,5.641377009451389
98_osh,2021-07-18,50,5.125003829598427
98_osh,2021-07-19,5,18.1046479716897
98_osh,2021-07-19,10,17.15100558847189
98_osh,2021-07-19,15,14.974181346595287
98_osh,2021-07-19,20,13.04858547449112
98_osh,2021-07-19,30,8.00570697337389
98_osh,2021-07-19,40,5.642841897904873
98_osh,2021-07-19,50,5.157963819801807
98_osh,2021-07-20,5,18.02700888365507
98_osh,2021-07-20,10,16.94665364921093
98_osh,2021-07-20,15,14.64018677920103
98_osh,2021-07-20,20,12.70580157637596
98_osh,2021-07-20,30,7.873867012560368
98_osh,2021-07-20,40,5.647236563265324
98_osh,2021-07-20,50,5.184331811964512
98_osh,2021-07-21,5,18.07901242375374
98_osh,2021-07-21,10,16.8199407979846
98_osh,2021-07-21,15,14.517868593335152
98_osh,2021-07-21,20,12.61571093648672
98_osh,2021-07-21,30,7.851161241531372
98_osh,2021-07-21,40,5.696310326457024
98_osh,2021-07-21,50,5.235602907836437
98_osh,2021-07-22,5,18.21304971724749
98_osh,2021-07-22,10,16.825067907571793
98_osh,2021-07-22,15,14.61967834085226
98_osh,2021-07-22,20,12.822260208427906
98_osh,2021-07-22,30,7.991790533065796
98_osh,2021-07-22,40,5.81350140273571
98_osh,2021-07-22,50,5.335215322673321
98_osh,2021-07-23,5,18.445966981351376
98_osh,2021-07-23,10,16.96349986642599
98_osh,2021-07-23,15,14.865779601037502
98_osh,2021-07-23,20,13.255134746432304
98_osh,2021-07-23,30,8.243751347064972
98_osh,2021-07-23,40,5.976104021072388
98_osh,2021-07-23,50,5.464125506579876
98_osh,2021-07-24,5,18.727225564420223
98_osh,2021-07-24,10,17.178106024861336
98_osh,2021-07-24,15,15.095767088234425
98_osh,2021-07-24,20,13.67848750948906
98_osh,2021-07-24,30,8.46348461508751
98_osh,2021-07-24,40,6.129184864461422
98_osh,2021-07-24,50,5.590838357806206
98_osh,2021-07-25,5,19.001892149448395
98_osh,2021-07-25,10,17.43739128112793
98_osh,2021-07-25,15,15.365306563675404
98_osh,2021-07-25,20,14.1208838224411
98_osh,2021-07-25,30,8.731559202075005
98_osh,2021-07-25,40,6.317423030734062
98_osh,2021-07-25,50,5.757103197276592
98_osh,2021-07-26,5,19.440626241266727
98_osh,2021-07-26,10,17.766991183161736
98_osh,2021-07-26,15,15.749107338488102
98_osh,2021-07-26,20,14.658497884869576
98_osh,2021-07-26,30,9.098513759672642
98_osh,2021-07-26,40,6.548875406384468
98_osh,2021-07-26,50,5.951933361589909
98_osh,2021-07-27,5,19.73213904350996
98_osh,2021-07-27,10,17.988921783864498
98_osh,2021-07-27,15,15.95272683352232
98_osh,2021-07-27,20,14.879696041345596
98_osh,2021-07-27,30,9.272835485637188
98_osh,2021-07-27,40,6.678518034517765
98_osh,2021-07-27,50,6.0464186668396
98_osh,2021-07-28,5,20.29319132119417
98_osh,2021-07-28,10,18.34562212228775
98_osh,2021-07-28,15,16.283059179782867
98_osh,2021-07-28,20,15.231269270181656
98_osh,2021-07-28,30,9.516006968915462
98_osh,2021-07-28,40,6.82793665677309
98_osh,2021-07-28,50,6.129184864461422
98_osh,2021-07-29,5,20.638904996216297
98_osh,2021-07-29,10,18.689870908856392
98_osh,2021-07-29,15,16.59434797614813
98_osh,2021-07-29,20,15.602618493139744
98_osh,2021-07-29,30,9.915189072489738
98_osh,2021-07-29,40,7.093081466853619
98_osh,2021-07-29,50,6.324015028774738
98_osh,2021-07-30,5,20.81029694527388
98_osh,2021-07-30,10,19.20844142138958
98_osh,2021-07-30,15,16.9268776550889
98_osh,2021-07-30,20,15.938077948987484
98_osh,2021-07-30,30,10.20596943050623
98_osh,2021-07-30,40,7.249824531376362
98_osh,2021-07-30,50,6.392864786088467
98_osh,2021-07-31,5,20.93115024268627
98_osh,2021-07-31,10,19.41645558178425
98_osh,2021-07-31,15,17.03601184487343
98_osh,2021-07-31,20,15.995208598673344
98_osh,2021-07-31,30,10.2843409627676
98_osh,2021-07-31,40,7.3736076056957245
98_osh,2021-07-31,50,6.506393641233444
98_osh,2021-08-01,5,20.978026673197743
98_osh,2021-08-01,10,19.538041323423386
98_osh,2021-08-01,15,17.1231727078557
98_osh,2021-08-01,20,16.08017212897539
98_osh,2021-08-01,30,10.474044017493725
98_osh,2021-08-01,40,7.530350670218468
98_osh,2021-08-01,50,6.657277151942253
98_osh,2021-08-02,5,21.06079287081957
98_osh,2021-08-02,10,19.606891080737118
98_osh,2021-08-02,15,17.182500690221786
98_osh,2021-08-02,20,16.09189123660326
98_osh,2021-08-02,30,10.507736451923847
98_osh,2021-08-02,40,7.614581756293774
98_osh,2021-08-02,50,6.760551787912846
98_osh,2021-08-03,5,21.201422162353992
98_osh,2021-08-03,10,19.67720572650433
98_osh,2021-08-03,15,17.231574453413486
98_osh,2021-08-03,20,16.076509907841682
98_osh,2021-08-03,30,10.564134657382963
98_osh,2021-08-03,40,7.717856392264366
98_osh,2021-08-03,50,6.880672641098499
98_osh,2021-08-04,5,21.27466658502817
98_osh,2021-08-04,10,19.67867061495781
98_osh,2021-08-04,15,17.244026005268097
98_osh,2021-08-04,20,16.00546281784773
98_osh,2021-08-04,30,10.60734886676073
98_osh,2021-08-04,40,7.825525693595409
98_osh,2021-08-04,50,7.013245046138763
98_osh,2021-08-05,5,21.29224524646997
98_osh,2021-08-05,10,19.68526261299849
98_osh,2021-08-05,15,17.307748652994633
98_osh,2021-08-05,20,15.982024602591991
98_osh,2021-08-05,30,10.704031504690647
98_osh,2021-08-05,40,7.975676760077476
98_osh,2021-08-05,50,7.156804114580154
98_osh,2021-08-06,5,21.25855281203985
98_osh,2021-08-06,10,19.69038972258568
98_osh,2021-08-06,15,17.379528187215328
98_osh,2021-08-06,20,15.982757046818731
98_osh,2021-08-06,30,10.820490136742592
98_osh,2021-08-06,40,8.130222491919994
98_osh,2021-08-06,50,7.262276083230972
98_osh,2021-08-07,5,21.38306833058596
98_osh,2021-08-07,10,19.79805902391672
98_osh,2021-08-07,15,17.622699670493603
98_osh,2021-08-07,20,16.242042303085327
98_osh,2021-08-07,30,11.08124028146267
98_osh,2021-08-07,40,8.363139756023884
98_osh,2021-08-07,50,7.427076034247875
98_osh,2021-08-08,5,22.07742545753717
98_osh,2021-08-08,10,20.058076724410057
98_osh,2021-08-08,15,18.07535020262003
98_osh,2021-08-08,20,16.858760342001915
98_osh,2021-08-08,30,11.560991249978542
98_osh,2021-08-08,40,8.732291646301746
98_osh,2021-08-08,50,7.7237159460783005
98_osh,2021-08-09,5,22.445112459361557
98_osh,2021-08-09,10,20.49900814890861
98_osh,2021-08-09,15,18.52214118093252
98_osh,2021-08-09,20,17.492324598133564
98_osh,2021-08-09,30,12.04660177230835
98_osh,2021-08-09,40,9.06555376946926
98_osh,2021-08-09,50,7.906827002763748
98_osh,2021-08-10,5,21.922147281467915
98_osh,2021-08-10,10,20.98754844814539
98_osh,2021-08-10,15,18.788018435239792
98_osh,2021-08-10,20,17.7611316293478
98_osh,2021-08-10,30,12.236304827034472
98_osh,2021-08-10,40,9.17908262461424
98_osh,2021-08-10,50,7.849696353077888
98_osh,2021-08-11,5,21.440198980271816
98_osh,2021-08-11,10,21.40504165738821
98_osh,2021-08-11,15,19.296334728598595
98_osh,2021-08-11,20,18.39103366434574
98_osh,2021-08-11,30,13.176763214170933
98_osh,2021-08-11,40,9.967925056815147
98_osh,2021-08-11,50,8.694204546511173
98_osh,2021-08-12,5,21.345713675022125
98_osh,2021-08-12,10,21.508316293358803
98_osh,2021-08-12,15,20.620593890547752
98_osh,2021-08-12,20,19.83687856793404
98_osh,2021-08-12,30,15.016663111746311
98_osh,2021-08-12,40,11.187444694340227
98_osh,2021-08-12,50,9.897610411047935
98_osh,2021-08-13,5,21.312021240592003
98_osh,2021-08-13,10,21.312753684818745
98_osh,2021-08-13,15,21.418958097696304
98_osh,2021-08-13,20,21.09375286102295
98_osh,2021-08-13,30,17.016968294978142
98_osh,2021-08-13,40,12.30002747476101
98_osh,2021-08-13,50,10.593432426452637
98_osh,2021-08-14,5,21.45704519748688
98_osh,2021-08-14,10,21.45704519748688
98_osh,2021-08-14,15,21.45851008594036
98_osh,2021-08-14,20,21.510513626039028
98_osh,2021-08-14,30,18.514816738665104
98_osh,2021-08-14,40,13.08960235118866
98_osh,2021-08-14,50,10.9135105535388
98_osh,2021-08-15,5,21.71266823261976
98_osh,2021-08-15,10,21.71266823261976
98_osh,2021-08-15,15,21.717795342206955
98_osh,2021-08-15,20,21.73976866900921
98_osh,2021-08-15,30,19.23993652313948
98_osh,2021-08-15,40,13.471938237547874
98_osh,2021-08-15,50,11.025574520230291
98_osh,2021-08-16,5,21.86721396446228
98_osh,2021-08-16,10,21.86648152023554
98_osh,2021-08-16,15,21.877468183636665
98_osh,2021-08-16,20,21.902371287345886
98_osh,2021-08-16,30,19.631061740219597
98_osh,2021-08-16,40,13.709982611238956
98_osh,2021-08-16,50,11.027039408683777
98_osh,2021-08-17,5,21.9411908313632
98_osh,2021-08-17,10,21.93752861022949
98_osh,2021-08-17,15,21.950712606310844
98_osh,2021-08-17,20,21.97781304270029
98_osh,2021-08-17,30,19.63252662867308
98_osh,2021-08-17,40,13.726828828454018
98_osh,2021-08-17,50,11.002868749201298
98_osh,2021-08-18,5,21.82033753395081
98_osh,2021-08-18,10,21.823267310857773
98_osh,2021-08-18,15,21.83352153003216
98_osh,2021-08-18,20,21.87380596250296
98_osh,2021-08-18,30,19.786339916288853
98_osh,2021-08-18,40,13.860866121947764
98_osh,2021-08-18,50,11.101016275584698
98_osh,2021-08-19,5,21.91628772765398
98_osh,2021-08-19,10,21.868678852915764
98_osh,2021-08-19,15,21.837183751165867
98_osh,2021-08-19,20,21.825464643538
98_osh,2021-08-19,30,19.228217415511608
98_osh,2021-08-19,40,13.361339159309864
98_osh,2021-08-19,50,10.788262590765951
98_osh,2021-08-20,5,21.962431713938717
98_osh,2021-08-20,10,21.93679616600275
98_osh,2021-08-20,15,21.85695974528789
98_osh,2021-08-20,20,21.78298287838697
98_osh,2021-08-20,30,18.80852687358856
98_osh,2021-08-20,40,13.047853030264378
98_osh,2021-08-20,50,10.369304493069649
98_osh,2021-08-21,5,22.01077303290367
98_osh,2021-08-21,10,21.96316415816545
98_osh,2021-08-21,15,21.81887264549732
98_osh,2021-08-21,20,21.70168156921864
98_osh,2021-08-21,30,18.24747459590435
98_osh,2021-08-21,40,12.547593623399734
98_osh,2021-08-21,50,9.730613127350807
98_osh,2021-08-22,5,21.829126864671707
98_osh,2021-08-22,10,21.848170414566997
98_osh,2021-08-22,15,21.758079774677757
98_osh,2021-08-22,20,21.590350046753883
98_osh,2021-08-22,30,17.888576924800873
98_osh,2021-08-22,40,12.19748528301716
98_osh,2021-08-22,50,9.337290577590466
98_osh,2021-08-23,5,21.721457563340664
98_osh,2021-08-23,10,21.795434430241585
98_osh,2021-08-23,15,21.647480696439743
98_osh,2021-08-23,20,21.467299416661263
98_osh,2021-08-23,30,17.378795742988586
98_osh,2021-08-23,40,11.734580531716349
98_osh,2021-08-23,50,8.929319143295288
98_osh,2021-08-24,5,21.63063447922468
98_osh,2021-08-24,10,21.74929044395685
98_osh,2021-08-24,15,21.566179387271404
98_osh,2021-08-24,20,21.36768700182438
98_osh,2021-08-24,30,17.054322950541973
98_osh,2021-08-24,40,11.391064189374449
98_osh,2021-08-24,50,8.611438348889351
98_osh,2021-08-25,5,21.42994476109743
98_osh,2021-08-25,10,21.459974974393845
98_osh,2021-08-25,15,21.55519272387028
98_osh,2021-08-25,20,21.407971434295177
98_osh,2021-08-25,30,17.701071202754974
98_osh,2021-08-25,40,12.03488266468048
98_osh,2021-08-25,50,9.407605223357676
98_osh,2021-08-26,5,21.464369639754292
98_osh,2021-08-26,10,21.353038117289543
98_osh,2021-08-26,15,21.471694082021717
98_osh,2021-08-26,20,21.38892788439989
98_osh,2021-08-26,30,18.18594928085804
98_osh,2021-08-26,40,12.603991828858852
98_osh,2021-08-26,50,10.11587879061699
98_osh,2021-08-27,5,21.391857661306855
98_osh,2021-08-27,10,21.24170659482479
98_osh,2021-08-27,15,21.333994567394257
98_osh,2021-08-27,20,21.291512802243236
98_osh,2021-08-27,30,17.88344981521368
98_osh,2021-08-27,40,12.314676359295843
98_osh,2021-08-27,50,9.761375784873962
98_osh,2021-08-28,5,21.46656697243452
98_osh,2021-08-28,10,21.121585741639137
98_osh,2021-08-28,15,21.20801416039467
98_osh,2021-08-28,20,21.128177739679813
98_osh,2021-08-28,30,17.313608206808567
98_osh,2021-08-28,40,12.020966224372389
98_osh,2021-08-28,50,9.681539364159107
98_osh,2021-08-29,5,21.39844965934753
98_osh,2021-08-29,10,21.035889767110348
98_osh,2021-08-29,15,21.08569597452879
98_osh,2021-08-29,20,20.879879146814343
98_osh,2021-08-29,30,16.759880371391773
98_osh,2021-08-29,40,11.541947700083256
98_osh,2021-08-29,50,9.234015941619871
98_osh,2021-08-30,5,21.38013855367899
98_osh,2021-08-30,10,20.97949156165123
98_osh,2021-08-30,15,20.88134403526783
98_osh,2021-08-30,20,20.563463240861893
98_osh,2021-08-30,30,15.782799772918224
98_osh,2021-08-30,40,10.845393240451813
98_osh,2021-08-30,50,8.506698824465275
98_osh,2021-08-31,5,21.0402844324708
98_osh,2021-08-31,10,21.054200872778893
98_osh,2021-08-31,15,20.534897916018963
98_osh,2021-08-31,20,20.02438428997993
98_osh,2021-08-31,30,14.608691677451134
98_osh,2021-08-31,40,10.162022776901722
98_osh,2021-08-31,50,8.017426081001759
98_osh,2021-09-01,5,20.875484481453896
98_osh,2021-09-01,10,21.052003540098667
98_osh,2021-09-01,15,20.19797357171774
98_osh,2021-09-01,20,19.455275125801563
98_osh,2021-09-01,30,13.856471456587316
98_osh,2021-09-01,40,9.763573117554188
98_osh,2021-09-01,50,7.840174578130245
98_osh,2021-09-02,5,20.85351115465164
98_osh,2021-09-02,10,21.068117313086987
98_osh,2021-09-02,15,20.037568286061287
98_osh,2021-09-02,20,19.038514360785484
98_osh,2021-09-02,30,13.326914280653
98_osh,2021-09-02,40,9.520401634275911
98_osh,2021-09-02,50,7.832117691636085
98_osh,2021-09-03,5,20.88940092176199
98_osh,2021-09-03,10,21.050538651645184
98_osh,2021-09-03,15,20.00241096317768
98_osh,2021-09-03,20,18.853938415646557
98_osh,2021-09-03,30,13.10644856840372
98_osh,2021-09-03,40,9.527726076543331
98_osh,2021-09-03,50,8.084810949862003
98_osh,2021-09-04,5,20.8264107182622
98_osh,2021-09-04,10,20.89819025248289
98_osh,2021-09-04,15,20.04635761678219
98_osh,2021-09-04,20,18.993102818727493
98_osh,2021-09-04,30,13.231696531176569
98_osh,2021-09-04,40,9.718161575496197
98_osh,2021-09-04,50,8.448103286325932
98_osh,2021-09-05,5,20.764152958989143
98_osh,2021-09-05,10,20.74217963218689
98_osh,2021-09-05,15,20.021454513072968
98_osh,2021-09-05,20,19.083193458616734
98_osh,2021-09-05,30,13.292489401996136
98_osh,2021-09-05,40,9.876369528472424
98_osh,2021-09-05,50,8.765251636505127
98_osh,2021-09-06,5,20.7282631918788
98_osh,2021-09-06,10,20.73851741105318
98_osh,2021-09-06,15,19.88668477535248
98_osh,2021-09-06,20,18.968199715018272
98_osh,2021-09-06,30,13.225836977362633
98_osh,2021-09-06,40,9.98550371825695
98_osh,2021-09-06,50,9.036988444626331
98_osh,2021-09-07,5,20.699697867035862
98_osh,2021-09-07,10,20.76268807053566
98_osh,2021-09-07,15,19.771691031754017
98_osh,2021-09-07,20,18.880306407809258
98_osh,2021-09-07,30,13.287362292408943
98_osh,2021-09-07,40,10.1774041056633
98_osh,2021-09-07,50,9.332163468003271
98_osh,2021-09-08,5,20.487289041280743
98_osh,2021-09-08,10,20.532700583338737
98_osh,2021-09-08,15,19.896938994526863
98_osh,2021-09-08,20,19.289010286331177
98_osh,2021-09-08,30,13.94070254266262
98_osh,2021-09-08,40,10.642506189644337
98_osh,2021-09-08,50,9.737205125391483
98_osh,2021-09-09,5,20.479232154786587
98_osh,2021-09-09,10,20.482894375920296
98_osh,2021-09-09,15,19.91891232132912
98_osh,2021-09-09,20,19.377636037766933
98_osh,2021-09-09,30,14.385296188294888
98_osh,2021-09-09,40,10.926694549620152
98_osh,2021-09-09,50,9.986236162483692
98_osh,2021-09-10,5,20.602282784879208
98_osh,2021-09-10,10,20.532700583338737
98_osh,2021-09-10,15,19.89547410607338
98_osh,2021-09-10,20,19.258980073034763
98_osh,2021-09-10,30,14.245399340987206
98_osh,2021-09-10,40,10.908383443951609
98_osh,2021-09-10,50,10.09170813113451
98_osh,2021-09-11,5,20.74877163022757
98_osh,2021-09-11,10,20.593493454158303
98_osh,2021-09-11,15,19.94528031349182
98_osh,2021-09-11,20,19.30292672663927
98_osh,2021-09-11,30,14.363322861492634
98_osh,2021-09-11,40,11.136906042695044
98_osh,2021-09-11,50,10.393475152552128
98_osh,2021-09-12,5,20.741447187960148
98_osh,2021-09-12,10,20.641102328896523
98_osh,2021-09-12,15,19.9694509729743
98_osh,2021-09-12,20,19.279488511383533
98_osh,2021-09-12,30,14.301797546446323
98_osh,2021-09-12,40,11.213812686502934
98_osh,2021-09-12,50,10.54582355171442
98_osh,2021-09-13,5,20.509994812309746
98_osh,2021-09-13,10,20.502670370042324
98_osh,2021-09-13,15,19.5856501981616
98_osh,2021-09-13,20,18.64299447834492
98_osh,2021-09-13,30,13.552507102489471
98_osh,2021-09-13,40,11.025574520230291
98_osh,2021-09-13,50,10.435956917703152
98_osh,2021-09-14,5,20.352519303560257
98_osh,2021-09-14,10,20.352519303560257
98_osh,2021-09-14,15,19.4296395778656
98_osh,2021-09-14,20,18.252601705491543
98_osh,2021-09-14,30,13.118900120258331
98_osh,2021-09-14,40,10.953062541782856
98_osh,2021-09-14,50,10.312173843383787
98_osh,2021-09-15,5,20.23972289264202
98_osh,2021-09-15,10,20.240455336868763
98_osh,2021-09-15,15,19.182805873453617
98_osh,2021-09-15,20,17.717184975743294
98_osh,2021-09-15,30,12.907956182956696
98_osh,2021-09-15,40,11.02850429713726
98_osh,2021-09-15,50,10.39786981791258
98_osh,2021-09-16,5,20.06393627822399
98_osh,2021-09-16,10,20.069063387811184
98_osh,2021-09-16,15,19.15131077170372
98_osh,2021-09-16,20,17.5963316783309
98_osh,2021-09-16,30,13.074221022427082
98_osh,2021-09-16,40,11.239448234438896
98_osh,2021-09-16,50,10.65202796459198
98_osh,2021-09-17,5,19.898403882980347
98_osh,2021-09-17,10,19.89547410607338
98_osh,2021-09-17,15,19.45454268157482
98_osh,2021-09-17,20,18.139072850346565
98_osh,2021-09-17,30,13.51075778156519
98_osh,2021-09-17,40,11.500930823385715
98_osh,2021-09-17,50,10.90618611127138
98_osh,2021-09-18,5,19.858119450509548
98_osh,2021-09-18,10,19.85299234092236
98_osh,2021-09-18,15,19.493362225592136
98_osh,2021-09-18,20,18.426190987229347
98_osh,2021-09-18,30,13.628681302070618
98_osh,2021-09-18,40,11.596148572862148
98_osh,2021-09-18,50,10.956724762916563
98_osh,2021-09-19,5,19.81783501803875
98_osh,2021-09-19,10,19.80611591041088
98_osh,2021-09-19,15,19.375438705086708
98_osh,2021-09-19,20,18.37052522599697
98_osh,2021-09-19,30,13.69093906134367
98_osh,2021-09-19,40,11.78072451800108
98_osh,2021-09-19,50,11.22479934990406
98_osh,2021-09-20,5,19.75191503763199
98_osh,2021-09-20,10,19.742393262684345
98_osh,2021-09-20,15,19.43623157590628
98_osh,2021-09-20,20,18.62321848422289
98_osh,2021-09-20,30,14.12820826470852
98_osh,2021-09-20,40,12.096407979726791
98_osh,2021-09-20,50,11.632038339972496
98_osh,2021-09-21,5,19.72774437814951
98_osh,2021-09-21,10,19.718955047428608
98_osh,2021-09-21,15,19.591509751975536
98_osh,2021-09-21,20,18.97991882264614
98_osh,2021-09-21,30,14.41459395736456
98_osh,2021-09-21,40,12.261940374970436
98_osh,2021-09-21,50,11.745567195117474
98_osh,2021-09-22,5,19.75191503763199
98_osh,2021-09-22,10,19.74605548381805
98_osh,2021-09-22,15,19.66182439774275
98_osh,2021-09-22,20,19.136661887168884
98_osh,2021-09-22,30,14.579393908381462
98_osh,2021-09-22,40,12.36155278980732
98_osh,2021-09-22,50,11.766075633466244
98_osh,2021-09-23,5,19.84420301020145
98_osh,2021-09-23,10,19.84200567752123
98_osh,2021-09-23,15,19.71163060516119
98_osh,2021-09-23,20,19.17621387541294
98_osh,2021-09-23,30,14.624805450439451
98_osh,2021-09-23,40,12.383526116609572
98_osh,2021-09-23,50,11.670857883989813
98_osh,2021-09-24,5,19.79293191432953
98_osh,2021-09-24,10,19.81051057577133
98_osh,2021-09-24,15,19.643513292074203
98_osh,2021-09-24,20,18.95867794007063
98_osh,2021-09-24,30,14.377239301800728
98_osh,2021-09-24,40,12.319071024656296
98_osh,2021-09-24,50,11.529496148228644
98_osh,2021-09-25,5,19.710165716707703
98_osh,2021-09-25,10,19.705038607120517
98_osh,2021-09-25,15,19.6171452999115
98_osh,2021-09-25,20,18.813653983175755
98_osh,2021-09-25,30,14.256386004388332
98_osh,2021-09-25,40,12.354960791766644
98_osh,2021-09-25,50,11.602008126676084
98_osh,2021-09-26,5,19.64790795743465
98_osh,2021-09-26,10,19.64790795743465
98_osh,2021-09-26,15,19.643513292074203
98_osh,2021-09-26,20,18.853938415646557
98_osh,2021-09-26,30,14.483443714678288
98_osh,2021-09-26,40,12.561510063707829
98_osh,2021-09-26,50,11.95211646705866
98_osh,2021-09-27,5,19.62520218640566
98_osh,2021-09-27,10,19.619342632591724
98_osh,2021-09-27,15,19.737266153097156
98_osh,2021-09-27,20,19.137394331395623
98_osh,2021-09-27,30,14.92584002763033
98_osh,2021-09-27,40,12.835444204509258
98_osh,2021-09-27,50,12.305887028574944
98_osh,2021-09-28,5,19.614947967231277
98_osh,2021-09-28,10,19.60908841341734
98_osh,2021-09-28,15,19.791467025876045
98_osh,2021-09-28,20,19.469191566109657
98_osh,2021-09-28,30,15.462721645832062
98_osh,2021-09-28,40,13.141605891287329
98_osh,2021-09-28,50,12.613513603806496
98_osh,2021-09-29,5,19.68526261299849
98_osh,2021-09-29,10,19.689657278358936
98_osh,2021-09-29,15,19.71236304938793
98_osh,2021-09-29,20,19.705038607120517
98_osh,2021-09-29,30,16.212012089788914
98_osh,2021-09-29,40,13.578142650425434
98_osh,2021-09-29,50,13.094729460775852
98_osh,2021-09-30,5,19.672078616917133
98_osh,2021-09-30,10,19.726279489696022
98_osh,2021-09-30,15,19.759239479899406
98_osh,2021-09-30,20,19.77388836443424
98_osh,2021-09-30,30,16.77452925592661
98_osh,2021-09-30,40,13.947294540703297
98_osh,2021-09-30,50,13.435316026210783
98_osh,2021-10-01,5,19.68672750145197
98_osh,2021-10-01,10,19.79805902391672
98_osh,2021-10-01,15,19.82003235071897
98_osh,2021-10-01,20,19.79293191432953
98_osh,2021-10-01,30,16.892452776432037
98_osh,2021-10-01,40,14.111362047493458
98_osh,2021-10-01,50,13.52760399878025
98_osh,2021-10-02,5,19.688924834132195
98_osh,2021-10-02,10,19.755577258765697
98_osh,2021-10-02,15,19.84420301020145
98_osh,2021-10-02,20,19.72041993588209
98_osh,2021-10-02,30,16.727652825415134
98_osh,2021-10-02,40,14.16922514140606
98_osh,2021-10-02,50,13.514420002698898
98_osh,2021-10-03,5,19.63985107094049
98_osh,2021-10-03,10,19.64058351516724
98_osh,2021-10-03,15,19.822962127625942
98_osh,2021-10-03,20,19.595171973109245
98_osh,2021-10-03,30,16.5657826513052
98_osh,2021-10-03,40,14.131870485842228
98_osh,2021-10-03,50,13.247810304164886
98_osh,2021-10-04,5,19.74019593000412
98_osh,2021-10-04,10,19.72334971278906
98_osh,2021-10-04,15,19.72994171082973
98_osh,2021-10-04,20,19.4208502471447
98_osh,2021-10-04,30,16.440534688532352
98_osh,2021-10-04,40,14.033722959458828
98_osh,2021-10-04,50,12.759270004928112
98_osh,2021-10-05,5,19.65376751124859
98_osh,2021-10-05,10,19.66182439774275
98_osh,2021-10-05,15,19.607623524963856
98_osh,2021-10-05,20,19.202581867575645
98_osh,2021-10-05,30,16.135837890207767
98_osh,2021-10-05,40,13.798608362674711
98_osh,2021-10-05,50,12.17331462353468
98_osh,2021-10-06,5,19.497024446725845
98_osh,2021-10-06,10,19.497024446725845
98_osh,2021-10-06,15,19.46626178920269
98_osh,2021-10-06,20,18.955748163163666
98_osh,2021-10-06,30,15.65388958901167
98_osh,2021-10-06,40,13.407483145594597
98_osh,2021-10-06,50,11.614459678530691
98_osh,2021-10-07,5,19.342478714883327
98_osh,2021-10-07,10,19.342478714883327
98_osh,2021-10-07,15,19.24872585386038
98_osh,2021-10-07,20,18.77556688338518
98_osh,2021-10-07,30,15.327951908111572
98_osh,2021-10-07,40,13.140873447060583
98_osh,2021-10-07,50,11.39252907782793
98_osh,2021-10-08,5,19.22528763860464
98_osh,2021-10-08,10,19.22528763860464
98_osh,2021-10-08,15,19.15570543706417
98_osh,2021-10-08,20,18.663502916693687
98_osh,2021-10-08,30,15.070863984525204
98_osh,2021-10-08,40,12.867671750485895
98_osh,2021-10-08,50,11.191106915473938
98_osh,2021-10-09,5,19.11395611613989
98_osh,2021-10-09,10,19.11395611613989
98_osh,2021-10-09,15,19.07806634902954
98_osh,2021-10-09,20,18.572679832577705
98_osh,2021-10-09,30,14.914853364229202
98_osh,2021-10-09,40,12.649403370916843
98_osh,2021-10-09,50,10.988952308893204
98_osh,2021-10-10,5,19.010681480169296
98_osh,2021-10-10,10,19.01580858975649
98_osh,2021-10-10,15,18.97991882264614
98_osh,2021-10-10,20,18.580004274845123
98_osh,2021-10-10,30,14.950010687112808
98_osh,2021-10-10,40,12.60692160576582
98_osh,2021-10-10,50,10.982360310852528
98_osh,2021-10-11,5,18.774101994931694
98_osh,2021-10-11,10,18.784356214106083
98_osh,2021-10-11,15,18.87737663090229
98_osh,2021-10-11,20,18.391766108572483
98_osh,2021-10-11,30,14.92217780649662
98_osh,2021-10-11,40,12.613513603806496
98_osh,2021-10-11,50,11.15521714836359
98_osh,2021-10-12,5,18.61955626308918
98_osh,2021-10-12,10,18.63200781494379
98_osh,2021-10-12,15,18.719168677926064
98_osh,2021-10-12,20,18.51335185021162
98_osh,2021-10-12,30,15.15070040524006
98_osh,2021-10-12,40,12.756340228021145
98_osh,2021-10-12,50,11.327341541647913
98_osh,2021-10-13,5,18.4481643140316
98_osh,2021-10-13,10,18.44743186980486
98_osh,2021-10-13,15,18.653248697519302
98_osh,2021-10-13,20,18.59904782474041
98_osh,2021-10-13,30,15.253975041210651
98_osh,2021-10-13,40,12.801751770079136
98_osh,2021-10-13,50,11.381542414426804
98_osh,2021-10-14,5,18.360271006822583
98_osh,2021-10-14,10,18.35807367414236
98_osh,2021-10-14,15,18.622486039996147
98_osh,2021-10-14,20,18.695730462670326
98_osh,2021-10-14,30,15.445875428617
98_osh,2021-10-14,40,12.915280625224112
98_osh,2021-10-14,50,11.49067660421133
98_osh,2021-10-15,5,18.302407912909985
98_osh,2021-10-15,10,18.302407912909985
98_osh,2021-10-15,15,18.369060337543488
98_osh,2021-10-15,20,18.74993133544922
98_osh,2021-10-15,30,15.611407823860644
98_osh,2021-10-15,40,12.896969519555569
98_osh,2021-10-15,50,11.282662443816662
98_osh,2021-10-16,5,18.16104617714882
98_osh,2021-10-16,10,18.16104617714882
98_osh,2021-10-16,15,18.162511065602303
98_osh,2021-10-16,20,18.457686088979244
98_osh,2021-10-16,30,15.73226112127304
98_osh,2021-10-16,40,12.833979316055776
98_osh,2021-10-16,50,11.002868749201298
98_osh,2021-10-17,5,17.840968050062656
98_osh,2021-10-17,10,17.840968050062656
98_osh,2021-10-17,15,17.840968050062656
98_osh,2021-10-17,20,17.87905514985323
98_osh,2021-10-17,30,15.37629322707653
98_osh,2021-10-17,40,12.380596339702606
98_osh,2021-10-17,50,10.648365743458273
98_osh,2021-10-18,5,17.60878323018551
98_osh,2021-10-18,10,17.60878323018551
98_osh,2021-10-18,15,17.60878323018551
98_osh,2021-10-18,20,17.697408981621265
98_osh,2021-10-18,30,15.255439929664137
98_osh,2021-10-18,40,12.13303019106388
98_osh,2021-10-18,50,10.408124037086964
98_osh,2021-10-19,5,17.465224161744118
98_osh,2021-10-19,10,17.46595660597086
98_osh,2021-10-19,15,17.46961882710457
98_osh,2021-10-19,20,17.579485461115837
98_osh,2021-10-19,30,15.32721946388483
98_osh,2021-10-19,40,12.064180433750153
98_osh,2021-10-19,50,10.34952849894762
98_osh,2021-10-20,5,17.255012668669224
98_osh,2021-10-20,10,17.255012668669224
98_osh,2021-10-20,15,17.255012668669224
98_osh,2021-10-20,20,17.30701620876789
98_osh,2021-10-20,30,15.08185064792633
98_osh,2021-10-20,40,11.842982277274132
98_osh,2021-10-20,50,10.32902006059885
98_osh,2021-10-21,5,16.97521897405386
98_osh,2021-10-21,10,16.97521897405386
98_osh,2021-10-21,15,16.97521897405386
98_osh,2021-10-21,20,16.993530079722404
98_osh,2021-10-21,30,14.610156565904616
98_osh,2021-10-21,40,11.463576167821884
98_osh,2021-10-21,50,10.151768557727337
98_osh,2021-10-22,5,16.804559469223022
98_osh,2021-10-22,10,16.804559469223022
98_osh,2021-10-22,15,16.806756801903248
98_osh,2021-10-22,20,16.837519459426403
98_osh,2021-10-22,30,14.560350358486176
98_osh,2021-10-22,40,11.460646390914915
98_osh,2021-10-22,50,10.214026317000387
98_osh,2021-10-23,5,16.59508042037487
98_osh,2021-10-23,10,16.59508042037487
98_osh,2021-10-23,15,16.595812864601612
98_osh,2021-10-23,20,16.628772854804993
98_osh,2021-10-23,30,14.5134739279747
98_osh,2021-10-23,40,11.499465934932232
98_osh,2021-10-23,50,10.36198005080223
98_osh,2021-10-24,5,16.45591601729393
98_osh,2021-10-24,10,16.45591601729393
98_osh,2021-10-24,15,16.461043126881123
98_osh,2021-10-24,20,16.48448134213686
98_osh,2021-10-24,30,14.50907926261425
98_osh,2021-10-24,40,11.587359242141249
98_osh,2021-10-24,50,10.539231553673744
98_osh,2021-10-25,5,16.387798704206944
98_osh,2021-10-25,10,16.384868927299976
98_osh,2021-10-25,15,16.388531148433685
98_osh,2021-10-25,20,16.428815580904484
98_osh,2021-10-25,30,14.695852540433409
98_osh,2021-10-25,40,11.769005410373213
98_osh,2021-10-25,50,10.706961281597614
98_osh,2021-10-26,5,16.343852050602436
98_osh,2021-10-26,10,16.34165471792221
98_osh,2021-10-26,15,16.342387162148952
98_osh,2021-10-26,20,16.388531148433685
98_osh,2021-10-26,30,14.870174266397951
98_osh,2021-10-26,40,11.92428358644247
98_osh,2021-10-26,50,10.819025248289108
98_osh,2021-10-27,5,16.30503250658512
98_osh,2021-10-27,10,16.302835173904896
98_osh,2021-10-27,15,16.302835173904896
98_osh,2021-10-27,20,16.319681391119957
98_osh,2021-10-27,30,14.940488912165163
98_osh,2021-10-27,40,12.01437422633171
98_osh,2021-10-27,50,10.899594113230703
98_osh,2021-10-28,5,16.168065436184406
98_osh,2021-10-28,10,16.168065436184406
98_osh,2021-10-28,15,16.168797880411148
98_osh,2021-10-28,20,16.174657434225082
98_osh,2021-10-28,30,14.882625818252563
98_osh,2021-10-28,40,12.015839114785194
98_osh,2021-10-28,50,10.939146101474762
98_osh,2021-10-29,5,15.98495437949896
98_osh,2021-10-29,10,15.98495437949896
98_osh,2021-10-29,15,15.98495437949896
98_osh,2021-10-29,20,15.98495437949896
98_osh,2021-10-29,30,14.739066749811172
98_osh,2021-10-29,40,11.904507592320442
98_osh,2021-10-29,50,10.861507013440132
98_osh,2021-10-30,5,15.92855617403984
98_osh,2021-10-30,10,15.926358841359615
98_osh,2021-10-30,15,15.925626397132874
98_osh,2021-10-30,20,15.926358841359615
98_osh,2021-10-30,30,14.745658747851849
98_osh,2021-10-30,40,11.857631161808968
98_osh,2021-10-30,50,10.788995034992697
98_osh,2021-10-31,5,15.87508774548769
98_osh,2021-10-31,10,15.87508774548769
98_osh,2021-10-31,15,15.87508774548769
98_osh,2021-10-31,20,15.87508774548769
98_osh,2021-10-31,30,14.72148808836937
98_osh,2021-10-31,40,11.843714721500874
98_osh,2021-10-31,50,10.821955025196075
98_osh,2021-11-01,5,15.824549093842506
98_osh,2021-11-01,10,15.824549093842506
98_osh,2021-11-01,15,15.82601398229599
98_osh,2021-11-01,20,15.828211314976215
98_osh,2021-11-01,30,14.730277419090273
98_osh,2021-11-01,40,11.9037751480937
98_osh,2021-11-01,50,10.939146101474762
98_osh,2021-11-02,5,15.705160684883596
98_osh,2021-11-02,10,15.706625573337078
98_osh,2021-11-02,15,15.708090461790562
98_osh,2021-11-02,20,15.708822906017303
98_osh,2021-11-02,30,15.165349289774896
98_osh,2021-11-02,40,12.292703032493591
98_osh,2021-11-02,50,11.194769136607649
98_osh,2021-11-03,5,15.608478046953678
98_osh,2021-11-03,10,15.608478046953678
98_osh,2021-11-03,15,15.608478046953678
98_osh,2021-11-03,20,15.608478046953678
98_osh,2021-11-03,30,15.327951908111572
98_osh,2021-11-03,40,12.46775720268488
98_osh,2021-11-03,50,11.36762597411871
98_osh,2021-11-04,5,15.520584739744663
98_osh,2021-11-04,10,15.51911985129118
98_osh,2021-11-04,15,15.51911985129118
98_osh,2021-11-04,20,15.51911985129118
98_osh,2021-11-04,30,15.398266553878784
98_osh,2021-11-04,40,12.718985572457314
98_osh,2021-11-04,50,11.702352985739708
98_osh,2021-11-05,5,15.443678095936775
98_osh,2021-11-05,10,15.442945651710032
98_osh,2021-11-05,15,15.442213207483292
98_osh,2021-11-05,20,15.442945651710032
98_osh,2021-11-05,30,15.511795409023762
98_osh,2021-11-05,40,13.012695707380772
98_osh,2021-11-05,50,11.95651113241911
98_osh,2021-11-06,5,15.391674555838108
98_osh,2021-11-06,10,15.389477223157884
98_osh,2021-11-06,15,15.38874477893114
98_osh,2021-11-06,20,15.38874477893114
98_osh,2021-11-06,30,15.622394487261772
98_osh,2021-11-06,40,13.24488052725792
98_osh,2021-11-06,50,12.097140423953531
98_osh,2021-11-07,5,15.311838135123253
98_osh,2021-11-07,10,15.311838135123253
98_osh,2021-11-07,15,15.311838135123253
98_osh,2021-11-07,20,15.311838135123253
98_osh,2021-11-07,30,15.66707358509302
98_osh,2021-11-07,40,13.33936583250761
98_osh,2021-11-07,50,12.14474929869175
98_osh,2021-11-08,5,15.255439929664137
98_osh,2021-11-08,10,15.255439929664137
98_osh,2021-11-08,15,15.255439929664137
98_osh,2021-11-08,20,15.255439929664137
98_osh,2021-11-08,30,15.574053168296814
98_osh,2021-11-08,40,13.544450215995312
98_osh,2021-11-08,50,12.257545709609984
98_osh,2021-11-09,5,15.202703945338726
98_osh,2021-11-09,10,15.239326156675816
98_osh,2021-11-09,15,15.256172373890877
98_osh,2021-11-09,20,15.258369706571102
98_osh,2021-11-09,30,15.28180792182684
98_osh,2021-11-09,40,13.972197644412518
98_osh,2021-11-09,50,12.63182470947504
98_osh,2021-11-10,5,15.095767088234425
98_osh,2021-11-10,10,15.111148416996002
98_osh,2021-11-10,15,15.18805506080389
98_osh,2021-11-10,20,15.203436389565468
98_osh,2021-11-10,30,15.312570579349996
98_osh,2021-11-10,40,13.841090127825735
98_osh,2021-11-10,50,12.620838046073914
98_osh,2021-11-11,5,14.992492452263832
98_osh,2021-11-11,10,14.992492452263832
98_osh,2021-11-11,15,14.992492452263832
98_osh,2021-11-11,20,14.992492452263832
98_osh,2021-11-11,30,15.054017767310144
98_osh,2021-11-11,40,13.661641292273998
98_osh,2021-11-11,50,12.43919187784195
98_osh,2021-11-12,5,14.818903170526028
98_osh,2021-11-12,10,14.818903170526028
98_osh,2021-11-12,15,14.818903170526028
98_osh,2021-11-12,20,14.818903170526028
98_osh,2021-11-12,30,14.839411608874798
98_osh,2021-11-12,40,13.602313309907911
98_osh,2021-11-12,50,12.313943915069103
98_osh,2021-11-13,5,14.628467671573162
98_osh,2021-11-13,10,14.628467671573162
98_osh,2021-11-13,15,14.628467671573162
98_osh,2021-11-13,20,14.628467671573162
98_osh,2021-11-13,30,14.629932560026646
98_osh,2021-11-13,40,13.40455336868763
98_osh,2021-11-13,50,12.01803644746542
98_osh,2021-11-14,5,14.503219708800316
98_osh,2021-11-14,10,14.503952153027058
98_osh,2021-11-14,15,14.5046845972538
98_osh,2021-11-14,20,14.50541704148054
98_osh,2021-11-14,30,14.50907926261425
98_osh,2021-11-14,40,13.337168499827383
98_osh,2021-11-14,50,11.852504052221777
98_osh,2021-11-15,5,14.338419757783411
98_osh,2021-11-15,10,14.339152202010157
98_osh,2021-11-15,15,14.339152202010157
98_osh,2021-11-15,20,14.339152202010157
98_osh,2021-11-15,30,14.339152202010157
98_osh,2021-11-15,40,13.104983679950235
98_osh,2021-11-15,50,11.613727234303951
98_osh,2021-11-16,5,14.119418933987616
98_osh,2021-11-16,10,14.12015137821436
98_osh,2021-11-16,15,14.12015137821436
98_osh,2021-11-16,20,14.12015137821436
98_osh,2021-11-16,30,14.1208838224411
98_osh,2021-11-16,40,12.780510887503624
98_osh,2021-11-16,50,11.38813441246748
98_osh,2021-11-17,5,13.946562096476557
98_osh,2021-11-17,10,13.946562096476557
98_osh,2021-11-17,15,13.947294540703297
98_osh,2021-11-17,20,13.947294540703297
98_osh,2021-11-17,30,13.947294540703297
98_osh,2021-11-17,40,12.594470053911207
98_osh,2021-11-17,50,11.27314066886902
98_osh,2021-11-18,5,13.84255501627922
98_osh,2021-11-18,10,13.84255501627922
98_osh,2021-11-18,15,13.841090127825735
98_osh,2021-11-18,20,13.840357683598995
98_osh,2021-11-18,30,13.841090127825735
98_osh,2021-11-18,40,12.52122563123703
98_osh,2021-11-18,50,11.15082248300314
98_osh,2021-11-19,5,13.706320390105247
98_osh,2021-11-19,10,13.706320390105247
98_osh,2021-11-19,15,13.706320390105247
98_osh,2021-11-19,20,13.706320390105247
98_osh,2021-11-19,30,13.710715055465698
98_osh,2021-11-19,40,12.316141247749329
98_osh,2021-11-19,50,10.967711426317692
98_osh,2021-11-20,5,13.5232093334198
98_osh,2021-11-20,10,13.5232093334198
98_osh,2021-11-20,15,13.5232093334198
98_osh,2021-11-20,20,13.5232093334198
98_osh,2021-11-20,30,13.529068887233734
98_osh,2021-11-20,40,12.089815981686115
98_osh,2021-11-20,50,10.775811038911344
98_osh,2021-11-21,5,13.397961370646954
98_osh,2021-11-21,10,13.397961370646954
98_osh,2021-11-21,15,13.397961370646954
98_osh,2021-11-21,20,13.397961370646954
98_osh,2021-11-21,30,13.40015870332718
98_osh,2021-11-21,40,11.894253373146055
98_osh,2021-11-21,50,10.571459099650385
98_osh,2021-11-22,5,13.260261856019495
98_osh,2021-11-22,10,13.264656521379948
98_osh,2021-11-22,15,13.267586298286917
98_osh,2021-11-22,20,13.269051186740398
98_osh,2021-11-22,30,13.2778405174613
98_osh,2021-11-22,40,11.836390279233456
98_osh,2021-11-22,50,10.528244890272616
98_osh,2021-11-23,5,12.948240615427494
98_osh,2021-11-23,10,12.948240615427494
98_osh,2021-11-23,15,12.948240615427494
98_osh,2021-11-23,20,12.948240615427494
98_osh,2021-11-23,30,12.961424611508846
98_osh,2021-11-23,40,11.480422385036944
98_osh,2021-11-23,50,10.383953377604485
98_osh,2021-11-24,5,12.604724273085594
98_osh,2021-11-24,10,12.604724273085594
98_osh,2021-11-24,15,12.604724273085594
98_osh,2021-11-24,20,12.604724273085594
98_osh,2021-11-24,30,12.616443380713465
98_osh,2021-11-24,40,11.272408224642277
98_osh,2021-11-24,50,10.36564227193594
98_osh,2021-11-25,5,12.36228523403406
98_osh,2021-11-25,10,12.363017678260803
98_osh,2021-11-25,15,12.363017678260803
98_osh,2021-11-25,20,12.363017678260803
98_osh,2021-11-25,30,12.37400434166193
98_osh,2021-11-25,40,11.112002938985825
98_osh,2021-11-25,50,10.36198005080223
98_osh,2021-11-26,5,12.10812708735466
98_osh,2021-11-26,10,12.10812708735466
98_osh,2021-11-26,15,12.10812708735466
98_osh,2021-11-26,20,12.10812708735466
98_osh,2021-11-26,30,12.109591975808144
98_osh,2021-11-26,40,10.879818119108675
98_osh,2021-11-26,50,10.224280536174774
98_osh,2021-11-27,5,11.92794580757618
98_osh,2021-11-27,10,11.92794580757618
98_osh,2021-11-27,15,11.92794580757618
98_osh,2021-11-27,20,11.92794580757618
98_osh,2021-11-27,30,11.92794580757618
98_osh,2021-11-27,40,10.675466179847716
98_osh,2021-11-27,50,10.060213029384611
98_osh,2021-11-28,5,11.802697844803332
98_osh,2021-11-28,10,11.802697844803332
98_osh,2021-11-28,15,11.802697844803332
98_osh,2021-11-28,20,11.802697844803332
98_osh,2021-11-28,30,11.803430289030077
98_osh,2021-11-28,40,10.538499109447002
98_osh,2021-11-28,50,9.9320352897048
98_osh,2021-11-29,5,11.69502854347229
98_osh,2021-11-29,10,11.69502854347229
98_osh,2021-11-29,15,11.69502854347229
98_osh,2021-11-29,20,11.69502854347229
98_osh,2021-11-29,30,11.695760987699032
98_osh,2021-11-29,40,10.518723115324974
98_osh,2021-11-29,50,9.90346996486187
98_osh,2021-11-30,5,11.640095226466656
98_osh,2021-11-30,10,11.639362782239914
98_osh,2021-11-30,15,11.638630338013172
98_osh,2021-11-30,20,11.638630338013172
98_osh,2021-11-30,30,11.639362782239914
98_osh,2021-11-30,40,10.58684042841196
98_osh,2021-11-30,50,10.006744600832462
98_osh,2021-12-01,5,11.451124615967274
98_osh,2021-12-01,10,11.45405439287424
98_osh,2021-12-01,15,11.45771661400795
98_osh,2021-12-01,20,11.459181502461432
98_osh,2021-12-01,30,11.477492608129978
98_osh,2021-12-01,40,10.519455559551716
98_osh,2021-12-01,50,10.05874814093113
98_osh,2021-12-02,5,11.094424277544022
98_osh,2021-12-02,10,11.094424277544022
98_osh,2021-12-02,15,11.095156721770763
98_osh,2021-12-02,20,11.095156721770763
98_osh,2021-12-02,30,11.101016275584698
98_osh,2021-12-02,40,10.448408469557762
98_osh,2021-12-02,50,10.028717927634716
98_osh,2021-12-03,5,10.947935432195663
98_osh,2021-12-03,10,10.949400320649149
98_osh,2021-12-03,15,10.95086520910263
98_osh,2021-12-03,20,10.951597653329372
98_osh,2021-12-03,30,10.9625843167305
98_osh,2021-12-03,40,10.468916907906532
98_osh,2021-12-03,50,10.105624571442604
98_osh,2021-12-04,5,10.771416373550892
98_osh,2021-12-04,10,10.771416373550892
98_osh,2021-12-04,15,10.772148817777634
98_osh,2021-12-04,20,10.772148817777634
98_osh,2021-12-04,30,10.772148817777634
98_osh,2021-12-04,40,10.43082980811596
98_osh,2021-12-04,50,10.051423698663712
98_osh,2021-12-05,5,10.583910651504992
98_osh,2021-12-05,10,10.583910651504992
98_osh,2021-12-05,15,10.583910651504992
98_osh,2021-12-05,20,10.583910651504992
98_osh,2021-12-05,30,10.583910651504992
98_osh,2021-12-05,40,10.386883154511452
98_osh,2021-12-05,50,9.914456628262997
98_osh,2021-12-06,5,10.512131117284298
98_osh,2021-12-06,10,10.512131117284298
98_osh,2021-12-06,15,10.512131117284298
98_osh,2021-12-06,20,10.512131117284298
98_osh,2021-12-06,30,10.51286356151104
98_osh,2021-12-06,40,10.39054537564516
98_osh,2021-12-06,50,9.881496638059616
98_osh,2021-12-07,5,10.474044017493725
98_osh,2021-12-07,10,10.474044017493725
98_osh,2021-12-07,15,10.473311573266985
98_osh,2021-12-07,20,10.473311573266985
98_osh,2021-12-07,30,10.473311573266985
98_osh,2021-12-07,40,10.396404929459097
98_osh,2021-12-07,50,9.902005076408386
98_osh,2021-12-08,5,10.410321369767187
98_osh,2021-12-08,10,10.410321369767187
98_osh,2021-12-08,15,10.410321369767187
98_osh,2021-12-08,20,10.410321369767187
98_osh,2021-12-08,30,10.409588925540447
98_osh,2021-12-08,40,10.39054537564516
98_osh,2021-12-08,50,9.91958373785019
98_osh,2021-12-09,5,10.355388052761556
98_osh,2021-12-09,10,10.355388052761556
98_osh,2021-12-09,15,10.355388052761556
98_osh,2021-12-09,20,10.354655608534811
98_osh,2021-12-09,30,10.35319072008133
98_osh,2021-12-09,40,10.39054537564516
98_osh,2021-12-09,50,9.947416618466375
98_osh,2021-12-10,5,10.297524958848951
98_osh,2021-12-10,10,10.298257403075697
98_osh,2021-12-10,15,10.297524958848951
98_osh,2021-12-10,20,10.297524958848951
98_osh,2021-12-10,30,10.29606007039547
98_osh,2021-12-10,40,10.405194260179996
98_osh,2021-12-10,50,10.05874814093113
98_osh,2021-12-11,5,10.23453475534916
98_osh,2021-12-11,10,10.23453475534916
98_osh,2021-12-11,15,10.23453475534916
98_osh,2021-12-11,20,10.233802311122416
98_osh,2021-12-11,30,10.233802311122416
98_osh,2021-12-11,40,10.39786981791258
98_osh,2021-12-11,50,10.204504542052746
98_osh,2021-12-12,5,10.155430778861046
98_osh,2021-12-12,10,10.158360555768011
98_osh,2021-12-12,15,10.158360555768011
98_osh,2021-12-12,20,10.158360555768011
98_osh,2021-12-12,30,10.157628111541271
98_osh,2021-12-12,40,10.29606007039547
98_osh,2021-12-12,50,10.264564968645573
98_osh,2021-12-13,5,9.962065503001211
98_osh,2021-12-13,10,9.962065503001211
98_osh,2021-12-13,15,9.962065503001211
98_osh,2021-12-13,20,9.962065503001211
98_osh,2021-12-13,30,9.962065503001211
98_osh,2021-12-13,40,9.962797947227957
98_osh,2021-12-13,50,10.08731346577406
98_osh,2021-12-14,5,9.825098432600498
98_osh,2021-12-14,10,9.825098432600498
98_osh,2021-12-14,15,9.825098432600498
98_osh,2021-12-14,20,9.825098432600498
98_osh,2021-12-14,30,9.825098432600498
98_osh,2021-12-14,40,9.825098432600498
98_osh,2021-12-14,50,9.950346395373344
98_osh,2021-12-15,5,9.741599790751934
98_osh,2021-12-15,10,9.741599790751934
98_osh,2021-12-15,15,9.741599790751934
98_osh,2021-12-15,20,9.742332234978676
98_osh,2021-12-15,30,9.742332234978676
98_osh,2021-12-15,40,9.743064679205418
98_osh,2021-12-15,50,9.87050997465849
98_osh,2021-12-16,5,9.650776706635952
98_osh,2021-12-16,10,9.650776706635952
98_osh,2021-12-16,15,9.650776706635952
98_osh,2021-12-16,20,9.650776706635952
98_osh,2021-12-16,30,9.65004426240921
98_osh,2021-12-16,40,9.65004426240921
98_osh,2021-12-16,50,9.781884223222733
98_osh,2021-12-17,5,9.53578296303749
98_osh,2021-12-17,10,9.53578296303749
98_osh,2021-12-17,15,9.53578296303749
98_osh,2021-12-17,20,9.53578296303749
98_osh,2021-12-17,30,9.53578296303749
98_osh,2021-12-17,40,9.536515407264233
98_osh,2021-12-17,50,9.620014049112797
98_osh,2021-12-18,5,9.335825689136982
98_osh,2021-12-18,10,9.335825689136982
98_osh,2021-12-18,15,9.335825689136982
98_osh,2021-12-18,20,9.335825689136982
98_osh,2021-12-18,30,9.335825689136982
98_osh,2021-12-18,40,9.335825689136982
98_osh,2021-12-18,50,9.336558133363724
98_osh,2021-12-19,5,9.177617736160755
98_osh,2021-12-19,10,9.177617736160755
98_osh,2021-12-19,15,9.177617736160755
98_osh,2021-12-19,20,9.177617736160755
98_osh,2021-12-19,30,9.177617736160755
98_osh,2021-12-19,40,9.178350180387495
98_osh,2021-12-19,50,9.178350180387495
98_osh,2021-12-20,5,9.063356436789036
98_osh,2021-12-20,10,9.063356436789036
98_osh,2021-12-20,15,9.063356436789036
98_osh,2021-12-20,20,9.063356436789036
98_osh,2021-12-20,30,9.063356436789036
98_osh,2021-12-20,40,9.063356436789036
98_osh,2021-12-20,50,9.063356436789036
98_osh,2021-12-21,5,8.979857794940472
98_osh,2021-12-21,10,8.979857794940472
98_osh,2021-12-21,15,8.979857794940472
98_osh,2021-12-21,20,8.979857794940472
98_osh,2021-12-21,30,8.979857794940472
98_osh,2021-12-21,40,8.97912535071373
98_osh,2021-12-21,50,8.97912535071373
98_osh,2021-12-22,5,8.862666718661785
98_osh,2021-12-22,10,8.862666718661785
98_osh,2021-12-22,15,8.862666718661785
98_osh,2021-12-22,20,8.862666718661785
98_osh,2021-12-22,30,8.862666718661785
98_osh,2021-12-22,40,8.862666718661785
98_osh,2021-12-22,50,8.863399162888527
98_osh,2021-12-23,5,8.760856971144676
98_osh,2021-12-23,10,8.760856971144676
98_osh,2021-12-23,15,8.760856971144676
98_osh,2021-12-23,20,8.760856971144676
98_osh,2021-12-23,30,8.760856971144676
98_osh,2021-12-23,40,8.760856971144676
98_osh,2021-12-23,50,8.760856971144676
98_osh,2021-12-24,5,8.636341452598572
98_osh,2021-12-24,10,8.636341452598572
98_osh,2021-12-24,15,8.636341452598572
98_osh,2021-12-24,20,8.636341452598572
98_osh,2021-12-24,30,8.636341452598572
98_osh,2021-12-24,40,8.636341452598572
98_osh,2021-12-24,50,8.637073896825314
98_osh,2021-12-25,5,8.494247272610664
98_osh,2021-12-25,10,8.494247272610664
98_osh,2021-12-25,15,8.494247272610664
98_osh,2021-12-25,20,8.494247272610664
98_osh,2021-12-25,30,8.494979716837406
98_osh,2021-12-25,40,8.494979716837406
98_osh,2021-12-25,50,8.494979716837406
98_osh,2021-12-26,5,8.344828650355339
98_osh,2021-12-26,10,8.344828650355339
98_osh,2021-12-26,15,8.344828650355339
98_osh,2021-12-26,20,8.344828650355339
98_osh,2021-12-26,30,8.344828650355339
98_osh,2021-12-26,40,8.344828650355339
98_osh,2021-12-26,50,8.344828650355339
98_osh,2021-12-27,5,8.216650910675526
98_osh,2021-12-27,10,8.217383354902267
98_osh,2021-12-27,15,8.217383354902267
98_osh,2021-12-27,20,8.217383354902267
98_osh,2021-12-27,30,8.217383354902267
98_osh,2021-12-27,40,8.217383354902267
98_osh,2021-12-27,50,8.217383354902267
98_osh,2021-12-28,5,8.08774072676897
98_osh,2021-12-28,10,8.08774072676897
98_osh,2021-12-28,15,8.08774072676897
98_osh,2021-12-28,20,8.08774072676897
98_osh,2021-12-28,30,8.08774072676897
98_osh,2021-12-28,40,8.08774072676897
98_osh,2021-12-28,50,8.08774072676897
98_osh,2021-12-29,5,7.980803869664669
98_osh,2021-12-29,10,7.980803869664669
98_osh,2021-12-29,15,7.980803869664669
98_osh,2021-12-29,20,7.980803869664669
98_osh,2021-12-29,30,7.981536313891411
98_osh,2021-12-29,40,7.981536313891411
98_osh,2021-12-29,50,7.981536313891411
98_osh,2021-12-30,5,7.861415460705757
98_osh,2021-12-30,10,7.861415460705757
98_osh,2021-12-30,15,7.862147904932499
98_osh,2021-12-30,20,7.862147904932499
98_osh,2021-12-30,30,7.862147904932499
98_osh,2021-12-30,40,7.862147904932499
98_osh,2021-12-30,50,7.862147904932499
98_osh,2021-12-31,5,7.683431513607502
98_osh,2021-12-31,10,7.684163957834244
98_osh,2021-12-31,15,7.684163957834244
98_osh,2021-12-31,20,7.684163957834244
98_osh,2021-12-31,30,7.684163957834244
98_osh,2021-12-31,40,7.684163957834244
98_osh,2021-12-31,50,7.684163957834244
98_osh,2022-01-01,5,7.523758672177792
98_osh,2022-01-01,10,7.523758672177792
98_osh,2022-01-01,15,7.523758672177792
98_osh,2022-01-01,20,7.523758672177792
98_osh,2022-01-01,30,7.523758672177792
98_osh,2022-01-01,40,7.523758672177792
98_osh,2022-01-01,50,7.523758672177792
98_osh,2022-01-02,5,7.4190191477537155
98_osh,2022-01-02,10,7.421216480433941
98_osh,2022-01-02,15,7.421948924660683
98_osh,2022-01-02,20,7.421948924660683
98_osh,2022-01-02,30,7.421948924660683
98_osh,2022-01-02,40,7.421948924660683
98_osh,2022-01-02,50,7.421948924660683
98_osh,2022-01-03,5,7.254951640963554
98_osh,2022-01-03,10,7.254951640963554
98_osh,2022-01-03,15,7.254951640963554
98_osh,2022-01-03,20,7.254951640963554
98_osh,2022-01-03,30,7.254951640963554
98_osh,2022-01-03,40,7.255684085190296
98_osh,2022-01-03,50,7.255684085190296
98_osh,2022-01-04,5,7.106265462934971
98_osh,2022-01-04,10,7.106265462934971
98_osh,2022-01-04,15,7.106997907161713
98_osh,2022-01-04,20,7.106997907161713
98_osh,2022-01-04,30,7.106997907161713
98_osh,2022-01-04,40,7.106997907161713
98_osh,2022-01-04,50,7.106997907161713
98_osh,2022-01-05,5,7.013977490365505
98_osh,2022-01-05,10,7.013977490365505
98_osh,2022-01-05,15,7.013977490365505
98_osh,2022-01-05,20,7.013977490365505
98_osh,2022-01-05,30,7.013977490365505
98_osh,2022-01-05,40,7.013977490365505
98_osh,2022-01-05,50,7.013977490365505
98_osh,2022-01-06,5,6.949522398412228
98_osh,2022-01-06,10,6.950254842638969
98_osh,2022-01-06,15,6.950254842638969
98_osh,2022-01-06,20,6.949522398412228
98_osh,2022-01-06,30,6.948789954185486
98_osh,2022-01-06,40,6.948789954185486
98_osh,2022-01-06,50,6.948789954185486
98_osh,2022-01-07,5,6.867488645017147
98_osh,2022-01-07,10,6.867488645017147
98_osh,2022-01-07,15,6.867488645017147
98_osh,2022-01-07,20,6.867488645017147
98_osh,2022-01-07,30,6.867488645017147
98_osh,2022-01-07,40,6.867488645017147
98_osh,2022-01-07,50,6.867488645017147
98_osh,2022-01-08,5,6.764946453273296
98_osh,2022-01-08,10,6.764946453273296
98_osh,2022-01-08,15,6.764946453273296
98_osh,2022-01-08,20,6.764946453273296
98_osh,2022-01-08,30,6.764946453273296
98_osh,2022-01-08,40,6.764946453273296
98_osh,2022-01-08,50,6.764946453273296
98_osh,2022-01-09,5,6.681447811424732
98_osh,2022-01-09,10,6.681447811424732
98_osh,2022-01-09,15,6.681447811424732
98_osh,2022-01-09,20,6.681447811424732
98_osh,2022-01-09,30,6.681447811424732
98_osh,2022-01-09,40,6.681447811424732
98_osh,2022-01-09,50,6.681447811424732
98_osh,2022-01-10,5,6.675588257610798
98_osh,2022-01-10,10,6.675588257610798
98_osh,2022-01-10,15,6.67632070183754
98_osh,2022-01-10,20,6.67632070183754
98_osh,2022-01-10,30,6.675588257610798
98_osh,2022-01-10,40,6.674855813384056
98_osh,2022-01-10,50,6.674123369157314
98_osh,2022-01-11,5,6.699758917093277
98_osh,2022-01-11,10,6.726859353482723
98_osh,2022-01-11,15,6.742240682244301
98_osh,2022-01-11,20,6.744438014924526
98_osh,2022-01-11,30,6.745170459151268
98_osh,2022-01-11,40,6.739310905337334
98_osh,2022-01-11,50,6.718070022761822
98_osh,2022-01-12,5,6.805963329970837
98_osh,2022-01-12,10,6.811822883784771
98_osh,2022-01-12,15,6.843317985534668
98_osh,2022-01-12,20,6.859431758522987
98_osh,2022-01-12,30,6.907040633261204
98_osh,2022-01-12,40,6.924619294703007
98_osh,2022-01-12,50,6.813287772238255
98_osh,2022-01-13,5,6.985412165522575
98_osh,2022-01-13,10,6.985412165522575
98_osh,2022-01-13,15,6.985412165522575
98_osh,2022-01-13,20,6.985412165522575
98_osh,2022-01-13,30,6.985412165522575
98_osh,2022-01-13,40,7.041810370981693
98_osh,2022-01-13,50,6.912167742848396
98_osh,2022-01-14,5,6.978820167481899
98_osh,2022-01-14,10,6.978820167481899
98_osh,2022-01-14,15,6.978820167481899
98_osh,2022-01-14,20,6.978820167481899
98_osh,2022-01-14,30,6.979552611708641
98_osh,2022-01-14,40,7.026429042220116
98_osh,2022-01-14,50,6.9465926215052605
98_osh,2022-01-15,5,6.8836024180054665
98_osh,2022-01-15,10,6.8836024180054665
98_osh,2022-01-15,15,6.8836024180054665
98_osh,2022-01-15,20,6.8836024180054665
98_osh,2022-01-15,30,6.892391748726368
98_osh,2022-01-15,40,6.957579284906387
98_osh,2022-01-15,50,6.933408625423908
98_osh,2022-01-16,5,6.756157122552395
98_osh,2022-01-16,10,6.756157122552395
98_osh,2022-01-16,15,6.756889566779137
98_osh,2022-01-16,20,6.756889566779137
98_osh,2022-01-16,30,6.76641134172678
98_osh,2022-01-16,40,6.904110856354237
98_osh,2022-01-16,50,6.9253517389297485
98_osh,2022-01-17,5,6.647022932767868
98_osh,2022-01-17,10,6.647022932767868
98_osh,2022-01-17,15,6.647022932767868
98_osh,2022-01-17,20,6.647022932767868
98_osh,2022-01-17,30,6.651417598128319
98_osh,2022-01-17,40,6.87261575460434
98_osh,2022-01-17,50,6.906308189034462
98_osh,2022-01-18,5,6.510055862367153
98_osh,2022-01-18,10,6.510055862367153
98_osh,2022-01-18,15,6.510788306593895
98_osh,2022-01-18,20,6.510788306593895
98_osh,2022-01-18,30,6.5122531950473785
98_osh,2022-01-18,40,6.77446822822094
98_osh,2022-01-18,50,6.841853097081184
98_osh,2022-01-19,5,6.279335930943489
98_osh,2022-01-19,10,6.280068375170231
98_osh,2022-01-19,15,6.280068375170231
98_osh,2022-01-19,20,6.280800819396973
98_osh,2022-01-19,30,6.293252371251583
98_osh,2022-01-19,40,6.592822059988976
98_osh,2022-01-19,50,6.704153582453728
98_osh,2022-01-20,5,5.907986707985401
98_osh,2022-01-20,10,5.907986707985401
98_osh,2022-01-20,15,5.907986707985401
98_osh,2022-01-20,20,5.908719152212143
98_osh,2022-01-20,30,5.944608919322491
98_osh,2022-01-20,40,6.289590150117874
98_osh,2022-01-20,50,6.539353631436825
98_osh,2022-01-21,5,5.461928173899651
98_osh,2022-01-21,10,5.461928173899651
98_osh,2022-01-21,15,5.462660618126392
98_osh,2022-01-21,20,5.462660618126392
98_osh,2022-01-21,30,5.504409939050674
98_osh,2022-01-21,40,6.140903972089291
98_osh,2022-01-21,50,6.502731420099735
98_osh,2022-01-22,5,5.087649174034596
98_osh,2022-01-22,10,5.087649174034596
98_osh,2022-01-22,15,5.088381618261337
98_osh,2022-01-22,20,5.089114062488079
98_osh,2022-01-22,30,5.298593111336231
98_osh,2022-01-22,40,5.913846261799336
98_osh,2022-01-22,50,6.293252371251583
98_osh,2022-01-23,5,4.817377254366875
98_osh,2022-01-23,10,4.8181096985936165
98_osh,2022-01-23,15,4.823236808180809
98_osh,2022-01-23,20,4.834223471581936
98_osh,2022-01-23,30,5.235602907836437
98_osh,2022-01-23,40,5.579119250178337
98_osh,2022-01-23,50,5.951200917363167
98_osh,2022-01-24,5,4.572008438408375
98_osh,2022-01-24,10,4.572008438408375
98_osh,2022-01-24,15,4.574938215315342
98_osh,2022-01-24,20,4.583727546036243
98_osh,2022-01-24,30,5.019531860947609
98_osh,2022-01-24,40,5.216559357941151
98_osh,2022-01-24,50,5.497817941009998
98_osh,2022-01-25,5,4.293679632246494
98_osh,2022-01-25,10,4.294412076473236
98_osh,2022-01-25,15,4.311258293688297
98_osh,2022-01-25,20,4.394756935536861
98_osh,2022-01-25,30,4.747795052826405
98_osh,2022-01-25,40,4.862788796424866
98_osh,2022-01-25,50,5.031983412802219
98_osh,2022-01-26,5,3.955290399491787
98_osh,2022-01-26,10,4.0058290511369705
98_osh,2022-01-26,15,4.25119786709547
98_osh,2022-01-26,20,4.361064501106739
98_osh,2022-01-26,30,4.480452910065651
98_osh,2022-01-26,40,4.587389767169952
98_osh,2022-01-26,50,4.703848399221897
98_osh,2022-01-27,5,3.633747383952141
98_osh,2022-01-27,10,3.720175802707672
98_osh,2022-01-27,15,4.126682348549366
98_osh,2022-01-27,20,4.193334773182869
98_osh,2022-01-27,30,4.321512512862682
98_osh,2022-01-27,40,4.46360669285059
98_osh,2022-01-27,50,4.599841319024563
98_osh,2022-01-28,5,3.3686025738716125
98_osh,2022-01-28,10,3.4323252215981483
98_osh,2022-01-28,15,3.91573841124773
98_osh,2022-01-28,20,4.004364162683487
98_osh,2022-01-28,30,4.207983657717705
98_osh,2022-01-28,40,4.384502716362476
98_osh,2022-01-28,50,4.557359553873539
98_osh,2022-01-29,5,3.192083515226841
98_osh,2022-01-29,10,3.199407957494259
98_osh,2022-01-29,15,3.521683417260647
98_osh,2022-01-29,20,3.75606556981802
98_osh,2022-01-29,30,4.107638798654079
98_osh,2022-01-29,40,4.317117847502232
98_osh,2022-01-29,50,4.5170751214027405
98_osh,2022-01-30,5,2.9664906933903694
98_osh,2022-01-30,10,2.9664906933903694
98_osh,2022-01-30,15,3.100527986884117
98_osh,2022-01-30,20,3.374462127685547
98_osh,2022-01-30,30,4.005096606910229
98_osh,2022-01-30,40,4.232154317200184
98_osh,2022-01-30,50,4.445295587182045
98_osh,2022-01-31,5,2.694753885269165
98_osh,2022-01-31,10,2.695486329495907
98_osh,2022-01-31,15,2.8500320613384247
98_osh,2022-01-31,20,3.174504853785038
98_osh,2022-01-31,30,3.899624638259411
98_osh,2022-01-31,40,4.125949904322624
98_osh,2022-01-31,50,4.340556062757969
98_osh,2022-02-01,5,2.5431379303336143
98_osh,2022-02-01,10,2.544602818787098
98_osh,2022-02-01,15,2.6940214410424232
98_osh,2022-02-01,20,3.041932448744774
98_osh,2022-02-01,30,3.770714454352856
98_osh,2022-02-01,40,3.999969497323036
98_osh,2022-02-01,50,4.19772943854332
98_osh,2022-02-02,5,2.425214409828186
98_osh,2022-02-02,10,2.425214409828186
98_osh,2022-02-02,15,2.5533921495079994
98_osh,2022-02-02,20,2.8507645055651665
98_osh,2022-02-02,30,3.6344798281788826
98_osh,2022-02-02,40,3.867397092282772
98_osh,2022-02-02,50,4.045381039381027
98_osh,2022-02-03,5,2.316080220043659
98_osh,2022-02-03,10,2.316812664270401
98_osh,2022-02-03,15,2.390789531171322
98_osh,2022-02-03,20,2.6302987933158875
98_osh,2022-02-03,30,3.531937636435032
98_osh,2022-02-03,40,3.786828227341175
98_osh,2022-02-03,50,3.997772164642811
98_osh,2022-02-04,5,2.2032838091254234
98_osh,2022-02-04,10,2.2032838091254234
98_osh,2022-02-04,15,2.224524691700936
98_osh,2022-02-04,20,2.371013537049293
98_osh,2022-02-04,30,3.415479004383087
98_osh,2022-02-04,40,3.720175802707672
98_osh,2022-02-04,50,3.9714041724801055
98_osh,2022-02-05,5,2.017242975533009
98_osh,2022-02-05,10,2.015778087079525
98_osh,2022-02-05,15,2.0846278443932533
98_osh,2022-02-05,20,2.292642004787922
98_osh,2022-02-05,30,3.282174155116081
98_osh,2022-02-05,40,3.6132389456033702
98_osh,2022-02-05,50,3.841029100120068
98_osh,2022-02-06,5,1.8487808033823967
98_osh,2022-02-06,10,1.8495132476091385
98_osh,2022-02-06,15,1.9359416663646696
98_osh,2022-02-06,20,2.139561161398888
98_osh,2022-02-06,30,3.2016052901744843
98_osh,2022-02-06,40,3.5443891882896423
98_osh,2022-02-06,50,3.807336665689945
98_osh,2022-02-07,5,1.6627399697899818
98_osh,2022-02-07,10,1.6627399697899818
98_osh,2022-02-07,15,1.7630848288536072
98_osh,2022-02-07,20,2.041413635015488
98_osh,2022-02-07,30,3.140812419354916
98_osh,2022-02-07,40,3.507034532725811
98_osh,2022-02-07,50,3.804406888782978
98_osh,2022-02-08,5,1.484023578464985
98_osh,2022-02-08,10,1.484023578464985
98_osh,2022-02-08,15,1.596819989383221
98_osh,2022-02-08,20,1.92788477987051
98_osh,2022-02-08,30,3.0609759986400604
98_osh,2022-02-08,40,3.447706550359726
98_osh,2022-02-08,50,3.692342922091484
98_osh,2022-02-09,5,1.2694174200296402
98_osh,2022-02-09,10,1.2708823084831238
98_osh,2022-02-09,15,1.4393444806337357
98_osh,2022-02-09,20,1.7799310460686684
98_osh,2022-02-09,30,3.0038453489542007
98_osh,2022-02-09,40,3.39204078912735
98_osh,2022-02-09,50,3.570757180452347
98_osh,2022-02-10,5,0.9830317273736
98_osh,2022-02-10,10,1.0584734827280045
98_osh,2022-02-10,15,1.4305551499128342
98_osh,2022-02-10,20,1.763817273080349
98_osh,2022-02-10,30,2.933530703186989
98_osh,2022-02-10,40,3.31440170109272
98_osh,2022-02-10,50,3.4000976756215096
98_osh,2022-02-11,5,0.7237464711070061
98_osh,2022-02-11,10,0.8980681970715523
98_osh,2022-02-11,15,1.34705650806427
98_osh,2022-02-11,20,1.640766642987728
98_osh,2022-02-11,30,2.775322750210762
98_osh,2022-02-11,40,3.2008728459477425
98_osh,2022-02-11,50,3.223578616976738
98_osh,2022-02-12,5,0.6102176159620285
98_osh,2022-02-12,10,0.7435224652290344
98_osh,2022-02-12,15,1.1668752282857895
98_osh,2022-02-12,20,1.427625373005867
98_osh,2022-02-12,30,2.5526597052812576
98_osh,2022-02-12,40,3.055116444826126
98_osh,2022-02-12,50,3.0814844369888306
98_osh,2022-02-13,5,0.583849623799324
98_osh,2022-02-13,10,0.6146122813224792
98_osh,2022-02-13,15,0.926633521914482
98_osh,2022-02-13,20,1.1712698936462402
98_osh,2022-02-13,30,2.355632208287716
98_osh,2022-02-13,40,2.929136037826538
98_osh,2022-02-13,50,2.994323574006557
98_osh,2022-02-14,5,0.5933713987469673
98_osh,2022-02-14,10,0.6021607294678688
98_osh,2022-02-14,15,0.9149144142866136
98_osh,2022-02-14,20,1.1383099034428596
98_osh,2022-02-14,30,2.1857051476836205
98_osh,2022-02-14,40,2.769463196396828
98_osh,2022-02-14,50,2.898373380303383
98_osh,2022-02-15,5,0.7112949192523956
98_osh,2022-02-15,10,0.7164220288395882
98_osh,2022-02-15,15,0.8409375473856926
98_osh,2022-02-15,20,1.004272609949112
98_osh,2022-02-15,30,1.8561052456498144
98_osh,2022-02-15,40,2.4662312865257263
98_osh,2022-02-15,50,2.673513002693653
98_osh,2022-02-16,5,0.8336131051182747
98_osh,2022-02-16,10,0.8350779935717583
98_osh,2022-02-16,15,0.8467971011996269
98_osh,2022-02-16,20,0.8804895356297493
98_osh,2022-02-16,30,1.3697622790932655
98_osh,2022-02-16,40,1.958647437393665
98_osh,2022-02-16,50,2.165929153561592
98_osh,2022-02-17,5,0.8695028722286224
98_osh,2022-02-17,10,0.8636433184146881
98_osh,2022-02-17,15,0.8724326491355896
98_osh,2022-02-17,20,0.8892788663506508
98_osh,2022-02-17,30,1.172002337872982
98_osh,2022-02-17,40,1.6107364296913147
98_osh,2022-02-17,50,1.823145255446434
98_osh,2022-02-18,5,0.8489944338798523
98_osh,2022-02-18,10,0.8438673242926598
98_osh,2022-02-18,15,0.8812219798564911
98_osh,2022-02-18,20,0.9105197489261628
98_osh,2022-02-18,30,1.1221961304545405
98_osh,2022-02-18,40,1.49427779763937
98_osh,2022-02-18,50,1.848048359155655
98_osh,2022-02-19,5,0.8211615532636642
98_osh,2022-02-19,10,0.8204291090369225
98_osh,2022-02-19,15,0.8416699916124344
98_osh,2022-02-19,20,0.8724326491355896
98_osh,2022-02-19,30,1.021851271390915
98_osh,2022-02-19,40,1.3565782830119133
98_osh,2022-02-19,50,1.742576390504837
98_osh,2022-02-20,5,0.7984557822346687
98_osh,2022-02-20,10,0.8006531149148941
98_osh,2022-02-20,15,0.8160344436764717
98_osh,2022-02-20,20,0.8306833282113075
98_osh,2022-02-20,30,0.9537339583039284
98_osh,2022-02-20,40,1.280404083430767
98_osh,2022-02-20,50,1.6913052946329117
98_osh,2022-02-21,5,0.7354655787348747
98_osh,2022-02-21,10,0.7369304671883583
98_osh,2022-02-21,15,0.7405926883220673
98_osh,2022-02-21,20,0.7427900210022926
98_osh,2022-02-21,30,0.8577837646007538
98_osh,2022-02-21,40,1.5931577682495115
98_osh,2022-02-21,50,2.5116428285837173
98_osh,2022-02-22,5,0.6409802734851837
98_osh,2022-02-22,10,0.6417127177119255
98_osh,2022-02-22,15,0.6431776061654091
98_osh,2022-02-22,20,0.6461073830723763
98_osh,2022-02-22,30,0.7867366746068001
98_osh,2022-02-22,40,1.774071492254734
98_osh,2022-02-22,50,2.932798258960247
98_osh,2022-02-23,5,0.5552842989563942
98_osh,2022-02-23,10,0.5545518547296524
98_osh,2022-02-23,15,0.5552842989563942
98_osh,2022-02-23,20,0.5574816316366196
98_osh,2022-02-23,30,0.7925962284207344
98_osh,2022-02-23,40,1.9022492319345476
98_osh,2022-02-23,50,3.0250862315297127
98_osh,2022-02-24,5,0.4959563165903091
98_osh,2022-02-24,10,0.4959563165903091
98_osh,2022-02-24,15,0.4974212050437927
98_osh,2022-02-24,20,0.5010834261775017
98_osh,2022-02-24,30,0.8028504475951195
98_osh,2022-02-24,40,2.042146079242229
98_osh,2022-02-24,50,3.1232337579131126
98_osh,2022-02-25,5,0.4908292070031166
98_osh,2022-02-25,10,0.489364318549633
98_osh,2022-02-25,15,0.4915616512298584
98_osh,2022-02-25,20,0.5010834261775017
98_osh,2022-02-25,30,0.8109073340892792
98_osh,2022-02-25,40,2.102938950061798
98_osh,2022-02-25,50,3.1312906444072723
98_osh,2022-02-26,5,0.5779900699853897
98_osh,2022-02-26,10,0.5618762969970703
98_osh,2022-02-26,15,0.538438081741333
98_osh,2022-02-26,20,0.5369731932878494
98_osh,2022-02-26,30,0.8585162088274956
98_osh,2022-02-26,40,2.1227149441838264
98_osh,2022-02-26,50,3.02801600843668
98_osh,2022-02-27,5,0.6028931736946106
98_osh,2022-02-27,10,0.5926389545202255
98_osh,2022-02-27,15,0.5889767333865166
98_osh,2022-02-27,20,0.5904416218400002
98_osh,2022-02-27,30,0.9610584005713464
98_osh,2022-02-27,40,2.1717887073755264
98_osh,2022-02-27,50,2.919614262878895
98_osh,2022-02-28,5,0.6204718351364136
98_osh,2022-02-28,10,0.6197393909096718
98_osh,2022-02-28,15,0.6351207196712494
98_osh,2022-02-28,20,0.646839827299118
98_osh,2022-02-28,30,1.0540788173675537
98_osh,2022-02-28,40,2.2977691143751144
98_osh,2022-02-28,50,2.93792536854744
98_osh,2022-03-01,5,0.6058229506015778
98_osh,2022-03-01,10,0.6131473928689957
98_osh,2022-03-01,15,0.6402478292584419
98_osh,2022-03-01,20,0.6702780425548553
98_osh,2022-03-01,30,1.1295205727219582
98_osh,2022-03-01,40,2.3006988912820816
98_osh,2022-03-01,50,2.8639485016465187
98_osh,2022-03-02,5,0.6241340562701225
98_osh,2022-03-02,10,0.6578264907002449
98_osh,2022-03-02,15,0.6739402636885643
98_osh,2022-03-02,20,0.6981109231710434
98_osh,2022-03-02,30,1.1734672263264656
98_osh,2022-03-02,40,2.285317562520504
98_osh,2022-03-02,50,2.798028521239757
98_osh,2022-03-03,5,0.5904416218400002
98_osh,2022-03-03,10,0.6512344926595688
98_osh,2022-03-03,15,0.6981109231710434
98_osh,2022-03-03,20,0.7244789153337479
98_osh,2022-03-03,30,1.207159660756588
98_osh,2022-03-03,40,2.2560197934508324
98_osh,2022-03-03,50,2.718924544751644
98_osh,2022-03-04,5,0.6160771697759628
98_osh,2022-03-04,10,0.6417127177119255
98_osh,2022-03-04,15,0.7215491384267807
98_osh,2022-03-04,20,0.7530442401766777
98_osh,2022-03-04,30,1.242316983640194
98_osh,2022-03-04,40,2.247230462729931
98_osh,2022-03-04,50,2.6691183373332024
98_osh,2022-03-05,5,0.5977660641074181
98_osh,2022-03-05,10,0.636585608124733
98_osh,2022-03-05,15,0.7105624750256538
98_osh,2022-03-05,20,0.7632984593510628
98_osh,2022-03-05,30,1.2291329875588417
98_osh,2022-03-05,40,2.1615344882011414
98_osh,2022-03-05,50,2.525559268891812
98_osh,2022-03-06,5,0.6446424946188927
98_osh,2022-03-06,10,0.6519669368863106
98_osh,2022-03-06,15,0.7164220288395882
98_osh,2022-03-06,20,0.7640309035778046
98_osh,2022-03-06,30,1.2393872067332268
98_osh,2022-03-06,40,2.1161229461431503
98_osh,2022-03-06,50,2.4266792982816696
98_osh,2022-03-07,5,0.7178869172930717
98_osh,2022-03-07,10,0.7010407000780106
98_osh,2022-03-07,15,0.7332682460546494
98_osh,2022-03-07,20,0.7925962284207344
98_osh,2022-03-07,30,1.3140965178608894
98_osh,2022-03-07,40,2.1439558267593384
98_osh,2022-03-07,50,2.4237495213747025
98_osh,2022-03-08,5,0.772820234298706
98_osh,2022-03-08,10,0.7618335708975792
98_osh,2022-03-08,15,0.7647633478045464
98_osh,2022-03-08,20,0.8160344436764717
98_osh,2022-03-08,30,1.3346049562096596
98_osh,2022-03-08,40,2.142490938305855
98_osh,2022-03-08,50,2.4347361847758293
98_osh,2022-03-09,5,0.8160344436764717
98_osh,2022-03-09,10,0.8013855591416359
98_osh,2022-03-09,15,0.7984557822346687
98_osh,2022-03-09,20,0.8380077704787254
98_osh,2022-03-09,30,1.308236964046955
98_osh,2022-03-09,40,2.0882900655269623
98_osh,2022-03-09,50,2.392254419624805
98_osh,2022-03-10,5,0.9156468585133553
98_osh,2022-03-10,10,0.860713541507721
98_osh,2022-03-10,15,0.8314157724380493
98_osh,2022-03-10,20,0.857051320374012
98_osh,2022-03-10,30,1.2686849758028984
98_osh,2022-03-10,40,2.0113834217190742
98_osh,2022-03-10,50,2.3043611124157906
98_osh,2022-03-11,5,1.0365001559257507
98_osh,2022-03-11,10,0.912717081606388
98_osh,2022-03-11,15,0.8504593223333359
98_osh,2022-03-11,20,0.8614459857344627
98_osh,2022-03-11,30,1.2196112126111984
98_osh,2022-03-11,40,1.9264198914170263
98_osh,2022-03-11,50,2.192297145724297
98_osh,2022-03-12,5,1.1873836666345596
98_osh,2022-03-12,10,1.0570085942745209
98_osh,2022-03-12,15,0.8870815336704254
98_osh,2022-03-12,20,0.8804895356297493
98_osh,2022-03-12,30,1.221076101064682
98_osh,2022-03-12,40,1.8993194550275805
98_osh,2022-03-12,50,2.154942490160465
98_osh,2022-03-13,5,1.2613605335354805
98_osh,2022-03-13,10,1.1148716881871223
98_osh,2022-03-13,15,0.9229713007807732
98_osh,2022-03-13,20,0.9031953066587448
98_osh,2022-03-13,30,1.2115543261170387
98_osh,2022-03-13,40,1.859767466783524
98_osh,2022-03-13,50,2.118320278823376
98_osh,2022-03-14,5,1.358775615692139
98_osh,2022-03-14,10,1.1815241128206253
98_osh,2022-03-14,15,0.9698477312922478
98_osh,2022-03-14,20,0.9302957430481912
98_osh,2022-03-14,30,1.175664559006691
98_osh,2022-03-14,40,1.801904372870922
98_osh,2022-03-14,50,2.072176292538643
98_osh,2022-03-15,5,1.2745445296168327
98_osh,2022-03-15,10,1.231330320239067
98_osh,2022-03-15,15,1.1031525805592537
98_osh,2022-03-15,20,1.0321054905653
98_osh,2022-03-15,30,1.067262813448906
98_osh,2022-03-15,40,1.6466261968016624
98_osh,2022-03-15,50,1.9117710068821907
98_osh,2022-03-16,5,1.3170262947678566
98_osh,2022-03-16,10,1.2679525315761566
98_osh,2022-03-16,15,1.1361125707626345
98_osh,2022-03-16,20,1.053346373140812
98_osh,2022-03-16,30,1.00354016572237
98_osh,2022-03-16,40,1.5418866723775864
98_osh,2022-03-16,50,1.7960448190569878
98_osh,2022-03-17,5,1.4598529189825058
98_osh,2022-03-17,10,1.325815625488758
98_osh,2022-03-17,15,1.1573534533381462
98_osh,2022-03-17,20,1.059938371181488
98_osh,2022-03-17,30,0.9683828428387642
98_osh,2022-03-17,40,1.441541813313961
98_osh,2022-03-17,50,1.676656410098076
98_osh,2022-03-18,5,1.4781640246510506
98_osh,2022-03-18,10,1.3734245002269745
98_osh,2022-03-18,15,1.165410339832306
98_osh,2022-03-18,20,1.059938371181488
98_osh,2022-03-18,30,0.927365966141224
98_osh,2022-03-18,40,1.3382671773433683
98_osh,2022-03-18,50,1.5894955471158028
98_osh,2022-03-19,5,1.5133213475346563
98_osh,2022-03-19,10,1.3800164982676506
98_osh,2022-03-19,15,1.1551561206579208
98_osh,2022-03-19,20,1.049684152007103
98_osh,2022-03-19,30,0.8826868683099747
98_osh,2022-03-19,40,1.2555009797215462
98_osh,2022-03-19,50,1.5404217839241028
98_osh,2022-03-20,5,1.5301675647497175
98_osh,2022-03-20,10,1.431287594139576
98_osh,2022-03-20,15,1.1807916685938835
98_osh,2022-03-20,20,1.0687277019023895
98_osh,2022-03-20,30,0.8702353164553642
98_osh,2022-03-20,40,1.2540360912680626
98_osh,2022-03-20,50,1.5682546645402908
98_osh,2022-03-21,5,1.501602239906788
98_osh,2022-03-21,10,1.479628913104534
98_osh,2022-03-21,15,1.2503738701343536
98_osh,2022-03-21,20,1.1170690208673475
98_osh,2022-03-21,30,0.8599810972809792
98_osh,2022-03-21,40,1.2379223182797432
98_osh,2022-03-21,50,1.5763115510344503
98_osh,2022-03-22,5,1.529435120522976
98_osh,2022-03-22,10,1.5037995725870132
98_osh,2022-03-22,15,1.3133640736341476
98_osh,2022-03-22,20,1.172002337872982
98_osh,2022-03-22,30,0.8416699916124344
98_osh,2022-03-22,40,1.172002337872982
98_osh,2022-03-22,50,1.5096591264009476
98_osh,2022-03-23,5,1.567522220313549
98_osh,2022-03-23,10,1.54335156083107
98_osh,2022-03-23,15,1.3324076235294342
98_osh,2022-03-23,20,1.1888485550880432
98_osh,2022-03-23,30,0.8262886628508568
98_osh,2022-03-23,40,1.1060823574662209
98_osh,2022-03-23,50,1.4224982634186745
98_osh,2022-03-24,5,1.6927701830863953
98_osh,2022-03-24,10,1.59242532402277
98_osh,2022-03-24,15,1.3411969542503357
98_osh,2022-03-24,20,1.1947081089019775
98_osh,2022-03-24,30,0.8233588859438896
98_osh,2022-03-24,40,1.0928983613848686
98_osh,2022-03-24,50,1.4093142673373222
98_osh,2022-03-25,5,1.8626972436904907
98_osh,2022-03-25,10,1.665669746696949
98_osh,2022-03-25,15,1.3770867213606834
98_osh,2022-03-25,20,1.2225409895181656
98_osh,2022-03-25,30,0.8321482166647911
98_osh,2022-03-25,40,1.1046174690127373
98_osh,2022-03-25,50,1.4430067017674446
98_osh,2022-03-26,5,2.0604571849107742
98_osh,2022-03-26,10,1.7330546155571938
98_osh,2022-03-26,15,1.4115116000175476
98_osh,2022-03-26,20,1.256233423948288
98_osh,2022-03-26,30,0.8380077704787254
98_osh,2022-03-26,40,1.0855739191174507
98_osh,2022-03-26,50,1.4327524825930595
98_osh,2022-03-27,5,2.407635748386383
98_osh,2022-03-27,10,1.9132358953356745
98_osh,2022-03-27,15,1.4935453534126282
98_osh,2022-03-27,20,1.3177587389945984
98_osh,2022-03-27,30,0.8541215434670448
98_osh,2022-03-27,40,1.1046174690127373
98_osh,2022-03-27,50,1.469374693930149
98_osh,2022-03-28,5,2.4017761945724487
98_osh,2022-03-28,10,2.109530948102474
98_osh,2022-03-28,15,1.5792413279414177
98_osh,2022-03-28,20,1.3770867213606834
98_osh,2022-03-28,30,0.8738975375890732
98_osh,2022-03-28,40,1.1258583515882492
98_osh,2022-03-28,50,1.4935453534126282
98_osh,2022-03-29,5,2.439863294363022
98_osh,2022-03-29,10,2.192297145724297
98_osh,2022-03-29,15,1.6429639756679535
98_osh,2022-03-29,20,1.421765819191933
98_osh,2022-03-29,30,0.8936735317111015
98_osh,2022-03-29,40,1.1434370130300522
98_osh,2022-03-29,50,1.5133213475346563
98_osh,2022-03-30,5,2.5497299283742905
98_osh,2022-03-30,10,2.2384411320090294
98_osh,2022-03-30,15,1.671529300510883
98_osh,2022-03-30,20,1.4422742575407028
98_osh,2022-03-30,30,0.9112521931529044
98_osh,2022-03-30,40,1.1639454513788223
98_osh,2022-03-30,50,1.557268001139164
98_osh,2022-03-31,5,2.7181921005249023
98_osh,2022-03-31,10,2.329996660351753
98_osh,2022-03-31,15,1.7257301732897758
98_osh,2022-03-31,20,1.483291134238243
98_osh,2022-03-31,30,0.9310281872749328
98_osh,2022-03-31,40,1.195440553128719
98_osh,2022-03-31,50,1.623920425772667
98_osh,2022-04-01,5,2.590014360845089
98_osh,2022-04-01,10,2.4662312865257263
98_osh,2022-04-01,15,1.82973725348711
98_osh,2022-04-01,20,1.5594653338193891
98_osh,2022-04-01,30,0.9603259563446044
98_osh,2022-04-01,40,1.2686849758028984
98_osh,2022-04-01,50,1.7616199404001236
98_osh,2022-04-02,5,2.615649908781052
98_osh,2022-04-02,10,2.495529055595398
98_osh,2022-04-02,15,1.943266108632088
98_osh,2022-04-02,20,1.644428864121437
98_osh,2022-04-02,30,0.9910886138677596
98_osh,2022-04-02,40,1.3162938505411148
98_osh,2022-04-02,50,1.848048359155655
98_osh,2022-04-03,5,2.785576969385147
98_osh,2022-04-03,10,2.575365476310253
98_osh,2022-04-03,15,2.0487380772829056
98_osh,2022-04-03,20,1.7293923944234848
98_osh,2022-04-03,30,1.0196539387106895
98_osh,2022-04-03,40,1.3236182928085327
98_osh,2022-04-03,50,1.8421888053417208
98_osh,2022-04-04,5,2.933530703186989
98_osh,2022-04-04,10,2.680837444961071
98_osh,2022-04-04,15,2.0919522866606712
98_osh,2022-04-04,20,1.7689443826675415
98_osh,2022-04-04,30,1.038697488605976
98_osh,2022-04-04,40,1.3060396313667295
98_osh,2022-04-04,50,1.7733390480279922
98_osh,2022-04-05,5,3.149601750075817
98_osh,2022-04-05,10,2.7767876386642456
98_osh,2022-04-05,15,2.1285744979977608
98_osh,2022-04-05,20,1.801904372870922
98_osh,2022-04-05,30,1.0511490404605863
98_osh,2022-04-05,40,1.3009125217795372
98_osh,2022-04-05,50,1.7293923944234848
98_osh,2022-04-06,5,3.4594256579875946
98_osh,2022-04-06,10,2.9100924879312515
98_osh,2022-04-06,15,2.180578038096428
98_osh,2022-04-06,20,1.8414563611149788
98_osh,2022-04-06,30,1.0819116979837418
98_osh,2022-04-06,40,1.3316751793026924
98_osh,2022-04-06,50,1.7447737231850624
98_osh,2022-04-07,5,3.633747383952141
98_osh,2022-04-07,10,3.122501313686371
98_osh,2022-04-07,15,2.3256019949913025
98_osh,2022-04-07,20,1.9725638777017596
98_osh,2022-04-07,30,1.1917783319950104
98_osh,2022-04-07,40,1.4151738211512566
98_osh,2022-04-07,50,1.8077639266848564
98_osh,2022-04-08,5,3.869594424962997
98_osh,2022-04-08,10,3.331980362534523
98_osh,2022-04-08,15,2.48820461332798
98_osh,2022-04-08,20,2.1197851672768597
98_osh,2022-04-08,30,1.3184911832213402
98_osh,2022-04-08,40,1.515518680214882
98_osh,2022-04-08,50,1.8883327916264532
98_osh,2022-04-09,5,4.150853008031845
98_osh,2022-04-09,10,3.5919980630278587
98_osh,2022-04-09,15,2.6962187737226486
98_osh,2022-04-09,20,2.3036286681890488
98_osh,2022-04-09,30,1.4503311440348623
98_osh,2022-04-09,40,1.6041444316506386
98_osh,2022-04-09,50,1.9542527720332143
98_osh,2022-04-10,5,4.392559602856636
98_osh,2022-04-10,10,3.787560671567917
98_osh,2022-04-10,15,2.856624059379101
98_osh,2022-04-10,20,2.456709511578083
98_osh,2022-04-10,30,1.577776439487934
98_osh,2022-04-10,40,1.6817835196852684
98_osh,2022-04-10,50,1.998199425637722
98_osh,2022-04-11,5,4.640125751495361
98_osh,2022-04-11,10,3.991912610828877
98_osh,2022-04-11,15,3.0353404507040977
98_osh,2022-04-11,20,2.6273690164089203
98_osh,2022-04-11,30,1.700827069580555
98_osh,2022-04-11,40,1.7652821615338326
98_osh,2022-04-11,50,2.049470521509648
98_osh,2022-04-12,5,4.879635013639927
98_osh,2022-04-12,10,4.193334773182869
98_osh,2022-04-12,15,3.2001404017210007
98_osh,2022-04-12,20,2.7841120809316635
98_osh,2022-04-12,30,1.8209479227662089
98_osh,2022-04-12,40,1.8539079129695888
98_osh,2022-04-12,50,2.110263392329216
98_osh,2022-04-13,5,5.123538941144943
98_osh,2022-04-13,10,4.312723182141781
98_osh,2022-04-13,15,3.288033708930016
98_osh,2022-04-13,20,2.8712729439139366
98_osh,2022-04-13,30,1.9198278933763504
98_osh,2022-04-13,40,1.9520554393529888
98_osh,2022-04-13,50,2.191564701497555
98_osh,2022-04-14,5,5.467055283486843
98_osh,2022-04-14,10,4.489242240786552
98_osh,2022-04-14,15,3.4352549985051155
98_osh,2022-04-14,20,3.009704902768135
98_osh,2022-04-14,30,2.009186089038849
98_osh,2022-04-14,40,2.015045642852783
98_osh,2022-04-14,50,2.2421033531427383
98_osh,2022-04-15,5,5.635517455637455
98_osh,2022-04-15,10,4.694326624274254
98_osh,2022-04-15,15,3.590533174574375
98_osh,2022-04-15,20,3.1554613038897514
98_osh,2022-04-15,30,2.0941496193408966
98_osh,2022-04-15,40,2.061189629137516
98_osh,2022-04-15,50,2.273598454892636
98_osh,2022-04-16,5,5.8332773968577385
98_osh,2022-04-16,10,4.92577899992466
98_osh,2022-04-16,15,3.709921583533287
98_osh,2022-04-16,20,3.2528763860464096
98_osh,2022-04-16,30,2.1637318208813667
98_osh,2022-04-16,40,2.120517611503601
98_osh,2022-04-16,50,2.316812664270401
98_osh,2022-04-17,5,6.026642672717571
98_osh,2022-04-17,10,5.193853586912155
98_osh,2022-04-17,15,3.792687781155109
98_osh,2022-04-17,20,3.3100070357322693
98_osh,2022-04-17,30,2.2274544686079025
98_osh,2022-04-17,40,2.179845593869686
98_osh,2022-04-17,50,2.3600268736481667
98_osh,2022-04-18,5,6.1064790934324265
98_osh,2022-04-18,10,5.317636661231518
98_osh,2022-04-18,15,3.888637974858284
98_osh,2022-04-18,20,3.4000976756215096
98_osh,2022-04-18,30,2.316080220043659
98_osh,2022-04-18,40,2.225257135927677
98_osh,2022-04-18,50,2.3820002004504204
98_osh,2022-04-19,5,6.313760809600353
98_osh,2022-04-19,10,5.505142383277416
98_osh,2022-04-19,15,4.057100147008896
98_osh,2022-04-19,20,3.545854076743126
98_osh,2022-04-19,30,2.39811397343874
98_osh,2022-04-19,40,2.286050006747246
98_osh,2022-04-19,50,2.4303415194153786
98_osh,2022-04-20,5,6.565721623599529
98_osh,2022-04-20,10,5.759300529956818
98_osh,2022-04-20,15,4.258522309362888
98_osh,2022-04-20,20,3.709921583533287
98_osh,2022-04-20,30,2.470625951886177
98_osh,2022-04-20,40,2.3402508795261383
98_osh,2022-04-20,50,2.480880171060562
98_osh,2022-04-21,5,6.713675357401371
98_osh,2022-04-21,10,5.902859598398209
98_osh,2022-04-21,15,4.3779107183218
98_osh,2022-04-21,20,3.804406888782978
98_osh,2022-04-21,30,2.505783274769783
98_osh,2022-04-21,40,2.359294429421425
98_osh,2022-04-21,50,2.505783274769783
98_osh,2022-04-22,5,6.9568468406796455
98_osh,2022-04-22,10,6.0046693459153175
98_osh,2022-04-22,15,4.453352473676205
98_osh,2022-04-22,20,3.852748207747936
98_osh,2022-04-22,30,2.510910384356976
98_osh,2022-04-22,40,2.3739433139562607
98_osh,2022-04-22,50,2.53727837651968
98_osh,2022-04-23,5,7.049134813249111
98_osh,2022-04-23,10,6.199499510228634
98_osh,2022-04-23,15,4.370586276054382
98_osh,2022-04-23,20,3.745078906416893
98_osh,2022-04-23,30,2.481612615287304
98_osh,2022-04-23,40,2.400311306118965
98_osh,2022-04-23,50,2.600268580019474
98_osh,2022-04-24,5,7.078432582318783
98_osh,2022-04-24,10,6.227332390844822
98_osh,2022-04-24,15,4.426252037286758
98_osh,2022-04-24,20,3.786095783114433
98_osh,2022-04-24,30,2.495529055595398
98_osh,2022-04-24,40,2.4171575233340263
98_osh,2022-04-24,50,2.644215233623981
98_osh,2022-04-25,5,7.202948100864887
98_osh,2022-04-25,10,6.213415950536728
98_osh,2022-04-25,15,4.444563142955303
98_osh,2022-04-25,20,3.8095339983701706
98_osh,2022-04-25,30,2.505783274769783
98_osh,2022-04-25,40,2.4383984059095383
98_osh,2022-04-25,50,2.7108676582574844
98_osh,2022-04-26,5,7.38825649023056
98_osh,2022-04-26,10,6.300576813519001
98_osh,2022-04-26,15,4.550035111606121
98_osh,2022-04-26,20,3.914273522794247
98_osh,2022-04-26,30,2.522629491984844
98_osh,2022-04-26,40,2.456709511578083
98_osh,2022-04-26,50,2.771660529077053
98_osh,2022-04-27,5,7.178777441382408
98_osh,2022-04-27,10,6.6104007214307785
98_osh,2022-04-27,15,4.415265373885632
98_osh,2022-04-27,20,3.728232689201832
98_osh,2022-04-27,30,2.4801477268338203
98_osh,2022-04-27,40,2.551194816827774
98_osh,2022-04-27,50,2.937192924320698
98_osh,2022-04-28,5,6.980285055935383
98_osh,2022-04-28,10,6.628711827099323
98_osh,2022-04-28,15,4.374980941414833
98_osh,2022-04-28,20,3.638874493539333
98_osh,2022-04-28,30,2.496993944048881
98_osh,2022-04-28,40,2.6273690164089203
98_osh,2022-04-28,50,3.0470595583319664
98_osh,2022-04-29,5,7.241767644882202
98_osh,2022-04-29,10,6.506393641233444
98_osh,2022-04-29,15,4.301736518740654
98_osh,2022-04-29,20,3.603717170655728
98_osh,2022-04-29,30,2.5292214900255203
98_osh,2022-04-29,40,2.695486329495907
98_osh,2022-04-29,50,3.140079975128174
98_osh,2022-04-30,5,7.542069777846336
98_osh,2022-04-30,10,6.623584717512131
98_osh,2022-04-30,15,4.353007614612579
98_osh,2022-04-30,20,3.6425367146730414
98_osh,2022-04-30,30,2.56584370136261
98_osh,2022-04-30,40,2.78264719247818
98_osh,2022-04-30,50,3.2645954936742783
98_osh,2022-05-01,5,7.735435053706169
98_osh,2022-05-01,10,6.71733757853508
98_osh,2022-05-01,15,4.444563142955303
98_osh,2022-05-01,20,3.7077242508530617
98_osh,2022-05-01,30,2.600268580019474
98_osh,2022-05-01,40,2.8375805094838142
98_osh,2022-05-01,50,3.339304804801941
98_osh,2022-05-02,5,7.58455154299736
98_osh,2022-05-02,10,6.851374872028828
98_osh,2022-05-02,15,4.375713385641575
98_osh,2022-05-02,20,3.618366055190563
98_osh,2022-05-02,30,2.6361583471298218
98_osh,2022-05-02,40,2.9386578127741814
98_osh,2022-05-02,50,3.446974106132984
98_osh,2022-05-03,5,7.435132920742035
98_osh,2022-05-03,10,6.893856637179852
98_osh,2022-05-03,15,4.347880505025387
98_osh,2022-05-03,20,3.547318965196609
98_osh,2022-05-03,30,2.680837444961071
98_osh,2022-05-03,40,3.034608006477356
98_osh,2022-05-03,50,3.536332301795482
98_osh,2022-05-04,5,7.274727635085583
98_osh,2022-05-04,10,6.924619294703007
98_osh,2022-05-04,15,4.164037004113197
98_osh,2022-05-04,20,3.4147465601563454
98_osh,2022-05-04,30,2.740897871553898
98_osh,2022-05-04,40,3.1371501982212067
98_osh,2022-05-04,50,3.6278878301382074
98_osh,2022-05-05,5,7.77278970927
98_osh,2022-05-05,10,6.855769537389278
98_osh,2022-05-05,15,4.311258293688297
98_osh,2022-05-05,20,3.5861385092139244
98_osh,2022-05-05,30,2.80315563082695
98_osh,2022-05-05,40,3.181829296052456
98_osh,2022-05-05,50,3.6689047068357463
98_osh,2022-05-06,5,8.007904306054115
98_osh,2022-05-06,10,7.078432582318783
98_osh,2022-05-06,15,4.60277109593153
98_osh,2022-05-06,20,3.86226998269558
98_osh,2022-05-06,30,2.870540499687195
98_osh,2022-05-06,40,3.2426221668720245
98_osh,2022-05-06,50,3.738486908376217
98_osh,2022-05-07,5,8.185155808925629
98_osh,2022-05-07,10,7.231513425707817
98_osh,2022-05-07,15,4.793206594884396
98_osh,2022-05-07,20,4.047578372061253
98_osh,2022-05-07,30,2.932065814733505
98_osh,2022-05-07,40,3.3305154740810394
98_osh,2022-05-07,50,3.826380215585232
98_osh,2022-05-08,5,8.117038495838642
98_osh,2022-05-08,10,7.388988934457302
98_osh,2022-05-08,15,4.725821726024151
98_osh,2022-05-08,20,4.0058290511369705
98_osh,2022-05-08,30,3.0053102374076843
98_osh,2022-05-08,40,3.471877209842205
98_osh,2022-05-08,50,3.936246849596501
98_osh,2022-05-09,5,8.082613617181778
98_osh,2022-05-09,10,7.520096451044083
98_osh,2022-05-09,15,4.803460814058781
98_osh,2022-05-09,20,4.062227256596088
98_osh,2022-05-09,30,3.091006211936474
98_osh,2022-05-09,40,3.56782740354538
98_osh,2022-05-09,50,3.9992370530962944
98_osh,2022-05-10,5,8.336039319634438
98_osh,2022-05-10,10,7.431470699608326
98_osh,2022-05-10,15,4.830561250448227
98_osh,2022-05-10,20,4.114963240921497
98_osh,2022-05-10,30,3.176702186465264
98_osh,2022-05-10,40,3.6549882665276527
98_osh,2022-05-10,50,4.062227256596088
98_osh,2022-05-11,5,8.596789464354515
98_osh,2022-05-11,10,7.438795141875744
98_osh,2022-05-11,15,4.971190541982651
98_osh,2022-05-11,20,4.283425413072109
98_osh,2022-05-11,30,3.251411497592926
98_osh,2022-05-11,40,3.714316248893738
98_osh,2022-05-11,50,4.113498352468014
98_osh,2022-05-12,5,8.817987620830536
98_osh,2022-05-12,10,7.640949748456478
98_osh,2022-05-12,15,5.177007369697094
98_osh,2022-05-12,20,4.507553346455097
98_osh,2022-05-12,30,3.307077258825302
98_osh,2022-05-12,40,3.7436140179634094
98_osh,2022-05-12,50,4.142063677310944
98_osh,2022-05-13,5,9.084597319364548
98_osh,2022-05-13,10,7.832850135862827
98_osh,2022-05-13,15,5.348399318754673
98_osh,2022-05-13,20,4.694326624274254
98_osh,2022-05-13,30,3.352488800883293
98_osh,2022-05-13,40,3.761192679405213
98_osh,2022-05-13,50,4.159642338752747
98_osh,2022-05-14,5,9.47352520376444
98_osh,2022-05-14,10,8.014496304094791
98_osh,2022-05-14,15,5.375499755144119
98_osh,2022-05-14,20,4.739738166332245
98_osh,2022-05-14,30,3.3854487910866737
98_osh,2022-05-14,40,3.8022095561027527
98_osh,2022-05-14,50,4.188940107822418
98_osh,2022-05-15,5,9.511612303555012
98_osh,2022-05-15,10,8.352885536849499
98_osh,2022-05-15,15,5.415051743388176
98_osh,2022-05-15,20,4.752189718186855
98_osh,2022-05-15,30,3.425733223557472
98_osh,2022-05-15,40,3.828577548265457
98_osh,2022-05-15,50,4.195532105863094
98_osh,2022-05-16,5,9.681539364159107
98_osh,2022-05-16,10,8.330912210047245
98_osh,2022-05-16,15,5.543961927294731
98_osh,2022-05-16,20,4.855464354157448
98_osh,2022-05-16,30,3.4740745425224304
98_osh,2022-05-16,40,3.8212531059980392
98_osh,2022-05-16,50,4.178685888648033
98_osh,2022-05-17,5,9.814844213426111
98_osh,2022-05-17,10,8.448835730552673
98_osh,2022-05-17,15,5.758568085730076
98_osh,2022-05-17,20,5.045899853110313
98_osh,2022-05-17,30,3.523880749940872
98_osh,2022-05-17,40,3.8095339983701706
98_osh,2022-05-17,50,4.173558779060841
98_osh,2022-05-18,5,9.969389945268633
98_osh,2022-05-18,10,8.58214057981968
98_osh,2022-05-18,15,5.900662265717983
98_osh,2022-05-18,20,5.181402035057545
98_osh,2022-05-18,30,3.5605029612779617
98_osh,2022-05-18,40,3.82564777135849
98_osh,2022-05-18,50,4.205053880810738
98_osh,2022-05-19,5,10.033845037221909
98_osh,2022-05-19,10,8.566759251058102
98_osh,2022-05-19,15,5.924832925200462
98_osh,2022-05-19,20,5.222418911755085
98_osh,2022-05-19,30,3.5824762880802155
98_osh,2022-05-19,40,3.8666646480560303
98_osh,2022-05-19,50,4.272438749670982
98_osh,2022-05-20,5,10.0880459100008
98_osh,2022-05-20,10,8.50083927065134
98_osh,2022-05-20,15,5.90359204262495
98_osh,2022-05-20,20,5.222418911755085
98_osh,2022-05-20,30,3.60078739374876
98_osh,2022-05-20,40,3.91573841124773
98_osh,2022-05-20,50,4.342753395438194
98_osh,2022-05-21,5,10.228675201535223
98_osh,2022-05-21,10,8.536729037761688
98_osh,2022-05-21,15,5.978301353752613
98_osh,2022-05-21,20,5.292733557522297
98_osh,2022-05-21,30,3.638142049312592
98_osh,2022-05-21,40,3.951628178358078
98_osh,2022-05-21,50,4.392559602856636
98_osh,2022-05-22,5,10.4315622523427
98_osh,2022-05-22,10,8.633411675691605
98_osh,2022-05-22,15,6.1064790934324265
98_osh,2022-05-22,20,5.407727301120758
98_osh,2022-05-22,30,3.685018479824066
98_osh,2022-05-22,40,3.970671728253365
98_osh,2022-05-22,50,4.420392483472824
98_osh,2022-05-23,5,10.587572872638702
98_osh,2022-05-23,10,8.630481898784637
98_osh,2022-05-23,15,6.121860422194004
98_osh,2022-05-23,20,5.421643741428852
98_osh,2022-05-23,30,3.712851360440254
98_osh,2022-05-23,40,4.008758828043938
98_osh,2022-05-23,50,4.456282250583172
98_osh,2022-05-24,5,10.710623502731323
98_osh,2022-05-24,10,8.531601928174496
98_osh,2022-05-24,15,6.066194660961628
98_osh,2022-05-24,20,5.363048203289509
98_osh,2022-05-24,30,3.734824687242508
98_osh,2022-05-24,40,4.053437925875187
98_osh,2022-05-24,50,4.490707129240036
98_osh,2022-05-25,5,10.871028788387775
98_osh,2022-05-25,10,8.59459213167429
98_osh,2022-05-25,15,6.134311974048615
98_osh,2022-05-25,20,5.4026001915335655
98_osh,2022-05-25,30,3.77657400816679
98_osh,2022-05-25,40,4.071749031543732
98_osh,2022-05-25,50,4.509018234908581
98_osh,2022-05-26,5,11.153752259910108
98_osh,2022-05-26,10,8.73815120011568
98_osh,2022-05-26,15,6.265419490635395
98_osh,2022-05-26,20,5.507339715957642
98_osh,2022-05-26,30,3.822717994451523
98_osh,2022-05-26,40,4.090792581439018
98_osh,2022-05-26,50,4.530259117484093
98_osh,2022-05-27,5,11.509720154106615
98_osh,2022-05-27,10,8.848750278353691
98_osh,2022-05-27,15,6.380413234233856
98_osh,2022-05-27,20,5.622333459556103
98_osh,2022-05-27,30,3.8615375384688377
98_osh,2022-05-27,40,4.089327692985535
98_osh,2022-05-27,50,4.5273293405771255
98_osh,2022-05-28,5,11.770470298826694
98_osh,2022-05-28,10,8.85680716484785
98_osh,2022-05-28,15,6.348918132483959
98_osh,2022-05-28,20,5.606219686567783
98_osh,2022-05-28,30,3.892300195991993
98_osh,2022-05-28,40,4.089327692985535
98_osh,2022-05-28,50,4.505356013774872
98_osh,2022-05-29,5,11.921353809535503
98_osh,2022-05-29,10,8.616565458476543
98_osh,2022-05-29,15,6.1518906354904175
98_osh,2022-05-29,20,5.438489958643913
98_osh,2022-05-29,30,3.9003570824861526
98_osh,2022-05-29,40,4.139133900403976
98_osh,2022-05-29,50,4.529526673257351
98_osh,2022-05-30,5,11.967497795820236
98_osh,2022-05-30,10,8.797479182481766
98_osh,2022-05-30,15,6.209753729403019
98_osh,2022-05-30,20,5.482436612248421
98_osh,2022-05-30,30,3.9318521842360497
98_osh,2022-05-30,40,4.183812998235226
98_osh,2022-05-30,50,4.561021775007248
98_osh,2022-05-31,5,11.914029367268084
98_osh,2022-05-31,10,10.800714142620564
98_osh,2022-05-31,15,6.860164202749729
98_osh,2022-05-31,20,6.014923565089703
98_osh,2022-05-31,30,4.046113483607769
98_osh,2022-05-31,40,4.108371242880821
98_osh,2022-05-31,50,4.478988021612167
98_osh,2022-06-01,5,12.0019226744771
98_osh,2022-06-01,10,11.26508378237486
98_osh,2022-06-01,15,7.22052676230669
98_osh,2022-06-01,20,6.187047958374023
98_osh,2022-06-01,30,4.113498352468014
98_osh,2022-06-01,40,4.107638798654079
98_osh,2022-06-01,50,4.470198690891266
98_osh,2022-06-02,5,12.13669241219759
98_osh,2022-06-02,10,11.365428641438484
98_osh,2022-06-02,15,7.753013715147972
98_osh,2022-06-02,20,6.50859097391367
98_osh,2022-06-02,30,4.229224540293217
98_osh,2022-06-02,40,4.188207663595676
98_osh,2022-06-02,50,4.578600436449051
98_osh,2022-06-03,5,12.174779511988165
98_osh,2022-06-03,10,11.040223404765127
98_osh,2022-06-03,15,7.429273366928101
98_osh,2022-06-03,20,6.297647036612034
98_osh,2022-06-03,30,4.23874631524086
98_osh,2022-06-03,40,4.310525849461556
98_osh,2022-06-03,50,4.704580843448639
98_osh,2022-06-04,5,12.26340526342392
98_osh,2022-06-04,10,10.687917731702328
98_osh,2022-06-04,15,7.126041457056999
98_osh,2022-06-04,20,6.141636416316032
98_osh,2022-06-04,30,4.30027163028717
98_osh,2022-06-04,40,4.375713385641575
98_osh,2022-06-04,50,4.7412030547857285
98_osh,2022-06-05,5,12.355693235993384
98_osh,2022-06-05,10,10.646900855004787
98_osh,2022-06-05,15,7.225653871893883
98_osh,2022-06-05,20,6.240516386926174
98_osh,2022-06-05,30,4.39841915667057
98_osh,2022-06-05,40,4.427716925740242
98_osh,2022-06-05,50,4.766838602721691
98_osh,2022-06-06,5,12.40696433186531
98_osh,2022-06-06,10,11.157414481043816
98_osh,2022-06-06,15,7.857020795345306
98_osh,2022-06-06,20,6.735648684203625
98_osh,2022-06-06,30,4.552232444286346
98_osh,2022-06-06,40,4.451155140995979
98_osh,2022-06-06,50,4.768303491175175
98_osh,2022-06-07,5,12.384258560836315
98_osh,2022-06-07,10,11.489211715757849
98_osh,2022-06-07,15,8.193212695419788
98_osh,2022-06-07,20,7.000793494284153
98_osh,2022-06-07,30,4.66429641097784
98_osh,2022-06-07,40,4.505356013774872
98_osh,2022-06-07,50,4.807855479419231
98_osh,2022-06-08,5,12.51316874474287
98_osh,2022-06-08,10,11.667928107082844
98_osh,2022-06-08,15,8.48838771879673
98_osh,2022-06-08,20,7.266670748591423
98_osh,2022-06-08,30,4.793939039111137
98_osh,2022-06-08,40,4.563951551914215
98_osh,2022-06-08,50,4.86059146374464
98_osh,2022-06-09,5,12.695547357201576
98_osh,2022-06-09,10,11.864223159849644
98_osh,2022-06-09,15,8.904416039586067
98_osh,2022-06-09,20,7.639484860002994
98_osh,2022-06-09,30,4.941892772912979
98_osh,2022-06-09,40,4.60277109593153
98_osh,2022-06-09,50,4.866451017558575
98_osh,2022-06-10,5,12.92187262326479
98_osh,2022-06-10,10,12.106662198901176
98_osh,2022-06-10,15,9.5885189473629
98_osh,2022-06-10,20,8.282570891082287
98_osh,2022-06-10,30,5.174077592790127
98_osh,2022-06-10,40,4.636463530361652
98_osh,2022-06-10,50,4.837153248488903
98_osh,2022-06-11,5,12.9833979383111
98_osh,2022-06-11,10,12.242164380848408
98_osh,2022-06-11,15,10.077059246599674
98_osh,2022-06-11,20,8.74181342124939
98_osh,2022-06-11,30,5.320566438138485
98_osh,2022-06-11,40,4.690664403140545
98_osh,2022-06-11,50,4.864253684878349
98_osh,2022-06-12,5,13.09399701654911
98_osh,2022-06-12,10,12.269997261464596
98_osh,2022-06-12,15,10.111484125256538
98_osh,2022-06-12,20,8.78283029794693
98_osh,2022-06-12,30,5.3747673109173775
98_osh,2022-06-12,40,4.74999238550663
98_osh,2022-06-12,50,4.922849223017693
98_osh,2022-06-13,5,13.135746337473392
98_osh,2022-06-13,10,12.270729705691338
98_osh,2022-06-13,15,10.072664581239223
98_osh,2022-06-13,20,8.781365409493446
98_osh,2022-06-13,30,5.433362849056721
98_osh,2022-06-13,40,4.8041932582855225
98_osh,2022-06-13,50,4.973387874662876
98_osh,2022-06-14,5,13.242683194577694
98_osh,2022-06-14,10,12.317606136202812
98_osh,2022-06-14,15,10.25064852833748
98_osh,2022-06-14,20,9.026001781225204
98_osh,2022-06-14,30,5.582781471312046
98_osh,2022-06-14,40,4.858394131064415
98_osh,2022-06-14,50,5.004882976412773
98_osh,2022-06-15,5,13.54371777176857
98_osh,2022-06-15,10,12.437726989388466
98_osh,2022-06-15,15,10.56193732470274
98_osh,2022-06-15,20,9.387829229235647
98_osh,2022-06-15,30,5.758568085730076
98_osh,2022-06-15,40,4.913327448070049
98_osh,2022-06-15,50,5.031250968575478
98_osh,2022-06-16,5,13.575945317745209
98_osh,2022-06-16,10,12.503646969795229
98_osh,2022-06-16,15,10.600756868720056
98_osh,2022-06-16,20,9.427381217479706
98_osh,2022-06-16,30,5.7981200739741325
98_osh,2022-06-16,40,4.948484770953655
98_osh,2022-06-16,50,5.055421628057957
98_osh,2022-06-17,5,13.646992407739162
98_osh,2022-06-17,10,12.535142071545124
98_osh,2022-06-17,15,10.470381796360016
98_osh,2022-06-17,20,9.3028656989336
98_osh,2022-06-17,30,5.809106737375259
98_osh,2022-06-17,40,4.980712316930294
98_osh,2022-06-17,50,5.079592287540436
98_osh,2022-06-18,5,13.772240370512009
98_osh,2022-06-18,10,12.540269181132317
98_osh,2022-06-18,15,10.350260943174362
98_osh,2022-06-18,20,9.18787195533514
98_osh,2022-06-18,30,5.809106737375259
98_osh,2022-06-18,40,5.012939862906933
98_osh,2022-06-18,50,5.109622500836849
98_osh,2022-06-19,5,13.840357683598995
98_osh,2022-06-19,10,12.48826564103365
98_osh,2022-06-19,15,10.18546099215746
98_osh,2022-06-19,20,9.009155564010143
98_osh,2022-06-19,30,5.769554749131203
98_osh,2022-06-19,40,5.041505187749863
98_osh,2022-06-19,50,5.144779823720455
98_osh,2022-06-20,5,13.87112034112215
98_osh,2022-06-20,10,12.36228523403406
98_osh,2022-06-20,15,9.904934853315352
98_osh,2022-06-20,20,8.698599211871624
98_osh,2022-06-20,30,5.696310326457024
98_osh,2022-06-20,40,5.074465177953243
98_osh,2022-06-20,50,5.187994033098221
98_osh,2022-06-21,5,13.949491873383522
98_osh,2022-06-21,10,12.311014138162136
98_osh,2022-06-21,15,9.781884223222733
98_osh,2022-06-21,20,8.522812597453594
98_osh,2022-06-21,30,5.664082780480385
98_osh,2022-06-21,40,5.114749610424042
98_osh,2022-06-21,50,5.230475798249245
98_osh,2022-06-22,5,14.282021552324297
98_osh,2022-06-22,10,12.395245224237442
98_osh,2022-06-22,15,9.900540187954904
98_osh,2022-06-22,20,8.599719241261482
98_osh,2022-06-22,30,5.705099657177925
98_osh,2022-06-22,40,5.153569154441357
98_osh,2022-06-22,50,5.256843790411949
98_osh,2022-06-23,5,15.270821258425713
98_osh,2022-06-23,10,12.686758026480677
98_osh,2022-06-23,15,10.282143630087376
98_osh,2022-06-23,20,9.02819911390543
98_osh,2022-06-23,30,5.834742285311222
98_osh,2022-06-23,40,5.184331811964512
98_osh,2022-06-23,50,5.257576234638691
98_osh,2022-06-24,5,15.242255933582785
98_osh,2022-06-24,10,13.091799683868883
98_osh,2022-06-24,15,10.576586209237576
98_osh,2022-06-24,20,9.44569232314825
98_osh,2022-06-24,30,5.972441799938679
98_osh,2022-06-24,40,5.219489134848118
98_osh,2022-06-24,50,5.255378901958466
98_osh,2022-06-25,5,15.37629322707653
98_osh,2022-06-25,10,13.214850313961506
98_osh,2022-06-25,15,10.580980874598026
98_osh,2022-06-25,20,9.49842830747366
98_osh,2022-06-25,30,6.016388453543186
98_osh,2022-06-25,40,5.251716680824757
98_osh,2022-06-25,50,5.268562898039818
98_osh,2022-06-26,5,15.575518056750298
98_osh,2022-06-26,10,13.074953466653824
98_osh,2022-06-26,15,10.452070690691473
98_osh,2022-06-26,20,9.364391013979912
98_osh,2022-06-26,30,6.001007124781609
98_osh,2022-06-26,40,5.272225119173527
98_osh,2022-06-26,50,5.281014449894428
98_osh,2022-06-27,5,15.374828338623049
98_osh,2022-06-27,10,12.870601527392864
98_osh,2022-06-27,15,10.328287616372108
98_osh,2022-06-27,20,9.252327047288418
98_osh,2022-06-27,30,6.031769782304764
98_osh,2022-06-27,40,5.299325555562973
98_osh,2022-06-27,50,5.291268669068813
98_osh,2022-06-28,5,15.215887941420078
98_osh,2022-06-28,10,12.814203321933746
98_osh,2022-06-28,15,10.27188941091299
98_osh,2022-06-28,20,9.217902168631554
98_osh,2022-06-28,30,6.011993788182735
98_osh,2022-06-28,40,5.317636661231518
98_osh,2022-06-28,50,5.30225533246994
98_osh,2022-06-29,5,15.03717155009508
98_osh,2022-06-29,10,12.465559870004654
98_osh,2022-06-29,15,9.943021953105928
98_osh,2022-06-29,20,8.877315603196621
98_osh,2022-06-29,30,5.927030257880688
98_osh,2022-06-29,40,5.336680211126804
98_osh,2022-06-29,50,5.321298882365227
98_osh,2022-06-30,5,14.7588427439332
98_osh,2022-06-30,10,12.373271897435188
98_osh,2022-06-30,15,9.88369397073984
98_osh,2022-06-30,20,8.839228503406048
98_osh,2022-06-30,30,5.987823128700256
98_osh,2022-06-30,40,5.404065079987049
98_osh,2022-06-30,50,5.363048203289509
98_osh,2022-07-01,5,14.68047121167183
98_osh,2022-07-01,10,12.4347972124815
98_osh,2022-07-01,15,9.931302845478058
98_osh,2022-07-01,20,8.93005158752203
98_osh,2022-07-01,30,6.086703099310398
98_osh,2022-07-01,40,5.481704168021679
98_osh,2022-07-01,50,5.4026001915335655
98_osh,2022-07-02,5,14.5537583604455
98_osh,2022-07-02,10,12.300759918987753
98_osh,2022-07-02,15,9.78554644435644
98_osh,2022-07-02,20,8.808465845882893
98_osh,2022-07-02,30,6.143833748996258
98_osh,2022-07-02,40,5.5461592599749565
98_osh,2022-07-02,50,5.432630404829979
98_osh,2022-07-03,5,14.476851716637611
98_osh,2022-07-03,10,12.19016084074974
98_osh,2022-07-03,15,9.644184708595276
98_osh,2022-07-03,20,8.675160996615887
98_osh,2022-07-03,30,6.233191944658756
98_osh,2022-07-03,40,5.615741461515427
98_osh,2022-07-03,50,5.460463285446167
98_osh,2022-07-04,5,14.359660640358925
98_osh,2022-07-04,10,12.056855991482736
98_osh,2022-07-04,15,9.52333141118288
98_osh,2022-07-04,20,8.560167253017426
98_osh,2022-07-04,30,6.310831032693386
98_osh,2022-07-04,40,5.677266776561737
98_osh,2022-07-04,50,5.4831690564751625
98_osh,2022-07-05,5,14.27982421964407
98_osh,2022-07-05,10,11.930875584483148
98_osh,2022-07-05,15,9.432508327066898
98_osh,2022-07-05,20,8.481795720756054
98_osh,2022-07-05,30,6.384075455367565
98_osh,2022-07-05,40,5.7351298704743385
98_osh,2022-07-05,50,5.511734381318092
98_osh,2022-07-06,5,14.358928196132185
98_osh,2022-07-06,10,11.963835574686527
98_osh,2022-07-06,15,9.466933205723764
98_osh,2022-07-06,20,8.527939707040787
98_osh,2022-07-06,30,6.495406977832317
98_osh,2022-07-06,40,5.81350140273571
98_osh,2022-07-06,50,5.573992140591145
98_osh,2022-07-07,5,14.577196575701237
98_osh,2022-07-07,10,12.15280618518591
98_osh,2022-07-07,15,9.657368704676628
98_osh,2022-07-07,20,8.728629425168037
98_osh,2022-07-07,30,6.660939373075962
98_osh,2022-07-07,40,5.935819588601589
98_osh,2022-07-07,50,5.686056107282639
98_osh,2022-07-08,5,15.313303023576736
98_osh,2022-07-08,10,12.625965155661106
98_osh,2022-07-08,15,10.07998902350664
98_osh,2022-07-08,20,9.17981506884098
98_osh,2022-07-08,30,6.879207752645016
98_osh,2022-07-08,40,6.093295097351074
98_osh,2022-07-08,50,5.826685398817062
98_osh,2022-07-09,5,15.908780179917812
98_osh,2022-07-09,10,13.09765923768282
98_osh,2022-07-09,15,10.419843144714832
98_osh,2022-07-09,20,9.54750207066536
98_osh,2022-07-09,30,7.06085392087698
98_osh,2022-07-09,40,6.239051498472691
98_osh,2022-07-09,50,5.962920024991036
98_osh,2022-07-10,5,16.07138279825449
98_osh,2022-07-10,10,13.43751335889101
98_osh,2022-07-10,15,10.624927528202534
98_osh,2022-07-10,20,9.75185400992632
98_osh,2022-07-10,30,7.213202320039272
98_osh,2022-07-10,40,6.359904795885086
98_osh,2022-07-10,50,6.078646212816238
98_osh,2022-07-11,5,16.18124943226576
98_osh,2022-07-11,10,13.757591485977173
98_osh,2022-07-11,15,10.874691009521484
98_osh,2022-07-11,20,9.983306385576723
98_osh,2022-07-11,30,7.379467159509659
98_osh,2022-07-11,40,6.486617647111416
98_osh,2022-07-11,50,6.22659994661808
98_osh,2022-07-12,5,16.53721732646227
98_osh,2022-07-12,10,14.41459395736456
98_osh,2022-07-12,15,11.458449058234692
98_osh,2022-07-12,20,10.494552455842497
98_osh,2022-07-12,30,7.651936411857605
98_osh,2022-07-12,40,6.661671817302704
98_osh,2022-07-12,50,6.4390087723732
98_osh,2022-07-13,5,17.044068731367588
98_osh,2022-07-13,10,15.168279066681862
98_osh,2022-07-13,15,12.18210395425558
98_osh,2022-07-13,20,11.090762056410313
98_osh,2022-07-13,30,7.937589660286903
98_osh,2022-07-13,40,6.833796210587025
98_osh,2022-07-13,50,6.604541167616844
98_osh,2022-07-14,5,17.520157478749752
98_osh,2022-07-14,10,15.790124215185642
98_osh,2022-07-14,15,12.824457541108131
98_osh,2022-07-14,20,11.668660551309586
98_osh,2022-07-14,30,8.281838446855545
98_osh,2022-07-14,40,7.030823707580566
98_osh,2022-07-14,50,6.726126909255981
98_osh,2022-07-15,5,17.393444627523422
98_osh,2022-07-15,10,16.994262523949146
98_osh,2022-07-15,15,13.983916752040386
98_osh,2022-07-15,20,12.727774903178217
98_osh,2022-07-15,30,8.938840918242931
98_osh,2022-07-15,40,7.369945384562015
98_osh,2022-07-15,50,6.943662844598293
98_osh,2022-07-16,5,17.406628623604774
98_osh,2022-07-16,10,17.394177071750164
98_osh,2022-07-16,15,15.29059725254774
98_osh,2022-07-16,20,13.822779022157192
98_osh,2022-07-16,30,9.528458520770071
98_osh,2022-07-16,40,7.696615509688854
98_osh,2022-07-16,50,7.139957897365093
98_osh,2022-07-17,5,17.45863216370344
98_osh,2022-07-17,10,17.367076635360718
98_osh,2022-07-17,15,16.407574698328972
98_osh,2022-07-17,20,14.98736534267664
98_osh,2022-07-17,30,10.019196152687073
98_osh,2022-07-17,40,7.980803869664669
98_osh,2022-07-17,50,7.312814734876156
98_osh,2022-07-18,5,17.594134345650673
98_osh,2022-07-18,10,17.42054506391287
98_osh,2022-07-18,15,16.935666985809803
98_osh,2022-07-18,20,15.759361557662489
98_osh,2022-07-18,30,10.364909827709198
98_osh,2022-07-18,40,8.153660707175732
98_osh,2022-07-18,50,7.4190191477537155
98_osh,2022-07-19,5,17.786767177283764
98_osh,2022-07-19,10,17.57728812843561
98_osh,2022-07-19,15,17.017700739204884
98_osh,2022-07-19,20,15.983489491045477
98_osh,2022-07-19,30,10.546555995941162
98_osh,2022-07-19,40,8.223242908716202
98_osh,2022-07-19,50,7.435865364968777
98_osh,2022-07-20,5,17.962553791701794
98_osh,2022-07-20,10,17.672505877912045
98_osh,2022-07-20,15,16.84044923633337
98_osh,2022-07-20,20,15.75643178075552
98_osh,2022-07-20,30,10.48869290202856
98_osh,2022-07-20,40,8.200537137687206
98_osh,2022-07-20,50,7.415356926620007
98_osh,2022-07-21,5,18.08413953334093
98_osh,2022-07-21,10,17.688619650900364
98_osh,2022-07-21,15,16.514511555433273
98_osh,2022-07-21,20,15.30597858130932
98_osh,2022-07-21,30,10.37809382379055
98_osh,2022-07-21,40,8.171239368617535
98_osh,2022-07-21,50,7.3596911653876305
98_osh,2022-07-22,5,18.11197241395712
98_osh,2022-07-22,10,17.6139103397727
98_osh,2022-07-22,15,16.17392498999834
98_osh,2022-07-22,20,14.914853364229202
98_osh,2022-07-22,30,10.319498285651209
98_osh,2022-07-22,40,8.18149358779192
98_osh,2022-07-22,50,7.352366723120211
98_osh,2022-07-23,5,18.119296856224537
98_osh,2022-07-23,10,17.473281048238277
98_osh,2022-07-23,15,15.803308211266994
98_osh,2022-07-23,20,14.502487264573574
98_osh,2022-07-23,30,10.244788974523544
98_osh,2022-07-23,40,8.204931803047657
98_osh,2022-07-23,50,7.400708042085171
98_osh,2022-07-24,5,18.135410629212856
98_osh,2022-07-24,10,17.364879302680492
98_osh,2022-07-24,15,15.526444293558598
98_osh,2022-07-24,20,14.18167669326067
98_osh,2022-07-24,30,10.257972970604897
98_osh,2022-07-24,40,8.274514004588127
98_osh,2022-07-24,50,7.471755132079124
98_osh,2022-07-25,5,18.18228705972433
98_osh,2022-07-25,10,17.337778866291046
98_osh,2022-07-25,15,15.507400743663313
98_osh,2022-07-25,20,14.147984258830547
98_osh,2022-07-25,30,10.39054537564516
98_osh,2022-07-25,40,8.404889076948166
98_osh,2022-07-25,50,7.588213764131069
98_osh,2022-07-26,5,18.241615042090416
98_osh,2022-07-26,10,17.332651756703854
98_osh,2022-07-26,15,15.495681636035442
98_osh,2022-07-26,20,14.143589593470097
98_osh,2022-07-26,30,10.52165289223194
98_osh,2022-07-26,40,8.552110366523266
98_osh,2022-07-26,50,7.764732822775841
98_osh,2022-07-27,5,18.31119724363089
98_osh,2022-07-27,10,17.34730064123869
98_osh,2022-07-27,15,15.536698512732984
98_osh,2022-07-27,20,14.228553123772144
98_osh,2022-07-27,30,10.702566616237164
98_osh,2022-07-27,40,8.706656098365784
98_osh,2022-07-27,50,7.904629670083523
98_osh,2022-07-28,5,18.41593676805496
98_osh,2022-07-28,10,17.399304181337357
98_osh,2022-07-28,15,15.550614953041077
98_osh,2022-07-28,20,14.271034888923168
98_osh,2022-07-28,30,10.791924811899662
98_osh,2022-07-28,40,8.769646301865578
98_osh,2022-07-28,50,7.876796789467335
98_osh,2022-07-29,5,18.53386028856039
98_osh,2022-07-29,10,17.46229438483715
98_osh,2022-07-29,15,15.557206951081753
98_osh,2022-07-29,20,14.298135325312614
98_osh,2022-07-29,30,10.859309680759909
98_osh,2022-07-29,40,8.829706728458405
98_osh,2022-07-29,50,7.878261677920818
98_osh,2022-07-30,5,18.646656699478623
98_osh,2022-07-30,10,17.520157478749752
98_osh,2022-07-30,15,15.559404283761978
98_osh,2022-07-30,20,14.314981542527676
98_osh,2022-07-30,30,10.945738099515438
98_osh,2022-07-30,40,8.91393781453371
98_osh,2022-07-30,50,7.988128311932087
98_osh,2022-07-31,5,18.72283089905977
98_osh,2022-07-31,10,17.53187658637762
98_osh,2022-07-31,15,15.4949491918087
98_osh,2022-07-31,20,14.249061562120914
98_osh,2022-07-31,30,10.98748742043972
98_osh,2022-07-31,40,8.932981364428997
98_osh,2022-07-31,50,7.973479427397251
98_osh,2022-08-01,5,18.792413100600243
98_osh,2022-08-01,10,17.525284588336945
98_osh,2022-08-01,15,15.595294050872326
98_osh,2022-08-01,20,14.358928196132185
98_osh,2022-08-01,30,11.062196731567385
98_osh,2022-08-01,40,8.957884468138218
98_osh,2022-08-01,50,7.891445674002171
98_osh,2022-08-02,5,18.85686819255352
98_osh,2022-08-02,10,17.457167275249958
98_osh,2022-08-02,15,15.442213207483292
98_osh,2022-08-02,20,14.22708823531866
98_osh,2022-08-02,30,11.038758516311646
98_osh,2022-08-02,40,8.932248920202255
98_osh,2022-08-02,50,7.824060805141926
98_osh,2022-08-03,5,18.90520951151848
98_osh,2022-08-03,10,17.493789486587048
98_osh,2022-08-03,15,15.636310927569866
98_osh,2022-08-03,20,14.490035712718964
98_osh,2022-08-03,30,11.213812686502934
98_osh,2022-08-03,40,9.01208534091711
98_osh,2022-08-03,50,7.798425257205963
98_osh,2022-08-04,5,19.246528521180156
98_osh,2022-08-04,10,17.640278331935406
98_osh,2022-08-04,15,15.855311751365662
98_osh,2022-08-04,20,14.810113839805126
98_osh,2022-08-04,30,11.415234848856926
98_osh,2022-08-04,40,9.16370129585266
98_osh,2022-08-04,50,7.93612477183342
98_osh,2022-08-05,5,19.661091953516006
98_osh,2022-08-05,10,18.163243509829044
98_osh,2022-08-05,15,16.381206706166267
98_osh,2022-08-05,20,15.5352336242795
98_osh,2022-08-05,30,11.97775201499462
98_osh,2022-08-05,40,9.62074649333954
98_osh,2022-08-05,50,8.446638397872448
98_osh,2022-08-06,5,19.70357371866703
98_osh,2022-08-06,10,18.834894865751263
98_osh,2022-08-06,15,16.89757988601923
98_osh,2022-08-06,20,16.065523244440556
98_osh,2022-08-06,30,12.335184797644615
98_osh,2022-08-06,40,9.814111769199371
98_osh,2022-08-06,50,8.497177049517632
98_osh,2022-08-07,5,19.76949369907379
98_osh,2022-08-07,10,19.276558734476566
98_osh,2022-08-07,15,17.337046422064304
98_osh,2022-08-07,20,16.45957823842764
98_osh,2022-08-07,30,12.642078928649426
98_osh,2022-08-07,40,9.976714387536047
98_osh,2022-08-07,50,8.53306681662798
98_osh,2022-08-08,5,19.954802088439465
98_osh,2022-08-08,10,19.524857327342037
98_osh,2022-08-08,15,17.655659660696983
98_osh,2022-08-08,20,16.753288373351097
98_osh,2022-08-08,30,12.899166852235794
98_osh,2022-08-08,40,10.134189896285534
98_osh,2022-08-08,50,8.705923654139042
98_osh,2022-08-09,5,20.089571826159958
98_osh,2022-08-09,10,19.61275063455105
98_osh,2022-08-09,15,17.78090762346983
98_osh,2022-08-09,20,16.867549672722816
98_osh,2022-08-09,30,12.984130382537842
98_osh,2022-08-09,40,10.11587879061699
98_osh,2022-08-09,50,8.682485438883305
98_osh,2022-08-10,5,20.135715812444687
98_osh,2022-08-10,10,19.546098209917545
98_osh,2022-08-10,15,17.646870329976082
98_osh,2022-08-10,20,16.70567949861288
98_osh,2022-08-10,30,12.7380291223526
98_osh,2022-08-10,40,9.82583087682724
98_osh,2022-08-10,50,8.297952219843864
98_osh,2022-08-11,5,20.14963225275278
98_osh,2022-08-11,10,19.411328472197056
98_osh,2022-08-11,15,17.44618061184883
98_osh,2022-08-11,20,16.46470534801483
98_osh,2022-08-11,30,12.461897648870943
98_osh,2022-08-11,40,9.524796299636364
98_osh,2022-08-11,50,7.930265218019485
98_osh,2022-08-12,5,20.109347820281982
98_osh,2022-08-12,10,19.260444961488247
98_osh,2022-08-12,15,17.268929108977318
98_osh,2022-08-12,20,16.200292982161045
98_osh,2022-08-12,30,12.212866611778736
98_osh,2022-08-12,40,9.201055951416492
98_osh,2022-08-12,50,7.5904110968112946
98_osh,2022-08-13,5,20.044160284101963
98_osh,2022-08-13,10,19.087588123977184
98_osh,2022-08-13,15,17.050660729408264
98_osh,2022-08-13,20,15.902188181877136
98_osh,2022-08-13,30,11.957976020872591
98_osh,2022-08-13,40,8.859004497528076
98_osh,2022-08-13,50,7.29816585034132
98_osh,2022-08-14,5,19.92696920782328
98_osh,2022-08-14,10,18.859065525233746
98_osh,2022-08-14,15,16.81554613262415
98_osh,2022-08-14,20,15.630451373755932
98_osh,2022-08-14,30,11.639362782239914
98_osh,2022-08-14,40,8.490585051476955
98_osh,2022-08-14,50,7.039613038301468
98_osh,2022-08-15,5,19.910122990608212
98_osh,2022-08-15,10,18.675954468548294
98_osh,2022-08-15,15,16.792107917368412
98_osh,2022-08-15,20,15.600421160459518
98_osh,2022-08-15,30,11.44599750638008
98_osh,2022-08-15,40,8.256202898919582
98_osh,2022-08-15,50,6.912167742848396
98_osh,2022-08-16,5,19.779015474021435
98_osh,2022-08-16,10,18.437910094857216
98_osh,2022-08-16,15,16.564317762851715
98_osh,2022-08-16,20,15.349192790687084
98_osh,2022-08-16,30,11.149357594549656
98_osh,2022-08-16,40,8.037934519350529
98_osh,2022-08-16,50,6.8484450951218605
98_osh,2022-08-17,5,19.874233223497868
98_osh,2022-08-17,10,18.400555439293385
98_osh,2022-08-17,15,16.3694875985384
98_osh,2022-08-17,20,15.149967961013315
98_osh,2022-08-17,30,10.94647054374218
98_osh,2022-08-17,40,7.854823462665081
98_osh,2022-08-17,50,6.776665560901165
98_osh,2022-08-18,5,20.35471663624048
98_osh,2022-08-18,10,18.59318827092648
98_osh,2022-08-18,15,16.555528432130814
98_osh,2022-08-18,20,15.349192790687084
98_osh,2022-08-18,30,10.940610989928246
98_osh,2022-08-18,40,7.7691274881362915
98_osh,2022-08-18,50,6.73784601688385
98_osh,2022-08-19,5,20.282204657793045
98_osh,2022-08-19,10,18.502365186810493
98_osh,2022-08-19,15,16.1329081133008
98_osh,2022-08-19,20,14.874568931758404
98_osh,2022-08-19,30,10.72527238726616
98_osh,2022-08-19,40,7.651203967630863
98_osh,2022-08-19,50,6.765678897500038
98_osh,2022-08-20,5,20.208960235118862
98_osh,2022-08-20,10,18.52140873670578
98_osh,2022-08-20,15,15.988616600632668
98_osh,2022-08-20,20,14.761040076613426
98_osh,2022-08-20,30,10.90179144591093
98_osh,2022-08-20,40,7.753746159374714
98_osh,2022-08-20,50,6.904110856354237
98_osh,2022-08-21,5,20.151097141206264
98_osh,2022-08-21,10,18.395428329706192
98_osh,2022-08-21,15,15.8875392973423
98_osh,2022-08-21,20,14.761772520840168
98_osh,2022-08-21,30,11.025574520230291
98_osh,2022-08-21,40,7.832850135862827
98_osh,2022-08-21,50,7.015442378818989
98_osh,2022-08-22,5,20.40672017633915
98_osh,2022-08-22,10,18.51774651557207
98_osh,2022-08-22,15,16.089693903923035
98_osh,2022-08-22,20,15.08990753442049
98_osh,2022-08-22,30,11.352977089583874
98_osh,2022-08-22,40,8.101657167077065
98_osh,2022-08-22,50,7.248359642922878
98_osh,2022-08-23,5,20.690908536314964
98_osh,2022-08-23,10,18.752861112356182
98_osh,2022-08-23,15,16.359233379364014
98_osh,2022-08-23,20,15.477370530366898
98_osh,2022-08-23,30,11.810022287070751
98_osh,2022-08-23,40,8.469344168901443
98_osh,2022-08-23,50,7.495193347334862
98_osh,2022-08-24,5,20.674062319099903
98_osh,2022-08-24,10,18.81145665049553
98_osh,2022-08-24,15,16.46031068265438
98_osh,2022-08-24,20,15.70296335220337
98_osh,2022-08-24,30,12.0509964376688
98_osh,2022-08-24,40,8.599719241261482
98_osh,2022-08-24,50,7.558183550834656
98_osh,2022-08-25,5,20.504135258495808
98_osh,2022-08-25,10,18.875911742448807
98_osh,2022-08-25,15,16.528427995741367
98_osh,2022-08-25,20,15.828943759202955
98_osh,2022-08-25,30,11.988006234169006
98_osh,2022-08-25,40,8.58214057981968
98_osh,2022-08-25,50,7.597003094851971
98_osh,2022-08-26,5,20.50120548158884
98_osh,2022-08-26,10,18.85540330410004
98_osh,2022-08-26,15,16.589220866560936
98_osh,2022-08-26,20,15.90365307033062
98_osh,2022-08-26,30,12.045869328081608
98_osh,2022-08-26,40,8.723502315580845
98_osh,2022-08-26,50,7.780114151537418
98_osh,2022-08-27,5,20.73046052455902
98_osh,2022-08-27,10,19.05169835686684
98_osh,2022-08-27,15,16.825800351798534
98_osh,2022-08-27,20,16.106540121138096
98_osh,2022-08-27,30,12.338114574551582
98_osh,2022-08-27,40,8.943968027830124
98_osh,2022-08-27,50,7.958830542862415
98_osh,2022-08-28,5,20.53416547179222
98_osh,2022-08-28,10,18.916928619146347
98_osh,2022-08-28,15,16.75035859644413
98_osh,2022-08-28,20,15.959318831562996
98_osh,2022-08-28,30,12.285378590226172
98_osh,2022-08-28,40,8.975463129580021
98_osh,2022-08-28,50,8.032807409763336
98_osh,2022-08-29,5,20.203833125531677
98_osh,2022-08-29,10,18.80706198513508
98_osh,2022-08-29,15,16.726920381188393
98_osh,2022-08-29,20,15.890469074249268
98_osh,2022-08-29,30,12.305154584348202
98_osh,2022-08-29,40,9.052369773387907
98_osh,2022-08-29,50,8.127292715013027
98_osh,2022-08-30,5,20.00900296121836
98_osh,2022-08-30,10,18.7653126642108
98_osh,2022-08-30,15,16.756218150258064
98_osh,2022-08-30,20,15.91244240105152
98_osh,2022-08-30,30,12.352031014859676
98_osh,2022-08-30,40,9.181279957294464
98_osh,2022-08-30,50,8.327982433140278
98_osh,2022-08-31,5,20.045625172555447
98_osh,2022-08-31,10,18.872249521315094
98_osh,2022-08-31,15,16.931272320449352
98_osh,2022-08-31,20,16.085299238562584
98_osh,2022-08-31,30,12.66844692081213
98_osh,2022-08-31,40,9.49842830747366
98_osh,2022-08-31,50,8.68907743692398
98_osh,2022-09-01,5,20.13058870285749
98_osh,2022-09-01,10,19.01287881284952
98_osh,2022-09-01,15,17.079958498477936
98_osh,2022-09-01,20,16.26328318566084
98_osh,2022-09-01,30,12.993652157485483
98_osh,2022-09-01,40,9.825098432600498
98_osh,2022-09-01,50,8.987914681434631
98_osh,2022-09-02,5,20.21042512357235
98_osh,2022-09-02,10,19.13885921984911
98_osh,2022-09-02,15,17.247688226401806
98_osh,2022-09-02,20,16.50865200161934
98_osh,2022-09-02,30,13.383312486112118
98_osh,2022-09-02,40,10.208899207413197
98_osh,2022-09-02,50,9.26990570873022
98_osh,2022-09-03,5,20.1166722625494
98_osh,2022-09-03,10,19.33954893797636
98_osh,2022-09-03,15,17.485732600092888
98_osh,2022-09-03,20,16.825800351798534
98_osh,2022-09-03,30,13.661641292273998
98_osh,2022-09-03,40,10.474044017493725
98_osh,2022-09-03,50,9.401013225317
98_osh,2022-09-04,5,20.176000244915485
98_osh,2022-09-04,10,19.505813777446747
98_osh,2022-09-04,15,17.701071202754974
98_osh,2022-09-04,20,17.075563833117485
98_osh,2022-09-04,30,13.914334550499916
98_osh,2022-09-04,40,10.731131941080092
98_osh,2022-09-04,50,9.529923409223557
98_osh,2022-09-05,5,20.24265266954899
98_osh,2022-09-05,10,19.77535325288773
98_osh,2022-09-05,15,18.11709952354431
98_osh,2022-09-05,20,17.47474593669176
98_osh,2022-09-05,30,14.383098855614662
98_osh,2022-09-05,40,11.123722046613691
98_osh,2022-09-05,50,9.745994456112385
98_osh,2022-09-06,5,20.45286416262388
98_osh,2022-09-06,10,20.274147771298885
98_osh,2022-09-06,15,18.894955292344093
98_osh,2022-09-06,20,18.18668172508478
98_osh,2022-09-06,30,15.180730618536472
98_osh,2022-09-06,40,11.835657835006714
98_osh,2022-09-06,50,10.252113416790962
98_osh,2022-09-07,5,20.65208899229765
98_osh,2022-09-07,10,20.59129612147808
98_osh,2022-09-07,15,19.72261726856232
98_osh,2022-09-07,20,18.981383711099625
98_osh,2022-09-07,30,15.943937502801418
98_osh,2022-09-07,40,12.507309190928936
98_osh,2022-09-07,50,10.78313548117876
98_osh,2022-09-08,5,20.7143467515707
98_osh,2022-09-08,10,20.71947386115789
98_osh,2022-09-08,15,20.132053591310974
98_osh,2022-09-08,20,19.37690359354019
98_osh,2022-09-08,30,16.201025426387787
98_osh,2022-09-08,40,12.5820185020566
98_osh,2022-09-08,50,10.7260048314929
98_osh,2022-09-09,5,20.77587206661701
98_osh,2022-09-09,10,20.78392895311117
98_osh,2022-09-09,15,20.05075228214264
98_osh,2022-09-09,20,19.27143162488937
98_osh,2022-09-09,30,16.01791436970234
98_osh,2022-09-09,40,12.265602596104143
98_osh,2022-09-09,50,10.34147161245346
98_osh,2022-09-10,5,20.73485518991947
98_osh,2022-09-10,10,20.75902584940195
98_osh,2022-09-10,15,19.69844660907984
98_osh,2022-09-10,20,18.872249521315094
98_osh,2022-09-10,30,15.39240700006485
98_osh,2022-09-10,40,11.69136632233858
98_osh,2022-09-10,50,9.823633544147016
98_osh,2022-09-11,5,20.585436567664143
98_osh,2022-09-11,10,20.580309458076957
98_osh,2022-09-11,15,19.524857327342037
98_osh,2022-09-11,20,18.653248697519302
98_osh,2022-09-11,30,15.106753751635551
98_osh,2022-09-11,40,11.58076724410057
98_osh,2022-09-11,50,10.003082379698752
98_osh,2022-09-12,5,20.506332591176037
98_osh,2022-09-12,10,20.48802148550749
98_osh,2022-09-12,15,19.54170354455709
98_osh,2022-09-12,20,18.65691091865301
98_osh,2022-09-12,30,15.28254036605358
98_osh,2022-09-12,40,11.76827296614647
98_osh,2022-09-12,50,10.278481408953668
98_osh,2022-09-13,5,20.469710379838943
98_osh,2022-09-13,10,20.461653493344784
98_osh,2022-09-13,15,19.58418530970812
98_osh,2022-09-13,20,18.771904662251472
98_osh,2022-09-13,30,15.459059424698353
98_osh,2022-09-13,40,11.987273789942265
98_osh,2022-09-13,50,10.455000467598438
98_osh,2022-09-14,5,20.31736198067665
98_osh,2022-09-14,10,20.318094424903396
98_osh,2022-09-14,15,19.58857997506857
98_osh,2022-09-14,20,18.8898281827569
98_osh,2022-09-14,30,15.65022736787796
98_osh,2022-09-14,40,12.28830836713314
98_osh,2022-09-14,50,10.777275927364826
98_osh,2022-09-15,5,20.278542436659336
98_osh,2022-09-15,10,20.28366954624653
98_osh,2022-09-15,15,19.70284127444029
98_osh,2022-09-15,20,19.05682546645403
98_osh,2022-09-15,30,15.685384690761566
98_osh,2022-09-15,40,12.36594745516777
98_osh,2022-09-15,50,10.845393240451813
98_osh,2022-09-16,5,20.27927488088608
98_osh,2022-09-16,10,20.28733176738024
98_osh,2022-09-16,15,19.823694571852684
98_osh,2022-09-16,20,19.21723075211048
98_osh,2022-09-16,30,15.742515340447426
98_osh,2022-09-16,40,12.401104778051376
98_osh,2022-09-16,50,10.77874081581831
98_osh,2022-09-17,5,20.34080019593239
98_osh,2022-09-17,10,20.31882686913013
98_osh,2022-09-17,15,19.992156744003296
98_osh,2022-09-17,20,19.422315135598183
98_osh,2022-09-17,30,15.860438860952854
98_osh,2022-09-17,40,12.571031838655472
98_osh,2022-09-17,50,10.977233201265337
98_osh,2022-09-18,5,20.44334238767624
98_osh,2022-09-18,10,20.416241951286796
98_osh,2022-09-18,15,20.252906888723373
98_osh,2022-09-18,20,19.84640034288168
98_osh,2022-09-18,30,16.57090976089239
98_osh,2022-09-18,40,13.376720488071442
98_osh,2022-09-18,50,11.9931333437562
98_osh,2022-09-19,5,20.553209021687508
98_osh,2022-09-19,10,20.57884456962347
98_osh,2022-09-19,15,20.51292458921671
98_osh,2022-09-19,20,20.23899044841528
98_osh,2022-09-19,30,17.093142494559288
98_osh,2022-09-19,40,13.808130137622356
98_osh,2022-09-19,50,12.326395466923714
98_osh,2022-09-20,5,20.326151311397552
98_osh,2022-09-20,10,20.39060640335083
98_osh,2022-09-20,15,20.65208899229765
98_osh,2022-09-20,20,20.3041779845953
98_osh,2022-09-20,30,16.89391766488552
98_osh,2022-09-20,40,13.575945317745209
98_osh,2022-09-20,50,12.076631985604765
98_osh,2022-09-21,5,20.25949888676405
98_osh,2022-09-21,10,20.257301554083824
98_osh,2022-09-21,15,20.699697867035862
98_osh,2022-09-21,20,20.31223487108946
98_osh,2022-09-21,30,16.796502582728863
98_osh,2022-09-21,40,13.533463552594185
98_osh,2022-09-21,50,12.03415022045374
98_osh,2022-09-22,5,20.19797357171774
98_osh,2022-09-22,10,20.19431135058403
98_osh,2022-09-22,15,20.601550340652462
98_osh,2022-09-22,20,20.26609088480473
98_osh,2022-09-22,30,16.776726588606834
98_osh,2022-09-22,40,13.48219245672226
98_osh,2022-09-22,50,11.82979828119278
98_osh,2022-09-23,5,20.09689626842737
98_osh,2022-09-23,10,20.101290933787823
98_osh,2022-09-23,15,20.486556597054005
98_osh,2022-09-23,20,20.21848201006651
98_osh,2022-09-23,30,16.797967471182346
98_osh,2022-09-23,40,13.462416462600231
98_osh,2022-09-23,50,11.653279222548008
98_osh,2022-09-24,5,20.066133610904217
98_osh,2022-09-24,10,20.062471389770508
98_osh,2022-09-24,15,20.414044618606567
98_osh,2022-09-24,20,20.16647846996784
98_osh,2022-09-24,30,16.740836821496487
98_osh,2022-09-24,40,13.430921360850334
98_osh,2022-09-24,50,11.616657011210918
98_osh,2022-09-25,5,20.02218695729971
98_osh,2022-09-25,10,20.01486251503229
98_osh,2022-09-25,15,20.315897092223167
98_osh,2022-09-25,20,20.154759362339973
98_osh,2022-09-25,30,16.976683862507343
98_osh,2022-09-25,40,13.71144749969244
98_osh,2022-09-25,50,12.048799104988577
98_osh,2022-09-26,5,20.02438428997993
98_osh,2022-09-26,10,20.01779229193926
98_osh,2022-09-26,15,20.290993988513947
98_osh,2022-09-26,20,20.17746513336897
98_osh,2022-09-26,30,16.964232310652733
98_osh,2022-09-26,40,13.550309769809246
98_osh,2022-09-26,50,11.71553698182106
98_osh,2022-09-27,5,20.012665182352062
98_osh,2022-09-27,10,20.00900296121836
98_osh,2022-09-27,15,20.31076998263597
98_osh,2022-09-27,20,20.109347820281982
98_osh,2022-09-27,30,16.62730796635151
98_osh,2022-09-27,40,13.161381885409355
98_osh,2022-09-27,50,11.230658903717996
98_osh,2022-09-28,5,20.00900296121836
98_osh,2022-09-28,10,20.003143407404423
98_osh,2022-09-28,15,20.32688375562429
98_osh,2022-09-28,20,20.03463850915432
98_osh,2022-09-28,30,16.331400498747826
98_osh,2022-09-28,40,12.82811976224184
98_osh,2022-09-28,50,10.934751436114311
98_osh,2022-09-29,5,20.044892728328705
98_osh,2022-09-29,10,20.04342783987522
98_osh,2022-09-29,15,20.33713797479868
98_osh,2022-09-29,20,19.8713034465909
98_osh,2022-09-29,30,15.95712149888277
98_osh,2022-09-29,40,12.486800752580166
98_osh,2022-09-29,50,10.728934608399868
98_osh,2022-09-30,5,20.12399670481682
98_osh,2022-09-30,10,20.17819757759571
98_osh,2022-09-30,15,20.32981353253126
98_osh,2022-09-30,20,19.787072360515594
98_osh,2022-09-30,30,15.73958556354046
98_osh,2022-09-30,40,12.281716369092464
98_osh,2022-09-30,50,10.61101108789444
98_osh,2022-10-01,5,20.215552233159546
98_osh,2022-10-01,10,20.36277352273464
98_osh,2022-10-01,15,20.351054415106773
98_osh,2022-10-01,20,19.75704214721918
98_osh,2022-10-01,30,15.615070044994354
98_osh,2022-10-01,40,12.21433150023222
98_osh,2022-10-01,50,10.646900855004787
98_osh,2022-10-02,5,20.336405530571938
98_osh,2022-10-02,10,20.48435926437378
98_osh,2022-10-02,15,20.403790399432182
98_osh,2022-10-02,20,19.90060121566057
98_osh,2022-10-02,30,15.78865932673216
98_osh,2022-10-02,40,12.40696433186531
98_osh,2022-10-02,50,10.89300211519003
98_osh,2022-10-03,5,20.42503128200769
98_osh,2022-10-03,10,20.470442824065685
98_osh,2022-10-03,15,20.509994812309746
98_osh,2022-10-03,20,20.274147771298885
98_osh,2022-10-03,30,16.412701807916164
98_osh,2022-10-03,40,13.026612147688866
98_osh,2022-10-03,50,11.5111850425601
98_osh,2022-10-04,5,20.26609088480473
98_osh,2022-10-04,10,20.326151311397552
98_osh,2022-10-04,15,20.59129612147808
98_osh,2022-10-04,20,20.41917172819376
98_osh,2022-10-04,30,16.821405686438084
98_osh,2022-10-04,40,13.365733824670317
98_osh,2022-10-04,50,11.741172529757025
98_osh,2022-10-05,5,19.897671438753605
98_osh,2022-10-05,10,19.897671438753605
98_osh,2022-10-05,15,20.510727256536484
98_osh,2022-10-05,20,20.379619739949703
98_osh,2022-10-05,30,16.71813105046749
98_osh,2022-10-05,40,13.325449392199516
98_osh,2022-10-05,50,11.757286302745342
98_osh,2022-10-06,5,19.643513292074203
98_osh,2022-10-06,10,19.643513292074203
98_osh,2022-10-06,15,19.843470565974712
98_osh,2022-10-06,20,20.28000732511282
98_osh,2022-10-06,30,16.605334639549255
98_osh,2022-10-06,40,13.28589740395546
98_osh,2022-10-06,50,11.987273789942265
98_osh,2022-10-07,5,19.45966979116201
98_osh,2022-10-07,10,19.45966979116201
98_osh,2022-10-07,15,19.505081333220005
98_osh,2022-10-07,20,20.142307810485363
98_osh,2022-10-07,30,16.453718684613705
98_osh,2022-10-07,40,13.068361468613148
98_osh,2022-10-07,50,11.695760987699032
98_osh,2022-10-08,5,19.275093846023083
98_osh,2022-10-08,10,19.275093846023083
98_osh,2022-10-08,15,19.28461562097073
98_osh,2022-10-08,20,19.93209631741047
98_osh,2022-10-08,30,16.089693903923035
98_osh,2022-10-08,40,12.843501091003418
98_osh,2022-10-08,50,11.377880193293096
98_osh,2022-10-09,5,19.129337444901463
98_osh,2022-10-09,10,19.130069889128208
98_osh,2022-10-09,15,19.13959166407585
98_osh,2022-10-09,20,19.578325755894184
98_osh,2022-10-09,30,16.19443342834711
98_osh,2022-10-09,40,13.053712584078312
98_osh,2022-10-09,50,11.615192122757437
98_osh,2022-10-10,5,19.01141392439604
98_osh,2022-10-10,10,19.02459792047739
98_osh,2022-10-10,15,19.05316324532032
98_osh,2022-10-10,20,19.097109898924828
98_osh,2022-10-10,30,17.24915311485529
98_osh,2022-10-10,40,14.11282693594694
98_osh,2022-10-10,50,12.792229995131493
98_osh,2022-10-11,5,18.93084505945444
98_osh,2022-10-11,10,18.93084505945444
98_osh,2022-10-11,15,18.932309947907925
98_osh,2022-10-11,20,18.940366834402084
98_osh,2022-10-11,30,17.701071202754974
98_osh,2022-10-11,40,14.52153081446886
98_osh,2022-10-11,50,13.083010353147984
98_osh,2022-10-12,5,18.838557086884972
98_osh,2022-10-12,10,18.838557086884972
98_osh,2022-10-12,15,18.838557086884972
98_osh,2022-10-12,20,18.83928953111172
98_osh,2022-10-12,30,17.832178719341755
98_osh,2022-10-12,40,14.599902346730232
98_osh,2022-10-12,50,12.736564233899117
98_osh,2022-10-13,5,18.80193487554789
98_osh,2022-10-13,10,18.79607532173395
98_osh,2022-10-13,15,18.788750879466534
98_osh,2022-10-13,20,18.79387798905373
98_osh,2022-10-13,30,17.512100592255592
98_osh,2022-10-13,40,14.12820826470852
98_osh,2022-10-13,50,12.010712005198002
98_osh,2022-10-14,5,18.77043977379799
98_osh,2022-10-14,10,18.76238288730383
98_osh,2022-10-14,15,18.755790889263157
98_osh,2022-10-14,20,18.782158881425858
98_osh,2022-10-14,30,16.978148750960827
98_osh,2022-10-14,40,13.514420002698898
98_osh,2022-10-14,50,11.653279222548008
98_osh,2022-10-15,5,18.77556688338518
98_osh,2022-10-15,10,18.76750999689102
98_osh,2022-10-15,15,18.777031771838665
98_osh,2022-10-15,20,18.82024598121643
98_osh,2022-10-15,30,16.567979983985424
98_osh,2022-10-15,40,13.096926793456078
98_osh,2022-10-15,50,11.308297991752625
98_osh,2022-10-16,5,18.804864652454853
98_osh,2022-10-16,10,18.79387798905373
98_osh,2022-10-16,15,18.82390820235014
98_osh,2022-10-16,20,18.837824642658237
98_osh,2022-10-16,30,16.187841430306435
98_osh,2022-10-16,40,12.749748229980469
98_osh,2022-10-16,50,10.936216324567797
98_osh,2022-10-17,5,18.700125128030777
98_osh,2022-10-17,10,18.69792779535055
98_osh,2022-10-17,15,18.72283089905977
98_osh,2022-10-17,20,18.809259317815304
98_osh,2022-10-17,30,15.700766019523144
98_osh,2022-10-17,40,12.375469230115414
98_osh,2022-10-17,50,10.636646635830402
98_osh,2022-10-18,5,18.3990905508399
98_osh,2022-10-18,10,18.3990905508399
98_osh,2022-10-18,15,18.404950104653835
98_osh,2022-10-18,20,18.55803094804287
98_osh,2022-10-18,30,15.127262189984322
98_osh,2022-10-18,40,11.95211646705866
98_osh,2022-10-18,50,10.36198005080223
98_osh,2022-10-19,5,18.155186623334885
98_osh,2022-10-19,10,18.155186623334885
98_osh,2022-10-19,15,18.180089727044106
98_osh,2022-10-19,20,18.196203500032425
98_osh,2022-10-19,30,14.764702297747135
98_osh,2022-10-19,40,11.744834750890732
98_osh,2022-10-19,50,10.26383252441883
98_osh,2022-10-20,5,17.994781337678432
98_osh,2022-10-20,10,17.994781337678432
98_osh,2022-10-20,15,18.016022220253944
98_osh,2022-10-20,20,17.947904907166958
98_osh,2022-10-20,30,14.520065926015375
98_osh,2022-10-20,40,11.673787660896778
98_osh,2022-10-20,50,10.33707694709301
98_osh,2022-10-21,5,17.983794674277306
98_osh,2022-10-21,10,17.983794674277306
98_osh,2022-10-21,15,18.02627643942833
98_osh,2022-10-21,20,17.86733604222536
98_osh,2022-10-21,30,14.598437458276749
98_osh,2022-10-21,40,11.745567195117474
98_osh,2022-10-21,50,10.411786258220673
98_osh,2022-10-22,5,17.94058046489954
98_osh,2022-10-22,10,17.938383132219315
98_osh,2022-10-22,15,18.029206216335297
98_osh,2022-10-22,20,17.906155586242676
98_osh,2022-10-22,30,14.591845460236073
98_osh,2022-10-22,40,11.672322772443296
98_osh,2022-10-22,50,10.266762301325798
98_osh,2022-10-23,5,17.765526294708252
98_osh,2022-10-23,10,17.765526294708252
98_osh,2022-10-23,15,17.783104956150055
98_osh,2022-10-23,20,17.8592791557312
98_osh,2022-10-23,30,14.244666896760464
98_osh,2022-10-23,40,11.341990426182749
98_osh,2022-10-23,50,9.902737520635128
98_osh,2022-10-24,5,17.530411697924137
98_osh,2022-10-24,10,17.530411697924137
98_osh,2022-10-24,15,17.566301465034485
98_osh,2022-10-24,20,17.7032685354352
98_osh,2022-10-24,30,13.797875918447971
98_osh,2022-10-24,40,10.88128300756216
98_osh,2022-10-24,50,9.451551876962183
98_osh,2022-10-25,5,17.361217081546783
98_osh,2022-10-25,10,17.361217081546783
98_osh,2022-10-25,15,17.38904996216297
98_osh,2022-10-25,20,17.53187658637762
98_osh,2022-10-25,30,13.45362713187933
98_osh,2022-10-25,40,10.548753328621387
98_osh,2022-10-25,50,9.268440820276735
98_osh,2022-10-26,5,17.276985995471478
98_osh,2022-10-26,10,17.276985995471478
98_osh,2022-10-26,15,17.284310437738895
98_osh,2022-10-26,20,17.366344191133976
98_osh,2022-10-26,30,13.436780914664268
98_osh,2022-10-26,40,10.569261766970158
98_osh,2022-10-26,50,9.45741143077612
98_osh,2022-10-27,5,17.238166451454163
98_osh,2022-10-27,10,17.238166451454163
98_osh,2022-10-27,15,17.243293561041355
98_osh,2022-10-27,20,17.24182867258787
98_osh,2022-10-27,30,13.92825099080801
98_osh,2022-10-27,40,11.049745179712772
98_osh,2022-10-27,50,9.930570401251316
98_osh,2022-10-28,5,17.148808255791664
98_osh,2022-10-28,10,17.148808255791664
98_osh,2022-10-28,15,17.15906247496605
98_osh,2022-10-28,20,17.238166451454163
98_osh,2022-10-28,30,14.601367235183716
98_osh,2022-10-28,40,11.73165075480938
98_osh,2022-10-28,50,10.483565792441368
98_osh,2022-10-29,5,17.023560293018818
98_osh,2022-10-29,10,17.023560293018818
98_osh,2022-10-29,15,17.023560293018818
98_osh,2022-10-29,20,17.04040651023388
98_osh,2022-10-29,30,14.817438282072544
98_osh,2022-10-29,40,11.955778688192368
98_osh,2022-10-29,50,10.63518174737692
98_osh,2022-10-30,5,16.907101660966873
98_osh,2022-10-30,10,16.907101660966873
98_osh,2022-10-30,15,16.907101660966873
98_osh,2022-10-30,20,16.928342543542385
98_osh,2022-10-30,30,14.759575188159944
98_osh,2022-10-30,40,11.83419294655323
98_osh,2022-10-30,50,10.465254686772823
98_osh,2022-10-31,5,16.833124794065952
98_osh,2022-10-31,10,16.830927461385727
98_osh,2022-10-31,15,16.830927461385727
98_osh,2022-10-31,20,16.849971011281013
98_osh,2022-10-31,30,14.669484548270702
98_osh,2022-10-31,40,11.755088970065117
98_osh,2022-10-31,50,10.441816471517086
98_osh,2022-11-01,5,16.747428819537163
98_osh,2022-11-01,10,16.747428819537163
98_osh,2022-11-01,15,16.748161263763905
98_osh,2022-11-01,20,16.77013459056616
98_osh,2022-11-01,30,14.810846284031868
98_osh,2022-11-01,40,11.984344013035296
98_osh,2022-11-01,50,10.79485458880663
98_osh,2022-11-02,5,16.62291330099106
98_osh,2022-11-02,10,16.62291330099106
98_osh,2022-11-02,15,16.62291330099106
98_osh,2022-11-02,20,16.639027073979378
98_osh,2022-11-02,30,14.86504715681076
98_osh,2022-11-02,40,12.018768891692162
98_osh,2022-11-02,50,10.86077456921339
98_osh,2022-11-03,5,16.359233379364014
98_osh,2022-11-03,10,16.359233379364014
98_osh,2022-11-03,15,16.359233379364014
98_osh,2022-11-03,20,16.359233379364014
98_osh,2022-11-03,30,14.760307632386684
98_osh,2022-11-03,40,11.904507592320442
98_osh,2022-11-03,50,10.712088391184809
98_osh,2022-11-04,5,16.04647969454527
98_osh,2022-11-04,10,16.04647969454527
98_osh,2022-11-04,15,16.04647969454527
98_osh,2022-11-04,20,16.05160680413246
98_osh,2022-11-04,30,14.37797174602747
98_osh,2022-11-04,40,11.644489891827106
98_osh,2022-11-04,50,10.54142888635397
98_osh,2022-11-05,5,15.749839782714844
98_osh,2022-11-05,10,15.749839782714844
98_osh,2022-11-05,15,15.750572226941586
98_osh,2022-11-05,20,15.763756223022938
98_osh,2022-11-05,30,13.971465200185776
98_osh,2022-11-05,40,11.328806430101396
98_osh,2022-11-05,50,10.244788974523544
98_osh,2022-11-06,5,15.524979405105114
98_osh,2022-11-06,10,15.524979405105114
98_osh,2022-11-06,15,15.524979405105114
98_osh,2022-11-06,20,15.546952731907368
98_osh,2022-11-06,30,13.627948857843876
98_osh,2022-11-06,40,11.067323841154575
98_osh,2022-11-06,50,9.994293048977852
98_osh,2022-11-07,5,15.398998998105526
98_osh,2022-11-07,10,15.398998998105526
98_osh,2022-11-07,15,15.399731442332268
98_osh,2022-11-07,20,15.513260297477244
98_osh,2022-11-07,30,13.3759880438447
98_osh,2022-11-07,40,10.871028788387775
98_osh,2022-11-07,50,9.888821080327034
98_osh,2022-11-08,5,15.30231636017561
98_osh,2022-11-08,10,15.30231636017561
98_osh,2022-11-08,15,15.304513692855837
98_osh,2022-11-08,20,15.377758115530014
98_osh,2022-11-08,30,13.136478781700134
98_osh,2022-11-08,40,10.691579952836037
98_osh,2022-11-08,50,9.871242418885233
98_osh,2022-11-09,5,15.1426435187459
98_osh,2022-11-09,10,15.1426435187459
98_osh,2022-11-09,15,15.144108407199385
98_osh,2022-11-09,20,15.155827514827251
98_osh,2022-11-09,30,12.805413991212845
98_osh,2022-11-09,40,10.493087567389011
98_osh,2022-11-09,50,9.89101841300726
98_osh,2022-11-10,5,14.949278242886066
98_osh,2022-11-10,10,14.949278242886066
98_osh,2022-11-10,15,14.953672908246515
98_osh,2022-11-10,20,15.037903994321823
98_osh,2022-11-10,30,12.490462973713877
98_osh,2022-11-10,40,10.356120496988297
98_osh,2022-11-10,50,9.943754397332668
98_osh,2022-11-11,5,14.77495651692152
98_osh,2022-11-11,10,14.77495651692152
98_osh,2022-11-11,15,14.780816070735456
98_osh,2022-11-11,20,14.862849824130535
98_osh,2022-11-11,30,12.33738213032484
98_osh,2022-11-11,40,10.312173843383787
98_osh,2022-11-11,50,10.00601215660572
98_osh,2022-11-12,5,14.669484548270702
98_osh,2022-11-12,10,14.669484548270702
98_osh,2022-11-12,15,14.691457875072956
98_osh,2022-11-12,20,14.662892550230026
98_osh,2022-11-12,30,12.37839900702238
98_osh,2022-11-12,40,10.452070690691473
98_osh,2022-11-12,50,10.140049450099468
98_osh,2022-11-13,5,14.51713614910841
98_osh,2022-11-13,10,14.524460591375828
98_osh,2022-11-13,15,14.549363695085049
98_osh,2022-11-13,20,14.57060457766056
98_osh,2022-11-13,30,12.552720732986929
98_osh,2022-11-13,40,10.707693725824356
98_osh,2022-11-13,50,10.319498285651209
98_osh,2022-11-14,5,14.274697110056875
98_osh,2022-11-14,10,14.274697110056875
98_osh,2022-11-14,15,14.31644643098116
98_osh,2022-11-14,20,14.438764616847038
98_osh,2022-11-14,30,12.555650509893894
98_osh,2022-11-14,40,10.819025248289108
98_osh,2022-11-14,50,10.411786258220673
98_osh,2022-11-15,5,14.1120944917202
98_osh,2022-11-15,10,14.1120944917202
98_osh,2022-11-15,15,14.138462483882904
98_osh,2022-11-15,20,14.343546867370604
98_osh,2022-11-15,30,12.536606959998608
98_osh,2022-11-15,40,10.859309680759909
98_osh,2022-11-15,50,10.455000467598438
98_osh,2022-11-16,5,13.859401233494282
98_osh,2022-11-16,10,13.859401233494282
98_osh,2022-11-16,15,13.864528343081474
98_osh,2022-11-16,20,14.078402057290075
98_osh,2022-11-16,30,12.399639889597893
98_osh,2022-11-16,40,10.82781457901001
98_osh,2022-11-16,50,10.457197800278664
98_osh,2022-11-17,5,13.598651088774204
98_osh,2022-11-17,10,13.598651088774204
98_osh,2022-11-17,15,13.601580865681171
98_osh,2022-11-17,20,13.775902591645718
98_osh,2022-11-17,30,12.27219459414482
98_osh,2022-11-17,40,10.810968361794949
98_osh,2022-11-17,50,10.467452019453049
98_osh,2022-11-18,5,13.450697354972364
98_osh,2022-11-18,10,13.450697354972364
98_osh,2022-11-18,15,13.471938237547874
98_osh,2022-11-18,20,13.658711515367033
98_osh,2022-11-18,30,12.339579463005066
98_osh,2022-11-18,40,10.914975441992285
98_osh,2022-11-18,50,10.557542659342287
98_osh,2022-11-19,5,13.304940953850746
98_osh,2022-11-19,10,13.304940953850746
98_osh,2022-11-19,15,13.319589838385582
98_osh,2022-11-19,20,13.521012000739574
98_osh,2022-11-19,30,12.374736785888672
98_osh,2022-11-19,40,11.0695211738348
98_osh,2022-11-19,50,10.719412833452225
98_osh,2022-11-20,5,13.208990760147572
98_osh,2022-11-20,10,13.209723204374312
98_osh,2022-11-20,15,13.2375560849905
98_osh,2022-11-20,20,13.373790711164474
98_osh,2022-11-20,30,12.573229171335695
98_osh,2022-11-20,40,11.348582424223425
98_osh,2022-11-20,50,10.984557643532751
98_osh,2022-11-21,5,13.128421895205976
98_osh,2022-11-21,10,13.127689450979233
98_osh,2022-11-21,15,13.149662777781488
98_osh,2022-11-21,20,13.276375629007816
98_osh,2022-11-21,30,12.817133098840714
98_osh,2022-11-21,40,11.692831210792065
98_osh,2022-11-21,50,11.31049532443285
98_osh,2022-11-22,5,12.883053079247476
98_osh,2022-11-22,10,12.883053079247476
98_osh,2022-11-22,15,12.884517967700958
98_osh,2022-11-22,20,12.908688627183436
98_osh,2022-11-22,30,12.904293961822988
98_osh,2022-11-22,40,11.85836360603571
98_osh,2022-11-22,50,11.44160284101963
98_osh,2022-11-23,5,12.722647793591022
98_osh,2022-11-23,10,12.72191534936428
98_osh,2022-11-23,15,12.72191534936428
98_osh,2022-11-23,20,12.732902012765408
98_osh,2022-11-23,30,13.000976599752905
98_osh,2022-11-23,40,11.904507592320442
98_osh,2022-11-23,50,11.407910406589508
98_osh,2022-11-24,5,12.614246048033236
98_osh,2022-11-24,10,12.614246048033236
98_osh,2022-11-24,15,12.614246048033236
98_osh,2022-11-24,20,12.617908269166946
98_osh,2022-11-24,30,13.01196326315403
98_osh,2022-11-24,40,11.82174139469862
98_osh,2022-11-24,50,11.251899786293508
98_osh,2022-11-25,5,12.50877407938242
98_osh,2022-11-25,10,12.50877407938242
98_osh,2022-11-25,15,12.50950652360916
98_osh,2022-11-25,20,12.516098521649836
98_osh,2022-11-25,30,12.980468161404133
98_osh,2022-11-25,40,11.746299639344215
98_osh,2022-11-25,50,11.119327381253242
98_osh,2022-11-26,5,12.420880772173405
98_osh,2022-11-26,10,12.421613216400146
98_osh,2022-11-26,15,12.428937658667564
98_osh,2022-11-26,20,12.444318987429142
98_osh,2022-11-26,30,12.96288949996233
98_osh,2022-11-26,40,11.7477645277977
98_osh,2022-11-26,50,11.095156721770763
98_osh,2022-11-27,5,12.208471946418284
98_osh,2022-11-27,10,12.208471946418284
98_osh,2022-11-27,15,12.208471946418284
98_osh,2022-11-27,20,12.208471946418284
98_osh,2022-11-27,30,12.824457541108131
98_osh,2022-11-27,40,11.61738945543766
98_osh,2022-11-27,50,10.992614530026913
98_osh,2022-11-28,5,12.067842654883862
98_osh,2022-11-28,10,12.067842654883862
98_osh,2022-11-28,15,12.069307543337343
98_osh,2022-11-28,20,12.07516709715128
98_osh,2022-11-28,30,12.724845126271248
98_osh,2022-11-28,40,11.51045259833336
98_osh,2022-11-28,50,10.851985238492489
98_osh,2022-11-29,5,11.974822238087654
98_osh,2022-11-29,10,11.982879124581814
98_osh,2022-11-29,15,12.008514672517776
98_osh,2022-11-29,20,12.045136883854866
98_osh,2022-11-29,30,12.691152691841124
98_osh,2022-11-29,40,11.450392171740532
98_osh,2022-11-29,50,10.75896482169628
98_osh,2022-11-30,5,11.738242752850056
98_osh,2022-11-30,10,11.738242752850056
98_osh,2022-11-30,15,11.738242752850056
98_osh,2022-11-30,20,11.738242752850056
98_osh,2022-11-30,30,12.527817629277706
98_osh,2022-11-30,40,11.185979805886744
98_osh,2022-11-30,50,10.606616422533987
98_osh,2022-12-01,5,11.418897069990637
98_osh,2022-12-01,10,11.418897069990637
98_osh,2022-12-01,15,11.418897069990637
98_osh,2022-12-01,20,11.418897069990637
98_osh,2022-12-01,30,12.32126835733652
98_osh,2022-12-01,40,10.980895422399044
98_osh,2022-12-01,50,10.572191543877125
98_osh,2022-12-02,5,11.150090038776398
98_osh,2022-12-02,10,11.150090038776398
98_osh,2022-12-02,15,11.150090038776398
98_osh,2022-12-02,20,11.150090038776398
98_osh,2022-12-02,30,12.189428396523
98_osh,2022-12-02,40,10.920102551579475
98_osh,2022-12-02,50,10.60734886676073
98_osh,2022-12-03,5,10.931821659207344
98_osh,2022-12-03,10,10.933286547660828
98_osh,2022-12-03,15,10.936216324567797
98_osh,2022-12-03,20,10.939146101474762
98_osh,2022-12-03,30,12.08322398364544
98_osh,2022-12-03,40,10.887142561376097
98_osh,2022-12-03,50,10.641773745417597
98_osh,2022-12-04,5,10.73406171798706
98_osh,2022-12-04,10,10.73406171798706
98_osh,2022-12-04,15,10.73406171798706
98_osh,2022-12-04,20,10.734794162213802
98_osh,2022-12-04,30,11.917691588401794
98_osh,2022-12-04,40,10.814630582928658
98_osh,2022-12-04,50,10.66081729531288
98_osh,2022-12-05,5,10.48429823666811
98_osh,2022-12-05,10,10.48429823666811
98_osh,2022-12-05,15,10.48429823666811
98_osh,2022-12-05,20,10.48429823666811
98_osh,2022-12-05,30,11.69136632233858
98_osh,2022-12-05,40,10.781670592725275
98_osh,2022-12-05,50,10.685720399022102
98_osh,2022-12-06,5,10.29606007039547
98_osh,2022-12-06,10,10.29606007039547
98_osh,2022-12-06,15,10.29606007039547
98_osh,2022-12-06,20,10.29606007039547
98_osh,2022-12-06,30,11.523636594414713
98_osh,2022-12-06,40,10.816827915608885
98_osh,2022-12-06,50,10.72161016613245
98_osh,2022-12-07,5,10.160557888448238
98_osh,2022-12-07,10,10.160557888448238
98_osh,2022-12-07,15,10.160557888448238
98_osh,2022-12-07,20,10.160557888448238
98_osh,2022-12-07,30,11.38007752597332
98_osh,2022-12-07,40,10.849055461585522
98_osh,2022-12-07,50,10.75457015633583
98_osh,2022-12-08,5,10.056550808250904
98_osh,2022-12-08,10,10.056550808250904
98_osh,2022-12-08,15,10.056550808250904
98_osh,2022-12-08,20,10.056550808250904
98_osh,2022-12-08,30,11.25336467474699
98_osh,2022-12-08,40,10.882747896015644
98_osh,2022-12-08,50,10.792657256126404
98_osh,2022-12-09,5,9.954741060733795
98_osh,2022-12-09,10,9.954741060733795
98_osh,2022-12-09,15,9.954741060733795
98_osh,2022-12-09,20,9.954741060733795
98_osh,2022-12-09,30,11.120059825479984
98_osh,2022-12-09,40,10.9222998842597
98_osh,2022-12-09,50,10.83147680014372
98_osh,2022-12-10,5,9.869777530431747
98_osh,2022-12-10,10,9.869777530431747
98_osh,2022-12-10,15,9.869777530431747
98_osh,2022-12-10,20,9.869777530431747
98_osh,2022-12-10,30,10.991882085800173
98_osh,2022-12-10,40,10.967711426317692
98_osh,2022-12-10,50,10.873226121068
98_osh,2022-12-11,5,9.78115177899599
98_osh,2022-12-11,10,9.78115177899599
98_osh,2022-12-11,15,9.78115177899599
98_osh,2022-12-11,20,9.78115177899599
98_osh,2022-12-11,30,10.818292804062366
98_osh,2022-12-11,40,11.008728303015232
98_osh,2022-12-11,50,10.91424299776554
98_osh,2022-12-12,5,9.721091352403164
98_osh,2022-12-12,10,9.721091352403164
98_osh,2022-12-12,15,9.720358908176422
98_osh,2022-12-12,20,9.71962646394968
98_osh,2022-12-12,30,10.67619862407446
98_osh,2022-12-12,40,11.050477623939514
98_osh,2022-12-12,50,10.955992318689823
98_osh,2022-12-13,5,9.611957162618635
98_osh,2022-12-13,10,9.61708427220583
98_osh,2022-12-13,15,9.632465600967407
98_osh,2022-12-13,20,9.6375927105546
98_osh,2022-12-13,30,10.497482232749462
98_osh,2022-12-13,40,11.092959389090538
98_osh,2022-12-13,50,11.000671416521072
98_osh,2022-12-14,5,9.483046978712082
98_osh,2022-12-14,10,9.483046978712082
98_osh,2022-12-14,15,9.483046978712082
98_osh,2022-12-14,20,9.483046978712082
98_osh,2022-12-14,30,10.068269915878773
98_osh,2022-12-14,40,11.123722046613691
98_osh,2022-12-14,50,11.034363850951197
98_osh,2022-12-15,5,9.373912788927557
98_osh,2022-12-15,10,9.373912788927557
98_osh,2022-12-15,15,9.373912788927557
98_osh,2022-12-15,20,9.373912788927557
98_osh,2022-12-15,30,9.477187424898148
98_osh,2022-12-15,40,11.13910337537527
98_osh,2022-12-15,50,11.041688293218613
98_osh,2022-12-16,5,9.231086164712906
98_osh,2022-12-16,10,9.231818608939648
98_osh,2022-12-16,15,9.231818608939648
98_osh,2022-12-16,20,9.231818608939648
98_osh,2022-12-16,30,9.307992808520794
98_osh,2022-12-16,40,11.12591937929392
98_osh,2022-12-16,50,11.045350514352322
98_osh,2022-12-17,5,9.124881751835346
98_osh,2022-12-17,10,9.124881751835346
98_osh,2022-12-17,15,9.124881751835346
98_osh,2022-12-17,20,9.124881751835346
98_osh,2022-12-17,30,9.156376853585243
98_osh,2022-12-17,40,11.062196731567385
98_osh,2022-12-17,50,11.054139845073223
98_osh,2022-12-18,5,9.091921761631966
98_osh,2022-12-18,10,9.091921761631966
98_osh,2022-12-18,15,9.091921761631966
98_osh,2022-12-18,20,9.092654205858707
98_osh,2022-12-18,30,9.094851538538933
98_osh,2022-12-18,40,11.030701629817486
98_osh,2022-12-18,50,11.051210068166256
98_osh,2022-12-19,5,9.068483546376228
98_osh,2022-12-19,10,9.068483546376228
98_osh,2022-12-19,15,9.068483546376228
98_osh,2022-12-19,20,9.068483546376228
98_osh,2022-12-19,30,9.068483546376228
98_osh,2022-12-19,40,10.768486596643925
98_osh,2022-12-19,50,11.022644743323326
98_osh,2022-12-20,5,9.088991984724998
98_osh,2022-12-20,10,9.088991984724998
98_osh,2022-12-20,15,9.088991984724998
98_osh,2022-12-20,20,9.088991984724998
98_osh,2022-12-20,30,9.088991984724998
98_osh,2022-12-20,40,9.74379712343216
98_osh,2022-12-20,50,10.958189651370049
98_osh,2022-12-21,5,9.068483546376228
98_osh,2022-12-21,10,9.068483546376228
98_osh,2022-12-21,15,9.068483546376228
98_osh,2022-12-21,20,9.068483546376228
98_osh,2022-12-21,30,9.070680879056454
98_osh,2022-12-21,40,9.185674622654917
98_osh,2022-12-21,50,10.643238633871078
98_osh,2022-12-22,5,8.992309346795082
98_osh,2022-12-22,10,9.001831121742725
98_osh,2022-12-22,15,9.0084231197834
98_osh,2022-12-22,20,9.011352896690369
98_osh,2022-12-22,30,9.017212450504305
98_osh,2022-12-22,40,9.050172440707684
98_osh,2022-12-22,50,9.724753573536873
98_osh,2022-12-23,5,8.850947611033916
98_osh,2022-12-23,10,8.882442712783813
98_osh,2022-12-23,15,8.908810704946518
98_osh,2022-12-23,20,8.918332479894161
98_osh,2022-12-23,30,8.953489802777767
98_osh,2022-12-23,40,9.115359976887705
98_osh,2022-12-23,50,9.647114485502245
98_osh,2022-12-24,5,8.973265796899796
98_osh,2022-12-24,10,8.973265796899796
98_osh,2022-12-24,15,8.973265796899796
98_osh,2022-12-24,20,8.973265796899796
98_osh,2022-12-24,30,8.973265796899796
98_osh,2022-12-24,40,8.9996337890625
98_osh,2022-12-24,50,9.162236407399178
98_osh,2022-12-25,5,8.977660462260246
98_osh,2022-12-25,10,8.977660462260246
98_osh,2022-12-25,15,8.977660462260246
98_osh,2022-12-25,20,8.977660462260246
98_osh,2022-12-25,30,8.977660462260246
98_osh,2022-12-25,40,8.978392906486988
98_osh,2022-12-25,50,9.11023286730051
98_osh,2022-12-26,5,8.92199470102787
98_osh,2022-12-26,10,8.92199470102787
98_osh,2022-12-26,15,8.92199470102787
98_osh,2022-12-26,20,8.92199470102787
98_osh,2022-12-26,30,8.92199470102787
98_osh,2022-12-26,40,8.927121810615063
98_osh,2022-12-26,50,9.562150955200195
98_osh,2022-12-27,5,8.879512935876846
98_osh,2022-12-27,10,8.879512935876846
98_osh,2022-12-27,15,8.879512935876846
98_osh,2022-12-27,20,8.879512935876846
98_osh,2022-12-27,30,8.879512935876846
98_osh,2022-12-27,40,8.891964487731457
98_osh,2022-12-27,50,9.816309101879597
98_osh,2022-12-28,5,8.861934274435043
98_osh,2022-12-28,10,8.861934274435043
98_osh,2022-12-28,15,8.862666718661785
98_osh,2022-12-28,20,8.862666718661785
98_osh,2022-12-28,30,8.863399162888527
98_osh,2022-12-28,40,8.877315603196621
98_osh,2022-12-28,50,9.609759829938412
98_osh,2022-12-29,5,9.018677338957788
98_osh,2022-12-29,10,9.018677338957788
98_osh,2022-12-29,15,9.019409783184528
98_osh,2022-12-29,20,9.019409783184528
98_osh,2022-12-29,30,9.020874671638012
98_osh,2022-12-29,40,9.034058667719364
98_osh,2022-12-29,50,9.10217598080635
98_osh,2022-12-30,5,9.076540432870388
98_osh,2022-12-30,10,9.076540432870388
98_osh,2022-12-30,15,9.076540432870388
98_osh,2022-12-30,20,9.076540432870388
98_osh,2022-12-30,30,9.076540432870388
98_osh,2022-12-30,40,9.076540432870388
98_osh,2022-12-30,50,9.076540432870388
98_osh,2022-12-31,5,8.997436456382275
98_osh,2022-12-31,10,8.997436456382275
98_osh,2022-12-31,15,8.997436456382275
98_osh,2022-12-31,20,8.997436456382275
98_osh,2022-12-31,30,8.997436456382275
98_osh,2022-12-31,40,8.997436456382275
98_osh,2022-12-31,50,8.997436456382275
98_osh,2023-01-01,5,8.88097782433033
98_osh,2023-01-01,10,8.88097782433033
98_osh,2023-01-01,15,8.88097782433033
98_osh,2023-01-01,20,8.88097782433033
98_osh,2023-01-01,30,8.881710268557072
98_osh,2023-01-01,40,8.881710268557072
98_osh,2023-01-01,50,8.881710268557072
98_osh,2023-01-02,5,8.727896980941296
98_osh,2023-01-02,10,8.727896980941296
98_osh,2023-01-02,15,8.727896980941296
98_osh,2023-01-02,20,8.727896980941296
98_osh,2023-01-02,30,8.727896980941296
98_osh,2023-01-02,40,8.727896980941296
98_osh,2023-01-02,50,8.727896980941296
98_osh,2023-01-03,5,8.579210802912712
98_osh,2023-01-03,10,8.579210802912712
98_osh,2023-01-03,15,8.579210802912712
98_osh,2023-01-03,20,8.579210802912712
98_osh,2023-01-03,30,8.579210802912712
98_osh,2023-01-03,40,8.579210802912712
98_osh,2023-01-03,50,8.579210802912712
98_osh,2023-01-04,5,8.438581511378288
98_osh,2023-01-04,10,8.438581511378288
98_osh,2023-01-04,15,8.438581511378288
98_osh,2023-01-04,20,8.438581511378288
98_osh,2023-01-04,30,8.438581511378288
98_osh,2023-01-04,40,8.43931395560503
98_osh,2023-01-04,50,8.43931395560503
98_osh,2023-01-05,5,8.313333548605442
98_osh,2023-01-05,10,8.313333548605442
98_osh,2023-01-05,15,8.313333548605442
98_osh,2023-01-05,20,8.313333548605442
98_osh,2023-01-05,30,8.314065992832184
98_osh,2023-01-05,40,8.314065992832184
98_osh,2023-01-05,50,8.314065992832184
98_osh,2023-01-06,5,8.212256245315075
98_osh,2023-01-06,10,8.212256245315075
98_osh,2023-01-06,15,8.212256245315075
98_osh,2023-01-06,20,8.212256245315075
98_osh,2023-01-06,30,8.212256245315075
98_osh,2023-01-06,40,8.212256245315075
98_osh,2023-01-06,50,8.212256245315075
98_osh,2023-01-07,5,8.131687380373478
98_osh,2023-01-07,10,8.13241982460022
98_osh,2023-01-07,15,8.13241982460022
98_osh,2023-01-07,20,8.13241982460022
98_osh,2023-01-07,30,8.13241982460022
98_osh,2023-01-07,40,8.13241982460022
98_osh,2023-01-07,50,8.13241982460022
98_osh,2023-01-08,5,8.057710513472557
98_osh,2023-01-08,10,8.057710513472557
98_osh,2023-01-08,15,8.057710513472557
98_osh,2023-01-08,20,8.057710513472557
98_osh,2023-01-08,30,8.057710513472557
98_osh,2023-01-08,40,8.057710513472557
98_osh,2023-01-08,50,8.057710513472557
98_osh,2023-01-09,5,7.9690847620368
98_osh,2023-01-09,10,7.9690847620368
98_osh,2023-01-09,15,7.9690847620368
98_osh,2023-01-09,20,7.9690847620368
98_osh,2023-01-09,30,7.9690847620368
98_osh,2023-01-09,40,7.9690847620368
98_osh,2023-01-09,50,7.9690847620368
98_osh,2023-01-10,5,7.864345237612724
98_osh,2023-01-10,10,7.864345237612724
98_osh,2023-01-10,15,7.864345237612724
98_osh,2023-01-10,20,7.864345237612724
98_osh,2023-01-10,30,7.864345237612724
98_osh,2023-01-10,40,7.864345237612724
98_osh,2023-01-10,50,7.864345237612724
98_osh,2023-01-11,5,7.796960368752479
98_osh,2023-01-11,10,7.796960368752479
98_osh,2023-01-11,15,7.796960368752479
98_osh,2023-01-11,20,7.796960368752479
98_osh,2023-01-11,30,7.796960368752479
98_osh,2023-01-11,40,7.796960368752479
98_osh,2023-01-11,50,7.796960368752479
98_osh,2023-01-12,5,7.758873268961906
98_osh,2023-01-12,10,7.758140824735165
98_osh,2023-01-12,15,7.757408380508423
98_osh,2023-01-12,20,7.757408380508423
98_osh,2023-01-12,30,7.757408380508423
98_osh,2023-01-12,40,7.757408380508423
98_osh,2023-01-12,50,7.757408380508423
98_osh,2023-01-13,5,7.713461726903915
98_osh,2023-01-13,10,7.728110611438751
98_osh,2023-01-13,15,7.730307944118977
98_osh,2023-01-13,20,7.731040388345718
98_osh,2023-01-13,30,7.73177283257246
98_osh,2023-01-13,40,7.73177283257246
98_osh,2023-01-13,50,7.73177283257246
98_osh,2023-01-14,5,7.6709799617528915
98_osh,2023-01-14,10,7.673909738659859
98_osh,2023-01-14,15,7.683431513607502
98_osh,2023-01-14,20,7.686361290514469
98_osh,2023-01-14,30,7.691488400101662
98_osh,2023-01-14,40,7.6922208443284035
98_osh,2023-01-14,50,7.6922208443284035
98_osh,2023-01-15,5,7.610919535160065
98_osh,2023-01-15,10,7.618976421654224
98_osh,2023-01-15,15,7.621906198561192
98_osh,2023-01-15,20,7.622638642787933
98_osh,2023-01-15,30,7.622638642787933
98_osh,2023-01-15,40,7.623371087014675
98_osh,2023-01-15,50,7.623371087014675
98_osh,2023-01-16,5,7.536210224032402
98_osh,2023-01-16,10,7.536210224032402
98_osh,2023-01-16,15,7.536942668259144
98_osh,2023-01-16,20,7.536942668259144
98_osh,2023-01-16,30,7.536942668259144
98_osh,2023-01-16,40,7.536942668259144
98_osh,2023-01-16,50,7.536942668259144
98_osh,2023-01-17,5,7.432203143835068
98_osh,2023-01-17,10,7.432203143835068
98_osh,2023-01-17,15,7.432203143835068
98_osh,2023-01-17,20,7.432203143835068
98_osh,2023-01-17,30,7.432203143835068
98_osh,2023-01-17,40,7.432203143835068
98_osh,2023-01-17,50,7.432203143835068
98_osh,2023-01-18,5,7.345042280852795
98_osh,2023-01-18,10,7.345042280852795
98_osh,2023-01-18,15,7.345042280852795
98_osh,2023-01-18,20,7.345042280852795
98_osh,2023-01-18,30,7.345042280852795
98_osh,2023-01-18,40,7.345042280852795
98_osh,2023-01-18,50,7.345042280852795
98_osh,2023-01-19,5,7.262276083230972
98_osh,2023-01-19,10,7.262276083230972
98_osh,2023-01-19,15,7.262276083230972
98_osh,2023-01-19,20,7.262276083230972
98_osh,2023-01-19,30,7.262276083230972
98_osh,2023-01-19,40,7.262276083230972
98_osh,2023-01-19,50,7.262276083230972
98_osh,2023-01-20,5,7.175847664475441
98_osh,2023-01-20,10,7.177312552928925
98_osh,2023-01-20,15,7.178777441382408
98_osh,2023-01-20,20,7.180242329835892
98_osh,2023-01-20,30,7.182439662516117
98_osh,2023-01-20,40,7.183172106742859
98_osh,2023-01-20,50,7.183172106742859
98_osh,2023-01-21,5,7.030823707580566
98_osh,2023-01-21,10,7.030823707580566
98_osh,2023-01-21,15,7.030823707580566
98_osh,2023-01-21,20,7.030823707580566
98_osh,2023-01-21,30,7.030823707580566
98_osh,2023-01-21,40,7.030823707580566
98_osh,2023-01-21,50,7.030823707580566
98_osh,2023-01-22,5,6.832331322133541
98_osh,2023-01-22,10,6.832331322133541
98_osh,2023-01-22,15,6.832331322133541
98_osh,2023-01-22,20,6.832331322133541
98_osh,2023-01-22,30,6.832331322133541
98_osh,2023-01-22,40,6.832331322133541
98_osh,2023-01-22,50,6.832331322133541
98_osh,2023-01-23,5,6.653614930808544
98_osh,2023-01-23,10,6.653614930808544
98_osh,2023-01-23,15,6.653614930808544
98_osh,2023-01-23,20,6.653614930808544
98_osh,2023-01-23,30,6.653614930808544
98_osh,2023-01-23,40,6.653614930808544
98_osh,2023-01-23,50,6.653614930808544
98_osh,2023-01-24,5,6.430219441652298
98_osh,2023-01-24,10,6.430219441652298
98_osh,2023-01-24,15,6.430219441652298
98_osh,2023-01-24,20,6.430219441652298
98_osh,2023-01-24,30,6.430219441652298
98_osh,2023-01-24,40,6.430219441652298
98_osh,2023-01-24,50,6.43095188587904
98_osh,2023-01-25,5,6.147495970129967
98_osh,2023-01-25,10,6.147495970129967
98_osh,2023-01-25,15,6.147495970129967
98_osh,2023-01-25,20,6.147495970129967
98_osh,2023-01-25,30,6.147495970129967
98_osh,2023-01-25,40,6.147495970129967
98_osh,2023-01-25,50,6.147495970129967
98_osh,2023-01-26,5,5.943144030869007
98_osh,2023-01-26,10,5.943144030869007
98_osh,2023-01-26,15,5.943144030869007
98_osh,2023-01-26,20,5.943144030869007
98_osh,2023-01-26,30,5.943144030869007
98_osh,2023-01-26,40,5.943144030869007
98_osh,2023-01-26,50,5.943144030869007
98_osh,2023-01-27,5,5.826685398817062
98_osh,2023-01-27,10,5.826685398817062
98_osh,2023-01-27,15,5.826685398817062
98_osh,2023-01-27,20,5.826685398817062
98_osh,2023-01-27,30,5.826685398817062
98_osh,2023-01-27,40,5.826685398817062
98_osh,2023-01-27,50,5.826685398817062
98_osh,2023-01-28,5,5.689718328416348
98_osh,2023-01-28,10,5.689718328416348
98_osh,2023-01-28,15,5.690450772643089
98_osh,2023-01-28,20,5.690450772643089
98_osh,2023-01-28,30,5.690450772643089
98_osh,2023-01-28,40,5.690450772643089
98_osh,2023-01-28,50,5.690450772643089
98_osh,2023-01-29,5,5.54762414842844
98_osh,2023-01-29,10,5.54762414842844
98_osh,2023-01-29,15,5.54762414842844
98_osh,2023-01-29,20,5.548356592655182
98_osh,2023-01-29,30,5.548356592655182
98_osh,2023-01-29,40,5.548356592655182
98_osh,2023-01-29,50,5.548356592655182
98_osh,2023-01-30,5,5.429700627923012
98_osh,2023-01-30,10,5.429700627923012
98_osh,2023-01-30,15,5.429700627923012
98_osh,2023-01-30,20,5.42896818369627
98_osh,2023-01-30,30,5.427503295242786
98_osh,2023-01-30,40,5.426770851016045
98_osh,2023-01-30,50,5.427503295242786
98_osh,2023-01-31,5,5.264900676906109
98_osh,2023-01-31,10,5.264900676906109
98_osh,2023-01-31,15,5.264900676906109
98_osh,2023-01-31,20,5.264900676906109
98_osh,2023-01-31,30,5.264900676906109
98_osh,2023-01-31,40,5.264900676906109
98_osh,2023-01-31,50,5.264900676906109
98_osh,2023-02-01,5,5.089846506714821
98_osh,2023-02-01,10,5.097170948982239
98_osh,2023-02-01,15,5.104495391249657
98_osh,2023-02-01,20,5.106692723929882
98_osh,2023-02-01,30,5.111087389290333
98_osh,2023-02-01,40,5.1140171661973
98_osh,2023-02-01,50,5.120609164237976
98_osh,2023-02-02,5,4.908932782709599
98_osh,2023-02-02,10,4.908932782709599
98_osh,2023-02-02,15,4.908932782709599
98_osh,2023-02-02,20,4.908932782709599
98_osh,2023-02-02,30,4.908932782709599
98_osh,2023-02-02,40,4.908932782709599
98_osh,2023-02-02,50,4.908932782709599
98_osh,2023-02-03,5,4.743400387465954
98_osh,2023-02-03,10,4.743400387465954
98_osh,2023-02-03,15,4.743400387465954
98_osh,2023-02-03,20,4.743400387465954
98_osh,2023-02-03,30,4.743400387465954
98_osh,2023-02-03,40,4.743400387465954
98_osh,2023-02-03,50,4.744132831692696
98_osh,2023-02-04,5,4.618884868919849
98_osh,2023-02-04,10,4.618884868919849
98_osh,2023-02-04,15,4.618884868919849
98_osh,2023-02-04,20,4.618884868919849
98_osh,2023-02-04,30,4.618152424693108
98_osh,2023-02-04,40,4.617419980466366
98_osh,2023-02-04,50,4.617419980466366
98_osh,2023-02-05,5,4.525864452123642
98_osh,2023-02-05,10,4.525864452123642
98_osh,2023-02-05,15,4.525864452123642
98_osh,2023-02-05,20,4.5251320078969
98_osh,2023-02-05,30,4.523667119443417
98_osh,2023-02-05,40,4.522934675216675
98_osh,2023-02-05,50,4.524399563670158
98_osh,2023-02-06,5,4.452620029449463
98_osh,2023-02-06,10,4.451155140995979
98_osh,2023-02-06,15,4.448225364089012
98_osh,2023-02-06,20,4.44749291986227
98_osh,2023-02-06,30,4.445295587182045
98_osh,2023-02-06,40,4.445295587182045
98_osh,2023-02-06,50,4.448957808315754
98_osh,2023-02-07,5,4.34934539347887
98_osh,2023-02-07,10,4.34934539347887
98_osh,2023-02-07,15,4.347148060798645
98_osh,2023-02-07,20,4.347148060798645
98_osh,2023-02-07,30,4.34495072811842
98_osh,2023-02-07,40,4.344218283891678
98_osh,2023-02-07,50,4.347148060798645
98_osh,2023-02-08,5,4.229224540293217
98_osh,2023-02-08,10,4.228492096066475
98_osh,2023-02-08,15,4.227027207612991
98_osh,2023-02-08,20,4.2262947633862495
98_osh,2023-02-08,30,4.224829874932766
98_osh,2023-02-08,40,4.224829874932766
98_osh,2023-02-08,50,4.227759651839733
98_osh,2023-02-09,5,4.088595248758793
98_osh,2023-02-09,10,4.088595248758793
98_osh,2023-02-09,15,4.088595248758793
98_osh,2023-02-09,20,4.088595248758793
98_osh,2023-02-09,30,4.088595248758793
98_osh,2023-02-09,40,4.089327692985535
98_osh,2023-02-09,50,4.092257469892502
98_osh,2023-02-10,5,3.968474395573139
98_osh,2023-02-10,10,3.968474395573139
98_osh,2023-02-10,15,3.967741951346397
98_osh,2023-02-10,20,3.967741951346397
98_osh,2023-02-10,30,3.967009507119656
98_osh,2023-02-10,40,3.967009507119656
98_osh,2023-02-10,50,3.970671728253365
98_osh,2023-02-11,5,3.8483535423874855
98_osh,2023-02-11,10,3.843226432800293
98_osh,2023-02-11,15,3.841029100120068
98_osh,2023-02-11,20,3.840296655893326
98_osh,2023-02-11,30,3.847621098160744
98_osh,2023-02-11,40,3.858607761561871
98_osh,2023-02-11,50,3.871059313416481
98_osh,2023-02-12,5,3.597857616841793
98_osh,2023-02-12,10,3.635212272405624
98_osh,2023-02-12,15,3.6974700316786766
98_osh,2023-02-12,20,3.7018646970391273
98_osh,2023-02-12,30,3.7296975776553154
98_osh,2023-02-12,40,3.769982010126114
98_osh,2023-02-12,50,3.783166006207466
98_osh,2023-02-13,5,3.356151022017002
98_osh,2023-02-13,10,3.3693350180983543
98_osh,2023-02-13,15,3.4667501002550125
98_osh,2023-02-13,20,3.5019074231386185
98_osh,2023-02-13,30,3.60884428024292
98_osh,2023-02-13,40,3.680623814463616
98_osh,2023-02-13,50,3.689413145184517
98_osh,2023-02-14,5,3.1591235250234604
98_osh,2023-02-14,10,3.1583910807967186
98_osh,2023-02-14,15,3.1723075211048126
98_osh,2023-02-14,20,3.192083515226841
98_osh,2023-02-14,30,3.4879909828305244
98_osh,2023-02-14,40,3.6029847264289856
98_osh,2023-02-14,50,3.628620274364948
98_osh,2023-02-15,5,2.9547715857625008
98_osh,2023-02-15,10,2.9547715857625008
98_osh,2023-02-15,15,2.9591662511229515
98_osh,2023-02-15,20,2.965758249163628
98_osh,2023-02-15,30,3.3620105758309364
98_osh,2023-02-15,40,3.535599857568741
98_osh,2023-02-15,50,3.587603397667408
98_osh,2023-02-16,5,2.8163396269083023
98_osh,2023-02-16,10,2.8163396269083023
98_osh,2023-02-16,15,2.8163396269083023
98_osh,2023-02-16,20,2.817804515361786
98_osh,2023-02-16,30,3.136417753994465
98_osh,2023-02-16,40,3.497512757778168
98_osh,2023-02-16,50,3.594195395708084
98_osh,2023-02-17,5,2.721121877431869
98_osh,2023-02-17,10,2.7035432159900665
98_osh,2023-02-17,15,2.7064729928970337
98_osh,2023-02-17,20,2.7167272120714188
98_osh,2023-02-17,30,2.9862666875123978
98_osh,2023-02-17,40,3.37153235077858
98_osh,2023-02-17,50,3.525345638394356
98_osh,2023-02-18,5,2.601001024246216
98_osh,2023-02-18,10,2.587084583938122
98_osh,2023-02-18,15,2.592944137752056
98_osh,2023-02-18,20,2.6134525761008263
98_osh,2023-02-18,30,2.908627599477768
98_osh,2023-02-18,40,3.2565386071801186
98_osh,2023-02-18,50,3.4184087812900543
98_osh,2023-02-19,5,2.3563646525144577
98_osh,2023-02-19,10,2.394451752305031
98_osh,2023-02-19,15,2.45963928848505
98_osh,2023-02-19,20,2.5006561651825905
98_osh,2023-02-19,30,2.8126774057745934
98_osh,2023-02-19,40,3.140079975128174
98_osh,2023-02-19,50,3.28583637624979
98_osh,2023-02-20,5,2.07510606944561
98_osh,2023-02-20,10,2.0838954001665115
98_osh,2023-02-20,15,2.2267220243811607
98_osh,2023-02-20,20,2.3395184352993965
98_osh,2023-02-20,30,2.7833796367049217
98_osh,2023-02-20,40,3.128360867500305
98_osh,2023-02-20,50,3.2909634858369827
98_osh,2023-02-21,5,1.8575701341032984
98_osh,2023-02-21,10,1.85830257833004
98_osh,2023-02-21,15,2.0384838581085205
98_osh,2023-02-21,20,2.234046466648578
98_osh,2023-02-21,30,2.7775200828909874
98_osh,2023-02-21,40,3.1378826424479485
98_osh,2023-02-21,50,3.3297830298542976
98_osh,2023-02-22,5,1.798974595963955
98_osh,2023-02-22,10,1.8004394844174385
98_osh,2023-02-22,15,1.872219018638134
98_osh,2023-02-22,20,2.036286525428295
98_osh,2023-02-22,30,2.736503206193447
98_osh,2023-02-22,40,3.1452070847153664
98_osh,2023-02-22,50,3.3788567930459976
98_osh,2023-02-23,5,1.7308572828769684
98_osh,2023-02-23,10,1.753563053905964
98_osh,2023-02-23,15,1.8202154785394669
98_osh,2023-02-23,20,1.9403363317251203
98_osh,2023-02-23,30,2.617847241461277
98_osh,2023-02-23,40,3.051454223692417
98_osh,2023-02-23,50,3.289498597383499
98_osh,2023-02-24,5,1.6092715412378311
98_osh,2023-02-24,10,1.7162083983421326
98_osh,2023-02-24,15,1.8150883689522743
98_osh,2023-02-24,20,1.9264198914170263
98_osh,2023-02-24,30,2.5218970477581024
98_osh,2023-02-24,40,2.954039141535759
98_osh,2023-02-24,50,3.1701101884245872
98_osh,2023-02-25,5,1.5528733357787132
98_osh,2023-02-25,10,1.5938902124762535
98_osh,2023-02-25,15,1.7784661576151848
98_osh,2023-02-25,20,1.897854566574097
98_osh,2023-02-25,30,2.492599278688431
98_osh,2023-02-25,40,2.9459822550415997
98_osh,2023-02-25,50,3.178167074918747
98_osh,2023-02-26,5,1.5162511244416237
98_osh,2023-02-26,10,1.5177160128951073
98_osh,2023-02-26,15,1.6151310950517654
98_osh,2023-02-26,20,1.7586901634931564
98_osh,2023-02-26,30,2.533616155385971
98_osh,2023-02-26,40,3.04852444678545
98_osh,2023-02-26,50,3.3627430200576782
98_osh,2023-02-27,5,1.6114688739180565
98_osh,2023-02-27,10,1.5975524336099625
98_osh,2023-02-27,15,1.6334422007203102
98_osh,2023-02-27,20,1.7411115020513537
98_osh,2023-02-27,30,2.585619695484638
98_osh,2023-02-27,40,3.162053301930428
98_osh,2023-02-27,50,3.542191855609417
98_osh,2023-02-28,5,1.879543460905552
98_osh,2023-02-28,10,1.8539079129695888
98_osh,2023-02-28,15,1.8319345861673355
98_osh,2023-02-28,20,1.845851026475429
98_osh,2023-02-28,30,2.544602818787098
98_osh,2023-02-28,40,3.198675513267517
98_osh,2023-02-28,50,3.64986115694046
98_osh,2023-03-01,5,1.9894100949168203
98_osh,2023-03-01,10,1.9461958855390549
98_osh,2023-03-01,15,1.9293496683239937
98_osh,2023-03-01,20,1.941801220178604
98_osh,2023-03-01,30,2.5292214900255203
98_osh,2023-03-01,40,3.1701101884245872
98_osh,2023-03-01,50,3.638874493539333
98_osh,2023-03-02,5,2.047273188829422
98_osh,2023-03-02,10,2.019440308213234
98_osh,2023-03-02,15,2.004791423678398
98_osh,2023-03-02,20,2.0318918600678444
98_osh,2023-03-02,30,2.597338803112507
98_osh,2023-03-02,40,3.246284388005733
98_osh,2023-03-02,50,3.693807810544968
98_osh,2023-03-03,5,2.091219842433929
98_osh,2023-03-03,10,2.0919522866606712
98_osh,2023-03-03,15,2.0773034021258354
98_osh,2023-03-03,20,2.109530948102474
98_osh,2023-03-03,30,2.6727805584669118
98_osh,2023-03-03,40,3.370799906551838
98_osh,2023-03-03,50,3.82564777135849
98_osh,2023-03-04,5,2.139561161398888
98_osh,2023-03-04,10,2.1358989402651787
98_osh,2023-03-04,15,2.1578722670674324
98_osh,2023-03-04,20,2.19376203417778
98_osh,2023-03-04,30,2.7452925369143486
98_osh,2023-03-04,40,3.465285211801529
98_osh,2023-03-04,50,3.930387295782566
98_osh,2023-03-05,5,2.2406384646892548
98_osh,2023-03-05,10,2.215002916753292
98_osh,2023-03-05,15,2.2267220243811607
98_osh,2023-03-05,20,2.256752237677574
98_osh,2023-03-05,30,2.781914748251438
98_osh,2023-03-05,40,3.5231483057141304
98_osh,2023-03-05,50,3.991180166602135
98_osh,2023-03-06,5,2.432538852095604
98_osh,2023-03-06,10,2.363689094781876
98_osh,2023-03-06,15,2.3043611124157906
98_osh,2023-03-06,20,2.310220666229725
98_osh,2023-03-06,30,2.771660529077053
98_osh,2023-03-06,40,3.51069675385952
98_osh,2023-03-06,50,3.9743339493870735
98_osh,2023-03-07,5,2.615649908781052
98_osh,2023-03-07,10,2.505783274769783
98_osh,2023-03-07,15,2.390789531171322
98_osh,2023-03-07,20,2.3739433139562607
98_osh,2023-03-07,30,2.7665334194898605
98_osh,2023-03-07,40,3.4938505366444588
98_osh,2023-03-07,50,3.934781961143017
98_osh,2023-03-08,5,2.785576969385147
98_osh,2023-03-08,10,2.60686057806015
98_osh,2023-03-08,15,2.4647663980722427
98_osh,2023-03-08,20,2.4376659616827965
98_osh,2023-03-08,30,2.7987609654664998
98_osh,2023-03-08,40,3.5165563076734543
98_osh,2023-03-08,50,3.920865520834923
98_osh,2023-03-09,5,2.817804515361786
98_osh,2023-03-09,10,2.715994767844677
98_osh,2023-03-09,15,2.5599841475486755
98_osh,2023-03-09,20,2.518234826624393
98_osh,2023-03-09,30,2.819269403815269
98_osh,2023-03-09,40,3.5055696442723274
98_osh,2023-03-09,50,3.884975753724575
98_osh,2023-03-10,5,2.8602862805128098
98_osh,2023-03-10,10,2.7885067462921143
98_osh,2023-03-10,15,2.631763681769371
98_osh,2023-03-10,20,2.576097920536995
98_osh,2023-03-10,30,2.8258614018559456
98_osh,2023-03-10,40,3.4938505366444588
98_osh,2023-03-10,50,3.857875317335129
98_osh,2023-03-11,5,2.9276711493730545
98_osh,2023-03-11,10,2.8500320613384247
98_osh,2023-03-11,15,2.694753885269165
98_osh,2023-03-11,20,2.634693458676338
98_osh,2023-03-11,30,2.845637395977974
98_osh,2023-03-11,40,3.500442534685135
98_osh,2023-03-11,50,3.8512833192944527
98_osh,2023-03-12,5,3.0038453489542007
98_osh,2023-03-12,10,2.9342631474137306
98_osh,2023-03-12,15,2.775322750210762
98_osh,2023-03-12,20,2.70500810444355
98_osh,2023-03-12,30,2.8229316249489784
98_osh,2023-03-12,40,3.421338558197021
98_osh,2023-03-12,50,3.723838023841381
98_osh,2023-03-13,5,2.965758249163628
98_osh,2023-03-13,10,2.9584338068962097
98_osh,2023-03-13,15,2.8639485016465187
98_osh,2023-03-13,20,2.7914365231990814
98_osh,2023-03-13,30,2.7533494234085083
98_osh,2023-03-13,40,3.288033708930016
98_osh,2023-03-13,50,3.509964309632778
98_osh,2023-03-14,5,2.890316493809223
98_osh,2023-03-14,10,2.894711159169674
98_osh,2023-03-14,15,2.848567172884941
98_osh,2023-03-14,20,2.776055194437504
98_osh,2023-03-14,30,2.698416106402874
98_osh,2023-03-14,40,3.199407957494259
98_osh,2023-03-14,50,3.364940352737904
98_osh,2023-03-15,5,2.870540499687195
98_osh,2023-03-15,10,2.856624059379101
98_osh,2023-03-15,15,2.7877743020653725
98_osh,2023-03-15,20,2.715262323617935
98_osh,2023-03-15,30,2.624439239501953
98_osh,2023-03-15,40,3.0748924389481544
98_osh,2023-03-15,50,3.247749276459217
98_osh,2023-03-16,5,2.73357342928648
98_osh,2023-03-16,10,2.737235650420189
98_osh,2023-03-16,15,2.65593434125185
98_osh,2023-03-16,20,2.5922116935253143
98_osh,2023-03-16,30,2.4940641671419144
98_osh,2023-03-16,40,2.88885160535574
98_osh,2023-03-16,50,3.1415448635816574
98_osh,2023-03-17,5,2.628101460635662
98_osh,2023-03-17,10,2.6266365721821785
98_osh,2023-03-17,15,2.554857037961483
98_osh,2023-03-17,20,2.493331722915173
98_osh,2023-03-17,30,2.3959166407585144
98_osh,2023-03-17,40,2.7833796367049217
98_osh,2023-03-17,50,3.0778222158551216
98_osh,2023-03-18,5,2.6119876876473427
98_osh,2023-03-18,10,2.568773478269577
98_osh,2023-03-18,15,2.4874721691012383
98_osh,2023-03-18,20,2.4237495213747025
98_osh,2023-03-18,30,2.3109531104564667
98_osh,2023-03-18,40,2.673513002693653
98_osh,2023-03-18,50,2.9796746894717216
98_osh,2023-03-19,5,2.69255655258894
98_osh,2023-03-19,10,2.607593022286892
98_osh,2023-03-19,15,2.455977067351341
98_osh,2023-03-19,20,2.3849299773573875
98_osh,2023-03-19,30,2.2516251280903816
98_osh,2023-03-19,40,2.6097903549671173
98_osh,2023-03-19,50,2.9240089282393456
98_osh,2023-03-20,5,2.786309413611889
98_osh,2023-03-20,10,2.663258783519268
98_osh,2023-03-20,15,2.460371732711792
98_osh,2023-03-20,20,2.3754082024097443
98_osh,2023-03-20,30,2.2106082513928413
98_osh,2023-03-20,40,2.5629139244556427
98_osh,2023-03-20,50,2.891048938035965
98_osh,2023-03-21,5,2.9137547090649605
98_osh,2023-03-21,10,2.7072054371237755
98_osh,2023-03-21,15,2.464033953845501
98_osh,2023-03-21,20,2.3666188716888428
98_osh,2023-03-21,30,2.1827753707766533
98_osh,2023-03-21,40,2.5248268246650696
98_osh,2023-03-21,50,2.874202720820904
98_osh,2023-03-22,5,3.0529191121459007
98_osh,2023-03-22,10,2.771660529077053
98_osh,2023-03-22,15,2.491866834461689
98_osh,2023-03-22,20,2.3841975331306458
98_osh,2023-03-22,30,2.176915816962719
98_osh,2023-03-22,40,2.5153050497174263
98_osh,2023-03-22,50,2.8998382687568665
98_osh,2023-03-23,5,3.237495057284832
98_osh,2023-03-23,10,2.862483613193035
98_osh,2023-03-23,15,2.551927261054516
98_osh,2023-03-23,20,2.4376659616827965
98_osh,2023-03-23,30,2.2062135860323906
98_osh,2023-03-23,40,2.538743264973164
98_osh,2023-03-23,50,2.9628284722566605
98_osh,2023-03-24,5,3.5407269671559334
98_osh,2023-03-24,10,2.9950560182332997
98_osh,2023-03-24,15,2.6339610144495964
98_osh,2023-03-24,20,2.509445495903492
98_osh,2023-03-24,30,2.2626117914915085
98_osh,2023-03-24,40,2.6259041279554367
98_osh,2023-03-24,50,3.1063875406980515
98_osh,2023-03-25,5,3.577349178493023
98_osh,2023-03-25,10,3.1415448635816574
98_osh,2023-03-25,15,2.7247840985655785
98_osh,2023-03-25,20,2.58635213971138
98_osh,2023-03-25,30,2.3182775527238846
98_osh,2023-03-25,40,2.694753885269165
98_osh,2023-03-25,50,3.2118595093488693
98_osh,2023-03-26,5,3.604449614882469
98_osh,2023-03-26,10,3.234565280377865
98_osh,2023-03-26,15,2.793633855879307
98_osh,2023-03-26,20,2.6508072316646576
98_osh,2023-03-26,30,2.3541673198342323
98_osh,2023-03-26,40,2.7181921005249023
98_osh,2023-03-26,50,3.262398160994053
98_osh,2023-03-27,5,3.6740318164229393
98_osh,2023-03-27,10,3.381786569952965
98_osh,2023-03-27,15,2.9137547090649605
98_osh,2023-03-27,20,2.751152090728283
98_osh,2023-03-27,30,2.414960190653801
98_osh,2023-03-27,40,2.830988511443138
98_osh,2023-03-27,50,3.402295008301735
98_osh,2023-03-28,5,3.752403348684311
98_osh,2023-03-28,10,3.51875364035368
98_osh,2023-03-28,15,3.017029345035553
98_osh,2023-03-28,20,2.8361156210303307
98_osh,2023-03-28,30,2.473555728793144
98_osh,2023-03-28,40,2.905697822570801
98_osh,2023-03-28,50,3.4806665405631065
98_osh,2023-03-29,5,3.91573841124773
98_osh,2023-03-29,10,3.622028276324272
98_osh,2023-03-29,15,3.1034577637910843
98_osh,2023-03-29,20,2.9108249321579933
98_osh,2023-03-29,30,2.534348599612713
98_osh,2023-03-29,40,2.981872022151947
98_osh,2023-03-29,50,3.546586520969868
98_osh,2023-03-30,5,4.146458342671394
98_osh,2023-03-30,10,3.745811350643635
98_osh,2023-03-30,15,3.2045350670814514
98_osh,2023-03-30,20,2.998718239367008
98_osh,2023-03-30,30,2.592944137752056
98_osh,2023-03-30,40,3.055116444826126
98_osh,2023-03-30,50,3.607379391789436
98_osh,2023-03-31,5,4.320047624409199
98_osh,2023-03-31,10,3.849818430840969
98_osh,2023-03-31,15,3.2851039320230484
98_osh,2023-03-31,20,3.070497773587704
98_osh,2023-03-31,30,2.6544694527983665
98_osh,2023-03-31,40,3.139347530901432
98_osh,2023-03-31,50,3.6762291491031647
98_osh,2023-04-01,5,4.532456450164318
98_osh,2023-04-01,10,3.986053057014942
98_osh,2023-04-01,15,3.384716346859932
98_osh,2023-04-01,20,3.160588413476944
98_osh,2023-04-01,30,2.7387005388736725
98_osh,2023-04-01,40,3.269722603261471
98_osh,2023-04-01,50,3.780236229300499
98_osh,2023-04-02,5,4.632801309227943
98_osh,2023-04-02,10,4.108371242880821
98_osh,2023-04-02,15,3.48213142901659
98_osh,2023-04-02,20,3.248481720685959
98_osh,2023-04-02,30,2.8221991807222366
98_osh,2023-04-02,40,3.3898434564471245
98_osh,2023-04-02,50,3.869594424962997
98_osh,2023-04-03,5,4.777092821896076
98_osh,2023-04-03,10,4.224829874932766
98_osh,2023-04-03,15,3.5722220689058304
98_osh,2023-04-03,20,3.331980362534523
98_osh,2023-04-03,30,2.904965378344059
98_osh,2023-04-03,40,3.4887234270572662
98_osh,2023-04-03,50,3.936979293823242
98_osh,2023-04-04,5,5.047364741563797
98_osh,2023-04-04,10,4.38596760481596
98_osh,2023-04-04,15,3.6740318164229393
98_osh,2023-04-04,20,3.4176763370633125
98_osh,2023-04-04,30,2.989196464419365
98_osh,2023-04-04,40,3.587603397667408
98_osh,2023-04-04,50,3.9926450550556174
98_osh,2023-04-05,5,5.189458921551704
98_osh,2023-04-05,10,4.476790688931942
98_osh,2023-04-05,15,3.737022019922733
98_osh,2023-04-05,20,3.470412321388721
98_osh,2023-04-05,30,3.047792002558708
98_osh,2023-04-05,40,3.641071826219559
98_osh,2023-04-05,50,4.002166830003262
98_osh,2023-04-06,5,5.256111346185207
98_osh,2023-04-06,10,4.488509796559811
98_osh,2023-04-06,15,3.7531357929110527
98_osh,2023-04-06,20,3.4813989847898483
98_osh,2023-04-06,30,3.050721779465676
98_osh,2023-04-06,40,3.633014939725399
98_osh,2023-04-06,50,3.967009507119656
98_osh,2023-04-07,5,5.295663334429264
98_osh,2023-04-07,10,4.51268045604229
98_osh,2023-04-07,15,3.761192679405213
98_osh,2023-04-07,20,3.4850612059235573
98_osh,2023-04-07,30,3.0499893352389336
98_osh,2023-04-07,40,3.6271553859114647
98_osh,2023-04-07,50,3.942838847637177
98_osh,2023-04-08,5,5.3747673109173775
98_osh,2023-04-08,10,4.567613773047924
98_osh,2023-04-08,15,3.772911787033081
98_osh,2023-04-08,20,3.4835963174700737
98_osh,2023-04-08,30,3.07708977162838
98_osh,2023-04-08,40,3.641804270446301
98_osh,2023-04-08,50,3.9384441822767258
98_osh,2023-04-09,5,5.307382442057133
98_osh,2023-04-09,10,4.684072405099869
98_osh,2023-04-09,15,3.810998886823654
98_osh,2023-04-09,20,3.4989776462316518
98_osh,2023-04-09,30,3.12616353482008
98_osh,2023-04-09,40,3.6740318164229393
98_osh,2023-04-09,50,3.947965957224369
98_osh,2023-04-10,5,5.3923459723591805
98_osh,2023-04-10,10,4.830561250448227
98_osh,2023-04-10,15,3.87472153455019
98_osh,2023-04-10,20,3.536332301795482
98_osh,2023-04-10,30,3.159855969250202
98_osh,2023-04-10,40,3.677694037556648
98_osh,2023-04-10,50,3.936246849596501
98_osh,2023-04-11,5,5.611346796154976
98_osh,2023-04-11,10,5.009277641773224
98_osh,2023-04-11,15,3.970671728253365
98_osh,2023-04-11,20,3.603717170655728
98_osh,2023-04-11,30,3.169377744197845
98_osh,2023-04-11,40,3.6520584896206856
98_osh,2023-04-11,50,3.905484192073345
98_osh,2023-04-12,5,5.4238410741090775
98_osh,2023-04-12,10,5.226813577115536
98_osh,2023-04-12,15,4.054170370101929
98_osh,2023-04-12,20,3.638874493539333
98_osh,2023-04-12,30,3.208929732441902
98_osh,2023-04-12,40,3.664510041475296
98_osh,2023-04-12,50,3.9040193036198616
98_osh,2023-04-13,5,5.26929534226656
98_osh,2023-04-13,10,5.179204702377319
98_osh,2023-04-13,15,4.119357906281948
98_osh,2023-04-13,20,3.6732993721961975
98_osh,2023-04-13,30,3.2631306052207947
98_osh,2023-04-13,40,3.7018646970391273
98_osh,2023-04-13,50,3.926725074648857
98_osh,2023-04-14,5,5.3220313265919685
98_osh,2023-04-14,10,5.143314935266972
98_osh,2023-04-14,15,4.125217460095882
98_osh,2023-04-14,20,3.71138647198677
98_osh,2023-04-14,30,3.2990203723311424
98_osh,2023-04-14,40,3.738486908376217
98_osh,2023-04-14,50,3.951628178358078
98_osh,2023-04-15,5,5.51466415822506
98_osh,2023-04-15,10,5.121341608464718
98_osh,2023-04-15,15,4.175023667514324
98_osh,2023-04-15,20,3.798547334969044
98_osh,2023-04-15,30,3.310739479959011
98_osh,2023-04-15,40,3.758995346724987
98_osh,2023-04-15,50,3.976531282067299
98_osh,2023-04-16,5,5.437757514417172
98_osh,2023-04-16,10,5.062013626098633
98_osh,2023-04-16,15,4.12009035050869
98_osh,2023-04-16,20,3.791222892701626
98_osh,2023-04-16,30,3.3239234760403638
98_osh,2023-04-16,40,3.797814890742302
98_osh,2023-04-16,50,4.0197454914450645
98_osh,2023-04-17,5,5.045167408883572
98_osh,2023-04-17,10,5.026856303215027
98_osh,2023-04-17,15,4.096652135252953
98_osh,2023-04-17,20,3.74800868332386
98_osh,2023-04-17,30,3.3832514584064484
98_osh,2023-04-17,40,3.884243309497833
98_osh,2023-04-17,50,4.092989914119244
98_osh,2023-04-18,5,5.14258249104023
98_osh,2023-04-18,10,5.032715857028961
98_osh,2023-04-18,15,4.172093890607357
98_osh,2023-04-18,20,3.800744667649269
98_osh,2023-04-18,30,3.415479004383087
98_osh,2023-04-18,40,3.916470855474472
98_osh,2023-04-18,50,4.131809458136559
98_osh,2023-04-19,5,5.334482878446579
98_osh,2023-04-19,10,5.082522064447403
98_osh,2023-04-19,15,4.174291223287582
98_osh,2023-04-19,20,3.807336665689945
98_osh,2023-04-19,30,3.4345225542783737
98_osh,2023-04-19,40,3.936246849596501
98_osh,2023-04-19,50,4.158909894526005
98_osh,2023-04-20,5,5.540299706161022
98_osh,2023-04-20,10,5.170415371656418
98_osh,2023-04-20,15,4.21823787689209
98_osh,2023-04-20,20,3.822717994451523
98_osh,2023-04-20,30,3.405224785208702
98_osh,2023-04-20,40,3.905484192073345
98_osh,2023-04-20,50,4.141331233084202
98_osh,2023-04-21,5,5.538834817707539
98_osh,2023-04-21,10,5.376232199370861
98_osh,2023-04-21,15,4.245338313281536
98_osh,2023-04-21,20,3.808801554143429
98_osh,2023-04-21,30,3.416211448609829
98_osh,2023-04-21,40,3.913541078567505
98_osh,2023-04-21,50,4.152317896485329
98_osh,2023-04-22,5,5.385753974318504
98_osh,2023-04-22,10,5.340342432260513
98_osh,2023-04-22,15,4.326639622449875
98_osh,2023-04-22,20,3.850550875067711
98_osh,2023-04-22,30,3.446974106132984
98_osh,2023-04-22,40,3.930387295782566
98_osh,2023-04-22,50,4.17722100019455
98_osh,2023-04-23,5,5.394543305039406
98_osh,2023-04-23,10,5.336680211126804
98_osh,2023-04-23,15,4.372783608734608
98_osh,2023-04-23,20,3.884975753724575
98_osh,2023-04-23,30,3.489455871284008
98_osh,2023-04-23,40,3.963347285985946
98_osh,2023-04-23,50,4.222632542252541
98_osh,2023-04-24,5,5.53956726193428
98_osh,2023-04-24,10,5.454603731632233
98_osh,2023-04-24,15,4.446028031408787
98_osh,2023-04-24,20,3.9465010687708855
98_osh,2023-04-24,30,3.528275415301323
98_osh,2023-04-24,40,3.988250389695168
98_osh,2023-04-24,50,4.263649418950081
98_osh,2023-04-25,5,5.886013381183147
98_osh,2023-04-25,10,5.615009017288685
98_osh,2023-04-25,15,4.558091998100281
98_osh,2023-04-25,20,4.056367702782154
98_osh,2023-04-25,30,3.5326700806617737
98_osh,2023-04-25,40,3.967009507119656
98_osh,2023-04-25,50,4.25925475358963
98_osh,2023-04-26,5,6.119663089513779
98_osh,2023-04-26,10,5.668477445840836
98_osh,2023-04-26,15,4.592516876757145
98_osh,2023-04-26,20,4.124485015869141
98_osh,2023-04-26,30,3.493118092417717
98_osh,2023-04-26,40,3.9106113016605377
98_osh,2023-04-26,50,4.211645878851414
98_osh,2023-04-27,5,6.18558306992054
98_osh,2023-04-27,10,5.856715612113476
98_osh,2023-04-27,15,4.662099078297615
98_osh,2023-04-27,20,4.178685888648033
98_osh,2023-04-27,30,3.5502487421035767
98_osh,2023-04-27,40,3.9560228437185287
98_osh,2023-04-27,50,4.239478759467602
98_osh,2023-04-28,5,6.299111925065517
98_osh,2023-04-28,10,5.956328026950359
98_osh,2023-04-28,15,4.745597720146179
98_osh,2023-04-28,20,4.261452086269856
98_osh,2023-04-28,30,3.601519837975502
98_osh,2023-04-28,40,3.970671728253365
98_osh,2023-04-28,50,4.237281426787376
98_osh,2023-04-29,5,6.545213185250759
98_osh,2023-04-29,10,6.000274680554867
98_osh,2023-04-29,15,4.853267021477222
98_osh,2023-04-29,20,4.378643162548542
98_osh,2023-04-29,30,3.635212272405624
98_osh,2023-04-29,40,3.967009507119656
98_osh,2023-04-29,50,4.224829874932766
98_osh,2023-04-30,5,6.917294852435589
98_osh,2023-04-30,10,6.145298637449741
98_osh,2023-04-30,15,4.9477523267269135
98_osh,2023-04-30,20,4.466536469757557
98_osh,2023-04-30,30,3.677694037556648
98_osh,2023-04-30,40,3.99337749928236
98_osh,2023-04-30,50,4.249000534415245
98_osh,2023-05-01,5,7.066713474690914
98_osh,2023-05-01,10,6.339396357536316
98_osh,2023-05-01,15,5.019531860947609
98_osh,2023-05-01,20,4.5273293405771255
98_osh,2023-05-01,30,3.734092243015766
98_osh,2023-05-01,40,4.024140156805515
98_osh,2023-05-01,50,4.276100970804691
98_osh,2023-05-02,5,7.23664053529501
98_osh,2023-05-02,10,6.384807899594307
98_osh,2023-05-02,15,5.0737327337265015
98_osh,2023-05-02,20,4.591784432530403
98_osh,2023-05-02,30,3.7846308946609497
98_osh,2023-05-02,40,4.052705481648445
98_osh,2023-05-02,50,4.299539186060429
98_osh,2023-05-03,5,7.509842231869698
98_osh,2023-05-03,10,6.5334940776228905
98_osh,2023-05-03,15,5.18359936773777
98_osh,2023-05-03,20,4.69286173582077
98_osh,2023-05-03,30,3.831507325172424
98_osh,2023-05-03,40,4.084933027625084
98_osh,2023-05-03,50,4.334696508944035
98_osh,2023-05-04,5,7.64973907917738
98_osh,2023-05-04,10,6.7085482478141785
98_osh,2023-05-04,15,5.292001113295555
98_osh,2023-05-04,20,4.78661459684372
98_osh,2023-05-04,30,3.8549455404281616
98_osh,2023-05-04,40,4.1039765775203705
98_osh,2023-05-04,50,4.372783608734608
98_osh,2023-05-05,5,7.734702609479427
98_osh,2023-05-05,10,6.778130449354649
98_osh,2023-05-05,15,5.352793984115124
98_osh,2023-05-05,20,4.8496048003435135
98_osh,2023-05-05,30,3.871059313416481
98_osh,2023-05-05,40,4.122287683188915
98_osh,2023-05-05,50,4.410138264298439
98_osh,2023-05-06,5,7.727378167212009
98_osh,2023-05-06,10,6.726126909255981
98_osh,2023-05-06,15,5.368907757103443
98_osh,2023-05-06,20,4.887691900134087
98_osh,2023-05-06,30,3.8761864230036736
98_osh,2023-05-06,40,4.139866344630718
98_osh,2023-05-06,50,4.446028031408787
98_osh,2023-05-07,5,7.855555906891823
98_osh,2023-05-07,10,6.795709110796452
98_osh,2023-05-07,15,5.442152179777622
98_osh,2023-05-07,20,4.962401211261749
98_osh,2023-05-07,30,3.882045976817608
98_osh,2023-05-07,40,4.1493881195783615
98_osh,2023-05-07,50,4.467268913984299
98_osh,2023-05-08,5,8.027680300176144
98_osh,2023-05-08,10,6.887997083365917
98_osh,2023-05-08,15,5.488296166062355
98_osh,2023-05-08,20,4.998290978372097
98_osh,2023-05-08,30,3.8761864230036736
98_osh,2023-05-08,40,4.144993454217911
98_osh,2023-05-08,50,4.4680013582110405
98_osh,2023-05-09,5,8.21811579912901
98_osh,2023-05-09,10,7.024964153766632
98_osh,2023-05-09,15,5.507339715957642
98_osh,2023-05-09,20,4.989501647651196
98_osh,2023-05-09,30,3.865932203829289
98_osh,2023-05-09,40,4.135471679270268
98_osh,2023-05-09,50,4.451155140995979
98_osh,2023-05-10,5,8.25547045469284
98_osh,2023-05-10,10,7.109195239841938
98_osh,2023-05-10,15,5.562273032963276
98_osh,2023-05-10,20,5.027588747441769
98_osh,2023-05-10,30,3.857875317335129
98_osh,2023-05-10,40,4.092257469892502
98_osh,2023-05-10,50,4.392559602856636
98_osh,2023-05-11,5,8.50450149178505
98_osh,2023-05-11,10,7.2652058601379395
98_osh,2023-05-11,15,5.68678855150938
98_osh,2023-05-11,20,5.12646871805191
98_osh,2023-05-11,30,3.86226998269558
98_osh,2023-05-11,40,4.080538362264633
98_osh,2023-05-11,50,4.380840495228767
98_osh,2023-05-12,5,8.634876564145088
98_osh,2023-05-12,10,7.522293783724308
98_osh,2023-05-12,15,5.880153827369213
98_osh,2023-05-12,20,5.282479338347912
98_osh,2023-05-12,30,3.8725242018699646
98_osh,2023-05-12,40,4.073213919997215
98_osh,2023-05-12,50,4.387432493269444
98_osh,2023-05-13,5,8.807000957429409
98_osh,2023-05-13,10,7.753013715147972
98_osh,2023-05-13,15,6.063264884054661
98_osh,2023-05-13,20,5.430433072149754
98_osh,2023-05-13,30,3.889370419085026
98_osh,2023-05-13,40,4.057832591235638
98_osh,2023-05-13,50,4.38596760481596
98_osh,2023-05-14,5,9.034791111946106
98_osh,2023-05-14,10,7.980803869664669
98_osh,2023-05-14,15,6.286660373210907
98_osh,2023-05-14,20,5.623798348009586
98_osh,2023-05-14,30,3.914273522794247
98_osh,2023-05-14,40,4.024140156805515
98_osh,2023-05-14,50,4.356669835746288
98_osh,2023-05-15,5,9.295541256666183
98_osh,2023-05-15,10,8.188818030059338
98_osh,2023-05-15,15,6.514450527727604
98_osh,2023-05-15,20,5.83400984108448
98_osh,2023-05-15,30,3.940641514956951
98_osh,2023-05-15,40,3.970671728253365
98_osh,2023-05-15,50,4.292214743793011
98_osh,2023-05-16,5,9.622943826019764
98_osh,2023-05-16,10,8.456160172820091
98_osh,2023-05-16,15,6.739310905337334
98_osh,2023-05-16,20,6.034699559211731
98_osh,2023-05-16,30,3.970671728253365
98_osh,2023-05-16,40,3.9106113016605377
98_osh,2023-05-16,50,4.199926771223545
98_osh,2023-05-17,5,10.011139266192911
98_osh,2023-05-17,10,8.785760074853897
98_osh,2023-05-17,15,6.993469052016735
98_osh,2023-05-17,20,6.254432827234268
98_osh,2023-05-17,30,4.0197454914450645
98_osh,2023-05-17,40,3.8732566460967055
98_osh,2023-05-17,50,4.1325419023633
98_osh,2023-05-18,5,10.294595181941986
98_osh,2023-05-18,10,8.935178697109222
98_osh,2023-05-18,15,7.048402369022369
98_osh,2023-05-18,20,6.277138598263264
98_osh,2023-05-18,30,4.035126820206642
98_osh,2023-05-18,40,3.898892194032669
98_osh,2023-05-18,50,4.164037004113197
98_osh,2023-05-19,5,10.367107160389423
98_osh,2023-05-19,10,8.927121810615063
98_osh,2023-05-19,15,7.019104599952698
98_osh,2023-05-19,20,6.244911052286625
98_osh,2023-05-19,30,4.0512405931949615
98_osh,2023-05-19,40,3.9318521842360497
98_osh,2023-05-19,50,4.210913434624672
98_osh,2023-05-20,5,10.630054637789726
98_osh,2023-05-20,10,9.031128890812395
98_osh,2023-05-20,15,7.101138353347778
98_osh,2023-05-20,20,6.325479917228222
98_osh,2023-05-20,30,4.106173910200596
98_osh,2023-05-20,40,3.947965957224369
98_osh,2023-05-20,50,4.221167653799057
98_osh,2023-05-21,5,10.875423453748226
98_osh,2023-05-21,10,9.321176804602146
98_osh,2023-05-21,15,7.2578814178705215
98_osh,2023-05-21,20,6.477828316390514
98_osh,2023-05-21,30,4.180150777101517
98_osh,2023-05-21,40,3.9421064034104343
98_osh,2023-05-21,50,4.183080554008484
98_osh,2023-05-22,5,11.11053805053234
98_osh,2023-05-22,10,9.380504786968231
98_osh,2023-05-22,15,7.21246987581253
98_osh,2023-05-22,20,6.420697666704655
98_osh,2023-05-22,30,4.188207663595676
98_osh,2023-05-22,40,3.9648121744394302
98_osh,2023-05-22,50,4.193334773182869
98_osh,2023-05-23,5,11.15155492722988
98_osh,2023-05-23,10,9.39661855995655
98_osh,2023-05-23,15,7.173650331795216
98_osh,2023-05-23,20,6.368694126605988
98_osh,2023-05-23,30,4.191137440502644
98_osh,2023-05-23,40,3.9985046088695526
98_osh,2023-05-23,50,4.2306894287467
98_osh,2023-05-24,5,11.192571803927422
98_osh,2023-05-24,10,9.33509324491024
98_osh,2023-05-24,15,7.036683261394501
98_osh,2023-05-24,20,6.220007948577404
98_osh,2023-05-24,30,4.169896557927132
98_osh,2023-05-24,40,4.043916150927544
98_osh,2023-05-24,50,4.2753685265779495
98_osh,2023-05-25,5,11.267281115055084
98_osh,2023-05-25,10,9.33875546604395
98_osh,2023-05-25,15,7.008850380778313
98_osh,2023-05-25,20,6.17752618342638
98_osh,2023-05-25,30,4.207251213490963
98_osh,2023-05-25,40,4.0724814757704735
98_osh,2023-05-25,50,4.282692968845367
98_osh,2023-05-26,5,11.256294451653956
98_osh,2023-05-26,10,9.403943002223969
98_osh,2023-05-26,15,7.120914347469807
98_osh,2023-05-26,20,6.266151934862137
98_osh,2023-05-26,30,4.281228080391884
98_osh,2023-05-26,40,4.085665471851826
98_osh,2023-05-26,50,4.266579195857048
98_osh,2023-05-27,5,11.303903326392174
98_osh,2023-05-27,10,9.496230974793434
98_osh,2023-05-27,15,7.248359642922878
98_osh,2023-05-27,20,6.373088791966438
98_osh,2023-05-27,30,4.348612949252129
98_osh,2023-05-27,40,4.106173910200596
98_osh,2023-05-27,50,4.265846751630306
98_osh,2023-05-28,5,11.270210891962051
98_osh,2023-05-28,10,9.536515407264233
98_osh,2023-05-28,15,7.380199603736401
98_osh,2023-05-28,20,6.5019989758729935
98_osh,2023-05-28,30,4.421124927699566
98_osh,2023-05-28,40,4.123752571642399
98_osh,2023-05-28,50,4.268044084310532
98_osh,2023-05-29,5,11.256294451653956
98_osh,2023-05-29,10,9.512344747781754
98_osh,2023-05-29,15,7.416089370846748
98_osh,2023-05-29,20,6.543015852570534
98_osh,2023-05-29,30,4.456282250583172
98_osh,2023-05-29,40,4.156712561845779
98_osh,2023-05-29,50,4.323709845542908
98_osh,2023-05-30,5,11.346385091543198
98_osh,2023-05-30,10,9.484511867165564
98_osh,2023-05-30,15,7.394116044044495
98_osh,2023-05-30,20,6.523239858448505
98_osh,2023-05-30,30,4.465071581304073
98_osh,2023-05-30,40,4.205786325037479
98_osh,2023-05-30,50,4.423322260379791
98_osh,2023-05-31,5,11.393993966281414
98_osh,2023-05-31,10,9.516006968915462
98_osh,2023-05-31,15,7.393383599817753
98_osh,2023-05-31,20,6.52104252576828
98_osh,2023-05-31,30,4.509018234908581
98_osh,2023-05-31,40,4.264381863176823
98_osh,2023-05-31,50,4.515610232949257
98_osh,2023-06-01,5,11.480422385036944
98_osh,2023-06-01,10,9.639057599008083
98_osh,2023-06-01,15,7.465163134038448
98_osh,2023-06-01,20,6.577440731227398
98_osh,2023-06-01,30,4.617419980466366
98_osh,2023-06-01,40,4.339091174304485
98_osh,2023-06-01,50,4.5764031037688255
98_osh,2023-06-02,5,11.57197791337967
98_osh,2023-06-02,10,9.736472681164742
98_osh,2023-06-02,15,7.599200427532196
98_osh,2023-06-02,20,6.7085482478141785
98_osh,2023-06-02,30,4.75804927200079
98_osh,2023-06-02,40,4.404278710484505
98_osh,2023-06-02,50,4.5939817652106285
98_osh,2023-06-03,5,11.613727234303951
98_osh,2023-06-03,10,9.6375927105546
98_osh,2023-06-03,15,7.544999554753303
98_osh,2023-06-03,20,6.68877225369215
98_osh,2023-06-03,30,4.83568836003542
98_osh,2023-06-03,40,4.481185354292393
98_osh,2023-06-03,50,4.64378797262907
98_osh,2023-06-04,5,11.816614285111427
98_osh,2023-06-04,10,9.681539364159107
98_osh,2023-06-04,15,7.552323997020721
98_osh,2023-06-04,20,6.711478024721146
98_osh,2023-06-04,30,4.919187001883984
98_osh,2023-06-04,40,4.562486663460732
98_osh,2023-06-04,50,4.714102618396282
98_osh,2023-06-05,5,11.832728058099748
98_osh,2023-06-05,10,9.73207801580429
98_osh,2023-06-05,15,7.550859108567238
98_osh,2023-06-05,20,6.71733757853508
98_osh,2023-06-05,30,5.004150532186031
98_osh,2023-06-05,40,4.644520416855812
98_osh,2023-06-05,50,4.795403927564621
98_osh,2023-06-06,5,12.016571559011936
98_osh,2023-06-06,10,9.914456628262997
98_osh,2023-06-06,15,7.710531949996948
98_osh,2023-06-06,20,6.877742864191532
98_osh,2023-06-06,30,5.135258048772812
98_osh,2023-06-06,40,4.720694616436958
98_osh,2023-06-06,50,4.8496048003435135
98_osh,2023-06-07,5,12.159398183226584
98_osh,2023-06-07,10,10.055818364024162
98_osh,2023-06-07,15,7.860683016479015
98_osh,2023-06-07,20,7.041077926754952
98_osh,2023-06-07,30,5.259041123092175
98_osh,2023-06-07,40,4.797601260244846
98_osh,2023-06-07,50,4.896481230854988
98_osh,2023-06-08,5,12.310281693935394
98_osh,2023-06-08,10,10.175206772983074
98_osh,2023-06-08,15,8.002044752240181
98_osh,2023-06-08,20,7.205877877771854
98_osh,2023-06-08,30,5.395275749266148
98_osh,2023-06-08,40,4.889889232814312
98_osh,2023-06-08,50,4.941892772912979
98_osh,2023-06-09,5,13.381115153431892
98_osh,2023-06-09,10,10.802179031074049
98_osh,2023-06-09,15,8.44737084209919
98_osh,2023-06-09,20,7.657795965671539
98_osh,2023-06-09,30,5.635517455637455
98_osh,2023-06-09,40,5.006347864866257
98_osh,2023-06-09,50,4.963133655488491
98_osh,2023-06-10,5,13.79348125308752
98_osh,2023-06-10,10,11.644489891827106
98_osh,2023-06-10,15,8.789422295987606
98_osh,2023-06-10,20,7.974944315850735
98_osh,2023-06-10,30,5.841334283351898
98_osh,2023-06-10,40,5.14258249104023
98_osh,2023-06-10,50,5.005615420639515
98_osh,2023-06-11,5,13.921658992767334
98_osh,2023-06-11,10,12.453840762376784
98_osh,2023-06-11,15,9.35120701789856
98_osh,2023-06-11,20,8.421002849936485
98_osh,2023-06-11,30,6.094027541577816
98_osh,2023-06-11,40,5.297128222882748
98_osh,2023-06-11,50,5.090578950941563
98_osh,2023-06-12,5,14.062288284301758
98_osh,2023-06-12,10,12.85668508708477
98_osh,2023-06-12,15,9.828760653734207
98_osh,2023-06-12,20,8.779168076813221
98_osh,2023-06-12,30,6.278603486716747
98_osh,2023-06-12,40,5.427503295242786
98_osh,2023-06-12,50,5.196783363819122
98_osh,2023-06-13,5,14.199987798929214
98_osh,2023-06-13,10,13.142338335514069
98_osh,2023-06-13,15,10.407391592860222
98_osh,2023-06-13,20,9.290414147078993
98_osh,2023-06-13,30,6.564256735146046
98_osh,2023-06-13,40,5.58864102512598
98_osh,2023-06-13,50,5.321298882365227
98_osh,2023-06-14,5,14.197058022022247
98_osh,2023-06-14,10,13.259529411792755
98_osh,2023-06-14,15,10.699636839330196
98_osh,2023-06-14,20,9.53138829767704
98_osh,2023-06-14,30,6.693899363279343
98_osh,2023-06-14,40,5.66188544780016
98_osh,2023-06-14,50,5.395275749266148
98_osh,2023-06-15,5,14.220496237277985
98_osh,2023-06-15,10,13.219977423548698
98_osh,2023-06-15,15,10.650563076138496
98_osh,2023-06-15,20,9.463270984590054
98_osh,2023-06-15,30,6.62724693864584
98_osh,2023-06-15,40,5.613544128835201
98_osh,2023-06-15,50,5.37183753401041
98_osh,2023-06-16,5,14.33329264819622
98_osh,2023-06-16,10,13.137211225926876
98_osh,2023-06-16,15,10.449873358011246
98_osh,2023-06-16,20,9.260383933782578
98_osh,2023-06-16,30,6.497604310512543
98_osh,2023-06-16,40,5.538834817707539
98_osh,2023-06-16,50,5.326425991952419
98_osh,2023-06-17,5,14.727347642183304
98_osh,2023-06-17,10,12.92187262326479
98_osh,2023-06-17,15,9.99356060475111
98_osh,2023-06-17,20,8.842890724539757
98_osh,2023-06-17,30,6.307901255786419
98_osh,2023-06-17,40,5.448744177818298
98_osh,2023-06-17,50,5.278817117214203
98_osh,2023-06-18,5,14.715628534555435
98_osh,2023-06-18,10,12.530747406184672
98_osh,2023-06-18,15,9.480117201805117
98_osh,2023-06-18,20,8.384380638599396
98_osh,2023-06-18,30,6.091830208897591
98_osh,2023-06-18,40,5.349131762981415
98_osh,2023-06-18,50,5.233405575156212
98_osh,2023-06-19,5,14.46806238591671
98_osh,2023-06-19,10,12.043671995401382
98_osh,2023-06-19,15,8.928586699068546
98_osh,2023-06-19,20,7.883388787508011
98_osh,2023-06-19,30,5.831812508404255
98_osh,2023-06-19,40,5.242927350103855
98_osh,2023-06-19,50,5.198248252272606
98_osh,2023-06-20,5,14.285683773458004
98_osh,2023-06-20,10,11.599078349769115
98_osh,2023-06-20,15,8.408551298081875
98_osh,2023-06-20,20,7.405835151672363
98_osh,2023-06-20,30,5.611346796154976
98_osh,2023-06-20,40,5.163090929389
98_osh,2023-06-20,50,5.172612704336643
98_osh,2023-06-21,5,14.232215344905851
98_osh,2023-06-21,10,11.39252907782793
98_osh,2023-06-21,15,8.152195818722248
98_osh,2023-06-21,20,7.147282339632511
98_osh,2023-06-21,30,5.511734381318092
98_osh,2023-06-21,40,5.125736273825169
98_osh,2023-06-21,50,5.156498931348324
98_osh,2023-06-22,5,14.560350358486176
98_osh,2023-06-22,10,11.534623257815838
98_osh,2023-06-22,15,8.403424188494682
98_osh,2023-06-22,20,7.3736076056957245
98_osh,2023-06-22,30,5.676534332334995
98_osh,2023-06-22,40,5.201178029179573
98_osh,2023-06-22,50,5.1960509195923805
98_osh,2023-06-23,5,15.116275526583197
98_osh,2023-06-23,10,11.812952063977718
98_osh,2023-06-23,15,8.706656098365784
98_osh,2023-06-23,20,7.6885586231946945
98_osh,2023-06-23,30,5.893337823450565
98_osh,2023-06-23,40,5.3103122189641
98_osh,2023-06-23,50,5.247322015464306
98_osh,2023-06-24,5,15.438550986349584
98_osh,2023-06-24,10,12.194555506110191
98_osh,2023-06-24,15,8.932248920202255
98_osh,2023-06-24,20,7.941251881420612
98_osh,2023-06-24,30,6.088167987763882
98_osh,2023-06-24,40,5.4201788529753685
98_osh,2023-06-24,50,5.311777107417584
98_osh,2023-06-25,5,15.56892605870962
98_osh,2023-06-25,10,12.457502983510494
98_osh,2023-06-25,15,9.063356436789036
98_osh,2023-06-25,20,8.094332724809647
98_osh,2023-06-25,30,6.243446163833141
98_osh,2023-06-25,40,5.51466415822506
98_osh,2023-06-25,50,5.382824197411537
98_osh,2023-06-26,5,15.667806029319763
98_osh,2023-06-26,10,12.740226455032824
98_osh,2023-06-26,15,9.31019014120102
98_osh,2023-06-26,20,8.339701540768147
98_osh,2023-06-26,30,6.444135881960392
98_osh,2023-06-26,40,5.631855234503746
98_osh,2023-06-26,50,5.458998396992683
98_osh,2023-06-27,5,15.963713496923448
98_osh,2023-06-27,10,13.307870730757712
98_osh,2023-06-27,15,9.79287088662386
98_osh,2023-06-27,20,8.765251636505127
98_osh,2023-06-27,30,6.699758917093277
98_osh,2023-06-27,40,5.782006300985813
98_osh,2023-06-27,50,5.54762414842844
98_osh,2023-06-28,5,16.373149819672108
98_osh,2023-06-28,10,13.797875918447971
98_osh,2023-06-28,15,10.221350759267809
98_osh,2023-06-28,20,9.13000886142254
98_osh,2023-06-28,30,6.885799750685692
98_osh,2023-06-28,40,5.888943158090115
98_osh,2023-06-28,50,5.618671238422394
98_osh,2023-06-29,5,16.56651509553194
98_osh,2023-06-29,10,14.024933628737926
98_osh,2023-06-29,15,10.482833348214626
98_osh,2023-06-29,20,9.369518123567104
98_osh,2023-06-29,30,6.994201496243477
98_osh,2023-06-29,40,5.935087144374847
98_osh,2023-06-29,50,5.651631228625774
98_osh,2023-06-30,5,16.626575522124767
98_osh,2023-06-30,10,14.195593133568764
98_osh,2023-06-30,15,10.753105267882349
98_osh,2023-06-30,20,9.624408714473248
98_osh,2023-06-30,30,7.096743687987328
98_osh,2023-06-30,40,5.969512023031712
98_osh,2023-06-30,50,5.67433699965477
98_osh,2023-07-01,5,16.573107093572617
98_osh,2023-07-01,10,13.942899875342846
98_osh,2023-07-01,15,10.595629759132862
98_osh,2023-07-01,20,9.530655853450298
98_osh,2023-07-01,30,7.071108140051365
98_osh,2023-07-01,40,5.947538696229458
98_osh,2023-07-01,50,5.68239388614893
98_osh,2023-07-02,5,16.494003117084503
98_osh,2023-07-02,10,13.83376568555832
98_osh,2023-07-02,15,10.59050264954567
98_osh,2023-07-02,20,9.55555895715952
98_osh,2023-07-02,30,7.106265462934971
98_osh,2023-07-02,40,5.95266580581665
98_osh,2023-07-02,50,5.699240103363991
98_osh,2023-07-03,5,16.359233379364014
98_osh,2023-07-03,10,13.775902591645718
98_osh,2023-07-03,15,10.634449303150175
98_osh,2023-07-03,20,9.5885189473629
98_osh,2023-07-03,30,7.115054793655872
98_osh,2023-07-03,40,5.95266580581665
98_osh,2023-07-03,50,5.716086320579052
98_osh,2023-07-04,5,16.245704524219036
98_osh,2023-07-04,10,13.693868838250635
98_osh,2023-07-04,15,10.674733735620975
98_osh,2023-07-04,20,9.622211381793022
98_osh,2023-07-04,30,7.15094456076622
98_osh,2023-07-04,40,5.972441799938679
98_osh,2023-07-04,50,5.740989424288273
98_osh,2023-07-05,5,16.43540757894516
98_osh,2023-07-05,10,13.95242165029049
98_osh,2023-07-05,15,11.021912299096584
98_osh,2023-07-05,20,9.92837306857109
98_osh,2023-07-05,30,7.309152513742447
98_osh,2023-07-05,40,6.048615999519825
98_osh,2023-07-05,50,5.783471189439297
98_osh,2023-07-06,5,17.631489001214504
98_osh,2023-07-06,10,14.335489980876446
98_osh,2023-07-06,15,11.383739747107027
98_osh,2023-07-06,20,10.249916084110737
98_osh,2023-07-06,30,7.435865364968777
98_osh,2023-07-06,40,6.118198201060295
98_osh,2023-07-06,50,5.816431179642677
98_osh,2023-07-07,5,17.687887206673622
98_osh,2023-07-07,10,14.596972569823263
98_osh,2023-07-07,15,11.623249009251596
98_osh,2023-07-07,20,10.490157790482044
98_osh,2023-07-07,30,7.569170214235783
98_osh,2023-07-07,40,6.19803462177515
98_osh,2023-07-07,50,5.857448056340218
98_osh,2023-07-08,5,17.489394821226597
98_osh,2023-07-08,10,14.77861873805523
98_osh,2023-07-08,15,11.757286302745342
98_osh,2023-07-08,20,10.61101108789444
98_osh,2023-07-08,30,7.587481319904327
98_osh,2023-07-08,40,6.214880838990212
98_osh,2023-07-08,50,5.880153827369213
98_osh,2023-07-09,5,17.517960146069527
98_osh,2023-07-09,10,15.12286752462387
98_osh,2023-07-09,15,12.094943091273308
98_osh,2023-07-09,20,10.955992318689823
98_osh,2023-07-09,30,7.7654652670025826
98_osh,2023-07-09,40,6.31229592114687
98_osh,2023-07-09,50,5.938016921281815
98_osh,2023-07-10,5,17.76479385048151
98_osh,2023-07-10,10,15.49861141294241
98_osh,2023-07-10,15,12.364482566714289
98_osh,2023-07-10,20,11.185247361660004
98_osh,2023-07-10,30,7.831385247409344
98_osh,2023-07-10,40,6.342326134443283
98_osh,2023-07-10,50,5.950468473136425
98_osh,2023-07-11,5,17.888576924800873
98_osh,2023-07-11,10,15.623859375715256
98_osh,2023-07-11,15,12.453840762376784
98_osh,2023-07-11,20,11.251899786293508
98_osh,2023-07-11,30,7.821131028234959
98_osh,2023-07-11,40,6.326212361454964
98_osh,2023-07-11,50,5.932889811694622
98_osh,2023-07-12,5,17.930326245725155
98_osh,2023-07-12,10,15.673665583133698
98_osh,2023-07-12,15,12.50511185824871
98_osh,2023-07-12,20,11.301705993711948
98_osh,2023-07-12,30,7.849696353077888
98_osh,2023-07-12,40,6.3445234671235085
98_osh,2023-07-12,50,5.941679142415524
98_osh,2023-07-13,5,18.07168798148632
98_osh,2023-07-13,10,15.528641626238825
98_osh,2023-07-13,15,12.384991005063055
98_osh,2023-07-13,20,11.186712250113487
98_osh,2023-07-13,30,7.837244801223278
98_osh,2023-07-13,40,6.3547776862978935
98_osh,2023-07-13,50,5.96072269231081
98_osh,2023-07-14,5,17.847560048103333
98_osh,2023-07-14,10,15.434888765215874
98_osh,2023-07-14,15,12.382793672382832
98_osh,2023-07-14,20,11.177922919392586
98_osh,2023-07-14,30,7.860683016479015
98_osh,2023-07-14,40,6.3760185688734055
98_osh,2023-07-14,50,5.982696019113064
98_osh,2023-07-15,5,18.1046479716897
98_osh,2023-07-15,10,15.77694021910429
98_osh,2023-07-15,15,12.810541100800036
98_osh,2023-07-15,20,11.599078349769115
98_osh,2023-07-15,30,8.033539853990078
98_osh,2023-07-15,40,6.455122545361519
98_osh,2023-07-15,50,6.018585786223412
98_osh,2023-07-16,5,18.151524402201176
98_osh,2023-07-16,10,15.982024602591991
98_osh,2023-07-16,15,12.941648617386818
98_osh,2023-07-16,20,11.728720977902412
98_osh,2023-07-16,30,8.12436293810606
98_osh,2023-07-16,40,6.515182971954346
98_osh,2023-07-16,50,6.055207997560501
98_osh,2023-07-17,5,18.13760796189308
98_osh,2023-07-17,10,16.05453658103943
98_osh,2023-07-17,15,12.996581934392452
98_osh,2023-07-17,20,11.78145696222782
98_osh,2023-07-17,30,8.169774480164051
98_osh,2023-07-17,40,6.548875406384468
98_osh,2023-07-17,50,6.088900431990624
98_osh,2023-07-18,5,18.203527942299843
98_osh,2023-07-18,10,16.244239635765553
98_osh,2023-07-18,15,13.236091196537018
98_osh,2023-07-18,20,12.03415022045374
98_osh,2023-07-18,30,8.380718417465687
98_osh,2023-07-18,40,6.698294028639793
98_osh,2023-07-18,50,6.205359064042568
98_osh,2023-07-19,5,18.4481643140316
98_osh,2023-07-19,10,16.69689016789198
98_osh,2023-07-19,15,13.706320390105247
98_osh,2023-07-19,20,12.458967871963978
98_osh,2023-07-19,30,8.58653524518013
98_osh,2023-07-19,40,6.82354199141264
98_osh,2023-07-19,50,6.302774146199226
98_osh,2023-07-20,5,18.670094914734364
98_osh,2023-07-20,10,16.981078527867794
98_osh,2023-07-20,15,14.078402057290075
98_osh,2023-07-20,20,12.817865543067455
98_osh,2023-07-20,30,8.821649841964245
98_osh,2023-07-20,40,6.948789954185486
98_osh,2023-07-20,50,6.376751013100147
98_osh,2023-07-21,5,18.989440597593784
98_osh,2023-07-21,10,17.301156654953957
98_osh,2023-07-21,15,14.500289931893349
98_osh,2023-07-21,20,13.262459188699722
98_osh,2023-07-21,30,9.160039074718952
98_osh,2023-07-21,40,7.119449459016323
98_osh,2023-07-21,50,6.460982099175453
98_osh,2023-07-22,5,19.33808404952288
98_osh,2023-07-22,10,17.643940553069115
98_osh,2023-07-22,15,14.96246223896742
98_osh,2023-07-22,20,13.75173193216324
98_osh,2023-07-22,30,9.549699403345585
98_osh,2023-07-22,40,7.321604065597057
98_osh,2023-07-22,50,6.569383844733238
98_osh,2023-07-23,5,19.743125706911087
98_osh,2023-07-23,10,18.074617758393288
98_osh,2023-07-23,15,15.434888765215874
98_osh,2023-07-23,20,14.213171795010568
98_osh,2023-07-23,30,9.877834416925907
98_osh,2023-07-23,40,7.468825355172157
98_osh,2023-07-23,50,6.658009596168995
98_osh,2023-07-24,5,20.082247383892536
98_osh,2023-07-24,10,18.429120764136314
98_osh,2023-07-24,15,15.698568686842918
98_osh,2023-07-24,20,14.435834839940073
98_osh,2023-07-24,30,9.9898983836174
98_osh,2023-07-24,40,7.484206683933735
98_osh,2023-07-24,50,6.679250478744507
98_osh,2023-07-25,5,20.282937102019787
98_osh,2023-07-25,10,18.53459273278713
98_osh,2023-07-25,15,15.664143808186054
98_osh,2023-07-25,20,14.379436634480951
98_osh,2023-07-25,30,9.918851293623447
98_osh,2023-07-25,40,7.421216480433941
98_osh,2023-07-25,50,6.666798926889896
98_osh,2023-07-26,5,20.250709556043148
98_osh,2023-07-26,10,18.40275277197361
98_osh,2023-07-26,15,15.447340317070484
98_osh,2023-07-26,20,14.152378924190998
98_osh,2023-07-26,30,9.769432671368122
98_osh,2023-07-26,40,7.342844948172569
98_osh,2023-07-26,50,6.637501157820225
98_osh,2023-07-27,5,19.983367413282394
98_osh,2023-07-27,10,18.02700888365507
98_osh,2023-07-27,15,14.9954222291708
98_osh,2023-07-27,20,13.672627955675123
98_osh,2023-07-27,30,9.49842830747366
98_osh,2023-07-27,40,7.216864541172981
98_osh,2023-07-27,50,6.558397181332111
98_osh,2023-07-28,5,19.65449995547533
98_osh,2023-07-28,10,17.60878323018551
98_osh,2023-07-28,15,14.53324992209673
98_osh,2023-07-28,20,13.157719664275646
98_osh,2023-07-28,30,9.25745415687561
98_osh,2023-07-28,40,7.109195239841938
98_osh,2023-07-28,50,6.477828316390514
98_osh,2023-07-29,5,19.382030703127384
98_osh,2023-07-29,10,17.252082891762257
98_osh,2023-07-29,15,14.113559380173683
98_osh,2023-07-29,20,12.67284158617258
98_osh,2023-07-29,30,9.067751102149488
98_osh,2023-07-29,40,7.026429042220116
98_osh,2023-07-29,50,6.416303001344204
98_osh,2023-07-30,5,19.161564990878105
98_osh,2023-07-30,10,16.927610099315643
98_osh,2023-07-30,15,13.720969274640083
98_osh,2023-07-30,20,12.253151044249536
98_osh,2023-07-30,30,8.935911141335964
98_osh,2023-07-30,40,6.968565948307514
98_osh,2023-07-30,50,6.381145678460598
98_osh,2023-07-31,5,18.947691276669502
98_osh,2023-07-31,10,16.48887600749731
98_osh,2023-07-31,15,13.256599634885788
98_osh,2023-07-31,20,11.859096050262451
98_osh,2023-07-31,30,8.810663178563118
98_osh,2023-07-31,40,6.912167742848396
98_osh,2023-07-31,50,6.362834572792053
98_osh,2023-08-01,5,18.9389019459486
98_osh,2023-08-01,10,16.224463641643524
98_osh,2023-08-01,15,13.027344591915607
98_osh,2023-08-01,20,11.708944983780384
98_osh,2023-08-01,30,8.760856971144676
98_osh,2023-08-01,40,6.884334862232208
98_osh,2023-08-01,50,6.371623903512955
98_osh,2023-08-02,5,19.10663167387247
98_osh,2023-08-02,10,16.102877900004387
98_osh,2023-08-02,15,12.902829073369505
98_osh,2023-08-02,20,11.659871220588684
98_osh,2023-08-02,30,8.804803624749184
98_osh,2023-08-02,40,6.937070846557617
98_osh,2023-08-02,50,6.434614107012749
98_osh,2023-08-03,5,19.27143162488937
98_osh,2023-08-03,10,16.03402814269066
98_osh,2023-08-03,15,12.81566821038723
98_osh,2023-08-03,20,11.624713897705078
98_osh,2023-08-03,30,8.796014294028282
98_osh,2023-08-03,40,6.951719731092453
98_osh,2023-08-03,50,6.485152758657932
98_osh,2023-08-04,5,19.262642294168472
98_osh,2023-08-04,10,15.945402391254902
98_osh,2023-08-04,15,12.76219978183508
98_osh,2023-08-04,20,11.623981453478336
98_osh,2023-08-04,30,8.828241840004921
98_osh,2023-08-04,40,7.002258382737637
98_osh,2023-08-04,50,6.556199848651886
98_osh,2023-08-05,5,19.227484971284863
98_osh,2023-08-05,10,15.913907289505005
98_osh,2023-08-05,15,12.79149755090475
98_osh,2023-08-05,20,11.705282762646677
98_osh,2023-08-05,30,8.888302266597748
98_osh,2023-08-05,40,7.067445918917656
98_osh,2023-08-05,50,6.623584717512131
98_osh,2023-08-06,5,19.25824762880802
98_osh,2023-08-06,10,15.87948241084814
98_osh,2023-08-06,15,12.795892216265202
98_osh,2023-08-06,20,11.765343189239502
98_osh,2023-08-06,30,8.921262256801128
98_osh,2023-08-06,40,7.125309012830257
98_osh,2023-08-06,50,6.684377588331699
98_osh,2023-08-07,5,19.74019593000412
98_osh,2023-08-07,10,16.18564409762621
98_osh,2023-08-07,15,13.031739257276058
98_osh,2023-08-07,20,12.037079997360706
98_osh,2023-08-07,30,9.095583982765676
98_osh,2023-08-07,40,7.283516965806484
98_osh,2023-08-07,50,6.80742821842432
98_osh,2023-08-08,5,21.22998748719692
98_osh,2023-08-08,10,17.595599234104156
98_osh,2023-08-08,15,13.937040321528912
98_osh,2023-08-08,20,12.888912633061407
98_osh,2023-08-08,30,9.650776706635952
98_osh,2023-08-08,40,7.736899942159653
98_osh,2023-08-08,50,7.13849300891161
98_osh,2023-08-09,5,22.07156590372324
98_osh,2023-08-09,10,19.758507035672665
98_osh,2023-08-09,15,15.869228191673756
98_osh,2023-08-09,20,14.458540610969068
98_osh,2023-08-09,30,10.43522447347641
98_osh,2023-08-09,40,8.305276662111282
98_osh,2023-08-09,50,7.562578216195106
98_osh,2023-08-10,5,22.05105746537447
98_osh,2023-08-10,10,20.638172551989555
98_osh,2023-08-10,15,17.44544816762209
98_osh,2023-08-10,20,15.949797056615353
98_osh,2023-08-10,30,11.33539842814207
98_osh,2023-08-10,40,8.737418755888939
98_osh,2023-08-10,50,7.812341697514057
98_osh,2023-08-11,5,22.37260048091412
98_osh,2023-08-11,10,21.299569688737392
98_osh,2023-08-11,15,18.657643362879757
98_osh,2023-08-11,20,17.099002048373222
98_osh,2023-08-11,30,12.373271897435188
98_osh,2023-08-11,40,9.266975931823254
98_osh,2023-08-11,50,8.055513180792332
98_osh,2023-08-12,5,22.798150576651096
98_osh,2023-08-12,10,21.771996214985847
98_osh,2023-08-12,15,19.354930266737934
98_osh,2023-08-12,20,17.798486284911633
98_osh,2023-08-12,30,12.92992950975895
98_osh,2023-08-12,40,9.481582090258598
98_osh,2023-08-12,50,8.130222491919994
98_osh,2023-08-13,5,22.99664296209812
98_osh,2023-08-13,10,21.999786369502544
98_osh,2023-08-13,15,19.75264748185873
98_osh,2023-08-13,20,18.26798303425312
98_osh,2023-08-13,30,13.293221846222878
98_osh,2023-08-13,40,9.594378501176834
98_osh,2023-08-13,50,8.16904203593731
98_osh,2023-08-14,5,23.064760275185108
98_osh,2023-08-14,10,22.31693471968174
98_osh,2023-08-14,15,20.33787041902542
98_osh,2023-08-14,20,18.903012178838253
98_osh,2023-08-14,30,13.803735472261906
98_osh,2023-08-14,40,9.87929930537939
98_osh,2023-08-14,50,8.324320212006569
98_osh,2023-08-15,5,22.645069733262066
98_osh,2023-08-15,10,22.62382885068655
98_osh,2023-08-15,15,21.90823084115982
98_osh,2023-08-15,20,20.94360179454088
98_osh,2023-08-15,30,15.390942111611366
98_osh,2023-08-15,40,11.138370931148527
98_osh,2023-08-15,50,9.160771518945694
98_osh,2023-08-16,5,22.433393351733685
98_osh,2023-08-16,10,22.437055572867397
98_osh,2023-08-16,15,22.63481551408768
98_osh,2023-08-16,20,22.490524001419544
98_osh,2023-08-16,30,18.02334666252136
98_osh,2023-08-16,40,12.94238106161356
98_osh,2023-08-16,50,10.364177383482456
98_osh,2023-08-17,5,22.612842187285423
98_osh,2023-08-17,10,22.571825310587883
98_osh,2023-08-17,15,22.569627977907658
98_osh,2023-08-17,20,22.556443981826305
98_osh,2023-08-17,30,20.493881039321423
98_osh,2023-08-17,40,14.621143229305744
98_osh,2023-08-17,50,11.300241105258465
98_osh,2023-08-18,5,22.74028748273849
98_osh,2023-08-18,10,22.729300819337368
98_osh,2023-08-18,15,22.75127414613962
98_osh,2023-08-18,20,22.679494611918926
98_osh,2023-08-18,30,21.3435163423419
98_osh,2023-08-18,40,14.980773344635963
98_osh,2023-08-18,50,11.000671416521072
98_osh,2023-08-19,5,22.90215765684843
98_osh,2023-08-19,10,22.888241216540337
98_osh,2023-08-19,15,22.9805291891098
98_osh,2023-08-19,20,22.966612748801708
98_osh,2023-08-19,30,21.1875057220459
98_osh,2023-08-19,40,14.559617914259434
98_osh,2023-08-19,50,10.233069866895676
98_osh,2023-08-20,5,23.05743583291769
98_osh,2023-08-20,10,23.08600115776062
98_osh,2023-08-20,15,23.16437269002199
98_osh,2023-08-20,20,23.16364024579525
98_osh,2023-08-20,30,20.43308816850185
98_osh,2023-08-20,40,13.239753417670729
98_osh,2023-08-20,50,9.305795475840569
98_osh,2023-08-21,5,23.225898005068306
98_osh,2023-08-21,10,23.287423320114613
98_osh,2023-08-21,15,23.338694415986534
98_osh,2023-08-21,20,23.246406443417072
98_osh,2023-08-21,30,19.09637745469809
98_osh,2023-08-21,40,11.759483635425568
98_osh,2023-08-21,50,8.707388542592525
98_osh,2023-08-22,5,23.38776817917824
98_osh,2023-08-22,10,23.452955715358257
98_osh,2023-08-22,15,23.49909970164299
98_osh,2023-08-22,20,23.22150333970785
98_osh,2023-08-22,30,17.620502337813377
98_osh,2023-08-22,40,11.008728303015232
98_osh,2023-08-22,50,8.708120986819267
98_osh,2023-08-23,5,23.60896633565426
98_osh,2023-08-23,10,23.58113345503807
98_osh,2023-08-23,15,23.55989257246256
98_osh,2023-08-23,20,23.083071380853653
98_osh,2023-08-23,30,16.428815580904484
98_osh,2023-08-23,40,10.601489312946796
98_osh,2023-08-23,50,8.674428552389145
98_osh,2023-08-24,5,23.869716480374336
98_osh,2023-08-24,10,23.62654499709606
98_osh,2023-08-24,15,23.41779839247465
98_osh,2023-08-24,20,22.628955960273743
98_osh,2023-08-24,30,15.329416796565056
98_osh,2023-08-24,40,10.170079663395882
98_osh,2023-08-24,50,8.440046399831772
98_osh,2023-08-25,5,24.078463084995747
98_osh,2023-08-25,10,23.558427684009075
98_osh,2023-08-25,15,23.064760275185108
98_osh,2023-08-25,20,21.933866389095783
98_osh,2023-08-25,30,14.568407244980335
98_osh,2023-08-25,40,9.896877966821194
98_osh,2023-08-25,50,8.288430444896221
98_osh,2023-08-26,5,24.253517255187035
98_osh,2023-08-26,10,23.488113038241863
98_osh,2023-08-26,15,22.654591508209705
98_osh,2023-08-26,20,21.32959990203381
98_osh,2023-08-26,30,14.212439350783823
98_osh,2023-08-26,40,9.754051342606544
98_osh,2023-08-26,50,8.20200202614069
98_osh,2023-08-27,5,24.37876521795988
98_osh,2023-08-27,10,23.473464153707027
98_osh,2023-08-27,15,22.19827875494957
98_osh,2023-08-27,20,20.74217963218689
98_osh,2023-08-27,30,13.893826112151146
98_osh,2023-08-27,40,9.591448724269869
98_osh,2023-08-27,50,8.08334606140852
98_osh,2023-08-28,5,24.485702075064182
98_osh,2023-08-28,10,23.452955715358257
98_osh,2023-08-28,15,21.651875361800197
98_osh,2023-08-28,20,20.05954161286354
98_osh,2023-08-28,30,13.562028877437116
98_osh,2023-08-28,40,9.419324330985546
98_osh,2023-08-28,50,7.980071425437927
98_osh,2023-08-29,5,24.895870842039585
98_osh,2023-08-29,10,23.58186589926481
98_osh,2023-08-29,15,21.47096163779497
98_osh,2023-08-29,20,19.85958433896303
98_osh,2023-08-29,30,13.764183484017847
98_osh,2023-08-29,40,9.614154495298862
98_osh,2023-08-29,50,8.169774480164051
98_osh,2023-08-30,5,25.1397747695446
98_osh,2023-08-30,10,24.25205236673355
98_osh,2023-08-30,15,22.31693471968174
98_osh,2023-08-30,20,21.27832880616188
98_osh,2023-08-30,30,15.146305739879608
98_osh,2023-08-30,40,10.580980874598026
98_osh,2023-08-30,50,8.81945250928402
98_osh,2023-08-31,5,25.202764973044395
98_osh,2023-08-31,10,24.675405129790303
98_osh,2023-08-31,15,22.867000333964825
98_osh,2023-08-31,20,21.97122104465961
98_osh,2023-08-31,30,15.957853943109512
98_osh,2023-08-31,40,11.19623402506113
98_osh,2023-08-31,50,9.097048871219158
98_osh,2023-09-01,5,25.279671616852283
98_osh,2023-09-01,10,25.00354014337063
98_osh,2023-09-01,15,23.74886318296194
98_osh,2023-09-01,20,23.033997617661957
98_osh,2023-09-01,30,17.729636527597904
98_osh,2023-09-01,40,12.727774903178217
98_osh,2023-09-01,50,10.25138097256422
98_osh,2023-09-02,5,25.174932092428207
98_osh,2023-09-02,10,25.120731219649315
98_osh,2023-09-02,15,24.113620407879356
98_osh,2023-09-02,20,23.36066774278879
98_osh,2023-09-02,30,18.26725059002638
98_osh,2023-09-02,40,12.90209662914276
98_osh,2023-09-02,50,10.225745424628258
98_osh,2023-09-03,5,25.132450327277184
98_osh,2023-09-03,10,25.06506545841694
98_osh,2023-09-03,15,23.852870263159275
98_osh,2023-09-03,20,22.99224829673767
98_osh,2023-09-03,30,17.45350505411625
98_osh,2023-09-03,40,12.047334216535091
98_osh,2023-09-03,50,9.61708427220583
98_osh,2023-09-04,5,25.07824945449829
98_osh,2023-09-04,10,24.977172151207924
98_osh,2023-09-04,15,23.501297034323212
98_osh,2023-09-04,20,22.503707997500896
98_osh,2023-09-04,30,16.5254982188344
98_osh,2023-09-04,40,11.434278398752213
98_osh,2023-09-04,50,9.283089704811571
98_osh,2023-09-05,5,25.104617446660995
98_osh,2023-09-05,10,24.870967738330364
98_osh,2023-09-05,15,23.107974484562877
98_osh,2023-09-05,20,21.94778282940388
98_osh,2023-09-05,30,15.938077948987484
98_osh,2023-09-05,40,11.190374471247196
98_osh,2023-09-05,50,9.144657745957376
98_osh,2023-09-06,5,25.005005031824112
98_osh,2023-09-06,10,24.77574998885393
98_osh,2023-09-06,15,22.81939145922661
98_osh,2023-09-06,20,21.573503829538826
98_osh,2023-09-06,30,15.799645990133286
98_osh,2023-09-06,40,11.237983345985413
98_osh,2023-09-06,50,9.221564389765264
98_osh,2023-09-07,5,24.637318029999733
98_osh,2023-09-07,10,24.696646012365814
98_osh,2023-09-07,15,22.71831415593624
98_osh,2023-09-07,20,21.476088747382164
98_osh,2023-09-07,30,15.875820189714432
98_osh,2023-09-07,40,11.389599300920963
98_osh,2023-09-07,50,9.316049695014954
98_osh,2023-09-08,5,24.389751881361008
98_osh,2023-09-08,10,24.45567186176777
98_osh,2023-09-08,15,22.941709645092487
98_osh,2023-09-08,20,21.745628222823143
98_osh,2023-09-08,30,16.266212962567806
98_osh,2023-09-08,40,11.74849697202444
98_osh,2023-09-08,50,9.615619383752346
98_osh,2023-09-09,5,24.350932337343693
98_osh,2023-09-09,10,24.364848777651787
98_osh,2023-09-09,15,23.187078461050987
98_osh,2023-09-09,20,22.028351694345474
98_osh,2023-09-09,30,16.551133766770363
98_osh,2023-09-09,40,11.876674711704254
98_osh,2023-09-09,50,9.541642516851423
98_osh,2023-09-10,5,24.376567885279652
98_osh,2023-09-10,10,24.41904965043068
98_osh,2023-09-10,15,23.04132205992937
98_osh,2023-09-10,20,21.80129398405552
98_osh,2023-09-10,30,16.29184851050377
98_osh,2023-09-10,40,11.76827296614647
98_osh,2023-09-10,50,9.442762546241283
98_osh,2023-09-11,5,24.408062987029552
98_osh,2023-09-11,10,24.43150120228529
98_osh,2023-09-11,15,23.39655750989914
98_osh,2023-09-11,20,22.283242285251617
98_osh,2023-09-11,30,16.95104831457138
98_osh,2023-09-11,40,12.294167920947077
98_osh,2023-09-11,50,10.043366812169552
98_osh,2023-09-12,5,24.42271187156439
98_osh,2023-09-12,10,24.45567186176777
98_osh,2023-09-12,15,23.44343394041061
98_osh,2023-09-12,20,22.30448316782713
98_osh,2023-09-12,30,16.853633232414722
98_osh,2023-09-12,40,12.123508416116238
98_osh,2023-09-12,50,9.844141982495785
98_osh,2023-09-13,5,24.490096740424637
98_osh,2023-09-13,10,24.510605178773403
98_osh,2023-09-13,15,23.29914242774248
98_osh,2023-09-13,20,22.08548234403133
98_osh,2023-09-13,30,16.59508042037487
98_osh,2023-09-13,40,11.982146680355072
98_osh,2023-09-13,50,9.8426770940423
98_osh,2023-09-14,5,24.332621231675148
98_osh,2023-09-14,10,24.528916284441948
98_osh,2023-09-14,15,23.32990508526564
98_osh,2023-09-14,20,22.130893886089325
98_osh,2023-09-14,30,16.67638172954321
98_osh,2023-09-14,40,12.098605312407017
98_osh,2023-09-14,50,10.16934721916914
98_osh,2023-09-15,5,24.14365062117577
98_osh,2023-09-15,10,24.51719717681408
98_osh,2023-09-15,15,23.20099490135908
98_osh,2023-09-15,20,21.8921170681715
98_osh,2023-09-15,30,16.342387162148952
98_osh,2023-09-15,40,11.835657835006714
98_osh,2023-09-15,50,9.94814906269312
98_osh,2023-09-16,5,24.11655018478632
98_osh,2023-09-16,10,24.48130740970373
98_osh,2023-09-16,15,23.08600115776062
98_osh,2023-09-16,20,21.66286202520132
98_osh,2023-09-16,30,16.129978336393833
98_osh,2023-09-16,40,11.74849697202444
98_osh,2023-09-16,50,9.869045086205006
98_osh,2023-09-17,5,24.07992797344923
98_osh,2023-09-17,10,24.37070833146572
98_osh,2023-09-17,15,23.17609179764986
98_osh,2023-09-17,20,21.722922451794147
98_osh,2023-09-17,30,16.233985416591167
98_osh,2023-09-17,40,11.909634701907637
98_osh,2023-09-17,50,10.033845037221909
98_osh,2023-09-18,5,24.176610611379147
98_osh,2023-09-18,10,24.22641681879759
98_osh,2023-09-18,15,23.408276617527008
98_osh,2023-09-18,20,22.05105746537447
98_osh,2023-09-18,30,16.740836821496487
98_osh,2023-09-18,40,12.432599879801272
98_osh,2023-09-18,50,10.600024424493313
98_osh,2023-09-19,5,24.155369728803635
98_osh,2023-09-19,10,24.17075105756521
98_osh,2023-09-19,15,23.521805472671986
98_osh,2023-09-19,20,22.25907162576914
98_osh,2023-09-19,30,16.895382553339005
98_osh,2023-09-19,40,12.485335864126682
98_osh,2023-09-19,50,10.424970254302025
98_osh,2023-09-20,5,23.92098757624626
98_osh,2023-09-20,10,23.929776906967163
98_osh,2023-09-20,15,23.162907801568508
98_osh,2023-09-20,20,21.82253486663103
98_osh,2023-09-20,30,16.56651509553194
98_osh,2023-09-20,40,12.317606136202812
98_osh,2023-09-20,50,10.288735628128052
98_osh,2023-09-21,5,23.53205969184637
98_osh,2023-09-21,10,23.53205969184637
98_osh,2023-09-21,15,22.9453718662262
98_osh,2023-09-21,20,21.58522293716669
98_osh,2023-09-21,30,16.28818628937006
98_osh,2023-09-21,40,12.056855991482736
98_osh,2023-09-21,50,10.00527971237898
98_osh,2023-09-22,5,23.34528641402721
98_osh,2023-09-22,10,23.348948635160923
98_osh,2023-09-22,15,22.675832390785217
98_osh,2023-09-22,20,21.19263283163309
98_osh,2023-09-22,30,15.96078372001648
98_osh,2023-09-22,40,11.902310259640217
98_osh,2023-09-22,50,10.022858373820782
98_osh,2023-09-23,5,23.170964688062668
98_osh,2023-09-23,10,23.17609179764986
98_osh,2023-09-23,15,22.538865320384502
98_osh,2023-09-23,20,20.96704000979662
98_osh,2023-09-23,30,15.844325087964537
98_osh,2023-09-23,40,11.823938727378843
98_osh,2023-09-23,50,9.950346395373344
98_osh,2023-09-24,5,23.029602952301502
98_osh,2023-09-24,10,23.03473006188869
98_osh,2023-09-24,15,22.53666798770428
98_osh,2023-09-24,20,20.989013336598877
98_osh,2023-09-24,30,15.949797056615353
98_osh,2023-09-24,40,12.078096874058248
98_osh,2023-09-24,50,10.2843409627676
98_osh,2023-09-25,5,22.89776299148798
98_osh,2023-09-25,10,22.89776299148798
98_osh,2023-09-25,15,22.8648030012846
98_osh,2023-09-25,20,21.75881221890449
98_osh,2023-09-25,30,16.74596393108368
98_osh,2023-09-25,40,12.837641537189484
98_osh,2023-09-25,50,11.10614338517189
98_osh,2023-09-26,5,22.858943447470665
98_osh,2023-09-26,10,22.85528122633696
98_osh,2023-09-26,15,23.070619828999043
98_osh,2023-09-26,20,22.412152469158173
98_osh,2023-09-26,30,17.42933439463377
98_osh,2023-09-26,40,13.460951574146748
98_osh,2023-09-26,50,11.544877476990225
98_osh,2023-09-27,5,22.87725455313921
98_osh,2023-09-27,10,22.867000333964825
98_osh,2023-09-27,15,23.11529892683029
98_osh,2023-09-27,20,22.842097230255604
98_osh,2023-09-27,30,18.236487932503223
98_osh,2023-09-27,40,14.231482900679111
98_osh,2023-09-27,50,12.297830142080784
98_osh,2023-09-28,5,22.727103486657143
98_osh,2023-09-28,10,22.745414592325687
98_osh,2023-09-28,15,22.99151585251093
98_osh,2023-09-28,20,23.01641895622015
98_osh,2023-09-28,30,19.031189918518063
98_osh,2023-09-28,40,14.710501424968244
98_osh,2023-09-28,50,12.793694883584976
98_osh,2023-09-29,5,22.58940397202969
98_osh,2023-09-29,10,22.5879390835762
98_osh,2023-09-29,15,22.663380838930607
98_osh,2023-09-29,20,22.954161196947094
98_osh,2023-09-29,30,19.108829006552696
98_osh,2023-09-29,40,14.616016119718552
98_osh,2023-09-29,50,12.746818453073502
98_osh,2023-09-30,5,22.429731130599976
98_osh,2023-09-30,10,22.4319284632802
98_osh,2023-09-30,15,22.569627977907658
98_osh,2023-09-30,20,22.806939907372
98_osh,2023-09-30,30,19.27436140179634
98_osh,2023-09-30,40,14.794732511043549
98_osh,2023-09-30,50,12.979735717177393
98_osh,2023-10-01,5,22.311075165867805
98_osh,2023-10-01,10,22.305948056280613
98_osh,2023-10-01,15,22.6194341853261
98_osh,2023-10-01,20,22.62456129491329
98_osh,2023-10-01,30,19.11908322572708
98_osh,2023-10-01,40,14.68486587703228
98_osh,2023-10-01,50,12.772454001009464
98_osh,2023-10-02,5,22.033478803932667
98_osh,2023-10-02,10,22.033478803932667
98_osh,2023-10-02,15,22.156529434025288
98_osh,2023-10-02,20,22.32206182926893
98_osh,2023-10-02,30,18.4708700850606
98_osh,2023-10-02,40,14.20657979696989
98_osh,2023-10-02,50,12.117648862302303
98_osh,2023-10-03,5,21.730246894061565
98_osh,2023-10-03,10,21.730246894061565
98_osh,2023-10-03,15,21.76100955158472
98_osh,2023-10-03,20,21.7851802110672
98_osh,2023-10-03,30,17.636616110801697
98_osh,2023-10-03,40,13.582537315785885
98_osh,2023-10-03,50,11.473097942769527
98_osh,2023-10-04,5,21.657002471387383
98_osh,2023-10-04,10,21.65334025025368
98_osh,2023-10-04,15,21.577898494899276
98_osh,2023-10-04,20,21.21314126998186
98_osh,2023-10-04,30,16.985473193228245
98_osh,2023-10-04,40,12.996581934392452
98_osh,2023-10-04,50,10.75823237746954
98_osh,2023-10-05,5,21.42115543037653
98_osh,2023-10-05,10,21.427014984190464
98_osh,2023-10-05,15,21.280526138842102
98_osh,2023-10-05,20,20.68578142672777
98_osh,2023-10-05,30,16.12485122680664
98_osh,2023-10-05,40,12.433332324028015
98_osh,2023-10-05,50,10.405194260179996
98_osh,2023-10-06,5,20.600817896425724
98_osh,2023-10-06,10,20.601550340652462
98_osh,2023-10-06,15,20.35618152469397
98_osh,2023-10-06,20,19.517532885074612
98_osh,2023-10-06,30,14.722952976822851
98_osh,2023-10-06,40,11.550004586577415
98_osh,2023-10-06,50,9.823633544147016
98_osh,2023-10-07,5,20.3620410785079
98_osh,2023-10-07,10,20.364970855414867
98_osh,2023-10-07,15,19.65376751124859
98_osh,2023-10-07,20,18.64885403215885
98_osh,2023-10-07,30,14.228553123772144
98_osh,2023-10-07,40,11.329538874328136
98_osh,2023-10-07,50,9.737937569618223
98_osh,2023-10-08,5,20.307107761502262
98_osh,2023-10-08,10,20.31223487108946
98_osh,2023-10-08,15,19.334421828389168
98_osh,2023-10-08,20,18.019684441387653
98_osh,2023-10-08,30,13.910672329366207
98_osh,2023-10-08,40,11.332468651235104
98_osh,2023-10-08,50,9.986236162483692
98_osh,2023-10-09,5,20.211890012025837
98_osh,2023-10-09,10,20.208960235118862
98_osh,2023-10-09,15,19.41718802601099
98_osh,2023-10-09,20,18.10831019282341
98_osh,2023-10-09,30,14.254921115934849
98_osh,2023-10-09,40,11.700155653059484
98_osh,2023-10-09,50,10.401532039046288
98_osh,2023-10-10,5,19.978972747921944
98_osh,2023-10-10,10,19.979705192148685
98_osh,2023-10-10,15,19.565874204039574
98_osh,2023-10-10,20,18.4481643140316
98_osh,2023-10-10,30,14.581591241061687
98_osh,2023-10-10,40,11.967497795820236
98_osh,2023-10-10,50,10.583178207278252
98_osh,2023-10-11,5,19.718222603201863
98_osh,2023-10-11,10,19.718222603201863
98_osh,2023-10-11,15,19.4875026717782
98_osh,2023-10-11,20,18.5287331789732
98_osh,2023-10-11,30,14.835016943514349
98_osh,2023-10-11,40,12.430402547121048
98_osh,2023-10-11,50,11.14716026186943
98_osh,2023-10-12,5,19.48237556219101
98_osh,2023-10-12,10,19.48237556219101
98_osh,2023-10-12,15,19.497024446725845
98_osh,2023-10-12,20,18.92718283832073
98_osh,2023-10-12,30,15.5352336242795
98_osh,2023-10-12,40,13.102786347270012
98_osh,2023-10-12,50,11.834925390779972
98_osh,2023-10-13,5,19.374706260859966
98_osh,2023-10-13,10,19.368846707046032
98_osh,2023-10-13,15,19.401806697249413
98_osh,2023-10-13,20,19.197454757988453
98_osh,2023-10-13,30,16.08310190588236
98_osh,2023-10-13,40,13.49903867393732
98_osh,2023-10-13,50,12.13229774683714
98_osh,2023-10-14,5,19.31025116890669
98_osh,2023-10-14,10,19.305124059319496
98_osh,2023-10-14,15,19.30585650354624
98_osh,2023-10-14,20,19.242133855819706
98_osh,2023-10-14,30,16.388531148433685
98_osh,2023-10-14,40,13.69460128247738
98_osh,2023-10-14,50,12.282448813319206
98_osh,2023-10-15,5,19.293404951691628
98_osh,2023-10-15,10,19.28608050942421
98_osh,2023-10-15,15,19.29926450550556
98_osh,2023-10-15,20,19.193060092628
98_osh,2023-10-15,30,16.616321302950382
98_osh,2023-10-15,40,13.881374560296535
98_osh,2023-10-15,50,12.405499443411829
98_osh,2023-10-16,5,19.042176581919197
98_osh,2023-10-16,10,19.042176581919197
98_osh,2023-10-16,15,19.05902279913425
98_osh,2023-10-16,20,19.07000946253538
98_osh,2023-10-16,30,16.637562185525894
98_osh,2023-10-16,40,13.906277664005756
98_osh,2023-10-16,50,12.405499443411829
98_osh,2023-10-17,5,18.527268290519714
98_osh,2023-10-17,10,18.527268290519714
98_osh,2023-10-17,15,18.53679006546736
98_osh,2023-10-17,20,18.571214944124225
98_osh,2023-10-17,30,16.52989288419485
98_osh,2023-10-17,40,13.844752348959446
98_osh,2023-10-17,50,12.352763459086418
98_osh,2023-10-18,5,18.34488967806101
98_osh,2023-10-18,10,18.34488967806101
98_osh,2023-10-18,15,18.34635456651449
98_osh,2023-10-18,20,18.339030124247078
98_osh,2023-10-18,30,16.666859954595566
98_osh,2023-10-18,40,13.92385632544756
98_osh,2023-10-18,50,12.330790132284164
98_osh,2023-10-19,5,18.29581591486931
98_osh,2023-10-19,10,18.299478136003017
98_osh,2023-10-19,15,18.32584612816572
98_osh,2023-10-19,20,18.30826746672392
98_osh,2023-10-19,30,16.69689016789198
98_osh,2023-10-19,40,13.894558556377888
98_osh,2023-10-19,50,12.212866611778736
98_osh,2023-10-20,5,18.16104617714882
98_osh,2023-10-20,10,18.16983550786972
98_osh,2023-10-20,15,18.22696615755558
98_osh,2023-10-20,20,18.21817682683468
98_osh,2023-10-20,30,16.446394242346287
98_osh,2023-10-20,40,13.616962194442747
98_osh,2023-10-20,50,11.894253373146055
98_osh,2023-10-21,5,17.852687157690525
98_osh,2023-10-21,10,17.852687157690525
98_osh,2023-10-21,15,17.872463151812553
98_osh,2023-10-21,20,18.013092443346977
98_osh,2023-10-21,30,16.056733913719654
98_osh,2023-10-21,40,13.187017433345318
98_osh,2023-10-21,50,11.4042481854558
98_osh,2023-10-22,5,17.499649040400982
98_osh,2023-10-22,10,17.499649040400982
98_osh,2023-10-22,15,17.50770592689514
98_osh,2023-10-22,20,17.529679253697395
98_osh,2023-10-22,30,15.686117134988308
98_osh,2023-10-22,40,12.92992950975895
98_osh,2023-10-22,50,11.258491784334185
98_osh,2023-10-23,5,17.28577532619238
98_osh,2023-10-23,10,17.28650777041912
98_osh,2023-10-23,15,17.297494433820248
98_osh,2023-10-23,20,17.31873531639576
98_osh,2023-10-23,30,15.336741238832474
98_osh,2023-10-23,40,12.743888676166534
98_osh,2023-10-23,50,11.264351338148115
98_osh,2023-10-24,5,17.326059758663177
98_osh,2023-10-24,10,17.3194677606225
98_osh,2023-10-24,15,17.354625083506107
98_osh,2023-10-24,20,17.258674889802933
98_osh,2023-10-24,30,15.21222572028637
98_osh,2023-10-24,40,12.678701139986517
98_osh,2023-10-24,50,11.254829563200474
98_osh,2023-10-25,5,17.162724696099758
98_osh,2023-10-25,10,17.156865142285824
98_osh,2023-10-25,15,17.209601126611233
98_osh,2023-10-25,20,16.992797635495663
98_osh,2023-10-25,30,14.790337845683098
98_osh,2023-10-25,40,12.442854098975658
98_osh,2023-10-25,50,11.105410940945148
98_osh,2023-10-26,5,17.15906247496605
98_osh,2023-10-26,10,17.156132698059082
98_osh,2023-10-26,15,17.243293561041355
98_osh,2023-10-26,20,17.010376296937466
98_osh,2023-10-26,30,14.727347642183304
98_osh,2023-10-26,40,12.463362537324429
98_osh,2023-10-26,50,11.15082248300314
98_osh,2023-10-27,5,17.107791379094124
98_osh,2023-10-27,10,17.108523823320866
98_osh,2023-10-27,15,17.2213202342391
98_osh,2023-10-27,20,17.06970427930355
98_osh,2023-10-27,30,14.79107028990984
98_osh,2023-10-27,40,12.584948278963566
98_osh,2023-10-27,50,11.2658162266016
98_osh,2023-10-28,5,17.03601184487343
98_osh,2023-10-28,10,17.035279400646687
98_osh,2023-10-28,15,17.06091494858265
98_osh,2023-10-28,20,17.055787838995457
98_osh,2023-10-28,30,14.931699581444263
98_osh,2023-10-28,40,12.907223738729954
98_osh,2023-10-28,50,11.651081889867784
98_osh,2023-10-29,5,16.92175054550171
98_osh,2023-10-29,10,16.920285657048225
98_osh,2023-10-29,15,16.93859676271677
98_osh,2023-10-29,20,17.015503406524658
98_osh,2023-10-29,30,15.165349289774896
98_osh,2023-10-29,40,13.309335619211195
98_osh,2023-10-29,50,12.117648862302303
98_osh,2023-10-30,5,16.822870574891567
98_osh,2023-10-30,10,16.8199407979846
98_osh,2023-10-30,15,16.818475909531116
98_osh,2023-10-30,20,16.962034977972507
98_osh,2023-10-30,30,15.446607872843742
98_osh,2023-10-30,40,13.616229750216007
98_osh,2023-10-30,50,12.409894108772278
98_osh,2023-10-31,5,16.745231486856937
98_osh,2023-10-31,10,16.743034154176712
98_osh,2023-10-31,15,16.74156926572323
98_osh,2023-10-31,20,16.76281014829874
98_osh,2023-10-31,30,15.745445117354391
98_osh,2023-10-31,40,13.904080331325533
98_osh,2023-10-31,50,12.695547357201576
98_osh,2023-11-01,5,16.662465289235115
98_osh,2023-11-01,10,16.673451952636242
98_osh,2023-11-01,15,16.68517106026411
98_osh,2023-11-01,20,16.7130039408803
98_osh,2023-11-01,30,15.997405931353567
98_osh,2023-11-01,40,14.151646479964256
98_osh,2023-11-01,50,12.96288949996233
98_osh,2023-11-02,5,16.572374649345875
98_osh,2023-11-02,10,16.573107093572617
98_osh,2023-11-02,15,16.573107093572617
98_osh,2023-11-02,20,16.59508042037487
98_osh,2023-11-02,30,16.045014806091785
98_osh,2023-11-02,40,14.16556292027235
98_osh,2023-11-02,50,12.981200605630876
98_osh,2023-11-03,5,16.528427995741367
98_osh,2023-11-03,10,16.519638665020466
98_osh,2023-11-03,15,16.51744133234024
98_osh,2023-11-03,20,16.52989288419485
98_osh,2023-11-03,30,16.069185465574265
98_osh,2023-11-03,40,14.18607135862112
98_osh,2023-11-03,50,12.984862826764584
98_osh,2023-11-04,5,16.343119606375694
98_osh,2023-11-04,10,16.343119606375694
98_osh,2023-11-04,15,16.343119606375694
98_osh,2023-11-04,20,16.348246715962887
98_osh,2023-11-04,30,15.971770383417606
98_osh,2023-11-04,40,14.076937168836594
98_osh,2023-11-04,50,12.873531304299831
98_osh,2023-11-05,5,16.195898316800594
98_osh,2023-11-05,10,16.195165872573853
98_osh,2023-11-05,15,16.192968539893627
98_osh,2023-11-05,20,16.19370098412037
98_osh,2023-11-05,30,15.966643273830414
98_osh,2023-11-05,40,14.1208838224411
98_osh,2023-11-05,50,12.888180188834667
98_osh,2023-11-06,5,16.13730277866125
98_osh,2023-11-06,10,16.143894776701927
98_osh,2023-11-06,15,16.146092109382153
98_osh,2023-11-06,20,16.150486774742603
98_osh,2023-11-06,30,16.03915525227785
98_osh,2023-11-06,40,14.364055305719376
98_osh,2023-11-06,50,13.208990760147572
98_osh,2023-11-07,5,15.99374371021986
98_osh,2023-11-07,10,16.01058992743492
98_osh,2023-11-07,15,16.032563254237175
98_osh,2023-11-07,20,16.05526902526617
98_osh,2023-11-07,30,15.998870819807053
98_osh,2023-11-07,40,14.49296548962593
98_osh,2023-11-07,50,13.534928441047668
98_osh,2023-11-08,5,16.003265485167503
98_osh,2023-11-08,10,16.003265485167503
98_osh,2023-11-08,15,16.003997929394245
98_osh,2023-11-08,20,16.01864681392908
98_osh,2023-11-08,30,15.85897397249937
98_osh,2023-11-08,40,14.20657979696989
98_osh,2023-11-08,50,13.289559625089169
98_osh,2023-11-09,5,15.897061072289944
98_osh,2023-11-09,10,15.897061072289944
98_osh,2023-11-09,15,15.898525960743427
98_osh,2023-11-09,20,15.919034399092196
98_osh,2023-11-09,30,15.929288618266582
98_osh,2023-11-09,40,14.295205548405647
98_osh,2023-11-09,50,13.26978363096714
98_osh,2023-11-10,5,15.751304671168327
98_osh,2023-11-10,10,15.75203711539507
98_osh,2023-11-10,15,15.754234448075294
98_osh,2023-11-10,20,15.763023778796196
98_osh,2023-11-10,30,15.901455737650394
98_osh,2023-11-10,40,14.224890902638435
98_osh,2023-11-10,50,13.0903347954154
98_osh,2023-11-11,5,15.368968784809113
98_osh,2023-11-11,10,15.368968784809113
98_osh,2023-11-11,15,15.368968784809113
98_osh,2023-11-11,20,15.369701229035854
98_osh,2023-11-11,30,15.640705592930315
98_osh,2023-11-11,40,13.80080569535494
98_osh,2023-11-11,50,12.57469405978918
98_osh,2023-11-12,5,15.09796442091465
98_osh,2023-11-12,10,15.09796442091465
98_osh,2023-11-12,15,15.09796442091465
98_osh,2023-11-12,20,15.09796442091465
98_osh,2023-11-12,30,15.520584739744663
98_osh,2023-11-12,40,13.745872378349304
98_osh,2023-11-12,50,12.458235427737236
98_osh,2023-11-13,5,14.820368058979511
98_osh,2023-11-13,10,14.820368058979511
98_osh,2023-11-13,15,14.820368058979511
98_osh,2023-11-13,20,14.820368058979511
98_osh,2023-11-13,30,15.366039007902144
98_osh,2023-11-13,40,13.566423542797564
98_osh,2023-11-13,50,12.216528832912443
98_osh,2023-11-14,5,14.547898806631563
98_osh,2023-11-14,10,14.547898806631563
98_osh,2023-11-14,15,14.547898806631563
98_osh,2023-11-14,20,14.547898806631563
98_osh,2023-11-14,30,15.136051520705225
98_osh,2023-11-14,40,13.219977423548698
98_osh,2023-11-14,50,11.85836360603571
98_osh,2023-11-15,5,14.384563744068146
98_osh,2023-11-15,10,14.384563744068146
98_osh,2023-11-15,15,14.384563744068146
98_osh,2023-11-15,20,14.384563744068146
98_osh,2023-11-15,30,14.981505788862703
98_osh,2023-11-15,40,13.127689450979233
98_osh,2023-11-15,50,11.792443625628948
98_osh,2023-11-16,5,14.264442890882492
98_osh,2023-11-16,10,14.264442890882492
98_osh,2023-11-16,15,14.264442890882492
98_osh,2023-11-16,20,14.264442890882492
98_osh,2023-11-16,30,14.846003606915474
98_osh,2023-11-16,40,13.185552544891834
98_osh,2023-11-16,50,11.931608028709888
98_osh,2023-11-17,5,14.129673153162004
98_osh,2023-11-17,10,14.144322037696838
98_osh,2023-11-17,15,14.16922514140606
98_osh,2023-11-17,20,14.18533891439438
98_osh,2023-11-17,30,14.632862336933613
98_osh,2023-11-17,40,13.503433339297771
98_osh,2023-11-17,50,12.384991005063055
98_osh,2023-11-18,5,13.994903415441511
98_osh,2023-11-18,10,13.994903415441511
98_osh,2023-11-18,15,13.994903415441511
98_osh,2023-11-18,20,13.99783319234848
98_osh,2023-11-18,30,14.514938816428185
98_osh,2023-11-18,40,13.554704435169697
98_osh,2023-11-18,50,12.669179365038872
98_osh,2023-11-19,5,13.83449812978506
98_osh,2023-11-19,10,13.83449812978506
98_osh,2023-11-19,15,13.83449812978506
98_osh,2023-11-19,20,13.83449812978506
98_osh,2023-11-19,30,14.348673976957798
98_osh,2023-11-19,40,13.44996491074562
98_osh,2023-11-19,50,12.72997223585844
98_osh,2023-11-20,5,13.614032417535782
98_osh,2023-11-20,10,13.614032417535782
98_osh,2023-11-20,15,13.614032417535782
98_osh,2023-11-20,20,13.614032417535782
98_osh,2023-11-20,30,14.156773589551449
98_osh,2023-11-20,40,13.29029206931591
98_osh,2023-11-20,50,12.564439840614796
98_osh,2023-11-21,5,13.46168401837349
98_osh,2023-11-21,10,13.46168401837349
98_osh,2023-11-21,15,13.46168401837349
98_osh,2023-11-21,20,13.46168401837349
98_osh,2023-11-21,30,13.941434986889362
98_osh,2023-11-21,40,13.232428975403309
98_osh,2023-11-21,50,12.35789056867361
98_osh,2023-11-22,5,13.430921360850334
98_osh,2023-11-22,10,13.428724028170109
98_osh,2023-11-22,15,13.426526695489883
98_osh,2023-11-22,20,13.425794251263142
98_osh,2023-11-22,30,13.81398969143629
98_osh,2023-11-22,40,13.321054726839066
98_osh,2023-11-22,50,12.335917241871355
98_osh,2023-11-23,5,13.448500022292135
98_osh,2023-11-23,10,13.444837801158428
98_osh,2023-11-23,15,13.443372912704945
98_osh,2023-11-23,20,13.444837801158428
98_osh,2023-11-23,30,13.737815491855145
98_osh,2023-11-23,40,13.271980963647366
98_osh,2023-11-23,50,12.239967048168182
98_osh,2023-11-24,5,13.31080050766468
98_osh,2023-11-24,10,13.31080050766468
98_osh,2023-11-24,15,13.31080050766468
98_osh,2023-11-24,20,13.31080050766468
98_osh,2023-11-24,30,13.512222670018671
98_osh,2023-11-24,40,13.011230818927288
98_osh,2023-11-24,50,11.966765351593494
98_osh,2023-11-25,5,12.986327715218067
98_osh,2023-11-25,10,12.986327715218067
98_osh,2023-11-25,15,12.986327715218067
98_osh,2023-11-25,20,12.986327715218067
98_osh,2023-11-25,30,12.998779267072678
98_osh,2023-11-25,40,12.559312731027603
98_osh,2023-11-25,50,11.44965972751379
98_osh,2023-11-26,5,12.727042458951471
98_osh,2023-11-26,10,12.727042458951471
98_osh,2023-11-26,15,12.727042458951471
98_osh,2023-11-26,20,12.727042458951471
98_osh,2023-11-26,30,12.7292397916317
98_osh,2023-11-26,40,12.404766999185084
98_osh,2023-11-26,50,11.251899786293508
98_osh,2023-11-27,5,12.612048715353012
98_osh,2023-11-27,10,12.616443380713465
98_osh,2023-11-27,15,12.620105601847172
98_osh,2023-11-27,20,12.620838046073914
98_osh,2023-11-27,30,12.63182470947504
98_osh,2023-11-27,40,12.447981208562853
98_osh,2023-11-27,50,11.372753083705902
98_osh,2023-11-28,5,12.50511185824871
98_osh,2023-11-28,10,12.50511185824871
98_osh,2023-11-28,15,12.50511185824871
98_osh,2023-11-28,20,12.50511185824871
98_osh,2023-11-28,30,12.53367718309164
98_osh,2023-11-28,40,12.400372333824636
98_osh,2023-11-28,50,11.43794061988592
98_osh,2023-11-29,5,12.240699492394924
98_osh,2023-11-29,10,12.240699492394924
98_osh,2023-11-29,15,12.240699492394924
98_osh,2023-11-29,20,12.240699492394924
98_osh,2023-11-29,30,12.240699492394924
98_osh,2023-11-29,40,12.25095371156931
98_osh,2023-11-29,50,11.374950416386127
98_osh,2023-11-30,5,11.972624905407429
98_osh,2023-11-30,10,11.972624905407429
98_osh,2023-11-30,15,11.972624905407429
98_osh,2023-11-30,20,11.972624905407429
98_osh,2023-11-30,30,11.97335734963417
98_osh,2023-11-30,40,12.159398183226584
98_osh,2023-11-30,50,11.284859776496887
98_osh,2023-12-01,5,11.741172529757025
98_osh,2023-12-01,10,11.741172529757025
98_osh,2023-12-01,15,11.741172529757025
98_osh,2023-12-01,20,11.741172529757025
98_osh,2023-12-01,30,11.741172529757025
98_osh,2023-12-01,40,12.118381306529043
98_osh,2023-12-01,50,11.210882909595966
98_osh,2023-12-02,5,11.60860012471676
98_osh,2023-12-02,10,11.60860012471676
98_osh,2023-12-02,15,11.60860012471676
98_osh,2023-12-02,20,11.60860012471676
98_osh,2023-12-02,30,11.60860012471676
98_osh,2023-12-02,40,12.139622189104555
98_osh,2023-12-02,50,11.264351338148115
98_osh,2023-12-03,5,11.52729881554842
98_osh,2023-12-03,10,11.52729881554842
98_osh,2023-12-03,15,11.52729881554842
98_osh,2023-12-03,20,11.52729881554842
98_osh,2023-12-03,30,11.528031259775162
98_osh,2023-12-03,40,12.16159551590681
98_osh,2023-12-03,50,11.37568286061287
98_osh,2023-12-04,5,11.459913946688175
98_osh,2023-12-04,10,11.46137883514166
98_osh,2023-12-04,15,11.46137883514166
98_osh,2023-12-04,20,11.46137883514166
98_osh,2023-12-04,30,11.464308612048626
98_osh,2023-12-04,40,12.175511956214905
98_osh,2023-12-04,50,11.492141492664814
98_osh,2023-12-05,5,11.429883733391762
98_osh,2023-12-05,10,11.429883733391762
98_osh,2023-12-05,15,11.42915128916502
98_osh,2023-12-05,20,11.428418844938278
98_osh,2023-12-05,30,11.434278398752213
98_osh,2023-12-05,40,12.179174177348614
98_osh,2023-12-05,50,11.595416128635406
98_osh,2023-12-06,5,11.406445518136024
98_osh,2023-12-06,10,11.407177962362766
98_osh,2023-12-06,15,11.407177962362766
98_osh,2023-12-06,20,11.407910406589508
98_osh,2023-12-06,30,11.413769960403442
98_osh,2023-12-06,40,12.175511956214905
98_osh,2023-12-06,50,11.668660551309586
98_osh,2023-12-07,5,11.311960212886332
98_osh,2023-12-07,10,11.315622434020042
98_osh,2023-12-07,15,11.321481987833977
98_osh,2023-12-07,20,11.323679320514202
98_osh,2023-12-07,30,11.35590686649084
98_osh,2023-12-07,40,12.168919958174229
98_osh,2023-12-07,50,11.710409872233868
98_osh,2023-12-08,5,11.20062869042158
98_osh,2023-12-08,10,11.202826023101808
98_osh,2023-12-08,15,11.203558467328548
98_osh,2023-12-08,20,11.20429091155529
98_osh,2023-12-08,30,11.207953132689
98_osh,2023-12-08,40,12.111789308488367
98_osh,2023-12-08,50,11.704550318419932
98_osh,2023-12-09,5,11.13470871001482
98_osh,2023-12-09,10,11.139835819602013
98_osh,2023-12-09,15,11.14716026186943
98_osh,2023-12-09,20,11.149357594549656
98_osh,2023-12-09,30,11.161076702177525
98_osh,2023-12-09,40,12.051728881895542
98_osh,2023-12-09,50,11.724326312541962
98_osh,2023-12-10,5,10.991149641573427
98_osh,2023-12-10,10,10.991149641573427
98_osh,2023-12-10,15,10.991149641573427
98_osh,2023-12-10,20,10.991149641573427
98_osh,2023-12-10,30,10.991149641573427
98_osh,2023-12-10,40,11.982879124581814
98_osh,2023-12-10,50,11.632038339972496
98_osh,2023-12-11,5,10.800714142620564
98_osh,2023-12-11,10,10.800714142620564
98_osh,2023-12-11,15,10.800714142620564
98_osh,2023-12-11,20,10.800714142620564
98_osh,2023-12-11,30,10.800714142620564
98_osh,2023-12-11,40,11.798303179442884
98_osh,2023-12-11,50,11.558061473071575
98_osh,2023-12-12,5,10.694509729743004
98_osh,2023-12-12,10,10.694509729743004
98_osh,2023-12-12,15,10.694509729743004
98_osh,2023-12-12,20,10.694509729743004
98_osh,2023-12-12,30,10.694509729743004
98_osh,2023-12-12,40,11.688436545431614
98_osh,2023-12-12,50,11.545609921216965
98_osh,2023-12-13,5,10.542161330580711
98_osh,2023-12-13,10,10.542161330580711
98_osh,2023-12-13,15,10.542161330580711
98_osh,2023-12-13,20,10.542161330580711
98_osh,2023-12-13,30,10.542161330580711
98_osh,2023-12-13,40,11.58516190946102
98_osh,2023-12-13,50,11.47016816586256
98_osh,2023-12-14,5,10.386883154511452
98_osh,2023-12-14,10,10.386883154511452
98_osh,2023-12-14,15,10.387615598738194
98_osh,2023-12-14,20,10.387615598738194
98_osh,2023-12-14,30,10.387615598738194
98_osh,2023-12-14,40,11.36323130875826
98_osh,2023-12-14,50,11.37202063947916
98_osh,2023-12-15,5,10.305581845343111
98_osh,2023-12-15,10,10.305581845343111
98_osh,2023-12-15,15,10.305581845343111
98_osh,2023-12-15,20,10.305581845343111
98_osh,2023-12-15,30,10.305581845343111
98_osh,2023-12-15,40,11.12225715816021
98_osh,2023-12-15,50,11.330271318554878
98_osh,2023-12-16,5,10.239661864936352
98_osh,2023-12-16,10,10.24332408607006
98_osh,2023-12-16,15,10.245521418750286
98_osh,2023-12-16,20,10.245521418750286
98_osh,2023-12-16,30,10.245521418750286
98_osh,2023-12-16,40,11.002136304974556
98_osh,2023-12-16,50,11.341990426182749
98_osh,2023-12-17,5,10.123935677111149
98_osh,2023-12-17,10,10.123935677111149
98_osh,2023-12-17,15,10.123935677111149
98_osh,2023-12-17,20,10.123935677111149
98_osh,2023-12-17,30,10.123935677111149
98_osh,2023-12-17,40,10.66447951644659
98_osh,2023-12-17,50,11.320017099380491
98_osh,2023-12-18,5,9.987701050937176
98_osh,2023-12-18,10,9.987701050937176
98_osh,2023-12-18,15,9.987701050937176
98_osh,2023-12-18,20,9.987701050937176
98_osh,2023-12-18,30,9.987701050937176
98_osh,2023-12-18,40,10.114413902163506
98_osh,2023-12-18,50,11.210150465369225
98_osh,2023-12-19,5,9.87050997465849
98_osh,2023-12-19,10,9.87050997465849
98_osh,2023-12-19,15,9.87050997465849
98_osh,2023-12-19,20,9.87050997465849
98_osh,2023-12-19,30,9.87050997465849
98_osh,2023-12-19,40,9.920316182076933
98_osh,2023-12-19,50,11.125186935067177
98_osh,2023-12-20,5,9.751121565699576
98_osh,2023-12-20,10,9.751121565699576
98_osh,2023-12-20,15,9.751121565699576
98_osh,2023-12-20,20,9.751121565699576
98_osh,2023-12-20,30,9.751121565699576
98_osh,2023-12-20,40,9.759178452193735
98_osh,2023-12-20,50,10.965514093637466
98_osh,2023-12-21,5,9.606097608804705
98_osh,2023-12-21,10,9.606097608804705
98_osh,2023-12-21,15,9.606097608804705
98_osh,2023-12-21,20,9.606097608804705
98_osh,2023-12-21,30,9.606097608804705
98_osh,2023-12-21,40,9.606830053031445
98_osh,2023-12-21,50,10.66447951644659
98_osh,2023-12-22,5,9.474990092217922
98_osh,2023-12-22,10,9.474990092217922
98_osh,2023-12-22,15,9.474990092217922
98_osh,2023-12-22,20,9.474990092217922
98_osh,2023-12-22,30,9.474990092217922
98_osh,2023-12-22,40,9.474990092217922
98_osh,2023-12-22,50,10.35319072008133
98_osh,2023-12-23,5,9.345347464084623
98_osh,2023-12-23,10,9.345347464084623
98_osh,2023-12-23,15,9.345347464084623
98_osh,2023-12-23,20,9.345347464084623
98_osh,2023-12-23,30,9.345347464084623
98_osh,2023-12-23,40,9.345347464084623
98_osh,2023-12-23,50,10.320230729877949
98_osh,2023-12-24,5,9.267708376049995
98_osh,2023-12-24,10,9.267708376049995
98_osh,2023-12-24,15,9.267708376049995
98_osh,2023-12-24,20,9.267708376049995
98_osh,2023-12-24,30,9.267708376049995
98_osh,2023-12-24,40,9.267708376049995
98_osh,2023-12-24,50,10.208899207413197
98_osh,2023-12-25,5,9.267708376049995
98_osh,2023-12-25,10,9.267708376049995
98_osh,2023-12-25,15,9.267708376049995
98_osh,2023-12-25,20,9.267708376049995
98_osh,2023-12-25,30,9.267708376049995
98_osh,2023-12-25,40,9.291879035532476
98_osh,2023-12-25,50,9.829493097960947
98_osh,2023-12-26,5,9.28601948171854
98_osh,2023-12-26,10,9.28601948171854
98_osh,2023-12-26,15,9.28601948171854
98_osh,2023-12-26,20,9.28601948171854
98_osh,2023-12-26,30,9.28601948171854
98_osh,2023-12-26,40,9.28601948171854
98_osh,2023-12-26,50,9.288949258625507
98_osh,2023-12-27,5,9.3028656989336
98_osh,2023-12-27,10,9.3028656989336
98_osh,2023-12-27,15,9.303598143160343
98_osh,2023-12-27,20,9.303598143160343
98_osh,2023-12-27,30,9.303598143160343
98_osh,2023-12-27,40,9.320444360375404
98_osh,2023-12-27,50,9.406140334904194
98_osh,2023-12-28,5,9.487441644072533
98_osh,2023-12-28,10,9.487441644072533
98_osh,2023-12-28,15,9.487441644072533
98_osh,2023-12-28,20,9.487441644072533
98_osh,2023-12-28,30,9.487441644072533
98_osh,2023-12-28,40,9.487441644072533
98_osh,2023-12-28,50,9.487441644072533
98_osh,2023-12-29,5,9.487441644072533
98_osh,2023-12-29,10,9.487441644072533
98_osh,2023-12-29,15,9.487441644072533
98_osh,2023-12-29,20,9.487441644072533
98_osh,2023-12-29,30,9.487441644072533
98_osh,2023-12-29,40,9.487441644072533
98_osh,2023-12-29,50,9.487441644072533
98_osh,2023-12-30,5,9.483779422938824
98_osh,2023-12-30,10,9.483779422938824
98_osh,2023-12-30,15,9.483779422938824
98_osh,2023-12-30,20,9.483779422938824
98_osh,2023-12-30,30,9.483779422938824
98_osh,2023-12-30,40,9.483779422938824
98_osh,2023-12-30,50,9.483779422938824
98_osh,2023-12-31,5,9.456678986549376
98_osh,2023-12-31,10,9.456678986549376
98_osh,2023-12-31,15,9.45741143077612
98_osh,2023-12-31,20,9.45741143077612
98_osh,2023-12-31,30,9.45814387500286
98_osh,2023-12-31,40,9.45814387500286
98_osh,2023-12-31,50,9.45814387500286
98_osh,2024-01-01,5,9.414197221398354
98_osh,2024-01-01,10,9.414197221398354
98_osh,2024-01-01,15,9.414197221398354
98_osh,2024-01-01,20,9.414197221398354
98_osh,2024-01-01,30,9.414197221398354
98_osh,2024-01-01,40,9.414197221398354
98_osh,2024-01-01,50,9.414197221398354
98_osh,2024-01-02,5,9.34754479676485
98_osh,2024-01-02,10,9.350474573671818
98_osh,2024-01-02,15,9.350474573671818
98_osh,2024-01-02,20,9.350474573671818
98_osh,2024-01-02,30,9.35120701789856
98_osh,2024-01-02,40,9.35120701789856
98_osh,2024-01-02,50,9.35120701789856
98_osh,2024-01-03,5,9.288216814398766
98_osh,2024-01-03,10,9.288216814398766
98_osh,2024-01-03,15,9.288216814398766
98_osh,2024-01-03,20,9.288216814398766
98_osh,2024-01-03,30,9.288216814398766
98_osh,2024-01-03,40,9.288216814398766
98_osh,2024-01-03,50,9.288216814398766
98_osh,2024-01-04,5,9.259651489555836
98_osh,2024-01-04,10,9.259651489555836
98_osh,2024-01-04,15,9.260383933782578
98_osh,2024-01-04,20,9.260383933782578
98_osh,2024-01-04,30,9.258919045329094
98_osh,2024-01-04,40,9.258919045329094
98_osh,2024-01-04,50,9.258919045329094
98_osh,2024-01-05,5,9.22009950131178
98_osh,2024-01-05,10,9.225226610898972
98_osh,2024-01-05,15,9.22815638780594
98_osh,2024-01-05,20,9.22888883203268
98_osh,2024-01-05,30,9.230353720486164
98_osh,2024-01-05,40,9.231818608939648
98_osh,2024-01-05,50,9.23255105316639
98_osh,2024-01-06,5,9.17908262461424
98_osh,2024-01-06,10,9.17908262461424
98_osh,2024-01-06,15,9.17908262461424
98_osh,2024-01-06,20,9.17908262461424
98_osh,2024-01-06,30,9.17981506884098
98_osh,2024-01-06,40,9.17981506884098
98_osh,2024-01-06,50,9.17981506884098
98_osh,2024-01-07,5,9.102908425033092
98_osh,2024-01-07,10,9.102908425033092
98_osh,2024-01-07,15,9.102908425033092
98_osh,2024-01-07,20,9.102908425033092
98_osh,2024-01-07,30,9.102908425033092
98_osh,2024-01-07,40,9.102908425033092
98_osh,2024-01-07,50,9.102908425033092
98_osh,2024-01-08,5,9.03625600039959
98_osh,2024-01-08,10,9.03625600039959
98_osh,2024-01-08,15,9.03625600039959
98_osh,2024-01-08,20,9.03625600039959
98_osh,2024-01-08,30,9.03625600039959
98_osh,2024-01-08,40,9.03625600039959
98_osh,2024-01-08,50,9.03625600039959
98_osh,2024-01-09,5,8.975463129580021
98_osh,2024-01-09,10,8.977660462260246
98_osh,2024-01-09,15,8.978392906486988
98_osh,2024-01-09,20,8.978392906486988
98_osh,2024-01-09,30,8.97912535071373
98_osh,2024-01-09,40,8.97912535071373
98_osh,2024-01-09,50,8.97912535071373
98_osh,2024-01-10,5,8.883175157010555
98_osh,2024-01-10,10,8.883175157010555
98_osh,2024-01-10,15,8.883175157010555
98_osh,2024-01-10,20,8.883175157010555
98_osh,2024-01-10,30,8.883175157010555
98_osh,2024-01-10,40,8.883907601237297
98_osh,2024-01-10,50,8.883907601237297
98_osh,2024-01-11,5,8.809198290109634
98_osh,2024-01-11,10,8.813592955470085
98_osh,2024-01-11,15,8.817987620830536
98_osh,2024-01-11,20,8.818720065057278
98_osh,2024-01-11,30,8.818720065057278
98_osh,2024-01-11,40,8.818720065057278
98_osh,2024-01-11,50,8.818720065057278
98_osh,2024-01-12,5,8.750602751970291
98_osh,2024-01-12,10,8.750602751970291
98_osh,2024-01-12,15,8.750602751970291
98_osh,2024-01-12,20,8.750602751970291
98_osh,2024-01-12,30,8.750602751970291
98_osh,2024-01-12,40,8.750602751970291
98_osh,2024-01-12,50,8.750602751970291
98_osh,2024-01-13,5,8.68907743692398
98_osh,2024-01-13,10,8.68907743692398
98_osh,2024-01-13,15,8.68907743692398
98_osh,2024-01-13,20,8.68907743692398
98_osh,2024-01-13,30,8.68907743692398
98_osh,2024-01-13,40,8.68907743692398
98_osh,2024-01-13,50,8.68907743692398
98_osh,2024-01-14,5,8.625354789197445
98_osh,2024-01-14,10,8.628284566104412
98_osh,2024-01-14,15,8.629017010331154
98_osh,2024-01-14,20,8.629017010331154
98_osh,2024-01-14,30,8.629017010331154
98_osh,2024-01-14,40,8.629017010331154
98_osh,2024-01-14,50,8.629017010331154
98_osh,2024-01-15,5,8.505233936011791
98_osh,2024-01-15,10,8.505233936011791
98_osh,2024-01-15,15,8.505233936011791
98_osh,2024-01-15,20,8.505233936011791
98_osh,2024-01-15,30,8.505966380238533
98_osh,2024-01-15,40,8.505966380238533
98_osh,2024-01-15,50,8.505966380238533
98_osh,2024-01-16,5,8.404156632721424
98_osh,2024-01-16,10,8.404156632721424
98_osh,2024-01-16,15,8.404889076948166
98_osh,2024-01-16,20,8.404889076948166
98_osh,2024-01-16,30,8.404889076948166
98_osh,2024-01-16,40,8.404889076948166
98_osh,2024-01-16,50,8.404889076948166
98_osh,2024-01-17,5,8.352153092622757
98_osh,2024-01-17,10,8.352153092622757
98_osh,2024-01-17,15,8.352153092622757
98_osh,2024-01-17,20,8.352153092622757
98_osh,2024-01-17,30,8.352153092622757
98_osh,2024-01-17,40,8.352153092622757
98_osh,2024-01-17,50,8.352153092622757
98_osh,2024-01-18,5,8.3126011043787
98_osh,2024-01-18,10,8.3126011043787
98_osh,2024-01-18,15,8.3126011043787
98_osh,2024-01-18,20,8.3126011043787
98_osh,2024-01-18,30,8.311868660151958
98_osh,2024-01-18,40,8.311868660151958
98_osh,2024-01-18,50,8.311868660151958
98_osh,2024-01-19,5,8.258400231599808
98_osh,2024-01-19,10,8.258400231599808
98_osh,2024-01-19,15,8.258400231599808
98_osh,2024-01-19,20,8.258400231599808
98_osh,2024-01-19,30,8.258400231599808
98_osh,2024-01-19,40,8.258400231599808
98_osh,2024-01-19,50,8.258400231599808
98_osh,2024-01-20,5,8.186620697379112
98_osh,2024-01-20,10,8.187353141605854
98_osh,2024-01-20,15,8.187353141605854
98_osh,2024-01-20,20,8.187353141605854
98_osh,2024-01-20,30,8.187353141605854
98_osh,2024-01-20,40,8.187353141605854
98_osh,2024-01-20,50,8.187353141605854
98_osh,2024-01-21,5,8.0672322884202
98_osh,2024-01-21,10,8.0672322884202
98_osh,2024-01-21,15,8.0672322884202
98_osh,2024-01-21,20,8.0672322884202
98_osh,2024-01-21,30,8.0672322884202
98_osh,2024-01-21,40,8.0672322884202
98_osh,2024-01-21,50,8.0672322884202
98_osh,2024-01-22,5,7.8775292336940765
98_osh,2024-01-22,10,7.881923899054527
98_osh,2024-01-22,15,7.889248341321945
98_osh,2024-01-22,20,7.893643006682396
98_osh,2024-01-22,30,7.906094558537006
98_osh,2024-01-22,40,7.911221668124199
98_osh,2024-01-22,50,7.914883889257908
98_osh,2024-01-23,5,7.5347453355789185
98_osh,2024-01-23,10,7.5347453355789185
98_osh,2024-01-23,15,7.536942668259144
98_osh,2024-01-23,20,7.538407556712627
98_osh,2024-01-23,30,7.54353466629982
98_osh,2024-01-23,40,7.550126664340496
98_osh,2024-01-23,50,7.645344413816929
98_osh,2024-01-24,5,6.8975188583135605
98_osh,2024-01-24,10,6.898251302540302
98_osh,2024-01-24,15,6.900448635220528
98_osh,2024-01-24,20,6.901181079447269
98_osh,2024-01-24,30,6.91363263130188
98_osh,2024-01-24,40,7.090151689946652
98_osh,2024-01-24,50,7.273262746632099
98_osh,2024-01-25,5,6.463179431855679
98_osh,2024-01-25,10,6.463179431855679
98_osh,2024-01-25,15,6.463179431855679
98_osh,2024-01-25,20,6.463179431855679
98_osh,2024-01-25,30,6.489547424018383
98_osh,2024-01-25,40,7.041810370981693
98_osh,2024-01-25,50,7.242500089108944
98_osh,2024-01-26,5,6.384075455367565
98_osh,2024-01-26,10,6.384075455367565
98_osh,2024-01-26,15,6.384807899594307
98_osh,2024-01-26,20,6.385540343821049
98_osh,2024-01-26,30,6.625049605965614
98_osh,2024-01-26,40,7.183172106742859
98_osh,2024-01-26,50,7.295236073434353
98_osh,2024-01-27,5,6.375286124646664
98_osh,2024-01-27,10,6.377483457326889
98_osh,2024-01-27,15,6.386272788047791
98_osh,2024-01-27,20,6.4001892283558846
98_osh,2024-01-27,30,6.866023756563664
98_osh,2024-01-27,40,7.188299216330051
98_osh,2024-01-27,50,7.287911631166935
98_osh,2024-01-28,5,6.345988355576992
98_osh,2024-01-28,10,6.348185688257217
98_osh,2024-01-28,15,6.357707463204861
98_osh,2024-01-28,20,6.376751013100147
98_osh,2024-01-28,30,6.934873513877392
98_osh,2024-01-28,40,7.126041457056999
98_osh,2024-01-28,50,7.252021864056587
98_osh,2024-01-29,5,6.311563476920128
98_osh,2024-01-29,10,6.311563476920128
98_osh,2024-01-29,15,6.31669058650732
98_osh,2024-01-29,20,6.328409694135189
98_osh,2024-01-29,30,6.88506730645895
98_osh,2024-01-29,40,7.074037916958332
98_osh,2024-01-29,50,7.203680545091629
98_osh,2024-01-30,5,6.300576813519001
98_osh,2024-01-30,10,6.300576813519001
98_osh,2024-01-30,15,6.300576813519001
98_osh,2024-01-30,20,6.302774146199226
98_osh,2024-01-30,30,6.613330498337746
98_osh,2024-01-30,40,7.04034548252821
98_osh,2024-01-30,50,7.16705833375454
98_osh,2024-01-31,5,6.280068375170231
98_osh,2024-01-31,10,6.280800819396973
98_osh,2024-01-31,15,6.281533263623714
98_osh,2024-01-31,20,6.281533263623714
98_osh,2024-01-31,30,6.333536803722382
98_osh,2024-01-31,40,6.956114396452904
98_osh,2024-01-31,50,7.106265462934971
98_osh,2024-02-01,5,6.343058578670025
98_osh,2024-02-01,10,6.343058578670025
98_osh,2024-02-01,15,6.343058578670025
98_osh,2024-02-01,20,6.343058578670025
98_osh,2024-02-01,30,6.343058578670025
98_osh,2024-02-01,40,6.4529252126812935
98_osh,2024-02-01,50,6.923154406249523
98_osh,2024-02-02,5,6.38187812268734
98_osh,2024-02-02,10,6.38187812268734
98_osh,2024-02-02,15,6.38187812268734
98_osh,2024-02-02,20,6.38187812268734
98_osh,2024-02-02,30,6.382610566914082
98_osh,2024-02-02,40,6.387005232274532
98_osh,2024-02-02,50,6.411908335983753
98_osh,2024-02-03,5,6.460249654948711
98_osh,2024-02-03,10,6.460249654948711
98_osh,2024-02-03,15,6.460249654948711
98_osh,2024-02-03,20,6.460249654948711
98_osh,2024-02-03,30,6.460249654948711
98_osh,2024-02-03,40,6.460249654948711
98_osh,2024-02-03,50,6.463179431855679
98_osh,2024-02-04,5,6.395794562995434
98_osh,2024-02-04,10,6.395794562995434
98_osh,2024-02-04,15,6.395794562995434
98_osh,2024-02-04,20,6.395794562995434
98_osh,2024-02-04,30,6.395794562995434
98_osh,2024-02-04,40,6.395794562995434
98_osh,2024-02-04,50,6.395794562995434
98_osh,2024-02-05,5,6.350383020937443
98_osh,2024-02-05,10,6.348918132483959
98_osh,2024-02-05,15,6.346720799803734
98_osh,2024-02-05,20,6.34525591135025
98_osh,2024-02-05,30,6.341593690216541
98_osh,2024-02-05,40,6.340128801763058
98_osh,2024-02-05,50,6.340128801763058
98_osh,2024-02-06,5,6.278603486716747
98_osh,2024-02-06,10,6.279335930943489
98_osh,2024-02-06,15,6.278603486716747
98_osh,2024-02-06,20,6.2778710424900055
98_osh,2024-02-06,30,6.27567370980978
98_osh,2024-02-06,40,6.273476377129555
98_osh,2024-02-06,50,6.273476377129555
98_osh,2024-02-07,5,6.207556396722794
98_osh,2024-02-07,10,6.207556396722794
98_osh,2024-02-07,15,6.206823952496052
98_osh,2024-02-07,20,6.20609150826931
98_osh,2024-02-07,30,6.204626619815826
98_osh,2024-02-07,40,6.202429287135601
98_osh,2024-02-07,50,6.202429287135601
98_osh,2024-02-08,5,6.124790199100971
98_osh,2024-02-08,10,6.124790199100971
98_osh,2024-02-08,15,6.125522643327713
98_osh,2024-02-08,20,6.125522643327713
98_osh,2024-02-08,30,6.124790199100971
98_osh,2024-02-08,40,6.124057754874229
98_osh,2024-02-08,50,6.124790199100971
98_osh,2024-02-09,5,6.048615999519825
98_osh,2024-02-09,10,6.048615999519825
98_osh,2024-02-09,15,6.048615999519825
98_osh,2024-02-09,20,6.048615999519825
98_osh,2024-02-09,30,6.048615999519825
98_osh,2024-02-09,40,6.047883555293083
98_osh,2024-02-09,50,6.048615999519825
98_osh,2024-02-10,5,6.014191120862961
98_osh,2024-02-10,10,6.014923565089703
98_osh,2024-02-10,15,6.014191120862961
98_osh,2024-02-10,20,6.012726232409477
98_osh,2024-02-10,30,6.009064011275768
98_osh,2024-02-10,40,6.006134234368801
98_osh,2024-02-10,50,6.015656009316444
98_osh,2024-02-11,5,5.973906688392162
98_osh,2024-02-11,10,5.973906688392162
98_osh,2024-02-11,15,5.974639132618904
98_osh,2024-02-11,20,5.974639132618904
98_osh,2024-02-11,30,5.973906688392162
98_osh,2024-02-11,40,5.9731742441654205
98_osh,2024-02-11,50,5.973906688392162
98_osh,2024-02-12,5,5.944608919322491
98_osh,2024-02-12,10,5.944608919322491
98_osh,2024-02-12,15,5.944608919322491
98_osh,2024-02-12,20,5.943876475095749
98_osh,2024-02-12,30,5.942411586642265
98_osh,2024-02-12,40,5.941679142415524
98_osh,2024-02-12,50,5.941679142415524
98_osh,2024-02-13,5,5.937284477055073
98_osh,2024-02-13,10,5.935819588601589
98_osh,2024-02-13,15,5.930692479014397
98_osh,2024-02-13,20,5.928495146334171
98_osh,2024-02-13,30,5.921903148293495
98_osh,2024-02-13,40,5.918240927159786
98_osh,2024-02-13,50,5.917508482933044
98_osh,2024-02-14,5,5.940946698188782
98_osh,2024-02-14,10,5.929227590560913
98_osh,2024-02-14,15,5.923368036746979
98_osh,2024-02-14,20,5.921170704066753
98_osh,2024-02-14,30,5.91164892911911
98_osh,2024-02-14,40,5.900662265717983
98_osh,2024-02-14,50,5.902859598398209
98_osh,2024-02-15,5,5.872829385101795
98_osh,2024-02-15,10,5.877224050462246
98_osh,2024-02-15,15,5.89114049077034
98_osh,2024-02-15,20,5.8962676003575325
98_osh,2024-02-15,30,5.907986707985401
98_osh,2024-02-15,40,5.902859598398209
98_osh,2024-02-15,50,5.900662265717983
98_osh,2024-02-16,5,5.864772498607636
98_osh,2024-02-16,10,5.864772498607636
98_osh,2024-02-16,15,5.864772498607636
98_osh,2024-02-16,20,5.864772498607636
98_osh,2024-02-16,30,5.864772498607636
98_osh,2024-02-16,40,5.8684347197413445
98_osh,2024-02-16,50,5.886745825409889
98_osh,2024-02-17,5,5.890408046543598
98_osh,2024-02-17,10,5.888210713863373
98_osh,2024-02-17,15,5.885280936956406
98_osh,2024-02-17,20,5.884548492729664
98_osh,2024-02-17,30,5.880153827369213
98_osh,2024-02-17,40,5.8786889389157295
98_osh,2024-02-17,50,5.879421383142471
98_osh,2024-02-18,5,5.936552032828331
98_osh,2024-02-18,10,5.922635592520237
98_osh,2024-02-18,15,5.909451596438885
98_osh,2024-02-18,20,5.90359204262495
98_osh,2024-02-18,30,5.887478269636631
98_osh,2024-02-18,40,5.877956494688988
98_osh,2024-02-18,50,5.879421383142471
98_osh,2024-02-19,5,6.002472013235092
98_osh,2024-02-19,10,5.967314690351486
98_osh,2024-02-19,15,5.944608919322491
98_osh,2024-02-19,20,5.935087144374847
98_osh,2024-02-19,30,5.8962676003575325
98_osh,2024-02-19,40,5.872096940875053
98_osh,2024-02-19,50,5.864772498607636
98_osh,2024-02-20,5,5.888943158090115
98_osh,2024-02-20,10,5.888943158090115
98_osh,2024-02-20,15,5.890408046543598
98_osh,2024-02-20,20,5.889675602316856
98_osh,2024-02-20,30,5.883816048502922
98_osh,2024-02-20,40,5.882351160049439
98_osh,2024-02-20,50,5.884548492729664
98_osh,2024-02-21,5,5.8332773968577385
98_osh,2024-02-21,10,5.8332773968577385
98_osh,2024-02-21,15,5.8332773968577385
98_osh,2024-02-21,20,5.8332773968577385
98_osh,2024-02-21,30,5.8332773968577385
98_osh,2024-02-21,40,5.836207173764706
98_osh,2024-02-21,50,5.855250723659992
98_osh,2024-02-22,5,5.820825845003128
98_osh,2024-02-22,10,5.820825845003128
98_osh,2024-02-22,15,5.820825845003128
98_osh,2024-02-22,20,5.820825845003128
98_osh,2024-02-22,30,5.820825845003128
98_osh,2024-02-22,40,5.820825845003128
98_osh,2024-02-22,50,5.820825845003128
98_osh,2024-02-23,5,5.7981200739741325
98_osh,2024-02-23,10,5.7981200739741325
98_osh,2024-02-23,15,5.7981200739741325
98_osh,2024-02-23,20,5.7981200739741325
98_osh,2024-02-23,30,5.797387629747391
98_osh,2024-02-23,40,5.797387629747391
98_osh,2024-02-23,50,5.797387629747391
98_osh,2024-02-24,5,5.774681858718395
98_osh,2024-02-24,10,5.774681858718395
98_osh,2024-02-24,15,5.774681858718395
98_osh,2024-02-24,20,5.774681858718395
98_osh,2024-02-24,30,5.773216970264912
98_osh,2024-02-24,40,5.77248452603817
98_osh,2024-02-24,50,5.77248452603817
98_osh,2024-02-25,5,5.762230306863785
98_osh,2024-02-25,10,5.760032974183559
98_osh,2024-02-25,15,5.757835641503334
98_osh,2024-02-25,20,5.757103197276592
98_osh,2024-02-25,30,5.754173420369625
98_osh,2024-02-25,40,5.750511199235916
98_osh,2024-02-25,50,5.750511199235916
98_osh,2024-02-26,5,5.732932537794113
98_osh,2024-02-26,10,5.7351298704743385
98_osh,2024-02-26,15,5.738059647381306
98_osh,2024-02-26,20,5.738792091608048
98_osh,2024-02-26,30,5.74391920119524
98_osh,2024-02-26,40,5.743186756968498
98_osh,2024-02-26,50,5.740256980061531
98_osh,2024-02-27,5,5.732200093567371
98_osh,2024-02-27,10,5.732200093567371
98_osh,2024-02-27,15,5.732200093567371
98_osh,2024-02-27,20,5.732200093567371
98_osh,2024-02-27,30,5.732200093567371
98_osh,2024-02-27,40,5.733664982020855
98_osh,2024-02-27,50,5.73586231470108
98_osh,2024-02-28,5,5.736594758927822
98_osh,2024-02-28,10,5.736594758927822
98_osh,2024-02-28,15,5.736594758927822
98_osh,2024-02-28,20,5.736594758927822
98_osh,2024-02-28,30,5.733664982020855
98_osh,2024-02-28,40,5.73146764934063
98_osh,2024-02-28,50,5.730002760887146
98_osh,2024-02-29,5,5.771752081811428
98_osh,2024-02-29,10,5.765160083770752
98_osh,2024-02-29,15,5.760032974183559
98_osh,2024-02-29,20,5.758568085730076
98_osh,2024-02-29,30,5.751243643462658
98_osh,2024-02-29,40,5.745384089648724
98_osh,2024-02-29,50,5.739524535834789
98_osh,2024-03-01,5,5.708761878311634
98_osh,2024-03-01,10,5.716818764805794
98_osh,2024-03-01,15,5.722678318619728
98_osh,2024-03-01,20,5.724143207073212
98_osh,2024-03-01,30,5.727072983980179
98_osh,2024-03-01,40,5.728537872433662
98_osh,2024-03-01,50,5.730002760887146
98_osh,2024-03-02,5,5.617938794195652
98_osh,2024-03-02,10,5.617938794195652
98_osh,2024-03-02,15,5.617938794195652
98_osh,2024-03-02,20,5.617938794195652
98_osh,2024-03-02,30,5.617938794195652
98_osh,2024-03-02,40,5.617938794195652
98_osh,2024-03-02,50,5.618671238422394
98_osh,2024-03-03,5,5.511734381318092
98_osh,2024-03-03,10,5.509537048637867
98_osh,2024-03-03,15,5.5066072717309
98_osh,2024-03-03,20,5.505142383277416
98_osh,2024-03-03,30,5.505874827504158
98_osh,2024-03-03,40,5.515396602451801
98_osh,2024-03-03,50,5.530045486986637
98_osh,2024-03-04,5,5.442152179777622
98_osh,2024-03-04,10,5.442152179777622
98_osh,2024-03-04,15,5.442152179777622
98_osh,2024-03-04,20,5.44141973555088
98_osh,2024-03-04,30,5.439954847097397
98_osh,2024-03-04,40,5.446546845138073
98_osh,2024-03-04,50,5.459730841219425
98_osh,2024-03-05,5,5.4480117335915565
98_osh,2024-03-05,10,5.444349512457848
98_osh,2024-03-05,15,5.439222402870655
98_osh,2024-03-05,20,5.437757514417172
98_osh,2024-03-05,30,5.438489958643913
98_osh,2024-03-05,40,5.454603731632233
98_osh,2024-03-05,50,5.456068620085716
98_osh,2024-03-06,5,5.448744177818298
98_osh,2024-03-06,10,5.442152179777622
98_osh,2024-03-06,15,5.438489958643913
98_osh,2024-03-06,20,5.43702507019043
98_osh,2024-03-06,30,5.440687291324139
98_osh,2024-03-06,40,5.453138843178749
98_osh,2024-03-06,50,5.454603731632233
98_osh,2024-03-07,5,5.450209066271782
98_osh,2024-03-07,10,5.444349512457848
98_osh,2024-03-07,15,5.438489958643913
98_osh,2024-03-07,20,5.43702507019043
98_osh,2024-03-07,30,5.435560181736946
98_osh,2024-03-07,40,5.4516739547252655
98_osh,2024-03-07,50,5.453871287405491
98_osh,2024-03-08,5,5.460463285446167
98_osh,2024-03-08,10,5.452406398952007
98_osh,2024-03-08,15,5.445814400911331
98_osh,2024-03-08,20,5.442884624004364
98_osh,2024-03-08,30,5.439954847097397
98_osh,2024-03-08,40,5.453871287405491
98_osh,2024-03-08,50,5.456801064312458
98_osh,2024-03-09,5,5.452406398952007
98_osh,2024-03-09,10,5.444349512457848
98_osh,2024-03-09,15,5.439222402870655
98_osh,2024-03-09,20,5.43702507019043
98_osh,2024-03-09,30,5.435560181736946
98_osh,2024-03-09,40,5.448744177818298
98_osh,2024-03-09,50,5.453871287405491
98_osh,2024-03-10,5,5.442152179777622
98_osh,2024-03-10,10,5.436292625963688
98_osh,2024-03-10,15,5.430433072149754
98_osh,2024-03-10,20,5.42896818369627
98_osh,2024-03-10,30,5.422376185655594
98_osh,2024-03-10,40,5.434095293283463
98_osh,2024-03-10,50,5.442884624004364
98_osh,2024-03-11,5,5.502212606370449
98_osh,2024-03-11,10,5.473647281527519
98_osh,2024-03-11,15,5.445814400911331
98_osh,2024-03-11,20,5.438489958643913
98_osh,2024-03-11,30,5.424573518335819
98_osh,2024-03-11,40,5.438489958643913
98_osh,2024-03-11,50,5.450209066271782
98_osh,2024-03-12,5,5.429700627923012
98_osh,2024-03-12,10,5.44141973555088
98_osh,2024-03-12,15,5.43702507019043
98_osh,2024-03-12,20,5.43702507019043
98_osh,2024-03-12,30,5.433362849056721
98_osh,2024-03-12,40,5.452406398952007
98_osh,2024-03-12,50,5.470717504620552
98_osh,2024-03-13,5,5.347666874527931
98_osh,2024-03-13,10,5.346934430301189
98_osh,2024-03-13,15,5.346201986074448
98_osh,2024-03-13,20,5.350596651434898
98_osh,2024-03-13,30,5.44947662204504
98_osh,2024-03-13,40,5.47804194688797
98_osh,2024-03-13,50,5.492690831422806
98_osh,2024-03-14,5,5.369640201330185
98_osh,2024-03-14,10,5.346934430301189
98_osh,2024-03-14,15,5.339609988033772
98_osh,2024-03-14,20,5.342539764940739
98_osh,2024-03-14,30,5.460463285446167
98_osh,2024-03-14,40,5.51466415822506
98_osh,2024-03-14,50,5.52711571007967
98_osh,2024-03-15,5,5.316171772778034
98_osh,2024-03-15,10,5.334482878446579
98_osh,2024-03-15,15,5.363048203289509
98_osh,2024-03-15,20,5.378429532051086
98_osh,2024-03-15,30,5.486831277608872
98_osh,2024-03-15,40,5.546891704201698
98_osh,2024-03-15,50,5.558610811829567
98_osh,2024-03-16,5,5.335947766900063
98_osh,2024-03-16,10,5.324961103498936
98_osh,2024-03-16,15,5.389416195452213
98_osh,2024-03-16,20,5.418713964521885
98_osh,2024-03-16,30,5.525650821626186
98_osh,2024-03-16,40,5.580584138631821
98_osh,2024-03-16,50,5.591570802032948
98_osh,2024-03-17,5,5.31836910545826
98_osh,2024-03-17,10,5.336680211126804
98_osh,2024-03-17,15,5.393810860812664
98_osh,2024-03-17,20,5.430433072149754
98_osh,2024-03-17,30,5.546891704201698
98_osh,2024-03-17,40,5.602557465434074
98_osh,2024-03-17,50,5.61281168460846
98_osh,2024-03-18,5,5.356456205248833
98_osh,2024-03-18,10,5.355723761022091
98_osh,2024-03-18,15,5.357188649475575
98_osh,2024-03-18,20,5.37183753401041
98_osh,2024-03-18,30,5.566667698323727
98_osh,2024-03-18,40,5.638447232544422
98_osh,2024-03-18,50,5.648701451718807
98_osh,2024-03-19,5,5.316904217004776
98_osh,2024-03-19,10,5.311777107417584
98_osh,2024-03-19,15,5.304452665150166
98_osh,2024-03-19,20,5.312509551644325
98_osh,2024-03-19,30,5.614276573061943
98_osh,2024-03-19,40,5.677266776561737
98_osh,2024-03-19,50,5.68678855150938
98_osh,2024-03-20,5,5.288338892161846
98_osh,2024-03-20,10,5.278084672987461
98_osh,2024-03-20,15,5.291268669068813
98_osh,2024-03-20,20,5.347666874527931
98_osh,2024-03-20,30,5.672872111201286
98_osh,2024-03-20,40,5.719016097486019
98_osh,2024-03-20,50,5.729270316660404
98_osh,2024-03-21,5,5.27369000762701
98_osh,2024-03-21,10,5.262703344225884
98_osh,2024-03-21,15,5.282479338347912
98_osh,2024-03-21,20,5.37183753401041
98_osh,2024-03-21,30,5.722678318619728
98_osh,2024-03-21,40,5.762962751090527
98_osh,2024-03-21,50,5.778344079852104
98_osh,2024-03-22,5,5.300790444016457
98_osh,2024-03-22,10,5.280282005667687
98_osh,2024-03-22,15,5.293466001749039
98_osh,2024-03-22,20,5.37989442050457
98_osh,2024-03-22,30,5.760765418410301
98_osh,2024-03-22,40,5.803979627788067
98_osh,2024-03-22,50,5.823755621910095
98_osh,2024-03-23,5,5.33082065731287
98_osh,2024-03-23,10,5.327158436179161
98_osh,2024-03-23,15,5.341074876487255
98_osh,2024-03-23,20,5.421643741428852
98_osh,2024-03-23,30,5.787865854799748
98_osh,2024-03-23,40,5.839136950671673
98_osh,2024-03-23,50,5.858180500566959
98_osh,2024-03-24,5,5.44947662204504
98_osh,2024-03-24,10,5.430433072149754
98_osh,2024-03-24,15,5.433362849056721
98_osh,2024-03-24,20,5.472914837300777
98_osh,2024-03-24,30,5.807641848921776
98_osh,2024-03-24,40,5.87063205242157
98_osh,2024-03-24,50,5.888943158090115
98_osh,2024-03-25,5,5.510269492864609
98_osh,2024-03-25,10,5.489028610289097
98_osh,2024-03-25,15,5.487563721835613
98_osh,2024-03-25,20,5.521256156265736
98_osh,2024-03-25,30,5.828882731497288
98_osh,2024-03-25,40,5.905789375305176
98_osh,2024-03-25,50,5.923368036746979
98_osh,2024-03-26,5,5.4970854967832565
98_osh,2024-03-26,10,5.484633944928646
98_osh,2024-03-26,15,5.51466415822506
98_osh,2024-03-26,20,5.576921917498112
98_osh,2024-03-26,30,5.872096940875053
98_osh,2024-03-26,40,5.942411586642265
98_osh,2024-03-26,50,5.96072269231081
98_osh,2024-03-27,5,5.552018813788891
98_osh,2024-03-27,10,5.522721044719219
98_osh,2024-03-27,15,5.568865031003952
98_osh,2024-03-27,20,5.631855234503746
98_osh,2024-03-27,30,5.927030257880688
98_osh,2024-03-27,40,5.985625796020031
98_osh,2024-03-27,50,6.0046693459153175
98_osh,2024-03-28,5,5.609881907701492
98_osh,2024-03-28,10,5.598895244300365
98_osh,2024-03-28,15,5.640644565224648
98_osh,2024-03-28,20,5.68678855150938
98_osh,2024-03-28,30,5.965849801898003
98_osh,2024-03-28,40,6.025177784264088
98_osh,2024-03-28,50,6.042024001479149
98_osh,2024-03-29,5,5.656758338212967
98_osh,2024-03-29,10,5.655293449759483
98_osh,2024-03-29,15,5.699972547590733
98_osh,2024-03-29,20,5.73146764934063
98_osh,2024-03-29,30,5.987090684473515
98_osh,2024-03-29,40,6.055940441787243
98_osh,2024-03-29,50,6.069856882095337
98_osh,2024-03-30,5,5.900662265717983
98_osh,2024-03-30,10,5.847926281392574
98_osh,2024-03-30,15,5.771752081811428
98_osh,2024-03-30,20,5.779808968305588
98_osh,2024-03-30,30,6.013458676636219
98_osh,2024-03-30,40,6.091097764670849
98_osh,2024-03-30,50,6.101351983845234
98_osh,2024-03-31,5,6.01785334199667
98_osh,2024-03-31,10,5.985625796020031
98_osh,2024-03-31,15,5.879421383142471
98_osh,2024-03-31,20,5.858180500566959
98_osh,2024-03-31,30,6.0537431091070175
98_osh,2024-03-31,40,6.126255087554455
98_osh,2024-03-31,50,6.132847085595131
98_osh,2024-04-01,5,6.080111101269722
98_osh,2024-04-01,10,6.047883555293083
98_osh,2024-04-01,15,5.976104021072388
98_osh,2024-04-01,20,5.94021425396204
98_osh,2024-04-01,30,6.10794398188591
98_osh,2024-04-01,40,6.162877298891544
98_osh,2024-04-01,50,6.163609743118286
98_osh,2024-04-02,5,6.121127977967262
98_osh,2024-04-02,10,6.1064790934324265
98_osh,2024-04-02,15,6.06692710518837
98_osh,2024-04-02,20,6.0222480073571205
98_osh,2024-04-02,30,6.165807075798512
98_osh,2024-04-02,40,6.196569733321667
98_osh,2024-04-02,50,6.188512846827507
98_osh,2024-04-03,5,6.22659994661808
98_osh,2024-04-03,10,6.1694692969322205
98_osh,2024-04-03,15,6.134311974048615
98_osh,2024-04-03,20,6.092562653124332
98_osh,2024-04-03,30,6.216345727443695
98_osh,2024-04-03,40,6.225867502391338
98_osh,2024-04-03,50,6.209753729403019
98_osh,2024-04-04,5,6.433149218559265
98_osh,2024-04-04,10,6.279335930943489
98_osh,2024-04-04,15,6.18558306992054
98_osh,2024-04-04,20,6.144566193223
98_osh,2024-04-04,30,6.250038161873817
98_osh,2024-04-04,40,6.2427137196064
98_osh,2024-04-04,50,6.222205281257629
98_osh,2024-04-05,5,6.5510727390646935
98_osh,2024-04-05,10,6.450727880001068
98_osh,2024-04-05,15,6.251503050327301
98_osh,2024-04-05,20,6.1973021775484085
98_osh,2024-04-05,30,6.277138598263264
98_osh,2024-04-05,40,6.25516527146101
98_osh,2024-04-05,50,6.230262167751789
98_osh,2024-04-06,5,6.668996259570122
98_osh,2024-04-06,10,6.556932292878628
98_osh,2024-04-06,15,6.324015028774738
98_osh,2024-04-06,20,6.256630159914494
98_osh,2024-04-06,30,6.302041701972485
98_osh,2024-04-06,40,6.268349267542362
98_osh,2024-04-06,50,6.240516386926174
98_osh,2024-04-07,5,6.849177539348602
98_osh,2024-04-07,10,6.662404261529446
98_osh,2024-04-07,15,6.398724339902401
98_osh,2024-04-07,20,6.319620363414288
98_osh,2024-04-07,30,6.32474747300148
98_osh,2024-04-07,40,6.282998152077198
98_osh,2024-04-07,50,6.252967938780785
98_osh,2024-04-08,5,7.060121476650238
98_osh,2024-04-08,10,6.770806007087231
98_osh,2024-04-08,15,6.469038985669613
98_osh,2024-04-08,20,6.378948345780373
98_osh,2024-04-08,30,6.34525591135025
98_osh,2024-04-08,40,6.29618214815855
98_osh,2024-04-08,50,6.263954602181912
98_osh,2024-04-09,5,6.938535735011101
98_osh,2024-04-09,10,6.838923320174217
98_osh,2024-04-09,15,6.491012312471867
98_osh,2024-04-09,20,6.399456784129143
98_osh,2024-04-09,30,6.356242574751377
98_osh,2024-04-09,40,6.294717259705067
98_osh,2024-04-09,50,6.262489713728428
98_osh,2024-04-10,5,6.916562408208847
98_osh,2024-04-10,10,6.868221089243889
98_osh,2024-04-10,15,6.576708287000656
98_osh,2024-04-10,20,6.458784766495228
98_osh,2024-04-10,30,6.370891459286213
98_osh,2024-04-10,40,6.290322594344616
98_osh,2024-04-10,50,6.257362604141235
98_osh,2024-04-11,5,7.011047713458538
98_osh,2024-04-11,10,6.939268179237843
98_osh,2024-04-11,15,6.649952709674835
98_osh,2024-04-11,20,6.522507414221764
98_osh,2024-04-11,30,6.4001892283558846
98_osh,2024-04-11,40,6.303506590425968
98_osh,2024-04-11,50,6.26322215795517
98_osh,2024-04-12,5,7.123111680150032
98_osh,2024-04-12,10,7.012512601912022
98_osh,2024-04-12,15,6.714407801628113
98_osh,2024-04-12,20,6.583300285041332
98_osh,2024-04-12,30,6.43095188587904
98_osh,2024-04-12,40,6.319620363414288
98_osh,2024-04-12,50,6.271279044449329
98_osh,2024-04-13,5,7.271797858178616
98_osh,2024-04-13,10,7.119449459016323
98_osh,2024-04-13,15,6.805230885744095
98_osh,2024-04-13,20,6.665334038436413
98_osh,2024-04-13,30,6.466109208762646
98_osh,2024-04-13,40,6.336466580629349
98_osh,2024-04-13,50,6.278603486716747
98_osh,2024-04-14,5,7.5135044530034065
98_osh,2024-04-14,10,7.245429866015911
98_osh,2024-04-14,15,6.894589081406593
98_osh,2024-04-14,20,6.745170459151268
98_osh,2024-04-14,30,6.499069198966026
98_osh,2024-04-14,40,6.347453244030476
98_osh,2024-04-14,50,6.280800819396973
98_osh,2024-04-15,5,7.796227924525738
98_osh,2024-04-15,10,7.371410273015499
98_osh,2024-04-15,15,6.9780877232551575
98_osh,2024-04-15,20,6.8206122145056725
98_osh,2024-04-15,30,6.530564300715923
98_osh,2024-04-15,40,6.356975018978119
98_osh,2024-04-15,50,6.278603486716747
98_osh,2024-04-16,5,8.10824916511774
98_osh,2024-04-16,10,7.501052901148796
98_osh,2024-04-16,15,7.063051253557205
98_osh,2024-04-16,20,6.901913523674011
98_osh,2024-04-16,30,6.564989179372788
98_osh,2024-04-16,40,6.369426570832729
98_osh,2024-04-16,50,6.276406154036522
98_osh,2024-04-17,5,8.290627777576447
98_osh,2024-04-17,10,7.604327537119389
98_osh,2024-04-17,15,7.117252126336098
98_osh,2024-04-17,20,6.956114396452904
98_osh,2024-04-17,30,6.584765173494816
98_osh,2024-04-17,40,6.370159015059471
98_osh,2024-04-17,50,6.263954602181912
98_osh,2024-04-18,5,8.45542772859335
98_osh,2024-04-18,10,7.692953288555145
98_osh,2024-04-18,15,7.136295676231384
98_osh,2024-04-18,20,6.970030836760998
98_osh,2024-04-18,30,6.576708287000656
98_osh,2024-04-18,40,6.347453244030476
98_osh,2024-04-18,50,6.236854165792465
98_osh,2024-04-19,5,8.71764276176691
98_osh,2024-04-19,10,7.762535490095615
98_osh,2024-04-19,15,7.127506345510483
98_osh,2024-04-19,20,6.953184619545937
98_osh,2024-04-19,30,6.54960785061121
98_osh,2024-04-19,40,6.3057039231061935
98_osh,2024-04-19,50,6.194372400641441
98_osh,2024-04-20,5,8.604846350848675
98_osh,2024-04-20,10,7.980071425437927
98_osh,2024-04-20,15,7.145085006952286
98_osh,2024-04-20,20,6.945860177278519
98_osh,2024-04-20,30,6.50859097391367
98_osh,2024-04-20,40,6.248573273420334
98_osh,2024-04-20,50,6.131382197141647
98_osh,2024-04-21,5,8.665639221668243
98_osh,2024-04-21,10,8.118503384292126
98_osh,2024-04-21,15,7.178777441382408
98_osh,2024-04-21,20,6.951719731092453
98_osh,2024-04-21,30,6.4807580932974815
98_osh,2024-04-21,40,6.202429287135601
98_osh,2024-04-21,50,6.069124437868595
98_osh,2024-04-22,5,8.867793828248978
98_osh,2024-04-22,10,8.231299795210361
98_osh,2024-04-22,15,7.222724094986916
98_osh,2024-04-22,20,6.968565948307514
98_osh,2024-04-22,30,6.46391187608242
98_osh,2024-04-22,40,6.164342187345028
98_osh,2024-04-22,50,6.012726232409477
98_osh,2024-04-23,5,9.076540432870388
98_osh,2024-04-23,10,8.39024019241333
98_osh,2024-04-23,15,7.317209400236607
98_osh,2024-04-23,20,7.030823707580566
98_osh,2024-04-23,30,6.4705038741230965
98_osh,2024-04-23,40,6.150425747036934
98_osh,2024-04-23,50,5.983428463339806
98_osh,2024-04-24,5,9.020874671638012
98_osh,2024-04-24,10,8.798211626708508
98_osh,2024-04-24,15,7.570635102689266
98_osh,2024-04-24,20,7.213202320039272
98_osh,2024-04-24,30,6.527634523808956
98_osh,2024-04-24,40,6.189977735280991
98_osh,2024-04-24,50,6.011993788182735
98_osh,2024-04-25,5,9.078737765550612
98_osh,2024-04-25,10,8.911008037626743
98_osh,2024-04-25,15,7.70320750772953
98_osh,2024-04-25,20,7.287911631166935
98_osh,2024-04-25,30,6.55766473710537
98_osh,2024-04-25,40,6.212683506309986
98_osh,2024-04-25,50,6.044221334159374
98_osh,2024-04-26,5,9.340952798724174
98_osh,2024-04-26,10,8.987914681434631
98_osh,2024-04-26,15,7.755211047828197
98_osh,2024-04-26,20,7.307687625288963
98_osh,2024-04-26,30,6.581102952361107
98_osh,2024-04-26,40,6.251503050327301
98_osh,2024-04-26,50,6.112338647246361
98_osh,2024-04-27,5,9.595110945403576
98_osh,2024-04-27,10,9.059694215655329
98_osh,2024-04-27,15,7.821131028234959
98_osh,2024-04-27,20,7.3596911653876305
98_osh,2024-04-27,30,6.621387384831905
98_osh,2024-04-27,40,6.293252371251583
98_osh,2024-04-27,50,6.168736852705479
98_osh,2024-04-28,5,9.80092777311802
98_osh,2024-04-28,10,9.099246203899384
98_osh,2024-04-28,15,7.806482143700123
98_osh,2024-04-28,20,7.345042280852795
98_osh,2024-04-28,30,6.622852273285389
98_osh,2024-04-28,40,6.280800819396973
98_osh,2024-04-28,50,6.143101304769516
98_osh,2024-04-29,5,9.9898983836174
98_osh,2024-04-29,10,9.15491196513176
98_osh,2024-04-29,15,7.832850135862827
98_osh,2024-04-29,20,7.367015607655048
98_osh,2024-04-29,30,6.629444271326065
98_osh,2024-04-29,40,6.254432827234268
98_osh,2024-04-29,50,6.060335107147694
98_osh,2024-04-30,5,10.1371196731925
98_osh,2024-04-30,10,9.186407066881657
98_osh,2024-04-30,15,7.892178118228912
98_osh,2024-04-30,20,7.427076034247875
98_osh,2024-04-30,30,6.63969849050045
98_osh,2024-04-30,40,6.220740392804146
98_osh,2024-04-30,50,5.9314249232411385
98_osh,2024-05-01,5,10.200842320919037
98_osh,2024-05-01,10,9.333628356456757
98_osh,2024-05-01,15,7.944914102554321
98_osh,2024-05-01,20,7.471755132079124
98_osh,2024-05-01,30,6.629444271326065
98_osh,2024-05-01,40,6.141636416316032
98_osh,2024-05-01,50,5.740989424288273
98_osh,2024-05-02,5,10.38175604492426
98_osh,2024-05-02,10,9.469130538403988
98_osh,2024-05-02,15,8.054048292338848
98_osh,2024-05-02,20,7.574297323822975
98_osh,2024-05-02,30,6.656544707715511
98_osh,2024-05-02,40,6.083040878176689
98_osh,2024-05-02,50,5.58864102512598
98_osh,2024-05-03,5,10.412518702447414
98_osh,2024-05-03,10,9.611224718391895
98_osh,2024-05-03,15,8.080416284501553
98_osh,2024-05-03,20,7.585283987224102
98_osh,2024-05-03,30,6.658009596168995
98_osh,2024-05-03,40,5.98928801715374
98_osh,2024-05-03,50,5.447279289364815
98_osh,2024-05-04,5,10.440351583063602
98_osh,2024-05-04,10,9.709372244775295
98_osh,2024-05-04,15,8.171239368617535
98_osh,2024-05-04,20,7.679769292473793
98_osh,2024-05-04,30,6.690969586372376
98_osh,2024-05-04,40,5.925565369427204
98_osh,2024-05-04,50,5.354258872568607
98_osh,2024-05-05,5,10.583178207278252
98_osh,2024-05-05,10,9.78554644435644
98_osh,2024-05-05,15,8.286233112215996
98_osh,2024-05-05,20,7.824060805141926
98_osh,2024-05-05,30,6.755424678325653
98_osh,2024-05-05,40,5.866969831287861
98_osh,2024-05-05,50,5.257576234638691
98_osh,2024-05-06,5,10.66008485108614
98_osh,2024-05-06,10,9.840479761362076
98_osh,2024-05-06,15,8.371929086744785
98_osh,2024-05-06,20,7.938322104513645
98_osh,2024-05-06,30,6.822809547185898
98_osh,2024-05-06,40,5.800317406654358
98_osh,2024-05-06,50,5.147709600627422
98_osh,2024-05-07,5,10.593432426452637
98_osh,2024-05-07,10,9.737937569618223
98_osh,2024-05-07,15,8.319193102419376
98_osh,2024-05-07,20,7.941251881420612
98_osh,2024-05-07,30,6.845515318214893
98_osh,2024-05-07,40,5.669942334294319
98_osh,2024-05-07,50,5.004150532186031
98_osh,2024-05-08,5,10.321695618331432
98_osh,2024-05-08,10,9.69106113910675
98_osh,2024-05-08,15,8.281106002628803
98_osh,2024-05-08,20,7.955900765955448
98_osh,2024-05-08,30,6.831598877906799
98_osh,2024-05-08,40,5.494888164103031
98_osh,2024-05-08,50,4.833491027355194
98_osh,2024-05-09,5,10.356852941215038
98_osh,2024-05-09,10,9.827295765280724
98_osh,2024-05-09,15,8.397564634680748
98_osh,2024-05-09,20,8.060640290379524
98_osh,2024-05-09,30,6.857966870069504
98_osh,2024-05-09,40,5.394543305039406
98_osh,2024-05-09,50,4.725821726024151
98_osh,2024-05-10,5,10.551683105528356
98_osh,2024-05-10,10,9.954741060733795
98_osh,2024-05-10,15,8.50083927065134
98_osh,2024-05-10,20,8.11996827274561
98_osh,2024-05-10,30,6.877742864191532
98_osh,2024-05-10,40,5.35132909566164
98_osh,2024-05-10,50,4.697988845407963
98_osh,2024-05-11,5,10.82781457901001
98_osh,2024-05-11,10,10.07998902350664
98_osh,2024-05-11,15,8.664906777441502
98_osh,2024-05-11,20,8.240821570158005
98_osh,2024-05-11,30,6.959044173359871
98_osh,2024-05-11,40,5.377697087824345
98_osh,2024-05-11,50,4.7214270606637
98_osh,2024-05-12,5,11.041688293218613
98_osh,2024-05-12,10,10.173009440302849
98_osh,2024-05-12,15,8.796746738255024
98_osh,2024-05-12,20,8.34922331571579
98_osh,2024-05-12,30,7.035950817167759
98_osh,2024-05-12,40,5.405529968440533
98_osh,2024-05-12,50,4.730948835611343
98_osh,2024-05-13,5,11.059999398887156
98_osh,2024-05-13,10,10.20596943050623
98_osh,2024-05-13,15,8.854609832167625
98_osh,2024-05-13,20,8.408551298081875
98_osh,2024-05-13,30,7.076967693865299
98_osh,2024-05-13,40,5.414319299161434
98_osh,2024-05-13,50,4.712637729942799
98_osh,2024-05-14,5,11.117130048573015
98_osh,2024-05-14,10,10.27628407627344
98_osh,2024-05-14,15,8.951292470097542
98_osh,2024-05-14,20,8.5088961571455
98_osh,2024-05-14,30,7.1216467916965485
98_osh,2024-05-14,40,5.41651663184166
98_osh,2024-05-14,50,4.6708884090185165
98_osh,2024-05-15,5,11.262886449694632
98_osh,2024-05-15,10,10.379558712244034
98_osh,2024-05-15,15,9.107303090393543
98_osh,2024-05-15,20,8.683950327336788
98_osh,2024-05-15,30,7.233710758388042
98_osh,2024-05-15,40,5.49049349874258
98_osh,2024-05-15,50,4.637928418815136
98_osh,2024-05-16,5,11.66646321862936
98_osh,2024-05-16,10,10.56193732470274
98_osh,2024-05-16,15,9.252327047288418
98_osh,2024-05-16,20,8.850947611033916
98_osh,2024-05-16,30,7.350901834666729
98_osh,2024-05-16,40,5.56813258677721
98_osh,2024-05-16,50,4.58226265758276
98_osh,2024-05-17,5,11.875942267477512
98_osh,2024-05-17,10,10.6681417375803
98_osh,2024-05-17,15,9.245735049247742
98_osh,2024-05-17,20,8.858272053301334
98_osh,2024-05-17,30,7.336985394358635
98_osh,2024-05-17,40,5.48609883338213
98_osh,2024-05-17,50,4.468733802437782
98_osh,2024-05-18,5,12.031220443546772
98_osh,2024-05-18,10,10.862239457666874
98_osh,2024-05-18,15,9.241340383887293
98_osh,2024-05-18,20,8.84435561299324
98_osh,2024-05-18,30,7.299630738794804
98_osh,2024-05-18,40,5.414319299161434
98_osh,2024-05-18,50,4.419660039246082
98_osh,2024-05-19,5,12.047334216535091
98_osh,2024-05-19,10,10.859309680759909
98_osh,2024-05-19,15,9.209845282137394
98_osh,2024-05-19,20,8.814325399696827
98_osh,2024-05-19,30,7.267403192818165
98_osh,2024-05-19,40,5.327890880405903
98_osh,2024-05-19,50,4.382305383682251
98_osh,2024-05-20,5,12.019501335918903
98_osh,2024-05-20,10,10.83220924437046
98_osh,2024-05-20,15,9.198858618736269
98_osh,2024-05-20,20,8.804071180522442
98_osh,2024-05-20,30,7.20807521045208
98_osh,2024-05-20,40,5.202642917633057
98_osh,2024-05-20,50,4.360332056879997
98_osh,2024-05-21,5,12.409161664545536
98_osh,2024-05-21,10,10.77434615045786
98_osh,2024-05-21,15,9.12268441915512
98_osh,2024-05-21,20,8.718375205993652
98_osh,2024-05-21,30,7.012512601912022
98_osh,2024-05-21,40,4.98730431497097
98_osh,2024-05-21,50,4.339091174304485
98_osh,2024-05-22,5,12.467024758458138
98_osh,2024-05-22,10,10.840998575091362
98_osh,2024-05-22,15,9.12268441915512
98_osh,2024-05-22,20,8.661244556307793
98_osh,2024-05-22,30,6.859431758522987
98_osh,2024-05-22,40,4.873775459825993
98_osh,2024-05-22,50,4.378643162548542
98_osh,2024-05-23,5,12.450178541243076
98_osh,2024-05-23,10,10.973570980131626
98_osh,2024-05-23,15,9.169560849666595
98_osh,2024-05-23,20,8.650990337133408
98_osh,2024-05-23,30,6.831598877906799
98_osh,2024-05-23,40,4.869380794465542
98_osh,2024-05-23,50,4.457014694809914
98_osh,2024-05-24,5,12.413556329905989
98_osh,2024-05-24,10,10.86516923457384
98_osh,2024-05-24,15,9.13879819214344
98_osh,2024-05-24,20,8.609241016209126
98_osh,2024-05-24,30,6.754692234098911
98_osh,2024-05-24,40,4.834955915808678
98_osh,2024-05-24,50,4.510483123362064
98_osh,2024-05-25,5,12.322733245790005
98_osh,2024-05-25,10,10.965514093637466
98_osh,2024-05-25,15,9.161503963172436
98_osh,2024-05-25,20,8.605578795075417
98_osh,2024-05-25,30,6.611865609884262
98_osh,2024-05-25,40,4.782219931483269
98_osh,2024-05-25,50,4.557359553873539
98_osh,2024-05-26,5,12.401837222278118
98_osh,2024-05-26,10,11.153752259910108
98_osh,2024-05-26,15,9.173955515027046
98_osh,2024-05-26,20,8.560167253017426
98_osh,2024-05-26,30,6.535691410303116
98_osh,2024-05-26,40,4.817377254366875
98_osh,2024-05-26,50,4.632068865001202
98_osh,2024-05-27,5,12.450178541243076
98_osh,2024-05-27,10,11.328806430101396
98_osh,2024-05-27,15,9.324106581509112
98_osh,2024-05-27,20,8.682485438883305
98_osh,2024-05-27,30,6.6279793828725815
98_osh,2024-05-27,40,4.919919446110725
98_osh,2024-05-27,50,4.718497283756733
98_osh,2024-05-28,5,12.274391926825048
98_osh,2024-05-28,10,11.46577350050211
98_osh,2024-05-28,15,9.317514583468435
98_osh,2024-05-28,20,8.685415215790272
98_osh,2024-05-28,30,6.607470944523811
98_osh,2024-05-28,40,4.963866099715233
98_osh,2024-05-28,50,4.8041932582855225
98_osh,2024-05-29,5,12.256080821156502
98_osh,2024-05-29,10,11.38886685669422
98_osh,2024-05-29,15,9.275032818317412
98_osh,2024-05-29,20,8.663441888988018
98_osh,2024-05-29,30,6.50859097391367
98_osh,2024-05-29,40,4.986571870744228
98_osh,2024-05-29,50,4.886227011680603
98_osh,2024-05-30,5,12.375469230115414
98_osh,2024-05-30,10,11.3061006590724
98_osh,2024-05-30,15,9.221564389765264
98_osh,2024-05-30,20,8.590197466313839
98_osh,2024-05-30,30,6.4353465512394905
98_osh,2024-05-30,40,5.030518524348736
98_osh,2024-05-30,50,4.956541657447815
98_osh,2024-05-31,5,12.444318987429142
98_osh,2024-05-31,10,11.292184218764303
98_osh,2024-05-31,15,9.237678162753582
98_osh,2024-05-31,20,8.577013470232487
98_osh,2024-05-31,30,6.448530547320843
98_osh,2024-05-31,40,5.099368281662464
98_osh,2024-05-31,50,5.020264305174351
98_osh,2024-06-01,5,12.481673642992972
98_osh,2024-06-01,10,11.28998688608408
98_osh,2024-06-01,15,9.250129714608192
98_osh,2024-06-01,20,8.577745914459229
98_osh,2024-06-01,30,6.474898539483547
98_osh,2024-06-01,40,5.157963819801807
98_osh,2024-06-01,50,5.066408291459084
98_osh,2024-06-02,5,12.583483390510082
98_osh,2024-06-02,10,11.357371754944324
98_osh,2024-06-02,15,9.372447900474072
98_osh,2024-06-02,20,8.7051912099123
98_osh,2024-06-02,30,6.586962506175041
98_osh,2024-06-02,40,5.239997573196888
98_osh,2024-06-02,50,5.089114062488079
98_osh,2024-06-03,5,12.486800752580166
98_osh,2024-06-03,10,11.478957496583462
98_osh,2024-06-03,15,9.496963419020176
98_osh,2024-06-03,20,8.857539609074593
98_osh,2024-06-03,30,6.7224646881222725
98_osh,2024-06-03,40,5.333750434219837
98_osh,2024-06-03,50,5.099368281662464
98_osh,2024-06-04,5,12.448713652789593
98_osh,2024-06-04,10,11.60493790358305
98_osh,2024-06-04,15,9.602435387670994
98_osh,2024-06-04,20,8.971800908446312
98_osh,2024-06-04,30,6.816949993371964
98_osh,2024-06-04,40,5.406994856894016
98_osh,2024-06-04,50,5.109622500836849
98_osh,2024-06-05,5,12.51316874474287
98_osh,2024-06-05,10,11.769005410373213
98_osh,2024-06-05,15,9.74819178879261
98_osh,2024-06-05,20,9.07727287709713
98_osh,2024-06-05,30,6.850642427802086
98_osh,2024-06-05,40,5.431897960603237
98_osh,2024-06-05,50,5.109622500836849
98_osh,2024-06-06,5,12.617908269166946
98_osh,2024-06-06,10,11.880336932837965
98_osh,2024-06-06,15,9.819238878786564
98_osh,2024-06-06,20,9.088991984724998
98_osh,2024-06-06,30,6.783257558941841
98_osh,2024-06-06,40,5.396740637719631
98_osh,2024-06-06,50,5.092776283621788
98_osh,2024-06-07,5,12.74608600884676
98_osh,2024-06-07,10,11.98141423612833
98_osh,2024-06-07,15,9.946684174239635
98_osh,2024-06-07,20,9.181279957294464
98_osh,2024-06-07,30,6.808893106877804
98_osh,2024-06-07,40,5.414319299161434
98_osh,2024-06-07,50,5.098635837435722
98_osh,2024-06-08,5,12.915280625224112
98_osh,2024-06-08,10,12.044404439628124
98_osh,2024-06-08,15,10.060213029384611
98_osh,2024-06-08,20,9.278695039451122
98_osh,2024-06-08,30,6.855769537389278
98_osh,2024-06-08,40,5.447279289364815
98_osh,2024-06-08,50,5.117679387331009
98_osh,2024-06-09,5,13.19214454293251
98_osh,2024-06-09,10,12.07150487601757
98_osh,2024-06-09,15,10.142979227006435
98_osh,2024-06-09,20,9.361461237072945
98_osh,2024-06-09,30,6.909970410168171
98_osh,2024-06-09,40,5.489761054515839
98_osh,2024-06-09,50,5.143314935266972
98_osh,2024-06-10,5,13.455824464559557
98_osh,2024-06-10,10,12.114719085395336
98_osh,2024-06-10,15,10.162022776901722
98_osh,2024-06-10,20,9.37977234274149
98_osh,2024-06-10,30,6.923886850476265
98_osh,2024-06-10,40,5.5183263793587685
98_osh,2024-06-10,50,5.170415371656418
98_osh,2024-06-11,5,13.627948857843876
98_osh,2024-06-11,10,12.155003517866136
98_osh,2024-06-11,15,10.1774041056633
98_osh,2024-06-11,20,9.406872779130936
98_osh,2024-06-11,30,6.967101059854031
98_osh,2024-06-11,40,5.558610811829567
98_osh,2024-06-11,50,5.201178029179573
98_osh,2024-06-12,5,13.790551476180552
98_osh,2024-06-12,10,12.23483993858099
98_osh,2024-06-12,15,10.265297412872314
98_osh,2024-06-12,20,9.496230974793434
98_osh,2024-06-12,30,7.026429042220116
98_osh,2024-06-12,40,5.5952330231666565
98_osh,2024-06-12,50,5.229010909795761
98_osh,2024-06-13,5,13.888699002563952
98_osh,2024-06-13,10,12.293435476720331
98_osh,2024-06-13,15,10.356120496988297
98_osh,2024-06-13,20,9.587786503136158
98_osh,2024-06-13,30,7.038880594074726
98_osh,2024-06-13,40,5.589373469352722
98_osh,2024-06-13,50,5.235602907836437
98_osh,2024-06-14,5,13.953886538743973
98_osh,2024-06-14,10,12.332255020737648
98_osh,2024-06-14,15,10.41471603512764
98_osh,2024-06-14,20,9.639790043234823
98_osh,2024-06-14,30,6.997131273150444
98_osh,2024-06-14,40,5.553483702242374
98_osh,2024-06-14,50,5.235602907836437
98_osh,2024-06-15,5,14.344279311597347
98_osh,2024-06-15,10,12.50877407938242
98_osh,2024-06-15,15,10.62346263974905
98_osh,2024-06-15,20,9.8426770940423
98_osh,2024-06-15,30,7.064516142010689
98_osh,2024-06-15,40,5.56813258677721
98_osh,2024-06-15,50,5.254646457731724
98_osh,2024-06-16,5,15.065736874938011
98_osh,2024-06-16,10,12.749748229980469
98_osh,2024-06-16,15,10.837336353957651
98_osh,2024-06-16,20,10.040437035262585
98_osh,2024-06-16,30,7.106265462934971
98_osh,2024-06-16,40,5.57618947327137
98_osh,2024-06-16,50,5.271492674946785
98_osh,2024-06-17,5,15.581377610564232
98_osh,2024-06-17,10,12.899166852235794
98_osh,2024-06-17,15,10.898861669003963
98_osh,2024-06-17,20,10.074129469692709
98_osh,2024-06-17,30,7.076967693865299
98_osh,2024-06-17,40,5.564470365643501
98_osh,2024-06-17,50,5.283211782574654
98_osh,2024-06-18,5,15.659016698598862
98_osh,2024-06-18,10,13.052247695624828
98_osh,2024-06-18,15,11.018982522189615
98_osh,2024-06-18,20,10.16934721916914
98_osh,2024-06-18,30,7.095278799533844
98_osh,2024-06-18,40,5.566667698323727
98_osh,2024-06-18,50,5.292733557522297
98_osh,2024-06-19,5,15.456129647791386
98_osh,2024-06-19,10,13.06469924747944
98_osh,2024-06-19,15,11.016785189509392
98_osh,2024-06-19,20,10.113681457936764
98_osh,2024-06-19,30,6.977355279028416
98_osh,2024-06-19,40,5.51466415822506
98_osh,2024-06-19,50,5.286874003708363
98_osh,2024-06-20,5,15.3389385715127
98_osh,2024-06-20,10,13.110843233764172
98_osh,2024-06-20,15,11.0204474106431
98_osh,2024-06-20,20,10.060945473611357
98_osh,2024-06-20,30,6.931211292743683
98_osh,2024-06-20,40,5.4831690564751625
98_osh,2024-06-20,50,5.2766197845339775
98_osh,2024-06-21,5,15.291329696774485
98_osh,2024-06-21,10,13.193609431385994
98_osh,2024-06-21,15,11.104678496718408
98_osh,2024-06-21,20,10.09976501762867
98_osh,2024-06-21,30,6.9465926215052605
98_osh,2024-06-21,40,5.480971723794937
98_osh,2024-06-21,50,5.278817117214203
98_osh,2024-06-22,5,15.272286146879196
98_osh,2024-06-22,10,13.247077859938145
98_osh,2024-06-22,15,11.177922919392586
98_osh,2024-06-22,20,10.142246782779694
98_osh,2024-06-22,30,6.93414106965065
98_osh,2024-06-22,40,5.475112169981003
98_osh,2024-06-22,50,5.286874003708363
98_osh,2024-06-23,5,15.598956272006037
98_osh,2024-06-23,10,13.447035133838654
98_osh,2024-06-23,15,11.39692374318838
98_osh,2024-06-23,20,10.371501825749874
98_osh,2024-06-23,30,7.013245046138763
98_osh,2024-06-23,40,5.501480162143707
98_osh,2024-06-23,50,5.303720220923424
98_osh,2024-06-24,5,16.515976443886757
98_osh,2024-06-24,10,13.82570879906416
98_osh,2024-06-24,15,11.671590328216553
98_osh,2024-06-24,20,10.674733735620975
98_osh,2024-06-24,30,7.111392572522163
98_osh,2024-06-24,40,5.53517259657383
98_osh,2024-06-24,50,5.314706884324551
98_osh,2024-06-25,5,16.826532796025276
98_osh,2024-06-25,10,14.023468740284445
98_osh,2024-06-25,15,11.722128979861736
98_osh,2024-06-25,20,10.719412833452225
98_osh,2024-06-25,30,7.1355632320046425
98_osh,2024-06-25,40,5.552751258015633
98_osh,2024-06-25,50,5.329355768859386
98_osh,2024-06-26,5,16.948850981891155
98_osh,2024-06-26,10,14.029328294098375
98_osh,2024-06-26,15,11.553666807711124
98_osh,2024-06-26,20,10.479171127080916
98_osh,2024-06-26,30,6.947325065732002
98_osh,2024-06-26,40,5.492690831422806
98_osh,2024-06-26,50,5.348399318754673
98_osh,2024-06-27,5,16.763542592525482
98_osh,2024-06-27,10,13.973662532866
98_osh,2024-06-27,15,11.39619129896164
98_osh,2024-06-27,20,10.2843409627676
98_osh,2024-06-27,30,6.93414106965065
98_osh,2024-06-27,40,5.515396602451801
98_osh,2024-06-27,50,5.370372645556927
98_osh,2024-06-28,5,16.57896664738655
98_osh,2024-06-28,10,14.044709622859957
98_osh,2024-06-28,15,11.473097942769527
98_osh,2024-06-28,20,10.335612058639526
98_osh,2024-06-28,30,7.047669924795628
98_osh,2024-06-28,40,5.585711248219013
98_osh,2024-06-28,50,5.413586854934692
98_osh,2024-06-29,5,16.4185613617301
98_osh,2024-06-29,10,14.057893618941309
98_osh,2024-06-29,15,11.517044596374037
98_osh,2024-06-29,20,10.352458275854588
98_osh,2024-06-29,30,7.0234992653131485
98_osh,2024-06-29,40,5.612079240381718
98_osh,2024-06-29,50,5.480971723794937
98_osh,2024-06-30,5,16.34897916018963
98_osh,2024-06-30,10,14.03885006904602
98_osh,2024-06-30,15,11.542680144309998
98_osh,2024-06-30,20,10.37003693729639
98_osh,2024-06-30,30,7.015442378818989
98_osh,2024-06-30,40,5.649433895945549
98_osh,2024-06-30,50,5.557145923376083
98_osh,2024-07-01,5,16.462508015334606
98_osh,2024-07-01,10,13.720969274640083
98_osh,2024-07-01,15,11.14276559650898
98_osh,2024-07-01,20,9.958403281867504
98_osh,2024-07-01,30,6.846247762441635
98_osh,2024-07-01,40,5.662617892026901
98_osh,2024-07-01,50,5.63771478831768
98_osh,2024-07-02,5,16.130710780620575
98_osh,2024-07-02,10,13.485122233629228
98_osh,2024-07-02,15,10.751640379428864
98_osh,2024-07-02,20,9.546769626438618
98_osh,2024-07-02,30,6.718802466988564
98_osh,2024-07-02,40,5.694112993776798
98_osh,2024-07-02,50,5.71535387635231
98_osh,2024-07-03,5,15.967375718057156
98_osh,2024-07-03,10,13.436048470437528
98_osh,2024-07-03,15,10.563402213156223
98_osh,2024-07-03,20,9.321176804602146
98_osh,2024-07-03,30,6.698294028639793
98_osh,2024-07-03,40,5.753440976142883
98_osh,2024-07-03,50,5.790795631706715
98_osh,2024-07-04,5,15.909512624144554
98_osh,2024-07-04,10,13.438245803117752
98_osh,2024-07-04,15,10.460860021412373
98_osh,2024-07-04,20,9.21643728017807
98_osh,2024-07-04,30,6.69682914018631
98_osh,2024-07-04,40,5.831812508404255
98_osh,2024-07-04,50,5.875026717782021
98_osh,2024-07-05,5,15.946134835481644
98_osh,2024-07-05,10,13.444105356931686
98_osh,2024-07-05,15,10.400067150592804
98_osh,2024-07-05,20,9.210577726364136
98_osh,2024-07-05,30,6.735648684203625
98_osh,2024-07-05,40,5.921170704066753
98_osh,2024-07-05,50,5.954863138496876
98_osh,2024-07-06,5,16.064058355987072
98_osh,2024-07-06,10,13.403088480234146
98_osh,2024-07-06,15,10.289468072354794
98_osh,2024-07-06,20,9.176152847707272
98_osh,2024-07-06,30,6.797173999249935
98_osh,2024-07-06,40,6.011993788182735
98_osh,2024-07-06,50,6.027375116944313
98_osh,2024-07-07,5,15.957853943109512
98_osh,2024-07-07,10,13.328379169106483
98_osh,2024-07-07,15,10.352458275854588
98_osh,2024-07-07,20,9.32264169305563
98_osh,2024-07-07,30,6.927549071609974
98_osh,2024-07-07,40,6.104281760752201
98_osh,2024-07-07,50,6.089632876217365
98_osh,2024-07-08,5,15.938810393214226
98_osh,2024-07-08,10,13.211188092827795
98_osh,2024-07-08,15,10.411786258220673
98_osh,2024-07-08,20,9.47352520376444
98_osh,2024-07-08,30,7.039613038301468
98_osh,2024-07-08,40,6.195104844868183
98_osh,2024-07-08,50,6.152623079717159
98_osh,2024-07-09,5,15.884609520435331
98_osh,2024-07-09,10,13.172368548810482
98_osh,2024-07-09,15,10.46012757718563
98_osh,2024-07-09,20,9.567278064787388
98_osh,2024-07-09,30,7.116519682109356
98_osh,2024-07-09,40,6.276406154036522
98_osh,2024-07-09,50,6.209021285176277
98_osh,2024-07-10,5,15.746177561581137
98_osh,2024-07-10,10,13.066164135932922
98_osh,2024-07-10,15,10.474044017493725
98_osh,2024-07-10,20,9.606097608804705
98_osh,2024-07-10,30,7.189031660556793
98_osh,2024-07-10,40,6.359904795885086
98_osh,2024-07-10,50,6.270546600222588
98_osh,2024-07-11,5,15.708090461790562
98_osh,2024-07-11,10,13.10644856840372
98_osh,2024-07-11,15,10.595629759132862
98_osh,2024-07-11,20,9.729880683124064
98_osh,2024-07-11,30,7.30622273683548
98_osh,2024-07-11,40,6.450727880001068
98_osh,2024-07-11,50,6.335734136402607
98_osh,2024-07-12,5,15.590899385511875
98_osh,2024-07-12,10,13.069826357066631
98_osh,2024-07-12,15,10.663747072219849
98_osh,2024-07-12,20,9.795068219304085
98_osh,2024-07-12,30,7.420484036207199
98_osh,2024-07-12,40,6.539353631436825
98_osh,2024-07-12,50,6.403119005262852
98_osh,2024-07-13,5,15.467848755419254
98_osh,2024-07-13,10,13.018555261194706
98_osh,2024-07-13,15,10.746513269841673
98_osh,2024-07-13,20,9.88735619187355
98_osh,2024-07-13,30,7.553056441247463
98_osh,2024-07-13,40,6.630176715552807
98_osh,2024-07-13,50,6.474166095256805
98_osh,2024-07-14,5,15.67073580622673
98_osh,2024-07-14,10,13.159916996955872
98_osh,2024-07-14,15,10.934751436114311
98_osh,2024-07-14,20,10.085116133093834
98_osh,2024-07-14,30,7.712729282677174
98_osh,2024-07-14,40,6.72539446502924
98_osh,2024-07-14,50,6.550340294837952
98_osh,2024-07-15,5,15.921231731772425
98_osh,2024-07-15,10,13.354747161269188
98_osh,2024-07-15,15,11.14276559650898
98_osh,2024-07-15,20,10.305581845343111
98_osh,2024-07-15,30,7.880459010601044
98_osh,2024-07-15,40,6.825006879866123
98_osh,2024-07-15,50,6.63969849050045
98_osh,2024-07-16,5,16.29624317586422
98_osh,2024-07-16,10,13.696066170930862
98_osh,2024-07-16,15,11.469435721635818
98_osh,2024-07-16,20,10.654225297272204
98_osh,2024-07-16,30,8.130954936146736
98_osh,2024-07-16,40,6.957579284906387
98_osh,2024-07-16,50,6.7539597898721695
98_osh,2024-07-17,5,17.17590869218111
98_osh,2024-07-17,10,14.428510397672651
98_osh,2024-07-17,15,12.0019226744771
98_osh,2024-07-17,20,11.195501580834389
98_osh,2024-07-17,30,8.461287282407284
98_osh,2024-07-17,40,7.124576568603516
98_osh,2024-07-17,50,6.873348198831081
98_osh,2024-07-18,5,17.94936979562044
98_osh,2024-07-18,10,15.188787505030632
98_osh,2024-07-18,15,12.57396161556244
98_osh,2024-07-18,20,11.693563655018806
98_osh,2024-07-18,30,8.711050763726234
98_osh,2024-07-18,40,7.242500089108944
98_osh,2024-07-18,50,6.941465511918068
98_osh,2024-07-19,5,18.88177129626274
98_osh,2024-07-19,10,15.980559714138508
98_osh,2024-07-19,15,13.239753417670729
98_osh,2024-07-19,20,12.265602596104143
98_osh,2024-07-19,30,9.01648000627756
98_osh,2024-07-19,40,7.361156053841114
98_osh,2024-07-19,50,6.988341942429543
98_osh,2024-07-20,5,19.51460310816765
98_osh,2024-07-20,10,16.592150643467903
98_osh,2024-07-20,15,13.664571069180964
98_osh,2024-07-20,20,12.60765404999256
98_osh,2024-07-20,30,9.203253284096718
98_osh,2024-07-20,40,7.435865364968777
98_osh,2024-07-20,50,7.017639711499214
98_osh,2024-07-21,5,19.861781671643257
98_osh,2024-07-21,10,17.064577169716358
98_osh,2024-07-21,15,14.057161174714564
98_osh,2024-07-21,20,12.953367725014688
98_osh,2024-07-21,30,9.414929665625095
98_osh,2024-07-21,40,7.528153337538242
98_osh,2024-07-21,50,7.062318809330463
98_osh,2024-07-22,5,20.424298837780952
98_osh,2024-07-22,10,17.597796566784382
98_osh,2024-07-22,15,14.588915683329104
98_osh,2024-07-22,20,13.44190802425146
98_osh,2024-07-22,30,9.685201585292816
98_osh,2024-07-22,40,7.65413374453783
98_osh,2024-07-22,50,7.144352562725544
98_osh,2024-07-23,5,20.46751304715872
98_osh,2024-07-23,10,18.010895110666752
98_osh,2024-07-23,15,15.084047980606556
98_osh,2024-07-23,20,13.868923008441923
98_osh,2024-07-23,30,9.787743777036669
98_osh,2024-07-23,40,7.643879525363445
98_osh,2024-07-23,50,7.1143223494291306
98_osh,2024-07-24,5,19.992156744003296
98_osh,2024-07-24,10,17.682027652859688
98_osh,2024-07-24,15,14.851863160729408
98_osh,2024-07-24,20,13.63747063279152
98_osh,2024-07-24,30,9.60463272035122
98_osh,2024-07-24,40,7.547196887433529
98_osh,2024-07-24,50,7.048402369022369
98_osh,2024-07-25,5,19.469191566109657
98_osh,2024-07-25,10,17.353892639279366
98_osh,2024-07-25,15,14.657765440642834
98_osh,2024-07-25,20,13.512222670018671
98_osh,2024-07-25,30,9.60463272035122
98_osh,2024-07-25,40,7.585283987224102
98_osh,2024-07-25,50,7.092349022626877
98_osh,2024-07-26,5,18.952085942029957
98_osh,2024-07-26,10,16.99572741240263
98_osh,2024-07-26,15,14.43144017457962
98_osh,2024-07-26,20,13.354014717042446
98_osh,2024-07-26,30,9.643452264368534
98_osh,2024-07-26,40,7.663655519485474
98_osh,2024-07-26,50,7.166325889527798
98_osh,2024-07-27,5,18.59099093824625
98_osh,2024-07-27,10,16.68517106026411
98_osh,2024-07-27,15,14.291543327271938
98_osh,2024-07-27,20,13.283700071275234
98_osh,2024-07-27,30,9.803857550024986
98_osh,2024-07-27,40,7.807214587926865
98_osh,2024-07-27,50,7.284981854259968
98_osh,2024-07-28,5,18.625415816903114
98_osh,2024-07-28,10,16.6148564144969
98_osh,2024-07-28,15,14.334757536649704
98_osh,2024-07-28,20,13.369396045804024
98_osh,2024-07-28,30,10.059480585157871
98_osh,2024-07-28,40,7.992522977292538
98_osh,2024-07-28,50,7.421948924660683
98_osh,2024-07-29,5,18.637867368757725
98_osh,2024-07-29,10,16.531357772648335
98_osh,2024-07-29,15,14.343546867370604
98_osh,2024-07-29,20,13.430188916623592
98_osh,2024-07-29,30,10.2843409627676
98_osh,2024-07-29,40,8.18955047428608
98_osh,2024-07-29,50,7.589678652584553
98_osh,2024-07-30,5,18.497970521450043
98_osh,2024-07-30,10,16.35776849091053
98_osh,2024-07-30,15,14.270302444696426
98_osh,2024-07-30,20,13.427259139716623
98_osh,2024-07-30,30,10.502609342336656
98_osh,2024-07-30,40,8.417340628802776
98_osh,2024-07-30,50,7.852626129984856
98_osh,2024-07-31,5,18.45548875629902
98_osh,2024-07-31,10,16.3204138353467
98_osh,2024-07-31,15,14.290078438818457
98_osh,2024-07-31,20,13.508560448884964
98_osh,2024-07-31,30,10.748710602521896
98_osh,2024-07-31,40,8.636341452598572
98_osh,2024-07-31,50,8.094332724809647
98_osh,2024-08-01,5,18.614429153501987
98_osh,2024-08-01,10,16.45591601729393
98_osh,2024-08-01,15,14.405804626643658
98_osh,2024-08-01,20,13.649189740419388
98_osh,2024-08-01,30,10.928159438073637
98_osh,2024-08-01,40,8.785027630627155
98_osh,2024-08-01,50,8.208594024181366
98_osh,2024-08-02,5,18.956480607390404
98_osh,2024-08-02,10,16.780388809740543
98_osh,2024-08-02,15,14.691457875072956
98_osh,2024-08-02,20,13.942167431116104
98_osh,2024-08-02,30,11.162541590631008
98_osh,2024-08-02,40,8.936643585562706
98_osh,2024-08-02,50,8.251808233559132
98_osh,2024-08-03,5,19.377636037766933
98_osh,2024-08-03,10,17.12683492898941
98_osh,2024-08-03,15,15.009338669478892
98_osh,2024-08-03,20,14.253456227481363
98_osh,2024-08-03,30,11.38447219133377
98_osh,2024-08-03,40,9.078005321323872
98_osh,2024-08-03,50,8.267922006547451
98_osh,2024-08-04,5,19.607623524963856
98_osh,2024-08-04,10,17.288705103099346
98_osh,2024-08-04,15,15.16754662245512
98_osh,2024-08-04,20,14.409466847777368
98_osh,2024-08-04,30,11.49507126957178
98_osh,2024-08-04,40,9.161503963172436
98_osh,2024-08-04,50,8.282570891082287
98_osh,2024-08-05,5,19.76070436835289
98_osh,2024-08-05,10,17.452040165662766
98_osh,2024-08-05,15,15.319895021617413
98_osh,2024-08-05,20,14.556688137352468
98_osh,2024-08-05,30,11.590289019048214
98_osh,2024-08-05,40,9.229621276259422
98_osh,2024-08-05,50,8.325785100460052
98_osh,2024-08-06,5,20.02584917843342
98_osh,2024-08-06,10,17.74062319099903
98_osh,2024-08-06,15,15.560869172215462
98_osh,2024-08-06,20,14.781548514962196
98_osh,2024-08-06,30,11.750694304704666
98_osh,2024-08-06,40,9.345347464084623
98_osh,2024-08-06,50,8.432721957564354
98_osh,2024-08-07,5,20.4689779356122
98_osh,2024-08-07,10,18.187414169311523
98_osh,2024-08-07,15,15.897061072289944
98_osh,2024-08-07,20,15.068666651844978
98_osh,2024-08-07,30,11.920621365308762
98_osh,2024-08-07,40,9.439100325107574
98_osh,2024-08-07,50,8.46348461508751
98_osh,2024-08-08,5,20.894528031349186
98_osh,2024-08-08,10,18.580736719071865
98_osh,2024-08-08,15,16.197363205254078
98_osh,2024-08-08,20,15.31476791203022
98_osh,2024-08-08,30,12.053193770349026
98_osh,2024-08-08,40,9.497695863246918
98_osh,2024-08-08,50,8.416608184576035
98_osh,2024-08-09,5,21.19263283163309
98_osh,2024-08-09,10,18.912533953785896
98_osh,2024-08-09,15,16.491805784404278
98_osh,2024-08-09,20,15.574053168296814
98_osh,2024-08-09,30,12.22238838672638
98_osh,2024-08-09,40,9.60097049921751
98_osh,2024-08-09,50,8.43491929024458
98_osh,2024-08-10,5,21.420422986149788
98_osh,2024-08-10,10,19.26923429220915
98_osh,2024-08-10,15,16.814813688397408
98_osh,2024-08-10,20,15.84652242064476
98_osh,2024-08-10,30,12.365215010941029
98_osh,2024-08-10,40,9.693990916013718
98_osh,2024-08-10,50,8.508163712918758
98_osh,2024-08-11,5,21.681905575096607
98_osh,2024-08-11,10,19.655232399702072
98_osh,2024-08-11,15,17.1546678096056
98_osh,2024-08-11,20,16.12485122680664
98_osh,2024-08-11,30,12.489730529487131
98_osh,2024-08-11,40,9.76870022714138
98_osh,2024-08-11,50,8.59459213167429
98_osh,2024-08-12,5,22.200476087629795
98_osh,2024-08-12,10,20.25144200026989
98_osh,2024-08-12,15,17.78090762346983
98_osh,2024-08-12,20,16.677846617996693
98_osh,2024-08-12,30,12.780510887503624
98_osh,2024-08-12,40,9.934965066611769
98_osh,2024-08-12,50,8.702993877232075
98_osh,2024-08-13,5,22.89043854922056
98_osh,2024-08-13,10,21.32154301553965
98_osh,2024-08-13,15,19.226020082831383
98_osh,2024-08-13,20,18.17423017323017
98_osh,2024-08-13,30,13.799340806901457
98_osh,2024-08-13,40,10.66008485108614
98_osh,2024-08-13,50,9.453016765415668
98_osh,2024-08-14,5,22.776177249848843
98_osh,2024-08-14,10,22.196081422269344
98_osh,2024-08-14,15,20.628650777041912
98_osh,2024-08-14,20,19.733603931963444
98_osh,2024-08-14,30,15.31476791203022
98_osh,2024-08-14,40,11.411572627723215
98_osh,2024-08-14,50,9.978911720216274
98_osh,2024-08-15,5,22.768120363354683
98_osh,2024-08-15,10,22.61137729883194
98_osh,2024-08-15,15,21.24463637173176
98_osh,2024-08-15,20,20.34080019593239
98_osh,2024-08-15,30,16.224463641643524
98_osh,2024-08-15,40,11.73238319903612
98_osh,2024-08-15,50,10.05435347557068
98_osh,2024-08-16,5,23.25299844145775
98_osh,2024-08-16,10,23.00103762745857
98_osh,2024-08-16,15,21.62990203499794
98_osh,2024-08-16,20,20.716544084250927
98_osh,2024-08-16,30,16.478621788322926
98_osh,2024-08-16,40,11.706015206873415
98_osh,2024-08-16,50,10.018463708460333
98_osh,2024-08-17,5,23.62215033173561
98_osh,2024-08-17,10,23.252265997231007
98_osh,2024-08-17,15,21.761741995811462
98_osh,2024-08-17,20,20.74730674177408
98_osh,2024-08-17,30,16.445661798119545
98_osh,2024-08-17,40,11.637165449559689
98_osh,2024-08-17,50,9.863917976617811
98_osh,2024-08-18,5,23.80233161151409
98_osh,2024-08-18,10,23.33063752949238
98_osh,2024-08-18,15,21.492202520370483
98_osh,2024-08-18,20,20.38181707262993
98_osh,2024-08-18,30,16.143162332475185
98_osh,2024-08-18,40,11.434278398752213
98_osh,2024-08-18,50,9.458876319229605
98_osh,2024-08-19,5,23.882168032228947
98_osh,2024-08-19,10,23.296212650835518
98_osh,2024-08-19,15,21.180913724005222
98_osh,2024-08-19,20,20.09176915884018
98_osh,2024-08-19,30,16.10800500959158
98_osh,2024-08-19,40,11.599078349769115
98_osh,2024-08-19,50,9.575334951281548
98_osh,2024-08-20,5,23.87044892460108
98_osh,2024-08-20,10,23.27643665671349
98_osh,2024-08-20,15,21.16846217215061
98_osh,2024-08-20,20,20.12033448368311
98_osh,2024-08-20,30,16.368755154311657
98_osh,2024-08-20,40,11.802697844803332
98_osh,2024-08-20,50,9.668355368077757
98_osh,2024-08-21,5,23.78621783852577
98_osh,2024-08-21,10,23.385570846498013
98_osh,2024-08-21,15,21.28272347152233
98_osh,2024-08-21,20,20.208960235118862
98_osh,2024-08-21,30,16.421491138637066
98_osh,2024-08-21,40,11.738975197076796
98_osh,2024-08-21,50,9.384899452328682
98_osh,2024-08-22,5,23.803064055740837
98_osh,2024-08-22,10,23.56501968204975
98_osh,2024-08-22,15,21.49147007614374
98_osh,2024-08-22,20,20.38328196108341
98_osh,2024-08-22,30,16.512314222753048
98_osh,2024-08-22,40,11.788048960268496
98_osh,2024-08-22,50,9.231818608939648
98_osh,2024-08-23,5,24.11435285210609
98_osh,2024-08-23,10,23.77376628667116
98_osh,2024-08-23,15,21.70754112303257
98_osh,2024-08-23,20,20.56273079663515
98_osh,2024-08-23,30,16.65294351428747
98_osh,2024-08-23,40,11.96896268427372
98_osh,2024-08-23,50,9.398815892636776
98_osh,2024-08-24,5,24.315042570233345
98_osh,2024-08-24,10,23.89974669367075
98_osh,2024-08-24,15,21.81447798013687
98_osh,2024-08-24,20,20.665272988379
98_osh,2024-08-24,30,16.655140846967697
98_osh,2024-08-24,40,11.851771607995031
98_osh,2024-08-24,50,9.242805272340776
98_osh,2024-08-25,5,24.3370158970356
98_osh,2024-08-25,10,23.962736897170544
98_osh,2024-08-25,15,21.8657490760088
98_osh,2024-08-25,20,20.700430311262608
98_osh,2024-08-25,30,16.445661798119545
98_osh,2024-08-25,40,11.544877476990225
98_osh,2024-08-25,50,8.960814245045185
98_osh,2024-08-26,5,24.289407022297382
98_osh,2024-08-26,10,24.073335975408558
98_osh,2024-08-26,15,22.057649463415142
98_osh,2024-08-26,20,20.895992919802666
98_osh,2024-08-26,30,16.392193369567394
98_osh,2024-08-26,40,11.41230507194996
98_osh,2024-08-26,50,8.895626708865166
98_osh,2024-08-27,5,24.332621231675148
98_osh,2024-08-27,10,24.07992797344923
98_osh,2024-08-27,15,22.03421124815941
98_osh,2024-08-27,20,20.82860805094242
98_osh,2024-08-27,30,15.941007725894451
98_osh,2024-08-27,40,10.942808322608473
98_osh,2024-08-27,50,8.522080153226852
98_osh,2024-08-28,5,24.404400765895844
98_osh,2024-08-28,10,24.09604174643755
98_osh,2024-08-28,15,22.08401745557785
98_osh,2024-08-28,20,20.79125339537859
98_osh,2024-08-28,30,15.741050451993942
98_osh,2024-08-28,40,10.980895422399044
98_osh,2024-08-28,50,8.754997417330742
98_osh,2024-08-29,5,24.49082918465137
98_osh,2024-08-29,10,24.331156343221664
98_osh,2024-08-29,15,22.737357705831528
98_osh,2024-08-29,20,21.588152714073654
98_osh,2024-08-29,30,16.5342875495553
98_osh,2024-08-29,40,11.643025003373625
98_osh,2024-08-29,50,9.337290577590466
98_osh,2024-08-30,5,24.630726031959057
98_osh,2024-08-30,10,24.52159184217453
98_osh,2024-08-30,15,23.04278694838285
98_osh,2024-08-30,20,21.90896328538656
98_osh,2024-08-30,30,16.437604911625385
98_osh,2024-08-30,40,11.390331745147703
98_osh,2024-08-30,50,8.95495469123125
98_osh,2024-08-31,5,24.633655808866024
98_osh,2024-08-31,10,24.575792714953423
98_osh,2024-08-31,15,22.93438520282507
98_osh,2024-08-31,20,21.71559800952673
98_osh,2024-08-31,30,16.082369461655617
98_osh,2024-08-31,40,11.127384267747402
98_osh,2024-08-31,50,8.741080977022648
98_osh,2024-09-01,5,24.5157322883606
98_osh,2024-09-01,10,24.71349222958088
98_osh,2024-09-01,15,23.107974484562877
98_osh,2024-09-01,20,21.91848506033421
98_osh,2024-09-01,30,16.41563158482313
98_osh,2024-09-01,40,11.505325488746166
98_osh,2024-09-01,50,9.151982188224792
98_osh,2024-09-02,5,24.556016720831398
98_osh,2024-09-02,10,24.83068330585957
98_osh,2024-09-02,15,23.29401531815529
98_osh,2024-09-02,20,22.147740103304383
98_osh,2024-09-02,30,16.494735561311245
98_osh,2024-09-02,40,11.469435721635818
98_osh,2024-09-02,50,9.102908425033092
98_osh,2024-09-03,5,24.52598650753498
98_osh,2024-09-03,10,24.84093752503395
98_osh,2024-09-03,15,22.99591051787138
98_osh,2024-09-03,20,21.604266487061977
98_osh,2024-09-03,30,15.6421704813838
98_osh,2024-09-03,40,10.679860845208168
98_osh,2024-09-03,50,8.481795720756054
98_osh,2024-09-04,5,24.547959834337234
98_osh,2024-09-04,10,24.870967738330364
98_osh,2024-09-04,15,22.83184301108122
98_osh,2024-09-04,20,21.09887997061014
98_osh,2024-09-04,30,14.970519125461578
98_osh,2024-09-04,40,10.219153426587582
98_osh,2024-09-04,50,8.25913267582655
98_osh,2024-09-05,5,24.527451395988464
98_osh,2024-09-05,10,24.757438883185387
98_osh,2024-09-05,15,22.769585251808167
98_osh,2024-09-05,20,20.83227027207613
98_osh,2024-09-05,30,14.797662287950516
98_osh,2024-09-05,40,10.188390769064426
98_osh,2024-09-05,50,8.403424188494682
98_osh,2024-09-06,5,24.421979427337646
98_osh,2024-09-06,10,24.659291356801987
98_osh,2024-09-06,15,22.3337809368968
98_osh,2024-09-06,20,20.411847285926346
98_osh,2024-09-06,30,14.393353074789047
98_osh,2024-09-06,40,9.943021953105928
98_osh,2024-09-06,50,8.32505265623331
98_osh,2024-09-07,5,24.23081148415804
98_osh,2024-09-07,10,24.42710653692484
98_osh,2024-09-07,15,21.80202642828226
98_osh,2024-09-07,20,19.7152928262949
98_osh,2024-09-07,30,13.664571069180964
98_osh,2024-09-07,40,9.581926949322224
98_osh,2024-09-07,50,8.215186022222042
98_osh,2024-09-08,5,24.265968807041645
98_osh,2024-09-08,10,24.26450391858816
98_osh,2024-09-08,15,21.558854945003983
98_osh,2024-09-08,20,19.406201362609863
98_osh,2024-09-08,30,13.76491592824459
98_osh,2024-09-08,40,9.822901099920273
98_osh,2024-09-08,50,8.571153916418552
98_osh,2024-09-09,5,24.27695547044277
98_osh,2024-09-09,10,24.19638660550117
98_osh,2024-09-09,15,21.710470899939537
98_osh,2024-09-09,20,19.762901701033115
98_osh,2024-09-09,30,13.995635859668257
98_osh,2024-09-09,40,9.96499527990818
98_osh,2024-09-09,50,8.688344992697239
98_osh,2024-09-10,5,24.227881707251072
98_osh,2024-09-10,10,24.068941310048103
98_osh,2024-09-10,15,21.67751090973616
98_osh,2024-09-10,20,19.94528031349182
98_osh,2024-09-10,30,13.86306345462799
98_osh,2024-09-10,40,9.921781070530416
98_osh,2024-09-10,50,8.669301442801952
98_osh,2024-09-11,5,24.089449748396877
98_osh,2024-09-11,10,24.01034577190876
98_osh,2024-09-11,15,21.30689413100481
98_osh,2024-09-11,20,19.6750083938241
98_osh,2024-09-11,30,13.81765191257
98_osh,2024-09-11,40,9.975249499082564
98_osh,2024-09-11,50,8.771111190319061
98_osh,2024-09-12,5,23.923184908926487
98_osh,2024-09-12,10,23.84701070934534
98_osh,2024-09-12,15,21.05639820545912
98_osh,2024-09-12,20,19.4120609164238
98_osh,2024-09-12,30,13.712179943919182
98_osh,2024-09-12,40,10.004547268152235
98_osh,2024-09-12,50,8.875118270516396
98_osh,2024-09-13,5,23.76424451172352
98_osh,2024-09-13,10,23.71370586007833
98_osh,2024-09-13,15,21.0893581956625
98_osh,2024-09-13,20,19.53144932538271
98_osh,2024-09-13,30,14.164098031818869
98_osh,2024-09-13,40,10.441816471517086
98_osh,2024-09-13,50,9.262581266462805
98_osh,2024-09-14,5,23.59651478379965
98_osh,2024-09-14,10,23.54231391102076
98_osh,2024-09-14,15,21.175054170191288
98_osh,2024-09-14,20,19.768028810620308
98_osh,2024-09-14,30,14.17361980676651
98_osh,2024-09-14,40,10.435956917703152
98_osh,2024-09-14,50,9.199591062963009
98_osh,2024-09-15,5,23.28302865475416
98_osh,2024-09-15,10,23.31891842186451
98_osh,2024-09-15,15,20.64842677116394
98_osh,2024-09-15,20,19.22382275015116
98_osh,2024-09-15,30,13.804467916488647
98_osh,2024-09-15,40,10.334879614412785
98_osh,2024-09-15,50,9.168828405439854
98_osh,2024-09-16,5,23.132145144045356
98_osh,2024-09-16,10,23.13361003249884
98_osh,2024-09-16,15,20.936277352273464
98_osh,2024-09-16,20,19.50727866590023
98_osh,2024-09-16,30,14.152378924190998
98_osh,2024-09-16,40,10.687917731702328
98_osh,2024-09-16,50,9.496963419020176
98_osh,2024-09-17,5,23.031800284981728
98_osh,2024-09-17,10,23.031800284981728
98_osh,2024-09-17,15,21.627704702317715
98_osh,2024-09-17,20,20.246314890682697
98_osh,2024-09-17,30,14.870906710624697
98_osh,2024-09-17,40,11.325144208967686
98_osh,2024-09-17,50,10.00601215660572
98_osh,2024-09-18,5,22.973204746842384
98_osh,2024-09-18,10,22.964415416121483
98_osh,2024-09-18,15,21.688497573137283
98_osh,2024-09-18,20,20.26023133099079
98_osh,2024-09-18,30,14.838679164648056
98_osh,2024-09-18,40,11.246040232479572
98_osh,2024-09-18,50,9.828028209507464
98_osh,2024-09-19,5,22.986388742923737
98_osh,2024-09-19,10,22.984923854470253
98_osh,2024-09-19,15,21.7273171171546
98_osh,2024-09-19,20,20.363505966961384
98_osh,2024-09-19,30,15.04083377122879
98_osh,2024-09-19,40,11.50679037719965
98_osh,2024-09-19,50,10.131992563605309
98_osh,2024-09-20,5,22.8245185688138
98_osh,2024-09-20,10,22.8245185688138
98_osh,2024-09-20,15,21.811548203229904
98_osh,2024-09-20,20,20.477767266333103
98_osh,2024-09-20,30,15.17560350894928
98_osh,2024-09-20,40,11.552934363484384
98_osh,2024-09-20,50,10.205236986279488
98_osh,2024-09-21,5,22.50956755131483
98_osh,2024-09-21,10,22.50956755131483
98_osh,2024-09-21,15,21.730979338288307
98_osh,2024-09-21,20,20.3935361802578
98_osh,2024-09-21,30,15.080385759472849
98_osh,2024-09-21,40,11.500198379158974
98_osh,2024-09-21,50,10.235999643802645
98_osh,2024-09-22,5,22.2268440797925
98_osh,2024-09-22,10,22.2268440797925
98_osh,2024-09-22,15,21.99392681568861
98_osh,2024-09-22,20,20.842524491250515
98_osh,2024-09-22,30,15.51985229551792
98_osh,2024-09-22,40,11.819544062018394
98_osh,2024-09-22,50,10.634449303150175
98_osh,2024-09-23,5,22.14481032639742
98_osh,2024-09-23,10,22.14481032639742
98_osh,2024-09-23,15,22.197546310722828
98_osh,2024-09-23,20,21.262947477400303
98_osh,2024-09-23,30,16.039887696504593
98_osh,2024-09-23,40,12.21506394445896
98_osh,2024-09-23,50,11.005798526108263
98_osh,2024-09-24,5,22.107455670833588
98_osh,2024-09-24,10,22.107455670833588
98_osh,2024-09-24,15,22.15945921093225
98_osh,2024-09-24,20,21.97927793115377
98_osh,2024-09-24,30,17.348765529692173
98_osh,2024-09-24,40,13.222174756228924
98_osh,2024-09-24,50,11.87960448861122
98_osh,2024-09-25,5,22.05545213073492
98_osh,2024-09-25,10,22.05545213073492
98_osh,2024-09-25,15,22.05545213073492
98_osh,2024-09-25,20,22.064241461455826
98_osh,2024-09-25,30,19.05682546645403
98_osh,2024-09-25,40,14.515671260654926
98_osh,2024-09-25,50,12.67210914194584
98_osh,2024-09-26,5,22.00637836754322
98_osh,2024-09-26,10,22.00711081176996
98_osh,2024-09-26,15,22.00711081176996
98_osh,2024-09-26,20,22.007843255996704
98_osh,2024-09-26,30,19.90865810215473
98_osh,2024-09-26,40,15.195379503071308
98_osh,2024-09-26,50,12.935789063572884
98_osh,2024-09-27,5,21.94924771785736
98_osh,2024-09-27,10,21.941923275589943
98_osh,2024-09-27,15,21.942655719816685
98_osh,2024-09-27,20,21.94412060827017
98_osh,2024-09-27,30,20.25949888676405
98_osh,2024-09-27,40,15.628986485302448
98_osh,2024-09-27,50,13.29834895581007
98_osh,2024-09-28,5,21.823999755084515
98_osh,2024-09-28,10,21.81814020127058
98_osh,2024-09-28,15,21.816675312817097
98_osh,2024-09-28,20,21.81814020127058
98_osh,2024-09-28,30,20.42503128200769
98_osh,2024-09-28,40,15.844325087964537
98_osh,2024-09-28,50,13.518814668059347
98_osh,2024-09-29,5,21.75661488622427
98_osh,2024-09-29,10,21.753685109317303
98_osh,2024-09-29,15,21.753685109317303
98_osh,2024-09-29,20,21.75295266509056
98_osh,2024-09-29,30,20.4023255109787
98_osh,2024-09-29,40,15.743247784674168
98_osh,2024-09-29,50,13.389172039926052
98_osh,2024-09-30,5,21.787377543747425
98_osh,2024-09-30,10,21.7851802110672
98_osh,2024-09-30,15,21.78957487642765
98_osh,2024-09-30,20,21.780053101480007
98_osh,2024-09-30,30,20.298318430781364
98_osh,2024-09-30,40,15.541093178093432
98_osh,2024-09-30,50,13.093264572322369
98_osh,2024-10-01,5,21.900906398892403
98_osh,2024-10-01,10,21.89577928930521
98_osh,2024-10-01,15,21.92068239301443
98_osh,2024-10-01,20,21.894314400851727
98_osh,2024-10-01,30,20.019257180392746
98_osh,2024-10-01,40,15.092837311327456
98_osh,2024-10-01,50,12.543198958039284
98_osh,2024-10-02,5,21.942655719816685
98_osh,2024-10-02,10,21.942655719816685
98_osh,2024-10-02,15,21.954374827444557
98_osh,2024-10-02,20,21.970488600432876
98_osh,2024-10-02,30,19.56367687135935
98_osh,2024-10-02,40,14.580126352608204
98_osh,2024-10-02,50,12.023163557052612
98_osh,2024-10-03,5,21.82692953199148
98_osh,2024-10-03,10,21.82692953199148
98_osh,2024-10-03,15,21.82692953199148
98_osh,2024-10-03,20,21.840845972299576
98_osh,2024-10-03,30,19.13153477758169
98_osh,2024-10-03,40,14.213171795010568
98_osh,2024-10-03,50,11.774864964187143
98_osh,2024-10-04,5,21.702414013445377
98_osh,2024-10-04,10,21.70387890189886
98_osh,2024-10-04,15,21.70827356725931
98_osh,2024-10-04,20,21.761741995811462
98_osh,2024-10-04,30,18.714774012565613
98_osh,2024-10-04,40,13.887966558337212
98_osh,2024-10-04,50,11.598345905542374
98_osh,2024-10-05,5,21.657002471387383
98_osh,2024-10-05,10,21.655537582933903
98_osh,2024-10-05,15,21.657002471387383
98_osh,2024-10-05,20,21.66066469252109
98_osh,2024-10-05,30,18.07535020262003
98_osh,2024-10-05,40,13.532731108367445
98_osh,2024-10-05,50,11.45771661400795
98_osh,2024-10-06,5,21.655537582933903
98_osh,2024-10-06,10,21.65480513870716
98_osh,2024-10-06,15,21.65846735984087
98_osh,2024-10-06,20,21.599871821701527
98_osh,2024-10-06,30,17.99331644922495
98_osh,2024-10-06,40,13.614032417535782
98_osh,2024-10-06,50,11.61738945543766
98_osh,2024-10-07,5,21.537614062428474
98_osh,2024-10-07,10,21.537614062428474
98_osh,2024-10-07,15,21.541276283562183
98_osh,2024-10-07,20,21.541276283562183
98_osh,2024-10-07,30,18.05996887385845
98_osh,2024-10-07,40,13.861598566174507
98_osh,2024-10-07,50,11.967497795820236
98_osh,2024-10-08,5,21.38087099790573
98_osh,2024-10-08,10,21.38087099790573
98_osh,2024-10-08,15,21.38087099790573
98_osh,2024-10-08,20,21.394054993987083
98_osh,2024-10-08,30,18.068758204579357
98_osh,2024-10-08,40,14.021271407604218
98_osh,2024-10-08,50,12.204809725284576
98_osh,2024-10-09,5,21.19263283163309
98_osh,2024-10-09,10,21.19263283163309
98_osh,2024-10-09,15,21.19263283163309
98_osh,2024-10-09,20,21.1962950527668
98_osh,2024-10-09,30,18.117831967771053
98_osh,2024-10-09,40,14.065950505435469
98_osh,2024-10-09,50,12.089083537459372
98_osh,2024-10-10,5,21.018311105668545
98_osh,2024-10-10,10,21.018311105668545
98_osh,2024-10-10,15,21.018311105668545
98_osh,2024-10-10,20,21.018311105668545
98_osh,2024-10-10,30,18.10757774859667
98_osh,2024-10-10,40,14.115756712853909
98_osh,2024-10-10,50,12.055391103029253
98_osh,2024-10-11,5,20.88354136794805
98_osh,2024-10-11,10,20.882808923721317
98_osh,2024-10-11,15,20.88207647949457
98_osh,2024-10-11,20,20.88207647949457
98_osh,2024-10-11,30,18.065828427672383
98_osh,2024-10-11,40,14.07986694574356
98_osh,2024-10-11,50,12.027558222413065
98_osh,2024-10-12,5,20.78685873001814
98_osh,2024-10-12,10,20.78539384156465
98_osh,2024-10-12,15,20.78539384156465
98_osh,2024-10-12,20,20.784661397337917
98_osh,2024-10-12,30,18.22696615755558
98_osh,2024-10-12,40,14.30033265799284
98_osh,2024-10-12,50,12.354960791766644
98_osh,2024-10-13,5,20.62425611168146
98_osh,2024-10-13,10,20.624988555908203
98_osh,2024-10-13,15,20.624988555908203
98_osh,2024-10-13,20,20.624988555908203
98_osh,2024-10-13,30,18.48625141382217
98_osh,2024-10-13,40,14.72588275372982
98_osh,2024-10-13,50,13.087405018508434
98_osh,2024-10-14,5,20.503402814269062
98_osh,2024-10-14,10,20.502670370042324
98_osh,2024-10-14,15,20.502670370042324
98_osh,2024-10-14,20,20.501937925815582
98_osh,2024-10-14,30,18.826105535030365
98_osh,2024-10-14,40,15.05694754421711
98_osh,2024-10-14,50,13.29834895581007
98_osh,2024-10-15,5,20.430158391594887
98_osh,2024-10-15,10,20.449201941490173
98_osh,2024-10-15,15,20.45432905107737
98_osh,2024-10-15,20,20.455061495304108
98_osh,2024-10-15,30,19.04290902614593
98_osh,2024-10-15,40,15.29059725254774
98_osh,2024-10-15,50,13.341563165187836
98_osh,2024-10-16,5,20.34153264015913
98_osh,2024-10-16,10,20.34153264015913
98_osh,2024-10-16,15,20.34519486129284
98_osh,2024-10-16,20,20.34812463819981
98_osh,2024-10-16,30,19.01214636862278
98_osh,2024-10-16,40,15.182927951216698
98_osh,2024-10-16,50,13.111575677990912
98_osh,2024-10-17,5,20.21262245625257
98_osh,2024-10-17,10,20.21262245625257
98_osh,2024-10-17,15,20.21262245625257
98_osh,2024-10-17,20,20.21262245625257
98_osh,2024-10-17,30,19.05682546645403
98_osh,2024-10-17,40,15.15070040524006
98_osh,2024-10-17,50,12.943845950067043
98_osh,2024-10-18,5,20.15329447388649
98_osh,2024-10-18,10,20.15402691811323
98_osh,2024-10-18,15,20.15402691811323
98_osh,2024-10-18,20,20.15402691811323
98_osh,2024-10-18,30,19.11029389500618
98_osh,2024-10-18,40,15.136783964931965
98_osh,2024-10-18,50,12.903561517596245
98_osh,2024-10-19,5,19.909390546381477
98_osh,2024-10-19,10,19.92403943091631
98_osh,2024-10-19,15,19.933561205863956
98_osh,2024-10-19,20,19.935758538544174
98_osh,2024-10-19,30,18.712576679885387
98_osh,2024-10-19,40,14.384563744068146
98_osh,2024-10-19,50,11.998992897570131
98_osh,2024-10-20,5,19.5189977735281
98_osh,2024-10-20,10,19.5189977735281
98_osh,2024-10-20,15,19.5189977735281
98_osh,2024-10-20,20,19.5189977735281
98_osh,2024-10-20,30,18.265053257346157
98_osh,2024-10-20,40,13.569353319704533
98_osh,2024-10-20,50,11.00799585878849
98_osh,2024-10-21,5,19.37250892817974
98_osh,2024-10-21,10,19.37250892817974
98_osh,2024-10-21,15,19.37250892817974
98_osh,2024-10-21,20,19.37250892817974
98_osh,2024-10-21,30,18.225501269102097
98_osh,2024-10-21,40,13.513687558472157
98_osh,2024-10-21,50,11.222602017223837
98_osh,2024-10-22,5,19.33002716302872
98_osh,2024-10-22,10,19.32929471880197
98_osh,2024-10-22,15,19.32929471880197
98_osh,2024-10-22,20,19.32929471880197
98_osh,2024-10-22,30,18.089266642928123
98_osh,2024-10-22,40,13.3759880438447
98_osh,2024-10-22,50,11.443800173699856
98_osh,2024-10-23,5,19.23187963664532
98_osh,2024-10-23,10,19.250190742313865
98_osh,2024-10-23,15,19.267036959528923
98_osh,2024-10-23,20,19.27436140179634
98_osh,2024-10-23,30,18.036530658602715
98_osh,2024-10-23,40,13.11450545489788
98_osh,2024-10-23,50,11.16693625599146
98_osh,2024-10-24,5,19.04364147037268
98_osh,2024-10-24,10,19.04364147037268
98_osh,2024-10-24,15,19.04364147037268
98_osh,2024-10-24,20,19.04437391459942
98_osh,2024-10-24,30,17.708395645022392
98_osh,2024-10-24,40,12.932126842439176
98_osh,2024-10-24,50,11.103946052491665
98_osh,2024-10-25,5,18.904477067291737
98_osh,2024-10-25,10,18.904477067291737
98_osh,2024-10-25,15,18.904477067291737
98_osh,2024-10-25,20,18.90520951151848
98_osh,2024-10-25,30,17.76479385048151
98_osh,2024-10-25,40,13.1884823217988
98_osh,2024-10-25,50,11.491409048438072
98_osh,2024-10-26,5,18.77556688338518
98_osh,2024-10-26,10,18.77483443915844
98_osh,2024-10-26,15,18.774101994931694
98_osh,2024-10-26,20,18.774101994931694
98_osh,2024-10-26,30,17.640278331935406
98_osh,2024-10-26,40,13.009765930473804
98_osh,2024-10-26,50,11.299508661031725
98_osh,2024-10-27,5,18.65910825133324
98_osh,2024-10-27,10,18.65910825133324
98_osh,2024-10-27,15,18.65910825133324
98_osh,2024-10-27,20,18.65910825133324
98_osh,2024-10-27,30,17.435193948447704
98_osh,2024-10-27,40,12.6889553591609
98_osh,2024-10-27,50,10.890072338283062
98_osh,2024-10-28,5,18.40714743733406
98_osh,2024-10-28,10,18.40714743733406
98_osh,2024-10-28,15,18.40714743733406
98_osh,2024-10-28,20,18.40714743733406
98_osh,2024-10-28,30,17.02429273724556
98_osh,2024-10-28,40,12.118381306529043
98_osh,2024-10-28,50,10.442548915743828
98_osh,2024-10-29,5,18.228431046009064
98_osh,2024-10-29,10,18.228431046009064
98_osh,2024-10-29,15,18.228431046009064
98_osh,2024-10-29,20,18.228431046009064
98_osh,2024-10-29,30,16.797235026955605
98_osh,2024-10-29,40,11.779259629547596
98_osh,2024-10-29,50,10.2843409627676
98_osh,2024-10-30,5,18.098788417875767
98_osh,2024-10-30,10,18.098788417875767
98_osh,2024-10-30,15,18.098788417875767
98_osh,2024-10-30,20,18.098788417875767
98_osh,2024-10-30,30,16.670522175729275
98_osh,2024-10-30,40,11.684041880071163
98_osh,2024-10-30,50,10.392010264098644
98_osh,2024-10-31,5,17.974272899329662
98_osh,2024-10-31,10,17.974272899329662
98_osh,2024-10-31,15,17.974272899329662
98_osh,2024-10-31,20,17.974272899329662
98_osh,2024-10-31,30,16.437604911625385
98_osh,2024-10-31,40,11.652546778321266
98_osh,2024-10-31,50,10.534104444086552
98_osh,2024-11-01,5,17.890774257481098
98_osh,2024-11-01,10,17.890774257481098
98_osh,2024-11-01,15,17.890774257481098
98_osh,2024-11-01,20,17.89150670170784
98_osh,2024-11-01,30,16.597277753055096
98_osh,2024-11-01,40,11.910367146134377
98_osh,2024-11-01,50,10.76262704282999
98_osh,2024-11-02,5,17.790429398417473
98_osh,2024-11-02,10,17.790429398417473
98_osh,2024-11-02,15,17.790429398417473
98_osh,2024-11-02,20,17.791161842644215
98_osh,2024-11-02,30,16.647083960473537
98_osh,2024-11-02,40,12.26340526342392
98_osh,2024-11-02,50,11.137638486921787
98_osh,2024-11-03,5,17.599993899464607
98_osh,2024-11-03,10,17.599993899464607
98_osh,2024-11-03,15,17.599993899464607
98_osh,2024-11-03,20,17.599993899464607
98_osh,2024-11-03,30,16.52183599770069
98_osh,2024-11-03,40,12.326395466923714
98_osh,2024-11-03,50,11.210882909595966
98_osh,2024-11-04,5,17.410290844738483
98_osh,2024-11-04,10,17.411023288965225
98_osh,2024-11-04,15,17.411023288965225
98_osh,2024-11-04,20,17.411755733191967
98_osh,2024-11-04,30,16.49253822863102
98_osh,2024-11-04,40,12.32859279960394
98_osh,2024-11-04,50,11.13910337537527
98_osh,2024-11-05,5,17.14661092311144
98_osh,2024-11-05,10,17.14661092311144
98_osh,2024-11-05,15,17.14661092311144
98_osh,2024-11-05,20,17.14661092311144
98_osh,2024-11-05,30,16.176854766905308
98_osh,2024-11-05,40,12.146214187145231
98_osh,2024-11-05,50,11.010193191468716
98_osh,2024-11-06,5,16.95471053570509
98_osh,2024-11-06,10,16.95471053570509
98_osh,2024-11-06,15,16.95471053570509
98_osh,2024-11-06,20,16.95471053570509
98_osh,2024-11-06,30,15.998870819807053
98_osh,2024-11-06,40,11.99386578798294
98_osh,2024-11-06,50,10.781670592725275
98_osh,2024-11-07,5,16.581163980066776
98_osh,2024-11-07,10,16.581896424293518
98_osh,2024-11-07,15,16.581896424293518
98_osh,2024-11-07,20,16.581896424293518
98_osh,2024-11-07,30,15.485427416861056
98_osh,2024-11-07,40,11.524369038641453
98_osh,2024-11-07,50,10.31656850874424
98_osh,2024-11-08,5,16.25962096452713
98_osh,2024-11-08,10,16.25962096452713
98_osh,2024-11-08,15,16.25962096452713
98_osh,2024-11-08,20,16.25962096452713
98_osh,2024-11-08,30,14.992492452263832
98_osh,2024-11-08,40,11.150090038776398
98_osh,2024-11-08,50,10.045564144849775
98_osh,2024-11-09,5,16.05893124639988
98_osh,2024-11-09,10,16.05893124639988
98_osh,2024-11-09,15,16.05893124639988
98_osh,2024-11-09,20,16.05893124639988
98_osh,2024-11-09,30,14.703909426927568
98_osh,2024-11-09,40,11.01605274528265
98_osh,2024-11-09,50,10.025788150727749
98_osh,2024-11-10,5,15.935148172080517
98_osh,2024-11-10,10,15.935148172080517
98_osh,2024-11-10,15,15.935148172080517
98_osh,2024-11-10,20,15.935148172080517
98_osh,2024-11-10,30,14.605761900544168
98_osh,2024-11-10,40,10.97064120322466
98_osh,2024-11-10,50,10.109286792576311
98_osh,2024-11-11,5,15.779869996011255
98_osh,2024-11-11,10,15.779869996011255
98_osh,2024-11-11,15,15.779869996011255
98_osh,2024-11-11,20,15.779869996011255
98_osh,2024-11-11,30,14.342081978917122
98_osh,2024-11-11,40,10.892269670963287
98_osh,2024-11-11,50,10.162755221128464
98_osh,2024-11-12,5,15.562334060668944
98_osh,2024-11-12,10,15.562334060668944
98_osh,2024-11-12,15,15.562334060668944
98_osh,2024-11-12,20,15.563066504895689
98_osh,2024-11-12,30,14.102572716772556
98_osh,2024-11-12,40,10.822687469422815
98_osh,2024-11-12,50,10.203039653599262
98_osh,2024-11-13,5,15.311838135123253
98_osh,2024-11-13,10,15.311838135123253
98_osh,2024-11-13,15,15.311838135123253
98_osh,2024-11-13,20,15.312570579349996
98_osh,2024-11-13,30,13.816919468343258
98_osh,2024-11-13,40,10.750907935202122
98_osh,2024-11-13,50,10.222083203494549
98_osh,2024-11-14,5,15.160222180187702
98_osh,2024-11-14,10,15.160222180187702
98_osh,2024-11-14,15,15.160222180187702
98_osh,2024-11-14,20,15.160222180187702
98_osh,2024-11-14,30,13.732688382267952
98_osh,2024-11-14,40,10.780205704271792
98_osh,2024-11-14,50,10.314371176064014
98_osh,2024-11-15,5,15.015198223292828
98_osh,2024-11-15,10,15.015198223292828
98_osh,2024-11-15,15,15.015198223292828
98_osh,2024-11-15,20,15.01593066751957
98_osh,2024-11-15,30,13.725363940000534
98_osh,2024-11-15,40,10.896664336323738
98_osh,2024-11-15,50,10.462324909865856
98_osh,2024-11-16,5,14.908993810415268
98_osh,2024-11-16,10,14.908993810415268
98_osh,2024-11-16,15,14.90972625464201
98_osh,2024-11-16,20,14.908261366188526
98_osh,2024-11-16,30,13.756859041750433
98_osh,2024-11-16,40,11.088564723730087
98_osh,2024-11-16,50,10.636646635830402
98_osh,2024-11-17,5,14.7009796500206
98_osh,2024-11-17,10,14.70903653651476
98_osh,2024-11-17,15,14.714896090328692
98_osh,2024-11-17,20,14.716360978782175
98_osh,2024-11-17,30,13.762718595564364
98_osh,2024-11-17,40,11.271675780415537
98_osh,2024-11-17,50,10.804376363754272
98_osh,2024-11-18,5,14.277626886963844
98_osh,2024-11-18,10,14.277626886963844
98_osh,2024-11-18,15,14.277626886963844
98_osh,2024-11-18,20,14.277626886963844
98_osh,2024-11-18,30,13.562761321663857
98_osh,2024-11-18,40,11.28632466495037
98_osh,2024-11-18,50,10.877620786428452
98_osh,2024-11-19,5,13.919461660087109
98_osh,2024-11-19,10,13.919461660087109
98_osh,2024-11-19,15,13.919461660087109
98_osh,2024-11-19,20,13.919461660087109
98_osh,2024-11-19,30,13.426526695489883
98_osh,2024-11-19,40,11.262886449694632
98_osh,2024-11-19,50,10.892269670963287
98_osh,2024-11-20,5,13.76052126288414
98_osh,2024-11-20,10,13.76052126288414
98_osh,2024-11-20,15,13.76052126288414
98_osh,2024-11-20,20,13.76052126288414
98_osh,2024-11-20,30,13.44557024538517
98_osh,2024-11-20,40,11.332468651235104
98_osh,2024-11-20,50,10.939146101474762
98_osh,2024-11-21,5,13.657246626913548
98_osh,2024-11-21,10,13.657246626913548
98_osh,2024-11-21,15,13.657246626913548
98_osh,2024-11-21,20,13.657246626913548
98_osh,2024-11-21,30,13.416272476315498
98_osh,2024-11-21,40,11.402783297002316
98_osh,2024-11-21,50,11.008728303015232
98_osh,2024-11-22,5,13.564958654344082
98_osh,2024-11-22,10,13.56422621011734
98_osh,2024-11-22,15,13.563493765890598
98_osh,2024-11-22,20,13.563493765890598
98_osh,2024-11-22,30,13.342295609414576
98_osh,2024-11-22,40,11.450392171740532
98_osh,2024-11-22,50,11.079042948782444
98_osh,2024-11-23,5,13.3847773745656
98_osh,2024-11-23,10,13.3847773745656
98_osh,2024-11-23,15,13.3847773745656
98_osh,2024-11-23,20,13.3847773745656
98_osh,2024-11-23,30,13.230231642723083
98_osh,2024-11-23,40,11.460646390914915
98_osh,2024-11-23,50,11.120792269706726
98_osh,2024-11-24,5,13.134281449019907
98_osh,2024-11-24,10,13.134281449019907
98_osh,2024-11-24,15,13.134281449019907
98_osh,2024-11-24,20,13.134281449019907
98_osh,2024-11-24,30,13.12622456252575
98_osh,2024-11-24,40,11.456251725554466
98_osh,2024-11-24,50,11.143498040735722
98_osh,2024-11-25,5,12.951902836561205
98_osh,2024-11-25,10,12.951902836561205
98_osh,2024-11-25,15,12.951902836561205
98_osh,2024-11-25,20,12.951902836561205
98_osh,2024-11-25,30,13.04052858799696
98_osh,2024-11-25,40,11.536820590496063
98_osh,2024-11-25,50,11.226264238357544
98_osh,2024-11-26,5,12.835444204509258
98_osh,2024-11-26,10,12.841303758323193
98_osh,2024-11-26,15,12.843501091003418
98_osh,2024-11-26,20,12.84423353523016
98_osh,2024-11-26,30,12.92992950975895
98_osh,2024-11-26,40,11.75582141429186
98_osh,2024-11-26,50,11.427686400711536
98_osh,2024-11-27,5,12.732169568538666
98_osh,2024-11-27,10,12.739494010806084
98_osh,2024-11-27,15,12.75487533956766
98_osh,2024-11-27,20,12.760002449154854
98_osh,2024-11-27,30,12.84862820059061
98_osh,2024-11-27,40,12.004852451384068
98_osh,2024-11-27,50,11.704550318419932
98_osh,2024-11-28,5,12.608386494219303
98_osh,2024-11-28,10,12.608386494219303
98_osh,2024-11-28,15,12.608386494219303
98_osh,2024-11-28,20,12.608386494219303
98_osh,2024-11-28,30,12.642811372876167
98_osh,2024-11-28,40,12.19016084074974
98_osh,2024-11-28,50,11.911099590361118
98_osh,2024-11-29,5,12.396710112690926
98_osh,2024-11-29,10,12.396710112690926
98_osh,2024-11-29,15,12.396710112690926
98_osh,2024-11-29,20,12.396710112690926
98_osh,2024-11-29,30,12.428205214440824
98_osh,2024-11-29,40,12.250221267342567
98_osh,2024-11-29,50,11.9440595805645
98_osh,2024-11-30,5,12.150608852505684
98_osh,2024-11-30,10,12.150608852505684
98_osh,2024-11-30,15,12.150608852505684
98_osh,2024-11-30,20,12.150608852505684
98_osh,2024-11-30,30,12.16965240240097
98_osh,2024-11-30,40,12.225318163633348
98_osh,2024-11-30,50,11.871547602117062
98_osh,2024-12-01,5,11.9440595805645
98_osh,2024-12-01,10,11.9440595805645
98_osh,2024-12-01,15,11.9440595805645
98_osh,2024-12-01,20,11.9440595805645
98_osh,2024-12-01,30,11.9440595805645
98_osh,2024-12-01,40,12.151341296732426
98_osh,2024-12-01,50,11.726523645222189
98_osh,2024-12-02,5,11.845179609954355
98_osh,2024-12-02,10,11.84664449840784
98_osh,2024-12-02,15,11.848109386861324
98_osh,2024-12-02,20,11.848109386861324
98_osh,2024-12-02,30,11.851039163768291
98_osh,2024-12-02,40,12.155003517866136
98_osh,2024-12-02,50,11.663533441722391
98_osh,2024-12-03,5,11.769737854599953
98_osh,2024-12-03,10,11.769737854599953
98_osh,2024-12-03,15,11.769737854599953
98_osh,2024-12-03,20,11.769737854599953
98_osh,2024-12-03,30,11.769737854599953
98_osh,2024-12-03,40,12.16159551590681
98_osh,2024-12-03,50,11.64229255914688
98_osh,2024-12-04,5,11.64156011492014
98_osh,2024-12-04,10,11.64156011492014
98_osh,2024-12-04,15,11.64156011492014
98_osh,2024-12-04,20,11.64156011492014
98_osh,2024-12-04,30,11.64156011492014
98_osh,2024-12-04,40,12.159398183226584
98_osh,2024-12-04,50,11.679647214710712
98_osh,2024-12-05,5,11.509720154106615
98_osh,2024-12-05,10,11.509720154106615
98_osh,2024-12-05,15,11.509720154106615
98_osh,2024-12-05,20,11.509720154106615
98_osh,2024-12-05,30,11.509720154106615
98_osh,2024-12-05,40,12.143284410238266
98_osh,2024-12-05,50,11.695760987699032
98_osh,2024-12-06,5,11.352977089583874
98_osh,2024-12-06,10,11.352977089583874
98_osh,2024-12-06,15,11.352977089583874
98_osh,2024-12-06,20,11.352977089583874
98_osh,2024-12-06,30,11.352977089583874
98_osh,2024-12-06,40,12.096407979726791
98_osh,2024-12-06,50,11.652546778321266
98_osh,2024-12-07,5,11.154484704136848
98_osh,2024-12-07,10,11.154484704136848
98_osh,2024-12-07,15,11.154484704136848
98_osh,2024-12-07,20,11.154484704136848
98_osh,2024-12-07,30,11.154484704136848
98_osh,2024-12-07,40,11.88766137510538
98_osh,2024-12-07,50,11.492141492664814
98_osh,2024-12-08,5,11.035828739404678
98_osh,2024-12-08,10,11.035828739404678
98_osh,2024-12-08,15,11.035828739404678
98_osh,2024-12-08,20,11.035828739404678
98_osh,2024-12-08,30,11.035828739404678
98_osh,2024-12-08,40,11.435743287205696
98_osh,2024-12-08,50,11.395458854734898
98_osh,2024-12-09,5,10.928891882300375
98_osh,2024-12-09,10,10.928891882300375
98_osh,2024-12-09,15,10.928891882300375
98_osh,2024-12-09,20,10.928891882300375
98_osh,2024-12-09,30,10.928891882300375
98_osh,2024-12-09,40,11.094424277544022
98_osh,2024-12-09,50,11.274605557322502
98_osh,2024-12-10,5,10.82781457901001
98_osh,2024-12-10,10,10.82781457901001
98_osh,2024-12-10,15,10.82781457901001
98_osh,2024-12-10,20,10.82781457901001
98_osh,2024-12-10,30,10.82781457901001
98_osh,2024-12-10,40,10.895931892096996
98_osh,2024-12-10,50,11.1676687002182
98_osh,2024-12-11,5,10.667409293353558
98_osh,2024-12-11,10,10.667409293353558
98_osh,2024-12-11,15,10.667409293353558
98_osh,2024-12-11,20,10.667409293353558
98_osh,2024-12-11,30,10.667409293353558
98_osh,2024-12-11,40,10.759697265923023
98_osh,2024-12-11,50,11.040223404765127
98_osh,2024-12-12,5,10.507736451923847
98_osh,2024-12-12,10,10.507736451923847
98_osh,2024-12-12,15,10.507736451923847
98_osh,2024-12-12,20,10.507736451923847
98_osh,2024-12-12,30,10.507736451923847
98_osh,2024-12-12,40,10.556810215115547
98_osh,2024-12-12,50,10.900326557457449
98_osh,2024-12-13,5,10.378826268017292
98_osh,2024-12-13,10,10.378826268017292
98_osh,2024-12-13,15,10.378826268017292
98_osh,2024-12-13,20,10.378826268017292
98_osh,2024-12-13,30,10.378826268017292
98_osh,2024-12-13,40,10.379558712244034
98_osh,2024-12-13,50,10.799981698393822
98_osh,2024-12-14,5,10.244056530296804
98_osh,2024-12-14,10,10.244056530296804
98_osh,2024-12-14,15,10.244056530296804
98_osh,2024-12-14,20,10.244056530296804
98_osh,2024-12-14,30,10.244056530296804
98_osh,2024-12-14,40,10.244056530296804
98_osh,2024-12-14,50,10.620532862842085
98_osh,2024-12-15,5,10.122470788657663
98_osh,2024-12-15,10,10.122470788657663
98_osh,2024-12-15,15,10.122470788657663
98_osh,2024-12-15,20,10.122470788657663
98_osh,2024-12-15,30,10.122470788657663
98_osh,2024-12-15,40,10.122470788657663
98_osh,2024-12-15,50,10.481368459761145
98_osh,2024-12-16,5,10.040437035262585
98_osh,2024-12-16,10,10.040437035262585
98_osh,2024-12-16,15,10.040437035262585
98_osh,2024-12-16,20,10.040437035262585
98_osh,2024-12-16,30,10.040437035262585
98_osh,2024-12-16,40,10.040437035262585
98_osh,2024-12-16,50,10.13272500783205
98_osh,2024-12-17,5,9.99722282588482
98_osh,2024-12-17,10,9.99722282588482
98_osh,2024-12-17,15,9.99722282588482
98_osh,2024-12-17,20,9.99722282588482
98_osh,2024-12-17,30,9.99722282588482
98_osh,2024-12-17,40,9.99722282588482
98_osh,2024-12-17,50,9.99795527011156
98_osh,2024-12-18,5,9.967925056815147
98_osh,2024-12-18,10,9.967925056815147
98_osh,2024-12-18,15,9.967925056815147
98_osh,2024-12-18,20,9.967925056815147
98_osh,2024-12-18,30,9.96865750104189
98_osh,2024-12-18,40,9.96865750104189
98_osh,2024-12-18,50,9.96865750104189
98_osh,2024-12-19,5,9.906399741768835
98_osh,2024-12-19,10,9.906399741768835
98_osh,2024-12-19,15,9.906399741768835
98_osh,2024-12-19,20,9.906399741768835
98_osh,2024-12-19,30,9.906399741768835
98_osh,2024-12-19,40,9.906399741768835
98_osh,2024-12-19,50,9.906399741768835
98_osh,2024-12-20,5,9.829493097960947
98_osh,2024-12-20,10,9.829493097960947
98_osh,2024-12-20,15,9.829493097960947
98_osh,2024-12-20,20,9.829493097960947
98_osh,2024-12-20,30,9.829493097960947
98_osh,2024-12-20,40,9.829493097960947
98_osh,2024-12-20,50,9.829493097960947
98_osh,2024-12-21,5,9.787743777036669
98_osh,2024-12-21,10,9.787743777036669
98_osh,2024-12-21,15,9.787743777036669
98_osh,2024-12-21,20,9.787743777036669
98_osh,2024-12-21,30,9.787743777036669
98_osh,2024-12-21,40,9.787743777036669
98_osh,2024-12-21,50,9.787743777036669
98_osh,2024-12-22,5,9.74379712343216
98_osh,2024-12-22,10,9.74379712343216
98_osh,2024-12-22,15,9.74379712343216
98_osh,2024-12-22,20,9.74379712343216
98_osh,2024-12-22,30,9.7445295676589
98_osh,2024-12-22,40,9.7445295676589
98_osh,2024-12-22,50,9.7445295676589
98_osh,2024-12-23,5,9.671285144984722
98_osh,2024-12-23,10,9.671285144984722
98_osh,2024-12-23,15,9.671285144984722
98_osh,2024-12-23,20,9.671285144984722
98_osh,2024-12-23,30,9.672017589211464
98_osh,2024-12-23,40,9.672017589211464
98_osh,2024-12-23,50,9.672017589211464
98_osh,2024-12-24,5,9.599505610764028
98_osh,2024-12-24,10,9.599505610764028
98_osh,2024-12-24,15,9.599505610764028
98_osh,2024-12-24,20,9.599505610764028
98_osh,2024-12-24,30,9.599505610764028
98_osh,2024-12-24,40,9.599505610764028
98_osh,2024-12-24,50,9.599505610764028
98_osh,2024-12-25,5,9.534318074584007
98_osh,2024-12-25,10,9.542374961078169
98_osh,2024-12-25,15,9.5482345148921
98_osh,2024-12-25,20,9.549699403345585
98_osh,2024-12-25,30,9.551164291799068
98_osh,2024-12-25,40,9.551164291799068
98_osh,2024-12-25,50,9.551164291799068
98_osh,2024-12-26,5,9.46620076149702
98_osh,2024-12-26,10,9.46620076149702
98_osh,2024-12-26,15,9.46620076149702
98_osh,2024-12-26,20,9.46620076149702
98_osh,2024-12-26,30,9.46620076149702
98_osh,2024-12-26,40,9.46620076149702
98_osh,2024-12-26,50,9.46620076149702
98_osh,2024-12-27,5,9.32630391418934
98_osh,2024-12-27,10,9.32630391418934
98_osh,2024-12-27,15,9.32630391418934
98_osh,2024-12-27,20,9.32630391418934
98_osh,2024-12-27,30,9.32630391418934
98_osh,2024-12-27,40,9.32630391418934
98_osh,2024-12-27,50,9.32703635841608
98_osh,2024-12-28,5,9.225226610898972
98_osh,2024-12-28,10,9.225226610898972
98_osh,2024-12-28,15,9.225226610898972
98_osh,2024-12-28,20,9.225226610898972
98_osh,2024-12-28,30,9.225226610898972
98_osh,2024-12-28,40,9.225959055125712
98_osh,2024-12-28,50,9.225959055125712
98_osh,2024-12-29,5,9.143192857503893
98_osh,2024-12-29,10,9.143192857503893
98_osh,2024-12-29,15,9.143192857503893
98_osh,2024-12-29,20,9.143192857503893
98_osh,2024-12-29,30,9.143192857503893
98_osh,2024-12-29,40,9.143192857503893
98_osh,2024-12-29,50,9.143192857503893
98_osh,2024-12-30,5,9.098513759672642
98_osh,2024-12-30,10,9.098513759672642
98_osh,2024-12-30,15,9.098513759672642
98_osh,2024-12-30,20,9.098513759672642
98_osh,2024-12-30,30,9.098513759672642
98_osh,2024-12-30,40,9.098513759672642
98_osh,2024-12-30,50,9.098513759672642
98_osh,2024-12-31,5,9.060426659882069
98_osh,2024-12-31,10,9.060426659882069
98_osh,2024-12-31,15,9.060426659882069
98_osh,2024-12-31,20,9.060426659882069
98_osh,2024-12-31,30,9.06115910410881
98_osh,2024-12-31,40,9.06115910410881
98_osh,2024-12-31,50,9.06115910410881
98_osh,2025-01-01,5,8.980590239167213
98_osh,2025-01-01,10,8.980590239167213
98_osh,2025-01-01,15,8.980590239167213
98_osh,2025-01-01,20,8.980590239167213
98_osh,2025-01-01,30,8.980590239167213
98_osh,2025-01-01,40,8.980590239167213
98_osh,2025-01-01,50,8.980590239167213
98_osh,2025-01-02,5,8.8524124994874
98_osh,2025-01-02,10,8.8524124994874
98_osh,2025-01-02,15,8.8524124994874
98_osh,2025-01-02,20,8.8524124994874
98_osh,2025-01-02,30,8.8524124994874
98_osh,2025-01-02,40,8.8524124994874
98_osh,2025-01-02,50,8.8524124994874
98_osh,2025-01-03,5,8.719840094447136
98_osh,2025-01-03,10,8.720572538673878
98_osh,2025-01-03,15,8.720572538673878
98_osh,2025-01-03,20,8.720572538673878
98_osh,2025-01-03,30,8.720572538673878
98_osh,2025-01-03,40,8.720572538673878
98_osh,2025-01-03,50,8.720572538673878
98_osh,2025-01-04,5,8.598254352807999
98_osh,2025-01-04,10,8.598254352807999
98_osh,2025-01-04,15,8.598254352807999
98_osh,2025-01-04,20,8.598254352807999
98_osh,2025-01-04,30,8.59898679703474
98_osh,2025-01-04,40,8.59898679703474
98_osh,2025-01-04,50,8.59898679703474
98_osh,2025-01-05,5,8.503769047558308
98_osh,2025-01-05,10,8.503769047558308
98_osh,2025-01-05,15,8.50450149178505
98_osh,2025-01-05,20,8.50450149178505
98_osh,2025-01-05,30,8.50450149178505
98_osh,2025-01-05,40,8.50450149178505
98_osh,2025-01-05,50,8.50450149178505
98_osh,2025-01-06,5,8.45176550745964
98_osh,2025-01-06,10,8.461287282407284
98_osh,2025-01-06,15,8.464217059314251
98_osh,2025-01-06,20,8.464949503540993
98_osh,2025-01-06,30,8.464949503540993
98_osh,2025-01-06,40,8.464949503540993
98_osh,2025-01-06,50,8.464949503540993
98_osh,2025-01-07,5,8.437849067151546
98_osh,2025-01-07,10,8.437849067151546
98_osh,2025-01-07,15,8.437849067151546
98_osh,2025-01-07,20,8.437849067151546
98_osh,2025-01-07,30,8.437849067151546
98_osh,2025-01-07,40,8.437849067151546
98_osh,2025-01-07,50,8.437849067151546
98_osh,2025-01-08,5,8.37778864055872
98_osh,2025-01-08,10,8.37778864055872
98_osh,2025-01-08,15,8.37778864055872
98_osh,2025-01-08,20,8.37778864055872
98_osh,2025-01-08,30,8.37778864055872
98_osh,2025-01-08,40,8.37778864055872
98_osh,2025-01-08,50,8.37778864055872
98_osh,2025-01-09,5,8.28769800066948
98_osh,2025-01-09,10,8.28769800066948
98_osh,2025-01-09,15,8.28769800066948
98_osh,2025-01-09,20,8.28769800066948
98_osh,2025-01-09,30,8.28769800066948
98_osh,2025-01-09,40,8.28769800066948
98_osh,2025-01-09,50,8.28769800066948
98_osh,2025-01-10,5,8.252540677785873
98_osh,2025-01-10,10,8.253273122012615
98_osh,2025-01-10,15,8.252540677785873
98_osh,2025-01-10,20,8.252540677785873
98_osh,2025-01-10,30,8.25107578933239
98_osh,2025-01-10,40,8.250343345105648
98_osh,2025-01-10,50,8.250343345105648
98_osh,2025-01-11,5,8.241554014384747
98_osh,2025-01-11,10,8.241554014384747
98_osh,2025-01-11,15,8.241554014384747
98_osh,2025-01-11,20,8.241554014384747
98_osh,2025-01-11,30,8.240821570158005
98_osh,2025-01-11,40,8.240089125931263
98_osh,2025-01-11,50,8.240089125931263
98_osh,2025-01-12,5,8.235694460570812
98_osh,2025-01-12,10,8.235694460570812
98_osh,2025-01-12,15,8.235694460570812
98_osh,2025-01-12,20,8.235694460570812
98_osh,2025-01-12,30,8.23496201634407
98_osh,2025-01-12,40,8.23496201634407
98_osh,2025-01-12,50,8.23496201634407
98_osh,2025-01-13,5,8.243751347064972
98_osh,2025-01-13,10,8.244483791291714
98_osh,2025-01-13,15,8.243751347064972
98_osh,2025-01-13,20,8.24301890283823
98_osh,2025-01-13,30,8.242286458611488
98_osh,2025-01-13,40,8.240821570158005
98_osh,2025-01-13,50,8.240089125931263
98_osh,2025-01-14,5,8.203466914594173
98_osh,2025-01-14,10,8.203466914594173
98_osh,2025-01-14,15,8.203466914594173
98_osh,2025-01-14,20,8.203466914594173
98_osh,2025-01-14,30,8.203466914594173
98_osh,2025-01-14,40,8.203466914594173
98_osh,2025-01-14,50,8.203466914594173
98_osh,2025-01-15,5,8.056978069245815
98_osh,2025-01-15,10,8.056978069245815
98_osh,2025-01-15,15,8.056978069245815
98_osh,2025-01-15,20,8.056978069245815
98_osh,2025-01-15,30,8.056978069245815
98_osh,2025-01-15,40,8.056978069245815
98_osh,2025-01-15,50,8.057710513472557
98_osh,2025-01-16,5,7.851893685758114
98_osh,2025-01-16,10,7.851893685758114
98_osh,2025-01-16,15,7.851893685758114
98_osh,2025-01-16,20,7.851893685758114
98_osh,2025-01-16,30,7.851893685758114
98_osh,2025-01-16,40,7.852626129984856
98_osh,2025-01-16,50,7.875331901013851
98_osh,2025-01-17,5,7.620441310107708
98_osh,2025-01-17,10,7.620441310107708
98_osh,2025-01-17,15,7.62117375433445
98_osh,2025-01-17,20,7.62117375433445
98_osh,2025-01-17,30,7.62117375433445
98_osh,2025-01-17,40,7.62117375433445
98_osh,2025-01-17,50,7.681966625154018
98_osh,2025-01-18,5,7.423413813114166
98_osh,2025-01-18,10,7.423413813114166
98_osh,2025-01-18,15,7.423413813114166
98_osh,2025-01-18,20,7.423413813114166
98_osh,2025-01-18,30,7.423413813114166
98_osh,2025-01-18,40,7.433668032288551
98_osh,2025-01-18,50,7.54353466629982
98_osh,2025-01-19,5,7.155339226126671
98_osh,2025-01-19,10,7.199285879731178
98_osh,2025-01-19,15,7.208807654678822
98_osh,2025-01-19,20,7.211737431585789
98_osh,2025-01-19,30,7.246162310242653
98_osh,2025-01-19,40,7.340647615492344
98_osh,2025-01-19,50,7.451246693730354
98_osh,2025-01-20,5,6.652150042355061
98_osh,2025-01-20,10,6.689504697918892
98_osh,2025-01-20,15,6.819147326052189
98_osh,2025-01-20,20,6.880672641098499
98_osh,2025-01-20,30,7.044007703661919
98_osh,2025-01-20,40,7.240302756428719
98_osh,2025-01-20,50,7.286446742713451
98_osh,2025-01-21,5,5.928495146334171
98_osh,2025-01-21,10,6.011261343955994
98_osh,2025-01-21,15,6.259559936821461
98_osh,2025-01-21,20,6.392864786088467
98_osh,2025-01-21,30,6.723197132349014
98_osh,2025-01-21,40,6.965636171400547
98_osh,2025-01-21,50,7.024964153766632
98_osh,2025-01-22,5,5.193121142685413
98_osh,2025-01-22,10,5.463393062353134
98_osh,2025-01-22,15,5.856715612113476
98_osh,2025-01-22,20,5.96072269231081
98_osh,2025-01-22,30,6.314493253827095
98_osh,2025-01-22,40,6.602343834936619
98_osh,2025-01-22,50,6.756157122552395
98_osh,2025-01-23,5,4.532456450164318
98_osh,2025-01-23,10,5.075930066406727
98_osh,2025-01-23,15,5.414319299161434
98_osh,2025-01-23,20,5.51466415822506
98_osh,2025-01-23,30,5.93215736746788
98_osh,2025-01-23,40,6.25516527146101
98_osh,2025-01-23,50,6.5019989758729935
98_osh,2025-01-24,5,4.298806741833687
98_osh,2025-01-24,10,4.756584383547306
98_osh,2025-01-24,15,5.029786080121994
98_osh,2025-01-24,20,5.145512267947197
98_osh,2025-01-24,30,5.622333459556103
98_osh,2025-01-24,40,5.985625796020031
98_osh,2025-01-24,50,6.33280435949564
98_osh,2025-01-25,5,4.0834681391716
98_osh,2025-01-25,10,4.498764015734196
98_osh,2025-01-25,15,4.783684819936752
98_osh,2025-01-25,20,4.912595003843308
98_osh,2025-01-25,30,5.406994856894016
98_osh,2025-01-25,40,5.826685398817062
98_osh,2025-01-25,50,6.241248831152916
98_osh,2025-01-26,5,3.7436140179634094
98_osh,2025-01-26,10,4.339823618531227
98_osh,2025-01-26,15,4.640125751495361
98_osh,2025-01-26,20,4.771233268082142
98_osh,2025-01-26,30,5.265633121132851
98_osh,2025-01-26,40,5.722678318619728
98_osh,2025-01-26,50,6.190710179507732
98_osh,2025-01-27,5,3.4169438928365707
98_osh,2025-01-27,10,4.205053880810738
98_osh,2025-01-27,15,4.528794229030609
98_osh,2025-01-27,20,4.656971968710423
98_osh,2025-01-27,30,5.139652714133263
98_osh,2025-01-27,40,5.594500578939915
98_osh,2025-01-27,50,6.09988709539175
98_osh,2025-01-28,5,3.233832836151123
98_osh,2025-01-28,10,4.031464599072933
98_osh,2025-01-28,15,4.396221823990345
98_osh,2025-01-28,20,4.513412900269032
98_osh,2025-01-28,30,4.959471434354782
98_osh,2025-01-28,40,5.340342432260513
98_osh,2025-01-28,50,5.803247183561325
98_osh,2025-01-29,5,3.0404675602912903
98_osh,2025-01-29,10,3.572954513132572
98_osh,2025-01-29,15,4.188940107822418
98_osh,2025-01-29,20,4.342753395438194
98_osh,2025-01-29,30,4.788079485297203
98_osh,2025-01-29,40,5.1015656143426895
98_osh,2025-01-29,50,5.461928173899651
98_osh,2025-01-30,5,3.0390026718378067
98_osh,2025-01-30,10,3.1312906444072723
98_osh,2025-01-30,15,3.82564777135849
98_osh,2025-01-30,20,4.120822794735432
98_osh,2025-01-30,30,4.730948835611343
98_osh,2025-01-30,40,5.108157612383366
98_osh,2025-01-30,50,5.520523712038994
98_osh,2025-01-31,5,3.034608006477356
98_osh,2025-01-31,10,3.0499893352389336
98_osh,2025-01-31,15,3.559038072824478
98_osh,2025-01-31,20,3.939176626503468
98_osh,2025-01-31,30,4.744132831692696
98_osh,2025-01-31,40,5.252449125051498
98_osh,2025-01-31,50,5.834742285311222
98_osh,2025-02-01,5,2.9481795877218246
98_osh,2025-02-01,10,2.9796746894717216
98_osh,2025-02-01,15,3.545854076743126
98_osh,2025-02-01,20,3.937711738049984
98_osh,2025-02-01,30,4.752922162413597
98_osh,2025-02-01,40,5.347666874527931
98_osh,2025-02-01,50,6.073519103229046
98_osh,2025-02-02,5,2.8441725075244904
98_osh,2025-02-02,10,2.8712729439139366
98_osh,2025-02-02,15,3.541459411382675
98_osh,2025-02-02,20,3.917203299701214
98_osh,2025-02-02,30,4.722891949117184
98_osh,2025-02-02,40,5.338145099580288
98_osh,2025-02-02,50,6.149693302810192
98_osh,2025-02-03,5,2.75408186763525
98_osh,2025-02-03,10,2.8368480652570724
98_osh,2025-02-03,15,3.3539536893367767
98_osh,2025-02-03,20,3.696005143225193
98_osh,2025-02-03,30,4.552232444286346
98_osh,2025-02-03,40,5.088381618261337
98_osh,2025-02-03,50,5.811304070055485
98_osh,2025-02-04,5,2.896176047623157
98_osh,2025-02-04,10,2.922544039785862
98_osh,2025-02-04,15,3.143742196261883
98_osh,2025-02-04,20,3.331247918307781
98_osh,2025-02-04,30,4.284157857298851
98_osh,2025-02-04,40,4.810785256326199
98_osh,2025-02-04,50,5.204840250313282
98_osh,2025-02-05,5,2.965025804936886
98_osh,2025-02-05,10,2.9694204702973366
98_osh,2025-02-05,15,2.982604466378689
98_osh,2025-02-05,20,3.0228888988494877
98_osh,2025-02-05,30,4.035859264433384
98_osh,2025-02-05,40,4.746330164372921
98_osh,2025-02-05,50,4.939695440232754
98_osh,2025-02-06,5,2.994323574006557
98_osh,2025-02-06,10,2.9950560182332997
98_osh,2025-02-06,15,2.995788462460041
98_osh,2025-02-06,20,3.0009155720472336
98_osh,2025-02-06,30,4.076876141130924
98_osh,2025-02-06,40,4.869380794465542
98_osh,2025-02-06,50,5.166020706295967
98_osh,2025-02-07,5,2.951109364628792
98_osh,2025-02-07,10,2.951109364628792
98_osh,2025-02-07,15,2.9518418088555336
98_osh,2025-02-07,20,2.9598986953496933
98_osh,2025-02-07,30,4.325174733996391
98_osh,2025-02-07,40,5.100833170115948
98_osh,2025-02-07,50,5.64577167481184
98_osh,2025-02-08,5,2.93792536854744
98_osh,2025-02-08,10,2.9342631474137306
98_osh,2025-02-08,15,2.9489120319485664
98_osh,2025-02-08,20,3.0089724585413933
98_osh,2025-02-08,30,4.469466246664524
98_osh,2025-02-08,40,5.320566438138485
98_osh,2025-02-08,50,6.0954924300313
98_osh,2025-02-09,5,2.95037692040205
98_osh,2025-02-09,10,2.95037692040205
98_osh,2025-02-09,15,2.964293360710144
98_osh,2025-02-09,20,3.030213341116905
98_osh,2025-02-09,30,4.551500000059605
98_osh,2025-02-09,40,5.618671238422394
98_osh,2025-02-09,50,6.678518034517765
98_osh,2025-02-10,5,2.964293360710144
98_osh,2025-02-10,10,2.964293360710144
98_osh,2025-02-10,15,2.9701529145240784
98_osh,2025-02-10,20,3.0053102374076843
98_osh,2025-02-10,30,4.588854655623436
98_osh,2025-02-10,40,5.877956494688988
98_osh,2025-02-10,50,7.169255666434765
98_osh,2025-02-11,5,3.0045777931809425
98_osh,2025-02-11,10,3.0053102374076843
98_osh,2025-02-11,15,3.0075075700879097
98_osh,2025-02-11,20,3.024353787302971
98_osh,2025-02-11,30,4.612292870879173
98_osh,2025-02-11,40,6.104281760752201
98_osh,2025-02-11,50,7.415356926620007
98_osh,2025-02-12,5,3.061708442866802
98_osh,2025-02-12,10,3.0741599947214127
98_osh,2025-02-12,15,3.0895413234829903
98_osh,2025-02-12,20,3.107852429151535
98_osh,2025-02-12,30,4.53318889439106
98_osh,2025-02-12,40,6.203894175589085
98_osh,2025-02-12,50,7.4541764706373215
98_osh,2025-02-13,5,3.1415448635816574
98_osh,2025-02-13,10,3.144474640488625
98_osh,2025-02-13,15,3.171575076878071
98_osh,2025-02-13,20,3.206732399761677
98_osh,2025-02-13,30,4.554429776966572
98_osh,2025-02-13,40,6.45146032422781
98_osh,2025-02-13,50,7.528885781764984
98_osh,2025-02-14,5,3.299752816557884
98_osh,2025-02-14,10,3.299752816557884
98_osh,2025-02-14,15,3.3026825934648514
98_osh,2025-02-14,20,3.307077258825302
98_osh,2025-02-14,30,4.558824442327023
98_osh,2025-02-14,40,6.788384668529034
98_osh,2025-02-14,50,7.605792425572872
98_osh,2025-02-15,5,3.37153235077858
98_osh,2025-02-15,10,3.373729683458805
98_osh,2025-02-15,15,3.3751945719122887
98_osh,2025-02-15,20,3.378124348819256
98_osh,2025-02-15,30,4.4716635793447495
98_osh,2025-02-15,40,6.929746404290199
98_osh,2025-02-15,50,7.562578216195106
98_osh,2025-02-16,5,3.310739479959011
98_osh,2025-02-16,10,3.3363750278949738
98_osh,2025-02-16,15,3.3480941355228424
98_osh,2025-02-16,20,3.361278131604194
98_osh,2025-02-16,30,4.467268913984299
98_osh,2025-02-16,40,6.931211292743683
98_osh,2025-02-16,50,7.506180010735989
98_osh,2025-02-17,5,3.26532793790102
98_osh,2025-02-17,10,3.303415037691593
98_osh,2025-02-17,15,3.3510239124298096
98_osh,2025-02-17,20,3.374462127685547
98_osh,2025-02-17,30,4.502426236867905
98_osh,2025-02-17,40,6.944395288825035
98_osh,2025-02-17,50,7.464430689811706
98_osh,2025-02-18,5,3.3063448145985603
98_osh,2025-02-18,10,3.307077258825302
98_osh,2025-02-18,15,3.3239234760403638
98_osh,2025-02-18,20,3.361278131604194
98_osh,2025-02-18,30,4.663563966751099
98_osh,2025-02-18,40,7.002990826964378
98_osh,2025-02-18,50,7.443189807236195
98_osh,2025-02-19,5,3.364207908511162
98_osh,2025-02-19,10,3.364207908511162
98_osh,2025-02-19,15,3.3686025738716125
98_osh,2025-02-19,20,3.3869136795401573
98_osh,2025-02-19,30,4.831293694674969
98_osh,2025-02-19,40,7.022034376859665
98_osh,2025-02-19,50,7.419751591980457
98_osh,2025-02-20,5,3.394970566034317
98_osh,2025-02-20,10,3.387646123766899
98_osh,2025-02-20,15,3.391308344900608
98_osh,2025-02-20,20,3.4110843390226364
98_osh,2025-02-20,30,4.962401211261749
98_osh,2025-02-20,40,7.009582825005055
98_osh,2025-02-20,50,7.399975597858429
98_osh,2025-02-21,5,3.397900342941284
98_osh,2025-02-21,10,3.393505677580833
98_osh,2025-02-21,15,3.4000976756215096
98_osh,2025-02-21,20,3.425733223557472
98_osh,2025-02-21,30,5.048829630017281
98_osh,2025-02-21,40,6.977355279028416
98_osh,2025-02-21,50,7.375072494149208
98_osh,2025-02-22,5,3.3942381218075752
98_osh,2025-02-22,10,3.388378567993641
98_osh,2025-02-22,15,3.398632787168026
98_osh,2025-02-22,20,3.44111455231905
98_osh,2025-02-22,30,5.118411831557751
98_osh,2025-02-22,40,6.937070846557617
98_osh,2025-02-22,50,7.349436946213245
98_osh,2025-02-23,5,3.4066896736621857
98_osh,2025-02-23,10,3.401562564074993
98_osh,2025-02-23,15,3.4081545621156693
98_osh,2025-02-23,20,3.4425794407725334
98_osh,2025-02-23,30,5.177007369697094
98_osh,2025-02-23,40,6.92168951779604
98_osh,2025-02-23,50,7.329660952091217
98_osh,2025-02-24,5,3.402295008301735
98_osh,2025-02-24,10,3.3971678987145424
98_osh,2025-02-24,15,3.414014115929604
98_osh,2025-02-24,20,3.4594256579875946
98_osh,2025-02-24,30,5.201910473406315
98_osh,2025-02-24,40,6.912167742848396
98_osh,2025-02-24,50,7.314279623329639
98_osh,2025-02-25,5,3.444044329226017
98_osh,2025-02-25,10,3.4396496638655663
98_osh,2025-02-25,15,3.485793650150299
98_osh,2025-02-25,20,3.5436567440629005
98_osh,2025-02-25,30,5.182134479284287
98_osh,2025-02-25,40,6.890926860272884
98_osh,2025-02-25,50,7.295968517661095
98_osh,2025-02-26,5,3.572954513132572
98_osh,2025-02-26,10,3.573686957359314
98_osh,2025-02-26,15,3.596392728388309
98_osh,2025-02-26,20,3.638874493539333
98_osh,2025-02-26,30,5.091311395168304
98_osh,2025-02-26,40,6.874813087284565
98_osh,2025-02-26,50,7.26960052549839
98_osh,2025-02-27,5,3.613971389830113
98_osh,2025-02-27,10,3.613971389830113
98_osh,2025-02-27,15,3.619098499417305
98_osh,2025-02-27,20,3.641071826219559
98_osh,2025-02-27,30,5.038575410842896
98_osh,2025-02-27,40,6.855769537389278
98_osh,2025-02-27,50,7.254219196736813
98_osh,2025-02-28,5,3.55171363055706
98_osh,2025-02-28,10,3.5502487421035767
98_osh,2025-02-28,15,3.6059145033359528
98_osh,2025-02-28,20,3.663777597248554
98_osh,2025-02-28,30,4.982177205383778
98_osh,2025-02-28,40,6.814752660691738
98_osh,2025-02-28,50,7.243232533335686
98_osh,2025-03-01,5,3.6147038340568542
98_osh,2025-03-01,10,3.598590061068535
98_osh,2025-03-01,15,3.622760720551014
98_osh,2025-03-01,20,3.672566927969456
98_osh,2025-03-01,30,4.922116778790951
98_osh,2025-03-01,40,6.748832680284977
98_osh,2025-03-01,50,7.216132096946239
98_osh,2025-03-02,5,3.664510041475296
98_osh,2025-03-02,10,3.661580264568329
98_osh,2025-03-02,15,3.669637151062489
98_osh,2025-03-02,20,3.7018646970391273
98_osh,2025-03-02,30,4.927243888378143
98_osh,2025-03-02,40,6.770073562860489
98_osh,2025-03-02,50,7.217596985399723
98_osh,2025-03-03,5,3.632282495498657
98_osh,2025-03-03,10,3.633014939725399
98_osh,2025-03-03,15,3.633014939725399
98_osh,2025-03-03,20,3.6374096050858498
98_osh,2025-03-03,30,4.949949659407139
98_osh,2025-03-03,40,6.829401545226574
98_osh,2025-03-03,50,7.249824531376362
98_osh,2025-03-04,5,3.603717170655728
98_osh,2025-03-04,10,3.5971251726150517
98_osh,2025-03-04,15,3.58833584189415
98_osh,2025-03-04,20,3.587603397667408
98_osh,2025-03-04,30,4.9265114441514015
98_osh,2025-03-04,40,6.837458431720734
98_osh,2025-03-04,50,7.282784521579742
98_osh,2025-03-05,5,3.521683417260647
98_osh,2025-03-05,10,3.52681052684784
98_osh,2025-03-05,15,3.55171363055706
98_osh,2025-03-05,20,3.566362515091896
98_osh,2025-03-05,30,4.779290154576302
98_osh,2025-03-05,40,6.7224646881222725
98_osh,2025-03-05,50,7.247627198696136
98_osh,2025-03-06,5,3.56782740354538
98_osh,2025-03-06,10,3.56782740354538
98_osh,2025-03-06,15,3.5824762880802155
98_osh,2025-03-06,20,3.608111836016178
98_osh,2025-03-06,30,4.712637729942799
98_osh,2025-03-06,40,6.715872690081596
98_osh,2025-03-06,50,7.246162310242653
98_osh,2025-03-07,5,3.6278878301382074
98_osh,2025-03-07,10,3.6147038340568542
98_osh,2025-03-07,15,3.61690116673708
98_osh,2025-03-07,20,3.62935271859169
98_osh,2025-03-07,30,4.712637729942799
98_osh,2025-03-07,40,6.759819343686104
98_osh,2025-03-07,50,7.270332969725132
98_osh,2025-03-08,5,3.662312708795071
98_osh,2025-03-08,10,3.6527909338474274
98_osh,2025-03-08,15,3.6769615933299065
98_osh,2025-03-08,20,3.702597141265869
98_osh,2025-03-08,30,4.795403927564621
98_osh,2025-03-08,40,6.809625551104546
98_osh,2025-03-08,50,7.2967009618878365
98_osh,2025-03-09,5,3.703329585492611
98_osh,2025-03-09,10,3.6982024759054175
98_osh,2025-03-09,15,3.72750024497509
98_osh,2025-03-09,20,3.7714468985795975
98_osh,2025-03-09,30,4.886959455907345
98_osh,2025-03-09,40,6.846247762441635
98_osh,2025-03-09,50,7.32673117518425
98_osh,2025-03-10,5,3.803674444556236
98_osh,2025-03-10,10,3.7685171216726303
98_osh,2025-03-10,15,3.8029420003294954
98_osh,2025-03-10,20,3.842493988573551
98_osh,2025-03-10,30,4.922116778790951
98_osh,2025-03-10,40,6.840388208627701
98_osh,2025-03-10,50,7.343577392399311
98_osh,2025-03-11,5,3.927457518875599
98_osh,2025-03-11,10,3.868861980736256
98_osh,2025-03-11,15,3.871059313416481
98_osh,2025-03-11,20,3.909878857433796
98_osh,2025-03-11,30,4.930173665285111
98_osh,2025-03-11,40,6.819879770278931
98_osh,2025-03-11,50,7.352366723120211
98_osh,2025-03-12,5,4.062227256596088
98_osh,2025-03-12,10,4.037324152886868
98_osh,2025-03-12,15,4.0234077125787735
98_osh,2025-03-12,20,4.032929487526417
98_osh,2025-03-12,30,4.994628757238388
98_osh,2025-03-12,40,6.904843300580978
98_osh,2025-03-12,50,7.420484036207199
98_osh,2025-03-13,5,4.109836131334305
98_osh,2025-03-13,10,4.109103687107563
98_osh,2025-03-13,15,4.108371242880821
98_osh,2025-03-13,20,4.114230796694756
98_osh,2025-03-13,30,5.139652714133263
98_osh,2025-03-13,40,7.0374157056212425
98_osh,2025-03-13,50,7.524491116404533
98_osh,2025-03-14,5,4.131077013909817
98_osh,2025-03-14,10,4.120822794735432
98_osh,2025-03-14,15,4.115695685148239
98_osh,2025-03-14,20,4.130344569683075
98_osh,2025-03-14,30,5.221686467528343
98_osh,2025-03-14,40,7.125309012830257
98_osh,2025-03-14,50,7.614581756293774
98_osh,2025-03-15,5,4.054902814328671
98_osh,2025-03-15,10,4.076876141130924
98_osh,2025-03-15,15,4.1178930178284645
98_osh,2025-03-15,20,4.16916411370039
98_osh,2025-03-15,30,5.157963819801807
98_osh,2025-03-15,40,7.112857460975647
98_osh,2025-03-15,50,7.672444850206375
98_osh,2025-03-16,5,4.0197454914450645
98_osh,2025-03-16,10,4.046113483607769
98_osh,2025-03-16,15,4.188940107822418
98_osh,2025-03-16,20,4.24680320173502
98_osh,2025-03-16,30,5.061281181871891
98_osh,2025-03-16,40,7.1531418934464455
98_osh,2025-03-16,50,7.751548826694488
98_osh,2025-03-17,5,4.073213919997215
98_osh,2025-03-17,10,4.088595248758793
98_osh,2025-03-17,15,4.284890301525593
98_osh,2025-03-17,20,4.33689384162426
98_osh,2025-03-17,30,4.996826089918613
98_osh,2025-03-17,40,7.243232533335686
98_osh,2025-03-17,50,7.83797724545002
98_osh,2025-03-18,5,4.142063677310944
98_osh,2025-03-18,10,4.183812998235226
98_osh,2025-03-18,15,4.350810281932354
98_osh,2025-03-18,20,4.405743598937988
98_osh,2025-03-18,30,4.9667958766222
98_osh,2025-03-18,40,7.2791223004460335
98_osh,2025-03-18,50,7.873134568333626
98_osh,2025-03-19,5,4.257057420909405
98_osh,2025-03-19,10,4.254860088229179
98_osh,2025-03-19,15,4.359599612653256
98_osh,2025-03-19,20,4.424787148833275
98_osh,2025-03-19,30,5.015137195587158
98_osh,2025-03-19,40,7.356761388480663
98_osh,2025-03-19,50,7.909756779670715
98_osh,2025-03-20,5,4.415997818112373
98_osh,2025-03-20,10,4.362529389560223
98_osh,2025-03-20,15,4.412335596978664
98_osh,2025-03-20,20,4.473128467798233
98_osh,2025-03-20,30,5.098635837435722
98_osh,2025-03-20,40,7.364818274974823
98_osh,2025-03-20,50,7.908291891217232
98_osh,2025-03-21,5,4.580797769129276
98_osh,2025-03-21,10,4.550767555832863
98_osh,2025-03-21,15,4.531724005937576
98_osh,2025-03-21,20,4.554429776966572
98_osh,2025-03-21,30,5.248054459691048
98_osh,2025-03-21,40,7.447584472596645
98_osh,2025-03-21,50,7.941984325647354
98_osh,2025-03-22,5,4.6430555284023285
98_osh,2025-03-22,10,4.626941755414009
98_osh,2025-03-22,15,4.640125751495361
98_osh,2025-03-22,20,4.66429641097784
98_osh,2025-03-22,30,5.374034866690636
98_osh,2025-03-22,40,7.506180010735989
98_osh,2025-03-22,50,7.963225208222866
98_osh,2025-03-23,5,4.831293694674969
98_osh,2025-03-23,10,4.76244393736124
98_osh,2025-03-23,15,4.774163044989109
98_osh,2025-03-23,20,4.802728369832039
98_osh,2025-03-23,30,5.412854410707951
98_osh,2025-03-23,40,7.478347130119801
98_osh,2025-03-23,50,7.9617603197693825
98_osh,2025-03-24,5,5.00781275331974
98_osh,2025-03-24,10,4.922849223017693
98_osh,2025-03-24,15,4.902340784668922
98_osh,2025-03-24,20,4.929441221058369
98_osh,2025-03-24,30,5.431897960603237
98_osh,2025-03-24,40,7.4402600303292274
98_osh,2025-03-24,50,7.955900765955448
98_osh,2025-03-25,5,5.1997131407260895
98_osh,2025-03-25,10,5.144047379493713
98_osh,2025-03-25,15,5.034180745482445
98_osh,2025-03-25,20,5.042970076203346
98_osh,2025-03-25,30,5.493423275649548
98_osh,2025-03-25,40,7.48640401661396
98_osh,2025-03-25,50,7.975676760077476
98_osh,2025-03-26,5,5.207770027220249
98_osh,2025-03-26,10,5.214362025260925
98_osh,2025-03-26,15,5.166753150522709
98_osh,2025-03-26,20,5.152104265987873
98_osh,2025-03-26,30,5.5813165828585625
98_osh,2025-03-26,40,7.557451106607914
98_osh,2025-03-26,50,8.000579863786697
98_osh,2025-03-27,5,5.210699804127216
98_osh,2025-03-27,10,5.237067796289921
98_osh,2025-03-27,15,5.250251792371273
98_osh,2025-03-27,20,5.236335352063179
98_osh,2025-03-27,30,5.595965467393398
98_osh,2025-03-27,40,7.503250233829021
98_osh,2025-03-27,50,7.983733646571636
98_osh,2025-03-28,5,5.239997573196888
98_osh,2025-03-28,10,5.256111346185207
98_osh,2025-03-28,15,5.291268669068813
98_osh,2025-03-28,20,5.287606447935104
98_osh,2025-03-28,30,5.631855234503746
98_osh,2025-03-28,40,7.501052901148796
98_osh,2025-03-28,50,7.98959320038557
98_osh,2025-03-29,5,5.261970899999142
98_osh,2025-03-29,10,5.259041123092175
98_osh,2025-03-29,15,5.313241995871067
98_osh,2025-03-29,20,5.341074876487255
98_osh,2025-03-29,30,5.794457852840424
98_osh,2025-03-29,40,7.597735539078712
98_osh,2025-03-29,50,8.00570697337389
98_osh,2025-03-30,5,5.204840250313282
98_osh,2025-03-30,10,5.206305138766766
98_osh,2025-03-30,15,5.277352228760719
98_osh,2025-03-30,20,5.376232199370861
98_osh,2025-03-30,30,5.9555955827236176
98_osh,2025-03-30,40,7.627033308148384
98_osh,2025-03-30,50,8.000579863786697
98_osh,2025-03-31,5,5.200445584952831
98_osh,2025-03-31,10,5.196783363819122
98_osh,2025-03-31,15,5.2172918021678925
98_osh,2025-03-31,20,5.37183753401041
98_osh,2025-03-31,30,6.108676426112652
98_osh,2025-03-31,40,7.662923075258732
98_osh,2025-03-31,50,8.002777196466923
98_osh,2025-04-01,5,5.313974440097809
98_osh,2025-04-01,10,5.277352228760719
98_osh,2025-04-01,15,5.2941984459757805
98_osh,2025-04-01,20,5.431165516376495
98_osh,2025-04-01,30,6.15701774507761
98_osh,2025-04-01,40,7.610919535160065
98_osh,2025-04-01,50,7.981536313891411
98_osh,2025-04-02,5,5.341807320713997
98_osh,2025-04-02,10,5.360118426382542
98_osh,2025-04-02,15,5.3850215300917625
98_osh,2025-04-02,20,5.471449948847294
98_osh,2025-04-02,30,6.111606203019619
98_osh,2025-04-02,40,7.50251778960228
98_osh,2025-04-02,50,7.941251881420612
98_osh,2025-04-03,5,5.384289085865021
98_osh,2025-04-03,10,5.409192189574242
98_osh,2025-04-03,15,5.440687291324139
98_osh,2025-04-03,20,5.502212606370449
98_osh,2025-04-03,30,6.114535979926586
98_osh,2025-04-03,40,7.495193347334862
98_osh,2025-04-03,50,7.941984325647354
98_osh,2025-04-04,5,5.496353052556515
98_osh,2025-04-04,10,5.494155719876289
98_osh,2025-04-04,15,5.513931713998318
98_osh,2025-04-04,20,5.562273032963276
98_osh,2025-04-04,30,6.192175067961216
98_osh,2025-04-04,40,7.550126664340496
98_osh,2025-04-04,50,7.9617603197693825
98_osh,2025-04-05,5,5.600360132753849
98_osh,2025-04-05,10,5.557145923376083
98_osh,2025-04-05,15,5.5813165828585625
98_osh,2025-04-05,20,5.613544128835201
98_osh,2025-04-05,30,6.26322215795517
98_osh,2025-04-05,40,7.578691989183426
98_osh,2025-04-05,50,7.966887429356575
98_osh,2025-04-06,5,5.74391920119524
98_osh,2025-04-06,10,5.656758338212967
98_osh,2025-04-06,15,5.647236563265324
98_osh,2025-04-06,20,5.667012557387352
98_osh,2025-04-06,30,6.263954602181912
98_osh,2025-04-06,40,7.520828895270824
98_osh,2025-04-06,50,7.932462550699711
98_osh,2025-04-07,5,5.893337823450565
98_osh,2025-04-07,10,5.738792091608048
98_osh,2025-04-07,15,5.699972547590733
98_osh,2025-04-07,20,5.714621432125568
98_osh,2025-04-07,30,6.282265707850456
98_osh,2025-04-07,40,7.5135044530034065
98_osh,2025-04-07,50,7.911954112350941
98_osh,2025-04-08,5,6.062532439827919
98_osh,2025-04-08,10,5.844264060258865
98_osh,2025-04-08,15,5.765892527997494
98_osh,2025-04-08,20,5.776146747171879
98_osh,2025-04-08,30,6.348185688257217
98_osh,2025-04-08,40,7.539140000939369
98_osh,2025-04-08,50,7.892910562455654
98_osh,2025-04-09,5,6.311563476920128
98_osh,2025-04-09,10,5.978301353752613
98_osh,2025-04-09,15,5.853053390979767
98_osh,2025-04-09,20,5.856715612113476
98_osh,2025-04-09,30,6.420697666704655
98_osh,2025-04-09,40,7.554521329700947
98_osh,2025-04-09,50,7.8672750145196915
98_osh,2025-04-10,5,6.440473660826683
98_osh,2025-04-10,10,6.105014204978943
98_osh,2025-04-10,15,5.943144030869007
98_osh,2025-04-10,20,5.940946698188782
98_osh,2025-04-10,30,6.469038985669613
98_osh,2025-04-10,40,7.538407556712627
98_osh,2025-04-10,50,7.827723026275635
98_osh,2025-04-11,5,6.553270071744919
98_osh,2025-04-11,10,6.211951062083244
98_osh,2025-04-11,15,6.036164447665215
98_osh,2025-04-11,20,6.027375116944313
98_osh,2025-04-11,30,6.5019989758729935
98_osh,2025-04-11,40,7.514236897230148
98_osh,2025-04-11,50,7.785241261124611
98_osh,2025-04-12,5,6.732718907296658
98_osh,2025-04-12,10,6.351115465164185
98_osh,2025-04-12,15,6.143101304769516
98_osh,2025-04-12,20,6.123325310647488
98_osh,2025-04-12,30,6.543748296797276
98_osh,2025-04-12,40,7.499588012695312
98_osh,2025-04-12,50,7.744956828653812
98_osh,2025-04-13,5,6.879207752645016
98_osh,2025-04-13,10,6.6873073652386665
98_osh,2025-04-13,15,6.411908335983753
98_osh,2025-04-13,20,6.265419490635395
98_osh,2025-04-13,30,6.493942089378834
98_osh,2025-04-13,40,7.391918711364269
98_osh,2025-04-13,50,7.697347953915596
98_osh,2025-04-14,5,6.805230885744095
98_osh,2025-04-14,10,6.795709110796452
98_osh,2025-04-14,15,6.707083359360695
98_osh,2025-04-14,20,6.538621187210083
98_osh,2025-04-14,30,6.424359887838364
98_osh,2025-04-14,40,7.2652058601379395
98_osh,2025-04-14,50,7.652668856084347
98_osh,2025-04-15,5,6.945860177278519
98_osh,2025-04-15,10,6.896053969860077
98_osh,2025-04-15,15,6.762016676366329
98_osh,2025-04-15,20,6.585497617721558
98_osh,2025-04-15,30,6.489547424018383
98_osh,2025-04-15,40,7.309152513742447
98_osh,2025-04-15,50,7.662923075258732
98_osh,2025-04-16,5,7.159733891487122
98_osh,2025-04-16,10,7.090151689946652
98_osh,2025-04-16,15,6.765678897500038
98_osh,2025-04-16,20,6.565721623599529
98_osh,2025-04-16,30,6.581835396587849
98_osh,2025-04-16,40,7.371410273015499
98_osh,2025-04-16,50,7.676839515566826
98_osh,2025-04-17,5,7.394848488271236
98_osh,2025-04-17,10,7.205145433545113
98_osh,2025-04-17,15,6.756889566779137
98_osh,2025-04-17,20,6.5474105179309845
98_osh,2025-04-17,30,6.573046065866947
98_osh,2025-04-17,40,7.343577392399311
98_osh,2025-04-17,50,7.648274190723896
98_osh,2025-04-18,5,7.54353466629982
98_osh,2025-04-18,10,7.264473415911198
98_osh,2025-04-18,15,6.744438014924526
98_osh,2025-04-18,20,6.544480741024017
98_osh,2025-04-18,30,6.50053408741951
98_osh,2025-04-18,40,7.271065413951874
98_osh,2025-04-18,50,7.59260842949152
98_osh,2025-04-19,5,7.77278970927
98_osh,2025-04-19,10,7.459303580224514
98_osh,2025-04-19,15,6.721732243895531
98_osh,2025-04-19,20,6.52104252576828
98_osh,2025-04-19,30,6.489547424018383
98_osh,2025-04-19,40,7.262276083230972
98_osh,2025-04-19,50,7.540604889392853
98_osh,2025-04-20,5,7.936857216060162
98_osh,2025-04-20,10,7.516434229910374
98_osh,2025-04-20,15,6.712942913174629
98_osh,2025-04-20,20,6.501266531646252
98_osh,2025-04-20,30,6.481490537524223
98_osh,2025-04-20,40,7.237372979521751
98_osh,2025-04-20,50,7.479812018573284
98_osh,2025-04-21,5,8.139744266867638
98_osh,2025-04-21,10,7.594805762171745
98_osh,2025-04-21,15,6.7048860266804695
98_osh,2025-04-21,20,6.478560760617256
98_osh,2025-04-21,30,6.507858529686928
98_osh,2025-04-21,40,7.231513425707817
98_osh,2025-04-21,50,7.42487870156765
98_osh,2025-04-22,5,8.358745090663433
98_osh,2025-04-22,10,7.659260854125023
98_osh,2025-04-22,15,6.728324241936207
98_osh,2025-04-22,20,6.486617647111416
98_osh,2025-04-22,30,6.506393641233444
98_osh,2025-04-22,40,7.201483212411404
98_osh,2025-04-22,50,7.375072494149208
98_osh,2025-04-23,5,8.431989513337612
98_osh,2025-04-23,10,7.71932128071785
98_osh,2025-04-23,15,6.7539597898721695
98_osh,2025-04-23,20,6.5019989758729935
98_osh,2025-04-23,30,6.481490537524223
98_osh,2025-04-23,40,7.160466335713863
98_osh,2025-04-23,50,7.331858284771442
98_osh,2025-04-24,5,8.506698824465275
98_osh,2025-04-24,10,7.81746880710125
98_osh,2025-04-24,15,6.824274435639381
98_osh,2025-04-24,20,6.568651400506496
98_osh,2025-04-24,30,6.532029189169407
98_osh,2025-04-24,40,7.165593445301056
98_osh,2025-04-24,50,7.317941844463348
98_osh,2025-04-25,5,8.579210802912712
98_osh,2025-04-25,10,7.818933695554733
98_osh,2025-04-25,15,6.8484450951218605
98_osh,2025-04-25,20,6.601611390709877
98_osh,2025-04-25,30,6.603076279163361
98_osh,2025-04-25,40,7.185369439423084
98_osh,2025-04-25,50,7.322336509823799
98_osh,2025-04-26,5,8.374858863651752
98_osh,2025-04-26,10,7.9580980986356735
98_osh,2025-04-26,15,6.881405085325241
98_osh,2025-04-26,20,6.630909159779549
98_osh,2025-04-26,30,6.693166919052601
98_osh,2025-04-26,40,7.217596985399723
98_osh,2025-04-26,50,7.331858284771442
98_osh,2025-04-27,5,8.217383354902267
98_osh,2025-04-27,10,7.959562987089157
98_osh,2025-04-27,15,6.918759740889072
98_osh,2025-04-27,20,6.674855813384056
98_osh,2025-04-27,30,6.767876230180264
98_osh,2025-04-27,40,7.230048537254333
98_osh,2025-04-27,50,7.327463619410992
98_osh,2025-04-28,5,8.342631317675114
98_osh,2025-04-28,10,7.96469009667635
98_osh,2025-04-28,15,7.038148149847984
98_osh,2025-04-28,20,6.792046889662743
98_osh,2025-04-28,30,6.801568664610386
98_osh,2025-04-28,40,7.213934764266014
98_osh,2025-04-28,50,7.309884957969189
98_osh,2025-04-29,5,8.21811579912901
98_osh,2025-04-29,10,7.974944315850735
98_osh,2025-04-29,15,7.107730351388454
98_osh,2025-04-29,20,6.871883310377598
98_osh,2025-04-29,30,6.830133989453316
98_osh,2025-04-29,40,7.19196143746376
98_osh,2025-04-29,50,7.256416529417038
98_osh,2025-04-30,5,8.20200202614069
98_osh,2025-04-30,10,7.9690847620368
98_osh,2025-04-30,15,7.098208576440811
98_osh,2025-04-30,20,6.887264639139175
98_osh,2025-04-30,30,6.891659304499626
98_osh,2025-04-30,40,7.16705833375454
98_osh,2025-04-30,50,7.153874337673187
98_osh,2025-05-01,5,8.368999309837818
98_osh,2025-05-01,10,8.032074965536594
98_osh,2025-05-01,15,7.145817451179028
98_osh,2025-05-01,20,6.931211292743683
98_osh,2025-05-01,30,6.907773077487946
98_osh,2025-05-01,40,7.126773901283741
98_osh,2025-05-01,50,7.079165026545525
98_osh,2025-05-02,5,8.59898679703474
98_osh,2025-05-02,10,8.331644654273987
98_osh,2025-05-02,15,7.337717838585377
98_osh,2025-05-02,20,7.057191699743271
98_osh,2025-05-02,30,6.896786414086819
98_osh,2025-05-02,40,7.1216467916965485
98_osh,2025-05-02,50,7.10187079757452
98_osh,2025-05-03,5,8.899288929998875
98_osh,2025-05-03,10,8.618762791156769
98_osh,2025-05-03,15,7.525956004858017
98_osh,2025-05-03,20,7.147282339632511
98_osh,2025-05-03,30,6.933408625423908
98_osh,2025-05-03,40,7.164861001074314
98_osh,2025-05-03,50,7.205145433545113
98_osh,2025-05-04,5,9.047242663800716
98_osh,2025-05-04,10,8.760124526917934
98_osh,2025-05-04,15,7.827723026275635
98_osh,2025-05-04,20,7.385326713323593
98_osh,2025-05-04,30,6.945860177278519
98_osh,2025-05-04,40,7.180242329835892
98_osh,2025-05-04,50,7.293771184980869
98_osh,2025-05-05,5,9.288949258625507
98_osh,2025-05-05,10,8.86486405134201
98_osh,2025-05-05,15,8.0181585252285
98_osh,2025-05-05,20,7.558915995061397
98_osh,2025-05-05,30,6.9744255021214485
98_osh,2025-05-05,40,7.204412989318371
98_osh,2025-05-05,50,7.323068954050541
98_osh,2025-05-06,5,9.42445144057274
98_osh,2025-05-06,10,8.902951151132584
98_osh,2025-05-06,15,8.05917540192604
98_osh,2025-05-06,20,7.6255684196949
98_osh,2025-05-06,30,7.001525938510895
98_osh,2025-05-06,40,7.219794318079948
98_osh,2025-05-06,50,7.334055617451668
98_osh,2025-05-07,5,9.504287861287594
98_osh,2025-05-07,10,8.900753818452358
98_osh,2025-05-07,15,8.051850959658623
98_osh,2025-05-07,20,7.644611969590187
98_osh,2025-05-07,30,7.016174823045731
98_osh,2025-05-07,40,7.216864541172981
98_osh,2025-05-07,50,7.290841408073902
98_osh,2025-05-08,5,9.782616667449474
98_osh,2025-05-08,10,8.984252460300922
98_osh,2025-05-08,15,8.039399407804012
98_osh,2025-05-08,20,7.628498196601868
98_osh,2025-05-08,30,7.036683261394501
98_osh,2025-05-08,40,7.203680545091629
98_osh,2025-05-08,50,7.209540098905563
98_osh,2025-05-09,5,9.933500178158283
98_osh,2025-05-09,10,9.0487075522542
98_osh,2025-05-09,15,8.035004742443562
98_osh,2025-05-09,20,7.631427973508835
98_osh,2025-05-09,30,7.049134813249111
98_osh,2025-05-09,40,7.175115220248699
98_osh,2025-05-09,50,7.120914347469807
98_osh,2025-05-10,5,10.094637908041475
98_osh,2025-05-10,10,9.095583982765676
98_osh,2025-05-10,15,8.092867836356163
98_osh,2025-05-10,20,7.691488400101662
98_osh,2025-05-10,30,7.052064590156078
98_osh,2025-05-10,40,7.139957897365093
98_osh,2025-05-10,50,6.993469052016735
98_osh,2025-05-11,5,10.327555172145368
98_osh,2025-05-11,10,9.140263080596924
98_osh,2025-05-11,15,8.062105178833008
98_osh,2025-05-11,20,7.658528409898281
98_osh,2025-05-11,30,7.0586565881967545
98_osh,2025-05-11,40,7.087954357266426
98_osh,2025-05-11,50,6.90557574480772
98_osh,2025-05-12,5,10.5297097787261
98_osh,2025-05-12,10,9.217169724404812
98_osh,2025-05-12,15,8.058442957699299
98_osh,2025-05-12,20,7.649006634950638
98_osh,2025-05-12,30,7.0725730285048485
98_osh,2025-05-12,40,7.0513321459293365
98_osh,2025-05-12,50,6.886532194912434
98_osh,2025-05-13,5,10.697439506649973
98_osh,2025-05-13,10,9.329966135323048
98_osh,2025-05-13,15,8.100192278623581
98_osh,2025-05-13,20,7.677571959793568
98_osh,2025-05-13,30,7.086489468812943
98_osh,2025-05-13,40,7.022766821086407
98_osh,2025-05-13,50,6.882869973778725
98_osh,2025-05-14,5,10.747245714068413
98_osh,2025-05-14,10,9.395153671503069
98_osh,2025-05-14,15,8.141941599547863
98_osh,2025-05-14,20,7.7097995057702065
98_osh,2025-05-14,30,7.098208576440811
98_osh,2025-05-14,40,6.992736607789993
98_osh,2025-05-14,50,6.882137529551983
98_osh,2025-05-15,5,10.924497216939926
98_osh,2025-05-15,10,9.534318074584007
98_osh,2025-05-15,15,8.257667787373066
98_osh,2025-05-15,20,7.811609253287315
98_osh,2025-05-15,30,7.109195239841938
98_osh,2025-05-15,40,6.972960613667965
98_osh,2025-05-15,50,6.8799401968717575
98_osh,2025-05-16,5,11.238715790212154
98_osh,2025-05-16,10,9.70278024673462
98_osh,2025-05-16,15,8.351420648396015
98_osh,2025-05-16,20,7.890713229775429
98_osh,2025-05-16,30,7.115054793655872
98_osh,2025-05-16,40,6.950254842638969
98_osh,2025-05-16,50,6.873348198831081
98_osh,2025-05-17,5,11.5111850425601
98_osh,2025-05-17,10,9.926908180117607
98_osh,2025-05-17,15,8.51255837827921
98_osh,2025-05-17,20,8.040131852030754
98_osh,2025-05-17,30,7.134098343551159
98_osh,2025-05-17,40,6.953184619545937
98_osh,2025-05-17,50,6.878475308418274
98_osh,2025-05-18,5,12.15720085054636
98_osh,2025-05-18,10,10.208899207413197
98_osh,2025-05-18,15,8.650990337133408
98_osh,2025-05-18,20,8.155858039855957
98_osh,2025-05-18,30,7.1494796723127365
98_osh,2025-05-18,40,6.95464950799942
98_osh,2025-05-18,50,6.888729527592659
98_osh,2025-05-19,5,12.546128734946253
98_osh,2025-05-19,10,10.515060894191263
98_osh,2025-05-19,15,8.800408959388733
98_osh,2025-05-19,20,8.295754887163639
98_osh,2025-05-19,30,7.18756677210331
98_osh,2025-05-19,40,6.967101059854031
98_osh,2025-05-19,50,6.902645967900753
98_osh,2025-05-20,5,12.580553613603117
98_osh,2025-05-20,10,10.771416373550892
98_osh,2025-05-20,15,8.89709159731865
98_osh,2025-05-20,20,8.376323752105236
98_osh,2025-05-20,30,7.201483212411404
98_osh,2025-05-20,40,6.950254842638969
98_osh,2025-05-20,50,6.890926860272884
98_osh,2025-05-21,5,12.543198958039284
98_osh,2025-05-21,10,10.81609547138214
98_osh,2025-05-21,15,8.902951151132584
98_osh,2025-05-21,20,8.378521084785461
98_osh,2025-05-21,30,7.211737431585789
98_osh,2025-05-21,40,6.922421962022781
98_osh,2025-05-21,50,6.86455886811018
98_osh,2025-05-22,5,12.538804292678831
98_osh,2025-05-22,10,10.723075054585934
98_osh,2025-05-22,15,8.905148483812809
98_osh,2025-05-22,20,8.395367302000523
98_osh,2025-05-22,30,7.256416529417038
98_osh,2025-05-22,40,6.903378412127495
98_osh,2025-05-22,50,6.845515318214893
98_osh,2025-05-23,5,12.581286057829857
98_osh,2025-05-23,10,10.682790622115135
98_osh,2025-05-23,15,8.888302266597748
98_osh,2025-05-23,20,8.384380638599396
98_osh,2025-05-23,30,7.287911631166935
98_osh,2025-05-23,40,6.870418421924114
98_osh,2025-05-23,50,6.825739324092865
98_osh,2025-05-24,5,12.712393574416636
98_osh,2025-05-24,10,10.752372823655604
98_osh,2025-05-24,15,9.003296010196209
98_osh,2025-05-24,20,8.499374382197857
98_osh,2025-05-24,30,7.3596911653876305
98_osh,2025-05-24,40,6.873348198831081
98_osh,2025-05-24,50,6.82793665677309
98_osh,2025-05-25,5,12.650868259370329
98_osh,2025-05-25,10,11.097354054450989
98_osh,2025-05-25,15,9.219367057085035
98_osh,2025-05-25,20,8.7051912099123
98_osh,2025-05-25,30,7.452711582183838
98_osh,2025-05-25,40,6.902645967900753
98_osh,2025-05-25,50,6.846980206668377
98_osh,2025-05-26,5,12.507309190928936
98_osh,2025-05-26,10,11.076113171875477
98_osh,2025-05-26,15,9.12268441915512
98_osh,2025-05-26,20,8.61510057002306
98_osh,2025-05-26,30,7.461500912904739
98_osh,2025-05-26,40,6.888729527592659
98_osh,2025-05-26,50,6.857966870069504
98_osh,2025-05-27,5,12.554918065667152
98_osh,2025-05-27,10,11.30683310329914
98_osh,2025-05-27,15,9.295541256666183
98_osh,2025-05-27,20,8.77477341145277
98_osh,2025-05-27,30,7.580889321863651
98_osh,2025-05-27,40,6.949522398412228
98_osh,2025-05-27,50,6.907773077487946
98_osh,2025-05-28,5,12.70946379750967
98_osh,2025-05-28,10,11.52729881554842
98_osh,2025-05-28,15,9.50648519396782
98_osh,2025-05-28,20,8.952757358551025
98_osh,2025-05-28,30,7.657795965671539
98_osh,2025-05-28,40,6.980285055935383
98_osh,2025-05-28,50,6.939268179237843
98_osh,2025-05-29,5,12.834711760282516
98_osh,2025-05-29,10,11.49873349070549
98_osh,2025-05-29,15,9.534318074584007
98_osh,2025-05-29,20,8.97473068535328
98_osh,2025-05-29,30,7.654866188764572
98_osh,2025-05-29,40,6.963438838720322
98_osh,2025-05-29,50,6.949522398412228
98_osh,2025-05-30,5,12.97094638645649
98_osh,2025-05-30,10,11.566118359565737
98_osh,2025-05-30,15,9.649311818182468
98_osh,2025-05-30,20,9.078737765550612
98_osh,2025-05-30,30,7.703939951956272
98_osh,2025-05-30,40,6.972960613667965
98_osh,2025-05-30,50,6.952452175319195
98_osh,2025-05-31,5,13.11450545489788
98_osh,2025-05-31,10,11.69942320883274
98_osh,2025-05-31,15,9.803125105798244
98_osh,2025-05-31,20,9.20838039368391
98_osh,2025-05-31,30,7.727378167212009
98_osh,2025-05-31,40,6.963438838720322
98_osh,2025-05-31,50,6.931211292743683
98_osh,2025-06-01,5,13.34742271900177
98_osh,2025-06-01,10,11.7565538585186
98_osh,2025-06-01,15,9.82583087682724
98_osh,2025-06-01,20,9.21643728017807
98_osh,2025-06-01,30,7.69075595587492
98_osh,2025-06-01,40,6.923154406249523
98_osh,2025-06-01,50,6.892391748726368
98_osh,2025-06-02,5,13.5810724273324
98_osh,2025-06-02,10,11.761680968105791
98_osh,2025-06-02,15,9.795068219304085
98_osh,2025-06-02,20,9.187139511108398
98_osh,2025-06-02,30,7.658528409898281
98_osh,2025-06-02,40,6.886532194912434
98_osh,2025-06-02,50,6.854304648935795
98_osh,2025-06-03,5,13.64992218464613
98_osh,2025-06-03,10,11.833460502326488
98_osh,2025-06-03,15,9.9408246204257
98_osh,2025-06-03,20,9.333628356456757
98_osh,2025-06-03,30,7.735435053706169
98_osh,2025-06-03,40,6.909970410168171
98_osh,2025-06-03,50,6.841120652854443
98_osh,2025-06-04,5,14.172154918313026
98_osh,2025-06-04,10,12.101535089313984
98_osh,2025-06-04,15,10.20230720937252
98_osh,2025-06-04,20,9.579729616641998
98_osh,2025-06-04,30,7.837244801223278
98_osh,2025-06-04,40,6.958311729133129
98_osh,2025-06-04,50,6.838190875947475
98_osh,2025-06-05,5,14.202917575836182
98_osh,2025-06-05,10,12.445783875882626
98_osh,2025-06-05,15,10.39054537564516
98_osh,2025-06-05,20,9.757713563740252
98_osh,2025-06-05,30,7.86654257029295
98_osh,2025-06-05,40,6.969298392534256
98_osh,2025-06-05,50,6.814020216464996
98_osh,2025-06-06,5,14.303262434899809
98_osh,2025-06-06,10,12.765862002968788
98_osh,2025-06-06,15,10.704031504690647
98_osh,2025-06-06,20,10.039704591035845
98_osh,2025-06-06,30,7.920743443071842
98_osh,2025-06-06,40,6.967833504080772
98_osh,2025-06-06,50,6.783257558941841
98_osh,2025-06-07,5,14.338419757783411
98_osh,2025-06-07,10,12.769524224102495
98_osh,2025-06-07,15,10.8644367903471
98_osh,2025-06-07,20,10.175939217209816
98_osh,2025-06-07,30,7.939786992967129
98_osh,2025-06-07,40,6.942930400371552
98_osh,2025-06-07,50,6.748832680284977
98_osh,2025-06-08,5,14.359660640358925
98_osh,2025-06-08,10,12.708731353282928
98_osh,2025-06-08,15,10.88055056333542
98_osh,2025-06-08,20,10.1774041056633
98_osh,2025-06-08,30,7.903897225856781
98_osh,2025-06-08,40,6.896053969860077
98_osh,2025-06-08,50,6.715140245854855
98_osh,2025-06-09,5,14.312051765620708
98_osh,2025-06-09,10,12.702139355242252
98_osh,2025-06-09,15,10.907650999724863
98_osh,2025-06-09,20,10.197180099785328
98_osh,2025-06-09,30,7.891445674002171
98_osh,2025-06-09,40,6.8623615354299545
98_osh,2025-06-09,50,6.690969586372376
98_osh,2025-06-10,5,14.245399340987206
98_osh,2025-06-10,10,12.699209578335283
98_osh,2025-06-10,15,10.931089214980602
98_osh,2025-06-10,20,10.214026317000387
98_osh,2025-06-10,30,7.874599456787109
98_osh,2025-06-10,40,6.825739324092865
98_osh,2025-06-10,50,6.671193592250347
98_osh,2025-06-11,5,14.229285567998886
98_osh,2025-06-11,10,12.673574030399324
98_osh,2025-06-11,15,10.927426993846892
98_osh,2025-06-11,20,10.204504542052746
98_osh,2025-06-11,30,7.848231464624405
98_osh,2025-06-11,40,6.797906443476677
98_osh,2025-06-11,50,6.662404261529446
98_osh,2025-06-12,5,14.501754820346832
98_osh,2025-06-12,10,12.548326067626476
98_osh,2025-06-12,15,10.82781457901001
98_osh,2025-06-12,20,10.107089459896088
98_osh,2025-06-12,30,7.844569243490696
98_osh,2025-06-12,40,6.819147326052189
98_osh,2025-06-12,50,6.69682914018631
98_osh,2025-06-13,5,14.360393084585668
98_osh,2025-06-13,10,12.617908269166946
98_osh,2025-06-13,15,10.94647054374218
98_osh,2025-06-13,20,10.21842098236084
98_osh,2025-06-13,30,7.966154985129833
98_osh,2025-06-13,40,6.889461971819401
98_osh,2025-06-13,50,6.743705570697784
98_osh,2025-06-14,5,14.342081978917122
98_osh,2025-06-14,10,12.786370441317558
98_osh,2025-06-14,15,11.166203811764715
98_osh,2025-06-14,20,10.422040477395058
98_osh,2025-06-14,30,8.135349601507187
98_osh,2025-06-14,40,6.9744255021214485
98_osh,2025-06-14,50,6.792779333889484
98_osh,2025-06-15,5,14.342081978917122
98_osh,2025-06-15,10,12.878658413887024
98_osh,2025-06-15,15,11.360301531851292
98_osh,2025-06-15,20,10.620532862842085
98_osh,2025-06-15,30,8.303079329431057
98_osh,2025-06-15,40,7.062318809330463
98_osh,2025-06-15,50,6.8484450951218605
98_osh,2025-06-16,5,14.34940642118454
98_osh,2025-06-16,10,12.957762390375136
98_osh,2025-06-16,15,11.5602588057518
98_osh,2025-06-16,20,10.84026613086462
98_osh,2025-06-16,30,8.513290822505951
98_osh,2025-06-16,40,7.178044997155666
98_osh,2025-06-16,50,6.923886850476265
98_osh,2025-06-17,5,14.590380571782587
98_osh,2025-06-17,10,13.14307077974081
98_osh,2025-06-17,15,11.806360065937042
98_osh,2025-06-17,20,11.096621610224249
98_osh,2025-06-17,30,8.697866767644882
98_osh,2025-06-17,40,7.276192523539066
98_osh,2025-06-17,50,6.988341942429543
98_osh,2025-06-18,5,14.793267622590063
98_osh,2025-06-18,10,13.33130894601345
98_osh,2025-06-18,15,11.971160016953943
98_osh,2025-06-18,20,11.242378011345863
98_osh,2025-06-18,30,8.781365409493446
98_osh,2025-06-18,40,7.317941844463348
98_osh,2025-06-18,50,7.016174823045731
98_osh,2025-06-19,5,15.00787378102541
98_osh,2025-06-19,10,13.60084842145443
98_osh,2025-06-19,15,12.170384846627712
98_osh,2025-06-19,20,11.402783297002316
98_osh,2025-06-19,30,8.8033387362957
98_osh,2025-06-19,40,7.293771184980869
98_osh,2025-06-19,50,6.9780877232551575
98_osh,2025-06-20,5,15.26129948347807
98_osh,2025-06-20,10,13.893826112151146
98_osh,2025-06-20,15,12.381328783929348
98_osh,2025-06-20,20,11.565385915338991
98_osh,2025-06-20,30,8.784295186400414
98_osh,2025-06-20,40,7.23664053529501
98_osh,2025-06-20,50,6.919492185115814
98_osh,2025-06-21,5,15.697103798389437
98_osh,2025-06-21,10,14.20218513160944
98_osh,2025-06-21,15,12.620105601847172
98_osh,2025-06-21,20,11.76827296614647
98_osh,2025-06-21,30,8.807000957429409
98_osh,2025-06-21,40,7.204412989318371
98_osh,2025-06-21,50,6.882137529551983
98_osh,2025-06-22,5,16.04281747341156
98_osh,2025-06-22,10,14.44755394756794
98_osh,2025-06-22,15,12.76219978183508
98_osh,2025-06-22,20,11.864223159849644
98_osh,2025-06-22,30,8.796014294028282
98_osh,2025-06-22,40,7.162663668394089
98_osh,2025-06-22,50,6.84405042976141
98_osh,2025-06-23,5,16.249366745352745
98_osh,2025-06-23,10,14.673879213631151
98_osh,2025-06-23,15,12.865474417805672
98_osh,2025-06-23,20,11.908169813454151
98_osh,2025-06-23,30,8.740348532795906
98_osh,2025-06-23,40,7.099673464894295
98_osh,2025-06-23,50,6.801568664610386
98_osh,2025-06-24,5,16.45591601729393
98_osh,2025-06-24,10,14.831354722380638
98_osh,2025-06-24,15,12.861812196671965
98_osh,2025-06-24,20,11.822473838925362
98_osh,2025-06-24,30,8.592394798994064
98_osh,2025-06-24,40,6.997863717377186
98_osh,2025-06-24,50,6.748832680284977
98_osh,2025-06-25,5,16.679311506450176
98_osh,2025-06-25,10,14.960997350513937
98_osh,2025-06-25,15,12.842768646776676
98_osh,2025-06-25,20,11.722861424088478
98_osh,2025-06-25,30,8.462019726634026
98_osh,2025-06-25,40,6.91363263130188
98_osh,2025-06-25,50,6.711478024721146
98_osh,2025-06-26,5,16.851435899734497
98_osh,2025-06-26,10,15.08990753442049
98_osh,2025-06-26,15,12.806146435439588
98_osh,2025-06-26,20,11.610797457396984
98_osh,2025-06-26,30,8.360209979116917
98_osh,2025-06-26,40,6.860164202749729
98_osh,2025-06-26,50,6.694631807506084
98_osh,2025-06-27,5,16.984740749001503
98_osh,2025-06-27,10,15.088442645967008
98_osh,2025-06-27,15,12.568102061748505
98_osh,2025-06-27,20,11.3148899897933
98_osh,2025-06-27,30,8.212256245315075
98_osh,2025-06-27,40,6.808893106877804
98_osh,2025-06-27,50,6.685110032558441
98_osh,2025-06-28,5,17.20813623815775
98_osh,2025-06-28,10,15.1514328494668
98_osh,2025-06-28,15,12.393047891557217
98_osh,2025-06-28,20,11.09002961218357
98_osh,2025-06-28,30,8.102389611303806
98_osh,2025-06-28,40,6.777398005127907
98_osh,2025-06-28,50,6.685110032558441
98_osh,2025-06-29,5,17.405896179378033
98_osh,2025-06-29,10,15.235663935542108
98_osh,2025-06-29,15,12.265602596104143
98_osh,2025-06-29,20,10.923032328486444
98_osh,2025-06-29,30,8.017426081001759
98_osh,2025-06-29,40,6.7576220110058784
98_osh,2025-06-29,50,6.685842476785183
98_osh,2025-06-30,5,17.57216101884842
98_osh,2025-06-30,10,15.320627465844154
98_osh,2025-06-30,15,12.196752838790417
98_osh,2025-06-30,20,10.841731019318104
98_osh,2025-06-30,30,7.959562987089157
98_osh,2025-06-30,40,6.747367791831493
98_osh,2025-06-30,50,6.684377588331699
98_osh,2025-07-01,5,17.8102053925395
98_osh,2025-07-01,10,15.401928775012491
98_osh,2025-07-01,15,12.18210395425558
98_osh,2025-07-01,20,10.846125684678556
98_osh,2025-07-01,30,7.936857216060162
98_osh,2025-07-01,40,6.751030012965202
98_osh,2025-07-01,50,6.686574921011925
98_osh,2025-07-02,5,18.08853419870138
98_osh,2025-07-02,10,15.551347397267818
98_osh,2025-07-02,15,12.274391926825048
98_osh,2025-07-02,20,10.961851872503756
98_osh,2025-07-02,30,7.9617603197693825
98_osh,2025-07-02,40,6.780327782034874
98_osh,2025-07-02,50,6.706350915133953
98_osh,2025-07-03,5,18.26725059002638
98_osh,2025-07-03,10,15.697103798389437
98_osh,2025-07-03,15,12.395977668464184
98_osh,2025-07-03,20,11.127384267747402
98_osh,2025-07-03,30,8.06283762305975
98_osh,2025-07-03,40,6.863826423883438
98_osh,2025-07-03,50,6.765678897500038
98_osh,2025-07-04,5,18.268715478479866
98_osh,2025-07-04,10,15.69051180034876
98_osh,2025-07-04,15,12.454573206603529
98_osh,2025-07-04,20,11.242378011345863
98_osh,2025-07-04,30,8.166112259030342
98_osh,2025-07-04,40,6.951719731092453
98_osh,2025-07-04,50,6.82793665677309
98_osh,2025-07-05,5,18.1537217348814
98_osh,2025-07-05,10,15.632648706436155
98_osh,2025-07-05,15,12.523422963917255
98_osh,2025-07-05,20,11.365428641438484
98_osh,2025-07-05,30,8.27158422768116
98_osh,2025-07-05,40,7.04034548252821
98_osh,2025-07-05,50,6.894589081406593
98_osh,2025-07-06,5,18.03433332592249
98_osh,2025-07-06,10,15.546952731907368
98_osh,2025-07-06,15,12.546861179172993
98_osh,2025-07-06,20,11.425489068031313
98_osh,2025-07-06,30,8.35361798107624
98_osh,2025-07-06,40,7.1216467916965485
98_osh,2025-07-06,50,6.969298392534256
98_osh,2025-07-07,5,17.98599200695753
98_osh,2025-07-07,10,15.481765195727348
98_osh,2025-07-07,15,12.579088725149632
98_osh,2025-07-07,20,11.477492608129978
98_osh,2025-07-07,30,8.435651734471321
98_osh,2025-07-07,40,7.201483212411404
98_osh,2025-07-07,50,7.041077926754952
98_osh,2025-07-08,5,17.92886135727167
98_osh,2025-07-08,10,15.352855011820791
98_osh,2025-07-08,15,12.54539629071951
98_osh,2025-07-08,20,11.463576167821884
98_osh,2025-07-08,30,8.48838771879673
98_osh,2025-07-08,40,7.271797858178616
98_osh,2025-07-08,50,7.096743687987328
98_osh,2025-07-09,5,18.147862181067467
98_osh,2025-07-09,10,15.411450549960136
98_osh,2025-07-09,15,12.628894932568071
98_osh,2025-07-09,20,11.556596584618092
98_osh,2025-07-09,30,8.58214057981968
98_osh,2025-07-09,40,7.358226276934147
98_osh,2025-07-09,50,7.1531418934464455
98_osh,2025-07-10,5,18.557298503816128
98_osh,2025-07-10,10,15.599688716232777
98_osh,2025-07-10,15,12.814935766160488
98_osh,2025-07-10,20,11.763878300786018
98_osh,2025-07-10,30,8.760856971144676
98_osh,2025-07-10,40,7.497390680015087
98_osh,2025-07-10,50,7.259346306324005
98_osh,2025-07-11,5,19.41645558178425
98_osh,2025-07-11,10,16.203955203294754
98_osh,2025-07-11,15,13.312997840344906
98_osh,2025-07-11,20,12.314676359295843
98_osh,2025-07-11,30,9.12195197492838
98_osh,2025-07-11,40,7.717856392264366
98_osh,2025-07-11,50,7.428540922701359
98_osh,2025-07-12,5,19.52632221579552
98_osh,2025-07-12,10,17.008911408483982
98_osh,2025-07-12,15,13.864528343081474
98_osh,2025-07-12,20,12.91015351563692
98_osh,2025-07-12,30,9.49842830747366
98_osh,2025-07-12,40,7.955168321728706
98_osh,2025-07-12,50,7.601397760212421
98_osh,2025-07-13,5,19.390087589621544
98_osh,2025-07-13,10,17.56849879771471
98_osh,2025-07-13,15,14.277626886963844
98_osh,2025-07-13,20,13.299813844263554
98_osh,2025-07-13,30,9.799462884664536
98_osh,2025-07-13,40,8.175634033977985
98_osh,2025-07-13,50,7.83797724545002
98_osh,2025-07-14,5,19.700643941760063
98_osh,2025-07-14,10,18.37784966826439
98_osh,2025-07-14,15,15.076723538339138
98_osh,2025-07-14,20,13.98171941936016
98_osh,2025-07-14,30,10.286538295447826
98_osh,2025-07-14,40,8.46787928044796
98_osh,2025-07-14,50,8.160252705216408
98_osh,2025-07-15,5,20.0675984993577
98_osh,2025-07-15,10,18.990905486047268
98_osh,2025-07-15,15,15.754234448075294
98_osh,2025-07-15,20,14.47172460705042
98_osh,2025-07-15,30,10.540696442127228
98_osh,2025-07-15,40,8.644398339092731
98_osh,2025-07-15,50,8.331644654273987
98_osh,2025-07-16,5,20.351054415106773
98_osh,2025-07-16,10,19.360789820551872
98_osh,2025-07-16,15,16.1731925457716
98_osh,2025-07-16,20,14.813043616712092
98_osh,2025-07-16,30,10.750907935202122
98_osh,2025-07-16,40,8.799676515161991
98_osh,2025-07-16,50,8.429792180657387
98_osh,2025-07-17,5,20.56639301776886
98_osh,2025-07-17,10,19.41645558178425
98_osh,2025-07-17,15,16.248634301126003
98_osh,2025-07-17,20,14.927304916083813
98_osh,2025-07-17,30,10.92962432652712
98_osh,2025-07-17,40,8.938840918242931
98_osh,2025-07-17,50,8.467146836221218
98_osh,2025-07-18,5,20.679189428687096
98_osh,2025-07-18,10,19.19965209066868
98_osh,2025-07-18,15,15.999603264033794
98_osh,2025-07-18,20,14.747123636305332
98_osh,2025-07-18,30,10.931089214980602
98_osh,2025-07-18,40,8.963744021952152
98_osh,2025-07-18,50,8.368266865611076
98_osh,2025-07-19,5,20.678456984460357
98_osh,2025-07-19,10,18.866389967501163
98_osh,2025-07-19,15,15.616534933447838
98_osh,2025-07-19,20,14.424848176538944
98_osh,2025-07-19,30,10.820490136742592
98_osh,2025-07-19,40,8.929319143295288
98_osh,2025-07-19,50,8.207861579954624
98_osh,2025-07-20,5,20.53782769292593
98_osh,2025-07-20,10,18.493575856089592
98_osh,2025-07-20,15,15.201971501111984
98_osh,2025-07-20,20,14.039582513272762
98_osh,2025-07-20,30,10.644703522324562
98_osh,2025-07-20,40,8.858272053301334
98_osh,2025-07-20,50,8.063570067286491
98_osh,2025-07-21,5,20.392803736031052
98_osh,2025-07-21,10,18.15005951374769
98_osh,2025-07-21,15,14.800592064857485
98_osh,2025-07-21,20,13.644062630832195
98_osh,2025-07-21,30,10.48429823666811
98_osh,2025-07-21,40,8.797479182481766
98_osh,2025-07-21,50,8.004974529147148
98_osh,2025-07-22,5,20.191381573677063
98_osh,2025-07-22,10,17.807275615632534
98_osh,2025-07-22,15,14.469527274370192
98_osh,2025-07-22,20,13.303476065397264
98_osh,2025-07-22,30,10.38981293141842
98_osh,2025-07-22,40,8.78283029794693
98_osh,2025-07-22,50,8.032807409763336
98_osh,2025-07-23,5,19.921842098236084
98_osh,2025-07-23,10,17.43739128112793
98_osh,2025-07-23,15,14.22269356995821
98_osh,2025-07-23,20,13.05664236098528
98_osh,2025-07-23,30,10.344401389360428
98_osh,2025-07-23,40,8.78722496330738
98_osh,2025-07-23,50,8.076021619141102
98_osh,2025-07-24,5,19.61348307877779
98_osh,2025-07-24,10,17.005249187350273
98_osh,2025-07-24,15,13.896755889058111
98_osh,2025-07-24,20,12.757805116474628
98_osh,2025-07-24,30,10.252845861017704
98_osh,2025-07-24,40,8.743278309702873
98_osh,2025-07-24,50,8.053315848112106
98_osh,2025-07-25,5,19.35346537828445
98_osh,2025-07-25,10,16.576769314706326
98_osh,2025-07-25,15,13.549577325582504
98_osh,2025-07-25,20,12.458235427737236
98_osh,2025-07-25,30,10.159825444221497
98_osh,2025-07-25,40,8.694204546511173
98_osh,2025-07-25,50,8.010834082961082
98_osh,2025-07-26,5,19.177678763866425
98_osh,2025-07-26,10,16.26328318566084
98_osh,2025-07-26,15,13.304940953850746
98_osh,2025-07-26,20,12.254615932703018
98_osh,2025-07-26,30,10.119541011750698
98_osh,2025-07-26,40,8.688344992697239
98_osh,2025-07-26,50,8.011566527187824
98_osh,2025-07-27,5,19.0194708108902
98_osh,2025-07-27,10,16.021576590836048
98_osh,2025-07-27,15,13.154057443141935
98_osh,2025-07-27,20,12.154271073639393
98_osh,2025-07-27,30,10.143711671233175
98_osh,2025-07-27,40,8.743278309702873
98_osh,2025-07-27,50,8.081881172955036
98_osh,2025-07-28,5,19.11395611613989
98_osh,2025-07-28,10,15.988616600632668
98_osh,2025-07-28,15,13.156254775822164
98_osh,2025-07-28,20,12.19748528301716
98_osh,2025-07-28,30,10.22281564772129
98_osh,2025-07-28,40,8.853144943714142
98_osh,2025-07-28,50,8.223975352942944
98_osh,2025-07-29,5,19.40107425302267
98_osh,2025-07-29,10,16.093356125056744
98_osh,2025-07-29,15,13.205328539013864
98_osh,2025-07-29,20,12.280983924865724
98_osh,2025-07-29,30,10.298989847302437
98_osh,2025-07-29,40,8.963744021952152
98_osh,2025-07-29,50,8.370464198291302
98_osh,2025-07-30,5,20.045625172555447
98_osh,2025-07-30,10,16.46836756914854
98_osh,2025-07-30,15,13.3759880438447
98_osh,2025-07-30,20,12.458235427737236
98_osh,2025-07-30,30,10.369304493069649
98_osh,2025-07-30,40,9.061891548335552
98_osh,2025-07-30,50,8.502304159104824
98_osh,2025-07-31,5,21.08130130916834
98_osh,2025-07-31,10,17.191290020942688
98_osh,2025-07-31,15,13.757591485977173
98_osh,2025-07-31,20,12.808343768119812
98_osh,2025-07-31,30,10.46378979831934
98_osh,2025-07-31,40,9.132938638329506
98_osh,2025-07-31,50,8.606311239302158
98_osh,2025-08-01,5,21.800561539828777
98_osh,2025-08-01,10,18.025543995201588
98_osh,2025-08-01,15,14.156773589551449
98_osh,2025-08-01,20,13.124759674072266
98_osh,2025-08-01,30,10.530442222952844
98_osh,2025-08-01,40,9.157841742038729
98_osh,2025-08-01,50,8.650257892906666
98_osh,2025-08-02,5,22.00857570022345
98_osh,2025-08-02,10,18.42252876609564
98_osh,2025-08-02,15,14.297402881085873
98_osh,2025-08-02,20,13.217780090868471
98_osh,2025-08-02,30,10.507004007697104
98_osh,2025-08-02,40,9.111697755753994
98_osh,2025-08-02,50,8.628284566104412
98_osh,2025-08-03,5,22.05545213073492
98_osh,2025-08-03,10,18.51774651557207
98_osh,2025-08-03,15,14.301797546446323
98_osh,2025-08-03,20,13.228034310042858
98_osh,2025-08-03,30,10.4806360155344
98_osh,2025-08-03,40,9.07727287709713
98_osh,2025-08-03,50,8.640736117959023
98_osh,2025-08-04,5,22.331583604216576
98_osh,2025-08-04,10,19.039979249238968
98_osh,2025-08-04,15,14.665089882910252
98_osh,2025-08-04,20,13.497573785483835
98_osh,2025-08-04,30,10.58610798418522
98_osh,2025-08-04,40,9.135135971009731
98_osh,2025-08-04,50,8.74987030774355
98_osh,2025-08-05,5,22.73369548469782
98_osh,2025-08-05,10,19.522659994661808
98_osh,2025-08-05,15,14.970519125461578
98_osh,2025-08-05,20,13.693868838250635
98_osh,2025-08-05,30,10.629322193562984
98_osh,2025-08-05,40,9.160771518945694
98_osh,2025-08-05,50,8.804803624749184
98_osh,2025-08-06,5,22.78276924788952
98_osh,2025-08-06,10,19.461134679615498
98_osh,2025-08-06,15,14.991027563810349
98_osh,2025-08-06,20,13.71144749969244
98_osh,2025-08-06,30,10.633716858923435
98_osh,2025-08-06,40,9.154179520905018
98_osh,2025-08-06,50,8.79528184980154
98_osh,2025-08-07,5,22.61650440841913
98_osh,2025-08-07,10,19.387157812714577
98_osh,2025-08-07,15,15.103091530501842
98_osh,2025-08-07,20,13.833033241331576
98_osh,2025-08-07,30,10.765556819736958
98_osh,2025-08-07,40,9.275032818317412
98_osh,2025-08-07,50,8.930784031748772
98_osh,2025-08-08,5,22.26859340071678
98_osh,2025-08-08,10,19.16742454469204
98_osh,2025-08-08,15,15.129459522664549
98_osh,2025-08-08,20,13.887966558337212
98_osh,2025-08-08,30,10.878353230655192
98_osh,2025-08-08,40,9.405407890677452
98_osh,2025-08-08,50,9.082399986684322
98_osh,2025-08-09,5,21.890652179718018
98_osh,2025-08-09,10,19.02533036470413
98_osh,2025-08-09,15,15.259102150797844
98_osh,2025-08-09,20,14.046174511313438
98_osh,2025-08-09,30,11.095156721770763
98_osh,2025-08-09,40,9.595110945403576
98_osh,2025-08-09,50,9.264046154916286
98_osh,2025-08-10,5,21.738303780555725
98_osh,2025-08-10,10,19.254585407674316
98_osh,2025-08-10,15,15.78865932673216
98_osh,2025-08-10,20,14.591845460236073
98_osh,2025-08-10,30,11.607867680490015
98_osh,2025-08-10,40,9.978179275989532
98_osh,2025-08-10,50,9.610492274165154
98_osh,2025-08-11,5,21.87087618559599
98_osh,2025-08-11,10,19.70357371866703
98_osh,2025-08-11,15,16.50938444584608
98_osh,2025-08-11,20,15.325022131204603
98_osh,2025-08-11,30,12.19382306188345
98_osh,2025-08-11,40,10.369304493069649
98_osh,2025-08-11,50,9.89907529950142
98_osh,2025-08-12,5,22.011505477130413
98_osh,2025-08-12,10,20.058076724410057
98_osh,2025-08-12,15,17.099734492599964
98_osh,2025-08-12,20,15.950529500842094
98_osh,2025-08-12,30,12.69701224565506
98_osh,2025-08-12,40,10.674001291394234
98_osh,2025-08-12,50,10.084383688867092
98_osh,2025-08-13,5,22.086947232484818
98_osh,2025-08-13,10,20.233863338828087
98_osh,2025-08-13,15,17.49085970968008
98_osh,2025-08-13,20,16.412701807916164
98_osh,2025-08-13,30,13.167973883450031
98_osh,2025-08-13,40,11.006530970335008
98_osh,2025-08-13,50,10.339274279773235
98_osh,2025-08-14,5,22.17044587433338
98_osh,2025-08-14,10,20.482161931693557
98_osh,2025-08-14,15,17.919339582324028
98_osh,2025-08-14,20,16.904171884059906
98_osh,2025-08-14,30,13.706320390105247
98_osh,2025-08-14,40,11.44160284101963
98_osh,2025-08-14,50,10.706228837370872
98_osh,2025-08-15,5,22.502243109047413
98_osh,2025-08-15,10,20.540025025606155
98_osh,2025-08-15,15,17.996978670358658
98_osh,2025-08-15,20,17.02795495837927
98_osh,2025-08-15,30,13.97732475399971
98_osh,2025-08-15,40,11.719931647181513
98_osh,2025-08-15,50,10.924497216939926
98_osh,2025-08-16,5,22.471480451524258
98_osh,2025-08-16,10,20.41477706283331
98_osh,2025-08-16,15,17.88784448057413
98_osh,2025-08-16,20,16.965697199106216
98_osh,2025-08-16,30,14.090853609144688
98_osh,2025-08-16,40,11.810754731297491
98_osh,2025-08-16,50,10.891537226736546
98_osh,2025-08-17,5,22.020294807851315
98_osh,2025-08-17,10,20.01046784967184
98_osh,2025-08-17,15,17.57289346307516
98_osh,2025-08-17,20,16.724723048508167
98_osh,2025-08-17,30,14.094515830278397
98_osh,2025-08-17,40,11.889126263558865
98_osh,2025-08-17,50,10.911313220858574
98_osh,2025-08-18,5,21.33106479048729
98_osh,2025-08-18,10,19.42597735673189
98_osh,2025-08-18,15,17.19641713052988
98_osh,2025-08-18,20,16.441267132759094
98_osh,2025-08-18,30,14.09964293986559
98_osh,2025-08-18,40,12.003387562930584
98_osh,2025-08-18,50,11.031434074044228
98_osh,2025-08-19,5,20.707022309303284
98_osh,2025-08-19,10,19.04071169346571
98_osh,2025-08-19,15,17.01989807188511
98_osh,2025-08-19,20,16.321878723800182
98_osh,2025-08-19,30,14.22708823531866
98_osh,2025-08-19,40,12.183568842709064
98_osh,2025-08-19,50,11.174260698258877
98_osh,2025-08-20,5,20.301980651915077
98_osh,2025-08-20,10,18.703054904937744
98_osh,2025-08-20,15,16.9092989936471
98_osh,2025-08-20,20,16.261818297207355
98_osh,2025-08-20,30,14.32523576170206
98_osh,2025-08-20,40,12.31247902661562
98_osh,2025-08-20,50,11.250434897840025
98_osh,2025-08-21,5,20.081514939665794
98_osh,2025-08-21,10,18.48039186000824
98_osh,2025-08-21,15,16.902706995606422
98_osh,2025-08-21,20,16.305764950811863
98_osh,2025-08-21,30,14.377239301800728
98_osh,2025-08-21,40,12.256813265383244
98_osh,2025-08-21,50,11.062196731567385
98_osh,2025-08-22,5,20.044892728328705
98_osh,2025-08-22,10,18.395428329706192
98_osh,2025-08-22,15,16.99206519126892
98_osh,2025-08-22,20,16.434675134718418
98_osh,2025-08-22,30,14.469527274370192
98_osh,2025-08-22,40,12.208471946418284
98_osh,2025-08-22,50,10.875423453748226
98_osh,2025-08-23,5,20.10055848956108
98_osh,2025-08-23,10,18.36246833950281
98_osh,2025-08-23,15,17.060182504355907
98_osh,2025-08-23,20,16.535019993782043
98_osh,2025-08-23,30,14.539109475910664
98_osh,2025-08-23,40,12.187231063842772
98_osh,2025-08-23,50,10.81609547138214
98_osh,2025-08-24,5,20.178930021822453
98_osh,2025-08-24,10,18.377117224037647
98_osh,2025-08-24,15,17.169316694140434
98_osh,2025-08-24,20,16.6727195084095
98_osh,2025-08-24,30,14.64384900033474
98_osh,2025-08-24,40,12.170384846627712
98_osh,2025-08-24,50,10.751640379428864
98_osh,2025-08-25,5,20.690908536314964
98_osh,2025-08-25,10,18.59099093824625
98_osh,2025-08-25,15,17.361217081546783
98_osh,2025-08-25,20,16.887325666844845
98_osh,2025-08-25,30,14.814508505165575
98_osh,2025-08-25,40,12.198950171470642
98_osh,2025-08-25,50,10.70989105850458
98_osh,2025-08-26,5,21.369151890277863
98_osh,2025-08-26,10,18.87371440976858
98_osh,2025-08-26,15,17.562639243900776
98_osh,2025-08-26,20,17.109256267547607
98_osh,2025-08-26,30,15.002014227211475
98_osh,2025-08-26,40,12.343241684138777
98_osh,2025-08-26,50,10.91790521889925
98_osh,2025-08-27,5,21.91628772765398
98_osh,2025-08-27,10,19.072206795215607
98_osh,2025-08-27,15,17.733298748731613
98_osh,2025-08-27,20,17.279183328151703
98_osh,2025-08-27,30,15.166081734001637
98_osh,2025-08-27,40,12.441389210522177
98_osh,2025-08-27,50,11.037293627858162
98_osh,2025-08-28,5,22.01663258671761
98_osh,2025-08-28,10,19.42524491250515
98_osh,2025-08-28,15,18.004303112626076
98_osh,2025-08-28,20,17.526749476790428
98_osh,2025-08-28,30,15.22907193750143
98_osh,2025-08-28,40,12.46848964691162
98_osh,2025-08-28,50,11.064394064247608
98_osh,2025-08-29,5,22.225379191339016
98_osh,2025-08-29,10,20.04709006100893
98_osh,2025-08-29,15,18.418134100735188
98_osh,2025-08-29,20,17.931058689951897
98_osh,2025-08-29,30,15.51911985129118
98_osh,2025-08-29,40,12.75048067420721
98_osh,2025-08-29,50,11.3551744222641
98_osh,2025-08-30,5,22.559373758733276
98_osh,2025-08-30,10,20.798577837646008
98_osh,2025-08-30,15,18.84441664069891
98_osh,2025-08-30,20,18.29288613796234
98_osh,2025-08-30,30,15.618732266128063
98_osh,2025-08-30,40,12.694082468748093
98_osh,2025-08-30,50,11.08563494682312
98_osh,2025-08-31,5,22.790093690156937
98_osh,2025-08-31,10,21.218268379569054
98_osh,2025-08-31,15,19.13299966603517
98_osh,2025-08-31,20,18.51408429443836
98_osh,2025-08-31,30,15.58870205283165
98_osh,2025-08-31,40,12.55858028680086
98_osh,2025-08-31,50,10.695242173969746
98_osh,2025-09-01,5,23.0120242908597
98_osh,2025-09-01,10,21.549333170056343
98_osh,2025-09-01,15,19.401806697249413
98_osh,2025-09-01,20,18.715506456792355
98_osh,2025-09-01,30,15.577715389430525
98_osh,2025-09-01,40,12.595934942364693
98_osh,2025-09-01,50,10.836603909730911
98_osh,2025-09-02,5,23.27790154516697
98_osh,2025-09-02,10,22.09646900743246
98_osh,2025-09-02,15,19.9694509729743
98_osh,2025-09-02,20,19.24872585386038
98_osh,2025-09-02,30,16.10873745381832
98_osh,2025-09-02,40,13.217780090868471
98_osh,2025-09-02,50,11.91988892108202
98_osh,2025-09-03,5,23.62947477400303
98_osh,2025-09-03,10,22.71465193480253
98_osh,2025-09-03,15,20.575914792716503
98_osh,2025-09-03,20,19.755577258765697
98_osh,2025-09-03,30,16.339457385241985
98_osh,2025-09-03,40,13.374523155391216
98_osh,2025-09-03,50,12.212866611778736
98_osh,2025-09-04,5,23.808191165328022
98_osh,2025-09-04,10,22.990783408284187
98_osh,2025-09-04,15,20.93115024268627
98_osh,2025-09-04,20,20.072725608944893
98_osh,2025-09-04,30,16.520371109247208
98_osh,2025-09-04,40,13.428724028170109
98_osh,2025-09-04,50,12.154271073639393
98_osh,2025-09-05,5,23.873378701508045
98_osh,2025-09-05,10,23.15704824775457
98_osh,2025-09-05,15,21.18823816627264
98_osh,2025-09-05,20,20.330545976758003
98_osh,2025-09-05,30,16.737174600362778
98_osh,2025-09-05,40,13.601580865681171
98_osh,2025-09-05,50,12.276589259505272
98_osh,2025-09-06,5,24.01474043726921
98_osh,2025-09-06,10,23.324045531451706
98_osh,2025-09-06,15,21.427014984190464
98_osh,2025-09-06,20,20.604480117559437
98_osh,2025-09-06,30,17.103396713733673
98_osh,2025-09-06,40,13.956083871424198
98_osh,2025-09-06,50,12.703604243695736
98_osh,2025-09-07,5,24.15683461725712
98_osh,2025-09-07,10,23.529862359166145
98_osh,2025-09-07,15,21.778588213026524
98_osh,2025-09-07,20,20.99194311350584
98_osh,2025-09-07,30,17.5472579151392
98_osh,2025-09-07,40,14.297402881085873
98_osh,2025-09-07,50,12.989257492125034
98_osh,2025-09-08,5,24.282082580029964
98_osh,2025-09-08,10,23.611896112561222
98_osh,2025-09-08,15,21.88772240281105
98_osh,2025-09-08,20,21.08569597452879
98_osh,2025-09-08,30,17.578020572662354
98_osh,2025-09-08,40,14.21829890459776
98_osh,2025-09-08,50,12.66405225545168
98_osh,2025-09-09,5,24.24692525714636
98_osh,2025-09-09,10,23.546708576381207
98_osh,2025-09-09,15,21.840113528072838
98_osh,2025-09-09,20,21.046876430511475
98_osh,2025-09-09,30,17.54359569400549
98_osh,2025-09-09,40,14.213904239237309
98_osh,2025-09-09,50,12.70506913214922
98_osh,2025-09-10,5,24.176610611379147
98_osh,2025-09-10,10,23.47053437680006
98_osh,2025-09-10,15,21.80568864941597
98_osh,2025-09-10,20,21.034424878656864
98_osh,2025-09-10,30,17.587542347609997
98_osh,2025-09-10,40,14.249061562120914
98_osh,2025-09-10,50,12.792962439358234
98_osh,2025-09-11,5,24.061616867780685
98_osh,2025-09-11,10,23.33722952753305
98_osh,2025-09-11,15,21.657002471387383
98_osh,2025-09-11,20,20.8615680411458
98_osh,2025-09-11,30,17.35608997195959
98_osh,2025-09-11,40,14.068880282342434
98_osh,2025-09-11,50,12.595202498137953
98_osh,2025-09-12,5,23.868251591920853
98_osh,2025-09-12,10,23.34821619093418
98_osh,2025-09-12,15,21.717062897980213
98_osh,2025-09-12,20,20.92602313309908
98_osh,2025-09-12,30,17.504776149988174
98_osh,2025-09-12,40,14.320108652114868
98_osh,2025-09-12,50,13.05737480521202
98_osh,2025-09-13,5,23.669759206473827
98_osh,2025-09-13,10,23.619220554828644
98_osh,2025-09-13,15,22.368205815553665
98_osh,2025-09-13,20,21.60280159860849
98_osh,2025-09-13,30,18.125888854265213
98_osh,2025-09-13,40,14.900936923921108
98_osh,2025-09-13,50,13.775902591645718
98_osh,2025-09-14,5,23.78621783852577
98_osh,2025-09-14,10,23.78914761543274
98_osh,2025-09-14,15,23.00836206972599
98_osh,2025-09-14,20,22.180700093507767
98_osh,2025-09-14,30,18.35734122991562
98_osh,2025-09-14,40,15.108951084315777
98_osh,2025-09-14,50,13.955351427197456
98_osh,2025-09-15,5,23.798669390380383
98_osh,2025-09-15,10,23.803064055740837
98_osh,2025-09-15,15,23.39655750989914
98_osh,2025-09-15,20,22.653859063982964
98_osh,2025-09-15,30,18.59318827092648
98_osh,2025-09-15,40,15.215155497193336
98_osh,2025-09-15,50,14.133335374295712
98_osh,2025-09-16,5,23.733481854200363
98_osh,2025-09-16,10,23.73860896378756
98_osh,2025-09-16,15,23.450758382678032
98_osh,2025-09-16,20,22.81939145922661
98_osh,2025-09-16,30,18.66863002628088
98_osh,2025-09-16,40,15.117740415036678
98_osh,2025-09-16,50,13.953154094517233
98_osh,2025-09-17,5,23.67854853719473
98_osh,2025-09-17,10,23.697592087090012
98_osh,2025-09-17,15,23.15118869394064
98_osh,2025-09-17,20,22.371135592460632
98_osh,2025-09-17,30,17.98599200695753
98_osh,2025-09-17,40,14.48857082426548
98_osh,2025-09-17,50,12.756340228021145
98_osh,2025-09-18,5,23.428785055875775
98_osh,2025-09-18,10,23.468337044119835
98_osh,2025-09-18,15,22.698538161814213
98_osh,2025-09-18,20,21.782250434160236
98_osh,2025-09-18,30,17.44105350226164
98_osh,2025-09-18,40,14.190466023981571
98_osh,2025-09-18,50,12.430402547121048
98_osh,2025-09-19,5,23.14899136126041
98_osh,2025-09-19,10,23.210516676306725
98_osh,2025-09-19,15,22.307412944734097
98_osh,2025-09-19,20,21.28199102729559
98_osh,2025-09-19,30,17.14734336733818
98_osh,2025-09-19,40,13.99783319234848
98_osh,2025-09-19,50,12.25095371156931
98_osh,2025-09-20,5,22.79375591129065
98_osh,2025-09-20,10,22.89336832612753
98_osh,2025-09-20,15,22.134556107223037
98_osh,2025-09-20,20,21.05713064968586
98_osh,2025-09-20,30,17.14368114620447
98_osh,2025-09-20,40,13.994170971214771
98_osh,2025-09-20,50,12.18210395425558
98_osh,2025-09-21,5,22.392376475036144
98_osh,2025-09-21,10,22.39970091730356
98_osh,2025-09-21,15,21.66872157901525
98_osh,2025-09-21,20,20.50120548158884
98_osh,2025-09-21,30,16.755485706031322
98_osh,2025-09-21,40,13.661641292273998
98_osh,2025-09-21,50,11.75215919315815
98_osh,2025-09-22,5,22.205603197216988
98_osh,2025-09-22,10,22.25614184886217
98_osh,2025-09-22,15,21.44898831099272
98_osh,2025-09-22,20,20.249244667589664
98_osh,2025-09-22,30,16.822870574891567
98_osh,2025-09-22,40,13.901882998645306
98_osh,2025-09-22,50,12.155003517866136
98_osh,2025-09-23,5,22.12063966691494
98_osh,2025-09-23,10,22.253212071955204
98_osh,2025-09-23,15,21.635029144585133
98_osh,2025-09-23,20,20.540757469832897
98_osh,2025-09-23,30,17.361217081546783
98_osh,2025-09-23,40,14.498825043439863
98_osh,2025-09-23,50,13.052247695624828
98_osh,2025-09-24,5,22.015900142490864
98_osh,2025-09-24,10,22.03567613661289
98_osh,2025-09-24,15,21.946317940950397
98_osh,2025-09-24,20,21.074709311127663
98_osh,2025-09-24,30,17.897366255521774
98_osh,2025-09-24,40,14.870906710624697
98_osh,2025-09-24,50,13.129154339432716
98_osh,2025-09-25,5,21.828394420444965
98_osh,2025-09-25,10,21.87527085095644
98_osh,2025-09-25,15,22.168980985879895
98_osh,2025-09-25,20,21.61378826200962
98_osh,2025-09-25,30,18.52067629247904
98_osh,2025-09-25,40,15.53596606850624
98_osh,2025-09-25,50,13.823511466383934
98_osh,2025-09-26,5,21.758079774677757
98_osh,2025-09-26,10,21.75661488622427
98_osh,2025-09-26,15,22.245887629687783
98_osh,2025-09-26,20,21.98001037538052
98_osh,2025-09-26,30,19.078798793256283
98_osh,2025-09-26,40,15.939542837440968
98_osh,2025-09-26,50,14.158970922231674
98_osh,2025-09-27,5,21.718527786433697
98_osh,2025-09-27,10,21.714865565299988
98_osh,2025-09-27,15,22.20340586453676
98_osh,2025-09-27,20,22.123569443821907
98_osh,2025-09-27,30,19.40546891838312
98_osh,2025-09-27,40,16.064790800213814
98_osh,2025-09-27,50,14.088656276464462
98_osh,2025-09-28,5,21.679708242416385
98_osh,2025-09-28,10,21.6782433539629
98_osh,2025-09-28,15,22.15140232443809
98_osh,2025-09-28,20,22.16531876474619
98_osh,2025-09-28,30,19.461134679615498
98_osh,2025-09-28,40,15.87948241084814
98_osh,2025-09-28,50,13.745872378349304
98_osh,2025-09-29,5,21.68556779623032
98_osh,2025-09-29,10,21.68263801932335
98_osh,2025-09-29,15,22.200476087629795
98_osh,2025-09-29,20,22.12430188804865
98_osh,2025-09-29,30,19.234809413552284
98_osh,2025-09-29,40,15.455397203564644
98_osh,2025-09-29,50,13.183355212211609
98_osh,2025-09-30,5,21.651875361800197
98_osh,2025-09-30,10,21.651875361800197
98_osh,2025-09-30,15,22.21878719329834
98_osh,2025-09-30,20,22.065706349909306
98_osh,2025-09-30,30,18.949156165122982
98_osh,2025-09-30,40,15.119205303490162
98_osh,2025-09-30,50,12.964354388415812
98_osh,2025-10-01,5,21.58742026984692
98_osh,2025-10-01,10,21.648213140666485
98_osh,2025-10-01,15,22.182897426187992
98_osh,2025-10-01,20,21.98733481764793
98_osh,2025-10-01,30,18.84441664069891
98_osh,2025-10-01,40,15.070863984525204
98_osh,2025-10-01,50,13.133549004793167
98_osh,2025-10-02,5,21.518570512533188
98_osh,2025-10-02,10,21.65407269448042
98_osh,2025-10-02,15,21.99392681568861
98_osh,2025-10-02,20,21.71559800952673
98_osh,2025-10-02,30,18.549241617321968
98_osh,2025-10-02,40,14.88116092979908
98_osh,2025-10-02,50,12.972411274909971
98_osh,2025-10-03,5,21.46510208398104
98_osh,2025-10-03,10,21.591082490980625
98_osh,2025-10-03,15,21.7676015496254
98_osh,2025-10-03,20,21.415295876562595
98_osh,2025-10-03,30,18.28263191878796
98_osh,2025-10-03,40,14.849665828049185
98_osh,2025-10-03,50,13.115970343351364
98_osh,2025-10-04,5,21.414563432335854
98_osh,2025-10-04,10,21.52589495480061
98_osh,2025-10-04,15,21.588152714073654
98_osh,2025-10-04,20,21.246833704411983
98_osh,2025-10-04,30,18.283364363014694
98_osh,2025-10-04,40,14.945616021752356
98_osh,2025-10-04,50,13.357676938176157
98_osh,2025-10-05,5,21.349375896155838
98_osh,2025-10-05,10,21.41676076501608
98_osh,2025-10-05,15,21.4013794362545
98_osh,2025-10-05,20,21.03295999020338
98_osh,2025-10-05,30,18.035798214375973
98_osh,2025-10-05,40,14.769096963107586
98_osh,2025-10-05,50,13.148197889328005
98_osh,2025-10-06,5,21.038819544017315
98_osh,2025-10-06,10,21.0402844324708
98_osh,2025-10-06,15,21.197759941220284
98_osh,2025-10-06,20,20.80809961259365
98_osh,2025-10-06,30,17.889309369027615
98_osh,2025-10-06,40,14.828424945473673
98_osh,2025-10-06,50,13.499771118164062
98_osh,2025-10-07,5,20.731192968785763
98_osh,2025-10-07,10,20.731192968785763
98_osh,2025-10-07,15,21.07251197844744
98_osh,2025-10-07,20,20.83227027207613
98_osh,2025-10-07,30,18.232093267142773
98_osh,2025-10-07,40,15.187322616577148
98_osh,2025-10-07,50,14.135532706975935
98_osh,2025-10-08,5,20.588366344571117
98_osh,2025-10-08,10,20.58763390034437
98_osh,2025-10-08,15,20.712881863117214
98_osh,2025-10-08,20,20.73851741105318
98_osh,2025-10-08,30,18.29068880528212
98_osh,2025-10-08,40,15.2407910451293
98_osh,2025-10-08,50,14.13626515120268
98_osh,2025-10-09,5,20.397930845618248
98_osh,2025-10-09,10,20.397930845618248
98_osh,2025-10-09,15,20.418439283967015
98_osh,2025-10-09,20,20.7055574208498
98_osh,2025-10-09,30,18.461348310112957
98_osh,2025-10-09,40,15.30597858130932
98_osh,2025-10-09,50,13.942167431116104
98_osh,2025-10-10,5,20.233130894601345
98_osh,2025-10-10,10,20.233130894601345
98_osh,2025-10-10,15,20.233130894601345
98_osh,2025-10-10,20,20.384746849536896
98_osh,2025-10-10,30,18.483321636915207
98_osh,2025-10-10,40,15.35139012336731
98_osh,2025-10-10,50,13.98904386162758
98_osh,2025-10-11,5,20.04342783987522
98_osh,2025-10-11,10,20.04342783987522
98_osh,2025-10-11,15,20.045625172555447
98_osh,2025-10-11,20,20.109347820281982
98_osh,2025-10-11,30,18.49504074454308
98_osh,2025-10-11,40,15.30671102553606
98_osh,2025-10-11,50,13.80080569535494
98_osh,2025-10-12,5,19.92623676359653
98_osh,2025-10-12,10,19.92623676359653
98_osh,2025-10-12,15,19.92696920782328
98_osh,2025-10-12,20,19.999481186270717
98_osh,2025-10-12,30,18.58220160752535
98_osh,2025-10-12,40,15.360911898314953
98_osh,2025-10-12,50,13.65797907114029
98_osh,2025-10-13,5,19.83394879102707
98_osh,2025-10-13,10,19.83394879102707
98_osh,2025-10-13,15,19.83394879102707
98_osh,2025-10-13,20,19.8800927773118
98_osh,2025-10-13,30,18.46208075433969
98_osh,2025-10-13,40,15.259834595024586
98_osh,2025-10-13,50,13.57667776197195
98_osh,2025-10-14,5,19.768028810620308
98_osh,2025-10-14,10,19.766563922166824
98_osh,2025-10-14,15,19.76876125484705
98_osh,2025-10-14,20,19.8222296833992
98_osh,2025-10-14,30,18.592455826699734
98_osh,2025-10-14,40,15.538895845413208
98_osh,2025-10-14,50,14.0139469653368
98_osh,2025-10-15,5,19.673543505370617
98_osh,2025-10-15,10,19.673543505370617
98_osh,2025-10-15,15,19.6750083938241
98_osh,2025-10-15,20,19.718955047428608
98_osh,2025-10-15,30,18.745536670088768
98_osh,2025-10-15,40,15.927091285586355
98_osh,2025-10-15,50,14.647511221468449
98_osh,2025-10-16,5,19.553422652184963
98_osh,2025-10-16,10,19.553422652184963
98_osh,2025-10-16,15,19.553422652184963
98_osh,2025-10-16,20,19.591509751975536
98_osh,2025-10-16,30,19.04437391459942
98_osh,2025-10-16,40,16.35337382555008
98_osh,2025-10-16,50,14.982970677316189
98_osh,2025-10-17,5,19.48603778332472
98_osh,2025-10-17,10,19.48603778332472
98_osh,2025-10-17,15,19.48603778332472
98_osh,2025-10-17,20,19.49848933517933
98_osh,2025-10-17,30,19.234076969325542
98_osh,2025-10-17,40,16.589220866560936
98_osh,2025-10-17,50,15.114810638129711
98_osh,2025-10-18,5,19.325632497668263
98_osh,2025-10-18,10,19.3314920514822
98_osh,2025-10-18,15,19.332956939935684
98_osh,2025-10-18,20,19.33588671684265
98_osh,2025-10-18,30,19.333689384162422
98_osh,2025-10-18,40,16.726920381188393
98_osh,2025-10-18,50,15.228339493274689
98_osh,2025-10-19,5,19.1264076679945
98_osh,2025-10-19,10,19.1264076679945
98_osh,2025-10-19,15,19.1264076679945
98_osh,2025-10-19,20,19.1264076679945
98_osh,2025-10-19,30,19.31904049962759
98_osh,2025-10-19,40,16.592883087694645
98_osh,2025-10-19,50,14.960264906287192
98_osh,2025-10-20,5,18.90667439997196
98_osh,2025-10-20,10,18.90667439997196
98_osh,2025-10-20,15,18.90667439997196
98_osh,2025-10-20,20,18.90667439997196
98_osh,2025-10-20,30,19.279488511383533
98_osh,2025-10-20,40,16.381206706166267
98_osh,2025-10-20,50,14.498825043439863
98_osh,2025-10-21,5,18.698660239577293
98_osh,2025-10-21,10,18.698660239577293
98_osh,2025-10-21,15,18.698660239577293
98_osh,2025-10-21,20,18.698660239577293
98_osh,2025-10-21,30,19.2245551943779
98_osh,2025-10-21,40,16.070650354027748
98_osh,2025-10-21,50,13.810327470302582
98_osh,2025-10-22,5,18.5287331789732
98_osh,2025-10-22,10,18.5287331789732
98_osh,2025-10-22,15,18.5287331789732
98_osh,2025-10-22,20,18.5287331789732
98_osh,2025-10-22,30,19.1264076679945
98_osh,2025-10-22,40,15.642902925610542
98_osh,2025-10-22,50,13.080813020467758
98_osh,2025-10-23,5,18.352214120328423
98_osh,2025-10-23,10,18.352946564555168
98_osh,2025-10-23,15,18.352946564555168
98_osh,2025-10-23,20,18.352946564555168
98_osh,2025-10-23,30,18.95062105357647
98_osh,2025-10-23,40,15.097231976687908
98_osh,2025-10-23,50,12.458967871963978
98_osh,2025-10-24,5,18.17569506168365
98_osh,2025-10-24,10,18.17569506168365
98_osh,2025-10-24,15,18.17569506168365
98_osh,2025-10-24,20,18.17569506168365
98_osh,2025-10-24,30,18.72283089905977
98_osh,2025-10-24,40,14.495895266532898
98_osh,2025-10-24,50,12.027558222413065
98_osh,2025-10-25,5,18.03067110478878
98_osh,2025-10-25,10,18.03067110478878
98_osh,2025-10-25,15,18.03067110478878
98_osh,2025-10-25,20,18.03067110478878
98_osh,2025-10-25,30,18.50895718485117
98_osh,2025-10-25,40,14.115756712853909
98_osh,2025-10-25,50,11.922818697988989
98_osh,2025-10-26,5,17.884182259440422
98_osh,2025-10-26,10,17.89590136706829
98_osh,2025-10-26,15,17.897366255521774
98_osh,2025-10-26,20,17.897366255521774
98_osh,2025-10-26,30,18.327311016619205
98_osh,2025-10-26,40,14.035187847912312
98_osh,2025-10-26,50,12.056123547255991
98_osh,2025-10-27,5,17.73256630450487
98_osh,2025-10-27,10,17.73256630450487
98_osh,2025-10-27,15,17.73256630450487
98_osh,2025-10-27,20,17.73256630450487
98_osh,2025-10-27,30,17.94131290912628
98_osh,2025-10-27,40,13.666035957634447
98_osh,2025-10-27,50,12.002655118703842
98_osh,2025-10-28,5,17.323862425982952
98_osh,2025-10-28,10,17.323862425982952
98_osh,2025-10-28,15,17.323862425982952
98_osh,2025-10-28,20,17.323862425982952
98_osh,2025-10-28,30,17.34363842010498
98_osh,2025-10-28,40,13.346690274775028
98_osh,2025-10-28,50,11.919156476855278
98_osh,2025-10-29,5,17.014038518071175
98_osh,2025-10-29,10,17.014038518071175
98_osh,2025-10-29,15,17.014038518071175
98_osh,2025-10-29,20,17.014038518071175
98_osh,2025-10-29,30,16.92175054550171
98_osh,2025-10-29,40,13.262459188699722
98_osh,2025-10-29,50,11.880336932837965
98_osh,2025-10-30,5,16.82360301911831
98_osh,2025-10-30,10,16.82360301911831
98_osh,2025-10-30,15,16.82360301911831
98_osh,2025-10-30,20,16.82360301911831
98_osh,2025-10-30,30,16.80748924612999
98_osh,2025-10-30,40,13.278572961688042
98_osh,2025-10-30,50,11.826868504285812
98_osh,2025-10-31,5,16.722525715827942
98_osh,2025-10-31,10,16.72985015809536
98_osh,2025-10-31,15,16.7305826023221
98_osh,2025-10-31,20,16.7305826023221
98_osh,2025-10-31,30,16.641956850886345
98_osh,2025-10-31,40,13.20825831592083
98_osh,2025-10-31,50,11.708212539553642
98_osh,2025-11-01,5,16.531357772648335
98_osh,2025-11-01,10,16.567247539758682
98_osh,2025-11-01,15,16.59947508573532
98_osh,2025-11-01,20,16.608264416456223
98_osh,2025-11-01,30,16.367290265858173
98_osh,2025-11-01,40,12.871333971619606
98_osh,2025-11-01,50,11.3148899897933
98_osh,2025-11-02,5,16.45152135193348
98_osh,2025-11-02,10,16.45152135193348
98_osh,2025-11-02,15,16.45152135193348
98_osh,2025-11-02,20,16.45152135193348
98_osh,2025-11-02,30,16.204687647521496
98_osh,2025-11-02,40,12.61497849225998
98_osh,2025-11-02,50,10.941343434154987
98_osh,2025-11-03,5,16.303567618131638
98_osh,2025-11-03,10,16.303567618131638
98_osh,2025-11-03,15,16.303567618131638
98_osh,2025-11-03,20,16.303567618131638
98_osh,2025-11-03,30,16.10361034423113
98_osh,2025-11-03,40,12.514633633196354
98_osh,2025-11-03,50,10.936216324567797
98_osh,2025-11-04,5,16.138035222887993
98_osh,2025-11-04,10,16.138035222887993
98_osh,2025-11-04,15,16.138035222887993
98_osh,2025-11-04,20,16.138035222887993
98_osh,2025-11-04,30,16.023773923516273
98_osh,2025-11-04,40,12.549058511853218
98_osh,2025-11-04,50,11.177922919392586
98_osh,2025-11-05,5,16.035493031144142
98_osh,2025-11-05,10,16.0347605869174
98_osh,2025-11-05,15,16.0347605869174
98_osh,2025-11-05,20,16.0347605869174
98_osh,2025-11-05,30,15.91976684331894
98_osh,2025-11-05,40,12.707998909056188
98_osh,2025-11-05,50,11.446729950606825
98_osh,2025-11-06,5,15.915372177958488
98_osh,2025-11-06,10,15.913907289505005
98_osh,2025-11-06,15,15.91244240105152
98_osh,2025-11-06,20,15.91244240105152
98_osh,2025-11-06,30,15.811365097761154
98_osh,2025-11-06,40,12.714590907096865
98_osh,2025-11-06,50,11.48261971771717
98_osh,2025-11-07,5,15.618732266128063
98_osh,2025-11-07,10,15.618732266128063
98_osh,2025-11-07,15,15.618732266128063
98_osh,2025-11-07,20,15.618732266128063
98_osh,2025-11-07,30,15.546220287680626
98_osh,2025-11-07,40,12.3366496860981
98_osh,2025-11-07,50,11.079775393009186
98_osh,2025-11-08,5,15.391674555838108
98_osh,2025-11-08,10,15.391674555838108
98_osh,2025-11-08,15,15.391674555838108
98_osh,2025-11-08,20,15.391674555838108
98_osh,2025-11-08,30,15.361644342541696
98_osh,2025-11-08,40,12.160863071680067
98_osh,2025-11-08,50,10.77434615045786
98_osh,2025-11-09,5,15.247383043169975
98_osh,2025-11-09,10,15.248115487396715
98_osh,2025-11-09,15,15.248115487396715
98_osh,2025-11-09,20,15.248115487396715
98_osh,2025-11-09,30,15.32282479852438
98_osh,2025-11-09,40,12.261940374970436
98_osh,2025-11-09,50,10.80364391952753
98_osh,2025-11-10,5,15.01153600215912
98_osh,2025-11-10,10,15.01153600215912
98_osh,2025-11-10,15,15.01153600215912
98_osh,2025-11-10,20,15.01153600215912
98_osh,2025-11-10,30,15.06500443071127
98_osh,2025-11-10,40,11.92428358644247
98_osh,2025-11-10,50,10.622730195522308
98_osh,2025-11-11,5,14.6519058868289
98_osh,2025-11-11,10,14.6519058868289
98_osh,2025-11-11,15,14.6519058868289
98_osh,2025-11-11,20,14.6519058868289
98_osh,2025-11-11,30,14.653370775282385
98_osh,2025-11-11,40,11.319284655153751
98_osh,2025-11-11,50,10.127597898244858
98_osh,2025-11-12,5,14.41459395736456
98_osh,2025-11-12,10,14.4153264015913
98_osh,2025-11-12,15,14.4153264015913
98_osh,2025-11-12,20,14.4153264015913
98_osh,2025-11-12,30,14.429975286126137
98_osh,2025-11-12,40,11.05340740084648
98_osh,2025-11-12,50,9.825098432600498
98_osh,2025-11-13,5,14.237342454493046
98_osh,2025-11-13,10,14.238074898719788
98_osh,2025-11-13,15,14.23880734294653
98_osh,2025-11-13,20,14.23880734294653
98_osh,2025-11-13,30,14.26004822552204
98_osh,2025-11-13,40,10.92596210539341
98_osh,2025-11-13,50,9.749656677246094
98_osh,2025-11-14,5,13.986846528947352
98_osh,2025-11-14,10,13.986846528947352
98_osh,2025-11-14,15,13.986846528947352
98_osh,2025-11-14,20,13.986846528947352
98_osh,2025-11-14,30,14.012482076883316
98_osh,2025-11-14,40,10.66887418180704
98_osh,2025-11-14,50,9.71889401972294
98_osh,2025-11-15,5,13.811792358756064
98_osh,2025-11-15,10,13.811792358756064
98_osh,2025-11-15,15,13.811792358756064
98_osh,2025-11-15,20,13.811792358756064
98_osh,2025-11-15,30,13.798608362674711
98_osh,2025-11-15,40,10.495284900069237
98_osh,2025-11-15,50,9.690328694880009
98_osh,2025-11-16,5,13.69460128247738
98_osh,2025-11-16,10,13.69533372670412
98_osh,2025-11-16,15,13.697531059384346
98_osh,2025-11-16,20,13.698263503611088
98_osh,2025-11-16,30,13.720236830413342
98_osh,2025-11-16,40,10.542893774807451
98_osh,2025-11-16,50,9.73207801580429
98_osh,2025-11-17,5,13.443372912704945
98_osh,2025-11-17,10,13.444105356931686
98_osh,2025-11-17,15,13.444105356931686
98_osh,2025-11-17,20,13.444105356931686
98_osh,2025-11-17,30,13.493179120123386
98_osh,2025-11-17,40,10.461592465639114
98_osh,2025-11-17,50,9.761375784873962
98_osh,2025-11-18,5,13.09765923768282
98_osh,2025-11-18,10,13.09765923768282
98_osh,2025-11-18,15,13.09765923768282
98_osh,2025-11-18,20,13.09765923768282
98_osh,2025-11-18,30,13.165044106543064
98_osh,2025-11-18,40,10.334879614412785
98_osh,2025-11-18,50,9.773827336728573
98_osh,2025-11-19,5,12.83178198337555
98_osh,2025-11-19,10,12.832514427602293
98_osh,2025-11-19,15,12.832514427602293
98_osh,2025-11-19,20,12.832514427602293
98_osh,2025-11-19,30,12.857417531311512
98_osh,2025-11-19,40,10.272621855139732
98_osh,2025-11-19,50,9.775292225182056
98_osh,2025-11-20,5,12.699209578335283
98_osh,2025-11-20,10,12.699209578335283
98_osh,2025-11-20,15,12.699209578335283
98_osh,2025-11-20,20,12.699209578335283
98_osh,2025-11-20,30,12.697744689881802
98_osh,2025-11-20,40,10.410321369767187
98_osh,2025-11-20,50,9.823633544147016
98_osh,2025-11-21,5,12.46409498155117
98_osh,2025-11-21,10,12.464827425777912
98_osh,2025-11-21,15,12.464827425777912
98_osh,2025-11-21,20,12.464827425777912
98_osh,2025-11-21,30,12.46775720268488
98_osh,2025-11-21,40,10.453535579144956
98_osh,2025-11-21,50,9.864650420844557
98_osh,2025-11-22,5,12.19748528301716
98_osh,2025-11-22,10,12.19748528301716
98_osh,2025-11-22,15,12.19748528301716
98_osh,2025-11-22,20,12.19748528301716
98_osh,2025-11-22,30,12.200415059924126
98_osh,2025-11-22,40,10.437421806156635
98_osh,2025-11-22,50,9.894680634140968
98_osh,2025-11-23,5,12.092745758593082
98_osh,2025-11-23,10,12.09201331436634
98_osh,2025-11-23,15,12.090548425912855
98_osh,2025-11-23,20,12.089815981686115
98_osh,2025-11-23,30,12.109591975808144
98_osh,2025-11-23,40,10.546555995941162
98_osh,2025-11-23,50,9.967192612588406
98_osh,2025-11-24,5,12.040009774267672
98_osh,2025-11-24,10,12.03854488581419
98_osh,2025-11-24,15,12.036347553133965
98_osh,2025-11-24,20,12.035615108907225
98_osh,2025-11-24,30,12.07150487601757
98_osh,2025-11-24,40,10.686452843248844
98_osh,2025-11-24,50,10.060213029384611
98_osh,2025-11-25,5,11.99752800911665
98_osh,2025-11-25,10,11.995330676436424
98_osh,2025-11-25,15,11.9931333437562
98_osh,2025-11-25,20,11.992400899529455
98_osh,2025-11-25,30,12.000457786023617
98_osh,2025-11-25,40,10.838068798184397
98_osh,2025-11-25,50,10.188390769064426
98_osh,2025-11-26,5,11.917691588401794
98_osh,2025-11-26,10,11.917691588401794
98_osh,2025-11-26,15,11.916959144175053
98_osh,2025-11-26,20,11.916959144175053
98_osh,2025-11-26,30,11.925016030669212
98_osh,2025-11-26,40,10.931089214980602
98_osh,2025-11-26,50,10.315836064517498
98_osh,2025-11-27,5,11.836390279233456
98_osh,2025-11-27,10,11.842982277274132
98_osh,2025-11-27,15,11.847376942634584
98_osh,2025-11-27,20,11.848109386861324
98_osh,2025-11-27,30,11.855433829128742
98_osh,2025-11-27,40,11.097354054450989
98_osh,2025-11-27,50,10.515793338418009
98_osh,2025-11-28,5,11.701620541512966
98_osh,2025-11-28,10,11.701620541512966
98_osh,2025-11-28,15,11.704550318419932
98_osh,2025-11-28,20,11.706015206873415
98_osh,2025-11-28,30,11.721396535634996
98_osh,2025-11-28,40,11.232123792171478
98_osh,2025-11-28,50,10.703299060463904
98_osh,2025-11-29,5,11.489211715757849
98_osh,2025-11-29,10,11.489211715757849
98_osh,2025-11-29,15,11.489211715757849
98_osh,2025-11-29,20,11.489211715757849
98_osh,2025-11-29,30,11.489944159984589
98_osh,2025-11-29,40,11.209418021142485
98_osh,2025-11-29,50,10.678395956754684
98_osh,2025-11-30,5,11.420361958444118
98_osh,2025-11-30,10,11.419629514217377
98_osh,2025-11-30,15,11.418897069990637
98_osh,2025-11-30,20,11.418164625763891
98_osh,2025-11-30,30,11.421826846897602
98_osh,2025-11-30,40,11.229926459491251
98_osh,2025-11-30,50,10.66081729531288
98_osh,2025-12-01,5,11.333201095461844
98_osh,2025-12-01,10,11.333933539688587
98_osh,2025-12-01,15,11.334665983915327
98_osh,2025-12-01,20,11.33539842814207
98_osh,2025-12-01,30,11.342722870409489
98_osh,2025-12-01,40,11.243110455572603
98_osh,2025-12-01,50,10.608081310987473
98_osh,2025-12-02,5,11.230658903717996
98_osh,2025-12-02,10,11.232123792171478
98_osh,2025-12-02,15,11.23285623639822
98_osh,2025-12-02,20,11.23285623639822
98_osh,2025-12-02,30,11.233588680624962
98_osh,2025-12-02,40,11.297311328351498
98_osh,2025-12-02,50,10.657155074179173
98_osh,2025-12-03,5,11.087832279503344
98_osh,2025-12-03,10,11.087832279503344
98_osh,2025-12-03,15,11.087832279503344
98_osh,2025-12-03,20,11.087832279503344
98_osh,2025-12-03,30,11.087832279503344
98_osh,2025-12-03,40,11.31415754556656
98_osh,2025-12-03,50,10.674733735620975
98_osh,2025-12-04,5,10.83147680014372
98_osh,2025-12-04,10,10.83147680014372
98_osh,2025-12-04,15,10.83147680014372
98_osh,2025-12-04,20,10.83220924437046
98_osh,2025-12-04,30,10.83220924437046
98_osh,2025-12-04,40,11.188909582793713
98_osh,2025-12-04,50,10.485030680894852
98_osh,2025-12-05,5,10.602221757173538
98_osh,2025-12-05,10,10.602221757173538
98_osh,2025-12-05,15,10.602221757173538
98_osh,2025-12-05,20,10.602221757173538
98_osh,2025-12-05,30,10.602221757173538
98_osh,2025-12-05,40,11.049745179712772
98_osh,2025-12-05,50,10.388348042964935
98_osh,2025-12-06,5,10.46378979831934
98_osh,2025-12-06,10,10.46378979831934
98_osh,2025-12-06,15,10.46378979831934
98_osh,2025-12-06,20,10.46378979831934
98_osh,2025-12-06,30,10.46378979831934
98_osh,2025-12-06,40,10.935483880341051
98_osh,2025-12-06,50,10.421308033168316
98_osh,2025-12-07,5,10.394940041005611
98_osh,2025-12-07,10,10.395672485232351
98_osh,2025-12-07,15,10.395672485232351
98_osh,2025-12-07,20,10.395672485232351
98_osh,2025-12-07,30,10.394940041005611
98_osh,2025-12-07,40,10.94647054374218
98_osh,2025-12-07,50,10.467452019453049
98_osh,2025-12-08,5,10.278481408953668
98_osh,2025-12-08,10,10.281411185860634
98_osh,2025-12-08,15,10.28360851854086
98_osh,2025-12-08,20,10.28360851854086
98_osh,2025-12-08,30,10.28360851854086
98_osh,2025-12-08,40,10.92156744003296
98_osh,2025-12-08,50,10.497482232749462
98_osh,2025-12-09,5,10.13272500783205
98_osh,2025-12-09,10,10.13272500783205
98_osh,2025-12-09,15,10.13272500783205
98_osh,2025-12-09,20,10.13272500783205
98_osh,2025-12-09,30,10.13272500783205
98_osh,2025-12-09,40,10.84832301735878
98_osh,2025-12-09,50,10.49674978852272
98_osh,2025-12-10,5,9.996490381658075
98_osh,2025-12-10,10,9.996490381658075
98_osh,2025-12-10,15,9.99722282588482
98_osh,2025-12-10,20,9.99722282588482
98_osh,2025-12-10,30,9.99722282588482
98_osh,2025-12-10,40,10.739188827574251
98_osh,2025-12-10,50,10.50480667501688
98_osh,2025-12-11,5,9.880764193832874
98_osh,2025-12-11,10,9.8829615265131
98_osh,2025-12-11,15,9.88369397073984
98_osh,2025-12-11,20,9.884426414966583
98_osh,2025-12-11,30,9.884426414966583
98_osh,2025-12-11,40,10.518723115324974
98_osh,2025-12-11,50,10.528244890272616
98_osh,2025-12-12,5,9.766502894461157
98_osh,2025-12-12,10,9.766502894461157
98_osh,2025-12-12,15,9.766502894461157
98_osh,2025-12-12,20,9.766502894461157
98_osh,2025-12-12,30,9.766502894461157
98_osh,2025-12-12,40,9.880764193832874
98_osh,2025-12-12,50,10.56633199006319
98_osh,2025-12-13,5,9.634662933647633
98_osh,2025-12-13,10,9.634662933647633
98_osh,2025-12-13,15,9.634662933647633
98_osh,2025-12-13,20,9.634662933647633
98_osh,2025-12-13,30,9.634662933647633
98_osh,2025-12-13,40,9.677877143025398
98_osh,2025-12-13,50,10.608081310987473
98_osh,2025-12-14,5,9.52333141118288
98_osh,2025-12-14,10,9.52333141118288
98_osh,2025-12-14,15,9.52333141118288
98_osh,2025-12-14,20,9.52333141118288
98_osh,2025-12-14,30,9.52333141118288
98_osh,2025-12-14,40,9.561418510973454
98_osh,2025-12-14,50,10.490157790482044
98_osh,2025-12-15,5,9.435438103973866
98_osh,2025-12-15,10,9.435438103973866
98_osh,2025-12-15,15,9.435438103973866
98_osh,2025-12-15,20,9.435438103973866
98_osh,2025-12-15,30,9.435438103973866
98_osh,2025-12-15,40,9.669087812304497
98_osh,2025-12-15,50,10.538499109447002
98_osh,2025-12-16,5,9.350474573671818
98_osh,2025-12-16,10,9.350474573671818
98_osh,2025-12-16,15,9.350474573671818
98_osh,2025-12-16,20,9.350474573671818
98_osh,2025-12-16,30,9.350474573671818
98_osh,2025-12-16,40,9.41273233294487
98_osh,2025-12-16,50,10.557542659342287
98_osh,2025-12-17,5,9.211310170590878
98_osh,2025-12-17,10,9.211310170590878
98_osh,2025-12-17,15,9.211310170590878
98_osh,2025-12-17,20,9.211310170590878
98_osh,2025-12-17,30,9.211310170590878
98_osh,2025-12-17,40,9.21277505904436
98_osh,2025-12-17,50,10.367839604616163
98_osh,2025-12-18,5,9.202520839869976
98_osh,2025-12-18,10,9.202520839869976
98_osh,2025-12-18,15,9.202520839869976
98_osh,2025-12-18,20,9.202520839869976
98_osh,2025-12-18,30,9.20398572832346
98_osh,2025-12-18,40,9.222296833992004
98_osh,2025-12-18,50,9.87929930537939
98_osh,2025-12-19,5,9.429578550159931
98_osh,2025-12-19,10,9.429578550159931
98_osh,2025-12-19,15,9.429578550159931
98_osh,2025-12-19,20,9.429578550159931
98_osh,2025-12-19,30,9.429578550159931
98_osh,2025-12-19,40,9.429578550159931
98_osh,2025-12-19,50,9.429578550159931
98_osh,2025-12-20,5,9.343882575631142
98_osh,2025-12-20,10,9.349742129445076
98_osh,2025-12-20,15,9.352671906352043
98_osh,2025-12-20,20,9.352671906352043
98_osh,2025-12-20,30,9.352671906352043
98_osh,2025-12-20,40,9.352671906352043
98_osh,2025-12-20,50,9.352671906352043
98_osh,2025-12-21,5,9.173955515027046
98_osh,2025-12-21,10,9.233283497393131
98_osh,2025-12-21,15,9.26551104336977
98_osh,2025-12-21,20,9.271370597183704
98_osh,2025-12-21,30,9.280159927904606
98_osh,2025-12-21,40,9.280892372131348
98_osh,2025-12-21,50,9.280892372131348
98_osh,2025-12-22,5,9.131473749876022
98_osh,2025-12-22,10,9.132206194102764
98_osh,2025-12-22,15,9.132206194102764
98_osh,2025-12-22,20,9.132206194102764
98_osh,2025-12-22,30,9.132206194102764
98_osh,2025-12-22,40,9.132206194102764
98_osh,2025-12-22,50,9.132206194102764
98_osh,2025-12-23,5,9.036988444626331
98_osh,2025-12-23,10,9.036988444626331
98_osh,2025-12-23,15,9.036988444626331
98_osh,2025-12-23,20,9.036988444626331
98_osh,2025-12-23,30,9.036988444626331
98_osh,2025-12-23,40,9.036988444626331
98_osh,2025-12-23,50,9.036988444626331
98_osh,2025-12-24,5,8.9505600258708
98_osh,2025-12-24,10,8.954222247004509
98_osh,2025-12-24,15,8.955687135457993
98_osh,2025-12-24,20,8.955687135457993
98_osh,2025-12-24,30,8.955687135457993
98_osh,2025-12-24,40,8.955687135457993
98_osh,2025-12-24,50,8.955687135457993
98_osh,2025-12-25,5,8.895626708865166
98_osh,2025-12-25,10,8.895626708865166
98_osh,2025-12-25,15,8.895626708865166
98_osh,2025-12-25,20,8.895626708865166
98_osh,2025-12-25,30,8.895626708865166
98_osh,2025-12-25,40,8.895626708865166
98_osh,2025-12-25,50,8.895626708865166
98_osh,2025-12-26,5,8.796746738255024
98_osh,2025-12-26,10,8.796746738255024
98_osh,2025-12-26,15,8.797479182481766
98_osh,2025-12-26,20,8.797479182481766
98_osh,2025-12-26,30,8.797479182481766
98_osh,2025-12-26,40,8.797479182481766
98_osh,2025-12-26,50,8.797479182481766
98_osh,2025-12-27,5,8.642201006412506
98_osh,2025-12-27,10,8.642201006412506
98_osh,2025-12-27,15,8.642201006412506
98_osh,2025-12-27,20,8.642201006412506
98_osh,2025-12-27,30,8.642201006412506
98_osh,2025-12-27,40,8.642933450639248
98_osh,2025-12-27,50,8.642933450639248
98_osh,2025-12-28,5,8.527939707040787
98_osh,2025-12-28,10,8.527939707040787
98_osh,2025-12-28,15,8.527939707040787
98_osh,2025-12-28,20,8.527939707040787
98_osh,2025-12-28,30,8.527939707040787
98_osh,2025-12-28,40,8.527939707040787
98_osh,2025-12-28,50,8.527939707040787
98_osh,2025-12-29,5,8.462019726634026
98_osh,2025-12-29,10,8.46787928044796
98_osh,2025-12-29,15,8.470809057354927
98_osh,2025-12-29,20,8.471541501581669
98_osh,2025-12-29,30,8.473006390035152
98_osh,2025-12-29,40,8.473006390035152
98_osh,2025-12-29,50,8.473006390035152
98_osh,2025-12-30,5,8.412213519215584
98_osh,2025-12-30,10,8.413678407669067
98_osh,2025-12-30,15,8.41441085189581
98_osh,2025-12-30,20,8.41441085189581
98_osh,2025-12-30,30,8.415143296122551
98_osh,2025-12-30,40,8.415143296122551
98_osh,2025-12-30,50,8.415143296122551
98_osh,2025-12-31,5,8.289162889122963
98_osh,2025-12-31,10,8.289895333349705
98_osh,2025-12-31,15,8.289895333349705
98_osh,2025-12-31,20,8.289895333349705
98_osh,2025-12-31,30,8.289895333349705
98_osh,2025-12-31,40,8.289895333349705
98_osh,2025-12-31,50,8.289895333349705
98_osh,2026-01-01,5,8.120700716972351
98_osh,2026-01-01,10,8.120700716972351
98_osh,2026-01-01,15,8.120700716972351
98_osh,2026-01-01,20,8.120700716972351
98_osh,2026-01-01,30,8.120700716972351
98_osh,2026-01-01,40,8.120700716972351
98_osh,2026-01-01,50,8.120700716972351
98_osh,2026-01-02,5,8.019623413681984
98_osh,2026-01-02,10,8.019623413681984
98_osh,2026-01-02,15,8.019623413681984
98_osh,2026-01-02,20,8.019623413681984
98_osh,2026-01-02,30,8.019623413681984
98_osh,2026-01-02,40,8.019623413681984
98_osh,2026-01-02,50,8.019623413681984
98_osh,2026-01-03,5,7.945646546781063
98_osh,2026-01-03,10,7.945646546781063
98_osh,2026-01-03,15,7.945646546781063
98_osh,2026-01-03,20,7.945646546781063
98_osh,2026-01-03,30,7.945646546781063
98_osh,2026-01-03,40,7.946378991007805
98_osh,2026-01-03,50,7.946378991007805
98_osh,2026-01-04,5,7.82992035895586
98_osh,2026-01-04,10,7.82992035895586
98_osh,2026-01-04,15,7.82992035895586
98_osh,2026-01-04,20,7.82992035895586
98_osh,2026-01-04,30,7.830652803182602
98_osh,2026-01-04,40,7.830652803182602
98_osh,2026-01-04,50,7.830652803182602
98_osh,2026-01-05,5,7.700277730822563
98_osh,2026-01-05,10,7.700277730822563
98_osh,2026-01-05,15,7.700277730822563
98_osh,2026-01-05,20,7.700277730822563
98_osh,2026-01-05,30,7.700277730822563
98_osh,2026-01-05,40,7.700277730822563
98_osh,2026-01-05,50,7.700277730822563
98_osh,2026-01-06,5,7.580889321863651
98_osh,2026-01-06,10,7.580889321863651
98_osh,2026-01-06,15,7.580889321863651
98_osh,2026-01-06,20,7.580889321863651
98_osh,2026-01-06,30,7.580889321863651
98_osh,2026-01-06,40,7.580889321863651
98_osh,2026-01-06,50,7.580889321863651
98_osh,2026-01-07,5,7.489333793520927
98_osh,2026-01-07,10,7.489333793520927
98_osh,2026-01-07,15,7.489333793520927
98_osh,2026-01-07,20,7.489333793520927
98_osh,2026-01-07,30,7.490066237747669
98_osh,2026-01-07,40,7.490066237747669
98_osh,2026-01-07,50,7.490066237747669
98_osh,2026-01-08,5,7.421216480433941
98_osh,2026-01-08,10,7.421216480433941
98_osh,2026-01-08,15,7.421216480433941
98_osh,2026-01-08,20,7.421948924660683
98_osh,2026-01-08,30,7.421948924660683
98_osh,2026-01-08,40,7.421948924660683
98_osh,2026-01-08,50,7.421948924660683
98_osh,2026-01-09,5,7.386059157550335
98_osh,2026-01-09,10,7.386059157550335
98_osh,2026-01-09,15,7.386059157550335
98_osh,2026-01-09,20,7.386059157550335
98_osh,2026-01-09,30,7.386059157550335
98_osh,2026-01-09,40,7.386059157550335
98_osh,2026-01-09,50,7.386059157550335
98_osh,2026-01-10,5,7.375072494149208
98_osh,2026-01-10,10,7.393383599817753
98_osh,2026-01-10,15,7.407300040125847
98_osh,2026-01-10,20,7.410962261259556
98_osh,2026-01-10,30,7.422681368887424
98_osh,2026-01-10,40,7.430738255381584
98_osh,2026-01-10,50,7.428540922701359
98_osh,2026-01-11,5,7.435865364968777
98_osh,2026-01-11,10,7.435865364968777
98_osh,2026-01-11,15,7.435865364968777
98_osh,2026-01-11,20,7.435865364968777
98_osh,2026-01-11,30,7.4365978091955185
98_osh,2026-01-11,40,7.438795141875744
98_osh,2026-01-11,50,7.448316916823387
98_osh,2026-01-12,5,7.410962261259556
98_osh,2026-01-12,10,7.410962261259556
98_osh,2026-01-12,15,7.410962261259556
98_osh,2026-01-12,20,7.410962261259556
98_osh,2026-01-12,30,7.410962261259556
98_osh,2026-01-12,40,7.410962261259556
98_osh,2026-01-12,50,7.410962261259556
98_osh,2026-01-13,5,7.3560289442539215
98_osh,2026-01-13,10,7.361888498067856
98_osh,2026-01-13,15,7.364818274974823
98_osh,2026-01-13,20,7.365550719201565
98_osh,2026-01-13,30,7.366283163428307
98_osh,2026-01-13,40,7.367015607655048
98_osh,2026-01-13,50,7.366283163428307
98_osh,2026-01-14,5,7.258613862097263
98_osh,2026-01-14,10,7.259346306324005
98_osh,2026-01-14,15,7.259346306324005
98_osh,2026-01-14,20,7.259346306324005
98_osh,2026-01-14,30,7.259346306324005
98_osh,2026-01-14,40,7.259346306324005
98_osh,2026-01-14,50,7.259346306324005
98_osh,2026-01-15,5,7.160466335713863
98_osh,2026-01-15,10,7.160466335713863
98_osh,2026-01-15,15,7.160466335713863
98_osh,2026-01-15,20,7.160466335713863
98_osh,2026-01-15,30,7.160466335713863
98_osh,2026-01-15,40,7.160466335713863
98_osh,2026-01-15,50,7.160466335713863
98_osh,2026-01-16,5,7.082094803452492
98_osh,2026-01-16,10,7.082094803452492
98_osh,2026-01-16,15,7.082094803452492
98_osh,2026-01-16,20,7.082094803452492
98_osh,2026-01-16,30,7.082094803452492
98_osh,2026-01-16,40,7.082094803452492
98_osh,2026-01-16,50,7.082094803452492
98_osh,2026-01-17,5,7.013977490365505
98_osh,2026-01-17,10,7.013977490365505
98_osh,2026-01-17,15,7.013977490365505
98_osh,2026-01-17,20,7.013977490365505
98_osh,2026-01-17,30,7.013977490365505
98_osh,2026-01-17,40,7.013977490365505
98_osh,2026-01-17,50,7.013977490365505
98_osh,2026-01-18,5,6.957579284906387
98_osh,2026-01-18,10,6.957579284906387
98_osh,2026-01-18,15,6.957579284906387
98_osh,2026-01-18,20,6.957579284906387
98_osh,2026-01-18,30,6.957579284906387
98_osh,2026-01-18,40,6.957579284906387
98_osh,2026-01-18,50,6.957579284906387
98_osh,2026-01-19,5,6.940000623464584
98_osh,2026-01-19,10,6.940000623464584
98_osh,2026-01-19,15,6.940733067691326
98_osh,2026-01-19,20,6.940733067691326
98_osh,2026-01-19,30,6.940733067691326
98_osh,2026-01-19,40,6.940733067691326
98_osh,2026-01-19,50,6.938535735011101
98_osh,2026-01-20,5,6.871150866150856
98_osh,2026-01-20,10,6.871150866150856
98_osh,2026-01-20,15,6.871150866150856
98_osh,2026-01-20,20,6.871150866150856
98_osh,2026-01-20,30,6.871150866150856
98_osh,2026-01-20,40,6.871150866150856
98_osh,2026-01-20,50,6.871150866150856
98_osh,2026-01-21,5,6.78691978007555
98_osh,2026-01-21,10,6.78691978007555
98_osh,2026-01-21,15,6.78691978007555
98_osh,2026-01-21,20,6.78691978007555
98_osh,2026-01-21,30,6.78691978007555
98_osh,2026-01-21,40,6.78691978007555
98_osh,2026-01-21,50,6.787652224302292
98_osh,2026-01-22,5,6.688039809465408
98_osh,2026-01-22,10,6.688039809465408
98_osh,2026-01-22,15,6.688039809465408
98_osh,2026-01-22,20,6.688039809465408
98_osh,2026-01-22,30,6.688039809465408
98_osh,2026-01-22,40,6.68877225369215
98_osh,2026-01-22,50,6.691702030599117
98_osh,2026-01-23,5,6.56205940246582
98_osh,2026-01-23,10,6.56205940246582
98_osh,2026-01-23,15,6.56205940246582
98_osh,2026-01-23,20,6.56205940246582
98_osh,2026-01-23,30,6.56205940246582
98_osh,2026-01-23,40,6.56205940246582
98_osh,2026-01-23,50,6.563524290919304
98_osh,2026-01-24,5,6.397991895675659
98_osh,2026-01-24,10,6.397991895675659
98_osh,2026-01-24,15,6.397991895675659
98_osh,2026-01-24,20,6.397991895675659
98_osh,2026-01-24,30,6.397991895675659
98_osh,2026-01-24,40,6.397991895675659
98_osh,2026-01-24,50,6.40238656103611
98_osh,2026-01-25,5,6.152623079717159
98_osh,2026-01-25,10,6.152623079717159
98_osh,2026-01-25,15,6.152623079717159
98_osh,2026-01-25,20,6.152623079717159
98_osh,2026-01-25,30,6.152623079717159
98_osh,2026-01-25,40,6.159215077757835
98_osh,2026-01-25,50,6.233924388885498
98_osh,2026-01-26,5,5.863307610154152
98_osh,2026-01-26,10,5.863307610154152
98_osh,2026-01-26,15,5.863307610154152
98_osh,2026-01-26,20,5.863307610154152
98_osh,2026-01-26,30,5.866237387061119
98_osh,2026-01-26,40,5.979766242206097
98_osh,2026-01-26,50,6.077913768589497
98_osh,2026-01-27,5,5.464125506579876
98_osh,2026-01-27,10,5.477309502661228
98_osh,2026-01-27,15,5.496353052556515
98_osh,2026-01-27,20,5.511734381318092
98_osh,2026-01-27,30,5.716818764805794
98_osh,2026-01-27,40,5.917508482933044
98_osh,2026-01-27,50,5.967314690351486
98_osh,2026-01-28,5,4.884029679000378
98_osh,2026-01-28,10,4.89721367508173
98_osh,2026-01-28,15,5.080324731767178
98_osh,2026-01-28,20,5.157231375575066
98_osh,2026-01-28,30,5.614276573061943
98_osh,2026-01-28,40,5.812036514282227
98_osh,2026-01-28,50,5.8501236140728
98_osh,2026-01-29,5,4.066621921956539
98_osh,2026-01-29,10,4.339823618531227
98_osh,2026-01-29,15,4.886959455907345
98_osh,2026-01-29,20,5.031983412802219
98_osh,2026-01-29,30,5.417249076068401
98_osh,2026-01-29,40,5.615009017288685
98_osh,2026-01-29,50,5.734397426247597
98_osh,2026-01-30,5,3.4733420982956886
98_osh,2026-01-30,10,3.7992797791957855
98_osh,2026-01-30,15,4.656971968710423
98_osh,2026-01-30,20,4.822504363954067
98_osh,2026-01-30,30,5.188726477324963
98_osh,2026-01-30,40,5.419446408748627
98_osh,2026-01-30,50,5.630390346050263
98_osh,2026-01-31,5,3.359813243150711
98_osh,2026-01-31,10,3.494582980871201
98_osh,2026-01-31,15,4.407940931618214
98_osh,2026-01-31,20,4.626941755414009
98_osh,2026-01-31,30,5.043702520430088
98_osh,2026-01-31,40,5.333017989993095
98_osh,2026-01-31,50,5.582781471312046
98_osh,2026-02-01,5,3.320993699133396
98_osh,2026-02-01,10,3.3627430200576782
98_osh,2026-02-01,15,4.209448546171188
98_osh,2026-02-01,20,4.473128467798233
98_osh,2026-02-01,30,4.943357661366463
98_osh,2026-02-01,40,5.265633121132851
98_osh,2026-02-01,50,5.543229483067989
98_osh,2026-02-02,5,3.2916959300637245
98_osh,2026-02-02,10,3.310739479959011
98_osh,2026-02-02,15,3.942838847637177
98_osh,2026-02-02,20,4.285622745752335
98_osh,2026-02-02,30,4.843745246529579
98_osh,2026-02-02,40,5.174077592790127
98_osh,2026-02-02,50,5.472182393074036
98_osh,2026-02-03,5,3.32245858758688
98_osh,2026-02-03,10,3.324655920267105
98_osh,2026-02-03,15,3.619098499417305
98_osh,2026-02-03,20,3.978728614747524
98_osh,2026-02-03,30,4.739005722105503
98_osh,2026-02-03,40,5.07739495486021
98_osh,2026-02-03,50,5.368175312876701
98_osh,2026-02-04,5,3.364207908511162
98_osh,2026-02-04,10,3.360545687377453
98_osh,2026-02-04,15,3.446974106132984
98_osh,2026-02-04,20,3.717246025800705
98_osh,2026-02-04,30,4.59031954407692
98_osh,2026-02-04,40,4.92577899992466
98_osh,2026-02-04,50,5.174810037016869
98_osh,2026-02-05,5,3.294625706970692
98_osh,2026-02-05,10,3.3165990337729454
98_osh,2026-02-05,15,3.4462416619062424
98_osh,2026-02-05,20,3.724570468068123
98_osh,2026-02-05,30,4.500228904187679
98_osh,2026-02-05,40,4.785882152616978
98_osh,2026-02-05,50,4.980712316930294
98_osh,2026-02-06,5,3.5011749789118767
98_osh,2026-02-06,10,3.5026398673653603
98_osh,2026-02-06,15,3.531937636435032
98_osh,2026-02-06,20,3.5824762880802155
98_osh,2026-02-06,30,4.276100970804691
98_osh,2026-02-06,40,4.843745246529579
98_osh,2026-02-06,50,5.087649174034596
98_osh,2026-02-07,5,3.4345225542783737
98_osh,2026-02-07,10,3.4345225542783737
98_osh,2026-02-07,15,3.4345225542783737
98_osh,2026-02-07,20,3.4345225542783737
98_osh,2026-02-07,30,3.988982833921909
98_osh,2026-02-07,40,4.829828806221485
98_osh,2026-02-07,50,5.120609164237976
98_osh,2026-02-08,5,3.33491013944149
98_osh,2026-02-08,10,3.335642583668232
98_osh,2026-02-08,15,3.3371074721217155
98_osh,2026-02-08,20,3.3400372490286827
98_osh,2026-02-08,30,4.060029923915863
98_osh,2026-02-08,40,4.874507904052734
98_osh,2026-02-08,50,5.215826913714409
98_osh,2026-02-09,5,3.338572360575199
98_osh,2026-02-09,10,3.338572360575199
98_osh,2026-02-09,15,3.338572360575199
98_osh,2026-02-09,20,3.3400372490286827
98_osh,2026-02-09,30,4.098117023706436
98_osh,2026-02-09,40,5.000488311052322
98_osh,2026-02-09,50,5.459730841219425
98_osh,2026-02-10,5,3.422803446650505
98_osh,2026-02-10,10,3.4074221178889275
98_osh,2026-02-10,15,3.405957229435444
98_osh,2026-02-10,20,3.4147465601563454
98_osh,2026-02-10,30,3.976531282067299
98_osh,2026-02-10,40,4.891354121267796
98_osh,2026-02-10,50,5.501480162143707
98_osh,2026-02-11,5,3.4557634368538857
98_osh,2026-02-11,10,3.4557634368538857
98_osh,2026-02-11,15,3.46967987716198
98_osh,2026-02-11,20,3.4916532039642334
98_osh,2026-02-11,30,3.96041750907898
98_osh,2026-02-11,40,4.739738166332245
98_osh,2026-02-11,50,5.396008193492889
98_osh,2026-02-12,5,3.4455092176795006
98_osh,2026-02-12,10,3.4455092176795006
98_osh,2026-02-12,15,3.4455092176795006
98_osh,2026-02-12,20,3.4462416619062424
98_osh,2026-02-12,30,3.913541078567505
98_osh,2026-02-12,40,4.684072405099869
98_osh,2026-02-12,50,5.319833993911743
98_osh,2026-02-13,5,3.4147465601563454
98_osh,2026-02-13,10,3.415479004383087
98_osh,2026-02-13,15,3.419141225516796
98_osh,2026-02-13,20,3.425733223557472
98_osh,2026-02-13,30,3.8827784210443497
98_osh,2026-02-13,40,4.695059068500996
98_osh,2026-02-13,50,5.297128222882748
98_osh,2026-02-14,5,3.4169438928365707
98_osh,2026-02-14,10,3.411816783249378
98_osh,2026-02-14,15,3.4176763370633125
98_osh,2026-02-14,20,3.4359874427318573
98_osh,2026-02-14,30,3.924527741968632
98_osh,2026-02-14,40,4.667958632111549
98_osh,2026-02-14,50,5.219489134848118
98_osh,2026-02-15,5,3.4110843390226364
98_osh,2026-02-15,10,3.411816783249378
98_osh,2026-02-15,15,3.455030992627144
98_osh,2026-02-15,20,3.493118092417717
98_osh,2026-02-15,30,3.990447722375393
98_osh,2026-02-15,40,4.656971968710423
98_osh,2026-02-15,50,5.111819833517075
98_osh,2026-02-16,5,3.3275856971740723
98_osh,2026-02-16,10,3.328318141400814
98_osh,2026-02-16,15,3.3788567930459976
98_osh,2026-02-16,20,3.476271875202656
98_osh,2026-02-16,30,4.06295970082283
98_osh,2026-02-16,40,4.743400387465954
98_osh,2026-02-16,50,5.136722937226296
98_osh,2026-02-17,5,3.2807092666625977
98_osh,2026-02-17,10,3.2777794897556305
98_osh,2026-02-17,15,3.294625706970692
98_osh,2026-02-17,20,3.356883466243744
98_osh,2026-02-17,30,4.109103687107563
98_osh,2026-02-17,40,4.853999465703964
98_osh,2026-02-17,50,5.197515808045864
98_osh,2026-02-18,5,3.258003495633602
98_osh,2026-02-18,10,3.266060382127762
98_osh,2026-02-18,15,3.294625706970692
98_osh,2026-02-18,20,3.3363750278949738
98_osh,2026-02-18,30,4.056367702782154
98_osh,2026-02-18,40,4.885494567453861
98_osh,2026-02-18,50,5.193853586912155
98_osh,2026-02-19,5,3.2711874917149544
98_osh,2026-02-19,10,3.271919935941696
98_osh,2026-02-19,15,3.27338482439518
98_osh,2026-02-19,20,3.2748497128486638
98_osh,2026-02-19,30,3.9003570824861526
98_osh,2026-02-19,40,5.040040299296379
98_osh,2026-02-19,50,5.412854410707951
98_osh,2026-02-20,5,3.246284388005733
98_osh,2026-02-20,10,3.246284388005733
98_osh,2026-02-20,15,3.244087055325508
98_osh,2026-02-20,20,3.247749276459217
98_osh,2026-02-20,30,4.043183706700802
98_osh,2026-02-20,40,5.13452560454607
98_osh,2026-02-20,50,5.543229483067989
98_osh,2026-02-21,5,3.3122043684124947
98_osh,2026-02-21,10,3.2909634858369827
98_osh,2026-02-21,15,3.293160818517208
98_osh,2026-02-21,20,3.303415037691593
98_osh,2026-02-21,30,4.05856503546238
98_osh,2026-02-21,40,5.115482054650784
98_osh,2026-02-21,50,5.5556810349226
98_osh,2026-02-22,5,3.4176763370633125
98_osh,2026-02-22,10,3.380321681499481
98_osh,2026-02-22,15,3.360545687377453
98_osh,2026-02-22,20,3.3656727969646454
98_osh,2026-02-22,30,3.940641514956951
98_osh,2026-02-22,40,4.980712316930294
98_osh,2026-02-22,50,5.376232199370861
98_osh,2026-02-23,5,3.4499038830399518
98_osh,2026-02-23,10,3.4499038830399518
98_osh,2026-02-23,15,3.451368771493435
98_osh,2026-02-23,20,3.457228325307369
98_osh,2026-02-23,30,3.738486908376217
98_osh,2026-02-23,40,4.916257224977016
98_osh,2026-02-23,50,5.244392238557339
98_osh,2026-02-24,5,3.4499038830399518
98_osh,2026-02-24,10,3.448438994586468
98_osh,2026-02-24,15,3.4455092176795006
98_osh,2026-02-24,20,3.4455092176795006
98_osh,2026-02-24,30,3.7194433584809294
98_osh,2026-02-24,40,4.841547913849354
98_osh,2026-02-24,50,5.060548737645149
98_osh,2026-02-25,5,3.492385648190975
98_osh,2026-02-25,10,3.4850612059235573
98_osh,2026-02-25,15,3.478469207882881
98_osh,2026-02-25,20,3.478469207882881
98_osh,2026-02-25,30,3.873989090323448
98_osh,2026-02-25,40,4.843745246529579
98_osh,2026-02-25,50,5.029786080121994
98_osh,2026-02-26,5,3.5297403037548065
98_osh,2026-02-26,10,3.528275415301323
98_osh,2026-02-26,15,3.5260780826210976
98_osh,2026-02-26,20,3.5304727479815483
98_osh,2026-02-26,30,3.9494308456778526
98_osh,2026-02-26,40,4.807855479419231
98_osh,2026-02-26,50,5.030518524348736
98_osh,2026-02-27,5,3.5824762880802155
98_osh,2026-02-27,10,3.583208732306957
98_osh,2026-02-27,15,3.5824762880802155
98_osh,2026-02-27,20,3.5861385092139244
98_osh,2026-02-27,30,3.933317072689533
98_osh,2026-02-27,40,4.711172841489315
98_osh,2026-02-27,50,4.956541657447815
98_osh,2026-02-28,5,3.636677160859108
98_osh,2026-02-28,10,3.635944716632366
98_osh,2026-02-28,15,3.647663824260235
98_osh,2026-02-28,20,3.661580264568329
98_osh,2026-02-28,30,3.953825511038304
98_osh,2026-02-28,40,4.684072405099869
98_osh,2026-02-28,50,4.9580065459012985
98_osh,2026-03-01,5,3.9742074012756343
98_osh,2026-03-01,10,3.9791862964630127
98_osh,2026-03-01,15,3.98195219039917
98_osh,2026-03-01,20,3.982676267623901
98_osh,2026-03-01,30,3.990541696548462
98_osh,2026-03-01,40,4.203504085540772
98_osh,2026-03-01,50,4.322201728820801
98_osh,2026-03-02,5,4.03389835357666
98_osh,2026-03-02,10,4.038247585296631
98_osh,2026-03-02,15,4.040198802947998
98_osh,2026-03-02,20,4.040448188781738
98_osh,2026-03-02,30,4.044728755950928
98_osh,2026-03-02,40,4.313671588897705
98_osh,2026-03-02,50,4.473860740661621
98_osh,2026-03-03,5,4.081249237060547
98_osh,2026-03-03,10,4.08604621887207
98_osh,2026-03-03,15,4.080754280090332
98_osh,2026-03-03,20,4.079178333282471
98_osh,2026-03-03,30,4.0851006507873535
98_osh,2026-03-03,40,4.3473992347717285
98_osh,2026-03-03,50,4.535934925079346
98_osh,2026-03-04,5,3.999541521072388
98_osh,2026-03-04,10,4.070300102233887
98_osh,2026-03-04,15,4.089184284210205
98_osh,2026-03-04,20,4.091253280639648
98_osh,2026-03-04,30,4.102394104003906
98_osh,2026-03-04,40,4.2827324867248535
98_osh,2026-03-04,50,4.503228664398193
98_osh,2026-03-05,5,3.883436918258667
98_osh,2026-03-05,10,4.01339054107666
98_osh,2026-03-05,15,4.051501750946045
98_osh,2026-03-05,20,4.056519985198975
98_osh,2026-03-05,30,4.07513427734375
98_osh,2026-03-05,40,4.217468738555908
98_osh,2026-03-05,50,4.43410587310791
98_osh,2026-03-06,5,3.832573890686035
98_osh,2026-03-06,10,3.899324893951416
98_osh,2026-03-06,15,3.928053140640259
98_osh,2026-03-06,20,3.9353551864624015
98_osh,2026-03-06,30,3.971448421478272
98_osh,2026-03-06,40,4.080519199371338
98_osh,2026-03-06,50,4.286510467529297
98_osh,2026-03-07,5,3.745873212814331
98_osh,2026-03-07,10,3.748533248901367
98_osh,2026-03-07,15,3.752549171447754
98_osh,2026-03-07,20,3.754982709884644
98_osh,2026-03-07,30,3.774259328842163
98_osh,2026-03-07,40,3.794923067092896
98_osh,2026-03-07,50,4.014987468719482
98_osh,2026-03-08,5,3.5217082500457764
98_osh,2026-03-08,10,3.5261013507843018
98_osh,2026-03-08,15,3.533807277679444
98_osh,2026-03-08,20,3.5383434295654297
98_osh,2026-03-08,30,3.583805561065674
98_osh,2026-03-08,40,3.685991764068604
98_osh,2026-03-08,50,3.7543458938598633
98_osh,2026-03-09,5,3.3744921684265137
98_osh,2026-03-09,10,3.418790102005005
98_osh,2026-03-09,15,3.4575717449188232
98_osh,2026-03-09,20,3.4671921730041504
98_osh,2026-03-09,30,3.572018623352051
98_osh,2026-03-09,40,3.67648720741272
98_osh,2026-03-09,50,3.8065345287323
98_osh,2026-03-10,5,3.270793199539185
98_osh,2026-03-10,10,3.423792600631714
98_osh,2026-03-10,15,3.4482524394989014
98_osh,2026-03-10,20,3.4591214656829834
98_osh,2026-03-10,30,3.531137704849243
98_osh,2026-03-10,40,3.654008865356445
98_osh,2026-03-10,50,3.8353428840637207
98_osh,2026-03-11,5,3.267420053482056
98_osh,2026-03-11,10,3.372960329055786
98_osh,2026-03-11,15,3.435152053833008
98_osh,2026-03-11,20,3.4325852394104004
98_osh,2026-03-11,30,3.4674835205078125
98_osh,2026-03-11,40,3.612067461013794
98_osh,2026-03-11,50,3.8016159534454346
98_osh,2026-03-12,5,3.2289726734161377
98_osh,2026-03-12,10,3.23220443725586
98_osh,2026-03-12,15,3.2613203525543213
98_osh,2026-03-12,20,3.2975049018859863
98_osh,2026-03-12,30,3.4298205375671387
98_osh,2026-03-12,40,3.613860845565796
98_osh,2026-03-12,50,3.828947544097901
98_osh,2026-03-13,5,3.148390769958496
98_osh,2026-03-13,10,3.148973226547241
98_osh,2026-03-13,15,3.185638904571533
98_osh,2026-03-13,20,3.255131721496582
98_osh,2026-03-13,30,3.379899024963379
98_osh,2026-03-13,40,3.628448009490967
98_osh,2026-03-13,50,3.879492044448853
98_osh,2026-03-14,5,3.2619194984436035
98_osh,2026-03-14,10,3.252751350402832
98_osh,2026-03-14,15,3.241987943649292
98_osh,2026-03-14,20,3.2754783630371094
98_osh,2026-03-14,30,3.314626932144165
98_osh,2026-03-14,40,3.587761640548706
98_osh,2026-03-14,50,3.883167505264282
98_osh,2026-03-15,5,3.419123649597168
98_osh,2026-03-15,10,3.340000629425049
98_osh,2026-03-15,15,3.2684123516082764
98_osh,2026-03-15,20,3.2593235969543457
98_osh,2026-03-15,30,3.253160238265991
98_osh,2026-03-15,40,3.55622673034668
98_osh,2026-03-15,50,3.863306760787964
98_osh,2026-03-16,5,3.476734399795532
98_osh,2026-03-16,10,3.445270776748657
98_osh,2026-03-16,15,3.2495906352996826
98_osh,2026-03-16,20,3.2094342708587646
98_osh,2026-03-16,30,3.201026678085327
98_osh,2026-03-16,40,3.510294914245605
98_osh,2026-03-16,50,3.814866542816162
98_osh,2026-03-17,5,3.52875018119812
98_osh,2026-03-17,10,3.500030994415283
98_osh,2026-03-17,15,3.290523767471313
98_osh,2026-03-17,20,3.2272660732269287
98_osh,2026-03-17,30,3.1716644763946533
98_osh,2026-03-17,40,3.489463329315185
98_osh,2026-03-17,50,3.822890996932984
98_osh,2026-03-18,5,3.5947844982147217
98_osh,2026-03-18,10,3.571962356567383
98_osh,2026-03-18,15,3.337519645690918
98_osh,2026-03-18,20,3.2659592628479004
98_osh,2026-03-18,30,3.1720223426818848
98_osh,2026-03-18,40,3.4465739727020264
98_osh,2026-03-18,50,3.81321382522583
98_osh,2026-03-19,5,3.617321252822876
98_osh,2026-03-19,10,3.608335733413696
98_osh,2026-03-19,15,3.4280219078063965
98_osh,2026-03-19,20,3.337881326675415
98_osh,2026-03-19,30,3.200385093688965
98_osh,2026-03-19,40,3.3881995677948
98_osh,2026-03-19,50,3.713107109069824
98_osh,2026-03-20,5,3.59833025932312
98_osh,2026-03-20,10,3.579166412353516
98_osh,2026-03-20,15,3.5166656970977783
98_osh,2026-03-20,20,3.44008207321167
98_osh,2026-03-20,30,3.2387545108795166
98_osh,2026-03-20,40,3.344955444335937
98_osh,2026-03-20,50,3.535363912582397
98_osh,2026-03-21,5,3.520516872406006
98_osh,2026-03-21,10,3.5206408500671387
98_osh,2026-03-21,15,3.5218794345855717
98_osh,2026-03-21,20,3.526798725128174
98_osh,2026-03-21,30,3.361193895339966
98_osh,2026-03-21,40,3.4046030044555664
98_osh,2026-03-21,50,3.580016613006592
98_osh,2026-03-22,5,3.76873779296875
98_osh,2026-03-22,10,3.625070810317993
98_osh,2026-03-22,15,3.589905261993408
98_osh,2026-03-22,20,3.610031843185425
98_osh,2026-03-22,30,3.4284701347351074
98_osh,2026-03-22,40,3.455371856689453
98_osh,2026-03-22,50,3.647082090377808
98_osh,2026-03-23,5,3.83887791633606
98_osh,2026-03-23,10,3.7727553844451904
98_osh,2026-03-23,15,3.668483257293701
98_osh,2026-03-23,20,3.664650440216065
98_osh,2026-03-23,30,3.4691710472106934
98_osh,2026-03-23,40,3.4804000854492188
98_osh,2026-03-23,50,3.643856048583984
98_osh,2026-03-24,5,3.974488496780396
98_osh,2026-03-24,10,3.901590347290039
98_osh,2026-03-24,15,3.7378876209259033
98_osh,2026-03-24,20,3.715514898300171
98_osh,2026-03-24,30,3.515494108200073
98_osh,2026-03-24,40,3.4751501083374023
98_osh,2026-03-24,50,3.557777166366577
98_osh,2026-03-25,5,4.08434534072876
98_osh,2026-03-25,10,3.994199514389038
98_osh,2026-03-25,15,3.762701988220215
98_osh,2026-03-25,20,3.723755359649658
98_osh,2026-03-25,30,3.536433219909668
98_osh,2026-03-25,40,3.4679267406463623
98_osh,2026-03-25,50,3.5025744438171387
98_osh,2026-03-26,5,4.288190841674805
98_osh,2026-03-26,10,4.1338653564453125
98_osh,2026-03-26,15,3.8053348064422607
98_osh,2026-03-26,20,3.721329927444458
98_osh,2026-03-26,30,3.5425853729248047
98_osh,2026-03-26,40,3.4493422508239746
98_osh,2026-03-26,50,3.460318088531494
98_osh,2026-03-27,5,4.313928127288818
98_osh,2026-03-27,10,4.29641056060791
98_osh,2026-03-27,15,3.9827942848205566
98_osh,2026-03-27,20,3.8200230598449703
98_osh,2026-03-27,30,3.561631917953491
98_osh,2026-03-27,40,3.4391403198242188
98_osh,2026-03-27,50,3.4172112941741943
98_osh,2026-03-28,5,4.406609535217285
98_osh,2026-03-28,10,4.339280605316162
98_osh,2026-03-28,15,4.008286952972412
98_osh,2026-03-28,20,3.839640855789185
98_osh,2026-03-28,30,3.5646679401397705
98_osh,2026-03-28,40,3.411501407623291
98_osh,2026-03-28,50,3.4054715633392334
98_osh,2026-03-29,5,4.522892951965332
98_osh,2026-03-29,10,4.352324962615967
98_osh,2026-03-29,15,4.023696899414063
98_osh,2026-03-29,20,3.87536358833313
98_osh,2026-03-29,30,3.565523624420166
98_osh,2026-03-29,40,3.420414924621582
98_osh,2026-03-29,50,3.414113998413086
98_osh,2026-03-30,5,4.797027111053467
98_osh,2026-03-30,10,4.488061428070068
98_osh,2026-03-30,15,4.055083751678467
98_osh,2026-03-30,20,3.929192781448364
98_osh,2026-03-30,30,3.596611261367798
98_osh,2026-03-30,40,3.450989246368408
98_osh,2026-03-30,50,3.4265408515930176
98_osh,2026-03-31,5,4.820429801940918
98_osh,2026-03-31,10,4.526831150054932
98_osh,2026-03-31,15,4.102393627166748
98_osh,2026-03-31,20,3.9815189838409424
98_osh,2026-03-31,30,3.635663270950317
98_osh,2026-03-31,40,3.4806554317474365
98_osh,2026-03-31,50,3.4374749660491943
98_osh,2026-04-01,5,4.949109077453613
98_osh,2026-04-01,10,4.658483505249023
98_osh,2026-04-01,15,4.150919437408447
98_osh,2026-04-01,20,4.015039920806885
98_osh,2026-04-01,30,3.66246485710144
98_osh,2026-04-01,40,3.501407623291016
98_osh,2026-04-01,50,3.447336435317993
98_osh,2026-04-02,5,5.081388473510742
98_osh,2026-04-02,10,4.767601013183594
98_osh,2026-04-02,15,4.1933183670043945
98_osh,2026-04-02,20,4.043905735015869
98_osh,2026-04-02,30,3.679696083068848
98_osh,2026-04-02,40,3.515359878540039
98_osh,2026-04-02,50,3.4557104110717773
98_osh,2026-04-03,5,5.1776957511901855
98_osh,2026-04-03,10,4.79600715637207
98_osh,2026-04-03,15,4.181125164031982
98_osh,2026-04-03,20,4.0418877601623535
98_osh,2026-04-03,30,3.696312665939331
98_osh,2026-04-03,40,3.537405490875244
98_osh,2026-04-03,50,3.4699182510375977
98_osh,2026-04-04,5,5.430995941162109
98_osh,2026-04-04,10,4.867546081542969
98_osh,2026-04-04,15,4.243617057800293
98_osh,2026-04-04,20,4.094171047210693
98_osh,2026-04-04,30,3.732302904129028
98_osh,2026-04-04,40,3.5618162155151367
98_osh,2026-04-04,50,3.4877612590789795
98_osh,2026-04-05,5,5.684811592102051
98_osh,2026-04-05,10,5.051727294921875
98_osh,2026-04-05,15,4.324240207672119
98_osh,2026-04-05,20,4.135714530944824
98_osh,2026-04-05,30,3.760779857635498
98_osh,2026-04-05,40,3.580505132675171
98_osh,2026-04-05,50,3.5100245475769043
98_osh,2026-04-06,5,5.569911003112793
98_osh,2026-04-06,10,5.358906269073486
98_osh,2026-04-06,15,4.933940410614014
98_osh,2026-04-06,20,4.709949016571045
98_osh,2026-04-06,30,3.937549591064453
98_osh,2026-04-06,40,3.65838623046875
98_osh,2026-04-06,50,3.555836677551269
98_osh,2026-04-07,5,5.4728546142578125
98_osh,2026-04-07,10,5.393254280090332
98_osh,2026-04-07,15,5.242485523223877
98_osh,2026-04-07,20,5.082587718963623
98_osh,2026-04-07,30,4.129076957702637
98_osh,2026-04-07,40,3.721489191055298
98_osh,2026-04-07,50,3.5993072986602783
98_osh,2026-04-08,5,5.694523334503174
98_osh,2026-04-08,10,5.600930213928223
98_osh,2026-04-08,15,5.1540398597717285
98_osh,2026-04-08,20,4.952086448669434
98_osh,2026-04-08,30,4.137034893035889
98_osh,2026-04-08,40,3.717051506042481
98_osh,2026-04-08,50,3.604859590530396
98_osh,2026-04-09,5,6.082198143005371
98_osh,2026-04-09,10,5.804219722747803
98_osh,2026-04-09,15,4.933196544647217
98_osh,2026-04-09,20,4.727444171905518
98_osh,2026-04-09,30,3.990643739700317
98_osh,2026-04-09,40,3.636044025421143
98_osh,2026-04-09,50,3.550017833709717
98_osh,2026-04-10,5,5.926549434661865
98_osh,2026-04-10,10,5.716564655303955
98_osh,2026-04-10,15,5.041943073272705
98_osh,2026-04-10,20,4.784209728240967
98_osh,2026-04-10,30,4.031062126159668
98_osh,2026-04-10,40,3.638089179992676
98_osh,2026-04-10,50,3.529210329055786
98_osh,2026-04-11,5,5.714399814605713
98_osh,2026-04-11,10,5.667129039764404
98_osh,2026-04-11,15,5.065895080566406
98_osh,2026-04-11,20,4.7185258865356445
98_osh,2026-04-11,30,3.772619009017944
98_osh,2026-04-11,40,3.547966241836548
98_osh,2026-04-11,50,3.494093894958496
98_osh,2026-04-12,5,5.732551574707031
98_osh,2026-04-12,10,5.702516078948975
98_osh,2026-04-12,15,4.870738506317139
98_osh,2026-04-12,20,4.574179649353027
98_osh,2026-04-12,30,3.675024032592773
98_osh,2026-04-12,40,3.4962158203125
98_osh,2026-04-12,50,3.472529888153076
98_osh,2026-04-13,5,5.816412925720215
98_osh,2026-04-13,10,5.742510318756104
98_osh,2026-04-13,15,4.791576385498047
98_osh,2026-04-13,20,4.472089767456055
98_osh,2026-04-13,30,3.60435938835144
98_osh,2026-04-13,40,3.459990978240967
98_osh,2026-04-13,50,3.477371454238892
98_osh,2026-04-14,5,5.884978771209717
98_osh,2026-04-14,10,5.6293816566467285
98_osh,2026-04-14,15,4.849245548248291
98_osh,2026-04-14,20,4.528831005096436
98_osh,2026-04-14,30,3.5876471996307373
98_osh,2026-04-14,40,3.4386684894561768
98_osh,2026-04-14,50,3.493116855621338
98_osh,2026-04-15,5,5.951620578765869
98_osh,2026-04-15,10,5.559031486511231
98_osh,2026-04-15,15,4.88740873336792
98_osh,2026-04-15,20,4.578339099884033
98_osh,2026-04-15,30,3.5717203617095947
98_osh,2026-04-15,40,3.422139883041382
98_osh,2026-04-15,50,3.496772050857544
98_osh,2026-04-16,5,6.040386199951172
98_osh,2026-04-16,10,5.6735429763793945
98_osh,2026-04-16,15,4.986653327941895
98_osh,2026-04-16,20,4.665225982666016
98_osh,2026-04-16,30,3.617418527603149
98_osh,2026-04-16,40,3.4015188217163086
98_osh,2026-04-16,50,3.471399545669556
98_osh,2026-04-17,5,6.35763692855835
98_osh,2026-04-17,10,5.780457019805908
98_osh,2026-04-17,15,5.028985500335693
98_osh,2026-04-17,20,4.715170383453369
98_osh,2026-04-17,30,3.6454381942749023
98_osh,2026-04-17,40,3.3791184425354004
98_osh,2026-04-17,50,3.4444475173950195
98_osh,2026-04-18,5,6.784748554229736
98_osh,2026-04-18,10,5.730410099029541
98_osh,2026-04-18,15,4.932730197906494
98_osh,2026-04-18,20,4.642775058746338
98_osh,2026-04-18,30,3.630982875823975
98_osh,2026-04-18,40,3.359126567840576
98_osh,2026-04-18,50,3.429055690765381
98_osh,2026-04-19,5,7.140159130096436
98_osh,2026-04-19,10,5.930734157562256
98_osh,2026-04-19,15,4.916491508483887
98_osh,2026-04-19,20,4.620220184326172
98_osh,2026-04-19,30,3.626041173934937
98_osh,2026-04-19,40,3.343261480331421
98_osh,2026-04-19,50,3.407029390335083
98_osh,2026-04-20,5,6.953537940979004
98_osh,2026-04-20,10,6.674028873443604
98_osh,2026-04-20,15,5.568938255310059
98_osh,2026-04-20,20,5.1236186027526855
98_osh,2026-04-20,30,3.7991812229156494
98_osh,2026-04-20,40,3.3533053398132324
98_osh,2026-04-20,50,3.3927996158599854
98_osh,2026-04-21,5,6.819272041320801
98_osh,2026-04-21,10,6.786194801330566
98_osh,2026-04-21,15,5.7863945960998535
98_osh,2026-04-21,20,5.258536815643311
98_osh,2026-04-21,30,3.836899995803833
98_osh,2026-04-21,40,3.356329917907715
98_osh,2026-04-21,50,3.3979220390319824
98_osh,2026-04-22,5,7.022118091583252
98_osh,2026-04-22,10,6.714507102966309
98_osh,2026-04-22,15,5.750542163848877
98_osh,2026-04-22,20,5.316417217254639
98_osh,2026-04-22,30,3.759538412094116
98_osh,2026-04-22,40,3.335873603820801
98_osh,2026-04-22,50,3.33805513381958
98_osh,2026-04-23,5,7.11020040512085
98_osh,2026-04-23,10,6.6277594566345215
98_osh,2026-04-23,15,5.7433013916015625
98_osh,2026-04-23,20,5.295787811279297
98_osh,2026-04-23,30,3.819823265075684
98_osh,2026-04-23,40,3.349530935287476
98_osh,2026-04-23,50,3.378582000732422
98_osh,2026-04-24,5,7.010315418243408
98_osh,2026-04-24,10,6.693011283874512
98_osh,2026-04-24,15,5.788719654083252
98_osh,2026-04-24,20,5.329660892486572
98_osh,2026-04-24,30,3.8065879344940186
98_osh,2026-04-24,40,3.366060733795166
98_osh,2026-04-24,50,3.5054678916931152
98_osh,2026-04-25,5,7.147731304168701
98_osh,2026-04-25,10,6.9107513427734375
98_osh,2026-04-25,15,5.912643432617188
98_osh,2026-04-25,20,5.392520904541016
98_osh,2026-04-25,30,3.78712797164917
98_osh,2026-04-25,40,3.393359422683716
98_osh,2026-04-25,50,3.5911436080932617
98_osh,2026-04-26,5,7.381904125213623
98_osh,2026-04-26,10,7.078546047210693
98_osh,2026-04-26,15,6.080594062805176
98_osh,2026-04-26,20,5.554721832275391
98_osh,2026-04-26,30,3.8220953941345215
98_osh,2026-04-26,40,3.417893648147583
98_osh,2026-04-26,50,3.611607074737549
98_osh,2026-04-27,5,7.642621040344238
98_osh,2026-04-27,10,7.137566089630127
98_osh,2026-04-27,15,6.147873401641846
98_osh,2026-04-27,20,5.64524507522583
98_osh,2026-04-27,30,3.8130154609680176
98_osh,2026-04-27,40,3.4416136741638184
98_osh,2026-04-27,50,3.6221539974212646
98_osh,2026-04-28,5,7.73470401763916
98_osh,2026-04-28,10,7.502802848815918
98_osh,2026-04-28,15,6.13082218170166
98_osh,2026-04-28,20,5.613507270812988
98_osh,2026-04-28,30,3.8217287063598633
98_osh,2026-04-28,40,3.476999044418335
98_osh,2026-04-28,50,3.663635015487671
98_osh,2026-04-29,5,7.908812046051025
98_osh,2026-04-29,10,7.659464359283447
98_osh,2026-04-29,15,6.310389041900635
98_osh,2026-04-29,20,5.742885112762451
98_osh,2026-04-29,30,3.86126708984375
98_osh,2026-04-29,40,3.5256130695343018
98_osh,2026-04-29,50,3.729873180389404
98_osh,2026-04-30,5,8.269462585449219
98_osh,2026-04-30,10,7.75300407409668
98_osh,2026-04-30,15,6.397274494171143
98_osh,2026-04-30,20,5.794084548950195
98_osh,2026-04-30,30,3.905824899673462
98_osh,2026-04-30,40,3.575958490371704
98_osh,2026-04-30,50,3.8048112392425537
98_osh,2026-05-01,5,8.635945320129395
98_osh,2026-05-01,10,7.930772304534912
98_osh,2026-05-01,15,6.618375778198242
98_osh,2026-05-01,20,5.945986747741699
98_osh,2026-05-01,30,3.991443634033203
98_osh,2026-05-01,40,3.6021299362182617
98_osh,2026-05-01,50,3.8356738090515137
98_osh,2026-05-02,5,8.763153076171875
98_osh,2026-05-02,10,7.988232612609863
98_osh,2026-05-02,15,6.597626209259033
98_osh,2026-05-02,20,5.923586845397949
98_osh,2026-05-02,30,4.013329982757568
98_osh,2026-05-02,40,3.6179144382476807
98_osh,2026-05-02,50,3.832810878753662
98_osh,2026-05-03,5,8.870942115783691
98_osh,2026-05-03,10,7.6646599769592285
98_osh,2026-05-03,15,6.113232612609863
98_osh,2026-05-03,20,5.46568489074707
98_osh,2026-05-03,30,3.89370322227478
98_osh,2026-05-03,40,3.637575626373291
98_osh,2026-05-03,50,3.8165442943573
