Site,Date,Depth,Temp
99_sik,2020-01-01,5,8.113376274704933
99_sik,2020-01-01,10,8.113376274704933
99_sik,2020-01-01,15,8.113376274704933
99_sik,2020-01-01,20,8.113376274704933
99_sik,2020-01-01,30,8.113376274704933
99_sik,2020-01-01,40,8.113376274704933
99_sik,2020-01-01,50,8.115573607385159
99_sik,2020-01-01,65,8.115573607385159
99_sik,2020-01-01,80,8.130954936146736
99_sik,2020-01-02,5,7.973479427397251
99_sik,2020-01-02,10,7.973479427397251
99_sik,2020-01-02,15,7.973479427397251
99_sik,2020-01-02,20,7.973479427397251
99_sik,2020-01-02,30,7.973479427397251
99_sik,2020-01-02,40,7.973479427397251
99_sik,2020-01-02,50,7.974944315850735
99_sik,2020-01-02,65,7.974944315850735
99_sik,2020-01-02,80,7.993255421519279
99_sik,2020-01-03,5,7.871669679880142
99_sik,2020-01-03,10,7.871669679880142
99_sik,2020-01-03,15,7.871669679880142
99_sik,2020-01-03,20,7.871669679880142
99_sik,2020-01-03,30,7.871669679880142
99_sik,2020-01-03,40,7.871669679880142
99_sik,2020-01-03,50,7.872402124106884
99_sik,2020-01-03,65,7.872402124106884
99_sik,2020-01-03,80,7.888515897095203
99_sik,2020-01-04,5,7.759605713188648
99_sik,2020-01-04,10,7.759605713188648
99_sik,2020-01-04,15,7.759605713188648
99_sik,2020-01-04,20,7.759605713188648
99_sik,2020-01-04,30,7.759605713188648
99_sik,2020-01-04,40,7.759605713188648
99_sik,2020-01-04,50,7.759605713188648
99_sik,2020-01-04,65,7.759605713188648
99_sik,2020-01-04,80,7.778649263083935
99_sik,2020-01-05,5,7.6468093022704124
99_sik,2020-01-05,10,7.6468093022704124
99_sik,2020-01-05,15,7.6468093022704124
99_sik,2020-01-05,20,7.6468093022704124
99_sik,2020-01-05,30,7.647541746497154
99_sik,2020-01-05,40,7.647541746497154
99_sik,2020-01-05,50,7.647541746497154
99_sik,2020-01-05,65,7.647541746497154
99_sik,2020-01-05,80,7.663655519485474
99_sik,2020-01-06,5,7.509842231869698
99_sik,2020-01-06,10,7.509842231869698
99_sik,2020-01-06,15,7.509842231869698
99_sik,2020-01-06,20,7.509842231869698
99_sik,2020-01-06,30,7.509842231869698
99_sik,2020-01-06,40,7.509842231869698
99_sik,2020-01-06,50,7.509842231869698
99_sik,2020-01-06,65,7.510574676096439
99_sik,2020-01-06,80,7.538407556712627
99_sik,2020-01-07,5,7.418286703526974
99_sik,2020-01-07,10,7.418286703526974
99_sik,2020-01-07,15,7.418286703526974
99_sik,2020-01-07,20,7.418286703526974
99_sik,2020-01-07,30,7.41682181507349
99_sik,2020-01-07,40,7.415356926620007
99_sik,2020-01-07,50,7.415356926620007
99_sik,2020-01-07,65,7.415356926620007
99_sik,2020-01-07,80,7.45344402641058
99_sik,2020-01-08,5,7.297433406114578
99_sik,2020-01-08,10,7.300363183021545
99_sik,2020-01-08,15,7.304025404155254
99_sik,2020-01-08,20,7.306955181062221
99_sik,2020-01-08,30,7.325266286730766
99_sik,2020-01-08,40,7.331858284771442
99_sik,2020-01-08,50,7.332590728998184
99_sik,2020-01-08,65,7.364085830748081
99_sik,2020-01-08,80,7.384594269096851
99_sik,2020-01-09,5,7.078432582318783
99_sik,2020-01-09,10,7.078432582318783
99_sik,2020-01-09,15,7.094546355307102
99_sik,2020-01-09,20,7.129703678190708
99_sik,2020-01-09,30,7.186101883649826
99_sik,2020-01-09,40,7.221991650760174
99_sik,2020-01-09,50,7.250556975603104
99_sik,2020-01-09,65,7.362620942294598
99_sik,2020-01-09,80,7.344309836626053
99_sik,2020-01-10,5,6.258827492594719
99_sik,2020-01-10,10,6.3269448056817055
99_sik,2020-01-10,15,6.474898539483547
99_sik,2020-01-10,20,6.545945629477501
99_sik,2020-01-10,30,6.866023756563664
99_sik,2020-01-10,40,6.972228169441223
99_sik,2020-01-10,50,7.104800574481487
99_sik,2020-01-10,65,7.403637818992138
99_sik,2020-01-10,80,7.307687625288963
99_sik,2020-01-11,5,4.682607516646385
99_sik,2020-01-11,10,5.063478514552116
99_sik,2020-01-11,15,5.631855234503746
99_sik,2020-01-11,20,5.8193609565496445
99_sik,2020-01-11,30,6.403119005262852
99_sik,2020-01-11,40,6.923886850476265
99_sik,2020-01-11,50,7.090151689946652
99_sik,2020-01-11,65,7.541337333619595
99_sik,2020-01-11,80,7.334055617451668
99_sik,2020-01-12,5,3.703329585492611
99_sik,2020-01-12,10,4.16110722720623
99_sik,2020-01-12,15,4.99536120146513
99_sik,2020-01-12,20,5.168950483202934
99_sik,2020-01-12,30,5.746116533875465
99_sik,2020-01-12,40,6.729056686162949
99_sik,2020-01-12,50,6.940733067691326
99_sik,2020-01-12,65,7.5904110968112946
99_sik,2020-01-12,80,7.3208716213703156
99_sik,2020-01-13,5,3.709921583533287
99_sik,2020-01-13,10,3.942838847637177
99_sik,2020-01-13,15,4.739005722105503
99_sik,2020-01-13,20,4.998290978372097
99_sik,2020-01-13,30,5.48609883338213
99_sik,2020-01-13,40,6.74590290337801
99_sik,2020-01-13,50,6.994201496243477
99_sik,2020-01-13,65,7.60066531598568
99_sik,2020-01-13,80,7.29010896384716
99_sik,2020-01-14,5,3.933317072689533
99_sik,2020-01-14,10,4.29587696492672
99_sik,2020-01-14,15,5.113284721970558
99_sik,2020-01-14,20,5.314706884324551
99_sik,2020-01-14,30,5.812036514282227
99_sik,2020-01-14,40,6.762016676366329
99_sik,2020-01-14,50,7.047669924795628
99_sik,2020-01-14,65,7.593340873718262
99_sik,2020-01-14,80,7.303292959928513
99_sik,2020-01-15,5,4.224097430706024
99_sik,2020-01-15,10,4.990966536104679
99_sik,2020-01-15,15,5.459730841219425
99_sik,2020-01-15,20,5.614276573061943
99_sik,2020-01-15,30,6.201696842908859
99_sik,2020-01-15,40,6.72978913038969
99_sik,2020-01-15,50,6.943662844598293
99_sik,2020-01-15,65,7.525956004858017
99_sik,2020-01-15,80,7.289376519620418
99_sik,2020-01-16,5,4.173558779060841
99_sik,2020-01-16,10,4.675283074378967
99_sik,2020-01-16,15,5.427503295242786
99_sik,2020-01-16,20,5.701437436044216
99_sik,2020-01-16,30,6.632374048233032
99_sik,2020-01-16,40,6.857966870069504
99_sik,2020-01-16,50,6.9465926215052605
99_sik,2020-01-16,65,7.378734715282917
99_sik,2020-01-16,80,7.230780981481075
99_sik,2020-01-17,5,3.6425367146730414
99_sik,2020-01-17,10,4.0724814757704735
99_sik,2020-01-17,15,5.195318475365639
99_sik,2020-01-17,20,5.631855234503746
99_sik,2020-01-17,30,6.721732243895531
99_sik,2020-01-17,40,6.918027296662331
99_sik,2020-01-17,50,6.989074386656284
99_sik,2020-01-17,65,7.276192523539066
99_sik,2020-01-17,80,7.110660128295422
99_sik,2020-01-18,5,3.7040620297193527
99_sik,2020-01-18,10,4.205786325037479
99_sik,2020-01-18,15,5.139652714133263
99_sik,2020-01-18,20,5.329355768859386
99_sik,2020-01-18,30,6.388470120728016
99_sik,2020-01-18,40,6.8030335530638695
99_sik,2020-01-18,50,6.837458431720734
99_sik,2020-01-18,65,7.168523222208023
99_sik,2020-01-18,80,6.981749944388866
99_sik,2020-01-19,5,3.517288751900196
99_sik,2020-01-19,10,4.217505432665348
99_sik,2020-01-19,15,4.982177205383778
99_sik,2020-01-19,20,5.106692723929882
99_sik,2020-01-19,30,5.730002760887146
99_sik,2020-01-19,40,6.43095188587904
99_sik,2020-01-19,50,6.684377588331699
99_sik,2020-01-19,65,7.044007703661919
99_sik,2020-01-19,80,6.907773077487946
99_sik,2020-01-20,5,2.63542590290308
99_sik,2020-01-20,10,3.3759270161390305
99_sik,2020-01-20,15,4.389629825949669
99_sik,2020-01-20,20,4.652577303349972
99_sik,2020-01-20,30,5.306649997830391
99_sik,2020-01-20,40,6.003204457461834
99_sik,2020-01-20,50,6.602343834936619
99_sik,2020-01-20,65,6.9568468406796455
99_sik,2020-01-20,80,6.826471768319607
99_sik,2020-01-21,5,2.0245674178004265
99_sik,2020-01-21,10,2.4098330810666084
99_sik,2020-01-21,15,3.528275415301323
99_sik,2020-01-21,20,3.920133076608181
99_sik,2020-01-21,30,5.034180745482445
99_sik,2020-01-21,40,5.540299706161022
99_sik,2020-01-21,50,6.201696842908859
99_sik,2020-01-21,65,6.930478848516941
99_sik,2020-01-21,80,6.754692234098911
99_sik,2020-01-22,5,2.2384411320090294
99_sik,2020-01-22,10,2.4786828383803368
99_sik,2020-01-22,15,3.2418897226452827
99_sik,2020-01-22,20,3.5934629514813423
99_sik,2020-01-22,30,4.554429776966572
99_sik,2020-01-22,40,5.297860667109489
99_sik,2020-01-22,50,5.803247183561325
99_sik,2020-01-22,65,6.840388208627701
99_sik,2020-01-22,80,6.723197132349014
99_sik,2020-01-23,5,2.2516251280903816
99_sik,2020-01-23,10,2.715994767844677
99_sik,2020-01-23,15,3.2982879281044006
99_sik,2020-01-23,20,3.613971389830113
99_sik,2020-01-23,30,4.636463530361652
99_sik,2020-01-23,40,5.211432248353958
99_sik,2020-01-23,50,5.710226766765118
99_sik,2020-01-23,65,6.777398005127907
99_sik,2020-01-23,80,6.712210468947887
99_sik,2020-01-24,5,2.2128055840730667
99_sik,2020-01-24,10,2.314615331590176
99_sik,2020-01-24,15,2.795831188559532
99_sik,2020-01-24,20,3.1627857461571693
99_sik,2020-01-24,30,4.517807565629482
99_sik,2020-01-24,40,5.129398494958878
99_sik,2020-01-24,50,5.532242819666863
99_sik,2020-01-24,65,6.720999799668789
99_sik,2020-01-24,80,6.707815803587437
99_sik,2020-01-25,5,2.0318918600678444
99_sik,2020-01-25,10,2.033356748521328
99_sik,2020-01-25,15,2.260414458811283
99_sik,2020-01-25,20,2.5782952532172203
99_sik,2020-01-25,30,4.130344569683075
99_sik,2020-01-25,40,5.037842966616154
99_sik,2020-01-25,50,5.2766197845339775
99_sik,2020-01-25,65,6.493209645152092
99_sik,2020-01-25,80,6.677785590291023
99_sik,2020-01-26,5,2.043610967695713
99_sik,2020-01-26,10,2.0516678541898727
99_sik,2020-01-26,15,2.3746757581830025
99_sik,2020-01-26,20,2.646412566304207
99_sik,2020-01-26,30,3.9809259474277496
99_sik,2020-01-26,40,4.916257224977016
99_sik,2020-01-26,50,5.127201162278652
99_sik,2020-01-26,65,6.322550140321255
99_sik,2020-01-26,80,6.630176715552807
99_sik,2020-01-27,5,2.022370085120201
99_sik,2020-01-27,10,2.069978959858417
99_sik,2020-01-27,15,2.428144186735153
99_sik,2020-01-27,20,2.695486329495907
99_sik,2020-01-27,30,4.092989914119244
99_sik,2020-01-27,40,4.83568836003542
99_sik,2020-01-27,50,5.09350872784853
99_sik,2020-01-27,65,6.280068375170231
99_sik,2020-01-27,80,6.586230061948299
99_sik,2020-01-28,5,2.422284632921219
99_sik,2020-01-28,10,2.4369335174560547
99_sik,2020-01-28,15,2.572435699403286
99_sik,2020-01-28,20,2.7028107717633247
99_sik,2020-01-28,30,3.979461058974266
99_sik,2020-01-28,40,4.7968688160181046
99_sik,2020-01-28,50,5.17554248124361
99_sik,2020-01-28,65,6.422162555158138
99_sik,2020-01-28,80,6.56205940246582
99_sik,2020-01-29,5,2.758476532995701
99_sik,2020-01-29,10,2.7804498597979546
99_sik,2020-01-29,15,2.8221991807222366
99_sik,2020-01-29,20,2.8500320613384247
99_sik,2020-01-29,30,3.1942808479070663
99_sik,2020-01-29,40,4.541978225111961
99_sik,2020-01-29,50,5.278817117214203
99_sik,2020-01-29,65,6.732718907296658
99_sik,2020-01-29,80,6.562791846692562
99_sik,2020-01-30,5,1.99746698141098
99_sik,2020-01-30,10,2.2355113551020622
99_sik,2020-01-30,15,2.4054384157061577
99_sik,2020-01-30,20,2.435468629002571
99_sik,2020-01-30,30,3.1517990827560425
99_sik,2020-01-30,40,4.61522264778614
99_sik,2020-01-30,50,5.097170948982239
99_sik,2020-01-30,65,6.871883310377598
99_sik,2020-01-30,80,6.647022932767868
99_sik,2020-01-31,5,1.427625373005867
99_sik,2020-01-31,10,1.7433088347315788
99_sik,2020-01-31,15,2.1058687269687653
99_sik,2020-01-31,20,2.168126486241817
99_sik,2020-01-31,30,3.101260431110859
99_sik,2020-01-31,40,4.610095538198948
99_sik,2020-01-31,50,4.745597720146179
99_sik,2020-01-31,65,6.580370508134365
99_sik,2020-01-31,80,6.670461148023605
99_sik,2020-02-01,5,1.4444715902209282
99_sik,2020-02-01,10,1.7755363807082176
99_sik,2020-02-01,15,2.1124607250094414
99_sik,2020-02-01,20,2.172521151602268
99_sik,2020-02-01,30,2.904232934117317
99_sik,2020-02-01,40,4.156712561845779
99_sik,2020-02-01,50,4.413800485432148
99_sik,2020-02-01,65,6.270546600222588
99_sik,2020-02-01,80,6.625782050192356
99_sik,2020-02-02,5,1.4430067017674446
99_sik,2020-02-02,10,1.679586187005043
99_sik,2020-02-02,15,2.1366313844919205
99_sik,2020-02-02,20,2.3395184352993965
99_sik,2020-02-02,30,3.031678229570389
99_sik,2020-02-02,40,4.084933027625084
99_sik,2020-02-02,50,4.173558779060841
99_sik,2020-02-02,65,5.949736028909683
99_sik,2020-02-02,80,6.553270071744919
99_sik,2020-02-03,5,1.2994476333260536
99_sik,2020-02-03,10,1.4862209111452105
99_sik,2020-02-03,15,1.9754936546087265
99_sik,2020-02-03,20,2.2098758071660995
99_sik,2020-02-03,30,3.1137119829654694
99_sik,2020-02-03,40,3.9772637262940407
99_sik,2020-02-03,50,4.094454802572727
99_sik,2020-02-03,65,5.66628011316061
99_sik,2020-02-03,80,6.474166095256805
99_sik,2020-02-04,5,1.1002228036522863
99_sik,2020-02-04,10,1.1434370130300522
99_sik,2020-02-04,15,1.6158635392785072
99_sik,2020-02-04,20,1.9439985528588293
99_sik,2020-02-04,30,3.093203544616699
99_sik,2020-02-04,40,3.860072650015354
99_sik,2020-02-04,50,3.950895734131336
99_sik,2020-02-04,65,5.312509551644325
99_sik,2020-02-04,80,6.342326134443283
99_sik,2020-02-05,5,1.0482192635536194
99_sik,2020-02-05,10,1.1573534533381462
99_sik,2020-02-05,15,1.69057285040617
99_sik,2020-02-05,20,1.9571825489401815
99_sik,2020-02-05,30,3.0573137775063515
99_sik,2020-02-05,40,3.7296975776553154
99_sik,2020-02-05,50,3.847621098160744
99_sik,2020-02-05,65,5.010742530226708
99_sik,2020-02-05,80,6.216345727443695
99_sik,2020-02-06,5,0.9588610678911208
99_sik,2020-02-06,10,0.9815668389201164
99_sik,2020-02-06,15,1.6048768758773804
99_sik,2020-02-06,20,2.009186089038849
99_sik,2020-02-06,30,3.038270227611065
99_sik,2020-02-06,40,3.643269158899784
99_sik,2020-02-06,50,3.745078906416893
99_sik,2020-02-06,65,4.843745246529579
99_sik,2020-02-06,80,6.153355523943901
99_sik,2020-02-07,5,0.9398175179958344
99_sik,2020-02-07,10,0.9881588369607924
99_sik,2020-02-07,15,1.5594653338193891
99_sik,2020-02-07,20,2.016510531306267
99_sik,2020-02-07,30,2.998718239367008
99_sik,2020-02-07,40,3.569292291998863
99_sik,2020-02-07,50,3.6586504876613617
99_sik,2020-02-07,65,4.749259941279888
99_sik,2020-02-07,80,6.11600086838007
99_sik,2020-02-08,5,0.8760948702692986
99_sik,2020-02-08,10,0.9075899720191956
99_sik,2020-02-08,15,1.7066866233944893
99_sik,2020-02-08,20,2.078035846352577
99_sik,2020-02-08,30,2.9972533509135246
99_sik,2020-02-08,40,3.535599857568741
99_sik,2020-02-08,50,3.6212958320975295
99_sik,2020-02-08,65,4.747062608599663
99_sik,2020-02-08,80,6.097689762711525
99_sik,2020-02-09,5,0.7757500112056732
99_sik,2020-02-09,10,0.7889340072870255
99_sik,2020-02-09,15,1.599017322063446
99_sik,2020-02-09,20,2.0106509774923325
99_sik,2020-02-09,30,3.0228888988494877
99_sik,2020-02-09,40,3.5568407401442528
99_sik,2020-02-09,50,3.672566927969456
99_sik,2020-02-09,65,4.874507904052734
99_sik,2020-02-09,80,6.078646212816238
99_sik,2020-02-10,5,0.7222815826535225
99_sik,2020-02-10,10,0.7244789153337479
99_sik,2020-02-10,15,1.0789819210767746
99_sik,2020-02-10,20,1.6180608719587326
99_sik,2020-02-10,30,2.897640936076641
99_sik,2020-02-10,40,3.5128940865397453
99_sik,2020-02-10,50,3.710654027760029
99_sik,2020-02-10,65,5.064210958778858
99_sik,2020-02-10,80,6.047883555293083
99_sik,2020-02-11,5,0.758903793990612
99_sik,2020-02-11,10,0.7574389055371284
99_sik,2020-02-11,15,0.8358104377985001
99_sik,2020-02-11,20,1.2518387585878372
99_sik,2020-02-11,30,2.7255165427923203
99_sik,2020-02-11,40,3.4308603331446648
99_sik,2020-02-11,50,3.7047944739460954
99_sik,2020-02-11,65,5.214362025260925
99_sik,2020-02-11,80,6.127719976007938
99_sik,2020-02-12,5,0.9002655297517776
99_sik,2020-02-12,10,0.8687704280018806
99_sik,2020-02-12,15,0.9508041813969612
99_sik,2020-02-12,20,1.259895645081997
99_sik,2020-02-12,30,2.683767221868038
99_sik,2020-02-12,40,3.458693213760853
99_sik,2020-02-12,50,3.807336665689945
99_sik,2020-02-12,65,5.404065079987049
99_sik,2020-02-12,80,6.302774146199226
99_sik,2020-02-13,5,0.9229713007807732
99_sik,2020-02-13,10,0.9068575277924538
99_sik,2020-02-13,15,0.9698477312922478
99_sik,2020-02-13,20,1.1390423476696014
99_sik,2020-02-13,30,2.53727837651968
99_sik,2020-02-13,40,3.447706550359726
99_sik,2020-02-13,50,3.9596850648522377
99_sik,2020-02-13,65,5.724143207073212
99_sik,2020-02-13,80,6.429486997425556
99_sik,2020-02-14,5,0.979369506239891
99_sik,2020-02-14,10,0.9141819700598716
99_sik,2020-02-14,15,1.0174566060304642
99_sik,2020-02-14,20,1.1317179054021835
99_sik,2020-02-14,30,2.348307766020298
99_sik,2020-02-14,40,3.307077258825302
99_sik,2020-02-14,50,3.8490859866142273
99_sik,2020-02-14,65,6.104281760752201
99_sik,2020-02-14,80,6.4983367547392845
99_sik,2020-02-15,5,0.7772148996591568
99_sik,2020-02-15,10,0.853389099240303
99_sik,2020-02-15,15,1.1551561206579208
99_sik,2020-02-15,20,1.312631629407406
99_sik,2020-02-15,30,2.288247339427471
99_sik,2020-02-15,40,3.118839092552662
99_sik,2020-02-15,50,3.635944716632366
99_sik,2020-02-15,65,6.230262167751789
99_sik,2020-02-15,80,6.540086075663567
99_sik,2020-02-16,5,0.951536625623703
99_sik,2020-02-16,10,1.0101321637630465
99_sik,2020-02-16,15,1.2078921049833298
99_sik,2020-02-16,20,1.3067720755934715
99_sik,2020-02-16,30,2.198156699538231
99_sik,2020-02-16,40,3.1034577637910843
99_sik,2020-02-16,50,3.692342922091484
99_sik,2020-02-16,65,6.3371990248560905
99_sik,2020-02-16,80,6.534958966076374
99_sik,2020-02-17,5,1.451796032488346
99_sik,2020-02-17,10,1.4532609209418297
99_sik,2020-02-17,15,1.4708395823836329
99_sik,2020-02-17,20,1.484023578464985
99_sik,2020-02-17,30,1.613666206598282
99_sik,2020-02-17,40,2.614185020327568
99_sik,2020-02-17,50,3.4953154250979424
99_sik,2020-02-17,65,6.491012312471867
99_sik,2020-02-17,80,6.4705038741230965
99_sik,2020-02-18,5,0.9669179543852806
99_sik,2020-02-18,10,1.0152592733502388
99_sik,2020-02-18,15,1.1170690208673475
99_sik,2020-02-18,20,1.1705374494194984
99_sik,2020-02-18,30,1.6107364296913147
99_sik,2020-02-18,40,2.729178763926029
99_sik,2020-02-18,50,3.616168722510338
99_sik,2020-02-18,65,6.729056686162949
99_sik,2020-02-18,80,6.444868326187134
99_sik,2020-02-19,5,0.4146550074219703
99_sik,2020-02-19,10,0.605090506374836
99_sik,2020-02-19,15,1.0174566060304642
99_sik,2020-02-19,20,1.1727347820997238
99_sik,2020-02-19,30,1.8048341497778893
99_sik,2020-02-19,40,2.7430952042341232
99_sik,2020-02-19,50,3.115176871418953
99_sik,2020-02-19,65,6.548142962157726
99_sik,2020-02-19,80,6.518112748861313
99_sik,2020-02-20,5,0.5442976355552673
99_sik,2020-02-20,10,0.7530442401766777
99_sik,2020-02-20,15,1.1903134435415268
99_sik,2020-02-20,20,1.3485213965177536
99_sik,2020-02-20,30,1.971098989248276
99_sik,2020-02-20,40,2.786309413611889
99_sik,2020-02-20,50,2.9972533509135246
99_sik,2020-02-20,65,5.925565369427204
99_sik,2020-02-20,80,6.505661197006702
99_sik,2020-02-21,5,0.7508469074964523
99_sik,2020-02-21,10,0.9822992831468582
99_sik,2020-02-21,15,1.3902707174420357
99_sik,2020-02-21,20,1.5426191166043282
99_sik,2020-02-21,30,2.127842053771019
99_sik,2020-02-21,40,2.8112125173211098
99_sik,2020-02-21,50,3.0888088792562485
99_sik,2020-02-21,65,5.445081956684589
99_sik,2020-02-21,80,6.40238656103611
99_sik,2020-02-22,5,1.343394286930561
99_sik,2020-02-22,10,1.402722269296646
99_sik,2020-02-22,15,1.5653248876333237
99_sik,2020-02-22,20,1.637836866080761
99_sik,2020-02-22,30,2.1637318208813667
99_sik,2020-02-22,40,2.8405102863907814
99_sik,2020-02-22,50,3.2536088302731514
99_sik,2020-02-22,65,5.251716680824757
99_sik,2020-02-22,80,6.259559936821461
99_sik,2020-02-23,5,1.459120474755764
99_sik,2020-02-23,10,1.459120474755764
99_sik,2020-02-23,15,1.4723044708371162
99_sik,2020-02-23,20,1.5206457898020744
99_sik,2020-02-23,30,2.0318918600678444
99_sik,2020-02-23,40,2.6193121299147606
99_sik,2020-02-23,50,3.1137119829654694
99_sik,2020-02-23,65,4.961668767035008
99_sik,2020-02-23,80,6.166539520025253
99_sik,2020-02-24,5,1.4532609209418297
99_sik,2020-02-24,10,1.469374693930149
99_sik,2020-02-24,15,1.5704519972205162
99_sik,2020-02-24,20,1.6803186312317848
99_sik,2020-02-24,30,2.2003540322184563
99_sik,2020-02-24,40,2.6969512179493904
99_sik,2020-02-24,50,3.0895413234829903
99_sik,2020-02-24,65,4.843745246529579
99_sik,2020-02-24,80,6.118198201060295
99_sik,2020-02-25,5,1.574846662580967
99_sik,2020-02-25,10,1.6803186312317848
99_sik,2020-02-25,15,1.8253425881266596
99_sik,2020-02-25,20,1.9103061184287071
99_sik,2020-02-25,30,2.2772606760263443
99_sik,2020-02-25,40,2.7072054371237755
99_sik,2020-02-25,50,3.042664892971516
99_sik,2020-02-25,65,4.84813991189003
99_sik,2020-02-25,80,6.103549316525459
99_sik,2020-02-26,5,1.6561479717493055
99_sik,2020-02-26,10,1.783593267202377
99_sik,2020-02-26,15,1.8890652358531952
99_sik,2020-02-26,20,1.9542527720332143
99_sik,2020-02-26,30,2.321939773857593
99_sik,2020-02-26,40,2.827326290309429
99_sik,2020-02-26,50,3.1159093156456947
99_sik,2020-02-26,65,4.817377254366875
99_sik,2020-02-26,80,6.050080887973309
99_sik,2020-02-27,5,1.5389568954706192
99_sik,2020-02-27,10,1.61293376237154
99_sik,2020-02-27,15,1.7733390480279922
99_sik,2020-02-27,20,1.8202154785394669
99_sik,2020-02-27,30,2.3006988912820816
99_sik,2020-02-27,40,2.9144871532917023
99_sik,2020-02-27,50,3.2323679476976395
99_sik,2020-02-27,65,4.815912365913391
99_sik,2020-02-27,80,5.91164892911911
99_sik,2020-02-28,5,1.319223627448082
99_sik,2020-02-28,10,1.3932004943490028
99_sik,2020-02-28,15,1.6576128602027893
99_sik,2020-02-28,20,1.7374492809176445
99_sik,2020-02-28,30,2.32047488540411
99_sik,2020-02-28,40,3.0250862315297127
99_sik,2020-02-28,50,3.444044329226017
99_sik,2020-02-28,65,5.037110522389412
99_sik,2020-02-28,80,5.897732488811016
99_sik,2020-02-29,5,1.343394286930561
99_sik,2020-02-29,10,1.3902707174420357
99_sik,2020-02-29,15,1.5352946743369102
99_sik,2020-02-29,20,1.6290475353598597
99_sik,2020-02-29,30,2.3351237699389458
99_sik,2020-02-29,40,3.063905775547028
99_sik,2020-02-29,50,3.525345638394356
99_sik,2020-02-29,65,5.264168232679367
99_sik,2020-02-29,80,5.98928801715374
99_sik,2020-03-01,5,1.4283578172326088
99_sik,2020-03-01,10,1.4232307076454165
99_sik,2020-03-01,15,1.4298227056860924
99_sik,2020-03-01,20,1.46571247279644
99_sik,2020-03-01,30,2.1373638287186623
99_sik,2020-03-01,40,2.9598986953496933
99_sik,2020-03-01,50,3.3869136795401573
99_sik,2020-03-01,65,5.448744177818298
99_sik,2020-03-01,80,5.988555572926998
99_sik,2020-03-02,5,1.3236182928085327
99_sik,2020-03-02,10,1.3324076235294342
99_sik,2020-03-02,15,1.3382671773433683
99_sik,2020-03-02,20,1.3463240638375282
99_sik,2020-03-02,30,1.8312021419405935
99_sik,2020-03-02,40,2.7570116445422173
99_sik,2020-03-02,50,3.251411497592926
99_sik,2020-03-02,65,5.532242819666863
99_sik,2020-03-02,80,5.894070267677307
99_sik,2020-03-03,5,1.1031525805592537
99_sik,2020-03-03,10,1.1690725609660149
99_sik,2020-03-03,15,1.200567662715912
99_sik,2020-03-03,20,1.2115543261170387
99_sik,2020-03-03,30,1.5836359933018684
99_sik,2020-03-03,40,2.338053546845913
99_sik,2020-03-03,50,2.76213875412941
99_sik,2020-03-03,65,5.239265128970146
99_sik,2020-03-03,80,5.794457852840424
99_sik,2020-03-04,5,1.1185339093208313
99_sik,2020-03-04,10,1.1668752282857895
99_sik,2020-03-04,15,1.1844538897275925
99_sik,2020-03-04,20,1.1851863339543345
99_sik,2020-03-04,30,1.5023346841335297
99_sik,2020-03-04,40,2.204748697578907
99_sik,2020-03-04,50,2.60686057806015
99_sik,2020-03-04,65,4.9580065459012985
99_sik,2020-03-04,80,5.680196553468704
99_sik,2020-03-05,5,1.270149864256382
99_sik,2020-03-05,10,1.2620929777622223
99_sik,2020-03-05,15,1.2518387585878372
99_sik,2020-03-05,20,1.245246760547161
99_sik,2020-03-05,30,1.3206885159015656
99_sik,2020-03-05,40,2.0077212005853653
99_sik,2020-03-05,50,2.4794152826070786
99_sik,2020-03-05,65,4.798333704471588
99_sik,2020-03-05,80,5.604022353887558
99_sik,2020-03-06,5,1.021851271390915
99_sik,2020-03-06,10,1.0438245981931686
99_sik,2020-03-06,15,1.1976378858089447
99_sik,2020-03-06,20,1.2694174200296402
99_sik,2020-03-06,30,1.4408093690872192
99_sik,2020-03-06,40,2.020905196666717
99_sik,2020-03-06,50,2.396649084985256
99_sik,2020-03-06,65,4.430646702647209
99_sik,2020-03-06,80,5.48609883338213
99_sik,2020-03-07,5,1.2042298838496208
99_sik,2020-03-07,10,1.2013001069426537
99_sik,2020-03-07,15,1.312631629407406
99_sik,2020-03-07,20,1.311899185180664
99_sik,2020-03-07,30,1.4115116000175476
99_sik,2020-03-07,40,1.998931869864464
99_sik,2020-03-07,50,2.2977691143751144
99_sik,2020-03-07,65,4.066621921956539
99_sik,2020-03-07,80,5.305917553603649
99_sik,2020-03-08,5,1.479628913104534
99_sik,2020-03-08,10,1.4129764884710312
99_sik,2020-03-08,15,1.3529160618782043
99_sik,2020-03-08,20,1.3023774102330208
99_sik,2020-03-08,30,1.4056520462036133
99_sik,2020-03-08,40,1.941801220178604
99_sik,2020-03-08,50,2.212073139846325
99_sik,2020-03-08,65,3.9875179454684258
99_sik,2020-03-08,80,5.159428708255291
99_sik,2020-03-09,5,1.557268001139164
99_sik,2020-03-09,10,1.459120474755764
99_sik,2020-03-09,15,1.382213830947876
99_sik,2020-03-09,20,1.3287454023957253
99_sik,2020-03-09,30,1.4466689229011536
99_sik,2020-03-09,40,1.931547001004219
99_sik,2020-03-09,50,2.205481141805649
99_sik,2020-03-09,65,4.038789041340351
99_sik,2020-03-09,80,5.100100725889206
99_sik,2020-03-10,5,1.6180608719587326
99_sik,2020-03-10,10,1.4715720266103745
99_sik,2020-03-10,15,1.3946653828024864
99_sik,2020-03-10,20,1.358775615692139
99_sik,2020-03-10,30,1.4964751303195951
99_sik,2020-03-10,40,1.963042102754116
99_sik,2020-03-10,50,2.22232735902071
99_sik,2020-03-10,65,3.967741951346397
99_sik,2020-03-10,80,5.067873179912567
99_sik,2020-03-11,5,1.644428864121437
99_sik,2020-03-11,10,1.522110678255558
99_sik,2020-03-11,15,1.420300930738449
99_sik,2020-03-11,20,1.4056520462036133
99_sik,2020-03-11,30,1.5558031126856804
99_sik,2020-03-11,40,1.9930723160505293
99_sik,2020-03-11,50,2.2062135860323906
99_sik,2020-03-11,65,3.791222892701626
99_sik,2020-03-11,80,5.039307855069637
99_sik,2020-03-12,5,1.6334422007203102
99_sik,2020-03-12,10,1.5374920070171356
99_sik,2020-03-12,15,1.4986724629998207
99_sik,2020-03-12,20,1.497940018773079
99_sik,2020-03-12,30,1.6246528699994087
99_sik,2020-03-12,40,2.0135807543993
99_sik,2020-03-12,50,2.1578722670674324
99_sik,2020-03-12,65,3.69893492013216
99_sik,2020-03-12,80,5.0158696398139
99_sik,2020-03-13,5,1.6231879815459251
99_sik,2020-03-13,10,1.608539097011089
99_sik,2020-03-13,15,1.6363719776272774
99_sik,2020-03-13,20,1.6393017545342443
99_sik,2020-03-13,30,1.6883755177259443
99_sik,2020-03-13,40,1.949125662446022
99_sik,2020-03-13,50,2.00552386790514
99_sik,2020-03-13,65,3.84615620970726
99_sik,2020-03-13,80,5.053224295377731
99_sik,2020-03-14,5,1.6436964198946953
99_sik,2020-03-14,10,1.6510208621621132
99_sik,2020-03-14,15,1.784325711429119
99_sik,2020-03-14,20,1.791650153696537
99_sik,2020-03-14,30,1.7923825979232788
99_sik,2020-03-14,40,1.960844770073891
99_sik,2020-03-14,50,2.0567949637770653
99_sik,2020-03-14,65,4.331766732037067
99_sik,2020-03-14,80,5.278084672987461
99_sik,2020-03-15,5,1.7696768268942833
99_sik,2020-03-15,10,1.7733390480279922
99_sik,2020-03-15,15,1.9044465646147728
99_sik,2020-03-15,20,1.913968339562416
99_sik,2020-03-15,30,1.9132358953356745
99_sik,2020-03-15,40,2.072176292538643
99_sik,2020-03-15,50,2.330729104578495
99_sik,2020-03-15,65,5.376964643597603
99_sik,2020-03-15,80,5.66628011316061
99_sik,2020-03-16,5,1.8524430245161057
99_sik,2020-03-16,10,1.8553728014230728
99_sik,2020-03-16,15,1.9659718796610832
99_sik,2020-03-16,20,1.985747873783112
99_sik,2020-03-16,30,2.0216376408934598
99_sik,2020-03-16,40,2.2347789108753204
99_sik,2020-03-16,50,2.6508072316646576
99_sik,2020-03-16,65,6.36136968433857
99_sik,2020-03-16,80,5.890408046543598
99_sik,2020-03-17,5,1.8854030147194865
99_sik,2020-03-17,10,1.8421888053417208
99_sik,2020-03-17,15,1.966704323887825
99_sik,2020-03-17,20,1.990874983370304
99_sik,2020-03-17,30,2.0707114040851597
99_sik,2020-03-17,40,2.3680837601423264
99_sik,2020-03-17,50,2.8331858441233635
99_sik,2020-03-17,65,6.737113572657108
99_sik,2020-03-17,80,6.001007124781609
99_sik,2020-03-18,5,2.004791423678398
99_sik,2020-03-18,10,1.8751487955451007
99_sik,2020-03-18,15,1.920560337603092
99_sik,2020-03-18,20,1.9337443336844444
99_sik,2020-03-18,30,2.0516678541898727
99_sik,2020-03-18,40,2.420087300240993
99_sik,2020-03-18,50,2.8053529635071754
99_sik,2020-03-18,65,6.560594514012337
99_sik,2020-03-18,80,6.003936901688576
99_sik,2020-03-19,5,2.1161229461431503
99_sik,2020-03-19,10,1.938871443271637
99_sik,2020-03-19,15,1.892727456986904
99_sik,2020-03-19,20,1.8985870108008385
99_sik,2020-03-19,30,2.110263392329216
99_sik,2020-03-19,40,2.587817028164864
99_sik,2020-03-19,50,3.041200004518032
99_sik,2020-03-19,65,6.3232825845479965
99_sik,2020-03-19,80,5.980498686432838
99_sik,2020-03-20,5,2.079500734806061
99_sik,2020-03-20,10,2.057527408003807
99_sik,2020-03-20,15,2.0340891927480698
99_sik,2020-03-20,20,2.037018969655037
99_sik,2020-03-20,30,2.2025513648986816
99_sik,2020-03-20,40,2.710135214030742
99_sik,2020-03-20,50,3.2279732823371887
99_sik,2020-03-20,65,6.274941265583038
99_sik,2020-03-20,80,6.07937865704298
99_sik,2020-03-21,5,2.159337155520916
99_sik,2020-03-21,10,2.146153159439564
99_sik,2020-03-21,15,2.1329691633582115
99_sik,2020-03-21,20,2.146885603666305
99_sik,2020-03-21,30,2.309488222002983
99_sik,2020-03-21,40,2.8053529635071754
99_sik,2020-03-21,50,3.3583483546972275
99_sik,2020-03-21,65,6.600878946483135
99_sik,2020-03-21,80,6.469038985669613
99_sik,2020-03-22,5,2.2765282317996025
99_sik,2020-03-22,10,2.237708687782288
99_sik,2020-03-22,15,2.223059803247452
99_sik,2020-03-22,20,2.218665137887001
99_sik,2020-03-22,30,2.3959166407585144
99_sik,2020-03-22,40,2.905697822570801
99_sik,2020-03-22,50,3.5780816227197647
99_sik,2020-03-22,65,6.942930400371552
99_sik,2020-03-22,80,6.836725987493992
99_sik,2020-03-23,5,2.408368192613125
99_sik,2020-03-23,10,2.376873090863228
99_sik,2020-03-23,15,2.302163779735565
99_sik,2020-03-23,20,2.2765282317996025
99_sik,2020-03-23,30,2.435468629002571
99_sik,2020-03-23,40,3.0126346796751022
99_sik,2020-03-23,50,3.920865520834923
99_sik,2020-03-23,65,7.172917887568474
99_sik,2020-03-23,80,7.103335686028004
99_sik,2020-03-24,5,2.4098330810666084
99_sik,2020-03-24,10,2.390789531171322
99_sik,2020-03-24,15,2.3600268736481667
99_sik,2020-03-24,20,2.3256019949913025
99_sik,2020-03-24,30,2.4720908403396606
99_sik,2020-03-24,40,3.173772409558296
99_sik,2020-03-24,50,4.387432493269444
99_sik,2020-03-24,65,7.294503629207611
99_sik,2020-03-24,80,7.249824531376362
99_sik,2020-03-25,5,2.394451752305031
99_sik,2020-03-25,10,2.376140646636486
99_sik,2020-03-25,15,2.3600268736481667
99_sik,2020-03-25,20,2.3439131006598477
99_sik,2020-03-25,30,2.5468001514673237
99_sik,2020-03-25,40,3.4000976756215096
99_sik,2020-03-25,50,4.764641270041466
99_sik,2020-03-25,65,7.34723961353302
99_sik,2020-03-25,80,7.323068954050541
99_sik,2020-03-26,5,2.474288173019886
99_sik,2020-03-26,10,2.390789531171322
99_sik,2020-03-26,15,2.342448212206364
99_sik,2020-03-26,20,2.3497726544737816
99_sik,2020-03-26,30,2.6786401122808456
99_sik,2020-03-26,40,3.688680700957775
99_sik,2020-03-26,50,5.038575410842896
99_sik,2020-03-26,65,7.369212940335274
99_sik,2020-03-26,80,7.353099167346954
99_sik,2020-03-27,5,2.5914792492985725
99_sik,2020-03-27,10,2.466963730752468
99_sik,2020-03-27,15,2.350505098700524
99_sik,2020-03-27,20,2.367351315915585
99_sik,2020-03-27,30,2.916684485971928
99_sik,2020-03-27,40,4.165501892566681
99_sik,2020-03-27,50,5.3711050897836685
99_sik,2020-03-27,65,7.367015607655048
99_sik,2020-03-27,80,7.358958721160889
99_sik,2020-03-28,5,2.7042756602168083
99_sik,2020-03-28,10,2.6691183373332024
99_sik,2020-03-28,15,2.495529055595398
99_sik,2020-03-28,20,2.484542392194271
99_sik,2020-03-28,30,3.1591235250234604
99_sik,2020-03-28,40,4.456282250583172
99_sik,2020-03-28,50,5.522721044719219
99_sik,2020-03-28,65,7.343577392399311
99_sik,2020-03-28,80,7.347972057759762
99_sik,2020-03-29,5,2.7877743020653725
99_sik,2020-03-29,10,2.769463196396828
99_sik,2020-03-29,15,2.6471450105309486
99_sik,2020-03-29,20,2.631763681769371
99_sik,2020-03-29,30,3.395703010261059
99_sik,2020-03-29,40,4.756584383547306
99_sik,2020-03-29,50,5.7248756512999535
99_sik,2020-03-29,65,7.315012067556381
99_sik,2020-03-29,80,7.328928507864475
99_sik,2020-03-30,5,2.97894224524498
99_sik,2020-03-30,10,2.922544039785862
99_sik,2020-03-30,15,2.79070407897234
99_sik,2020-03-30,20,2.778984971344471
99_sik,2020-03-30,30,3.584673620760441
99_sik,2020-03-30,40,4.962401211261749
99_sik,2020-03-30,50,5.907254263758659
99_sik,2020-03-30,65,7.307687625288963
99_sik,2020-03-30,80,7.316476956009865
99_sik,2020-03-31,5,3.181829296052456
99_sik,2020-03-31,10,3.062440887093544
99_sik,2020-03-31,15,2.932798258960247
99_sik,2020-03-31,20,2.947447143495083
99_sik,2020-03-31,30,3.9040193036198616
99_sik,2020-03-31,40,5.3535264283418655
99_sik,2020-03-31,50,6.189245291054249
99_sik,2020-03-31,65,7.299630738794804
99_sik,2020-03-31,80,7.303292959928513
99_sik,2020-04-01,5,3.360545687377453
99_sik,2020-04-01,10,3.169377744197845
99_sik,2020-04-01,15,3.0565813332796097
99_sik,2020-04-01,20,3.091006211936474
99_sik,2020-04-01,30,4.126682348549366
99_sik,2020-04-01,40,5.606219686567783
99_sik,2020-04-01,50,6.320352807641029
99_sik,2020-04-01,65,7.255684085190296
99_sik,2020-04-01,80,7.278389856219292
99_sik,2020-04-02,5,3.718710914254189
99_sik,2020-04-02,10,3.419873669743538
99_sik,2020-04-02,15,3.1210364252328877
99_sik,2020-04-02,20,3.1488693058490758
99_sik,2020-04-02,30,4.079805918037891
99_sik,2020-04-02,40,5.5183263793587685
99_sik,2020-04-02,50,6.252967938780785
99_sik,2020-04-02,65,7.17950988560915
99_sik,2020-04-02,80,7.25714897364378
99_sik,2020-04-03,5,3.839564211666584
99_sik,2020-04-03,10,3.52681052684784
99_sik,2020-04-03,15,3.1701101884245872
99_sik,2020-04-03,20,3.202337734401226
99_sik,2020-04-03,30,4.043916150927544
99_sik,2020-04-03,40,5.414319299161434
99_sik,2020-04-03,50,6.252967938780785
99_sik,2020-04-03,65,7.159733891487122
99_sik,2020-04-03,80,7.238837867975235
99_sik,2020-04-04,5,4.0234077125787735
99_sik,2020-04-04,10,3.586870953440666
99_sik,2020-04-04,15,3.255073718726635
99_sik,2020-04-04,20,3.295358151197433
99_sik,2020-04-04,30,4.202856548130512
99_sik,2020-04-04,40,5.572527252137661
99_sik,2020-04-04,50,6.370159015059471
99_sik,2020-04-04,65,7.141422785818577
99_sik,2020-04-04,80,7.210272543132305
99_sik,2020-04-05,5,4.17722100019455
99_sik,2020-04-05,10,3.7355571314692497
99_sik,2020-04-05,15,3.391308344900608
99_sik,2020-04-05,20,3.446974106132984
99_sik,2020-04-05,30,4.477523133158684
99_sik,2020-04-05,40,5.852320946753025
99_sik,2020-04-05,50,6.4807580932974815
99_sik,2020-04-05,65,7.091616578400135
99_sik,2020-04-05,80,7.184636995196343
99_sik,2020-04-06,5,4.304666295647621
99_sik,2020-04-06,10,4.131809458136559
99_sik,2020-04-06,15,3.542191855609417
99_sik,2020-04-06,20,3.546586520969868
99_sik,2020-04-06,30,4.473860912024975
99_sik,2020-04-06,40,5.803247183561325
99_sik,2020-04-06,50,6.392864786088467
99_sik,2020-04-06,65,7.016174823045731
99_sik,2020-04-06,80,7.163396112620831
99_sik,2020-04-07,5,4.484847575426102
99_sik,2020-04-07,10,4.340556062757969
99_sik,2020-04-07,15,3.6271553859114647
99_sik,2020-04-07,20,3.5714896246790886
99_sik,2020-04-07,30,4.298806741833687
99_sik,2020-04-07,40,5.578386805951595
99_sik,2020-04-07,50,6.313028365373612
99_sik,2020-04-07,65,6.9605090618133545
99_sik,2020-04-07,80,7.148014783859253
99_sik,2020-04-08,5,4.585192434489727
99_sik,2020-04-08,10,4.337626285851002
99_sik,2020-04-08,15,3.6586504876613617
99_sik,2020-04-08,20,3.5714896246790886
99_sik,2020-04-08,30,4.186742775142193
99_sik,2020-04-08,40,5.4062624126672745
99_sik,2020-04-08,50,6.297647036612034
99_sik,2020-04-08,65,6.912900187075138
99_sik,2020-04-08,80,7.10187079757452
99_sik,2020-04-09,5,4.73754083365202
99_sik,2020-04-09,10,4.347880505025387
99_sik,2020-04-09,15,3.69893492013216
99_sik,2020-04-09,20,3.5854060649871826
99_sik,2020-04-09,30,4.1493881195783615
99_sik,2020-04-09,40,5.389416195452213
99_sik,2020-04-09,50,6.322550140321255
99_sik,2020-04-09,65,6.869685977697372
99_sik,2020-04-09,80,7.065248586237431
99_sik,2020-04-10,5,4.925046555697918
99_sik,2020-04-10,10,4.431379146873951
99_sik,2020-04-10,15,3.770714454352856
99_sik,2020-04-10,20,3.656453154981136
99_sik,2020-04-10,30,4.264381863176823
99_sik,2020-04-10,40,5.557878367602825
99_sik,2020-04-10,50,6.377483457326889
99_sik,2020-04-10,65,6.850642427802086
99_sik,2020-04-10,80,7.046205036342144
99_sik,2020-04-11,5,4.964598543941975
99_sik,2020-04-11,10,4.577135547995567
99_sik,2020-04-11,15,3.868129536509514
99_sik,2020-04-11,20,3.7502060160040855
99_sik,2020-04-11,30,4.34934539347887
99_sik,2020-04-11,40,5.628193013370037
99_sik,2020-04-11,50,6.34525591135025
99_sik,2020-04-11,65,6.833796210587025
99_sik,2020-04-11,80,7.030091263353825
99_sik,2020-04-12,5,4.997558534145355
99_sik,2020-04-12,10,4.629871532320976
99_sik,2020-04-12,15,3.9494308456778526
99_sik,2020-04-12,20,3.8300424367189407
99_sik,2020-04-12,30,4.405743598937988
99_sik,2020-04-12,40,5.649433895945549
99_sik,2020-04-12,50,6.31229592114687
99_sik,2020-04-12,65,6.817682437598705
99_sik,2020-04-12,80,7.013977490365505
99_sik,2020-04-13,5,5.100100725889206
99_sik,2020-04-13,10,4.745597720146179
99_sik,2020-04-13,15,4.017548158764839
99_sik,2020-04-13,20,3.890835307538509
99_sik,2020-04-13,30,4.482650242745876
99_sik,2020-04-13,40,5.702169880270958
99_sik,2020-04-13,50,6.31229592114687
99_sik,2020-04-13,65,6.800103776156902
99_sik,2020-04-13,80,6.997863717377186
99_sik,2020-04-14,5,5.202642917633057
99_sik,2020-04-14,10,4.871578127145767
99_sik,2020-04-14,15,4.0827356949448586
99_sik,2020-04-14,20,3.9465010687708855
99_sik,2020-04-14,30,4.487044908106327
99_sik,2020-04-14,40,5.660420559346676
99_sik,2020-04-14,50,6.268349267542362
99_sik,2020-04-14,65,6.777398005127907
99_sik,2020-04-14,80,6.982482388615608
99_sik,2020-04-15,5,5.161626040935516
99_sik,2020-04-15,10,4.911130115389824
99_sik,2020-04-15,15,4.158909894526005
99_sik,2020-04-15,20,4.014618381857872
99_sik,2020-04-15,30,4.522934675216675
99_sik,2020-04-15,40,5.67433699965477
99_sik,2020-04-15,50,6.225867502391338
99_sik,2020-04-15,65,6.747367791831493
99_sik,2020-04-15,80,6.965636171400547
99_sik,2020-04-16,5,5.123538941144943
99_sik,2020-04-16,10,4.985106982290745
99_sik,2020-04-16,15,4.273171193897724
99_sik,2020-04-16,20,4.120822794735432
99_sik,2020-04-16,30,4.556627109646797
99_sik,2020-04-16,40,5.650898784399033
99_sik,2020-04-16,50,6.141636416316032
99_sik,2020-04-16,65,6.7085482478141785
99_sik,2020-04-16,80,6.942930400371552
99_sik,2020-04-17,5,5.111819833517075
99_sik,2020-04-17,10,4.999023422598839
99_sik,2020-04-17,15,4.361796945333481
99_sik,2020-04-17,20,4.1947996616363525
99_sik,2020-04-17,30,4.579332880675793
99_sik,2020-04-17,40,5.601092576980591
99_sik,2020-04-17,50,6.066194660961628
99_sik,2020-04-17,65,6.682180255651474
99_sik,2020-04-17,80,6.922421962022781
99_sik,2020-04-18,5,5.182866923511028
99_sik,2020-04-18,10,5.072267845273018
99_sik,2020-04-18,15,4.368388943374157
99_sik,2020-04-18,20,4.207251213490963
99_sik,2020-04-18,30,4.710440397262573
99_sik,2020-04-18,40,5.676534332334995
99_sik,2020-04-18,50,6.063264884054661
99_sik,2020-04-18,65,6.664601594209671
99_sik,2020-04-18,80,6.908505521714687
99_sik,2020-04-19,5,5.281014449894428
99_sik,2020-04-19,10,5.180669590830803
99_sik,2020-04-19,15,4.473128467798233
99_sik,2020-04-19,20,4.285622745752335
99_sik,2020-04-19,30,4.716299951076508
99_sik,2020-04-19,40,5.624530792236328
99_sik,2020-04-19,50,5.984893351793289
99_sik,2020-04-19,65,6.628711827099323
99_sik,2020-04-19,80,6.8975188583135605
99_sik,2020-04-20,5,4.7412030547857285
99_sik,2020-04-20,10,4.725089281797409
99_sik,2020-04-20,15,4.607165761291981
99_sik,2020-04-20,20,4.505356013774872
99_sik,2020-04-20,30,4.796136371791363
99_sik,2020-04-20,40,5.601092576980591
99_sik,2020-04-20,50,5.9101840406656265
99_sik,2020-04-20,65,6.6455580443143845
99_sik,2020-04-20,80,6.845515318214893
99_sik,2020-04-21,5,4.910397671163082
99_sik,2020-04-21,10,4.892819009721279
99_sik,2020-04-21,15,4.78661459684372
99_sik,2020-04-21,20,4.647450193762779
99_sik,2020-04-21,30,4.5976439863443375
99_sik,2020-04-21,40,5.270760230720043
99_sik,2020-04-21,50,5.656758338212967
99_sik,2020-04-21,65,6.632374048233032
99_sik,2020-04-21,80,6.78691978007555
99_sik,2020-04-22,5,5.083986952900887
99_sik,2020-04-22,10,5.070802956819534
99_sik,2020-04-22,15,4.971190541982651
99_sik,2020-04-22,20,4.792474150657654
99_sik,2020-04-22,30,4.498031571507454
99_sik,2020-04-22,40,5.012207418680191
99_sik,2020-04-22,50,5.430433072149754
99_sik,2020-04-22,65,6.563524290919304
99_sik,2020-04-22,80,6.764214009046555
99_sik,2020-04-23,5,5.211432248353958
99_sik,2020-04-23,10,5.198980696499348
99_sik,2020-04-23,15,5.131595827639103
99_sik,2020-04-23,20,4.90527056157589
99_sik,2020-04-23,30,4.4504226967692375
99_sik,2020-04-23,40,4.872310571372509
99_sik,2020-04-23,50,5.2487869039177895
99_sik,2020-04-23,65,6.520310081541538
99_sik,2020-04-23,80,6.759086899459362
99_sik,2020-04-24,5,5.313974440097809
99_sik,2020-04-24,10,5.233405575156212
99_sik,2020-04-24,15,5.100833170115948
99_sik,2020-04-24,20,4.865718573331833
99_sik,2020-04-24,30,4.457014694809914
99_sik,2020-04-24,40,4.887691900134087
99_sik,2020-04-24,50,5.282479338347912
99_sik,2020-04-24,65,6.5510727390646935
99_sik,2020-04-24,80,6.739310905337334
99_sik,2020-04-25,5,5.406994856894016
99_sik,2020-04-25,10,5.267830453813076
99_sik,2020-04-25,15,4.988769203424454
99_sik,2020-04-25,20,4.777092821896076
99_sik,2020-04-25,30,4.481917798519135
99_sik,2020-04-25,40,4.9477523267269135
99_sik,2020-04-25,50,5.406994856894016
99_sik,2020-04-25,65,6.573778510093689
99_sik,2020-04-25,80,6.7502975687384605
99_sik,2020-04-26,5,5.677266776561737
99_sik,2020-04-26,10,5.337412655353546
99_sik,2020-04-26,15,4.955076768994331
99_sik,2020-04-26,20,4.7705008238554
99_sik,2020-04-26,30,4.515610232949257
99_sik,2020-04-26,40,4.996826089918613
99_sik,2020-04-26,50,5.531510375440121
99_sik,2020-04-26,65,6.644093155860901
99_sik,2020-04-26,80,6.805963329970837
99_sik,2020-04-27,5,5.875026717782021
99_sik,2020-04-27,10,5.511734381318092
99_sik,2020-04-27,15,5.006347864866257
99_sik,2020-04-27,20,4.83568836003542
99_sik,2020-04-27,30,4.577135547995567
99_sik,2020-04-27,40,5.091311395168304
99_sik,2020-04-27,50,5.713888987898827
99_sik,2020-04-27,65,6.817682437598705
99_sik,2020-04-27,80,6.839655764400959
99_sik,2020-04-28,5,6.044221334159374
99_sik,2020-04-28,10,5.717551209032536
99_sik,2020-04-28,15,5.071535401046276
99_sik,2020-04-28,20,4.901608340442181
99_sik,2020-04-28,30,4.693594180047512
99_sik,2020-04-28,40,5.32276377081871
99_sik,2020-04-28,50,6.033967114984989
99_sik,2020-04-28,65,6.967101059854031
99_sik,2020-04-28,80,6.8975188583135605
99_sik,2020-04-29,5,6.209021285176277
99_sik,2020-04-29,10,5.907986707985401
99_sik,2020-04-29,15,5.1506393775343895
99_sik,2020-04-29,20,4.968260765075684
99_sik,2020-04-29,30,4.826899029314518
99_sik,2020-04-29,40,5.624530792236328
99_sik,2020-04-29,50,6.376751013100147
99_sik,2020-04-29,65,7.015442378818989
99_sik,2020-04-29,80,6.942930400371552
99_sik,2020-04-30,5,6.332071915268898
99_sik,2020-04-30,10,5.979766242206097
99_sik,2020-04-30,15,5.2121646925807
99_sik,2020-04-30,20,5.0209967494010925
99_sik,2020-04-30,30,4.959471434354782
99_sik,2020-04-30,40,5.912381373345852
99_sik,2020-04-30,50,6.62724693864584
99_sik,2020-04-30,65,6.981749944388866
99_sik,2020-04-30,80,6.947325065732002
99_sik,2020-05-01,5,6.50859097391367
99_sik,2020-05-01,10,5.995147570967674
99_sik,2020-05-01,15,5.246589571237564
99_sik,2020-05-01,20,5.060548737645149
99_sik,2020-05-01,30,5.082522064447403
99_sik,2020-05-01,40,6.127719976007938
99_sik,2020-05-01,50,6.75835445523262
99_sik,2020-05-01,65,6.926816627383232
99_sik,2020-05-01,80,6.929746404290199
99_sik,2020-05-02,5,6.802301108837128
99_sik,2020-05-02,10,6.00173956900835
99_sik,2020-05-02,15,5.283211782574654
99_sik,2020-05-02,20,5.10596027970314
99_sik,2020-05-02,30,5.185796700417996
99_sik,2020-05-02,40,6.261024825274944
99_sik,2020-05-02,50,6.814752660691738
99_sik,2020-05-02,65,6.881405085325241
99_sik,2020-05-02,80,6.903378412127495
99_sik,2020-05-03,5,7.108462795615196
99_sik,2020-05-03,10,6.070589326322079
99_sik,2020-05-03,15,5.333017989993095
99_sik,2020-05-03,20,5.160161152482033
99_sik,2020-05-03,30,5.278084672987461
99_sik,2020-05-03,40,6.348185688257217
99_sik,2020-05-03,50,6.845515318214893
99_sik,2020-05-03,65,6.845515318214893
99_sik,2020-05-03,80,6.87261575460434
99_sik,2020-05-04,5,7.413159593939781
99_sik,2020-05-04,10,6.186315514147282
99_sik,2020-05-04,15,5.383556641638279
99_sik,2020-05-04,20,5.2172918021678925
99_sik,2020-05-04,30,5.376964643597603
99_sik,2020-05-04,40,6.422162555158138
99_sik,2020-05-04,50,6.871150866150856
99_sik,2020-05-04,65,6.816949993371964
99_sik,2020-05-04,80,6.839655764400959
99_sik,2020-05-05,5,7.854091018438339
99_sik,2020-05-05,10,6.6733909249305725
99_sik,2020-05-05,15,5.51466415822506
99_sik,2020-05-05,20,5.333017989993095
99_sik,2020-05-05,30,5.51466415822506
99_sik,2020-05-05,40,6.5019989758729935
99_sik,2020-05-05,50,6.900448635220528
99_sik,2020-05-05,65,6.788384668529034
99_sik,2020-05-05,80,6.806695774197578
99_sik,2020-05-06,5,7.946378991007805
99_sik,2020-05-06,10,6.604541167616844
99_sik,2020-05-06,15,5.495620608329773
99_sik,2020-05-06,20,5.349864207208157
99_sik,2020-05-06,30,5.667012557387352
99_sik,2020-05-06,40,6.647022932767868
99_sik,2020-05-06,50,6.935605958104134
99_sik,2020-05-06,65,6.764214009046555
99_sik,2020-05-06,80,6.77886289358139
99_sik,2020-05-07,5,8.0181585252285
99_sik,2020-05-07,10,6.644825600087643
99_sik,2020-05-07,15,5.5556810349226
99_sik,2020-05-07,20,5.417981520295143
99_sik,2020-05-07,30,5.755638308823109
99_sik,2020-05-07,40,6.69682914018631
99_sik,2020-05-07,50,6.917294852435589
99_sik,2020-05-07,65,6.734183795750141
99_sik,2020-05-07,80,6.746635347604752
99_sik,2020-05-08,5,8.261330008506775
99_sik,2020-05-08,10,6.82793665677309
99_sik,2020-05-08,15,5.676534332334995
99_sik,2020-05-08,20,5.520523712038994
99_sik,2020-05-08,30,5.814966291189194
99_sik,2020-05-08,40,6.706350915133953
99_sik,2020-05-08,50,6.903378412127495
99_sik,2020-05-08,65,6.707083359360695
99_sik,2020-05-08,80,6.716605134308338
99_sik,2020-05-09,5,8.29209266602993
99_sik,2020-05-09,10,6.863093979656696
99_sik,2020-05-09,15,5.721945874392986
99_sik,2020-05-09,20,5.565935254096985
99_sik,2020-05-09,30,5.867702275514603
99_sik,2020-05-09,40,6.729056686162949
99_sik,2020-05-09,50,6.892391748726368
99_sik,2020-05-09,65,6.682180255651474
99_sik,2020-05-09,80,6.690237142145634
99_sik,2020-05-10,5,8.276711337268353
99_sik,2020-05-10,10,6.770073562860489
99_sik,2020-05-10,15,5.688985884189606
99_sik,2020-05-10,20,5.5600757002830505
99_sik,2020-05-10,30,5.929960034787655
99_sik,2020-05-10,40,6.761284232139587
99_sik,2020-05-10,50,6.875545531511307
99_sik,2020-05-10,65,6.657277151942253
99_sik,2020-05-10,80,6.666798926889896
99_sik,2020-05-11,5,8.240821570158005
99_sik,2020-05-11,10,6.944395288825035
99_sik,2020-05-11,15,5.744651645421982
99_sik,2020-05-11,20,5.628925457596779
99_sik,2020-05-11,30,6.020783118903637
99_sik,2020-05-11,40,6.783990003168583
99_sik,2020-05-11,50,6.869685977697372
99_sik,2020-05-11,65,6.636768713593483
99_sik,2020-05-11,80,6.644825600087643
99_sik,2020-05-12,5,8.43125706911087
99_sik,2020-05-12,10,6.8521073162555695
99_sik,2020-05-12,15,5.759300529956818
99_sik,2020-05-12,20,5.665547668933868
99_sik,2020-05-12,30,6.110873758792877
99_sik,2020-05-12,40,6.8206122145056725
99_sik,2020-05-12,50,6.863093979656696
99_sik,2020-05-12,65,6.619922496378422
99_sik,2020-05-12,80,6.6243171617388725
99_sik,2020-05-13,5,8.760124526917934
99_sik,2020-05-13,10,6.927549071609974
99_sik,2020-05-13,15,5.824488066136837
99_sik,2020-05-13,20,5.719016097486019
99_sik,2020-05-13,30,6.145298637449741
99_sik,2020-05-13,40,6.829401545226574
99_sik,2020-05-13,50,6.857234425842762
99_sik,2020-05-13,65,6.612598054111004
99_sik,2020-05-13,80,6.604541167616844
99_sik,2020-05-14,5,9.014282673597336
99_sik,2020-05-14,10,7.403637818992138
99_sik,2020-05-14,15,5.991485349833965
99_sik,2020-05-14,20,5.841334283351898
99_sik,2020-05-14,30,6.199499510228634
99_sik,2020-05-14,40,6.87261575460434
99_sik,2020-05-14,50,6.90557574480772
99_sik,2020-05-14,65,6.61919005215168
99_sik,2020-05-14,80,6.592089615762234
99_sik,2020-05-15,5,9.140995524823666
99_sik,2020-05-15,10,7.591143541038036
99_sik,2020-05-15,15,6.117465756833553
99_sik,2020-05-15,20,5.964384913444519
99_sik,2020-05-15,30,6.3408612459898
99_sik,2020-05-15,40,6.981749944388866
99_sik,2020-05-15,50,6.986877053976059
99_sik,2020-05-15,65,6.6279793828725815
99_sik,2020-05-15,80,6.593554504215717
99_sik,2020-05-16,5,9.002563565969467
99_sik,2020-05-16,10,7.484206683933735
99_sik,2020-05-16,15,6.161412410438061
99_sik,2020-05-16,20,6.03836178034544
99_sik,2020-05-16,30,6.471236318349838
99_sik,2020-05-16,40,7.063783697783947
99_sik,2020-05-16,50,7.015442378818989
99_sik,2020-05-16,65,6.642628267407417
99_sik,2020-05-16,80,6.6104007214307785
99_sik,2020-05-17,5,8.971800908446312
99_sik,2020-05-17,10,7.619708865880966
99_sik,2020-05-17,15,6.286660373210907
99_sik,2020-05-17,20,6.139439083635807
99_sik,2020-05-17,30,6.493942089378834
99_sik,2020-05-17,40,7.071840584278107
99_sik,2020-05-17,50,7.0234992653131485
99_sik,2020-05-17,65,6.66826381534338
99_sik,2020-05-17,80,6.6279793828725815
99_sik,2020-05-18,5,8.949095137417316
99_sik,2020-05-18,10,7.594805762171745
99_sik,2020-05-18,15,6.296914592385292
99_sik,2020-05-18,20,6.131382197141647
99_sik,2020-05-18,30,6.438276328146458
99_sik,2020-05-18,40,7.017639711499214
99_sik,2020-05-18,50,6.986144609749317
99_sik,2020-05-18,65,6.679982922971249
99_sik,2020-05-18,80,6.632374048233032
99_sik,2020-05-19,5,7.871669679880142
99_sik,2020-05-19,10,7.643147081136703
99_sik,2020-05-19,15,6.404583893716335
99_sik,2020-05-19,20,6.075716435909271
99_sik,2020-05-19,30,6.3269448056817055
99_sik,2020-05-19,40,6.920224629342556
99_sik,2020-05-19,50,6.900448635220528
99_sik,2020-05-19,65,6.655079819262028
99_sik,2020-05-19,80,6.621387384831905
99_sik,2020-05-20,5,7.393383599817753
99_sik,2020-05-20,10,7.383129380643368
99_sik,2020-05-20,15,7.178777441382408
99_sik,2020-05-20,20,6.634571380913258
99_sik,2020-05-20,30,6.06692710518837
99_sik,2020-05-20,40,6.773735783994198
99_sik,2020-05-20,50,6.825006879866123
99_sik,2020-05-20,65,6.61919005215168
99_sik,2020-05-20,80,6.603808723390102
99_sik,2020-05-21,5,7.743491940200329
99_sik,2020-05-21,10,7.701010175049305
99_sik,2020-05-21,15,7.287179186940193
99_sik,2020-05-21,20,6.838923320174217
99_sik,2020-05-21,30,5.9101840406656265
99_sik,2020-05-21,40,6.6733909249305725
99_sik,2020-05-21,50,6.792779333889484
99_sik,2020-05-21,65,6.605273611843586
99_sik,2020-05-21,80,6.589159838855267
99_sik,2020-05-22,5,7.6746421828866
99_sik,2020-05-22,10,7.665852852165699
99_sik,2020-05-22,15,7.549394220113754
99_sik,2020-05-22,20,7.137028120458126
99_sik,2020-05-22,30,5.917508482933044
99_sik,2020-05-22,40,6.623584717512131
99_sik,2020-05-22,50,6.773735783994198
99_sik,2020-05-22,65,6.613330498337746
99_sik,2020-05-22,80,6.574510954320431
99_sik,2020-05-23,5,7.857020795345306
99_sik,2020-05-23,10,7.793298147618771
99_sik,2020-05-23,15,7.618243977427483
99_sik,2020-05-23,20,7.232245869934559
99_sik,2020-05-23,30,6.124057754874229
99_sik,2020-05-23,40,6.556199848651886
99_sik,2020-05-23,50,6.727591797709465
99_sik,2020-05-23,65,6.643360711634159
99_sik,2020-05-23,80,6.567186512053013
99_sik,2020-05-24,5,8.078951396048069
99_sik,2020-05-24,10,7.985930979251862
99_sik,2020-05-24,15,7.639484860002994
99_sik,2020-05-24,20,7.250556975603104
99_sik,2020-05-24,30,6.291055038571358
99_sik,2020-05-24,40,6.462446987628937
99_sik,2020-05-24,50,6.633838936686516
99_sik,2020-05-24,65,6.668996259570122
99_sik,2020-05-24,80,6.569383844733238
99_sik,2020-05-25,5,8.451033063232899
99_sik,2020-05-25,10,8.174169145524502
99_sik,2020-05-25,15,7.651936411857605
99_sik,2020-05-25,20,7.284981854259968
99_sik,2020-05-25,30,6.400921672582626
99_sik,2020-05-25,40,6.401654116809368
99_sik,2020-05-25,50,6.57011628895998
99_sik,2020-05-25,65,6.699026472866535
99_sik,2020-05-25,80,6.592822059988976
99_sik,2020-05-26,5,8.645130783319473
99_sik,2020-05-26,10,8.297219775617123
99_sik,2020-05-26,15,7.70320750772953
99_sik,2020-05-26,20,7.363353386521339
99_sik,2020-05-26,30,6.503463864326477
99_sik,2020-05-26,40,6.406048782169819
99_sik,2020-05-26,50,6.617725163698196
99_sik,2020-05-26,65,6.793511778116226
99_sik,2020-05-26,80,6.682180255651474
99_sik,2020-05-27,5,8.79528184980154
99_sik,2020-05-27,10,8.358012646436691
99_sik,2020-05-27,15,7.695150621235371
99_sik,2020-05-27,20,7.391186267137527
99_sik,2020-05-27,30,6.6558122634887695
99_sik,2020-05-27,40,6.556932292878628
99_sik,2020-05-27,50,6.878475308418274
99_sik,2020-05-27,65,7.1143223494291306
99_sik,2020-05-27,80,6.849909983575344
99_sik,2020-05-28,5,9.149784855544569
99_sik,2020-05-28,10,8.401226855814457
99_sik,2020-05-28,15,7.73177283257246
99_sik,2020-05-28,20,7.529618225991726
99_sik,2020-05-28,30,7.137760564684868
99_sik,2020-05-28,40,7.190496549010277
99_sik,2020-05-28,50,7.632892861962318
99_sik,2020-05-28,65,7.595538206398487
99_sik,2020-05-28,80,6.964171282947064
99_sik,2020-05-29,5,9.897610411047935
99_sik,2020-05-29,10,8.79528184980154
99_sik,2020-05-29,15,8.190282918512821
99_sik,2020-05-29,20,8.12436293810606
99_sik,2020-05-29,30,8.144138932228088
99_sik,2020-05-29,40,8.286233112215996
99_sik,2020-05-29,50,8.53306681662798
99_sik,2020-05-29,65,7.753746159374714
99_sik,2020-05-29,80,7.044007703661919
99_sik,2020-05-30,5,10.588305316865444
99_sik,2020-05-30,10,9.65370648354292
99_sik,2020-05-30,15,9.064088881015778
99_sik,2020-05-30,20,9.080202654004095
99_sik,2020-05-30,30,9.26990570873022
99_sik,2020-05-30,40,9.243537716567516
99_sik,2020-05-30,50,8.971800908446312
99_sik,2020-05-30,65,7.679036848247051
99_sik,2020-05-30,80,7.098208576440811
99_sik,2020-05-31,5,10.887142561376097
99_sik,2020-05-31,10,10.282876074314116
99_sik,2020-05-31,15,9.90713218599558
99_sik,2020-05-31,20,9.962797947227957
99_sik,2020-05-31,30,10.022858373820782
99_sik,2020-05-31,40,9.78115177899599
99_sik,2020-05-31,50,8.845820501446724
99_sik,2020-05-31,65,7.64168219268322
99_sik,2020-05-31,80,7.13849300891161
99_sik,2020-06-01,5,11.086367391049862
99_sik,2020-06-01,10,10.57805109769106
99_sik,2020-06-01,15,10.449140913784504
99_sik,2020-06-01,20,10.523850224912168
99_sik,2020-06-01,30,10.435956917703152
99_sik,2020-06-01,40,9.81777399033308
99_sik,2020-06-01,50,8.531601928174496
99_sik,2020-06-01,65,7.6292306408286095
99_sik,2020-06-01,80,7.166325889527798
99_sik,2020-06-02,5,11.385937079787254
99_sik,2020-06-02,10,10.728934608399868
99_sik,2020-06-02,15,10.735526606440544
99_sik,2020-06-02,20,10.810968361794949
99_sik,2020-06-02,30,10.68425551056862
99_sik,2020-06-02,40,9.705710023641586
99_sik,2020-06-02,50,8.384380638599396
99_sik,2020-06-02,65,7.62117375433445
99_sik,2020-06-02,80,7.19196143746376
99_sik,2020-06-03,5,11.755088970065117
99_sik,2020-06-03,10,10.910580776631832
99_sik,2020-06-03,15,10.931821659207344
99_sik,2020-06-03,20,11.023377187550068
99_sik,2020-06-03,30,10.84026613086462
99_sik,2020-06-03,40,9.611224718391895
99_sik,2020-06-03,50,8.401226855814457
99_sik,2020-06-03,65,7.606524869799614
99_sik,2020-06-03,80,7.217596985399723
99_sik,2020-06-04,5,11.957243576645851
99_sik,2020-06-04,10,11.0607318431139
99_sik,2020-06-04,15,11.160344257950785
99_sik,2020-06-04,20,11.23285623639822
99_sik,2020-06-04,30,10.799981698393822
99_sik,2020-06-04,40,9.33875546604395
99_sik,2020-06-04,50,8.286965556442738
99_sik,2020-06-04,65,7.569170214235783
99_sik,2020-06-04,80,7.22858364880085
99_sik,2020-06-05,5,12.494857639074326
99_sik,2020-06-05,10,11.328806430101396
99_sik,2020-06-05,15,11.389599300920963
99_sik,2020-06-05,20,11.440870396792889
99_sik,2020-06-05,30,10.771416373550892
99_sik,2020-06-05,40,9.192999064922333
99_sik,2020-06-05,50,8.240089125931263
99_sik,2020-06-05,65,7.566972881555557
99_sik,2020-06-05,80,7.234443202614784
99_sik,2020-06-06,5,12.99951171129942
99_sik,2020-06-06,10,11.700888097286224
99_sik,2020-06-06,15,11.573442801833153
99_sik,2020-06-06,20,11.62105167657137
99_sik,2020-06-06,30,10.847590573132038
99_sik,2020-06-06,40,9.252327047288418
99_sik,2020-06-06,50,8.334574431180954
99_sik,2020-06-06,65,7.609454646706581
99_sik,2020-06-06,80,7.239570312201977
99_sik,2020-06-07,5,13.055909916758536
99_sik,2020-06-07,10,12.000457786023617
99_sik,2020-06-07,15,11.758751191198826
99_sik,2020-06-07,20,11.78511918336153
99_sik,2020-06-07,30,10.920102551579475
99_sik,2020-06-07,40,9.316049695014954
99_sik,2020-06-07,50,8.428327292203903
99_sik,2020-06-07,65,7.677571959793568
99_sik,2020-06-07,80,7.249824531376362
99_sik,2020-06-08,5,12.956297501921654
99_sik,2020-06-08,10,12.15720085054636
99_sik,2020-06-08,15,11.915494255721567
99_sik,2020-06-08,20,11.91622669994831
99_sik,2020-06-08,30,10.890072338283062
99_sik,2020-06-08,40,9.255989268422129
99_sik,2020-06-08,50,8.388042859733105
99_sik,2020-06-08,65,7.71126439422369
99_sik,2020-06-08,80,7.256416529417038
99_sik,2020-06-09,5,12.906491294503212
99_sik,2020-06-09,10,12.189428396523
99_sik,2020-06-09,15,11.962370686233044
99_sik,2020-06-09,20,11.935270249843596
99_sik,2020-06-09,30,10.735526606440544
99_sik,2020-06-09,40,9.105105757713318
99_sik,2020-06-09,50,8.281106002628803
99_sik,2020-06-09,65,7.6922208443284035
99_sik,2020-06-09,80,7.254951640963554
99_sik,2020-06-10,5,12.735831789672377
99_sik,2020-06-10,10,12.07150487601757
99_sik,2020-06-10,15,11.873012490570543
99_sik,2020-06-10,20,11.832728058099748
99_sik,2020-06-10,30,10.555345326662064
99_sik,2020-06-10,40,8.941038250923157
99_sik,2020-06-10,50,8.182958476245403
99_sik,2020-06-10,65,7.6468093022704124
99_sik,2020-06-10,80,7.24909208714962
99_sik,2020-06-11,5,12.55784784257412
99_sik,2020-06-11,10,11.74044008553028
99_sik,2020-06-11,15,11.564653471112251
99_sik,2020-06-11,20,11.533890813589096
99_sik,2020-06-11,30,10.39420759677887
99_sik,2020-06-11,40,8.867793828248978
99_sik,2020-06-11,50,8.182226032018661
99_sik,2020-06-11,65,7.623371087014675
99_sik,2020-06-11,80,7.255684085190296
99_sik,2020-06-12,5,12.650135815143583
99_sik,2020-06-12,10,11.654744111001492
99_sik,2020-06-12,15,11.42915128916502
99_sik,2020-06-12,20,11.385937079787254
99_sik,2020-06-12,30,10.323160506784916
99_sik,2020-06-12,40,8.877315603196621
99_sik,2020-06-12,50,8.257667787373066
99_sik,2020-06-12,65,7.615314200520515
99_sik,2020-06-12,80,7.268868081271648
99_sik,2020-06-13,5,12.907956182956696
99_sik,2020-06-13,10,11.68257699161768
99_sik,2020-06-13,15,11.38813441246748
99_sik,2020-06-13,20,11.338328205049038
99_sik,2020-06-13,30,10.321695618331432
99_sik,2020-06-13,40,8.91760003566742
99_sik,2020-06-13,50,8.35361798107624
99_sik,2020-06-13,65,7.616046644747257
99_sik,2020-06-13,80,7.283516965806484
99_sik,2020-06-14,5,12.903561517596245
99_sik,2020-06-14,10,11.589556574821472
99_sik,2020-06-14,15,11.259224228560925
99_sik,2020-06-14,20,11.190374471247196
99_sik,2020-06-14,30,10.174474328756332
99_sik,2020-06-14,40,8.859004497528076
99_sik,2020-06-14,50,8.362407311797142
99_sik,2020-06-14,65,7.612384423613548
99_sik,2020-06-14,80,7.292306296527386
99_sik,2020-06-15,5,12.772454001009464
99_sik,2020-06-15,10,11.373485527932644
99_sik,2020-06-15,15,10.980895422399044
99_sik,2020-06-15,20,10.884212784469128
99_sik,2020-06-15,30,9.939359731972218
99_sik,2020-06-15,40,8.768181413412094
99_sik,2020-06-15,50,8.314065992832184
99_sik,2020-06-15,65,7.606524869799614
99_sik,2020-06-15,80,7.2967009618878365
99_sik,2020-06-16,5,12.824457541108131
99_sik,2020-06-16,10,11.124454490840437
99_sik,2020-06-16,15,10.571459099650385
99_sik,2020-06-16,20,10.45133824646473
99_sik,2020-06-16,30,9.735007792711258
99_sik,2020-06-16,40,8.705923654139042
99_sik,2020-06-16,50,8.267922006547451
99_sik,2020-06-16,65,7.603595092892647
99_sik,2020-06-16,80,7.301828071475029
99_sik,2020-06-17,5,13.72756127268076
99_sik,2020-06-17,10,11.203558467328548
99_sik,2020-06-17,15,10.254310749471188
99_sik,2020-06-17,20,10.099032573401928
99_sik,2020-06-17,30,9.61268960684538
99_sik,2020-06-17,40,8.71324809640646
99_sik,2020-06-17,50,8.280373558402061
99_sik,2020-06-17,65,7.60505998134613
99_sik,2020-06-17,80,7.312082290649414
99_sik,2020-06-18,5,13.472670681774616
99_sik,2020-06-18,10,10.98309275507927
99_sik,2020-06-18,15,9.787743777036669
99_sik,2020-06-18,20,9.608294941484928
99_sik,2020-06-18,30,9.33875546604395
99_sik,2020-06-18,40,8.629017010331154
99_sik,2020-06-18,50,8.228370018303394
99_sik,2020-06-18,65,7.6079897582530975
99_sik,2020-06-18,80,7.341380059719086
99_sik,2020-06-19,5,13.360606715083122
99_sik,2020-06-19,10,10.896664336323738
99_sik,2020-06-19,15,9.511612303555012
99_sik,2020-06-19,20,9.250862158834934
99_sik,2020-06-19,30,9.052369773387907
99_sik,2020-06-19,40,8.50083927065134
99_sik,2020-06-19,50,8.12875760346651
99_sik,2020-06-19,65,7.61311686784029
99_sik,2020-06-19,80,7.374340049922466
99_sik,2020-06-20,5,13.50709556043148
99_sik,2020-06-20,10,11.014587856829166
99_sik,2020-06-20,15,9.477187424898148
99_sik,2020-06-20,20,9.119754642248154
99_sik,2020-06-20,30,8.850215166807175
99_sik,2020-06-20,40,8.422467738389969
99_sik,2020-06-20,50,8.070162065327168
99_sik,2020-06-20,65,7.624103531241417
99_sik,2020-06-20,80,7.40437026321888
99_sik,2020-06-21,5,13.58912931382656
99_sik,2020-06-21,10,10.923764772713184
99_sik,2020-06-21,15,9.295541256666183
99_sik,2020-06-21,20,8.916867591440678
99_sik,2020-06-21,30,8.659779667854309
99_sik,2020-06-21,40,8.344828650355339
99_sik,2020-06-21,50,8.022553190588951
99_sik,2020-06-21,65,7.636555083096027
99_sik,2020-06-21,80,7.435865364968777
99_sik,2020-06-22,5,13.820581689476969
99_sik,2020-06-22,10,10.622730195522308
99_sik,2020-06-22,15,8.97473068535328
99_sik,2020-06-22,20,8.597521908581257
99_sik,2020-06-22,30,8.390972636640072
99_sik,2020-06-22,40,8.137546934187412
99_sik,2020-06-22,50,7.868007458746433
99_sik,2020-06-22,65,7.612384423613548
99_sik,2020-06-22,80,7.451979137957096
99_sik,2020-06-23,5,13.878444783389568
99_sik,2020-06-23,10,10.677663512527944
99_sik,2020-06-23,15,8.968871131539345
99_sik,2020-06-23,20,8.548448145389557
99_sik,2020-06-23,30,8.183690920472145
99_sik,2020-06-23,40,7.937589660286903
99_sik,2020-06-23,50,7.717123948037624
99_sik,2020-06-23,65,7.555253773927689
99_sik,2020-06-23,80,7.446852028369904
99_sik,2020-06-24,5,14.015411853790283
99_sik,2020-06-24,10,10.972106091678144
99_sik,2020-06-24,15,9.184942178428171
99_sik,2020-06-24,20,8.715445429086685
99_sik,2020-06-24,30,8.142674043774605
99_sik,2020-06-24,40,7.8672750145196915
99_sik,2020-06-24,50,7.657063521444797
99_sik,2020-06-24,65,7.507644899189472
99_sik,2020-06-24,80,7.440992474555969
99_sik,2020-06-25,5,13.21631520241499
99_sik,2020-06-25,10,11.406445518136024
99_sik,2020-06-25,15,9.369518123567104
99_sik,2020-06-25,20,8.874385826289654
99_sik,2020-06-25,30,8.125095382332802
99_sik,2020-06-25,40,7.778649263083935
99_sik,2020-06-25,50,7.589678652584553
99_sik,2020-06-25,65,7.421216480433941
99_sik,2020-06-25,80,7.415356926620007
99_sik,2020-06-26,5,11.970427572727203
99_sik,2020-06-26,10,11.87081515789032
99_sik,2020-06-26,15,10.063875250518322
99_sik,2020-06-26,20,9.406140334904194
99_sik,2020-06-26,30,8.15732292830944
99_sik,2020-06-26,40,7.656331077218056
99_sik,2020-06-26,50,7.476149797439575
99_sik,2020-06-26,65,7.279854744672775
99_sik,2020-06-26,80,7.380199603736401
99_sik,2020-06-27,5,12.306619472801684
99_sik,2020-06-27,10,12.244361713528631
99_sik,2020-06-27,15,10.833674132823944
99_sik,2020-06-27,20,10.041169479489326
99_sik,2020-06-27,30,8.36973175406456
99_sik,2020-06-27,40,7.671712405979633
99_sik,2020-06-27,50,7.409497372806072
99_sik,2020-06-27,65,7.15900144726038
99_sik,2020-06-27,80,7.34723961353302
99_sik,2020-06-28,5,13.15478988736868
99_sik,2020-06-28,10,12.955565057694912
99_sik,2020-06-28,15,11.407177962362766
99_sik,2020-06-28,20,10.722342610359192
99_sik,2020-06-28,30,8.892696931958199
99_sik,2020-06-28,40,8.043061628937721
99_sik,2020-06-28,50,7.588946208357811
99_sik,2020-06-28,65,7.128238789737225
99_sik,2020-06-28,80,7.333323173224926
99_sik,2020-06-29,5,13.65358440577984
99_sik,2020-06-29,10,13.329844057559969
99_sik,2020-06-29,15,11.892788484692574
99_sik,2020-06-29,20,11.32221443206072
99_sik,2020-06-29,30,9.28162481635809
99_sik,2020-06-29,40,8.264259785413742
99_sik,2020-06-29,50,7.7237159460783005
99_sik,2020-06-29,65,7.183172106742859
99_sik,2020-06-29,80,7.33918272703886
99_sik,2020-06-30,5,13.99783319234848
99_sik,2020-06-30,10,13.643330186605452
99_sik,2020-06-30,15,12.23923460394144
99_sik,2020-06-30,20,11.640827670693398
99_sik,2020-06-30,30,9.516739413142204
99_sik,2020-06-30,40,8.3126011043787
99_sik,2020-06-30,50,7.748619049787521
99_sik,2020-06-30,65,7.230780981481075
99_sik,2020-06-30,80,7.347972057759762
99_sik,2020-07-01,5,14.391155742108822
99_sik,2020-07-01,10,13.950956761837006
99_sik,2020-07-01,15,12.659657590091228
99_sik,2020-07-01,20,11.943327136337755
99_sik,2020-07-01,30,9.775292225182056
99_sik,2020-07-01,40,8.425397515296936
99_sik,2020-07-01,50,7.829187914729118
99_sik,2020-07-01,65,7.280587188899517
99_sik,2020-07-01,80,7.360423609614372
99_sik,2020-07-02,5,14.66801965981722
99_sik,2020-07-02,10,14.162633143365383
99_sik,2020-07-02,15,12.916013069450855
99_sik,2020-07-02,20,12.168187513947489
99_sik,2020-07-02,30,9.921781070530416
99_sik,2020-07-02,40,8.531601928174496
99_sik,2020-07-02,50,7.936857216060162
99_sik,2020-07-02,65,7.386791601777077
99_sik,2020-07-02,80,7.389721378684044
99_sik,2020-07-03,5,14.93462935835123
99_sik,2020-07-03,10,14.376506857573986
99_sik,2020-07-03,15,13.137943670153618
99_sik,2020-07-03,20,12.393780335783958
99_sik,2020-07-03,30,10.069734804332256
99_sik,2020-07-03,40,8.642201006412506
99_sik,2020-07-03,50,8.055513180792332
99_sik,2020-07-03,65,7.539872445166111
99_sik,2020-07-03,80,7.422681368887424
99_sik,2020-07-04,5,15.238593712449074
99_sik,2020-07-04,10,14.465132609009745
99_sik,2020-07-04,15,13.111575677990912
99_sik,2020-07-04,20,12.352031014859676
99_sik,2020-07-04,30,9.957670837640762
99_sik,2020-07-04,40,8.563829474151134
99_sik,2020-07-04,50,8.055513180792332
99_sik,2020-07-04,65,7.657063521444797
99_sik,2020-07-04,80,7.475417353212833
99_sik,2020-07-05,5,15.550614953041077
99_sik,2020-07-05,10,14.61528367549181
99_sik,2020-07-05,15,13.288827180862429
99_sik,2020-07-05,20,12.513901188969612
99_sik,2020-07-05,30,10.00527971237898
99_sik,2020-07-05,40,8.600451685488224
99_sik,2020-07-05,50,8.125095382332802
99_sik,2020-07-05,65,7.741294607520103
99_sik,2020-07-05,80,7.538407556712627
99_sik,2020-07-06,5,15.705893129110336
99_sik,2020-07-06,10,14.744926303625109
99_sik,2020-07-06,15,13.44996491074562
99_sik,2020-07-06,20,12.66844692081213
99_sik,2020-07-06,30,10.089510798454285
99_sik,2020-07-06,40,8.72936186939478
99_sik,2020-07-06,50,8.286233112215996
99_sik,2020-07-06,65,7.856288351118565
99_sik,2020-07-06,80,7.619708865880966
99_sik,2020-07-07,5,15.77694021910429
99_sik,2020-07-07,10,14.761040076613426
99_sik,2020-07-07,15,13.427991583943369
99_sik,2020-07-07,20,12.650135815143583
99_sik,2020-07-07,30,10.143711671233175
99_sik,2020-07-07,40,8.920529812574387
99_sik,2020-07-07,50,8.506698824465275
99_sik,2020-07-07,65,8.007904306054115
99_sik,2020-07-07,80,7.7061372846364975
99_sik,2020-07-08,5,15.685384690761566
99_sik,2020-07-08,10,14.654835663735868
99_sik,2020-07-08,15,13.315195173025131
99_sik,2020-07-08,20,12.593737609684467
99_sik,2020-07-08,30,10.38981293141842
99_sik,2020-07-08,40,9.286751925945282
99_sik,2020-07-08,50,8.833368949592113
99_sik,2020-07-08,65,8.219580687582493
99_sik,2020-07-08,80,7.776451930403709
99_sik,2020-07-09,5,15.787194438278677
99_sik,2020-07-09,10,14.649708554148674
99_sik,2020-07-09,15,13.321054726839066
99_sik,2020-07-09,20,12.707998909056188
99_sik,2020-07-09,30,10.941343434154987
99_sik,2020-07-09,40,9.792138442397118
99_sik,2020-07-09,50,9.217169724404812
99_sik,2020-07-09,65,8.456160172820091
99_sik,2020-07-09,80,7.820398584008217
99_sik,2020-07-10,5,15.951261945068836
99_sik,2020-07-10,10,14.613818787038326
99_sik,2020-07-10,15,13.311532951891422
99_sik,2020-07-10,20,12.887447744607924
99_sik,2020-07-10,30,11.66206855326891
99_sik,2020-07-10,40,10.186925880610945
99_sik,2020-07-10,50,9.414197221398354
99_sik,2020-07-10,65,8.622425012290478
99_sik,2020-07-10,80,7.875331901013851
99_sik,2020-07-11,5,16.118259228765965
99_sik,2020-07-11,10,14.567674800753592
99_sik,2020-07-11,15,13.451429799199104
99_sik,2020-07-11,20,13.26099430024624
99_sik,2020-07-11,30,12.267067484557629
99_sik,2020-07-11,40,10.286538295447826
99_sik,2020-07-11,50,9.390026561915874
99_sik,2020-07-11,65,8.711783207952976
99_sik,2020-07-11,80,7.945646546781063
99_sik,2020-07-12,5,16.367290265858173
99_sik,2020-07-12,10,14.679006323218346
99_sik,2020-07-12,15,13.795678585767746
99_sik,2020-07-12,20,13.740745268762112
99_sik,2020-07-12,30,12.595202498137953
99_sik,2020-07-12,40,10.225012980401516
99_sik,2020-07-12,50,9.381969675421717
99_sik,2020-07-12,65,8.792352072894573
99_sik,2020-07-12,80,7.999847419559956
99_sik,2020-07-13,5,16.442732021212578
99_sik,2020-07-13,10,14.76616718620062
99_sik,2020-07-13,15,14.04251229017973
99_sik,2020-07-13,20,13.994903415441511
99_sik,2020-07-13,30,12.659657590091228
99_sik,2020-07-13,40,10.155430778861046
99_sik,2020-07-13,50,9.390026561915874
99_sik,2020-07-13,65,8.849482722580433
99_sik,2020-07-13,80,8.05478073656559
99_sik,2020-07-14,5,16.81188391149044
99_sik,2020-07-14,10,14.732474751770496
99_sik,2020-07-14,15,13.996368303894997
99_sik,2020-07-14,20,13.890163891017435
99_sik,2020-07-14,30,12.47581408917904
99_sik,2020-07-14,40,10.025055706501009
99_sik,2020-07-14,50,9.360728792846205
99_sik,2020-07-14,65,8.873653382062912
99_sik,2020-07-14,80,8.100192278623581
99_sik,2020-07-15,5,17.041871398687363
99_sik,2020-07-15,10,14.96685690432787
99_sik,2020-07-15,15,13.868923008441923
99_sik,2020-07-15,20,13.676290176808834
99_sik,2020-07-15,30,12.27146214991808
99_sik,2020-07-15,40,9.947416618466375
99_sik,2020-07-15,50,9.348277240991592
99_sik,2020-07-15,65,8.880245380103588
99_sik,2020-07-15,80,8.129490047693253
99_sik,2020-07-16,5,17.33558153361082
99_sik,2020-07-16,10,15.106753751635551
99_sik,2020-07-16,15,13.747337266802788
99_sik,2020-07-16,20,13.47047334909439
99_sik,2020-07-16,30,12.18137151002884
99_sik,2020-07-16,40,9.97305216640234
99_sik,2020-07-16,50,9.385631896555424
99_sik,2020-07-16,65,8.896359153091908
99_sik,2020-07-16,80,8.155858039855957
99_sik,2020-07-17,5,17.628559224307537
99_sik,2020-07-17,10,15.127262189984322
99_sik,2020-07-17,15,13.326181836426258
99_sik,2020-07-17,20,12.945310838520529
99_sik,2020-07-17,30,11.79757073521614
99_sik,2020-07-17,40,9.871974863111973
99_sik,2020-07-17,50,9.370250567793846
99_sik,2020-07-17,65,8.859736941754818
99_sik,2020-07-17,80,8.168309591710567
99_sik,2020-07-18,5,17.710592977702618
99_sik,2020-07-18,10,15.081118203699589
99_sik,2020-07-18,15,12.839838869869707
99_sik,2020-07-18,20,12.352031014859676
99_sik,2020-07-18,30,11.142033152282238
99_sik,2020-07-18,40,9.603167831897736
99_sik,2020-07-18,50,9.255256824195383
99_sik,2020-07-18,65,8.741080977022648
99_sik,2020-07-18,80,8.160252705216408
99_sik,2020-07-19,5,17.63734855502844
99_sik,2020-07-19,10,15.211493276059628
99_sik,2020-07-19,15,12.682363361120224
99_sik,2020-07-19,20,12.119113750755789
99_sik,2020-07-19,30,10.839533686637878
99_sik,2020-07-19,40,9.52259896695614
99_sik,2020-07-19,50,9.209112837910652
99_sik,2020-07-19,65,8.659047223627567
99_sik,2020-07-19,80,8.150730930268764
99_sik,2020-07-20,5,17.712790310382843
99_sik,2020-07-20,10,15.43781854212284
99_sik,2020-07-20,15,12.915280625224112
99_sik,2020-07-20,20,12.347636349499226
99_sik,2020-07-20,30,11.237983345985413
99_sik,2020-07-20,40,9.902005076408386
99_sik,2020-07-20,50,9.440565213561058
99_sik,2020-07-20,65,8.802606292068958
99_sik,2020-07-20,80,8.192480251193047
99_sik,2020-07-21,5,17.811670280992985
99_sik,2020-07-21,10,15.472975865006449
99_sik,2020-07-21,15,13.11816767603159
99_sik,2020-07-21,20,12.666249588131905
99_sik,2020-07-21,30,11.917691588401794
99_sik,2020-07-21,40,10.538499109447002
99_sik,2020-07-21,50,9.921781070530416
99_sik,2020-07-21,65,9.116824865341188
99_sik,2020-07-21,80,8.275246448814869
99_sik,2020-07-22,5,17.939115576446056
99_sik,2020-07-22,10,15.605548270046713
99_sik,2020-07-22,15,13.436780914664268
99_sik,2020-07-22,20,13.129154339432716
99_sik,2020-07-22,30,12.71385846287012
99_sik,2020-07-22,40,11.221869572997091
99_sik,2020-07-22,50,10.457930244505404
99_sik,2020-07-22,65,9.430310994386671
99_sik,2020-07-22,80,8.358745090663433
99_sik,2020-07-23,5,18.170567952096462
99_sik,2020-07-23,10,15.882412187755108
99_sik,2020-07-23,15,13.78908658772707
99_sik,2020-07-23,20,13.601580865681171
99_sik,2020-07-23,30,13.483657345175745
99_sik,2020-07-23,40,11.831995613873003
99_sik,2020-07-23,50,10.895199447870256
99_sik,2020-07-23,65,9.674947366118433
99_sik,2020-07-23,80,8.433454401791096
99_sik,2020-07-24,5,18.31339457631111
99_sik,2020-07-24,10,16.001068152487278
99_sik,2020-07-24,15,14.05935850739479
99_sik,2020-07-24,20,14.008819855749609
99_sik,2020-07-24,30,14.041047401726246
99_sik,2020-07-24,40,12.155735962092876
99_sik,2020-07-24,50,11.103213608264925
99_sik,2020-07-24,65,9.765038006007671
99_sik,2020-07-24,80,8.506698824465275
99_sik,2020-07-25,5,18.49650563299656
99_sik,2020-07-25,10,15.754234448075294
99_sik,2020-07-25,15,14.1699575856328
99_sik,2020-07-25,20,14.290810883045197
99_sik,2020-07-25,30,14.039582513272762
99_sik,2020-07-25,40,12.040009774267672
99_sik,2020-07-25,50,11.049745179712772
99_sik,2020-07-25,65,9.761375784873962
99_sik,2020-07-25,80,8.56602680683136
99_sik,2020-07-26,5,18.010895110666752
99_sik,2020-07-26,10,15.683919802308084
99_sik,2020-07-26,15,14.33256020396948
99_sik,2020-07-26,20,14.449018836021423
99_sik,2020-07-26,30,13.667500846087933
99_sik,2020-07-26,40,11.76021607965231
99_sik,2020-07-26,50,10.87688834220171
99_sik,2020-07-26,65,9.685934029519558
99_sik,2020-07-26,80,8.59459213167429
99_sik,2020-07-27,5,17.49452193081379
99_sik,2020-07-27,10,15.787194438278677
99_sik,2020-07-27,15,14.364787749946116
99_sik,2020-07-27,20,14.329630427062511
99_sik,2020-07-27,30,13.348155163228512
99_sik,2020-07-27,40,11.554399251937866
99_sik,2020-07-27,50,10.716483056545258
99_sik,2020-07-27,65,9.561418510973454
99_sik,2020-07-27,80,8.588732577860355
99_sik,2020-07-28,5,17.57289346307516
99_sik,2020-07-28,10,16.20249031484127
99_sik,2020-07-28,15,14.375774413347244
99_sik,2020-07-28,20,14.230018012225628
99_sik,2020-07-28,30,13.285164959728718
99_sik,2020-07-28,40,11.558793917298315
99_sik,2020-07-28,50,10.70110172778368
99_sik,2020-07-28,65,9.44935454428196
99_sik,2020-07-28,80,8.576281026005745
99_sik,2020-07-29,5,18.13687551766634
99_sik,2020-07-29,10,16.60679952800274
99_sik,2020-07-29,15,14.436567284166811
99_sik,2020-07-29,20,14.220496237277985
99_sik,2020-07-29,30,13.460219129920006
99_sik,2020-07-29,40,11.808557398617268
99_sik,2020-07-29,50,10.926694549620152
99_sik,2020-07-29,65,9.45814387500286
99_sik,2020-07-29,80,8.59459213167429
99_sik,2020-07-30,5,18.57853938639164
99_sik,2020-07-30,10,16.73863948881626
99_sik,2020-07-30,15,14.38602863252163
99_sik,2020-07-30,20,14.137730039656162
99_sik,2020-07-30,30,13.556901767849922
99_sik,2020-07-30,40,11.979949347674848
99_sik,2020-07-30,50,11.147892706096172
99_sik,2020-07-30,65,9.543107405304909
99_sik,2020-07-30,80,8.653920114040375
99_sik,2020-07-31,5,18.71843623369932
99_sik,2020-07-31,10,16.817743465304375
99_sik,2020-07-31,15,14.440229505300522
99_sik,2020-07-31,20,14.186803802847862
99_sik,2020-07-31,30,13.696066170930862
99_sik,2020-07-31,40,12.130100414156914
99_sik,2020-07-31,50,11.329538874328136
99_sik,2020-07-31,65,9.659566037356852
99_sik,2020-07-31,80,8.73375653475523
99_sik,2020-08-01,5,18.79094821214676
99_sik,2020-08-01,10,16.886593222618103
99_sik,2020-08-01,15,14.65263833105564
99_sik,2020-08-01,20,14.432905063033104
99_sik,2020-08-01,30,13.856471456587316
99_sik,2020-08-01,40,12.277321703732014
99_sik,2020-08-01,50,11.495803713798525
99_sik,2020-08-01,65,9.82583087682724
99_sik,2020-08-01,80,8.837031170725822
99_sik,2020-08-02,5,18.875179298222065
99_sik,2020-08-02,10,16.80309458076954
99_sik,2020-08-02,15,14.971984013915062
99_sik,2020-08-02,20,14.821832947432997
99_sik,2020-08-02,30,13.824976354837418
99_sik,2020-08-02,40,12.261940374970436
99_sik,2020-08-02,50,11.514114819467068
99_sik,2020-08-02,65,10.019196152687073
99_sik,2020-08-02,80,8.940305806696415
99_sik,2020-08-03,5,19.074404127895832
99_sik,2020-08-03,10,16.671254619956017
99_sik,2020-08-03,15,15.356517232954502
99_sik,2020-08-03,20,15.199041724205015
99_sik,2020-08-03,30,13.586931981146336
99_sik,2020-08-03,40,12.098605312407017
99_sik,2020-08-03,50,11.391796633601189
99_sik,2020-08-03,65,10.140049450099468
99_sik,2020-08-03,80,9.01574756205082
99_sik,2020-08-04,5,19.021668143570423
99_sik,2020-08-04,10,16.883663445711136
99_sik,2020-08-04,15,15.8296762034297
99_sik,2020-08-04,20,15.60481582581997
99_sik,2020-08-04,30,13.483657345175745
99_sik,2020-08-04,40,12.019501335918903
99_sik,2020-08-04,50,11.38813441246748
99_sik,2020-08-04,65,10.27994629740715
99_sik,2020-08-04,80,9.09338665008545
99_sik,2020-08-05,5,19.28974273055792
99_sik,2020-08-05,10,17.20081179589033
99_sik,2020-08-05,15,16.30796228349209
99_sik,2020-08-05,20,16.025238811969757
99_sik,2020-08-05,30,13.512222670018671
99_sik,2020-08-05,40,12.027558222413065
99_sik,2020-08-05,50,11.542680144309998
99_sik,2020-08-05,65,10.587572872638702
99_sik,2020-08-05,80,9.209845282137394
99_sik,2020-08-06,5,19.5856501981616
99_sik,2020-08-06,10,17.446913056075573
99_sik,2020-08-06,15,16.445661798119545
99_sik,2020-08-06,20,15.924893952906132
99_sik,2020-08-06,30,13.321787171065807
99_sik,2020-08-06,40,11.990203566849232
99_sik,2020-08-06,50,11.675252549350262
99_sik,2020-08-06,65,10.854182571172714
99_sik,2020-08-06,80,9.334360800683498
99_sik,2020-08-07,5,19.58491775393486
99_sik,2020-08-07,10,18.34855189919472
99_sik,2020-08-07,15,16.158543661236763
99_sik,2020-08-07,20,15.334543906152248
99_sik,2020-08-07,30,13.036133922636507
99_sik,2020-08-07,40,12.064912877976894
99_sik,2020-08-07,50,11.814416952431202
99_sik,2020-08-07,65,11.051942512392998
99_sik,2020-08-07,80,9.45374920964241
99_sik,2020-08-08,5,19.33515427261591
99_sik,2020-08-08,10,18.670094914734364
99_sik,2020-08-08,15,16.105807676911354
99_sik,2020-08-08,20,15.09430219978094
99_sik,2020-08-08,30,12.883785523474216
99_sik,2020-08-08,40,12.081026650965214
99_sik,2020-08-08,50,11.812219619750977
99_sik,2020-08-08,65,11.112002938985825
99_sik,2020-08-08,80,9.543107405304909
99_sik,2020-08-09,5,19.056093022227287
99_sik,2020-08-09,10,18.30899991095066
99_sik,2020-08-09,15,15.766685999929903
99_sik,2020-08-09,20,14.70171209424734
99_sik,2020-08-09,30,12.553453177213669
99_sik,2020-08-09,40,11.905240036547184
99_sik,2020-08-09,50,11.562456138432026
99_sik,2020-08-09,65,10.89739678055048
99_sik,2020-08-09,80,9.562150955200195
99_sik,2020-08-10,5,18.941099278628823
99_sik,2020-08-10,10,17.62196722626686
99_sik,2020-08-10,15,15.445875428617
99_sik,2020-08-10,20,14.43070773035288
99_sik,2020-08-10,30,12.524155408143995
99_sik,2020-08-10,40,11.80123295634985
99_sik,2020-08-10,50,11.430616177618504
99_sik,2020-08-10,65,10.704763948917387
99_sik,2020-08-10,80,9.553361624479294
99_sik,2020-08-11,5,19.16742454469204
99_sik,2020-08-11,10,17.57289346307516
99_sik,2020-08-11,15,15.452467426657677
99_sik,2020-08-11,20,14.769829407334328
99_sik,2020-08-11,30,12.700674466788769
99_sik,2020-08-11,40,11.86275827139616
99_sik,2020-08-11,50,11.49507126957178
99_sik,2020-08-11,65,10.665944404900074
99_sik,2020-08-11,80,9.5885189473629
99_sik,2020-08-12,5,19.4699240103364
99_sik,2020-08-12,10,17.610248118638992
99_sik,2020-08-12,15,15.31037324666977
99_sik,2020-08-12,20,14.81597339361906
99_sik,2020-08-12,30,12.698477134108543
99_sik,2020-08-12,40,11.842982277274132
99_sik,2020-08-12,50,11.47383038699627
99_sik,2020-08-12,65,10.64763329923153
99_sik,2020-08-12,80,9.626606047153471
99_sik,2020-08-13,5,20.011200293898582
99_sik,2020-08-13,10,18.114169746637344
99_sik,2020-08-13,15,15.587969608604908
99_sik,2020-08-13,20,15.002746671438215
99_sik,2020-08-13,30,12.687490470707417
99_sik,2020-08-13,40,11.791711181402206
99_sik,2020-08-13,50,11.411572627723215
99_sik,2020-08-13,65,10.605151534080504
99_sik,2020-08-13,80,9.630268268287182
99_sik,2020-08-14,5,20.074190497398376
99_sik,2020-08-14,10,17.937650687992573
99_sik,2020-08-14,15,15.317697688937187
99_sik,2020-08-14,20,14.590380571782587
99_sik,2020-08-14,30,12.42674032598734
99_sik,2020-08-14,40,11.61299479007721
99_sik,2020-08-14,50,11.221869572997091
99_sik,2020-08-14,65,10.4718466848135
99_sik,2020-08-14,80,9.584124282002447
99_sik,2020-08-15,5,19.67061372846365
99_sik,2020-08-15,10,17.055787838995457
99_sik,2020-08-15,15,14.724417865276337
99_sik,2020-08-15,20,13.978789642453194
99_sik,2020-08-15,30,12.20627461373806
99_sik,2020-08-15,40,11.420361958444118
99_sik,2020-08-15,50,11.013122968375685
99_sik,2020-08-15,65,10.19425032287836
99_sik,2020-08-15,80,9.409802556037905
99_sik,2020-08-16,5,19.75704214721918
99_sik,2020-08-16,10,17.569231241941452
99_sik,2020-08-16,15,15.17194128781557
99_sik,2020-08-16,20,14.450483724474909
99_sik,2020-08-16,30,12.447981208562853
99_sik,2020-08-16,40,11.544877476990225
99_sik,2020-08-16,50,11.11786249279976
99_sik,2020-08-16,65,10.036774814128876
99_sik,2020-08-16,80,9.26990570873022
99_sik,2020-08-17,5,19.85885189473629
99_sik,2020-08-17,10,17.926664024591446
99_sik,2020-08-17,15,15.610675379633904
99_sik,2020-08-17,20,14.871639154851437
99_sik,2020-08-17,30,12.658925145864488
99_sik,2020-08-17,40,11.689901433885098
99_sik,2020-08-17,50,11.295846439898014
99_sik,2020-08-17,65,10.071932137012482
99_sik,2020-08-17,80,9.184942178428171
99_sik,2020-08-18,5,20.0009460747242
99_sik,2020-08-18,10,18.344157233834267
99_sik,2020-08-18,15,16.01864681392908
99_sik,2020-08-18,20,15.217352829873562
99_sik,2020-08-18,30,12.81127354502678
99_sik,2020-08-18,40,11.78511918336153
99_sik,2020-08-18,50,11.40864285081625
99_sik,2020-08-18,65,10.160557888448238
99_sik,2020-08-18,80,9.176885291934012
99_sik,2020-08-19,5,20.199438460171223
99_sik,2020-08-19,10,18.662770472466946
99_sik,2020-08-19,15,16.228125862777233
99_sik,2020-08-19,20,15.349192790687084
99_sik,2020-08-19,30,12.808343768119812
99_sik,2020-08-19,40,11.798303179442884
99_sik,2020-08-19,50,11.39619129896164
99_sik,2020-08-19,65,10.150303669273852
99_sik,2020-08-19,80,9.172490626573564
99_sik,2020-08-20,5,20.553209021687508
99_sik,2020-08-20,10,19.18060854077339
99_sik,2020-08-20,15,16.69322794675827
99_sik,2020-08-20,20,15.742515340447426
99_sik,2020-08-20,30,12.961424611508846
99_sik,2020-08-20,40,11.854701384902
99_sik,2020-08-20,50,11.383007302880287
99_sik,2020-08-20,65,10.045564144849775
99_sik,2020-08-20,80,9.084597319364548
99_sik,2020-08-21,5,20.90624713897705
99_sik,2020-08-21,10,19.75630970299244
99_sik,2020-08-21,15,17.26526688784361
99_sik,2020-08-21,20,16.211279645562172
99_sik,2020-08-21,30,13.151860110461712
99_sik,2020-08-21,40,11.92867825180292
99_sik,2020-08-21,50,11.374217972159386
99_sik,2020-08-21,65,9.929105512797832
99_sik,2020-08-21,80,8.965941354632378
99_sik,2020-08-22,5,21.11206396669149
99_sik,2020-08-22,10,20.19357890635729
99_sik,2020-08-22,15,17.745017856359482
99_sik,2020-08-22,20,16.641224406659603
99_sik,2020-08-22,30,13.393566705286505
99_sik,2020-08-22,40,12.02243111282587
99_sik,2020-08-22,50,11.383007302880287
99_sik,2020-08-22,65,9.814111769199371
99_sik,2020-08-22,80,8.883175157010555
99_sik,2020-08-23,5,21.227057710289955
99_sik,2020-08-23,10,20.514389477670196
99_sik,2020-08-23,15,18.229895934462547
99_sik,2020-08-23,20,17.133426927030087
99_sik,2020-08-23,30,13.698263503611088
99_sik,2020-08-23,40,12.111789308488367
99_sik,2020-08-23,50,11.382274858653544
99_sik,2020-08-23,65,9.639057599008083
99_sik,2020-08-23,80,8.804803624749184
99_sik,2020-08-24,5,21.477553635835648
99_sik,2020-08-24,10,20.73924985527992
99_sik,2020-08-24,15,18.6041749343276
99_sik,2020-08-24,20,17.525284588336945
99_sik,2020-08-24,30,13.925321213901045
99_sik,2020-08-24,40,12.12497330456972
99_sik,2020-08-24,50,11.311960212886332
99_sik,2020-08-24,65,9.40833766758442
99_sik,2020-08-24,80,8.70079654455185
99_sik,2020-08-25,5,21.665791802108288
99_sik,2020-08-25,10,20.816888943314552
99_sik,2020-08-25,15,18.849543750286102
99_sik,2020-08-25,20,17.819727167487144
99_sik,2020-08-25,30,14.13699759542942
99_sik,2020-08-25,40,12.09567553550005
99_sik,2020-08-25,50,11.188909582793713
99_sik,2020-08-25,65,9.150517299771307
99_sik,2020-08-25,80,8.57408369332552
99_sik,2020-08-26,5,21.69875179231167
99_sik,2020-08-26,10,20.99633777886629
99_sik,2020-08-26,15,19.41352580487728
99_sik,2020-08-26,20,18.4972380772233
99_sik,2020-08-26,30,14.61894589662552
99_sik,2020-08-26,40,12.234107494354248
99_sik,2020-08-26,50,11.2167424634099
99_sik,2020-08-26,65,8.982055127620697
99_sik,2020-08-26,80,8.48399305343628
99_sik,2020-08-27,5,21.706808678805828
99_sik,2020-08-27,10,21.046876430511475
99_sik,2020-08-27,15,19.74459059536457
99_sik,2020-08-27,20,18.920590840280056
99_sik,2020-08-27,30,14.902401812374592
99_sik,2020-08-27,40,12.242164380848408
99_sik,2020-08-27,50,11.187444694340227
99_sik,2020-08-27,65,8.891232043504715
99_sik,2020-08-27,80,8.407818853855133
99_sik,2020-08-28,5,21.676046021282676
99_sik,2020-08-28,10,20.986816003918648
99_sik,2020-08-28,15,19.87057100236416
99_sik,2020-08-28,20,19.11029389500618
99_sik,2020-08-28,30,15.0042115598917
99_sik,2020-08-28,40,12.138157300651072
99_sik,2020-08-28,50,11.054139845073223
99_sik,2020-08-28,65,8.79088718444109
99_sik,2020-08-28,80,8.347758427262306
99_sik,2020-08-29,5,21.717062897980213
99_sik,2020-08-29,10,21.076906643807888
99_sik,2020-08-29,15,19.894009217619896
99_sik,2020-08-29,20,19.164494767785072
99_sik,2020-08-29,30,14.985168009996414
99_sik,2020-08-29,40,11.98507645726204
99_sik,2020-08-29,50,10.910580776631832
99_sik,2020-08-29,65,8.692007213830948
99_sik,2020-08-29,80,8.29209266602993
99_sik,2020-08-30,5,20.659413434565067
99_sik,2020-08-30,10,20.6301156654954
99_sik,2020-08-30,15,19.876430556178093
99_sik,2020-08-30,20,18.95501571893692
99_sik,2020-08-30,30,14.467329941689968
99_sik,2020-08-30,40,11.235786013305187
99_sik,2020-08-30,50,10.383953377604485
99_sik,2020-08-30,65,8.293557554483414
99_sik,2020-08-30,80,8.235694460570812
99_sik,2020-08-31,5,20.426496170461174
99_sik,2020-08-31,10,20.426496170461174
99_sik,2020-08-31,15,20.4111148416996
99_sik,2020-08-31,20,20.348857082426548
99_sik,2020-08-31,30,16.436872467398643
99_sik,2020-08-31,40,12.105197310447693
99_sik,2020-08-31,50,10.487228013575075
99_sik,2020-08-31,65,7.860683016479015
99_sik,2020-08-31,80,8.203466914594173
99_sik,2020-09-01,5,20.757560960948467
99_sik,2020-09-01,10,20.757560960948467
99_sik,2020-09-01,15,20.75536362826824
99_sik,2020-09-01,20,20.74071474373341
99_sik,2020-09-01,30,18.257728815078732
99_sik,2020-09-01,40,13.757591485977173
99_sik,2020-09-01,50,11.309030435979366
99_sik,2020-09-01,65,7.905362114310265
99_sik,2020-09-01,80,8.191015362739563
99_sik,2020-09-02,5,20.842524491250515
99_sik,2020-09-02,10,20.84105960279703
99_sik,2020-09-02,15,20.839594714343548
99_sik,2020-09-02,20,20.83886227011681
99_sik,2020-09-02,30,19.40913113951683
99_sik,2020-09-02,40,14.890682704746723
99_sik,2020-09-02,50,12.102999977767467
99_sik,2020-09-02,65,8.018890969455242
99_sik,2020-09-02,80,8.226172685623169
99_sik,2020-09-03,5,20.79418317228556
99_sik,2020-09-03,10,20.79418317228556
99_sik,2020-09-03,15,20.789788506925102
99_sik,2020-09-03,20,20.789788506925102
99_sik,2020-09-03,30,19.74605548381805
99_sik,2020-09-03,40,15.51106296479702
99_sik,2020-09-03,50,12.590075388550758
99_sik,2020-09-03,65,8.176366478204727
99_sik,2020-09-03,80,8.278908669948578
99_sik,2020-09-04,5,21.16846217215061
99_sik,2020-09-04,10,21.07251197844744
99_sik,2020-09-04,15,20.961912900209427
99_sik,2020-09-04,20,20.879146702587605
99_sik,2020-09-04,30,19.839808344841003
99_sik,2020-09-04,40,15.760094001889229
99_sik,2020-09-04,50,12.806146435439588
99_sik,2020-09-04,65,8.40635396540165
99_sik,2020-09-04,80,8.313333548605442
99_sik,2020-09-05,5,21.739036224782467
99_sik,2020-09-05,10,21.45338297635317
99_sik,2020-09-05,15,21.128177739679813
99_sik,2020-09-05,20,21.04174932092428
99_sik,2020-09-05,30,19.782677695155144
99_sik,2020-09-05,40,15.730796232819555
99_sik,2020-09-05,50,12.711661130189896
99_sik,2020-09-05,65,8.801873847842216
99_sik,2020-09-05,80,8.324320212006569
99_sik,2020-09-06,5,22.11478011310101
99_sik,2020-09-06,10,21.804956205189228
99_sik,2020-09-06,15,21.397717215120792
99_sik,2020-09-06,20,21.247566148638725
99_sik,2020-09-06,30,19.69844660907984
99_sik,2020-09-06,40,15.593829162418842
99_sik,2020-09-06,50,12.497787415981293
99_sik,2020-09-06,65,9.08532976359129
99_sik,2020-09-06,80,8.415143296122551
99_sik,2020-09-07,5,22.28910183906555
99_sik,2020-09-07,10,21.995391704142094
99_sik,2020-09-07,15,21.57643360644579
99_sik,2020-09-07,20,21.373546555638317
99_sik,2020-09-07,30,19.816370129585263
99_sik,2020-09-07,40,15.745445117354391
99_sik,2020-09-07,50,12.439924322068691
99_sik,2020-09-07,65,9.47791986912489
99_sik,2020-09-07,80,8.601184129714966
99_sik,2020-09-08,5,22.490524001419544
99_sik,2020-09-08,10,22.13602099567652
99_sik,2020-09-08,15,21.676046021282676
99_sik,2020-09-08,20,21.44605853408575
99_sik,2020-09-08,30,19.893276773393158
99_sik,2020-09-08,40,15.851649530231953
99_sik,2020-09-08,50,12.441389210522177
99_sik,2020-09-08,65,10.05508591979742
99_sik,2020-09-08,80,8.76671652495861
99_sik,2020-09-09,5,22.590136416256428
99_sik,2020-09-09,10,22.17044587433338
99_sik,2020-09-09,15,21.65114291757345
99_sik,2020-09-09,20,21.397717215120792
99_sik,2020-09-09,30,19.799523912370205
99_sik,2020-09-09,40,15.758629113435743
99_sik,2020-09-09,50,12.453840762376784
99_sik,2020-09-09,65,10.522385336458685
99_sik,2020-09-09,80,8.889767155051231
99_sik,2020-09-10,5,22.629688404500484
99_sik,2020-09-10,10,22.11624500155449
99_sik,2020-09-10,15,21.57716605067253
99_sik,2020-09-10,20,21.325937680900097
99_sik,2020-09-10,30,19.749717704951763
99_sik,2020-09-10,40,15.77694021910429
99_sik,2020-09-10,50,12.727774903178217
99_sik,2020-09-10,65,10.666676849126816
99_sik,2020-09-10,80,8.993774235248566
99_sik,2020-09-11,5,22.691946163773537
99_sik,2020-09-11,10,22.127231664955616
99_sik,2020-09-11,15,21.537614062428474
99_sik,2020-09-11,20,21.29297769069672
99_sik,2020-09-11,30,19.67427594959736
99_sik,2020-09-11,40,15.708090461790562
99_sik,2020-09-11,50,12.97900327295065
99_sik,2020-09-11,65,10.67253640294075
99_sik,2020-09-11,80,9.09338665008545
99_sik,2020-09-12,5,21.930936612188816
99_sik,2020-09-12,10,21.922147281467915
99_sik,2020-09-12,15,21.518570512533188
99_sik,2020-09-12,20,21.26221503317356
99_sik,2020-09-12,30,19.344676047563556
99_sik,2020-09-12,40,14.88921781629324
99_sik,2020-09-12,50,12.530014961957932
99_sik,2020-09-12,65,10.813898138701916
99_sik,2020-09-12,80,9.169560849666595
99_sik,2020-09-13,5,21.42481765151024
99_sik,2020-09-13,10,21.42555009573698
99_sik,2020-09-13,15,21.443861201405525
99_sik,2020-09-13,20,21.451185643672943
99_sik,2020-09-13,30,19.35639515519142
99_sik,2020-09-13,40,13.974394977092745
99_sik,2020-09-13,50,11.787316516041756
99_sik,2020-09-13,65,10.40226448327303
99_sik,2020-09-13,80,9.28162481635809
99_sik,2020-09-14,5,21.65114291757345
99_sik,2020-09-14,10,21.65114291757345
99_sik,2020-09-14,15,21.647480696439743
99_sik,2020-09-14,20,21.63722647726536
99_sik,2020-09-14,30,20.299050875008103
99_sik,2020-09-14,40,14.396282851696014
99_sik,2020-09-14,50,11.550737030804155
99_sik,2020-09-14,65,9.21643728017807
99_sik,2020-09-14,80,9.222296833992004
99_sik,2020-09-15,5,22.12942899763584
99_sik,2020-09-15,10,22.130893886089325
99_sik,2020-09-15,15,22.138218328356743
99_sik,2020-09-15,20,22.14407788217068
99_sik,2020-09-15,30,21.18457594513893
99_sik,2020-09-15,40,15.92416150867939
99_sik,2020-09-15,50,12.857417531311512
99_sik,2020-09-15,65,8.906613372266293
99_sik,2020-09-15,80,9.08093509823084
99_sik,2020-09-16,5,22.0217596963048
99_sik,2020-09-16,10,22.036408580839637
99_sik,2020-09-16,15,22.057649463415142
99_sik,2020-09-16,20,22.070833459496495
99_sik,2020-09-16,30,21.23364970833063
99_sik,2020-09-16,40,17.35535752773285
99_sik,2020-09-16,50,14.235877566039562
99_sik,2020-09-16,65,9.344615019857883
99_sik,2020-09-16,80,9.13000886142254
99_sik,2020-09-17,5,21.792504653334618
99_sik,2020-09-17,10,21.82033753395081
99_sik,2020-09-17,15,21.89944151043892
99_sik,2020-09-17,20,21.900906398892403
99_sik,2020-09-17,30,21.06958220154047
99_sik,2020-09-17,40,17.682027652859688
99_sik,2020-09-17,50,14.62773522734642
99_sik,2020-09-17,65,9.740867346525192
99_sik,2020-09-17,80,9.217902168631554
99_sik,2020-09-18,5,21.669454023242
99_sik,2020-09-18,10,21.779320657253265
99_sik,2020-09-18,15,21.823267310857773
99_sik,2020-09-18,20,21.84231086075306
99_sik,2020-09-18,30,21.115726187825203
99_sik,2020-09-18,40,17.984527118504047
99_sik,2020-09-18,50,15.15070040524006
99_sik,2020-09-18,65,10.012604154646397
99_sik,2020-09-18,80,9.389294117689133
99_sik,2020-09-19,5,21.550798058509827
99_sik,2020-09-19,10,21.704611346125603
99_sik,2020-09-19,15,21.8342539742589
99_sik,2020-09-19,20,21.84157841652632
99_sik,2020-09-19,30,21.17651905864477
99_sik,2020-09-19,40,18.42399365454912
99_sik,2020-09-19,50,15.6421704813838
99_sik,2020-09-19,65,10.237464532256126
99_sik,2020-09-19,80,9.644184708595276
99_sik,2020-09-20,5,21.530289620161057
99_sik,2020-09-20,10,21.75222022086382
99_sik,2020-09-20,15,21.8921170681715
99_sik,2020-09-20,20,21.88918729126453
99_sik,2020-09-20,30,21.1875057220459
99_sik,2020-09-20,40,18.74919889122248
99_sik,2020-09-20,50,15.144840851426125
99_sik,2020-09-20,65,10.395672485232351
99_sik,2020-09-20,80,10.118808567523956
99_sik,2020-09-21,5,21.493667408823967
99_sik,2020-09-21,10,21.753685109317303
99_sik,2020-09-21,15,21.970488600432876
99_sik,2020-09-21,20,21.966093935072426
99_sik,2020-09-21,30,21.203619495034214
99_sik,2020-09-21,40,19.076601460576057
99_sik,2020-09-21,50,14.366985082626345
99_sik,2020-09-21,65,10.090975686907768
99_sik,2020-09-21,80,10.05874814093113
99_sik,2020-09-22,5,21.5398113951087
99_sik,2020-09-22,10,21.680440686643124
99_sik,2020-09-22,15,21.911160618066788
99_sik,2020-09-22,20,21.980742819607254
99_sik,2020-09-22,30,21.18457594513893
99_sik,2020-09-22,40,18.61955626308918
99_sik,2020-09-22,50,13.358409382402897
99_sik,2020-09-22,65,9.766502894461157
99_sik,2020-09-22,80,9.826563321053982
99_sik,2020-09-23,5,21.60280159860849
99_sik,2020-09-23,10,21.60280159860849
99_sik,2020-09-23,15,21.604266487061977
99_sik,2020-09-23,20,21.65041047334671
99_sik,2020-09-23,30,20.764152958989143
99_sik,2020-09-23,40,16.79503769427538
99_sik,2020-09-23,50,12.46043276041746
99_sik,2020-09-23,65,9.72328868508339
99_sik,2020-09-23,80,9.759178452193735
99_sik,2020-09-24,5,21.36695455759764
99_sik,2020-09-24,10,21.36695455759764
99_sik,2020-09-24,15,21.366222113370892
99_sik,2020-09-24,20,21.363292336463928
99_sik,2020-09-24,30,20.269020661711693
99_sik,2020-09-24,40,15.444410540163515
99_sik,2020-09-24,50,12.302957251667976
99_sik,2020-09-24,65,9.76796778291464
99_sik,2020-09-24,80,9.803125105798244
99_sik,2020-09-25,5,20.98974578082561
99_sik,2020-09-25,10,20.98974578082561
99_sik,2020-09-25,15,20.99194311350584
99_sik,2020-09-25,20,20.98828089237213
99_sik,2020-09-25,30,19.765831477940083
99_sik,2020-09-25,40,14.25565356016159
99_sik,2020-09-25,50,12.343241684138777
99_sik,2020-09-25,65,9.89101841300726
99_sik,2020-09-25,80,9.94888150691986
99_sik,2020-09-26,5,20.78392895311117
99_sik,2020-09-26,10,20.78392895311117
99_sik,2020-09-26,15,20.79125339537859
99_sik,2020-09-26,20,20.81835383176804
99_sik,2020-09-26,30,19.877163000404835
99_sik,2020-09-26,40,14.924375139176846
99_sik,2020-09-26,50,12.79955443739891
99_sik,2020-09-26,65,9.93642995506525
99_sik,2020-09-26,80,10.107089459896088
99_sik,2020-09-27,5,20.855708487331867
99_sik,2020-09-27,10,20.8615680411458
99_sik,2020-09-27,15,20.886471144855022
99_sik,2020-09-27,20,20.882808923721317
99_sik,2020-09-27,30,20.13132114708424
99_sik,2020-09-27,40,16.139500111341476
99_sik,2020-09-27,50,13.871852785348892
99_sik,2020-09-27,65,9.827295765280724
99_sik,2020-09-27,80,10.172276996076109
99_sik,2020-09-28,5,20.94360179454088
99_sik,2020-09-28,10,20.94506668299437
99_sik,2020-09-28,15,20.99560533463955
99_sik,2020-09-28,20,20.978759117424488
99_sik,2020-09-28,30,20.843989379704
99_sik,2020-09-28,40,17.29822687804699
99_sik,2020-09-28,50,14.747123636305332
99_sik,2020-09-28,65,9.830957986414433
99_sik,2020-09-28,80,10.126133009791374
99_sik,2020-09-29,5,21.018311105668545
99_sik,2020-09-29,10,21.030030213296413
99_sik,2020-09-29,15,21.062990203499798
99_sik,2020-09-29,20,21.07763908803463
99_sik,2020-09-29,30,21.09009063988924
99_sik,2020-09-29,40,17.553849913179874
99_sik,2020-09-29,50,14.884823150932789
99_sik,2020-09-29,65,9.912991739809511
99_sik,2020-09-29,80,10.081453911960123
99_sik,2020-09-30,5,20.980956450104717
99_sik,2020-09-30,10,20.98974578082561
99_sik,2020-09-30,15,21.10473952442408
99_sik,2020-09-30,20,21.136967070400715
99_sik,2020-09-30,30,21.09668263792992
99_sik,2020-09-30,40,17.873928040266037
99_sik,2020-09-30,50,15.32282479852438
99_sik,2020-09-30,65,10.022858373820782
99_sik,2020-09-30,80,10.093173019587994
99_sik,2020-10-01,5,20.86816003918648
99_sik,2020-10-01,10,20.871822260320187
99_sik,2020-10-01,15,21.04174932092428
99_sik,2020-10-01,20,21.11059907823801
99_sik,2020-10-01,30,21.125980406999588
99_sik,2020-10-01,40,17.91201514005661
99_sik,2020-10-01,50,15.537430956959724
99_sik,2020-10-01,65,10.146641448140144
99_sik,2020-10-01,80,10.122470788657663
99_sik,2020-10-02,5,20.776604510843757
99_sik,2020-10-02,10,20.77513962239027
99_sik,2020-10-02,15,20.940672017633915
99_sik,2020-10-02,20,21.0402844324708
99_sik,2020-10-02,30,21.10986663401127
99_sik,2020-10-02,40,17.427137061953545
99_sik,2020-10-02,50,15.042298659682274
99_sik,2020-10-02,65,10.231604978442192
99_sik,2020-10-02,80,10.156163223087788
99_sik,2020-10-03,5,20.65721610188484
99_sik,2020-10-03,10,20.657948546111584
99_sik,2020-10-03,15,20.887203589081764
99_sik,2020-10-03,20,21.03515732288361
99_sik,2020-10-03,30,21.035889767110348
99_sik,2020-10-03,40,17.108523823320866
99_sik,2020-10-03,50,14.70537431538105
99_sik,2020-10-03,65,10.2843409627676
99_sik,2020-10-03,80,10.1861934363842
99_sik,2020-10-04,5,20.542954802513123
99_sik,2020-10-04,10,20.561265908181667
99_sik,2020-10-04,15,20.816888943314552
99_sik,2020-10-04,20,21.02490310370922
99_sik,2020-10-04,30,20.945799127221107
99_sik,2020-10-04,40,17.005249187350273
99_sik,2020-10-04,50,14.556688137352468
99_sik,2020-10-04,65,10.33707694709301
99_sik,2020-10-04,80,10.223548091948032
99_sik,2020-10-05,5,20.503402814269062
99_sik,2020-10-05,10,20.503402814269062
99_sik,2020-10-05,15,20.51292458921671
99_sik,2020-10-05,20,20.536362804472446
99_sik,2020-10-05,30,20.94506668299437
99_sik,2020-10-05,40,17.47035127133131
99_sik,2020-10-05,50,14.829889833927156
99_sik,2020-10-05,65,10.512131117284298
99_sik,2020-10-05,80,10.302652068436146
99_sik,2020-10-06,5,20.34519486129284
99_sik,2020-10-06,10,20.34519486129284
99_sik,2020-10-06,15,20.34519486129284
99_sik,2020-10-06,20,20.34519486129284
99_sik,2020-10-06,30,20.54661702364683
99_sik,2020-10-06,40,17.704733423888683
99_sik,2020-10-06,50,14.722220532596111
99_sik,2020-10-06,65,11.081972725689411
99_sik,2020-10-06,80,10.474044017493725
99_sik,2020-10-07,5,20.32908108830452
99_sik,2020-10-07,10,20.32908108830452
99_sik,2020-10-07,15,20.32908108830452
99_sik,2020-10-07,20,20.32981353253126
99_sik,2020-10-07,30,20.4601886048913
99_sik,2020-10-07,40,17.599261455237865
99_sik,2020-10-07,50,13.73561815917492
99_sik,2020-10-07,65,11.259224228560925
99_sik,2020-10-07,80,10.517990671098232
99_sik,2020-10-08,5,20.372295297682285
99_sik,2020-10-08,10,20.372295297682285
99_sik,2020-10-08,15,20.372295297682285
99_sik,2020-10-08,20,20.372295297682285
99_sik,2020-10-08,30,20.479232154786587
99_sik,2020-10-08,40,17.058717615902424
99_sik,2020-10-08,50,12.47581408917904
99_sik,2020-10-08,65,10.764824375510216
99_sik,2020-10-08,80,10.37443160265684
99_sik,2020-10-09,5,20.450666829943657
99_sik,2020-10-09,10,20.449201941490173
99_sik,2020-10-09,15,20.449201941490173
99_sik,2020-10-09,20,20.449934385716915
99_sik,2020-10-09,30,20.41697439551353
99_sik,2020-10-09,40,15.757896669209003
99_sik,2020-10-09,50,11.615924566984177
99_sik,2020-10-09,65,10.145909003913404
99_sik,2020-10-09,80,10.22281564772129
99_sik,2020-10-10,5,20.364970855414867
99_sik,2020-10-10,10,20.364970855414867
99_sik,2020-10-10,15,20.364970855414867
99_sik,2020-10-10,20,20.363505966961384
99_sik,2020-10-10,30,19.78487502783537
99_sik,2020-10-10,40,13.839625239372252
99_sik,2020-10-10,50,11.010925635695456
99_sik,2020-10-10,65,10.074861913919449
99_sik,2020-10-10,80,10.119541011750698
99_sik,2020-10-11,5,20.00827051699161
99_sik,2020-10-11,10,20.007538072764877
99_sik,2020-10-11,15,20.00680562853813
99_sik,2020-10-11,20,20.003875851631165
99_sik,2020-10-11,30,18.92938017100096
99_sik,2020-10-11,40,12.885982856154442
99_sik,2020-10-11,50,10.957457207143309
99_sik,2020-10-11,65,10.16495255380869
99_sik,2020-10-11,80,10.122470788657663
99_sik,2020-10-12,5,19.562944427132607
99_sik,2020-10-12,10,19.56440931558609
99_sik,2020-10-12,15,19.567339092493057
99_sik,2020-10-12,20,19.57612842321396
99_sik,2020-10-12,30,17.901028476655483
99_sik,2020-10-12,40,12.890377521514893
99_sik,2020-10-12,50,11.586626797914503
99_sik,2020-10-12,65,10.396404929459097
99_sik,2020-10-12,80,10.191320545971394
99_sik,2020-10-13,5,19.21723075211048
99_sik,2020-10-13,10,19.21723075211048
99_sik,2020-10-13,15,19.22089297324419
99_sik,2020-10-13,20,19.242133855819706
99_sik,2020-10-13,30,17.622699670493603
99_sik,2020-10-13,40,13.874050118029118
99_sik,2020-10-13,50,12.183568842709064
99_sik,2020-10-13,65,10.482100903987885
99_sik,2020-10-13,80,10.34513383358717
99_sik,2020-10-14,5,18.94622638821602
99_sik,2020-10-14,10,18.94622638821602
99_sik,2020-10-14,15,18.94695883244276
99_sik,2020-10-14,20,18.948423720896244
99_sik,2020-10-14,30,18.103183083236217
99_sik,2020-10-14,40,14.549363695085049
99_sik,2020-10-14,50,12.72118290513754
99_sik,2020-10-14,65,10.585375539958475
99_sik,2020-10-14,80,10.407391592860222
99_sik,2020-10-15,5,18.65984069555998
99_sik,2020-10-15,10,18.65984069555998
99_sik,2020-10-15,15,18.65984069555998
99_sik,2020-10-15,20,18.65984069555998
99_sik,2020-10-15,30,18.52580340206623
99_sik,2020-10-15,40,15.092837311327456
99_sik,2020-10-15,50,13.20020142942667
99_sik,2020-10-15,65,10.624927528202534
99_sik,2020-10-15,80,10.460860021412373
99_sik,2020-10-16,5,18.45988342165947
99_sik,2020-10-16,10,18.45988342165947
99_sik,2020-10-16,15,18.46061586588621
99_sik,2020-10-16,20,18.46208075433969
99_sik,2020-10-16,30,18.547044284641743
99_sik,2020-10-16,40,15.234199047088625
99_sik,2020-10-16,50,13.02002014964819
99_sik,2020-10-16,65,10.531174667179585
99_sik,2020-10-16,80,10.544358663260937
99_sik,2020-10-17,5,18.392498552799225
99_sik,2020-10-17,10,18.389568775892258
99_sik,2020-10-17,15,18.387371443212032
99_sik,2020-10-17,20,18.38810388743877
99_sik,2020-10-17,30,18.483321636915207
99_sik,2020-10-17,40,14.833552055060863
99_sik,2020-10-17,50,12.280983924865724
99_sik,2020-10-17,65,10.548753328621387
99_sik,2020-10-17,80,10.564134657382963
99_sik,2020-10-18,5,18.38004700094461
99_sik,2020-10-18,10,18.376384779810905
99_sik,2020-10-18,15,18.37345500290394
99_sik,2020-10-18,20,18.3727225586772
99_sik,2020-10-18,30,18.43498031795025
99_sik,2020-10-18,40,14.40726951509714
99_sik,2020-10-18,50,11.849574275314808
99_sik,2020-10-18,65,10.58610798418522
99_sik,2020-10-18,80,10.614673309028149
99_sik,2020-10-19,5,18.4305856525898
99_sik,2020-10-19,10,18.4305856525898
99_sik,2020-10-19,15,18.429853208363056
99_sik,2020-10-19,20,18.429853208363056
99_sik,2020-10-19,30,18.420331433415413
99_sik,2020-10-19,40,14.00589007884264
99_sik,2020-10-19,50,11.698690764606
99_sik,2020-10-19,65,10.636646635830402
99_sik,2020-10-19,80,10.69670706242323
99_sik,2020-10-20,5,18.601245157420635
99_sik,2020-10-20,10,18.601245157420635
99_sik,2020-10-20,15,18.601245157420635
99_sik,2020-10-20,20,18.601977601647377
99_sik,2020-10-20,30,18.489913634955883
99_sik,2020-10-20,40,13.706320390105247
99_sik,2020-10-20,50,11.779259629547596
99_sik,2020-10-20,65,10.760429710149763
99_sik,2020-10-20,80,10.821222580969334
99_sik,2020-10-21,5,18.79534287750721
99_sik,2020-10-21,10,18.793145544826984
99_sik,2020-10-21,15,18.7916806563735
99_sik,2020-10-21,20,18.792413100600243
99_sik,2020-10-21,30,18.399822995066643
99_sik,2020-10-21,40,13.244148083031178
99_sik,2020-10-21,50,11.848109386861324
99_sik,2020-10-21,65,10.947202987968922
99_sik,2020-10-21,80,10.944273211061954
99_sik,2020-10-22,5,18.727958008646965
99_sik,2020-10-22,10,18.727958008646965
99_sik,2020-10-22,15,18.727958008646965
99_sik,2020-10-22,20,18.7338175624609
99_sik,2020-10-22,30,17.901028476655483
99_sik,2020-10-22,40,12.741691343486307
99_sik,2020-10-22,50,11.848109386861324
99_sik,2020-10-22,65,11.04095584899187
99_sik,2020-10-22,80,11.0204474106431
99_sik,2020-10-23,5,18.45182653516531
99_sik,2020-10-23,10,18.45182653516531
99_sik,2020-10-23,15,18.45255897939205
99_sik,2020-10-23,20,18.45402386784553
99_sik,2020-10-23,30,17.308481097221375
99_sik,2020-10-23,40,12.624500267207624
99_sik,2020-10-23,50,11.86715293675661
99_sik,2020-10-23,65,11.025574520230291
99_sik,2020-10-23,80,11.064394064247608
99_sik,2020-10-24,5,17.898098699748516
99_sik,2020-10-24,10,17.898098699748516
99_sik,2020-10-24,15,17.898098699748516
99_sik,2020-10-24,20,17.899563588202
99_sik,2020-10-24,30,17.681295208632946
99_sik,2020-10-24,40,13.406018257141112
99_sik,2020-10-24,50,12.358623012900352
99_sik,2020-10-24,65,11.207953132689
99_sik,2020-10-24,80,11.137638486921787
99_sik,2020-10-25,5,17.561906799674034
99_sik,2020-10-25,10,17.561906799674034
99_sik,2020-10-25,15,17.561906799674034
99_sik,2020-10-25,20,17.561906799674034
99_sik,2020-10-25,30,17.71132542192936
99_sik,2020-10-25,40,14.372112192213535
99_sik,2020-10-25,50,13.021485038101671
99_sik,2020-10-25,65,11.456984169781208
99_sik,2020-10-25,80,11.316354878246784
99_sik,2020-10-26,5,17.452040165662766
99_sik,2020-10-26,10,17.452040165662766
99_sik,2020-10-26,15,17.452040165662766
99_sik,2020-10-26,20,17.452040165662766
99_sik,2020-10-26,30,17.513565480709076
99_sik,2020-10-26,40,14.427777953445911
99_sik,2020-10-26,50,12.62376782298088
99_sik,2020-10-26,65,11.140568263828754
99_sik,2020-10-26,80,11.0607318431139
99_sik,2020-10-27,5,17.435926392674446
99_sik,2020-10-27,10,17.435926392674446
99_sik,2020-10-27,15,17.435926392674446
99_sik,2020-10-27,20,17.435926392674446
99_sik,2020-10-27,30,17.468886382877827
99_sik,2020-10-27,40,14.24320200830698
99_sik,2020-10-27,50,12.127903081476688
99_sik,2020-10-27,65,10.248451195657251
99_sik,2020-10-27,80,10.375164046883585
99_sik,2020-10-28,5,17.40443129092455
99_sik,2020-10-28,10,17.402966402471066
99_sik,2020-10-28,15,17.402966402471066
99_sik,2020-10-28,20,17.402966402471066
99_sik,2020-10-28,30,17.4176152870059
99_sik,2020-10-28,40,14.082064278423786
99_sik,2020-10-28,50,12.028290666639805
99_sik,2020-10-28,65,9.712302021682262
99_sik,2020-10-28,80,9.88369397073984
99_sik,2020-10-29,5,17.112186044454575
99_sik,2020-10-29,10,17.112186044454575
99_sik,2020-10-29,15,17.112186044454575
99_sik,2020-10-29,20,17.112186044454575
99_sik,2020-10-29,30,17.206671349704266
99_sik,2020-10-29,40,14.313516654074192
99_sik,2020-10-29,50,12.366679899394512
99_sik,2020-10-29,65,9.533585630357264
99_sik,2020-10-29,80,9.626606047153471
99_sik,2020-10-30,5,16.82799768447876
99_sik,2020-10-30,10,16.8287301287055
99_sik,2020-10-30,15,16.8287301287055
99_sik,2020-10-30,20,16.8287301287055
99_sik,2020-10-30,30,16.838984347879887
99_sik,2020-10-30,40,14.46366772055626
99_sik,2020-10-30,50,12.628894932568071
99_sik,2020-10-30,65,9.411999888718128
99_sik,2020-10-30,80,9.472792759537697
99_sik,2020-10-31,5,16.6639301776886
99_sik,2020-10-31,10,16.6639301776886
99_sik,2020-10-31,15,16.6639301776886
99_sik,2020-10-31,20,16.6639301776886
99_sik,2020-10-31,30,16.682973727583885
99_sik,2020-10-31,40,14.47172460705042
99_sik,2020-10-31,50,12.767326891422272
99_sik,2020-10-31,65,9.421521663665771
99_sik,2020-10-31,80,9.493301197886469
99_sik,2020-11-01,5,16.50865200161934
99_sik,2020-11-01,10,16.514511555433273
99_sik,2020-11-01,15,16.52110355347395
99_sik,2020-11-01,20,16.524033330380917
99_sik,2020-11-01,30,16.62291330099106
99_sik,2020-11-01,40,14.110629603266716
99_sik,2020-11-01,50,12.647206038236618
99_sik,2020-11-01,65,9.562150955200195
99_sik,2020-11-01,80,9.561418510973454
99_sik,2020-11-02,5,16.253028966486454
99_sik,2020-11-02,10,16.253028966486454
99_sik,2020-11-02,15,16.260353408753872
99_sik,2020-11-02,20,16.269142739474773
99_sik,2020-11-02,30,16.462508015334606
99_sik,2020-11-02,40,13.54005555063486
99_sik,2020-11-02,50,12.48460341989994
99_sik,2020-11-02,65,9.773094892501833
99_sik,2020-11-02,80,9.61342205107212
99_sik,2020-11-03,5,15.936613060534
99_sik,2020-11-03,10,15.936613060534
99_sik,2020-11-03,15,15.936613060534
99_sik,2020-11-03,20,15.937345504760742
99_sik,2020-11-03,30,16.335062719881535
99_sik,2020-11-03,40,13.444105356931686
99_sik,2020-11-03,50,12.597399830818176
99_sik,2020-11-03,65,10.044099256396294
99_sik,2020-11-03,80,9.683736696839333
99_sik,2020-11-04,5,15.573320724070072
99_sik,2020-11-04,10,15.573320724070072
99_sik,2020-11-04,15,15.573320724070072
99_sik,2020-11-04,20,15.574053168296814
99_sik,2020-11-04,30,15.755699336528778
99_sik,2020-11-04,40,14.224158458411694
99_sik,2020-11-04,50,13.102786347270012
99_sik,2020-11-04,65,10.24259164184332
99_sik,2020-11-04,80,9.75185400992632
99_sik,2020-11-05,5,15.409985661506653
99_sik,2020-11-05,10,15.409985661506653
99_sik,2020-11-05,15,15.409985661506653
99_sik,2020-11-05,20,15.409985661506653
99_sik,2020-11-05,30,15.409985661506653
99_sik,2020-11-05,40,15.207098610699177
99_sik,2020-11-05,50,13.51515244692564
99_sik,2020-11-05,65,10.27188941091299
99_sik,2020-11-05,80,9.918118849396706
99_sik,2020-11-06,5,15.378490559756756
99_sik,2020-11-06,10,15.378490559756756
99_sik,2020-11-06,15,15.378490559756756
99_sik,2020-11-06,20,15.378490559756756
99_sik,2020-11-06,30,15.379223003983498
99_sik,2020-11-06,40,14.88921781629324
99_sik,2020-11-06,50,12.77098911255598
99_sik,2020-11-06,65,10.352458275854588
99_sik,2020-11-06,80,10.045564144849775
99_sik,2020-11-07,5,15.3968016654253
99_sik,2020-11-07,10,15.393871888518332
99_sik,2020-11-07,15,15.39240700006485
99_sik,2020-11-07,20,15.39240700006485
99_sik,2020-11-07,30,15.401196330785751
99_sik,2020-11-07,40,14.12015137821436
99_sik,2020-11-07,50,11.897915594279766
99_sik,2020-11-07,65,10.534104444086552
99_sik,2020-11-07,80,10.041901923716068
99_sik,2020-11-08,5,15.303048804402351
99_sik,2020-11-08,10,15.303048804402351
99_sik,2020-11-08,15,15.303781248629091
99_sik,2020-11-08,20,15.303781248629091
99_sik,2020-11-08,30,15.342600792646408
99_sik,2020-11-08,40,13.945097208023071
99_sik,2020-11-08,50,11.729453422129154
99_sik,2020-11-08,65,10.601489312946796
99_sik,2020-11-08,80,10.043366812169552
99_sik,2020-11-09,5,15.068666651844978
99_sik,2020-11-09,10,15.068666651844978
99_sik,2020-11-09,15,15.068666651844978
99_sik,2020-11-09,20,15.068666651844978
99_sik,2020-11-09,30,15.116275526583197
99_sik,2020-11-09,40,14.041047401726246
99_sik,2020-11-09,50,11.832728058099748
99_sik,2020-11-09,65,10.56193732470274
99_sik,2020-11-09,80,10.14444411545992
99_sik,2020-11-10,5,14.773491628468037
99_sik,2020-11-10,10,14.773491628468037
99_sik,2020-11-10,15,14.773491628468037
99_sik,2020-11-10,20,14.773491628468037
99_sik,2020-11-10,30,14.774224072694778
99_sik,2020-11-10,40,14.286416217684746
99_sik,2020-11-10,50,12.253883488476276
99_sik,2020-11-10,65,10.641041301190851
99_sik,2020-11-10,80,10.247718751430511
99_sik,2020-11-11,5,14.49662771075964
99_sik,2020-11-11,10,14.49662771075964
99_sik,2020-11-11,15,14.49662771075964
99_sik,2020-11-11,20,14.49662771075964
99_sik,2020-11-11,30,14.49662771075964
99_sik,2020-11-11,40,14.024201184511185
99_sik,2020-11-11,50,12.319803468883038
99_sik,2020-11-11,65,10.745048381388187
99_sik,2020-11-11,80,10.309244066476822
99_sik,2020-11-12,5,14.264442890882492
99_sik,2020-11-12,10,14.264442890882492
99_sik,2020-11-12,15,14.264442890882492
99_sik,2020-11-12,20,14.26371044665575
99_sik,2020-11-12,30,14.279091775417328
99_sik,2020-11-12,40,13.619891971349716
99_sik,2020-11-12,50,12.094210647046566
99_sik,2020-11-12,65,10.77068392932415
99_sik,2020-11-12,80,10.330484949052334
99_sik,2020-11-13,5,14.040314957499504
99_sik,2020-11-13,10,14.040314957499504
99_sik,2020-11-13,15,14.040314957499504
99_sik,2020-11-13,20,14.041047401726246
99_sik,2020-11-13,30,14.055696286261082
99_sik,2020-11-13,40,13.242683194577694
99_sik,2020-11-13,50,11.808557398617268
99_sik,2020-11-13,65,10.755302600562572
99_sik,2020-11-13,80,10.326822727918625
99_sik,2020-11-14,5,13.803735472261906
99_sik,2020-11-14,10,13.803735472261906
99_sik,2020-11-14,15,13.803735472261906
99_sik,2020-11-14,20,13.803735472261906
99_sik,2020-11-14,30,13.816187024116516
99_sik,2020-11-14,40,13.046388141810894
99_sik,2020-11-14,50,11.69136632233858
99_sik,2020-11-14,65,10.763359487056732
99_sik,2020-11-14,80,10.32902006059885
99_sik,2020-11-15,5,13.722434163093569
99_sik,2020-11-15,10,13.722434163093569
99_sik,2020-11-15,15,13.722434163093569
99_sik,2020-11-15,20,13.722434163093569
99_sik,2020-11-15,30,13.726096384227276
99_sik,2020-11-15,40,13.291756957769394
99_sik,2020-11-15,50,11.892788484692574
99_sik,2020-11-15,65,10.8153630271554
99_sik,2020-11-15,80,10.34513383358717
99_sik,2020-11-16,5,13.640400409698486
99_sik,2020-11-16,10,13.640400409698486
99_sik,2020-11-16,15,13.640400409698486
99_sik,2020-11-16,20,13.640400409698486
99_sik,2020-11-16,30,13.640400409698486
99_sik,2020-11-16,40,13.44996491074562
99_sik,2020-11-16,50,12.060518212616444
99_sik,2020-11-16,65,10.863704346120358
99_sik,2020-11-16,80,10.376628935337068
99_sik,2020-11-17,5,13.56422621011734
99_sik,2020-11-17,10,13.56422621011734
99_sik,2020-11-17,15,13.56422621011734
99_sik,2020-11-17,20,13.56422621011734
99_sik,2020-11-17,30,13.56422621011734
99_sik,2020-11-17,40,13.460951574146748
99_sik,2020-11-17,50,12.163060404360294
99_sik,2020-11-17,65,10.931089214980602
99_sik,2020-11-17,80,10.411786258220673
99_sik,2020-11-18,5,13.549577325582504
99_sik,2020-11-18,10,13.548844881355762
99_sik,2020-11-18,15,13.54811243712902
99_sik,2020-11-18,20,13.54811243712902
99_sik,2020-11-18,30,13.554704435169697
99_sik,2020-11-18,40,13.42945647239685
99_sik,2020-11-18,50,12.293435476720331
99_sik,2020-11-18,65,10.998474083840849
99_sik,2020-11-18,80,10.44328135997057
99_sik,2020-11-19,5,13.521012000739574
99_sik,2020-11-19,10,13.521744444966316
99_sik,2020-11-19,15,13.524674221873283
99_sik,2020-11-19,20,13.526871554553509
99_sik,2020-11-19,30,13.548844881355762
99_sik,2020-11-19,40,13.143803223967552
99_sik,2020-11-19,50,12.037812441587448
99_sik,2020-11-19,65,11.000671416521072
99_sik,2020-11-19,80,10.460860021412373
99_sik,2020-11-20,5,13.318124949932098
99_sik,2020-11-20,10,13.33936583250761
99_sik,2020-11-20,15,13.401623591780664
99_sik,2020-11-20,20,13.424329362809658
99_sik,2020-11-20,30,13.481460012495518
99_sik,2020-11-20,40,12.87279886007309
99_sik,2020-11-20,50,11.784386739134789
99_sik,2020-11-20,65,10.924497216939926
99_sik,2020-11-20,80,10.457930244505404
99_sik,2020-11-21,5,13.091799683868883
99_sik,2020-11-21,10,13.091799683868883
99_sik,2020-11-21,15,13.091799683868883
99_sik,2020-11-21,20,13.093264572322369
99_sik,2020-11-21,30,13.225104533135893
99_sik,2020-11-21,40,12.62303537875414
99_sik,2020-11-21,50,11.597613461315632
99_sik,2020-11-21,65,10.85271768271923
99_sik,2020-11-21,80,10.452070690691473
99_sik,2020-11-22,5,12.81566821038723
99_sik,2020-11-22,10,12.81566821038723
99_sik,2020-11-22,15,12.81566821038723
99_sik,2020-11-22,20,12.81566821038723
99_sik,2020-11-22,30,12.817133098840714
99_sik,2020-11-22,40,12.632557153701782
99_sik,2020-11-22,50,11.700155653059484
99_sik,2020-11-22,65,10.876155897974968
99_sik,2020-11-22,80,10.464522242546082
99_sik,2020-11-23,5,12.478743866086006
99_sik,2020-11-23,10,12.479476310312748
99_sik,2020-11-23,15,12.479476310312748
99_sik,2020-11-23,20,12.479476310312748
99_sik,2020-11-23,30,12.479476310312748
99_sik,2020-11-23,40,12.673574030399324
99_sik,2020-11-23,50,11.947721801698208
99_sik,2020-11-23,65,10.964049205183985
99_sik,2020-11-23,80,10.495284900069237
99_sik,2020-11-24,5,12.26413770765066
99_sik,2020-11-24,10,12.26413770765066
99_sik,2020-11-24,15,12.26413770765066
99_sik,2020-11-24,20,12.26413770765066
99_sik,2020-11-24,30,12.26413770765066
99_sik,2020-11-24,40,12.282448813319206
99_sik,2020-11-24,50,12.27585681527853
99_sik,2020-11-24,65,11.103946052491665
99_sik,2020-11-24,80,10.523117780685425
99_sik,2020-11-25,5,12.209204390645027
99_sik,2020-11-25,10,12.209204390645027
99_sik,2020-11-25,15,12.209204390645027
99_sik,2020-11-25,20,12.209204390645027
99_sik,2020-11-25,30,12.209204390645027
99_sik,2020-11-25,40,12.209204390645027
99_sik,2020-11-25,50,12.277321703732014
99_sik,2020-11-25,65,11.154484704136848
99_sik,2020-11-25,80,10.556810215115547
99_sik,2020-11-26,5,12.121311083436012
99_sik,2020-11-26,10,12.121311083436012
99_sik,2020-11-26,15,12.121311083436012
99_sik,2020-11-26,20,12.121311083436012
99_sik,2020-11-26,30,12.121311083436012
99_sik,2020-11-26,40,12.121311083436012
99_sik,2020-11-26,50,12.192358173429966
99_sik,2020-11-26,65,11.20062869042158
99_sik,2020-11-26,80,10.592699982225897
99_sik,2020-11-27,5,12.067842654883862
99_sik,2020-11-27,10,12.067842654883862
99_sik,2020-11-27,15,12.067842654883862
99_sik,2020-11-27,20,12.067842654883862
99_sik,2020-11-27,30,12.067842654883862
99_sik,2020-11-27,40,12.067842654883862
99_sik,2020-11-27,50,12.090548425912855
99_sik,2020-11-27,65,11.209418021142485
99_sik,2020-11-27,80,10.624927528202534
99_sik,2020-11-28,5,12.031220443546772
99_sik,2020-11-28,10,12.031220443546772
99_sik,2020-11-28,15,12.031220443546772
99_sik,2020-11-28,20,12.031220443546772
99_sik,2020-11-28,30,12.031220443546772
99_sik,2020-11-28,40,12.031220443546772
99_sik,2020-11-28,50,12.031952887773514
99_sik,2020-11-28,65,11.23285623639822
99_sik,2020-11-28,80,10.66081729531288
99_sik,2020-11-29,5,11.964568018913267
99_sik,2020-11-29,10,11.964568018913267
99_sik,2020-11-29,15,11.964568018913267
99_sik,2020-11-29,20,11.964568018913267
99_sik,2020-11-29,30,11.964568018913267
99_sik,2020-11-29,40,11.964568018913267
99_sik,2020-11-29,50,11.983611568808556
99_sik,2020-11-29,65,11.28192999958992
99_sik,2020-11-29,80,10.693777285516262
99_sik,2020-11-30,5,11.88326670974493
99_sik,2020-11-30,10,11.88326670974493
99_sik,2020-11-30,15,11.88326670974493
99_sik,2020-11-30,20,11.88326670974493
99_sik,2020-11-30,30,11.88326670974493
99_sik,2020-11-30,40,11.88326670974493
99_sik,2020-11-30,50,11.88766137510538
99_sik,2020-11-30,65,11.333201095461844
99_sik,2020-11-30,80,10.72966705262661
99_sik,2020-12-01,5,11.798303179442884
99_sik,2020-12-01,10,11.798303179442884
99_sik,2020-12-01,15,11.798303179442884
99_sik,2020-12-01,20,11.798303179442884
99_sik,2020-12-01,30,11.798303179442884
99_sik,2020-12-01,40,11.798303179442884
99_sik,2020-12-01,50,11.803430289030077
99_sik,2020-12-01,65,11.47383038699627
99_sik,2020-12-01,80,10.777275927364826
99_sik,2020-12-02,5,11.73165075480938
99_sik,2020-12-02,10,11.73165075480938
99_sik,2020-12-02,15,11.73165075480938
99_sik,2020-12-02,20,11.73165075480938
99_sik,2020-12-02,30,11.73238319903612
99_sik,2020-12-02,40,11.73238319903612
99_sik,2020-12-02,50,11.736777864396572
99_sik,2020-12-02,65,11.548539698123932
99_sik,2020-12-02,80,10.840998575091362
99_sik,2020-12-03,5,11.606402792036532
99_sik,2020-12-03,10,11.606402792036532
99_sik,2020-12-03,15,11.606402792036532
99_sik,2020-12-03,20,11.606402792036532
99_sik,2020-12-03,30,11.606402792036532
99_sik,2020-12-03,40,11.606402792036532
99_sik,2020-12-03,50,11.611529901623726
99_sik,2020-12-03,65,11.581499688327312
99_sik,2020-12-03,80,10.861507013440132
99_sik,2020-12-04,5,11.497268602252008
99_sik,2020-12-04,10,11.497268602252008
99_sik,2020-12-04,15,11.497268602252008
99_sik,2020-12-04,20,11.497268602252008
99_sik,2020-12-04,30,11.497268602252008
99_sik,2020-12-04,40,11.497268602252008
99_sik,2020-12-04,50,11.5023957118392
99_sik,2020-12-04,65,11.508255265653132
99_sik,2020-12-04,80,10.83587146550417
99_sik,2020-12-05,5,11.399121075868608
99_sik,2020-12-05,10,11.399121075868608
99_sik,2020-12-05,15,11.399121075868608
99_sik,2020-12-05,20,11.399121075868608
99_sik,2020-12-05,30,11.399121075868608
99_sik,2020-12-05,40,11.399121075868608
99_sik,2020-12-05,50,11.403515741229056
99_sik,2020-12-05,65,11.40498062968254
99_sik,2020-12-05,80,10.814630582928658
99_sik,2020-12-06,5,11.296578884124756
99_sik,2020-12-06,10,11.296578884124756
99_sik,2020-12-06,15,11.296578884124756
99_sik,2020-12-06,20,11.296578884124756
99_sik,2020-12-06,30,11.296578884124756
99_sik,2020-12-06,40,11.296578884124756
99_sik,2020-12-06,50,11.300973549485208
99_sik,2020-12-06,65,11.299508661031725
99_sik,2020-12-06,80,10.79924925416708
99_sik,2020-12-07,5,11.214545130729675
99_sik,2020-12-07,10,11.214545130729675
99_sik,2020-12-07,15,11.214545130729675
99_sik,2020-12-07,20,11.214545130729675
99_sik,2020-12-07,30,11.214545130729675
99_sik,2020-12-07,40,11.215277574956415
99_sik,2020-12-07,50,11.218207351863384
99_sik,2020-12-07,65,11.203558467328548
99_sik,2020-12-07,80,10.772881262004375
99_sik,2020-12-08,5,11.11053805053234
99_sik,2020-12-08,10,11.111270494759085
99_sik,2020-12-08,15,11.111270494759085
99_sik,2020-12-08,20,11.111270494759085
99_sik,2020-12-08,30,11.111270494759085
99_sik,2020-12-08,40,11.111270494759085
99_sik,2020-12-08,50,11.113467827439308
99_sik,2020-12-08,65,11.106875829398632
99_sik,2020-12-08,80,10.791924811899662
99_sik,2020-12-09,5,11.006530970335008
99_sik,2020-12-09,10,11.006530970335008
99_sik,2020-12-09,15,11.006530970335008
99_sik,2020-12-09,20,11.006530970335008
99_sik,2020-12-09,30,11.006530970335008
99_sik,2020-12-09,40,11.006530970335008
99_sik,2020-12-09,50,11.008728303015232
99_sik,2020-12-09,65,11.00799585878849
99_sik,2020-12-09,80,10.94207587838173
99_sik,2020-12-10,5,10.95452743023634
99_sik,2020-12-10,10,10.95525987446308
99_sik,2020-12-10,15,10.95525987446308
99_sik,2020-12-10,20,10.95525987446308
99_sik,2020-12-10,30,10.95452743023634
99_sik,2020-12-10,40,10.95452743023634
99_sik,2020-12-10,50,10.956724762916563
99_sik,2020-12-10,65,10.955992318689823
99_sik,2020-12-10,80,10.91424299776554
99_sik,2020-12-11,5,10.90618611127138
99_sik,2020-12-11,10,10.90618611127138
99_sik,2020-12-11,15,10.90618611127138
99_sik,2020-12-11,20,10.90618611127138
99_sik,2020-12-11,30,10.90618611127138
99_sik,2020-12-11,40,10.90618611127138
99_sik,2020-12-11,50,10.906918555498123
99_sik,2020-12-11,65,10.906918555498123
99_sik,2020-12-11,80,10.896664336323738
99_sik,2020-12-12,5,10.80730614066124
99_sik,2020-12-12,10,10.80730614066124
99_sik,2020-12-12,15,10.80730614066124
99_sik,2020-12-12,20,10.80730614066124
99_sik,2020-12-12,30,10.80730614066124
99_sik,2020-12-12,40,10.80730614066124
99_sik,2020-12-12,50,10.80803858488798
99_sik,2020-12-12,65,10.80803858488798
99_sik,2020-12-12,80,10.821955025196075
99_sik,2020-12-13,5,10.65642262995243
99_sik,2020-12-13,10,10.65642262995243
99_sik,2020-12-13,15,10.65642262995243
99_sik,2020-12-13,20,10.65642262995243
99_sik,2020-12-13,30,10.65642262995243
99_sik,2020-12-13,40,10.65642262995243
99_sik,2020-12-13,50,10.657155074179173
99_sik,2020-12-13,65,10.657155074179173
99_sik,2020-12-13,80,10.681325733661652
99_sik,2020-12-14,5,10.49601734429598
99_sik,2020-12-14,10,10.49601734429598
99_sik,2020-12-14,15,10.49601734429598
99_sik,2020-12-14,20,10.49601734429598
99_sik,2020-12-14,30,10.49601734429598
99_sik,2020-12-14,40,10.49601734429598
99_sik,2020-12-14,50,10.497482232749462
99_sik,2020-12-14,65,10.497482232749462
99_sik,2020-12-14,80,10.512131117284298
99_sik,2020-12-15,5,10.3246253952384
99_sik,2020-12-15,10,10.3246253952384
99_sik,2020-12-15,15,10.3246253952384
99_sik,2020-12-15,20,10.3246253952384
99_sik,2020-12-15,30,10.3246253952384
99_sik,2020-12-15,40,10.3246253952384
99_sik,2020-12-15,50,10.326090283691885
99_sik,2020-12-15,65,10.326090283691885
99_sik,2020-12-15,80,10.3246253952384
99_sik,2020-12-16,5,10.145909003913404
99_sik,2020-12-16,10,10.145909003913404
99_sik,2020-12-16,15,10.145909003913404
99_sik,2020-12-16,20,10.145909003913404
99_sik,2020-12-16,30,10.145909003913404
99_sik,2020-12-16,40,10.145909003913404
99_sik,2020-12-16,50,10.146641448140144
99_sik,2020-12-16,65,10.146641448140144
99_sik,2020-12-16,80,10.151768557727337
99_sik,2020-12-17,5,9.910061962902546
99_sik,2020-12-17,10,9.910061962902546
99_sik,2020-12-17,15,9.910061962902546
99_sik,2020-12-17,20,9.910061962902546
99_sik,2020-12-17,30,9.910061962902546
99_sik,2020-12-17,40,9.910061962902546
99_sik,2020-12-17,50,9.910794407129288
99_sik,2020-12-17,65,9.910794407129288
99_sik,2020-12-17,80,9.969389945268633
99_sik,2020-12-18,5,9.688131362199783
99_sik,2020-12-18,10,9.688131362199783
99_sik,2020-12-18,15,9.688131362199783
99_sik,2020-12-18,20,9.688131362199783
99_sik,2020-12-18,30,9.688863806426523
99_sik,2020-12-18,40,9.688863806426523
99_sik,2020-12-18,50,9.689596250653269
99_sik,2020-12-18,65,9.689596250653269
99_sik,2020-12-18,80,9.794335775077345
99_sik,2020-12-19,5,9.532853186130524
99_sik,2020-12-19,10,9.532853186130524
99_sik,2020-12-19,15,9.532853186130524
99_sik,2020-12-19,20,9.532853186130524
99_sik,2020-12-19,30,9.532853186130524
99_sik,2020-12-19,40,9.532853186130524
99_sik,2020-12-19,50,9.534318074584007
99_sik,2020-12-19,65,9.534318074584007
99_sik,2020-12-19,80,9.627338491380216
99_sik,2020-12-20,5,9.448622100055218
99_sik,2020-12-20,10,9.448622100055218
99_sik,2020-12-20,15,9.448622100055218
99_sik,2020-12-20,20,9.448622100055218
99_sik,2020-12-20,30,9.448622100055218
99_sik,2020-12-20,40,9.448622100055218
99_sik,2020-12-20,50,9.4500869885087
99_sik,2020-12-20,65,9.4500869885087
99_sik,2020-12-20,80,9.497695863246918
99_sik,2020-12-21,5,9.382702119648457
99_sik,2020-12-21,10,9.382702119648457
99_sik,2020-12-21,15,9.383434563875198
99_sik,2020-12-21,20,9.383434563875198
99_sik,2020-12-21,30,9.383434563875198
99_sik,2020-12-21,40,9.383434563875198
99_sik,2020-12-21,50,9.38416700810194
99_sik,2020-12-21,65,9.38416700810194
99_sik,2020-12-21,80,9.398815892636776
99_sik,2020-12-22,5,9.316782139241695
99_sik,2020-12-22,10,9.316782139241695
99_sik,2020-12-22,15,9.316782139241695
99_sik,2020-12-22,20,9.316782139241695
99_sik,2020-12-22,30,9.316782139241695
99_sik,2020-12-22,40,9.316782139241695
99_sik,2020-12-22,50,9.317514583468435
99_sik,2020-12-22,65,9.317514583468435
99_sik,2020-12-22,80,9.32703635841608
99_sik,2020-12-23,5,9.210577726364136
99_sik,2020-12-23,10,9.210577726364136
99_sik,2020-12-23,15,9.210577726364136
99_sik,2020-12-23,20,9.210577726364136
99_sik,2020-12-23,30,9.210577726364136
99_sik,2020-12-23,40,9.210577726364136
99_sik,2020-12-23,50,9.211310170590878
99_sik,2020-12-23,65,9.211310170590878
99_sik,2020-12-23,80,9.258186601102352
99_sik,2020-12-24,5,9.131473749876022
99_sik,2020-12-24,10,9.133671082556248
99_sik,2020-12-24,15,9.13440352678299
99_sik,2020-12-24,20,9.135135971009731
99_sik,2020-12-24,30,9.13440352678299
99_sik,2020-12-24,40,9.13440352678299
99_sik,2020-12-24,50,9.135135971009731
99_sik,2020-12-24,65,9.135135971009731
99_sik,2020-12-24,80,9.197393730282784
99_sik,2020-12-25,5,9.030396446585655
99_sik,2020-12-25,10,9.030396446585655
99_sik,2020-12-25,15,9.031128890812395
99_sik,2020-12-25,20,9.031128890812395
99_sik,2020-12-25,30,9.031128890812395
99_sik,2020-12-25,40,9.031128890812395
99_sik,2020-12-25,50,9.03186133503914
99_sik,2020-12-25,65,9.03186133503914
99_sik,2020-12-25,80,9.088259540498257
99_sik,2020-12-26,5,8.922727145254612
99_sik,2020-12-26,10,8.922727145254612
99_sik,2020-12-26,15,8.922727145254612
99_sik,2020-12-26,20,8.922727145254612
99_sik,2020-12-26,30,8.923459589481354
99_sik,2020-12-26,40,8.923459589481354
99_sik,2020-12-26,50,8.924924477934837
99_sik,2020-12-26,65,8.924924477934837
99_sik,2020-12-26,80,8.964476466178894
99_sik,2020-12-27,5,8.86486405134201
99_sik,2020-12-27,10,8.86486405134201
99_sik,2020-12-27,15,8.86486405134201
99_sik,2020-12-27,20,8.86486405134201
99_sik,2020-12-27,30,8.86486405134201
99_sik,2020-12-27,40,8.86486405134201
99_sik,2020-12-27,50,8.866328939795494
99_sik,2020-12-27,65,8.866328939795494
99_sik,2020-12-27,80,8.892696931958199
99_sik,2020-12-28,5,8.818720065057278
99_sik,2020-12-28,10,8.818720065057278
99_sik,2020-12-28,15,8.818720065057278
99_sik,2020-12-28,20,8.818720065057278
99_sik,2020-12-28,30,8.818720065057278
99_sik,2020-12-28,40,8.818720065057278
99_sik,2020-12-28,50,8.81945250928402
99_sik,2020-12-28,65,8.81945250928402
99_sik,2020-12-28,80,8.845088057219982
99_sik,2020-12-29,5,8.731559202075005
99_sik,2020-12-29,10,8.731559202075005
99_sik,2020-12-29,15,8.731559202075005
99_sik,2020-12-29,20,8.731559202075005
99_sik,2020-12-29,30,8.731559202075005
99_sik,2020-12-29,40,8.732291646301746
99_sik,2020-12-29,50,8.733024090528488
99_sik,2020-12-29,65,8.733024090528488
99_sik,2020-12-29,80,8.749137863516808
99_sik,2020-12-30,5,8.655385002493858
99_sik,2020-12-30,10,8.655385002493858
99_sik,2020-12-30,15,8.655385002493858
99_sik,2020-12-30,20,8.655385002493858
99_sik,2020-12-30,30,8.655385002493858
99_sik,2020-12-30,40,8.655385002493858
99_sik,2020-12-30,50,8.6561174467206
99_sik,2020-12-30,65,8.6561174467206
99_sik,2020-12-30,80,8.65172278136015
99_sik,2020-12-31,5,8.49278238415718
99_sik,2020-12-31,10,8.49278238415718
99_sik,2020-12-31,15,8.49278238415718
99_sik,2020-12-31,20,8.49278238415718
99_sik,2020-12-31,30,8.493514828383923
99_sik,2020-12-31,40,8.493514828383923
99_sik,2020-12-31,50,8.494247272610664
99_sik,2020-12-31,65,8.494247272610664
99_sik,2020-12-31,80,8.52134770900011
99_sik,2021-01-01,5,8.364604644477367
99_sik,2021-01-01,10,8.364604644477367
99_sik,2021-01-01,15,8.364604644477367
99_sik,2021-01-01,20,8.364604644477367
99_sik,2021-01-01,30,8.364604644477367
99_sik,2021-01-01,40,8.364604644477367
99_sik,2021-01-01,50,8.367534421384335
99_sik,2021-01-01,65,8.368999309837818
99_sik,2021-01-01,80,8.42686240375042
99_sik,2021-01-02,5,8.292825110256672
99_sik,2021-01-02,10,8.292825110256672
99_sik,2021-01-02,15,8.292825110256672
99_sik,2021-01-02,20,8.292825110256672
99_sik,2021-01-02,30,8.292825110256672
99_sik,2021-01-02,40,8.292825110256672
99_sik,2021-01-02,50,8.297219775617123
99_sik,2021-01-02,65,8.29648733139038
99_sik,2021-01-02,80,8.340433984994888
99_sik,2021-01-03,5,8.190282918512821
99_sik,2021-01-03,10,8.190282918512821
99_sik,2021-01-03,15,8.190282918512821
99_sik,2021-01-03,20,8.190282918512821
99_sik,2021-01-03,30,8.190282918512821
99_sik,2021-01-03,40,8.190282918512821
99_sik,2021-01-03,50,8.19394513964653
99_sik,2021-01-03,65,8.197607360780239
99_sik,2021-01-03,80,8.220313131809235
99_sik,2021-01-04,5,8.077486507594585
99_sik,2021-01-04,10,8.077486507594585
99_sik,2021-01-04,15,8.077486507594585
99_sik,2021-01-04,20,8.077486507594585
99_sik,2021-01-04,30,8.077486507594585
99_sik,2021-01-04,40,8.077486507594585
99_sik,2021-01-04,50,8.081148728728294
99_sik,2021-01-04,65,8.07968384027481
99_sik,2021-01-04,80,8.103122055530548
99_sik,2021-01-05,5,7.998382531106472
99_sik,2021-01-05,10,7.998382531106472
99_sik,2021-01-05,15,7.998382531106472
99_sik,2021-01-05,20,7.998382531106472
99_sik,2021-01-05,30,7.998382531106472
99_sik,2021-01-05,40,7.998382531106472
99_sik,2021-01-05,50,8.004242084920406
99_sik,2021-01-05,65,7.988860756158829
99_sik,2021-01-05,80,8.004242084920406
99_sik,2021-01-06,5,7.967619873583317
99_sik,2021-01-06,10,7.967619873583317
99_sik,2021-01-06,15,7.967619873583317
99_sik,2021-01-06,20,7.967619873583317
99_sik,2021-01-06,30,7.968352317810059
99_sik,2021-01-06,40,7.969817206263542
99_sik,2021-01-06,50,7.967619873583317
99_sik,2021-01-06,65,7.947111435234547
99_sik,2021-01-06,80,7.916348777711391
99_sik,2021-01-07,5,7.876064345240593
99_sik,2021-01-07,10,7.876064345240593
99_sik,2021-01-07,15,7.876064345240593
99_sik,2021-01-07,20,7.876064345240593
99_sik,2021-01-07,30,7.880459010601044
99_sik,2021-01-07,40,7.887783452868462
99_sik,2021-01-07,50,7.87899412214756
99_sik,2021-01-07,65,7.852626129984856
99_sik,2021-01-07,80,7.831385247409344
99_sik,2021-01-08,5,7.751548826694488
99_sik,2021-01-08,10,7.751548826694488
99_sik,2021-01-08,15,7.751548826694488
99_sik,2021-01-08,20,7.751548826694488
99_sik,2021-01-08,30,7.75228127092123
99_sik,2021-01-08,40,7.75228127092123
99_sik,2021-01-08,50,7.790368370711803
99_sik,2021-01-08,65,7.731040388345718
99_sik,2021-01-08,80,7.776451930403709
99_sik,2021-01-09,5,7.616779088973999
99_sik,2021-01-09,10,7.616779088973999
99_sik,2021-01-09,15,7.616779088973999
99_sik,2021-01-09,20,7.616779088973999
99_sik,2021-01-09,30,7.616779088973999
99_sik,2021-01-09,40,7.627765752375126
99_sik,2021-01-09,50,7.637287527322769
99_sik,2021-01-09,65,7.640949748456478
99_sik,2021-01-09,80,7.698080398142338
99_sik,2021-01-10,5,7.40876492857933
99_sik,2021-01-10,10,7.40876492857933
99_sik,2021-01-10,15,7.40876492857933
99_sik,2021-01-10,20,7.40876492857933
99_sik,2021-01-10,30,7.409497372806072
99_sik,2021-01-10,40,7.410962261259556
99_sik,2021-01-10,50,7.419751591980457
99_sik,2021-01-10,65,7.525223560631275
99_sik,2021-01-10,80,7.5904110968112946
99_sik,2021-01-11,5,7.197820991277695
99_sik,2021-01-11,10,7.197820991277695
99_sik,2021-01-11,15,7.1985534355044365
99_sik,2021-01-11,20,7.1985534355044365
99_sik,2021-01-11,30,7.201483212411404
99_sik,2021-01-11,40,7.172185443341732
99_sik,2021-01-11,50,7.32673117518425
99_sik,2021-01-11,65,7.325998730957508
99_sik,2021-01-11,80,7.405835151672363
99_sik,2021-01-12,5,6.952452175319195
99_sik,2021-01-12,10,6.95464950799942
99_sik,2021-01-12,15,6.958311729133129
99_sik,2021-01-12,20,6.9605090618133545
99_sik,2021-01-12,30,6.984679721295834
99_sik,2021-01-12,40,7.148014783859253
99_sik,2021-01-12,50,7.186834327876568
99_sik,2021-01-12,65,7.128971233963966
99_sik,2021-01-12,80,7.252021864056587
99_sik,2021-01-13,5,6.79497666656971
99_sik,2021-01-13,10,6.7993713319301605
99_sik,2021-01-13,15,6.803765997290611
99_sik,2021-01-13,20,6.804498441517353
99_sik,2021-01-13,30,6.808893106877804
99_sik,2021-01-13,40,6.858699314296246
99_sik,2021-01-13,50,7.011047713458538
99_sik,2021-01-13,65,7.035950817167759
99_sik,2021-01-13,80,7.17145299911499
99_sik,2021-01-14,5,6.723197132349014
99_sik,2021-01-14,10,6.723197132349014
99_sik,2021-01-14,15,6.723197132349014
99_sik,2021-01-14,20,6.723197132349014
99_sik,2021-01-14,30,6.724662020802498
99_sik,2021-01-14,40,6.738578461110592
99_sik,2021-01-14,50,6.795709110796452
99_sik,2021-01-14,65,6.981749944388866
99_sik,2021-01-14,80,7.118717014789581
99_sik,2021-01-15,5,6.775200672447681
99_sik,2021-01-15,10,6.773735783994198
99_sik,2021-01-15,15,6.764214009046555
99_sik,2021-01-15,20,6.756889566779137
99_sik,2021-01-15,30,6.732718907296658
99_sik,2021-01-15,40,6.744438014924526
99_sik,2021-01-15,50,6.756889566779137
99_sik,2021-01-15,65,6.858699314296246
99_sik,2021-01-15,80,6.978820167481899
99_sik,2021-01-16,5,7.069643251597881
99_sik,2021-01-16,10,7.069643251597881
99_sik,2021-01-16,15,7.069643251597881
99_sik,2021-01-16,20,7.090151689946652
99_sik,2021-01-16,30,7.169988110661507
99_sik,2021-01-16,40,7.04474014788866
99_sik,2021-01-16,50,7.004455715417862
99_sik,2021-01-16,65,6.8762779757380486
99_sik,2021-01-16,80,6.953917063772678
99_sik,2021-01-17,5,7.336252950131893
99_sik,2021-01-17,10,7.336252950131893
99_sik,2021-01-17,15,7.380199603736401
99_sik,2021-01-17,20,7.489333793520927
99_sik,2021-01-17,30,7.506180010735989
99_sik,2021-01-17,40,7.330393396317959
99_sik,2021-01-17,50,7.238837867975235
99_sik,2021-01-17,65,6.986877053976059
99_sik,2021-01-17,80,7.005188159644604
99_sik,2021-01-18,5,7.46589557826519
99_sik,2021-01-18,10,7.492996014654636
99_sik,2021-01-18,15,7.508377343416214
99_sik,2021-01-18,20,7.501785345375538
99_sik,2021-01-18,30,7.392651155591011
99_sik,2021-01-18,40,7.258613862097263
99_sik,2021-01-18,50,7.128238789737225
99_sik,2021-01-18,65,6.8799401968717575
99_sik,2021-01-18,80,6.989806830883026
99_sik,2021-01-19,5,7.180242329835892
99_sik,2021-01-19,10,7.188299216330051
99_sik,2021-01-19,15,7.193426325917244
99_sik,2021-01-19,20,7.226386316120624
99_sik,2021-01-19,30,7.174382776021957
99_sik,2021-01-19,40,7.024964153766632
99_sik,2021-01-19,50,6.874080643057823
99_sik,2021-01-19,65,6.581835396587849
99_sik,2021-01-19,80,6.803765997290611
99_sik,2021-01-20,5,6.710013136267662
99_sik,2021-01-20,10,6.710013136267662
99_sik,2021-01-20,15,6.712210468947887
99_sik,2021-01-20,20,6.718070022761822
99_sik,2021-01-20,30,6.773003339767456
99_sik,2021-01-20,40,6.672658480703831
99_sik,2021-01-20,50,6.592822059988976
99_sik,2021-01-20,65,6.3899350091815
99_sik,2021-01-20,80,6.556199848651886
99_sik,2021-01-21,5,6.438276328146458
99_sik,2021-01-21,10,6.438276328146458
99_sik,2021-01-21,15,6.441938549280167
99_sik,2021-01-21,20,6.448530547320843
99_sik,2021-01-21,30,6.486617647111416
99_sik,2021-01-21,40,6.406048782169819
99_sik,2021-01-21,50,6.352580353617668
99_sik,2021-01-21,65,6.217810615897179
99_sik,2021-01-21,80,6.342326134443283
99_sik,2021-01-22,5,6.315225698053837
99_sik,2021-01-22,10,6.315225698053837
99_sik,2021-01-22,15,6.315958142280579
99_sik,2021-01-22,20,6.317423030734062
99_sik,2021-01-22,30,6.342326134443283
99_sik,2021-01-22,40,6.233924388885498
99_sik,2021-01-22,50,6.181920848786831
99_sik,2021-01-22,65,6.028840005397797
99_sik,2021-01-22,80,6.155552856624126
99_sik,2021-01-23,5,6.395062118768692
99_sik,2021-01-23,10,6.398724339902401
99_sik,2021-01-23,15,6.406048782169819
99_sik,2021-01-23,20,6.400921672582626
99_sik,2021-01-23,30,6.31229592114687
99_sik,2021-01-23,40,6.140903972089291
99_sik,2021-01-23,50,6.091097764670849
99_sik,2021-01-23,65,5.884548492729664
99_sik,2021-01-23,80,5.984893351793289
99_sik,2021-01-24,5,6.347453244030476
99_sik,2021-01-24,10,6.348185688257217
99_sik,2021-01-24,15,6.364299461245537
99_sik,2021-01-24,20,6.367229238152504
99_sik,2021-01-24,30,6.335734136402607
99_sik,2021-01-24,40,6.016388453543186
99_sik,2021-01-24,50,5.925565369427204
99_sik,2021-01-24,65,5.737327203154564
99_sik,2021-01-24,80,5.831080064177513
99_sik,2021-01-25,5,6.22659994661808
99_sik,2021-01-25,10,6.233924388885498
99_sik,2021-01-25,15,6.220007948577404
99_sik,2021-01-25,20,6.210486173629761
99_sik,2021-01-25,30,6.1833857372403145
99_sik,2021-01-25,40,5.874294273555279
99_sik,2021-01-25,50,5.765892527997494
99_sik,2021-01-25,65,5.585711248219013
99_sik,2021-01-25,80,5.719016097486019
99_sik,2021-01-26,5,6.044953778386116
99_sik,2021-01-26,10,6.047151111066341
99_sik,2021-01-26,15,6.049348443746567
99_sik,2021-01-26,20,6.049348443746567
99_sik,2021-01-26,30,6.047151111066341
99_sik,2021-01-26,40,5.8471938371658325
99_sik,2021-01-26,50,5.744651645421982
99_sik,2021-01-26,65,5.627460569143295
99_sik,2021-01-26,80,5.687520995736122
99_sik,2021-01-27,5,5.946073807775974
99_sik,2021-01-27,10,5.946806252002716
99_sik,2021-01-27,15,5.951200917363167
99_sik,2021-01-27,20,5.954130694270134
99_sik,2021-01-27,30,5.95266580581665
99_sik,2021-01-27,40,5.777611635625362
99_sik,2021-01-27,50,5.716086320579052
99_sik,2021-01-27,65,5.643574342131615
99_sik,2021-01-27,80,5.672872111201286
99_sik,2021-01-28,5,5.520523712038994
99_sik,2021-01-28,10,5.538834817707539
99_sik,2021-01-28,15,5.571794807910919
99_sik,2021-01-28,20,5.58424635976553
99_sik,2021-01-28,30,5.587176136672497
99_sik,2021-01-28,40,5.573259696364403
99_sik,2021-01-28,50,5.582049027085304
99_sik,2021-01-28,65,5.595965467393398
99_sik,2021-01-28,80,5.598162800073624
99_sik,2021-01-29,5,5.155766487121582
99_sik,2021-01-29,10,5.157231375575066
99_sik,2021-01-29,15,5.160893596708775
99_sik,2021-01-29,20,5.164555817842484
99_sik,2021-01-29,30,5.194586031138897
99_sik,2021-01-29,40,5.468520171940327
99_sik,2021-01-29,50,5.51905882358551
99_sik,2021-01-29,65,5.573992140591145
99_sik,2021-01-29,80,5.56373792141676
99_sik,2021-01-30,5,4.386700049042702
99_sik,2021-01-30,10,4.395489379763603
99_sik,2021-01-30,15,4.648915082216263
99_sik,2021-01-30,20,4.728751502931118
99_sik,2021-01-30,30,4.93823055177927
99_sik,2021-01-30,40,5.35132909566164
99_sik,2021-01-30,50,5.446546845138073
99_sik,2021-01-30,65,5.561540588736534
99_sik,2021-01-30,80,5.531510375440121
99_sik,2021-01-31,5,3.895962417125702
99_sik,2021-01-31,10,3.909878857433796
99_sik,2021-01-31,15,4.3522751703858376
99_sik,2021-01-31,20,4.48411513119936
99_sik,2021-01-31,30,4.881832346320152
99_sik,2021-01-31,40,5.260506011545658
99_sik,2021-01-31,50,5.37183753401041
99_sik,2021-01-31,65,5.450941510498524
99_sik,2021-01-31,80,5.445814400911331
99_sik,2021-02-01,5,4.113498352468014
99_sik,2021-02-01,10,4.169896557927132
99_sik,2021-02-01,15,4.5170751214027405
99_sik,2021-02-01,20,4.603503540158272
99_sik,2021-02-01,30,4.941160328686237
99_sik,2021-02-01,40,5.251716680824757
99_sik,2021-02-01,50,5.333750434219837
99_sik,2021-02-01,65,5.354258872568607
99_sik,2021-02-01,80,5.365977980196476
99_sik,2021-02-02,5,4.095187246799469
99_sik,2021-02-02,10,4.1003143563866615
99_sik,2021-02-02,15,4.339091174304485
99_sik,2021-02-02,20,4.480452910065651
99_sik,2021-02-02,30,4.766106158494949
99_sik,2021-02-02,40,5.197515808045864
99_sik,2021-02-02,50,5.271492674946785
99_sik,2021-02-02,65,5.314706884324551
99_sik,2021-02-02,80,5.337412655353546
99_sik,2021-02-03,5,3.956755287945271
99_sik,2021-02-03,10,3.958220176398754
99_sik,2021-02-03,15,4.156712561845779
99_sik,2021-02-03,20,4.399151600897312
99_sik,2021-02-03,30,4.824701696634293
99_sik,2021-02-03,40,5.108157612383366
99_sik,2021-02-03,50,5.166753150522709
99_sik,2021-02-03,65,5.221686467528343
99_sik,2021-02-03,80,5.309579774737358
99_sik,2021-02-04,5,4.130344569683075
99_sik,2021-02-04,10,4.134006790816784
99_sik,2021-02-04,15,4.217505432665348
99_sik,2021-02-04,20,4.407940931618214
99_sik,2021-02-04,30,4.804925702512264
99_sik,2021-02-04,40,4.971190541982651
99_sik,2021-02-04,50,4.990966536104679
99_sik,2021-02-04,65,5.095706060528755
99_sik,2021-02-04,80,5.281014449894428
99_sik,2021-02-05,5,4.1325419023633
99_sik,2021-02-05,10,4.141331233084202
99_sik,2021-02-05,15,4.168431669473648
99_sik,2021-02-05,20,4.203588992357254
99_sik,2021-02-05,30,4.646717749536037
99_sik,2021-02-05,40,4.764641270041466
99_sik,2021-02-05,50,4.776360377669334
99_sik,2021-02-05,65,5.017334528267384
99_sik,2021-02-05,80,5.223151355981827
99_sik,2021-02-06,5,4.126682348549366
99_sik,2021-02-06,10,4.16916411370039
99_sik,2021-02-06,15,4.254860088229179
99_sik,2021-02-06,20,4.314920514822006
99_sik,2021-02-06,30,4.56175421923399
99_sik,2021-02-06,40,4.615955092012882
99_sik,2021-02-06,50,4.648182637989521
99_sik,2021-02-06,65,4.936765663325787
99_sik,2021-02-06,80,5.153569154441357
99_sik,2021-02-07,5,4.031464599072933
99_sik,2021-02-07,10,4.060029923915863
99_sik,2021-02-07,15,4.314188070595264
99_sik,2021-02-07,20,4.39402449131012
99_sik,2021-02-07,30,4.543443113565445
99_sik,2021-02-07,40,4.61522264778614
99_sik,2021-02-07,50,4.685537293553352
99_sik,2021-02-07,65,4.887691900134087
99_sik,2021-02-07,80,5.097903393208981
99_sik,2021-02-08,5,3.6667073741555214
99_sik,2021-02-08,10,3.672566927969456
99_sik,2021-02-08,15,4.173558779060841
99_sik,2021-02-08,20,4.347148060798645
99_sik,2021-02-08,30,4.550035111606121
99_sik,2021-02-08,40,4.726554170250893
99_sik,2021-02-08,50,4.792474150657654
99_sik,2021-02-08,65,4.914792336523533
99_sik,2021-02-08,80,5.071535401046276
99_sik,2021-02-09,5,3.2155217304825783
99_sik,2021-02-09,10,3.218451507389545
99_sik,2021-02-09,15,3.4308603331446648
99_sik,2021-02-09,20,3.683553591370583
99_sik,2021-02-09,30,4.392559602856636
99_sik,2021-02-09,40,4.681142628192902
99_sik,2021-02-09,50,4.779290154576302
99_sik,2021-02-09,65,4.966063432395458
99_sik,2021-02-09,80,5.047364741563797
99_sik,2021-02-10,5,2.765068531036377
99_sik,2021-02-10,10,2.7658009752631187
99_sik,2021-02-10,15,2.799493409693241
99_sik,2021-02-10,20,2.953306697309017
99_sik,2021-02-10,30,4.106173910200596
99_sik,2021-02-10,40,4.461409360170364
99_sik,2021-02-10,50,4.6708884090185165
99_sik,2021-02-10,65,4.922849223017693
99_sik,2021-02-10,80,5.053956739604473
99_sik,2021-02-11,5,2.429609075188637
99_sik,2021-02-11,10,2.4303415194153786
99_sik,2021-02-11,15,2.502121053636074
99_sik,2021-02-11,20,2.708670325577259
99_sik,2021-02-11,30,3.762657567858696
99_sik,2021-02-11,40,4.268776528537273
99_sik,2021-02-11,50,4.525864452123642
99_sik,2021-02-11,65,4.841547913849354
99_sik,2021-02-11,80,5.08545184135437
99_sik,2021-02-12,5,2.22232735902071
99_sik,2021-02-12,10,2.236976243555546
99_sik,2021-02-12,15,2.265541568398476
99_sik,2021-02-12,20,2.3116855546832085
99_sik,2021-02-12,30,3.3832514584064484
99_sik,2021-02-12,40,4.139866344630718
99_sik,2021-02-12,50,4.412335596978664
99_sik,2021-02-12,65,4.840815469622612
99_sik,2021-02-12,80,5.081057175993919
99_sik,2021-02-13,5,2.2757957875728607
99_sik,2021-02-13,10,2.302896223962307
99_sik,2021-02-13,15,2.376873090863228
99_sik,2021-02-13,20,2.3856624215841293
99_sik,2021-02-13,30,3.258735939860344
99_sik,2021-02-13,40,3.970671728253365
99_sik,2021-02-13,50,4.362529389560223
99_sik,2021-02-13,65,4.889889232814312
99_sik,2021-02-13,80,5.017334528267384
99_sik,2021-02-14,5,2.526291713118553
99_sik,2021-02-14,10,2.6764427796006203
99_sik,2021-02-14,15,2.7877743020653725
99_sik,2021-02-14,20,2.7943663001060486
99_sik,2021-02-14,30,3.5326700806617737
99_sik,2021-02-14,40,4.049775704741478
99_sik,2021-02-14,50,4.4013489335775375
99_sik,2021-02-14,65,4.927243888378143
99_sik,2021-02-14,80,4.931638553738594
99_sik,2021-02-15,5,3.017029345035553
99_sik,2021-02-15,10,3.1019928753376007
99_sik,2021-02-15,15,3.170842632651329
99_sik,2021-02-15,20,3.192083515226841
99_sik,2021-02-15,30,3.748741127550602
99_sik,2021-02-15,40,4.204321436583996
99_sik,2021-02-15,50,4.400616489350796
99_sik,2021-02-15,65,4.8686483502388
99_sik,2021-02-15,80,4.927976332604885
99_sik,2021-02-16,5,3.3261208087205887
99_sik,2021-02-16,10,3.3268532529473305
99_sik,2021-02-16,15,3.331247918307781
99_sik,2021-02-16,20,3.3363750278949738
99_sik,2021-02-16,30,3.372264795005321
99_sik,2021-02-16,40,3.71504869312048
99_sik,2021-02-16,50,3.939176626503468
99_sik,2021-02-16,65,4.736808389425278
99_sik,2021-02-16,80,4.911130115389824
99_sik,2021-02-17,5,3.28583637624979
99_sik,2021-02-17,10,3.28583637624979
99_sik,2021-02-17,15,3.28583637624979
99_sik,2021-02-17,20,3.28583637624979
99_sik,2021-02-17,30,3.33491013944149
99_sik,2021-02-17,40,3.4528336599469185
99_sik,2021-02-17,50,3.4799340963363647
99_sik,2021-02-17,65,4.591784432530403
99_sik,2021-02-17,80,4.861323907971382
99_sik,2021-02-18,5,3.2924283742904663
99_sik,2021-02-18,10,3.2916959300637245
99_sik,2021-02-18,15,3.2916959300637245
99_sik,2021-02-18,20,3.2909634858369827
99_sik,2021-02-18,30,3.328318141400814
99_sik,2021-02-18,40,3.373729683458805
99_sik,2021-02-18,50,3.3686025738716125
99_sik,2021-02-18,65,4.520004898309708
99_sik,2021-02-18,80,4.809320367872715
99_sik,2021-02-19,5,3.255073718726635
99_sik,2021-02-19,10,3.2558061629533768
99_sik,2021-02-19,15,3.2572710514068604
99_sik,2021-02-19,20,3.2572710514068604
99_sik,2021-02-19,30,3.2843714877963066
99_sik,2021-02-19,40,3.303415037691593
99_sik,2021-02-19,50,3.3165990337729454
99_sik,2021-02-19,65,4.436506256461144
99_sik,2021-02-19,80,4.7412030547857285
99_sik,2021-02-20,5,3.360545687377453
99_sik,2021-02-20,10,3.3590807989239693
99_sik,2021-02-20,15,3.356883466243744
99_sik,2021-02-20,20,3.356151022017002
99_sik,2021-02-20,30,3.3590807989239693
99_sik,2021-02-20,40,3.409619450569153
99_sik,2021-02-20,50,3.4887234270572662
99_sik,2021-02-20,65,4.377178274095058
99_sik,2021-02-20,80,4.690664403140545
99_sik,2021-02-21,5,3.4938505366444588
99_sik,2021-02-21,10,3.4938505366444588
99_sik,2021-02-21,15,3.4938505366444588
99_sik,2021-02-21,20,3.4938505366444588
99_sik,2021-02-21,30,3.494582980871201
99_sik,2021-02-21,40,3.51069675385952
99_sik,2021-02-21,50,3.6557207107543945
99_sik,2021-02-21,65,4.250465422868729
99_sik,2021-02-21,80,4.662831522524357
99_sik,2021-02-22,5,3.525345638394356
99_sik,2021-02-22,10,3.5260780826210976
99_sik,2021-02-22,15,3.521683417260647
99_sik,2021-02-22,20,3.5202185288071632
99_sik,2021-02-22,30,3.5150914192199707
99_sik,2021-02-22,40,3.5158238634467125
99_sik,2021-02-22,50,3.584673620760441
99_sik,2021-02-22,65,4.186742775142193
99_sik,2021-02-22,80,4.624744422733784
99_sik,2021-02-23,5,3.507766976952553
99_sik,2021-02-23,10,3.507766976952553
99_sik,2021-02-23,15,3.507766976952553
99_sik,2021-02-23,20,3.507766976952553
99_sik,2021-02-23,30,3.5084994211792946
99_sik,2021-02-23,40,3.509964309632778
99_sik,2021-02-23,50,3.523880749940872
99_sik,2021-02-23,65,4.120822794735432
99_sik,2021-02-23,80,4.547105334699154
99_sik,2021-02-24,5,3.5202185288071632
99_sik,2021-02-24,10,3.5202185288071632
99_sik,2021-02-24,15,3.5202185288071632
99_sik,2021-02-24,20,3.5202185288071632
99_sik,2021-02-24,30,3.5202185288071632
99_sik,2021-02-24,40,3.521683417260647
99_sik,2021-02-24,50,3.5436567440629005
99_sik,2021-02-24,65,4.093722358345985
99_sik,2021-02-24,80,4.48411513119936
99_sik,2021-02-25,5,3.504104755818844
99_sik,2021-02-25,10,3.517288751900196
99_sik,2021-02-25,15,3.5260780826210976
99_sik,2021-02-25,20,3.528275415301323
99_sik,2021-02-25,30,3.5326700806617737
99_sik,2021-02-25,40,3.5334025248885155
99_sik,2021-02-25,50,3.562700293958187
99_sik,2021-02-25,65,4.0343943759799
99_sik,2021-02-25,80,4.444563142955303
99_sik,2021-02-26,5,3.479201652109623
99_sik,2021-02-26,10,3.479201652109623
99_sik,2021-02-26,15,3.4806665405631065
99_sik,2021-02-26,20,3.48213142901659
99_sik,2021-02-26,30,3.5019074231386185
99_sik,2021-02-26,40,3.55171363055706
99_sik,2021-02-26,50,3.584673620760441
99_sik,2021-02-26,65,4.016815714538097
99_sik,2021-02-26,80,4.45554980635643
99_sik,2021-02-27,5,3.465285211801529
99_sik,2021-02-27,10,3.464552767574787
99_sik,2021-02-27,15,3.4601581022143364
99_sik,2021-02-27,20,3.4594256579875946
99_sik,2021-02-27,30,3.4740745425224304
99_sik,2021-02-27,40,3.518021196126938
99_sik,2021-02-27,50,3.556108295917511
99_sik,2021-02-27,65,4.0234077125787735
99_sik,2021-02-27,80,4.4680013582110405
99_sik,2021-02-28,5,3.49018831551075
99_sik,2021-02-28,10,3.4879909828305244
99_sik,2021-02-28,15,3.482863873243332
99_sik,2021-02-28,20,3.4799340963363647
99_sik,2021-02-28,30,3.47773676365614
99_sik,2021-02-28,40,3.506302088499069
99_sik,2021-02-28,50,3.53120519220829
99_sik,2021-02-28,65,4.155980117619038
99_sik,2021-02-28,80,4.375713385641575
99_sik,2021-03-01,5,3.547318965196609
99_sik,2021-03-01,10,3.521683417260647
99_sik,2021-03-01,15,3.4989776462316518
99_sik,2021-03-01,20,3.4938505366444588
99_sik,2021-03-01,30,3.497512757778168
99_sik,2021-03-01,40,3.521683417260647
99_sik,2021-03-01,50,3.545854076743126
99_sik,2021-03-01,65,4.2929471880197525
99_sik,2021-03-01,80,4.321512512862682
99_sik,2021-03-02,5,3.394970566034317
99_sik,2021-03-02,10,3.444044329226017
99_sik,2021-03-02,15,3.4806665405631065
99_sik,2021-03-02,20,3.478469207882881
99_sik,2021-03-02,30,3.496780313551426
99_sik,2021-03-02,40,3.534867413341999
99_sik,2021-03-02,50,3.552446074783802
99_sik,2021-03-02,65,4.317850291728973
99_sik,2021-03-02,80,4.334696508944035
99_sik,2021-03-03,5,3.2711874917149544
99_sik,2021-03-03,10,3.275582157075405
99_sik,2021-03-03,15,3.4323252215981483
99_sik,2021-03-03,20,3.4499038830399518
99_sik,2021-03-03,30,3.496780313551426
99_sik,2021-03-03,40,3.545121632516384
99_sik,2021-03-03,50,3.575151845812797
99_sik,2021-03-03,65,4.258522309362888
99_sik,2021-03-03,80,4.243140980601311
99_sik,2021-03-04,5,3.274117268621921
99_sik,2021-03-04,10,3.2631306052207947
99_sik,2021-03-04,15,3.3729972392320637
99_sik,2021-03-04,20,3.4396496638655663
99_sik,2021-03-04,30,3.536332301795482
99_sik,2021-03-04,40,3.595660284161568
99_sik,2021-03-04,50,3.610309168696404
99_sik,2021-03-04,65,4.25925475358963
99_sik,2021-03-04,80,4.213843211531639
99_sik,2021-03-05,5,3.3275856971740723
99_sik,2021-03-05,10,3.2645954936742783
99_sik,2021-03-05,15,3.2873012647032738
99_sik,2021-03-05,20,3.356883466243744
99_sik,2021-03-05,30,3.5084994211792946
99_sik,2021-03-05,40,3.622028276324272
99_sik,2021-03-05,50,3.639606937766075
99_sik,2021-03-05,65,4.341288506984711
99_sik,2021-03-05,80,4.264381863176823
99_sik,2021-03-06,5,2.877132497727871
99_sik,2021-03-06,10,2.8785973861813545
99_sik,2021-03-06,15,3.030213341116905
99_sik,2021-03-06,20,3.193548403680325
99_sik,2021-03-06,30,3.440382108092308
99_sik,2021-03-06,40,3.619830943644047
99_sik,2021-03-06,50,3.668172262609005
99_sik,2021-03-06,65,4.427716925740242
99_sik,2021-03-06,80,4.333964064717293
99_sik,2021-03-07,5,2.593676581978798
99_sik,2021-03-07,10,2.5914792492985725
99_sik,2021-03-07,15,2.890316493809223
99_sik,2021-03-07,20,3.1517990827560425
99_sik,2021-03-07,30,3.4381847754120827
99_sik,2021-03-07,40,3.6249580532312393
99_sik,2021-03-07,50,3.7047944739460954
99_sik,2021-03-07,65,4.439436033368111
99_sik,2021-03-07,80,4.369121387600899
99_sik,2021-03-08,5,2.5980712473392487
99_sik,2021-03-08,10,2.6083254665136337
99_sik,2021-03-08,15,3.0265511199831963
99_sik,2021-03-08,20,3.2470168322324757
99_sik,2021-03-08,30,3.4835963174700737
99_sik,2021-03-08,40,3.661580264568329
99_sik,2021-03-08,50,3.7714468985795975
99_sik,2021-03-08,65,4.397686712443829
99_sik,2021-03-08,80,4.358134724199772
99_sik,2021-03-09,5,2.6859645545482635
99_sik,2021-03-09,10,2.671315670013428
99_sik,2021-03-09,15,3.0778222158551216
99_sik,2021-03-09,20,3.255073718726635
99_sik,2021-03-09,30,3.518021196126938
99_sik,2021-03-09,40,3.708456695079804
99_sik,2021-03-09,50,3.902554415166378
99_sik,2021-03-09,65,4.413800485432148
99_sik,2021-03-09,80,4.370586276054382
99_sik,2021-03-10,5,2.5775628089904785
99_sik,2021-03-10,10,2.6083254665136337
99_sik,2021-03-10,15,2.8822596073150635
99_sik,2021-03-10,20,3.0499893352389336
99_sik,2021-03-10,30,3.4872585386037827
99_sik,2021-03-10,40,3.682821147143841
99_sik,2021-03-10,50,3.934049516916275
99_sik,2021-03-10,65,4.456282250583172
99_sik,2021-03-10,80,4.378643162548542
99_sik,2021-03-11,5,2.5643788129091263
99_sik,2021-03-11,10,2.5526597052812576
99_sik,2021-03-11,15,2.8654133901000023
99_sik,2021-03-11,20,3.027283564209938
99_sik,2021-03-11,30,3.4279305562376976
99_sik,2021-03-11,40,3.6520584896206856
99_sik,2021-03-11,50,3.919400632381439
99_sik,2021-03-11,65,4.458479583263397
99_sik,2021-03-11,80,4.386700049042702
99_sik,2021-03-12,5,2.688161887228489
99_sik,2021-03-12,10,2.7350383177399635
99_sik,2021-03-12,15,2.9701529145240784
99_sik,2021-03-12,20,3.0880764350295067
99_sik,2021-03-12,30,3.419141225516796
99_sik,2021-03-12,40,3.669637151062489
99_sik,2021-03-12,50,3.917935743927956
99_sik,2021-03-12,65,4.448957808315754
99_sik,2021-03-12,80,4.375713385641575
99_sik,2021-03-13,5,2.9284035935997963
99_sik,2021-03-13,10,2.9489120319485664
99_sik,2021-03-13,15,2.975280024111271
99_sik,2021-03-13,20,3.0360728949308395
99_sik,2021-03-13,30,3.372264795005321
99_sik,2021-03-13,40,3.718710914254189
99_sik,2021-03-13,50,3.95236062258482
99_sik,2021-03-13,65,4.470198690891266
99_sik,2021-03-13,80,4.379375606775284
99_sik,2021-03-14,5,2.855159170925617
99_sik,2021-03-14,10,2.917416930198669
99_sik,2021-03-14,15,2.943052478134632
99_sik,2021-03-14,20,2.937192924320698
99_sik,2021-03-14,30,3.230903059244156
99_sik,2021-03-14,40,3.682088702917099
99_sik,2021-03-14,50,4.057832591235638
99_sik,2021-03-14,65,4.461409360170364
99_sik,2021-03-14,80,4.383770272135735
99_sik,2021-03-15,5,2.803888075053692
99_sik,2021-03-15,10,2.8331858441233635
99_sik,2021-03-15,15,2.9144871532917023
99_sik,2021-03-15,20,2.8932462707161903
99_sik,2021-03-15,30,3.061708442866802
99_sik,2021-03-15,40,3.589068286120892
99_sik,2021-03-15,50,4.064424589276314
99_sik,2021-03-15,65,4.456282250583172
99_sik,2021-03-15,80,4.3522751703858376
99_sik,2021-03-16,5,2.826593846082688
99_sik,2021-03-16,10,2.8324533998966217
99_sik,2021-03-16,15,2.8375805094838142
99_sik,2021-03-16,20,2.806817851960659
99_sik,2021-03-16,30,2.880062274634838
99_sik,2021-03-16,40,3.4499038830399518
99_sik,2021-03-16,50,3.989715278148651
99_sik,2021-03-16,65,4.443830698728561
99_sik,2021-03-16,80,4.317850291728973
99_sik,2021-03-17,5,2.7108676582574844
99_sik,2021-03-17,10,2.7028107717633247
99_sik,2021-03-17,15,2.729178763926029
99_sik,2021-03-17,20,2.817072071135044
99_sik,2021-03-17,30,2.965758249163628
99_sik,2021-03-17,40,3.28583637624979
99_sik,2021-03-17,50,3.9743339493870735
99_sik,2021-03-17,65,4.40647604316473
99_sik,2021-03-17,80,4.254860088229179
99_sik,2021-03-18,5,2.69255655258894
99_sik,2021-03-18,10,2.70500810444355
99_sik,2021-03-18,15,2.9525742530822754
99_sik,2021-03-18,20,3.0609759986400604
99_sik,2021-03-18,30,3.0895413234829903
99_sik,2021-03-18,40,3.245551943778992
99_sik,2021-03-18,50,3.8520157635211945
99_sik,2021-03-18,65,4.3522751703858376
99_sik,2021-03-18,80,4.235816538333893
99_sik,2021-03-19,5,2.8339182883501053
99_sik,2021-03-19,10,2.9071627110242844
99_sik,2021-03-19,15,3.202337734401226
99_sik,2021-03-19,20,3.261665716767311
99_sik,2021-03-19,30,3.240424834191799
99_sik,2021-03-19,40,3.3202612549066544
99_sik,2021-03-19,50,3.6483962684869766
99_sik,2021-03-19,65,4.288552522659302
99_sik,2021-03-19,80,4.219702765345573
99_sik,2021-03-20,5,3.14667197316885
99_sik,2021-03-20,10,3.205267511308193
99_sik,2021-03-20,15,3.3239234760403638
99_sik,2021-03-20,20,3.338572360575199
99_sik,2021-03-20,30,3.272652380168438
99_sik,2021-03-20,40,3.4279305562376976
99_sik,2021-03-20,50,3.6461989358067513
99_sik,2021-03-20,65,4.250465422868729
99_sik,2021-03-20,80,4.183812998235226
99_sik,2021-03-21,5,3.3686025738716125
99_sik,2021-03-21,10,3.373729683458805
99_sik,2021-03-21,15,3.366405241191387
99_sik,2021-03-21,20,3.3576159104704857
99_sik,2021-03-21,30,3.1547288596630096
99_sik,2021-03-21,40,3.3451643586158752
99_sik,2021-03-21,50,3.639606937766075
99_sik,2021-03-21,65,4.269508972764015
99_sik,2021-03-21,80,4.158909894526005
99_sik,2021-03-22,5,3.219916395843029
99_sik,2021-03-22,10,3.198675513267517
99_sik,2021-03-22,15,3.160588413476944
99_sik,2021-03-22,20,3.1723075211048126
99_sik,2021-03-22,30,3.108584873378277
99_sik,2021-03-22,40,3.2001404017210007
99_sik,2021-03-22,50,3.5084994211792946
99_sik,2021-03-22,65,4.25925475358963
99_sik,2021-03-22,80,4.137669011950493
99_sik,2021-03-23,5,3.173772409558296
99_sik,2021-03-23,10,3.1386150866746902
99_sik,2021-03-23,15,3.1034577637910843
99_sik,2021-03-23,20,3.1312906444072723
99_sik,2021-03-23,30,3.1019928753376007
99_sik,2021-03-23,40,3.2045350670814514
99_sik,2021-03-23,50,3.414014115929604
99_sik,2021-03-23,65,4.221167653799057
99_sik,2021-03-23,80,4.125217460095882
99_sik,2021-03-24,5,3.3261208087205887
99_sik,2021-03-24,10,3.247749276459217
99_sik,2021-03-24,15,3.205999955534935
99_sik,2021-03-24,20,3.2045350670814514
99_sik,2021-03-24,30,3.174504853785038
99_sik,2021-03-24,40,3.2565386071801186
99_sik,2021-03-24,50,3.3371074721217155
99_sik,2021-03-24,65,4.1493881195783615
99_sik,2021-03-24,80,4.127414792776108
99_sik,2021-03-25,5,3.49018831551075
99_sik,2021-03-25,10,3.343699470162392
99_sik,2021-03-25,15,3.276314601302147
99_sik,2021-03-25,20,3.268257714807987
99_sik,2021-03-25,30,3.2038026228547096
99_sik,2021-03-25,40,3.29389326274395
99_sik,2021-03-25,50,3.34296702593565
99_sik,2021-03-25,65,4.09958191215992
99_sik,2021-03-25,80,4.131809458136559
99_sik,2021-03-26,5,3.646931380033493
99_sik,2021-03-26,10,3.4799340963363647
99_sik,2021-03-26,15,3.370799906551838
99_sik,2021-03-26,20,3.353221245110035
99_sik,2021-03-26,30,3.233832836151123
99_sik,2021-03-26,40,3.303415037691593
99_sik,2021-03-26,50,3.331980362534523
99_sik,2021-03-26,65,4.0343943759799
99_sik,2021-03-26,80,4.126682348549366
99_sik,2021-03-27,5,3.6901455894112583
99_sik,2021-03-27,10,3.568559847772121
99_sik,2021-03-27,15,3.430127888917923
99_sik,2021-03-27,20,3.399365231394768
99_sik,2021-03-27,30,3.23676261305809
99_sik,2021-03-27,40,3.2960905954241757
99_sik,2021-03-27,50,3.318063922226429
99_sik,2021-03-27,65,3.963347285985946
99_sik,2021-03-27,80,4.114230796694756
99_sik,2021-03-28,5,3.857875317335129
99_sik,2021-03-28,10,3.6461989358067513
99_sik,2021-03-28,15,3.4184087812900543
99_sik,2021-03-28,20,3.367137685418129
99_sik,2021-03-28,30,3.1928159594535828
99_sik,2021-03-28,40,3.28583637624979
99_sik,2021-03-28,50,3.349559023976326
99_sik,2021-03-28,65,3.953825511038304
99_sik,2021-03-28,80,4.095919691026211
99_sik,2021-03-29,5,3.99337749928236
99_sik,2021-03-29,10,3.7040620297193527
99_sik,2021-03-29,15,3.3854487910866737
99_sik,2021-03-29,20,3.3026825934648514
99_sik,2021-03-29,30,3.09759820997715
99_sik,2021-03-29,40,3.2279732823371887
99_sik,2021-03-29,50,3.3510239124298096
99_sik,2021-03-29,65,4.008758828043938
99_sik,2021-03-29,80,4.071749031543732
99_sik,2021-03-30,5,4.016815714538097
99_sik,2021-03-30,10,3.7296975776553154
99_sik,2021-03-30,15,3.373729683458805
99_sik,2021-03-30,20,3.26532793790102
99_sik,2021-03-30,30,3.023621343076229
99_sik,2021-03-30,40,3.178167074918747
99_sik,2021-03-30,50,3.3341776952147484
99_sik,2021-03-30,65,4.043916150927544
99_sik,2021-03-30,80,4.062227256596088
99_sik,2021-03-31,5,4.205786325037479
99_sik,2021-03-31,10,3.803674444556236
99_sik,2021-03-31,15,3.421338558197021
99_sik,2021-03-31,20,3.300485260784626
99_sik,2021-03-31,30,3.018494233489037
99_sik,2021-03-31,40,3.1547288596630096
99_sik,2021-03-31,50,3.3100070357322693
99_sik,2021-03-31,65,4.017548158764839
99_sik,2021-03-31,80,4.0724814757704735
99_sik,2021-04-01,5,4.348612949252129
99_sik,2021-04-01,10,3.947965957224369
99_sik,2021-04-01,15,3.52681052684784
99_sik,2021-04-01,20,3.4030274525284767
99_sik,2021-04-01,30,3.0683004409074783
99_sik,2021-04-01,40,3.143009752035141
99_sik,2021-04-01,50,3.254341274499893
99_sik,2021-04-01,65,3.934781961143017
99_sik,2021-04-01,80,4.077608585357666
99_sik,2021-04-02,5,4.506820902228355
99_sik,2021-04-02,10,4.123752571642399
99_sik,2021-04-02,15,3.617633610963821
99_sik,2021-04-02,20,3.4806665405631065
99_sik,2021-04-02,30,3.090273767709732
99_sik,2021-04-02,40,3.1342204213142395
99_sik,2021-04-02,50,3.2155217304825783
99_sik,2021-04-02,65,3.864467315375805
99_sik,2021-04-02,80,4.073946364223957
99_sik,2021-04-03,5,4.638660863041878
99_sik,2021-04-03,10,4.244605869054794
99_sik,2021-04-03,15,3.661580264568329
99_sik,2021-04-03,20,3.500442534685135
99_sik,2021-04-03,30,3.069765329360962
99_sik,2021-04-03,40,3.1100497618317604
99_sik,2021-04-03,50,3.19574573636055
99_sik,2021-04-03,65,3.835169546306133
99_sik,2021-04-03,80,4.0688192546367645
99_sik,2021-04-04,5,4.654774636030197
99_sik,2021-04-04,10,4.290017411112785
99_sik,2021-04-04,15,3.708456695079804
99_sik,2021-04-04,20,3.5334025248885155
99_sik,2021-04-04,30,3.063905775547028
99_sik,2021-04-04,40,3.076357327401638
99_sik,2021-04-04,50,3.168645299971104
99_sik,2021-04-04,65,3.8205206617712975
99_sik,2021-04-04,80,4.063692145049572
99_sik,2021-04-05,5,4.777825266122818
99_sik,2021-04-05,10,4.430646702647209
99_sik,2021-04-05,15,3.811731331050396
99_sik,2021-04-05,20,3.622028276324272
99_sik,2021-04-05,30,3.0961333215236664
99_sik,2021-04-05,40,3.051454223692417
99_sik,2021-04-05,50,3.118839092552662
99_sik,2021-04-05,65,3.765587344765663
99_sik,2021-04-05,80,4.060762368142605
99_sik,2021-04-06,5,5.017334528267384
99_sik,2021-04-06,10,4.585924878716469
99_sik,2021-04-06,15,3.8666646480560303
99_sik,2021-04-06,20,3.6461989358067513
99_sik,2021-04-06,30,3.079287104308605
99_sik,2021-04-06,40,3.030213341116905
99_sik,2021-04-06,50,3.083681769669056
99_sik,2021-04-06,65,3.718710914254189
99_sik,2021-04-06,80,4.055635258555412
99_sik,2021-04-07,5,5.038575410842896
99_sik,2021-04-07,10,4.78661459684372
99_sik,2021-04-07,15,3.884975753724575
99_sik,2021-04-07,20,3.628620274364948
99_sik,2021-04-07,30,3.0390026718378067
99_sik,2021-04-07,40,3.006775125861168
99_sik,2021-04-07,50,3.0822168812155724
99_sik,2021-04-07,65,3.730430021882057
99_sik,2021-04-07,80,4.053437925875187
99_sik,2021-04-08,5,4.817377254366875
99_sik,2021-04-08,10,4.7690359354019165
99_sik,2021-04-08,15,3.9560228437185287
99_sik,2021-04-08,20,3.663045153021813
99_sik,2021-04-08,30,3.021424010396004
99_sik,2021-04-08,40,2.944517366588116
99_sik,2021-04-08,50,3.0265511199831963
99_sik,2021-04-08,65,3.715781137347221
99_sik,2021-04-08,80,4.038056597113609
99_sik,2021-04-09,5,4.656239524483681
99_sik,2021-04-09,10,4.630603976547718
99_sik,2021-04-09,15,4.056367702782154
99_sik,2021-04-09,20,3.759727790951729
99_sik,2021-04-09,30,3.0265511199831963
99_sik,2021-04-09,40,2.8778649419546127
99_sik,2021-04-09,50,2.9415875896811485
99_sik,2021-04-09,65,3.6491287127137184
99_sik,2021-04-09,80,4.016083270311356
99_sik,2021-04-10,5,4.658436857163906
99_sik,2021-04-10,10,4.595446653664112
99_sik,2021-04-10,15,4.157445006072521
99_sik,2021-04-10,20,3.8703268691897392
99_sik,2021-04-10,30,3.0470595583319664
99_sik,2021-04-10,40,2.8200018480420117
99_sik,2021-04-10,50,2.834650732576847
99_sik,2021-04-10,65,3.537797190248966
99_sik,2021-04-10,80,3.989715278148651
99_sik,2021-04-11,5,4.834955915808678
99_sik,2021-04-11,10,4.681142628192902
99_sik,2021-04-11,15,4.240211203694344
99_sik,2021-04-11,20,3.95236062258482
99_sik,2021-04-11,30,3.043397337198257
99_sik,2021-04-11,40,2.7533494234085083
99_sik,2021-04-11,50,2.717459656298161
99_sik,2021-04-11,65,3.423535890877247
99_sik,2021-04-11,80,3.9530930668115616
99_sik,2021-04-12,5,4.966063432395458
99_sik,2021-04-12,10,4.749259941279888
99_sik,2021-04-12,15,4.261452086269856
99_sik,2021-04-12,20,3.951628178358078
99_sik,2021-04-12,30,2.97088535875082
99_sik,2021-04-12,40,2.667653448879719
99_sik,2021-04-12,50,2.63542590290308
99_sik,2021-04-12,65,3.3620105758309364
99_sik,2021-04-12,80,3.916470855474472
99_sik,2021-04-13,5,5.103030502796173
99_sik,2021-04-13,10,4.793939039111137
99_sik,2021-04-13,15,4.195532105863094
99_sik,2021-04-13,20,3.859340205788613
99_sik,2021-04-13,30,2.856624059379101
99_sik,2021-04-13,40,2.5819574743509293
99_sik,2021-04-13,50,2.5958739146590237
99_sik,2021-04-13,65,3.374462127685547
99_sik,2021-04-13,80,3.8974273055791855
99_sik,2021-04-14,5,4.997558534145355
99_sik,2021-04-14,10,4.890621677041054
99_sik,2021-04-14,15,4.254860088229179
99_sik,2021-04-14,20,3.90328685939312
99_sik,2021-04-14,30,2.848567172884941
99_sik,2021-04-14,40,2.5328837111592293
99_sik,2021-04-14,50,2.5504623726010323
99_sik,2021-04-14,65,3.3854487910866737
99_sik,2021-04-14,80,3.888637974858284
99_sik,2021-04-15,5,5.045899853110313
99_sik,2021-04-15,10,4.982177205383778
99_sik,2021-04-15,15,4.458479583263397
99_sik,2021-04-15,20,4.1003143563866615
99_sik,2021-04-15,30,2.9584338068962097
99_sik,2021-04-15,40,2.5358134880661964
99_sik,2021-04-15,50,2.4867397248744965
99_sik,2021-04-15,65,3.318063922226429
99_sik,2021-04-15,80,3.886440642178058
99_sik,2021-04-16,5,5.334482878446579
99_sik,2021-04-16,10,5.180669590830803
99_sik,2021-04-16,15,4.517807565629482
99_sik,2021-04-16,20,4.152317896485329
99_sik,2021-04-16,30,2.957701362669468
99_sik,2021-04-16,40,2.502853497862816
99_sik,2021-04-16,50,2.443525515496731
99_sik,2021-04-16,65,3.241157278418541
99_sik,2021-04-16,80,3.877651311457157
99_sik,2021-04-17,5,5.424573518335819
99_sik,2021-04-17,10,5.208502471446991
99_sik,2021-04-17,15,4.424054704606533
99_sik,2021-04-17,20,4.027802377939224
99_sik,2021-04-17,30,2.8507645055651665
99_sik,2021-04-17,40,2.474288173019886
99_sik,2021-04-17,50,2.4757530614733696
99_sik,2021-04-17,65,3.2331003919243813
99_sik,2021-04-17,80,3.883510865271092
99_sik,2021-04-18,5,5.442152179777622
99_sik,2021-04-18,10,5.182866923511028
99_sik,2021-04-18,15,4.332499176263809
99_sik,2021-04-18,20,3.92379529774189
99_sik,2021-04-18,30,2.8046205192804337
99_sik,2021-04-18,40,2.4977263882756238
99_sik,2021-04-18,50,2.551927261054516
99_sik,2021-04-18,65,3.331980362534523
99_sik,2021-04-18,80,3.9040193036198616
99_sik,2021-04-19,5,5.511001937091351
99_sik,2021-04-19,10,5.404065079987049
99_sik,2021-04-19,15,4.660634189844132
99_sik,2021-04-19,20,4.270241416990757
99_sik,2021-04-19,30,2.975280024111271
99_sik,2021-04-19,40,2.5292214900255203
99_sik,2021-04-19,50,2.5218970477581024
99_sik,2021-04-19,65,3.307809703052044
99_sik,2021-04-19,80,3.915005967020989
99_sik,2021-04-20,5,5.622333459556103
99_sik,2021-04-20,10,5.5600757002830505
99_sik,2021-04-20,15,4.922849223017693
99_sik,2021-04-20,20,4.557359553873539
99_sik,2021-04-20,30,3.125431090593338
99_sik,2021-04-20,40,2.558519259095192
99_sik,2021-04-20,50,2.5153050497174263
99_sik,2021-04-20,65,3.218451507389545
99_sik,2021-04-20,80,3.9421064034104343
99_sik,2021-04-21,5,5.684591218829155
99_sik,2021-04-21,10,5.646504119038582
99_sik,2021-04-21,15,5.186529144644737
99_sik,2021-04-21,20,4.801263481378555
99_sik,2021-04-21,30,3.2147892862558365
99_sik,2021-04-21,40,2.617847241461277
99_sik,2021-04-21,50,2.68449966609478
99_sik,2021-04-21,65,3.2645954936742783
99_sik,2021-04-21,80,3.999969497323036
99_sik,2021-04-22,5,5.836939617991448
99_sik,2021-04-22,10,5.761497862637043
99_sik,2021-04-22,15,5.432630404829979
99_sik,2021-04-22,20,5.048829630017281
99_sik,2021-04-22,30,3.3583483546972275
99_sik,2021-04-22,40,2.8793298304080963
99_sik,2021-04-22,50,3.159855969250202
99_sik,2021-04-22,65,3.5011749789118767
99_sik,2021-04-22,80,4.038789041340351
99_sik,2021-04-23,5,6.045686222612858
99_sik,2021-04-23,10,5.946806252002716
99_sik,2021-04-23,15,5.549089036881924
99_sik,2021-04-23,20,5.135990492999554
99_sik,2021-04-23,30,3.493118092417717
99_sik,2021-04-23,40,3.353221245110035
99_sik,2021-04-23,50,3.807336665689945
99_sik,2021-04-23,65,3.757530458271504
99_sik,2021-04-23,80,4.089327692985535
99_sik,2021-04-24,5,6.417767889797688
99_sik,2021-04-24,10,6.124790199100971
99_sik,2021-04-24,15,5.502945050597191
99_sik,2021-04-24,20,5.043702520430088
99_sik,2021-04-24,30,3.503372311592102
99_sik,2021-04-24,40,3.5795465111732483
99_sik,2021-04-24,50,4.018280602991581
99_sik,2021-04-24,65,3.8490859866142273
99_sik,2021-04-24,80,4.098849467933178
99_sik,2021-04-25,5,6.491012312471867
99_sik,2021-04-25,10,6.359172351658344
99_sik,2021-04-25,15,5.5674001425504684
99_sik,2021-04-25,20,5.07300028949976
99_sik,2021-04-25,30,3.486526094377041
99_sik,2021-04-25,40,3.4323252215981483
99_sik,2021-04-25,50,3.794152669608593
99_sik,2021-04-25,65,3.819788217544556
99_sik,2021-04-25,80,4.097384579479694
99_sik,2021-04-26,5,6.418500334024429
99_sik,2021-04-26,10,6.373088791966438
99_sik,2021-04-26,15,5.678731665015221
99_sik,2021-04-26,20,5.112552277743816
99_sik,2021-04-26,30,3.471877209842205
99_sik,2021-04-26,40,3.372264795005321
99_sik,2021-04-26,50,3.690878033638001
99_sik,2021-04-26,65,3.80513933300972
99_sik,2021-04-26,80,4.101779244840145
99_sik,2021-04-27,5,6.600146502256393
99_sik,2021-04-27,10,6.465376764535904
99_sik,2021-04-27,15,5.638447232544422
99_sik,2021-04-27,20,5.0209967494010925
99_sik,2021-04-27,30,3.4176763370633125
99_sik,2021-04-27,40,3.372264795005321
99_sik,2021-04-27,50,3.657185599207878
99_sik,2021-04-27,65,3.797814890742302
99_sik,2021-04-27,80,4.111301019787788
99_sik,2021-04-28,5,6.828669100999832
99_sik,2021-04-28,10,6.50859097391367
99_sik,2021-04-28,15,5.41651663184166
99_sik,2021-04-28,20,4.785882152616978
99_sik,2021-04-28,30,3.3187963664531708
99_sik,2021-04-28,40,3.3122043684124947
99_sik,2021-04-28,50,3.539994522929192
99_sik,2021-04-28,65,3.739951796829701
99_sik,2021-04-28,80,4.139133900403976
99_sik,2021-04-29,5,6.920224629342556
99_sik,2021-04-29,10,6.447065658867359
99_sik,2021-04-29,15,5.225348688662052
99_sik,2021-04-29,20,4.596911542117596
99_sik,2021-04-29,30,3.2316355034708977
99_sik,2021-04-29,40,3.223578616976738
99_sik,2021-04-29,50,3.423535890877247
99_sik,2021-04-29,65,3.712118916213512
99_sik,2021-04-29,80,4.184545442461968
99_sik,2021-04-30,5,6.860896646976471
99_sik,2021-04-30,10,6.52909941226244
99_sik,2021-04-30,15,5.335947766900063
99_sik,2021-04-30,20,4.679677739739418
99_sik,2021-04-30,30,3.2221137285232544
99_sik,2021-04-30,40,3.1415448635816574
99_sik,2021-04-30,50,3.3371074721217155
99_sik,2021-04-30,65,3.7502060160040855
99_sik,2021-04-30,80,4.196996994316578
99_sik,2021-05-01,5,6.773003339767456
99_sik,2021-05-01,10,6.592089615762234
99_sik,2021-05-01,15,5.593768134713173
99_sik,2021-05-01,20,4.931638553738594
99_sik,2021-05-01,30,3.2814417108893394
99_sik,2021-05-01,40,3.122501313686371
99_sik,2021-05-01,50,3.307077258825302
99_sik,2021-05-01,65,3.79708244651556
99_sik,2021-05-01,80,4.208716101944447
99_sik,2021-05-02,5,6.842585541307926
99_sik,2021-05-02,10,6.732718907296658
99_sik,2021-05-02,15,5.719016097486019
99_sik,2021-05-02,20,5.04443496465683
99_sik,2021-05-02,30,3.307077258825302
99_sik,2021-05-02,40,3.14667197316885
99_sik,2021-05-02,50,3.3305154740810394
99_sik,2021-05-02,65,3.82564777135849
99_sik,2021-05-02,80,4.227759651839733
99_sik,2021-05-03,5,6.756157122552395
99_sik,2021-05-03,10,6.71733757853508
99_sik,2021-05-03,15,5.880886271595955
99_sik,2021-05-03,20,5.202642917633057
99_sik,2021-05-03,30,3.3729972392320637
99_sik,2021-05-03,40,3.2287057265639305
99_sik,2021-05-03,50,3.437452331185341
99_sik,2021-05-03,65,3.858607761561871
99_sik,2021-05-03,80,4.258522309362888
99_sik,2021-05-04,5,6.901913523674011
99_sik,2021-05-04,10,6.770073562860489
99_sik,2021-05-04,15,5.918240927159786
99_sik,2021-05-04,20,5.197515808045864
99_sik,2021-05-04,30,3.419873669743538
99_sik,2021-05-04,40,3.376659460365772
99_sik,2021-05-04,50,3.640339381992817
99_sik,2021-05-04,65,3.931119740009308
99_sik,2021-05-04,80,4.301004074513912
99_sik,2021-05-05,5,7.207342766225338
99_sik,2021-05-05,10,7.02423170953989
99_sik,2021-05-05,15,5.541032150387764
99_sik,2021-05-05,20,4.78661459684372
99_sik,2021-05-05,30,3.3898434564471245
99_sik,2021-05-05,40,3.5260780826210976
99_sik,2021-05-05,50,3.791955336928368
99_sik,2021-05-05,65,3.9743339493870735
99_sik,2021-05-05,80,4.3288369551301
99_sik,2021-05-06,5,7.380932047963142
99_sik,2021-05-06,10,7.044007703661919
99_sik,2021-05-06,15,5.46559039503336
99_sik,2021-05-06,20,4.708243064582348
99_sik,2021-05-06,30,3.423535890877247
99_sik,2021-05-06,40,3.562700293958187
99_sik,2021-05-06,50,3.801477111876011
99_sik,2021-05-06,65,3.956755287945271
99_sik,2021-05-06,80,4.311990737915039
99_sik,2021-05-07,5,7.507644899189472
99_sik,2021-05-07,10,6.982482388615608
99_sik,2021-05-07,15,5.373302422463894
99_sik,2021-05-07,20,4.667226187884808
99_sik,2021-05-07,30,3.475539430975914
99_sik,2021-05-07,40,3.5898007303476334
99_sik,2021-05-07,50,3.794885113835335
99_sik,2021-05-07,65,3.927457518875599
99_sik,2021-05-07,80,4.288552522659302
99_sik,2021-05-08,5,7.816736362874508
99_sik,2021-05-08,10,6.932676181197166
99_sik,2021-05-08,15,5.41651663184166
99_sik,2021-05-08,20,4.73754083365202
99_sik,2021-05-08,30,3.5370647460222244
99_sik,2021-05-08,40,3.616168722510338
99_sik,2021-05-08,50,3.810266442596912
99_sik,2021-05-08,65,3.917935743927956
99_sik,2021-05-08,80,4.259987197816372
99_sik,2021-05-09,5,7.8218634724617
99_sik,2021-05-09,10,6.863093979656696
99_sik,2021-05-09,15,5.393810860812664
99_sik,2021-05-09,20,4.767571046948433
99_sik,2021-05-09,30,3.5993225052952766
99_sik,2021-05-09,40,3.662312708795071
99_sik,2021-05-09,50,3.8520157635211945
99_sik,2021-05-09,65,3.919400632381439
99_sik,2021-05-09,80,4.231421872973442
99_sik,2021-05-10,5,7.635822638869286
99_sik,2021-05-10,10,7.213934764266014
99_sik,2021-05-10,15,5.5813165828585625
99_sik,2021-05-10,20,4.969725653529167
99_sik,2021-05-10,30,3.714316248893738
99_sik,2021-05-10,40,3.740684241056442
99_sik,2021-05-10,50,3.955290399491787
99_sik,2021-05-10,65,3.967741951346397
99_sik,2021-05-10,80,4.214575655758381
99_sik,2021-05-11,5,7.561113327741623
99_sik,2021-05-11,10,7.438062697649002
99_sik,2021-05-11,15,5.907986707985401
99_sik,2021-05-11,20,5.272225119173527
99_sik,2021-05-11,30,3.880581088364124
99_sik,2021-05-11,40,3.853480651974678
99_sik,2021-05-11,50,4.108371242880821
99_sik,2021-05-11,65,4.073946364223957
99_sik,2021-05-11,80,4.2306894287467
99_sik,2021-05-12,5,7.686361290514469
99_sik,2021-05-12,10,7.469557799398899
99_sik,2021-05-12,15,5.912381373345852
99_sik,2021-05-12,20,5.288338892161846
99_sik,2021-05-12,30,3.940641514956951
99_sik,2021-05-12,40,3.953825511038304
99_sik,2021-05-12,50,4.224097430706024
99_sik,2021-05-12,65,4.191137440502644
99_sik,2021-05-12,80,4.264381863176823
99_sik,2021-05-13,5,7.696615509688854
99_sik,2021-05-13,10,7.352366723120211
99_sik,2021-05-13,15,5.765160083770752
99_sik,2021-05-13,20,5.156498931348324
99_sik,2021-05-13,30,3.8732566460967055
99_sik,2021-05-13,40,3.933317072689533
99_sik,2021-05-13,50,4.173558779060841
99_sik,2021-05-13,65,4.205053880810738
99_sik,2021-05-13,80,4.2438734248280525
99_sik,2021-05-14,5,7.921475887298584
99_sik,2021-05-14,10,7.343577392399311
99_sik,2021-05-14,15,5.85451827943325
99_sik,2021-05-14,20,5.2275460213422775
99_sik,2021-05-14,30,3.8241828829050064
99_sik,2021-05-14,40,3.8095339983701706
99_sik,2021-05-14,50,4.020477935671806
99_sik,2021-05-14,65,4.143528565764427
99_sik,2021-05-14,80,4.178685888648033
99_sik,2021-05-15,5,8.301614440977573
99_sik,2021-05-15,10,7.247627198696136
99_sik,2021-05-15,15,5.725608095526695
99_sik,2021-05-15,20,5.108157612383366
99_sik,2021-05-15,30,3.721640691161156
99_sik,2021-05-15,40,3.682088702917099
99_sik,2021-05-15,50,3.8769188672304153
99_sik,2021-05-15,65,4.075411252677441
99_sik,2021-05-15,80,4.106173910200596
99_sik,2021-05-16,5,8.325785100460052
99_sik,2021-05-16,10,7.011047713458538
99_sik,2021-05-16,15,5.434095293283463
99_sik,2021-05-16,20,4.837885692715645
99_sik,2021-05-16,30,3.535599857568741
99_sik,2021-05-16,40,3.5114291980862617
99_sik,2021-05-16,50,3.6864833682775497
99_sik,2021-05-16,65,3.945036180317402
99_sik,2021-05-16,80,4.036591708660126
99_sik,2021-05-17,5,8.385113082826138
99_sik,2021-05-17,10,7.012512601912022
99_sik,2021-05-17,15,5.370372645556927
99_sik,2021-05-17,20,4.756584383547306
99_sik,2021-05-17,30,3.378124348819256
99_sik,2021-05-17,40,3.296823039650917
99_sik,2021-05-17,50,3.4499038830399518
99_sik,2021-05-17,65,3.773644231259823
99_sik,2021-05-17,80,3.9714041724801055
99_sik,2021-05-18,5,8.582873024046421
99_sik,2021-05-18,10,7.113589905202389
99_sik,2021-05-18,15,5.38795130699873
99_sik,2021-05-18,20,4.748527497053146
99_sik,2021-05-18,30,3.29389326274395
99_sik,2021-05-18,40,3.143009752035141
99_sik,2021-05-18,50,3.2887661531567574
99_sik,2021-05-18,65,3.675496704876423
99_sik,2021-05-18,80,3.908413968980312
99_sik,2021-05-19,5,8.828241840004921
99_sik,2021-05-19,10,7.168523222208023
99_sik,2021-05-19,15,5.364513091742992
99_sik,2021-05-19,20,4.707510620355606
99_sik,2021-05-19,30,3.218451507389545
99_sik,2021-05-19,40,3.052186667919159
99_sik,2021-05-19,50,3.2008728459477425
99_sik,2021-05-19,65,3.628620274364948
99_sik,2021-05-19,80,3.8520157635211945
99_sik,2021-05-20,5,9.047242663800716
99_sik,2021-05-20,10,7.25714897364378
99_sik,2021-05-20,15,5.414319299161434
99_sik,2021-05-20,20,4.748527497053146
99_sik,2021-05-20,30,3.223578616976738
99_sik,2021-05-20,40,3.055848889052868
99_sik,2021-05-20,50,3.205267511308193
99_sik,2021-05-20,65,3.644734047353268
99_sik,2021-05-20,80,3.8307748809456825
99_sik,2021-05-21,5,9.129276417195795
99_sik,2021-05-21,10,7.246162310242653
99_sik,2021-05-21,15,5.312509551644325
99_sik,2021-05-21,20,4.665761299431324
99_sik,2021-05-21,30,3.1840266287326813
99_sik,2021-05-21,40,3.041200004518032
99_sik,2021-05-21,50,3.1825617402791977
99_sik,2021-05-21,65,3.622028276324272
99_sik,2021-05-21,80,3.8212531059980392
99_sik,2021-05-22,5,9.043580442667007
99_sik,2021-05-22,10,7.419751591980457
99_sik,2021-05-22,15,5.342539764940739
99_sik,2021-05-22,20,4.687002182006836
99_sik,2021-05-22,30,3.186223961412906
99_sik,2021-05-22,40,3.01995912194252
99_sik,2021-05-22,50,3.1547288596630096
99_sik,2021-05-22,65,3.6095767244696617
99_sik,2021-05-22,80,3.816858440637589
99_sik,2021-05-23,5,9.086794652044771
99_sik,2021-05-23,10,7.451246693730354
99_sik,2021-05-23,15,5.461928173899651
99_sik,2021-05-23,20,4.801995925605297
99_sik,2021-05-23,30,3.2418897226452827
99_sik,2021-05-23,40,3.023621343076229
99_sik,2021-05-23,50,3.1525315269827843
99_sik,2021-05-23,65,3.6278878301382074
99_sik,2021-05-23,80,3.806604221463203
99_sik,2021-05-24,5,9.630268268287182
99_sik,2021-05-24,10,7.83797724545002
99_sik,2021-05-24,15,5.782006300985813
99_sik,2021-05-24,20,5.097903393208981
99_sik,2021-05-24,30,3.3678701296448708
99_sik,2021-05-24,40,3.0360728949308395
99_sik,2021-05-24,50,3.1525315269827843
99_sik,2021-05-24,65,3.677694037556648
99_sik,2021-05-24,80,3.791955336928368
99_sik,2021-05-25,5,10.371501825749874
99_sik,2021-05-25,10,8.142674043774605
99_sik,2021-05-25,15,5.938749365508556
99_sik,2021-05-25,20,5.231940686702728
99_sik,2021-05-25,30,3.436719886958599
99_sik,2021-05-25,40,3.0668355524539948
99_sik,2021-05-25,50,3.185491517186165
99_sik,2021-05-25,65,3.74800868332386
99_sik,2021-05-25,80,3.785363338887692
99_sik,2021-05-26,5,11.131046488881111
99_sik,2021-05-26,10,8.6070436835289
99_sik,2021-05-26,15,6.126255087554455
99_sik,2021-05-26,20,5.383556641638279
99_sik,2021-05-26,30,3.524613194167614
99_sik,2021-05-26,40,3.124698646366596
99_sik,2021-05-26,50,3.2565386071801186
99_sik,2021-05-26,65,3.8490859866142273
99_sik,2021-05-26,80,3.790490448474884
99_sik,2021-05-27,5,11.096621610224249
99_sik,2021-05-27,10,8.599719241261482
99_sik,2021-05-27,15,6.027375116944313
99_sik,2021-05-27,20,5.275154896080494
99_sik,2021-05-27,30,3.48213142901659
99_sik,2021-05-27,40,3.181096851825714
99_sik,2021-05-27,50,3.37153235077858
99_sik,2021-05-27,65,3.958952620625496
99_sik,2021-05-27,80,3.808069109916687
99_sik,2021-05-28,5,10.818292804062366
99_sik,2021-05-28,10,8.384380638599396
99_sik,2021-05-28,15,5.7981200739741325
99_sik,2021-05-28,20,5.059083849191666
99_sik,2021-05-28,30,3.3891110122203827
99_sik,2021-05-28,40,3.2426221668720245
99_sik,2021-05-28,50,3.5011749789118767
99_sik,2021-05-28,65,4.021210379898548
99_sik,2021-05-28,80,3.8307748809456825
99_sik,2021-05-29,5,9.453016765415668
99_sik,2021-05-29,10,8.119235828518867
99_sik,2021-05-29,15,5.358653537929058
99_sik,2021-05-29,20,4.670155964791775
99_sik,2021-05-29,30,3.22431106120348
99_sik,2021-05-29,40,3.2250435054302216
99_sik,2021-05-29,50,3.470412321388721
99_sik,2021-05-29,65,3.957487732172012
99_sik,2021-05-29,80,3.834437102079392
99_sik,2021-05-30,5,10.10782190412283
99_sik,2021-05-30,10,8.579210802912712
99_sik,2021-05-30,15,5.603289909660816
99_sik,2021-05-30,20,4.844477690756321
99_sik,2021-05-30,30,3.212591953575611
99_sik,2021-05-30,40,3.1173742040991783
99_sik,2021-05-30,50,3.3305154740810394
99_sik,2021-05-30,65,3.873989090323448
99_sik,2021-05-30,80,3.819055773317814
99_sik,2021-05-31,5,10.56633199006319
99_sik,2021-05-31,10,9.161503963172436
99_sik,2021-05-31,15,5.965849801898003
99_sik,2021-05-31,20,5.148442044854164
99_sik,2021-05-31,30,3.3165990337729454
99_sik,2021-05-31,40,3.093935988843441
99_sik,2021-05-31,50,3.320993699133396
99_sik,2021-05-31,65,3.9040193036198616
99_sik,2021-05-31,80,3.811731331050396
99_sik,2021-06-01,5,10.724539943039415
99_sik,2021-06-01,10,9.166631072759628
99_sik,2021-06-01,15,5.987823128700256
99_sik,2021-06-01,20,5.138187825679779
99_sik,2021-06-01,30,3.3048799261450768
99_sik,2021-06-01,40,3.156926192343235
99_sik,2021-06-01,50,3.4835963174700737
99_sik,2021-06-01,65,4.007293939590454
99_sik,2021-06-01,80,3.8337046578526497
99_sik,2021-06-02,5,10.808771029114723
99_sik,2021-06-02,10,8.985717348754406
99_sik,2021-06-02,15,5.853053390979767
99_sik,2021-06-02,20,5.009277641773224
99_sik,2021-06-02,30,3.269722603261471
99_sik,2021-06-02,40,3.2704550474882126
99_sik,2021-06-02,50,3.672566927969456
99_sik,2021-06-02,65,4.087862804532051
99_sik,2021-06-02,80,3.867397092282772
99_sik,2021-06-03,5,10.967711426317692
99_sik,2021-06-03,10,8.638538785278797
99_sik,2021-06-03,15,5.700704991817474
99_sik,2021-06-03,20,4.899411007761955
99_sik,2021-06-03,30,3.26532793790102
99_sik,2021-06-03,40,3.321726143360138
99_sik,2021-06-03,50,3.688680700957775
99_sik,2021-06-03,65,4.0827356949448586
99_sik,2021-06-03,80,3.8703268691897392
99_sik,2021-06-04,5,9.943754397332668
99_sik,2021-06-04,10,8.975463129580021
99_sik,2021-06-04,15,5.26929534226656
99_sik,2021-06-04,20,4.573473326861858
99_sik,2021-06-04,30,3.225775949656964
99_sik,2021-06-04,40,3.290231041610241
99_sik,2021-06-04,50,3.497512757778168
99_sik,2021-06-04,65,3.873989090323448
99_sik,2021-06-04,80,3.8234504386782646
99_sik,2021-06-05,5,10.882747896015644
99_sik,2021-06-05,10,9.438367880880833
99_sik,2021-06-05,15,5.786400966346264
99_sik,2021-06-05,20,5.078859843313694
99_sik,2021-06-05,30,3.4953154250979424
99_sik,2021-06-05,40,3.2785119339823723
99_sik,2021-06-05,50,3.405957229435444
99_sik,2021-06-05,65,3.6864833682775497
99_sik,2021-06-05,80,3.789025560021401
99_sik,2021-06-06,5,11.276802890002728
99_sik,2021-06-06,10,9.754051342606544
99_sik,2021-06-06,15,6.397259451448917
99_sik,2021-06-06,20,5.602557465434074
99_sik,2021-06-06,30,3.745811350643635
99_sik,2021-06-06,40,3.2924283742904663
99_sik,2021-06-06,50,3.395703010261059
99_sik,2021-06-06,65,3.683553591370583
99_sik,2021-06-06,80,3.786828227341175
99_sik,2021-06-07,5,11.63789789378643
99_sik,2021-06-07,10,9.93642995506525
99_sik,2021-06-07,15,6.886532194912434
99_sik,2021-06-07,20,6.033234670758247
99_sik,2021-06-07,30,4.006561495363712
99_sik,2021-06-07,40,3.392773233354092
99_sik,2021-06-07,50,3.447706550359726
99_sik,2021-06-07,65,3.745078906416893
99_sik,2021-06-07,80,3.786095783114433
99_sik,2021-06-08,5,12.07589954137802
99_sik,2021-06-08,10,10.326090283691885
99_sik,2021-06-08,15,7.5135044530034065
99_sik,2021-06-08,20,6.548142962157726
99_sik,2021-06-08,30,4.30832851678133
99_sik,2021-06-08,40,3.528275415301323
99_sik,2021-06-08,50,3.5568407401442528
99_sik,2021-06-08,65,3.917935743927956
99_sik,2021-06-08,80,3.813928663730621
99_sik,2021-06-09,5,12.26413770765066
99_sik,2021-06-09,10,10.474776461720468
99_sik,2021-06-09,15,7.747154161334038
99_sik,2021-06-09,20,6.738578461110592
99_sik,2021-06-09,30,4.4189275950193405
99_sik,2021-06-09,40,3.633014939725399
99_sik,2021-06-09,50,3.7011322528123856
99_sik,2021-06-09,65,4.203588992357254
99_sik,2021-06-09,80,3.885708197951317
99_sik,2021-06-10,5,12.462630093097689
99_sik,2021-06-10,10,10.614673309028149
99_sik,2021-06-10,15,7.884121231734753
99_sik,2021-06-10,20,6.846247762441635
99_sik,2021-06-10,30,4.462141804397106
99_sik,2021-06-10,40,3.709189139306545
99_sik,2021-06-10,50,3.846888653934002
99_sik,2021-06-10,65,4.5170751214027405
99_sik,2021-06-10,80,3.983123280107975
99_sik,2021-06-11,5,12.598132275044918
99_sik,2021-06-11,10,10.6190679743886
99_sik,2021-06-11,15,7.898770116269588
99_sik,2021-06-11,20,6.874813087284565
99_sik,2021-06-11,30,4.4760582447052
99_sik,2021-06-11,40,3.816125996410847
99_sik,2021-06-11,50,4.05856503546238
99_sik,2021-06-11,65,4.759514160454273
99_sik,2021-06-11,80,4.057832591235638
99_sik,2021-06-12,5,12.814935766160488
99_sik,2021-06-12,10,10.520188003778458
99_sik,2021-06-12,15,7.806482143700123
99_sik,2021-06-12,20,6.819879770278931
99_sik,2021-06-12,30,4.486312463879585
99_sik,2021-06-12,40,4.0197454914450645
99_sik,2021-06-12,50,4.371318720281124
99_sik,2021-06-12,65,4.912595003843308
99_sik,2021-06-12,80,4.1039765775203705
99_sik,2021-06-13,5,13.391369372606276
99_sik,2021-06-13,10,10.675466179847716
99_sik,2021-06-13,15,7.963957652449608
99_sik,2021-06-13,20,6.99566638469696
99_sik,2021-06-13,30,4.681875072419643
99_sik,2021-06-13,40,4.344218283891678
99_sik,2021-06-13,50,4.73754083365202
99_sik,2021-06-13,65,4.977050095796585
99_sik,2021-06-13,80,4.147190786898136
99_sik,2021-06-14,5,13.83010346442461
99_sik,2021-06-14,10,10.798516809940338
99_sik,2021-06-14,15,8.024018079042435
99_sik,2021-06-14,20,7.108462795615196
99_sik,2021-06-14,30,4.965330988168716
99_sik,2021-06-14,40,4.830561250448227
99_sik,2021-06-14,50,5.168950483202934
99_sik,2021-06-14,65,4.996826089918613
99_sik,2021-06-14,80,4.196996994316578
99_sik,2021-06-15,5,13.71144749969244
99_sik,2021-06-15,10,10.463057354092598
99_sik,2021-06-15,15,7.847499020397663
99_sik,2021-06-15,20,7.050599701702595
99_sik,2021-06-15,30,5.283211782574654
99_sik,2021-06-15,40,5.358653537929058
99_sik,2021-06-15,50,5.483901500701904
99_sik,2021-06-15,65,4.989501647651196
99_sik,2021-06-15,80,4.242408536374569
99_sik,2021-06-16,5,13.574480429291723
99_sik,2021-06-16,10,10.22281564772129
99_sik,2021-06-16,15,7.799157701432705
99_sik,2021-06-16,20,7.08136235922575
99_sik,2021-06-16,30,5.52711571007967
99_sik,2021-06-16,40,5.664082780480385
99_sik,2021-06-16,50,5.609149463474751
99_sik,2021-06-16,65,5.010742530226708
99_sik,2021-06-16,80,4.273171193897724
99_sik,2021-06-17,5,13.299081400036812
99_sik,2021-06-17,10,10.178868994116783
99_sik,2021-06-17,15,7.733970165252685
99_sik,2021-06-17,20,7.013245046138763
99_sik,2021-06-17,30,5.4970854967832565
99_sik,2021-06-17,40,5.645039230585098
99_sik,2021-06-17,50,5.600360132753849
99_sik,2021-06-17,65,5.037842966616154
99_sik,2021-06-17,80,4.294412076473236
99_sik,2021-06-18,5,13.344492942094805
99_sik,2021-06-18,10,10.223548091948032
99_sik,2021-06-18,15,7.516434229910374
99_sik,2021-06-18,20,6.756157122552395
99_sik,2021-06-18,30,5.281014449894428
99_sik,2021-06-18,40,5.448744177818298
99_sik,2021-06-18,50,5.496353052556515
99_sik,2021-06-18,65,5.043702520430088
99_sik,2021-06-18,80,4.305398739874363
99_sik,2021-06-19,5,12.23044527322054
99_sik,2021-06-19,10,10.385418266057968
99_sik,2021-06-19,15,7.123111680150032
99_sik,2021-06-19,20,6.352580353617668
99_sik,2021-06-19,30,4.959471434354782
99_sik,2021-06-19,40,5.163090929389
99_sik,2021-06-19,50,5.292733557522297
99_sik,2021-06-19,65,4.966063432395458
99_sik,2021-06-19,80,4.303933851420879
99_sik,2021-06-20,5,11.515579707920551
99_sik,2021-06-20,10,11.11420027166605
99_sik,2021-06-20,15,7.562578216195106
99_sik,2021-06-20,20,6.563524290919304
99_sik,2021-06-20,30,4.812982589006424
99_sik,2021-06-20,40,4.834955915808678
99_sik,2021-06-20,50,5.023194082081318
99_sik,2021-06-20,65,4.812982589006424
99_sik,2021-06-20,80,4.2797631919384
99_sik,2021-06-21,5,12.316141247749329
99_sik,2021-06-21,10,11.430616177618504
99_sik,2021-06-21,15,7.855555906891823
99_sik,2021-06-21,20,6.866756200790405
99_sik,2021-06-21,30,4.931638553738594
99_sik,2021-06-21,40,4.711905285716057
99_sik,2021-06-21,50,4.884029679000378
99_sik,2021-06-21,65,4.669423520565033
99_sik,2021-06-21,80,4.2577898651361465
99_sik,2021-06-22,5,12.822992652654648
99_sik,2021-06-22,10,11.810022287070751
99_sik,2021-06-22,15,8.497177049517632
99_sik,2021-06-22,20,7.547196887433529
99_sik,2021-06-22,30,5.328623324632645
99_sik,2021-06-22,40,4.7726981565356255
99_sik,2021-06-22,50,4.842280358076096
99_sik,2021-06-22,65,4.599841319024563
99_sik,2021-06-22,80,4.241676092147827
99_sik,2021-06-23,5,13.020752593874931
99_sik,2021-06-23,10,12.13229774683714
99_sik,2021-06-23,15,9.160771518945694
99_sik,2021-06-23,20,8.23862423747778
99_sik,2021-06-23,30,5.759300529956818
99_sik,2021-06-23,40,4.93823055177927
99_sik,2021-06-23,50,4.894283898174763
99_sik,2021-06-23,65,4.603503540158272
99_sik,2021-06-23,80,4.23874631524086
99_sik,2021-06-24,5,13.077883243560793
99_sik,2021-06-24,10,12.21433150023222
99_sik,2021-06-24,15,9.565080732107162
99_sik,2021-06-24,20,8.674428552389145
99_sik,2021-06-24,30,6.0954924300313
99_sik,2021-06-24,40,5.118411831557751
99_sik,2021-06-24,50,5.012939862906933
99_sik,2021-06-24,65,4.685537293553352
99_sik,2021-06-24,80,4.256324976682663
99_sik,2021-06-25,5,13.226569421589376
99_sik,2021-06-25,10,12.306619472801684
99_sik,2021-06-25,15,10.000152602791786
99_sik,2021-06-25,20,9.087527096271517
99_sik,2021-06-25,30,6.441206105053425
99_sik,2021-06-25,40,5.363048203289509
99_sik,2021-06-25,50,5.229743354022503
99_sik,2021-06-25,65,4.846675023436546
99_sik,2021-06-25,80,4.292214743793011
99_sik,2021-06-26,5,13.455824464559557
99_sik,2021-06-26,10,12.50071719288826
99_sik,2021-06-26,15,10.350993387401104
99_sik,2021-06-26,20,9.392956338822842
99_sik,2021-06-26,30,6.69682914018631
99_sik,2021-06-26,40,5.615009017288685
99_sik,2021-06-26,50,5.5066072717309
99_sik,2021-06-26,65,5.026856303215027
99_sik,2021-06-26,80,4.34934539347887
99_sik,2021-06-27,5,13.705587945878506
99_sik,2021-06-27,10,12.663319811224936
99_sik,2021-06-27,15,10.469649352133274
99_sik,2021-06-27,20,9.475722536444664
99_sik,2021-06-27,30,6.810357995331287
99_sik,2021-06-27,40,5.814966291189194
99_sik,2021-06-27,50,5.743186756968498
99_sik,2021-06-27,65,5.186529144644737
99_sik,2021-06-27,80,4.4225898161530495
99_sik,2021-06-28,5,14.024933628737926
99_sik,2021-06-28,10,12.82006287574768
99_sik,2021-06-28,15,10.470381796360016
99_sik,2021-06-28,20,9.44935454428196
99_sik,2021-06-28,30,6.845515318214893
99_sik,2021-06-28,40,5.957792915403843
99_sik,2021-06-28,50,5.915311150252819
99_sik,2021-06-28,65,5.319101549685001
99_sik,2021-06-28,80,4.491439573466778
99_sik,2021-06-29,5,14.490768156945704
99_sik,2021-06-29,10,12.894039742648602
99_sik,2021-06-29,15,10.33707694709301
99_sik,2021-06-29,20,9.309457696974276
99_sik,2021-06-29,30,6.794244222342968
99_sik,2021-06-29,40,6.037629336118698
99_sik,2021-06-29,50,6.0046693459153175
99_sik,2021-06-29,65,5.369640201330185
99_sik,2021-06-29,80,4.547105334699154
99_sik,2021-06-30,5,14.722952976822851
99_sik,2021-06-30,10,13.04931791871786
99_sik,2021-06-30,15,10.3736991584301
99_sik,2021-06-30,20,9.324839025735857
99_sik,2021-06-30,30,6.802301108837128
99_sik,2021-06-30,40,6.0537431091070175
99_sik,2021-06-30,50,5.993682682514191
99_sik,2021-06-30,65,5.358653537929058
99_sik,2021-06-30,80,4.570543549954891
99_sik,2021-07-01,5,14.727347642183304
99_sik,2021-07-01,10,13.033204145729542
99_sik,2021-07-01,15,10.19351787865162
99_sik,2021-07-01,20,9.151982188224792
99_sik,2021-07-01,30,6.674855813384056
99_sik,2021-07-01,40,5.90359204262495
99_sik,2021-07-01,50,5.810571625828743
99_sik,2021-07-01,65,5.204840250313282
99_sik,2021-07-01,80,4.542710669338703
99_sik,2021-07-02,5,14.996887117624285
99_sik,2021-07-02,10,13.452894687652588
99_sik,2021-07-02,15,10.567796878516674
99_sik,2021-07-02,20,9.480117201805117
99_sik,2021-07-02,30,6.662404261529446
99_sik,2021-07-02,40,5.673604555428028
99_sik,2021-07-02,50,5.538834817707539
99_sik,2021-07-02,65,4.937498107552528
99_sik,2021-07-02,80,4.489242240786552
99_sik,2021-07-03,5,15.398266553878784
99_sik,2021-07-03,10,14.12454604357481
99_sik,2021-07-03,15,11.44965972751379
99_sik,2021-07-03,20,10.3334147259593
99_sik,2021-07-03,30,6.924619294703007
99_sik,2021-07-03,40,5.617938794195652
99_sik,2021-07-03,50,5.4201788529753685
99_sik,2021-07-03,65,4.7726981565356255
99_sik,2021-07-03,80,4.444563142955303
99_sik,2021-07-04,5,15.442213207483292
99_sik,2021-07-04,10,14.413129068911076
99_sik,2021-07-04,15,11.898648038506508
99_sik,2021-07-04,20,10.81975769251585
99_sik,2021-07-04,30,7.093081466853619
99_sik,2021-07-04,40,5.681661441922188
99_sik,2021-07-04,50,5.448744177818298
99_sik,2021-07-04,65,4.74999238550663
99_sik,2021-07-04,80,4.4401684775948524
99_sik,2021-07-05,5,14.785210736095904
99_sik,2021-07-05,10,14.636524558067322
99_sik,2021-07-05,15,12.163060404360294
99_sik,2021-07-05,20,11.01971496641636
99_sik,2021-07-05,30,7.1040681302547455
99_sik,2021-07-05,40,5.629657901823521
99_sik,2021-07-05,50,5.409924633800983
99_sik,2021-07-05,65,4.716299951076508
99_sik,2021-07-05,80,4.416730262339115
99_sik,2021-07-06,5,15.258369706571102
99_sik,2021-07-06,10,14.933896914124489
99_sik,2021-07-06,15,13.07348857820034
99_sik,2021-07-06,20,12.104464866220953
99_sik,2021-07-06,30,7.894375450909138
99_sik,2021-07-06,40,5.867702275514603
99_sik,2021-07-06,50,5.478774391114712
99_sik,2021-07-06,65,4.714102618396282
99_sik,2021-07-06,80,4.3910947144031525
99_sik,2021-07-07,5,15.550614953041077
99_sik,2021-07-07,10,15.05694754421711
99_sik,2021-07-07,15,13.276375629007816
99_sik,2021-07-07,20,12.297097697854042
99_sik,2021-07-07,30,8.069429621100426
99_sik,2021-07-07,40,5.992217794060707
99_sik,2021-07-07,50,5.587176136672497
99_sik,2021-07-07,65,4.776360377669334
99_sik,2021-07-07,80,4.420392483472824
99_sik,2021-07-08,5,15.94466994702816
99_sik,2021-07-08,10,15.213690608739851
99_sik,2021-07-08,15,13.332041390240192
99_sik,2021-07-08,20,12.28830836713314
99_sik,2021-07-08,30,8.10385449975729
99_sik,2021-07-08,40,6.083773322403431
99_sik,2021-07-08,50,5.727072983980179
99_sik,2021-07-08,65,4.928708776831627
99_sik,2021-07-08,80,4.469466246664524
99_sik,2021-07-09,5,16.01864681392908
99_sik,2021-07-09,10,15.443678095936775
99_sik,2021-07-09,15,13.446302689611912
99_sik,2021-07-09,20,12.32126835733652
99_sik,2021-07-09,30,8.120700716972351
99_sik,2021-07-09,40,6.158482633531094
99_sik,2021-07-09,50,5.844996504485607
99_sik,2021-07-09,65,5.078859843313694
99_sik,2021-07-09,80,4.506088458001614
99_sik,2021-07-10,5,15.872157968580725
99_sik,2021-07-10,10,15.718344680964949
99_sik,2021-07-10,15,13.726828828454018
99_sik,2021-07-10,20,12.55418562144041
99_sik,2021-07-10,30,8.286233112215996
99_sik,2021-07-10,40,6.240516386926174
99_sik,2021-07-10,50,5.910916484892368
99_sik,2021-07-10,65,5.144047379493713
99_sik,2021-07-10,80,4.502426236867905
99_sik,2021-07-11,5,15.986419267952442
99_sik,2021-07-11,10,15.899258404970167
99_sik,2021-07-11,15,14.162633143365383
99_sik,2021-07-11,20,12.984130382537842
99_sik,2021-07-11,30,8.623889900743961
99_sik,2021-07-11,40,6.419965222477913
99_sik,2021-07-11,50,6.039094224572182
99_sik,2021-07-11,65,5.225348688662052
99_sik,2021-07-11,80,4.506088458001614
99_sik,2021-07-12,5,16.122653894126415
99_sik,2021-07-12,10,15.936613060534
99_sik,2021-07-12,15,14.48857082426548
99_sik,2021-07-12,20,13.31446272879839
99_sik,2021-07-12,30,8.817987620830536
99_sik,2021-07-12,40,6.587694950401783
99_sik,2021-07-12,50,6.228064835071564
99_sik,2021-07-12,65,5.406994856894016
99_sik,2021-07-12,80,4.560289330780506
99_sik,2021-07-13,5,16.249366745352745
99_sik,2021-07-13,10,16.015717037022114
99_sik,2021-07-13,15,14.733207195997238
99_sik,2021-07-13,20,13.532731108367445
99_sik,2021-07-13,30,8.841425836086273
99_sik,2021-07-13,40,6.671926036477089
99_sik,2021-07-13,50,6.397991895675659
99_sik,2021-07-13,65,5.650898784399033
99_sik,2021-07-13,80,4.634998641908169
99_sik,2021-07-14,5,16.512314222753048
99_sik,2021-07-14,10,16.18637654185295
99_sik,2021-07-14,15,14.94708091020584
99_sik,2021-07-14,20,13.671895511448383
99_sik,2021-07-14,30,8.777703188359737
99_sik,2021-07-14,40,6.72539446502924
99_sik,2021-07-14,50,6.551805183291435
99_sik,2021-07-14,65,5.902859598398209
99_sik,2021-07-14,80,4.717764839529991
99_sik,2021-07-15,5,16.75914792716503
99_sik,2021-07-15,10,16.379009373486042
99_sik,2021-07-15,15,15.207098610699177
99_sik,2021-07-15,20,13.914334550499916
99_sik,2021-07-15,30,8.864131607115269
99_sik,2021-07-15,40,6.84405042976141
99_sik,2021-07-15,50,6.731254018843174
99_sik,2021-07-15,65,6.1203955337405205
99_sik,2021-07-15,80,4.787347041070461
99_sik,2021-07-16,5,16.977416306734085
99_sik,2021-07-16,10,16.56212043017149
99_sik,2021-07-16,15,15.45393231511116
99_sik,2021-07-16,20,14.197790466248987
99_sik,2021-07-16,30,9.045045331120493
99_sik,2021-07-16,40,7.0271614864468575
99_sik,2021-07-16,50,6.967101059854031
99_sik,2021-07-16,65,6.328409694135189
99_sik,2021-07-16,80,4.853999465703964
99_sik,2021-07-17,5,17.267464220523834
99_sik,2021-07-17,10,16.732779935002327
99_sik,2021-07-17,15,15.667806029319763
99_sik,2021-07-17,20,14.482711270451546
99_sik,2021-07-17,30,9.272835485637188
99_sik,2021-07-17,40,7.316476956009865
99_sik,2021-07-17,50,7.353099167346954
99_sik,2021-07-17,65,6.609668277204037
99_sik,2021-07-17,80,4.940427884459496
99_sik,2021-07-18,5,17.77651295810938
99_sik,2021-07-18,10,16.85290078818798
99_sik,2021-07-18,15,15.74837489426136
99_sik,2021-07-18,20,14.621143229305744
99_sik,2021-07-18,30,9.43324077129364
99_sik,2021-07-18,40,7.783776372671127
99_sik,2021-07-18,50,7.932462550699711
99_sik,2021-07-18,65,6.893856637179852
99_sik,2021-07-18,80,5.059083849191666
99_sik,2021-07-19,5,18.28482925146818
99_sik,2021-07-19,10,16.904171884059906
99_sik,2021-07-19,15,15.71614734828472
99_sik,2021-07-19,20,14.671681880950928
99_sik,2021-07-19,30,9.679342031478882
99_sik,2021-07-19,40,8.50450149178505
99_sik,2021-07-19,50,8.607776127755642
99_sik,2021-07-19,65,6.513718083500862
99_sik,2021-07-19,80,5.961455136537552
99_sik,2021-07-20,5,18.60783715546131
99_sik,2021-07-20,10,16.91003143787384
99_sik,2021-07-20,15,15.616534933447838
99_sik,2021-07-20,20,14.655568107962608
99_sik,2021-07-20,30,10.112949013710022
99_sik,2021-07-20,40,9.343882575631142
99_sik,2021-07-20,50,9.170293293893335
99_sik,2021-07-20,65,6.797906443476677
99_sik,2021-07-20,80,6.439741216599941
99_sik,2021-07-21,5,18.50529496371746
99_sik,2021-07-21,10,16.702749721705914
99_sik,2021-07-21,15,15.29059725254774
99_sik,2021-07-21,20,14.298135325312614
99_sik,2021-07-21,30,10.53703422099352
99_sik,2021-07-21,40,9.910794407129288
99_sik,2021-07-21,50,9.410535000264645
99_sik,2021-07-21,65,7.04034548252821
99_sik,2021-07-21,80,6.603808723390102
99_sik,2021-07-22,5,18.441572315990925
99_sik,2021-07-22,10,16.55406354367733
99_sik,2021-07-22,15,15.057679988443851
99_sik,2021-07-22,20,14.027863405644894
99_sik,2021-07-22,30,10.778008371591568
99_sik,2021-07-22,40,10.012604154646397
99_sik,2021-07-22,50,9.37537767738104
99_sik,2021-07-22,65,7.145817451179028
99_sik,2021-07-22,80,6.647022932767868
99_sik,2021-07-23,5,18.46281319856644
99_sik,2021-07-23,10,16.519638665020466
99_sik,2021-07-23,15,14.878963597118856
99_sik,2021-07-23,20,13.852809235453606
99_sik,2021-07-23,30,10.763359487056732
99_sik,2021-07-23,40,9.80166021734476
99_sik,2021-07-23,50,9.18347728997469
99_sik,2021-07-23,65,7.162663668394089
99_sik,2021-07-23,80,6.667531371116638
99_sik,2021-07-24,5,18.61149937659502
99_sik,2021-07-24,10,16.6148564144969
99_sik,2021-07-24,15,14.826960057020187
99_sik,2021-07-24,20,13.80080569535494
99_sik,2021-07-24,30,10.652760408818722
99_sik,2021-07-24,40,9.537980295717716
99_sik,2021-07-24,50,8.957152023911476
99_sik,2021-07-24,65,7.106265462934971
99_sik,2021-07-24,80,6.667531371116638
99_sik,2021-07-25,5,18.813653983175755
99_sik,2021-07-25,10,16.737174600362778
99_sik,2021-07-25,15,14.822565391659737
99_sik,2021-07-25,20,13.786156810820104
99_sik,2021-07-25,30,10.575853765010834
99_sik,2021-07-25,40,9.35999634861946
99_sik,2021-07-25,50,8.796014294028282
99_sik,2021-07-25,65,7.018372155725956
99_sik,2021-07-25,80,6.655079819262028
99_sik,2021-07-26,5,19.228217415511608
99_sik,2021-07-26,10,16.878536336123943
99_sik,2021-07-26,15,14.842341385781763
99_sik,2021-07-26,20,13.808862581849098
99_sik,2021-07-26,30,10.596362203359604
99_sik,2021-07-26,40,9.299935922026634
99_sik,2021-07-26,50,8.722769871354103
99_sik,2021-07-26,65,6.944395288825035
99_sik,2021-07-26,80,6.636768713593483
99_sik,2021-07-27,5,19.44428846240044
99_sik,2021-07-27,10,17.182500690221786
99_sik,2021-07-27,15,15.218085274100304
99_sik,2021-07-27,20,14.289345994591711
99_sik,2021-07-27,30,10.97064120322466
99_sik,2021-07-27,40,9.55189673602581
99_sik,2021-07-27,50,8.916867591440678
99_sik,2021-07-27,65,7.031556151807308
99_sik,2021-07-27,80,6.633838936686516
99_sik,2021-07-28,5,19.21649830788374
99_sik,2021-07-28,10,17.574358351528645
99_sik,2021-07-28,15,15.174138620495796
99_sik,2021-07-28,20,14.254188671708109
99_sik,2021-07-28,30,11.075380727648737
99_sik,2021-07-28,40,9.639057599008083
99_sik,2021-07-28,50,9.038453333079817
99_sik,2021-07-28,65,7.143620118498802
99_sik,2021-07-28,80,6.658009596168995
99_sik,2021-07-29,5,18.93523972481489
99_sik,2021-07-29,10,17.8102053925395
99_sik,2021-07-29,15,15.065736874938011
99_sik,2021-07-29,20,14.101107828319073
99_sik,2021-07-29,30,10.9135105535388
99_sik,2021-07-29,40,9.452284321188928
99_sik,2021-07-29,50,8.894161820411682
99_sik,2021-07-29,65,7.080629914999008
99_sik,2021-07-29,80,6.685842476785183
99_sik,2021-07-30,5,19.450880460441116
99_sik,2021-07-30,10,17.816797390580177
99_sik,2021-07-30,15,15.066469319164751
99_sik,2021-07-30,20,14.074007391929626
99_sik,2021-07-30,30,10.90545366704464
99_sik,2021-07-30,40,9.448622100055218
99_sik,2021-07-30,50,8.920529812574387
99_sik,2021-07-30,65,7.078432582318783
99_sik,2021-07-30,80,6.705618470907211
99_sik,2021-07-31,5,19.95260475575924
99_sik,2021-07-31,10,18.38810388743877
99_sik,2021-07-31,15,15.29059725254774
99_sik,2021-07-31,20,14.232947789132597
99_sik,2021-07-31,30,11.00360119342804
99_sik,2021-07-31,40,9.5482345148921
99_sik,2021-07-31,50,9.03186133503914
99_sik,2021-07-31,65,7.134830787777901
99_sik,2021-07-31,80,6.718070022761822
99_sik,2021-08-01,5,20.436750389635563
99_sik,2021-08-01,10,18.829767756164077
99_sik,2021-08-01,15,15.581377610564232
99_sik,2021-08-01,20,14.494430378079414
99_sik,2021-08-01,30,11.240180678665638
99_sik,2021-08-01,40,9.85073398053646
99_sik,2021-08-01,50,9.35999634861946
99_sik,2021-08-01,65,7.367015607655048
99_sik,2021-08-01,80,6.751762457191944
99_sik,2021-08-02,5,20.878414258360863
99_sik,2021-08-02,10,19.02093569934368
99_sik,2021-08-02,15,15.638508260250092
99_sik,2021-08-02,20,14.514206372201444
99_sik,2021-08-02,30,11.357371754944324
99_sik,2021-08-02,40,10.110751681029797
99_sik,2021-08-02,50,9.627338491380216
99_sik,2021-08-02,65,7.555253773927689
99_sik,2021-08-02,80,6.809625551104546
99_sik,2021-08-03,5,21.35889767110348
99_sik,2021-08-03,10,19.352732934057716
99_sik,2021-08-03,15,15.812097541987896
99_sik,2021-08-03,20,14.640919223427773
99_sik,2021-08-03,30,11.507522821426392
99_sik,2021-08-03,40,10.305581845343111
99_sik,2021-08-03,50,9.777489557862282
99_sik,2021-08-03,65,7.6255684196949
99_sik,2021-08-03,80,6.854304648935795
99_sik,2021-08-04,5,21.722922451794147
99_sik,2021-08-04,10,19.700643941760063
99_sik,2021-08-04,15,16.07577746361494
99_sik,2021-08-04,20,14.870174266397951
99_sik,2021-08-04,30,11.826868504285812
99_sik,2021-08-04,40,10.698171950876713
99_sik,2021-08-04,50,10.110019236803057
99_sik,2021-08-04,65,7.777916818857193
99_sik,2021-08-04,80,6.896053969860077
99_sik,2021-08-05,5,21.930204167962074
99_sik,2021-08-05,10,19.87936033308506
99_sik,2021-08-05,15,16.29184851050377
99_sik,2021-08-05,20,15.08624531328678
99_sik,2021-08-05,30,12.314676359295843
99_sik,2021-08-05,40,11.292184218764303
99_sik,2021-08-05,50,10.61980041861534
99_sik,2021-08-05,65,8.062105178833008
99_sik,2021-08-05,80,6.961973950266838
99_sik,2021-08-06,5,22.02615436166525
99_sik,2021-08-06,10,19.910122990608212
99_sik,2021-08-06,15,16.442732021212578
99_sik,2021-08-06,20,15.274483479559422
99_sik,2021-08-06,30,12.82372509688139
99_sik,2021-08-06,40,11.82174139469862
99_sik,2021-08-06,50,11.035828739404678
99_sik,2021-08-06,65,8.31626332551241
99_sik,2021-08-06,80,7.049867257475853
99_sik,2021-08-07,5,22.052522353827957
99_sik,2021-08-07,10,19.627399519085884
99_sik,2021-08-07,15,16.360698267817497
99_sik,2021-08-07,20,15.289864808321
99_sik,2021-08-07,30,13.180425435304642
99_sik,2021-08-07,40,12.098605312407017
99_sik,2021-08-07,50,11.21234779804945
99_sik,2021-08-07,65,8.462019726634026
99_sik,2021-08-07,80,7.124576568603516
99_sik,2021-08-08,5,21.946317940950397
99_sik,2021-08-08,10,19.206976532936096
99_sik,2021-08-08,15,16.19003876298666
99_sik,2021-08-08,20,15.2407910451293
99_sik,2021-08-08,30,13.365001380443571
99_sik,2021-08-08,40,12.143284410238266
99_sik,2021-08-08,50,11.193304248154163
99_sik,2021-08-08,65,8.454695284366608
99_sik,2021-08-08,80,7.150212116539478
99_sik,2021-08-09,5,20.89013336598873
99_sik,2021-08-09,10,19.907193213701248
99_sik,2021-08-09,15,16.720328383147717
99_sik,2021-08-09,20,15.702230907976627
99_sik,2021-08-09,30,13.614032417535782
99_sik,2021-08-09,40,12.248023934662342
99_sik,2021-08-09,50,11.256294451653956
99_sik,2021-08-09,65,8.34556109458208
99_sik,2021-08-09,80,7.148747228085995
99_sik,2021-08-10,5,20.583971679210663
99_sik,2021-08-10,10,20.07492294162512
99_sik,2021-08-10,15,18.457686088979244
99_sik,2021-08-10,20,17.218390457332134
99_sik,2021-08-10,30,13.974394977092745
99_sik,2021-08-10,40,12.269264817237854
99_sik,2021-08-10,50,11.300241105258465
99_sik,2021-08-10,65,8.07528917491436
99_sik,2021-08-10,80,7.156804114580154
99_sik,2021-08-11,5,21.180913724005222
99_sik,2021-08-11,10,20.93700979650021
99_sik,2021-08-11,15,19.53437910228968
99_sik,2021-08-11,20,18.28849147260189
99_sik,2021-08-11,30,14.103305160999298
99_sik,2021-08-11,40,11.904507592320442
99_sik,2021-08-11,50,11.013855412602425
99_sik,2021-08-11,65,7.511307120323181
99_sik,2021-08-11,80,7.062318809330463
99_sik,2021-08-12,5,21.12305063009262
99_sik,2021-08-12,10,21.123783074319363
99_sik,2021-08-12,15,20.373027741909027
99_sik,2021-08-12,20,19.33075960725546
99_sik,2021-08-12,30,14.376506857573986
99_sik,2021-08-12,40,11.426953956484796
99_sik,2021-08-12,50,10.404461815953256
99_sik,2021-08-12,65,6.442670993506908
99_sik,2021-08-12,80,6.844782873988152
99_sik,2021-08-13,5,20.702627643942836
99_sik,2021-08-13,10,20.70409253239632
99_sik,2021-08-13,15,20.749504074454308
99_sik,2021-08-13,20,20.66014587879181
99_sik,2021-08-13,30,15.565263837575912
99_sik,2021-08-13,40,12.175511956214905
99_sik,2021-08-13,50,10.812433250248432
99_sik,2021-08-13,65,5.890408046543598
99_sik,2021-08-13,80,6.63164160400629
99_sik,2021-08-14,5,20.09543137997389
99_sik,2021-08-14,10,20.09543137997389
99_sik,2021-08-14,15,20.093234047293663
99_sik,2021-08-14,20,20.093966491520405
99_sik,2021-08-14,30,16.70934171974659
99_sik,2021-08-14,40,13.002441488206388
99_sik,2021-08-14,50,11.591021463274956
99_sik,2021-08-14,65,6.077913768589497
99_sik,2021-08-14,80,6.485885202884674
99_sik,2021-08-15,5,19.729209266602997
99_sik,2021-08-15,10,19.72994171082973
99_sik,2021-08-15,15,20.044892728328705
99_sik,2021-08-15,20,20.269020661711693
99_sik,2021-08-15,30,17.495986819267273
99_sik,2021-08-15,40,13.705587945878506
99_sik,2021-08-15,50,12.182836398482324
99_sik,2021-08-15,65,6.538621187210083
99_sik,2021-08-15,80,6.43095188587904
99_sik,2021-08-16,5,19.79732657968998
99_sik,2021-08-16,10,19.941618092358112
99_sik,2021-08-16,15,20.471175268292427
99_sik,2021-08-16,20,20.504135258495808
99_sik,2021-08-16,30,17.578020572662354
99_sik,2021-08-16,40,13.775902591645718
99_sik,2021-08-16,50,12.225318163633348
99_sik,2021-08-16,65,6.902645967900753
99_sik,2021-08-16,80,6.499801643192768
99_sik,2021-08-17,5,20.085909605026245
99_sik,2021-08-17,10,20.282937102019787
99_sik,2021-08-17,15,20.52610858529806
99_sik,2021-08-17,20,20.510727256536484
99_sik,2021-08-17,30,17.504776149988174
99_sik,2021-08-17,40,13.65358440577984
99_sik,2021-08-17,50,12.060518212616444
99_sik,2021-08-17,65,7.245429866015911
99_sik,2021-08-17,80,6.742973126471043
99_sik,2021-08-18,5,20.01705984771252
99_sik,2021-08-18,10,20.03463850915432
99_sik,2021-08-18,15,20.36277352273464
99_sik,2021-08-18,20,20.64403210580349
99_sik,2021-08-18,30,17.546525470912457
99_sik,2021-08-18,40,13.473403126001358
99_sik,2021-08-18,50,11.922086253762243
99_sik,2021-08-18,65,7.4402600303292274
99_sik,2021-08-18,80,6.898983746767044
99_sik,2021-08-19,5,20.23093356192112
99_sik,2021-08-19,10,20.183324687182903
99_sik,2021-08-19,15,20.44846949726343
99_sik,2021-08-19,20,20.62425611168146
99_sik,2021-08-19,30,18.29068880528212
99_sik,2021-08-19,40,14.330362871289251
99_sik,2021-08-19,50,12.62743004411459
99_sik,2021-08-19,65,8.032074965536594
99_sik,2021-08-19,80,7.11798457056284
99_sik,2021-08-20,5,20.485824152827263
99_sik,2021-08-20,10,20.404522843658924
99_sik,2021-08-20,15,20.6074098944664
99_sik,2021-08-20,20,20.636707663536072
99_sik,2021-08-20,30,18.007965333759785
99_sik,2021-08-20,40,14.77861873805523
99_sik,2021-08-20,50,13.44923246651888
99_sik,2021-08-20,65,9.611224718391895
99_sik,2021-08-20,80,7.451246693730354
99_sik,2021-08-21,5,20.666005432605743
99_sik,2021-08-21,10,20.59788811951876
99_sik,2021-08-21,15,20.67699209600687
99_sik,2021-08-21,20,20.564928129315376
99_sik,2021-08-21,30,17.74794763326645
99_sik,2021-08-21,40,15.509598076343536
99_sik,2021-08-21,50,14.07913450151682
99_sik,2021-08-21,65,10.43522447347641
99_sik,2021-08-21,80,7.73982971906662
99_sik,2021-08-22,5,20.594225898385048
99_sik,2021-08-22,10,20.690908536314964
99_sik,2021-08-22,15,20.84472182393074
99_sik,2021-08-22,20,20.56639301776886
99_sik,2021-08-22,30,17.553117468953133
99_sik,2021-08-22,40,15.755699336528778
99_sik,2021-08-22,50,13.945097208023071
99_sik,2021-08-22,65,10.214026317000387
99_sik,2021-08-22,80,7.914883889257908
99_sik,2021-08-23,5,20.81176183372736
99_sik,2021-08-23,10,21.16406750679016
99_sik,2021-08-23,15,21.26075014472008
99_sik,2021-08-23,20,20.941404461860657
99_sik,2021-08-23,30,17.716452531516552
99_sik,2021-08-23,40,15.737388230860232
99_sik,2021-08-23,50,14.032258071005344
99_sik,2021-08-23,65,10.11221656948328
99_sik,2021-08-23,80,8.045258961617947
99_sik,2021-08-24,5,21.137699514627457
99_sik,2021-08-24,10,21.37647633254528
99_sik,2021-08-24,15,21.598406933248043
99_sik,2021-08-24,20,21.175054170191288
99_sik,2021-08-24,30,17.517960146069527
99_sik,2021-08-24,40,15.238593712449074
99_sik,2021-08-24,50,13.844019904732704
99_sik,2021-08-24,65,10.05435347557068
99_sik,2021-08-24,80,8.18588825315237
99_sik,2021-08-25,5,21.397717215120792
99_sik,2021-08-25,10,21.4013794362545
99_sik,2021-08-25,15,21.40064699202776
99_sik,2021-08-25,20,21.07763908803463
99_sik,2021-08-25,30,16.491073340177536
99_sik,2021-08-25,40,13.778832368552685
99_sik,2021-08-25,50,12.847895756363869
99_sik,2021-08-25,65,9.819238878786564
99_sik,2021-08-25,80,8.277443781495094
99_sik,2021-08-26,5,21.611590929329395
99_sik,2021-08-26,10,21.528824731707573
99_sik,2021-08-26,15,21.40943632274866
99_sik,2021-08-26,20,21.059327982366085
99_sik,2021-08-26,30,16.50132755935192
99_sik,2021-08-26,40,13.54005555063486
99_sik,2021-08-26,50,12.628894932568071
99_sik,2021-08-26,65,9.595110945403576
99_sik,2021-08-26,80,8.289895333349705
99_sik,2021-08-27,5,21.42555009573698
99_sik,2021-08-27,10,21.35889767110348
99_sik,2021-08-27,15,21.31055635213852
99_sik,2021-08-27,20,21.120853297412395
99_sik,2021-08-27,30,16.921018101274967
99_sik,2021-08-27,40,14.037385180592535
99_sik,2021-08-27,50,13.100589014589788
99_sik,2021-08-27,65,9.790673553943634
99_sik,2021-08-27,80,8.331644654273987
99_sik,2021-08-28,5,21.418958097696304
99_sik,2021-08-28,10,21.136234626173973
99_sik,2021-08-28,15,21.084963530302048
99_sik,2021-08-28,20,21.039551988244057
99_sik,2021-08-28,30,17.29895932227373
99_sik,2021-08-28,40,14.677541434764862
99_sik,2021-08-28,50,13.8264412432909
99_sik,2021-08-28,65,10.074129469692709
99_sik,2021-08-28,80,8.42686240375042
99_sik,2021-08-29,5,21.325205236673355
99_sik,2021-08-29,10,20.928220465779305
99_sik,2021-08-29,15,20.798577837646008
99_sik,2021-08-29,20,20.808832056820396
99_sik,2021-08-29,30,17.569231241941452
99_sik,2021-08-29,40,15.30671102553606
99_sik,2021-08-29,50,14.032990515232086
99_sik,2021-08-29,65,10.010406821966171
99_sik,2021-08-29,80,8.519882820546627
99_sik,2021-08-30,5,21.267342142760757
99_sik,2021-08-30,10,20.64036988466978
99_sik,2021-08-30,15,20.397930845618248
99_sik,2021-08-30,20,20.376689963042736
99_sik,2021-08-30,30,17.65053255110979
99_sik,2021-08-30,40,15.700033575296402
99_sik,2021-08-30,50,13.63820307701826
99_sik,2021-08-30,65,9.362926125526428
99_sik,2021-08-30,80,8.76232185959816
99_sik,2021-08-31,5,20.871089816093445
99_sik,2021-08-31,10,20.602282784879208
99_sik,2021-08-31,15,20.00900296121836
99_sik,2021-08-31,20,19.904995881021023
99_sik,2021-08-31,30,17.82192450016737
99_sik,2021-08-31,40,15.896328628063202
99_sik,2021-08-31,50,13.415540032088757
99_sik,2021-08-31,65,8.981322683393955
99_sik,2021-08-31,80,8.775505855679512
99_sik,2021-09-01,5,20.520249031484127
99_sik,2021-09-01,10,20.36643574386835
99_sik,2021-09-01,15,19.628131963312622
99_sik,2021-09-01,20,19.38276314735413
99_sik,2021-09-01,30,17.636616110801697
99_sik,2021-09-01,40,15.54768517613411
99_sik,2021-09-01,50,12.789300218224524
99_sik,2021-09-01,65,8.508163712918758
99_sik,2021-09-01,80,8.552842810750008
99_sik,2021-09-02,5,20.568590350449085
99_sik,2021-09-02,10,20.254371777176857
99_sik,2021-09-02,15,19.40034180879593
99_sik,2021-09-02,20,18.99603259563446
99_sik,2021-09-02,30,17.177373580634594
99_sik,2021-09-02,40,14.88555559515953
99_sik,2021-09-02,50,12.191625729203224
99_sik,2021-09-02,65,8.30454421788454
99_sik,2021-09-02,80,8.393902413547039
99_sik,2021-09-03,5,20.643299661576748
99_sik,2021-09-03,10,20.26609088480473
99_sik,2021-09-03,15,19.087588123977184
99_sik,2021-09-03,20,18.49284341186285
99_sik,2021-09-03,30,16.433942690491676
99_sik,2021-09-03,40,14.248329117894173
99_sik,2021-09-03,50,11.971160016953943
99_sik,2021-09-03,65,8.384380638599396
99_sik,2021-09-03,80,8.418073073029518
99_sik,2021-09-04,5,20.625721000134945
99_sik,2021-09-04,10,20.360576190054417
99_sik,2021-09-04,15,18.686941131949425
99_sik,2021-09-04,20,17.857081823050976
99_sik,2021-09-04,30,15.551347397267818
99_sik,2021-09-04,40,13.797875918447971
99_sik,2021-09-04,50,12.037079997360706
99_sik,2021-09-04,65,8.731559202075005
99_sik,2021-09-04,80,8.515488155186176
99_sik,2021-09-05,5,20.70995208621025
99_sik,2021-09-05,10,20.48069704324007
99_sik,2021-09-05,15,18.404950104653835
99_sik,2021-09-05,20,17.422742396593094
99_sik,2021-09-05,30,14.970519125461578
99_sik,2021-09-05,40,13.590594202280045
99_sik,2021-09-05,50,12.156468406319618
99_sik,2021-09-05,65,9.095583982765676
99_sik,2021-09-05,80,8.6561174467206
99_sik,2021-09-06,5,20.86010315269232
99_sik,2021-09-06,10,20.48509170860052
99_sik,2021-09-06,15,18.21890927106142
99_sik,2021-09-06,20,17.132694482803345
99_sik,2021-09-06,30,14.747856080532074
99_sik,2021-09-06,40,13.578875094652176
99_sik,2021-09-06,50,12.33298746496439
99_sik,2021-09-06,65,9.35560168325901
99_sik,2021-09-06,80,8.788689851760864
99_sik,2021-09-07,5,20.808832056820396
99_sik,2021-09-07,10,20.4199041724205
99_sik,2021-09-07,15,17.914212472736835
99_sik,2021-09-07,20,16.77892392128706
99_sik,2021-09-07,30,14.645313888788223
99_sik,2021-09-07,40,13.5232093334198
99_sik,2021-09-07,50,12.3945127800107
99_sik,2021-09-07,65,9.501358084380628
99_sik,2021-09-07,80,8.880245380103588
99_sik,2021-09-08,5,20.179662466049194
99_sik,2021-09-08,10,20.097628712654117
99_sik,2021-09-08,15,17.308481097221375
99_sik,2021-09-08,20,16.250099189579487
99_sik,2021-09-08,30,14.51713614910841
99_sik,2021-09-08,40,13.299081400036812
99_sik,2021-09-08,50,12.248756378889084
99_sik,2021-09-08,65,9.393688783049583
99_sik,2021-09-08,80,8.928586699068546
99_sik,2021-09-09,5,20.286599323153496
99_sik,2021-09-09,10,19.956266976892948
99_sik,2021-09-09,15,17.37659841030836
99_sik,2021-09-09,20,16.40610980987549
99_sik,2021-09-09,30,14.564745023846626
99_sik,2021-09-09,40,13.42945647239685
99_sik,2021-09-09,50,12.442121654748917
99_sik,2021-09-09,65,9.194463953375816
99_sik,2021-09-09,80,8.957152023911476
99_sik,2021-09-10,5,20.367900632321835
99_sik,2021-09-10,10,19.93282876163721
99_sik,2021-09-10,15,17.967680901288986
99_sik,2021-09-10,20,16.929074987769127
99_sik,2021-09-10,30,14.733207195997238
99_sik,2021-09-10,40,13.783959478139876
99_sik,2021-09-10,50,12.92187262326479
99_sik,2021-09-10,65,9.231818608939648
99_sik,2021-09-10,80,8.924924477934837
99_sik,2021-09-11,5,20.50120548158884
99_sik,2021-09-11,10,19.897671438753605
99_sik,2021-09-11,15,18.179357282817364
99_sik,2021-09-11,20,17.123905152082443
99_sik,2021-09-11,30,14.826960057020187
99_sik,2021-09-11,40,13.8755150064826
99_sik,2021-09-11,50,13.034669034183024
99_sik,2021-09-11,65,9.399548336863518
99_sik,2021-09-11,80,8.90954314917326
99_sik,2021-09-12,5,20.42503128200769
99_sik,2021-09-12,10,19.88375499844551
99_sik,2021-09-12,15,18.31705679744482
99_sik,2021-09-12,20,17.328989535570145
99_sik,2021-09-12,30,14.969786681234837
99_sik,2021-09-12,40,13.979522086679935
99_sik,2021-09-12,50,13.111575677990912
99_sik,2021-09-12,65,9.6866664737463
99_sik,2021-09-12,80,8.953489802777767
99_sik,2021-09-13,5,19.91232032328844
99_sik,2021-09-13,10,19.8713034465909
99_sik,2021-09-13,15,19.06927701830864
99_sik,2021-09-13,20,18.187414169311523
99_sik,2021-09-13,30,15.378490559756756
99_sik,2021-09-13,40,14.395550407469273
99_sik,2021-09-13,50,13.472670681774616
99_sik,2021-09-13,65,10.248451195657251
99_sik,2021-09-13,80,9.08166754245758
99_sik,2021-09-14,5,19.79366435855627
99_sik,2021-09-14,10,19.78048036247492
99_sik,2021-09-14,15,19.179143652319908
99_sik,2021-09-14,20,18.221839047968388
99_sik,2021-09-14,30,15.51106296479702
99_sik,2021-09-14,40,14.441694393754004
99_sik,2021-09-14,50,13.31006806343794
99_sik,2021-09-14,65,10.751640379428864
99_sik,2021-09-14,80,9.214239947497845
99_sik,2021-09-15,5,19.750450149178505
99_sik,2021-09-15,10,19.73873104155064
99_sik,2021-09-15,15,19.05682546645403
99_sik,2021-09-15,20,18.12295907735825
99_sik,2021-09-15,30,15.619464710354803
99_sik,2021-09-15,40,14.264442890882492
99_sik,2021-09-15,50,13.009765930473804
99_sik,2021-09-15,65,10.981627866625786
99_sik,2021-09-15,80,9.292611479759216
99_sik,2021-09-16,5,19.559282205998898
99_sik,2021-09-16,10,19.55854976177216
99_sik,2021-09-16,15,18.65105136483908
99_sik,2021-09-16,20,17.820459611713886
99_sik,2021-09-16,30,15.624591819941998
99_sik,2021-09-16,40,13.988311417400835
99_sik,2021-09-16,50,12.831049539148808
99_sik,2021-09-16,65,10.983825199306011
99_sik,2021-09-16,80,9.3431501314044
99_sik,2021-09-17,5,19.36005737632513
99_sik,2021-09-17,10,19.357127599418163
99_sik,2021-09-17,15,18.26432081311941
99_sik,2021-09-17,20,17.521622367203236
99_sik,2021-09-17,30,15.500808745622637
99_sik,2021-09-17,40,13.815454579889774
99_sik,2021-09-17,50,12.769524224102495
99_sik,2021-09-17,65,10.687917731702328
99_sik,2021-09-17,80,9.313119918107986
99_sik,2021-09-18,5,19.37983337044716
99_sik,2021-09-18,10,19.369579151272774
99_sik,2021-09-18,15,18.29874569177628
99_sik,2021-09-18,20,17.509170815348625
99_sik,2021-09-18,30,15.427564322948456
99_sik,2021-09-18,40,13.959746092557909
99_sik,2021-09-18,50,12.955565057694912
99_sik,2021-09-18,65,10.184728547930716
99_sik,2021-09-18,80,9.217169724404812
99_sik,2021-09-19,5,19.41279336065054
99_sik,2021-09-19,10,19.399609364569187
99_sik,2021-09-19,15,18.522873625159264
99_sik,2021-09-19,20,17.717917419970036
99_sik,2021-09-19,30,15.47004608809948
99_sik,2021-09-19,40,14.237342454493046
99_sik,2021-09-19,50,13.299081400036812
99_sik,2021-09-19,65,9.836085096001623
99_sik,2021-09-19,80,9.094119094312193
99_sik,2021-09-20,5,19.375438705086708
99_sik,2021-09-20,10,19.38276314735413
99_sik,2021-09-20,15,18.65691091865301
99_sik,2021-09-20,20,17.90762047469616
99_sik,2021-09-20,30,15.544755399227142
99_sik,2021-09-20,40,14.288613550364971
99_sik,2021-09-20,50,13.33497116714716
99_sik,2021-09-20,65,9.639790043234823
99_sik,2021-09-20,80,8.957884468138218
99_sik,2021-09-21,5,19.377636037766933
99_sik,2021-09-21,10,19.35932493209839
99_sik,2021-09-21,15,18.6356700360775
99_sik,2021-09-21,20,17.922269359230995
99_sik,2021-09-21,30,15.56453139334917
99_sik,2021-09-21,40,14.204382464289663
99_sik,2021-09-21,50,13.174565881490707
99_sik,2021-09-21,65,9.535050518810747
99_sik,2021-09-21,80,8.894894264638424
99_sik,2021-09-22,5,19.41718802601099
99_sik,2021-09-22,10,19.36738181859255
99_sik,2021-09-22,15,18.74700155854225
99_sik,2021-09-22,20,18.109775081276894
99_sik,2021-09-22,30,15.718344680964949
99_sik,2021-09-22,40,14.327433094382286
99_sik,2021-09-22,50,13.26099430024624
99_sik,2021-09-22,65,9.65004426240921
99_sik,2021-09-22,80,8.921262256801128
99_sik,2021-09-23,5,19.517532885074612
99_sik,2021-09-23,10,19.422315135598183
99_sik,2021-09-23,15,18.891293071210384
99_sik,2021-09-23,20,18.330973237752914
99_sik,2021-09-23,30,15.91610462218523
99_sik,2021-09-23,40,14.566942356526852
99_sik,2021-09-23,50,13.512955114245417
99_sik,2021-09-23,65,10.085116133093834
99_sik,2021-09-23,80,9.043580442667007
99_sik,2021-09-24,5,19.48896756023169
99_sik,2021-09-24,10,19.472121343016624
99_sik,2021-09-24,15,19.064149908721447
99_sik,2021-09-24,20,18.600512713193893
99_sik,2021-09-24,30,16.19809564948082
99_sik,2021-09-24,40,14.88116092979908
99_sik,2021-09-24,50,13.828638575971128
99_sik,2021-09-24,65,10.834406577050686
99_sik,2021-09-24,80,9.238410606980324
99_sik,2021-09-25,5,19.411328472197056
99_sik,2021-09-25,10,19.414990693330765
99_sik,2021-09-25,15,19.166692100465298
99_sik,2021-09-25,20,18.735282450914383
99_sik,2021-09-25,30,16.400982700288296
99_sik,2021-09-25,40,15.070863984525204
99_sik,2021-09-25,50,14.016876742243769
99_sik,2021-09-25,65,11.51924192905426
99_sik,2021-09-25,80,9.385631896555424
99_sik,2021-09-26,5,19.305124059319496
99_sik,2021-09-26,10,19.30585650354624
99_sik,2021-09-26,15,19.13446455448866
99_sik,2021-09-26,20,18.64299447834492
99_sik,2021-09-26,30,16.309427171945572
99_sik,2021-09-26,40,14.824762724339962
99_sik,2021-09-26,50,13.781762145459652
99_sik,2021-09-26,65,11.465041056275368
99_sik,2021-09-26,80,9.422254107892511
99_sik,2021-09-27,5,19.24872585386038
99_sik,2021-09-27,10,19.24579607695341
99_sik,2021-09-27,15,19.154240548610687
99_sik,2021-09-27,20,18.665700249373916
99_sik,2021-09-27,30,16.264748074114323
99_sik,2021-09-27,40,14.571337021887302
99_sik,2021-09-27,50,13.525406666100023
99_sik,2021-09-27,65,10.577318653464316
99_sik,2021-09-27,80,9.320444360375404
99_sik,2021-09-28,5,19.2736289575696
99_sik,2021-09-28,10,19.285348065197468
99_sik,2021-09-28,15,19.264839626848698
99_sik,2021-09-28,20,18.888363294303417
99_sik,2021-09-28,30,16.422223582863808
99_sik,2021-09-28,40,14.55815302580595
99_sik,2021-09-28,50,13.513687558472157
99_sik,2021-09-28,65,9.574602507054806
99_sik,2021-09-28,80,9.04065066576004
99_sik,2021-09-29,5,19.40546891838312
99_sik,2021-09-29,10,19.46040223538876
99_sik,2021-09-29,15,19.532914213836197
99_sik,2021-09-29,20,19.283883176743984
99_sik,2021-09-29,30,16.84044923633337
99_sik,2021-09-29,40,14.774224072694778
99_sik,2021-09-29,50,13.70265816897154
99_sik,2021-09-29,65,8.993774235248566
99_sik,2021-09-29,80,8.799676515161991
99_sik,2021-09-30,5,19.53364665806293
99_sik,2021-09-30,10,19.65376751124859
99_sik,2021-09-30,15,19.68233283609152
99_sik,2021-09-30,20,19.51167333126068
99_sik,2021-09-30,30,17.287240214645863
99_sik,2021-09-30,40,15.099429309368134
99_sik,2021-09-30,50,14.02200385183096
99_sik,2021-09-30,65,8.702993877232075
99_sik,2021-09-30,80,8.722769871354103
99_sik,2021-10-01,5,19.62227240949869
99_sik,2021-10-01,10,19.69991149753332
99_sik,2021-10-01,15,19.657429732382298
99_sik,2021-10-01,20,19.5768608674407
99_sik,2021-10-01,30,17.571428574621677
99_sik,2021-10-01,40,15.398266553878784
99_sik,2021-10-01,50,14.340617090463638
99_sik,2021-10-01,65,9.014282673597336
99_sik,2021-10-01,80,8.722769871354103
99_sik,2021-10-02,5,19.567339092493057
99_sik,2021-10-02,10,19.65010529011488
99_sik,2021-10-02,15,19.64204840362072
99_sik,2021-10-02,20,19.56074709445238
99_sik,2021-10-02,30,17.69521164894104
99_sik,2021-10-02,40,15.615802489221096
99_sik,2021-10-02,50,14.605029456317425
99_sik,2021-10-02,65,9.620014049112797
99_sik,2021-10-02,80,8.794549405574799
99_sik,2021-10-03,5,19.53218176960945
99_sik,2021-10-03,10,19.586382642388344
99_sik,2021-10-03,15,19.64204840362072
99_sik,2021-10-03,20,19.579790644347668
99_sik,2021-10-03,30,17.996978670358658
99_sik,2021-10-03,40,16.086031682789326
99_sik,2021-10-03,50,14.997619561851025
99_sik,2021-10-03,65,10.289468072354794
99_sik,2021-10-03,80,9.0977813154459
99_sik,2021-10-04,5,19.67867061495781
99_sik,2021-10-04,10,19.65669728815556
99_sik,2021-10-04,15,19.628864407539368
99_sik,2021-10-04,20,19.571733757853508
99_sik,2021-10-04,30,18.339762568473816
99_sik,2021-10-04,40,16.280861847102642
99_sik,2021-10-04,50,14.72148808836937
99_sik,2021-10-04,65,11.456984169781208
99_sik,2021-10-04,80,9.377575010061264
99_sik,2021-10-05,5,19.565141759812832
99_sik,2021-10-05,10,19.657429732382298
99_sik,2021-10-05,15,19.620075076818463
99_sik,2021-10-05,20,19.611285746097565
99_sik,2021-10-05,30,18.80339976400137
99_sik,2021-10-05,40,16.27939695864916
99_sik,2021-10-05,50,14.22708823531866
99_sik,2021-10-05,65,11.856898717582226
99_sik,2021-10-05,80,9.57240517437458
99_sik,2021-10-06,5,19.373241372406483
99_sik,2021-10-06,10,19.398876920342445
99_sik,2021-10-06,15,19.553422652184963
99_sik,2021-10-06,20,19.64278084784746
99_sik,2021-10-06,30,19.055360578000546
99_sik,2021-10-06,40,16.23032319545746
99_sik,2021-10-06,50,13.655781738460064
99_sik,2021-10-06,65,11.750694304704666
99_sik,2021-10-06,80,9.75991089642048
99_sik,2021-10-07,5,19.211371198296547
99_sik,2021-10-07,10,19.211371198296547
99_sik,2021-10-07,15,19.406201362609863
99_sik,2021-10-07,20,19.583452865481377
99_sik,2021-10-07,30,18.911801509559155
99_sik,2021-10-07,40,15.702230907976627
99_sik,2021-10-07,50,13.256599634885788
99_sik,2021-10-07,65,11.684774324297903
99_sik,2021-10-07,80,9.915189072489738
99_sik,2021-10-08,5,19.09857478737831
99_sik,2021-10-08,10,19.105166785418987
99_sik,2021-10-08,15,19.30292672663927
99_sik,2021-10-08,20,19.463332012295723
99_sik,2021-10-08,30,18.77556688338518
99_sik,2021-10-08,40,15.38435011357069
99_sik,2021-10-08,50,13.18774987757206
99_sik,2021-10-08,65,11.71114231646061
99_sik,2021-10-08,80,10.007477045059204
99_sik,2021-10-09,5,18.96087527275085
99_sik,2021-10-09,10,18.97186193615198
99_sik,2021-10-09,15,19.276558734476566
99_sik,2021-10-09,20,19.358592487871647
99_sik,2021-10-09,30,18.65837580710649
99_sik,2021-10-09,40,15.162419512867928
99_sik,2021-10-09,50,13.104983679950235
99_sik,2021-10-09,65,11.722861424088478
99_sik,2021-10-09,80,10.104892127215862
99_sik,2021-10-10,5,18.941831722855568
99_sik,2021-10-10,10,18.948423720896244
99_sik,2021-10-10,15,19.19159520417452
99_sik,2021-10-10,20,19.28168584406376
99_sik,2021-10-10,30,18.33390301465988
99_sik,2021-10-10,40,14.614551231265068
99_sik,2021-10-10,50,12.845698423683643
99_sik,2021-10-10,65,11.71919920295477
99_sik,2021-10-10,80,10.176671661436558
99_sik,2021-10-11,5,18.63640248030424
99_sik,2021-10-11,10,18.67448958009481
99_sik,2021-10-11,15,19.046571247279644
99_sik,2021-10-11,20,19.166692100465298
99_sik,2021-10-11,30,18.114169746637344
99_sik,2021-10-11,40,14.37430952489376
99_sik,2021-10-11,50,12.75853756070137
99_sik,2021-10-11,65,11.749961860477924
99_sik,2021-10-11,80,10.236732088029385
99_sik,2021-10-12,5,18.54264961928129
99_sik,2021-10-12,10,18.54118473082781
99_sik,2021-10-12,15,18.93377483636141
99_sik,2021-10-12,20,19.10589922964573
99_sik,2021-10-12,30,17.873195596039295
99_sik,2021-10-12,40,14.189001135528088
99_sik,2021-10-12,50,12.732902012765408
99_sik,2021-10-12,65,11.799768067896366
99_sik,2021-10-12,80,10.323160506784916
99_sik,2021-10-13,5,18.56096072494984
99_sik,2021-10-13,10,18.56096072494984
99_sik,2021-10-13,15,18.583666495978832
99_sik,2021-10-13,20,18.887630850076675
99_sik,2021-10-13,30,17.52381969988346
99_sik,2021-10-13,40,13.938505209982395
99_sik,2021-10-13,50,12.743156231939793
99_sik,2021-10-13,65,11.930875584483148
99_sik,2021-10-13,80,10.434492029249668
99_sik,2021-10-14,5,18.499435409903526
99_sik,2021-10-14,10,18.4972380772233
99_sik,2021-10-14,15,18.569750055670735
99_sik,2021-10-14,20,18.686208687722683
99_sik,2021-10-14,30,17.40955840051174
99_sik,2021-10-14,40,13.935575433075428
99_sik,2021-10-14,50,12.86034730821848
99_sik,2021-10-14,65,12.06711021065712
99_sik,2021-10-14,80,10.494552455842497
99_sik,2021-10-15,5,18.269447922706604
99_sik,2021-10-15,10,18.2745750322938
99_sik,2021-10-15,15,18.490646079182625
99_sik,2021-10-15,20,18.616626486182213
99_sik,2021-10-15,30,17.44544816762209
99_sik,2021-10-15,40,14.180211804807186
99_sik,2021-10-15,50,13.072023689746857
99_sik,2021-10-15,65,12.123508416116238
99_sik,2021-10-15,80,10.52531511336565
99_sik,2021-10-16,5,18.07974486798048
99_sik,2021-10-16,10,18.07974486798048
99_sik,2021-10-16,15,18.13687551766634
99_sik,2021-10-16,20,18.361003451049328
99_sik,2021-10-16,30,17.385387741029263
99_sik,2021-10-16,40,14.434369951486588
99_sik,2021-10-16,50,13.289559625089169
99_sik,2021-10-16,65,12.097140423953531
99_sik,2021-10-16,80,10.580248430371284
99_sik,2021-10-17,5,17.708395645022392
99_sik,2021-10-17,10,17.708395645022392
99_sik,2021-10-17,15,17.7120578661561
99_sik,2021-10-17,20,17.739158302545547
99_sik,2021-10-17,30,17.65053255110979
99_sik,2021-10-17,40,14.97125156968832
99_sik,2021-10-17,50,13.589861758053305
99_sik,2021-10-17,65,12.085421316325665
99_sik,2021-10-17,80,10.686452843248844
99_sik,2021-10-18,5,17.467421494424343
99_sik,2021-10-18,10,17.467421494424343
99_sik,2021-10-18,15,17.468153938651085
99_sik,2021-10-18,20,17.468886382877827
99_sik,2021-10-18,30,17.840968050062656
99_sik,2021-10-18,40,15.398998998105526
99_sik,2021-10-18,50,13.605975531041622
99_sik,2021-10-18,65,12.045869328081608
99_sik,2021-10-18,80,10.780938148498535
99_sik,2021-10-19,5,17.440321058034897
99_sik,2021-10-19,10,17.44105350226164
99_sik,2021-10-19,15,17.44105350226164
99_sik,2021-10-19,20,17.442518390715122
99_sik,2021-10-19,30,17.615375228226185
99_sik,2021-10-19,40,14.862849824130535
99_sik,2021-10-19,50,12.965086832642555
99_sik,2021-10-19,65,12.00119023025036
99_sik,2021-10-19,80,10.825617246329784
99_sik,2021-10-20,5,17.349497973918915
99_sik,2021-10-20,10,17.35169530659914
99_sik,2021-10-20,15,17.35535752773285
99_sik,2021-10-20,20,17.361217081546783
99_sik,2021-10-20,30,17.424207285046577
99_sik,2021-10-20,40,14.62773522734642
99_sik,2021-10-20,50,12.690420247614384
99_sik,2021-10-20,65,11.974822238087654
99_sik,2021-10-20,80,10.84392835199833
99_sik,2021-10-21,5,17.09021271765232
99_sik,2021-10-21,10,17.09021271765232
99_sik,2021-10-21,15,17.09021271765232
99_sik,2021-10-21,20,17.090945161879063
99_sik,2021-10-21,30,17.173711359500885
99_sik,2021-10-21,40,15.536698512732984
99_sik,2021-10-21,50,13.162114329636095
99_sik,2021-10-21,65,11.942594692111015
99_sik,2021-10-21,80,10.926694549620152
99_sik,2021-10-22,5,16.86535234004259
99_sik,2021-10-22,10,16.86535234004259
99_sik,2021-10-22,15,16.867549672722816
99_sik,2021-10-22,20,16.869747005403042
99_sik,2021-10-22,30,16.941526539623737
99_sik,2021-10-22,40,15.332346573472025
99_sik,2021-10-22,50,13.005371265113354
99_sik,2021-10-22,65,11.93600269407034
99_sik,2021-10-22,80,11.026306964457037
99_sik,2021-10-23,5,16.612659081816673
99_sik,2021-10-23,10,16.612659081816673
99_sik,2021-10-23,15,16.612659081816673
99_sik,2021-10-23,20,16.613391526043415
99_sik,2021-10-23,30,16.731315046548843
99_sik,2021-10-23,40,14.927304916083813
99_sik,2021-10-23,50,12.771721556782722
99_sik,2021-10-23,65,11.96896268427372
99_sik,2021-10-23,80,11.08563494682312
99_sik,2021-10-24,5,16.448591575026512
99_sik,2021-10-24,10,16.448591575026512
99_sik,2021-10-24,15,16.449324019253254
99_sik,2021-10-24,20,16.449324019253254
99_sik,2021-10-24,30,16.530625328421593
99_sik,2021-10-24,40,14.96246223896742
99_sik,2021-10-24,50,12.854487754404545
99_sik,2021-10-24,65,12.000457786023617
99_sik,2021-10-24,80,11.152287371456625
99_sik,2021-10-25,5,16.35776849091053
99_sik,2021-10-25,10,16.354838714003563
99_sik,2021-10-25,15,16.354838714003563
99_sik,2021-10-25,20,16.355571158230305
99_sik,2021-10-25,30,16.39439070224762
99_sik,2021-10-25,40,14.593310348689556
99_sik,2021-10-25,50,12.678701139986517
99_sik,2021-10-25,65,12.012176893651484
99_sik,2021-10-25,80,11.213812686502934
99_sik,2021-10-26,5,16.281594291329384
99_sik,2021-10-26,10,16.27939695864916
99_sik,2021-10-26,15,16.277932070195675
99_sik,2021-10-26,20,16.2801294028759
99_sik,2021-10-26,30,16.297708064317703
99_sik,2021-10-26,40,14.248329117894173
99_sik,2021-10-26,50,12.52122563123703
99_sik,2021-10-26,65,12.00997956097126
99_sik,2021-10-26,80,11.233588680624962
99_sik,2021-10-27,5,16.228858307003975
99_sik,2021-10-27,10,16.22739341855049
99_sik,2021-10-27,15,16.22739341855049
99_sik,2021-10-27,20,16.2310556396842
99_sik,2021-10-27,30,16.25888852030039
99_sik,2021-10-27,40,14.192663356661797
99_sik,2021-10-27,50,12.510238967835903
99_sik,2021-10-27,65,11.990936011075974
99_sik,2021-10-27,80,11.235786013305187
99_sik,2021-10-28,5,16.139500111341476
99_sik,2021-10-28,10,16.139500111341476
99_sik,2021-10-28,15,16.139500111341476
99_sik,2021-10-28,20,16.14096499979496
99_sik,2021-10-28,30,16.2222663089633
99_sik,2021-10-28,40,14.321573540568352
99_sik,2021-10-28,50,12.576891392469406
99_sik,2021-10-28,65,11.99752800911665
99_sik,2021-10-28,80,11.248237565159798
99_sik,2021-10-29,5,15.997405931353567
99_sik,2021-10-29,10,15.997405931353567
99_sik,2021-10-29,15,15.997405931353567
99_sik,2021-10-29,20,15.997405931353567
99_sik,2021-10-29,30,16.00180059671402
99_sik,2021-10-29,40,14.629932560026646
99_sik,2021-10-29,50,12.752678006887436
99_sik,2021-10-29,65,12.119846194982529
99_sik,2021-10-29,80,11.30243843793869
99_sik,2021-10-30,5,15.916837066411972
99_sik,2021-10-30,10,15.914639733731748
99_sik,2021-10-30,15,15.91170995682478
99_sik,2021-10-30,20,15.910977512598038
99_sik,2021-10-30,30,15.936613060534
99_sik,2021-10-30,40,14.870174266397951
99_sik,2021-10-30,50,12.95483261346817
99_sik,2021-10-30,65,12.281716369092464
99_sik,2021-10-30,80,11.358104199171066
99_sik,2021-10-31,5,15.864101082086565
99_sik,2021-10-31,10,15.86263619363308
99_sik,2021-10-31,15,15.861903749406338
99_sik,2021-10-31,20,15.861903749406338
99_sik,2021-10-31,30,15.91976684331894
99_sik,2021-10-31,40,14.568407244980335
99_sik,2021-10-31,50,12.793694883584976
99_sik,2021-10-31,65,12.228247940540314
99_sik,2021-10-31,80,11.341257981956003
99_sik,2021-11-01,5,15.815027318894863
99_sik,2021-11-01,10,15.81356243044138
99_sik,2021-11-01,15,15.812097541987896
99_sik,2021-11-01,20,15.812097541987896
99_sik,2021-11-01,30,15.88680685311556
99_sik,2021-11-01,40,14.18607135862112
99_sik,2021-11-01,50,12.593737609684467
99_sik,2021-11-01,65,12.113986641168594
99_sik,2021-11-01,80,11.349314868450165
99_sik,2021-11-02,5,15.65388958901167
99_sik,2021-11-02,10,15.654622033238413
99_sik,2021-11-02,15,15.655354477465153
99_sik,2021-11-02,20,15.656086921691896
99_sik,2021-11-02,30,15.654622033238413
99_sik,2021-11-02,40,13.337900944054129
99_sik,2021-11-02,50,12.32932524383068
99_sik,2021-11-02,65,12.05026399344206
99_sik,2021-11-02,80,11.278267778456213
99_sik,2021-11-03,5,15.57625050097704
99_sik,2021-11-03,10,15.57625050097704
99_sik,2021-11-03,15,15.57625050097704
99_sik,2021-11-03,20,15.57625050097704
99_sik,2021-11-03,30,15.58870205283165
99_sik,2021-11-03,40,13.570818208158016
99_sik,2021-11-03,50,12.409161664545536
99_sik,2021-11-03,65,11.419629514217377
99_sik,2021-11-03,80,11.186712250113487
99_sik,2021-11-04,5,15.508865632116796
99_sik,2021-11-04,10,15.505935855209827
99_sik,2021-11-04,15,15.50300607830286
99_sik,2021-11-04,20,15.502273634076118
99_sik,2021-11-04,30,15.546220287680626
99_sik,2021-11-04,40,14.298867769539356
99_sik,2021-11-04,50,12.785637997090816
99_sik,2021-11-04,65,10.91790521889925
99_sik,2021-11-04,80,10.990417197346687
99_sik,2021-11-05,5,15.418774992227554
99_sik,2021-11-05,10,15.415845215320587
99_sik,2021-11-05,15,15.413647882640362
99_sik,2021-11-05,20,15.41291543841362
99_sik,2021-11-05,30,15.488357193768024
99_sik,2021-11-05,40,14.872371599078178
99_sik,2021-11-05,50,13.256599634885788
99_sik,2021-11-05,65,10.845393240451813
99_sik,2021-11-05,80,10.855647459626198
99_sik,2021-11-06,5,15.318430133163927
99_sik,2021-11-06,10,15.315500356256962
99_sik,2021-11-06,15,15.314035467803478
99_sik,2021-11-06,20,15.314035467803478
99_sik,2021-11-06,30,15.418042548000813
99_sik,2021-11-06,40,15.137516409158708
99_sik,2021-11-06,50,13.649189740419388
99_sik,2021-11-06,65,10.917172774672508
99_sik,2021-11-06,80,10.824884802103044
99_sik,2021-11-07,5,15.221747495234013
99_sik,2021-11-07,10,15.22101505100727
99_sik,2021-11-07,15,15.220282606780527
99_sik,2021-11-07,20,15.220282606780527
99_sik,2021-11-07,30,15.30597858130932
99_sik,2021-11-07,40,15.164616845548151
99_sik,2021-11-07,50,13.837427906692028
99_sik,2021-11-07,65,11.091494500637054
99_sik,2021-11-07,80,10.81609547138214
99_sik,2021-11-08,5,15.14703818410635
99_sik,2021-11-08,10,15.14703818410635
99_sik,2021-11-08,15,15.146305739879608
99_sik,2021-11-08,20,15.146305739879608
99_sik,2021-11-08,30,15.15070040524006
99_sik,2021-11-08,40,14.9551377967
99_sik,2021-11-08,50,13.689474172890186
99_sik,2021-11-08,65,11.218939796090126
99_sik,2021-11-08,80,10.84832301735878
99_sik,2021-11-09,5,15.043763548135756
99_sik,2021-11-09,10,15.063539542257786
99_sik,2021-11-09,15,15.076723538339138
99_sik,2021-11-09,20,15.079653315246103
99_sik,2021-11-09,30,15.092837311327456
99_sik,2021-11-09,40,14.637989446520804
99_sik,2021-11-09,50,13.385509818792343
99_sik,2021-11-09,65,11.20429091155529
99_sik,2021-11-09,80,10.842463463544846
99_sik,2021-11-10,5,14.91338847577572
99_sik,2021-11-10,10,14.915585808455944
99_sik,2021-11-10,15,14.97125156968832
99_sik,2021-11-10,20,14.988830231130123
99_sik,2021-11-10,30,15.062074653804302
99_sik,2021-11-10,40,14.677541434764862
99_sik,2021-11-10,50,13.452894687652588
99_sik,2021-11-10,65,11.202093578875065
99_sik,2021-11-10,80,10.845393240451813
99_sik,2021-11-11,5,14.826227612793446
99_sik,2021-11-11,10,14.826227612793446
99_sik,2021-11-11,15,14.826227612793446
99_sik,2021-11-11,20,14.826227612793446
99_sik,2021-11-11,30,14.84014405310154
99_sik,2021-11-11,40,14.81157872825861
99_sik,2021-11-11,50,13.697531059384346
99_sik,2021-11-11,65,11.541947700083256
99_sik,2021-11-11,80,10.990417197346687
99_sik,2021-11-12,5,14.654835663735868
99_sik,2021-11-12,10,14.654835663735868
99_sik,2021-11-12,15,14.654835663735868
99_sik,2021-11-12,20,14.654835663735868
99_sik,2021-11-12,30,14.657032996416092
99_sik,2021-11-12,40,14.691457875072956
99_sik,2021-11-12,50,13.64186529815197
99_sik,2021-11-12,65,12.274391926825048
99_sik,2021-11-12,80,11.129581600427628
99_sik,2021-11-13,5,14.481246381998062
99_sik,2021-11-13,10,14.481246381998062
99_sik,2021-11-13,15,14.481246381998062
99_sik,2021-11-13,20,14.481246381998062
99_sik,2021-11-13,30,14.481246381998062
99_sik,2021-11-13,40,14.51713614910841
99_sik,2021-11-13,50,13.970000311732292
99_sik,2021-11-13,65,12.27219459414482
99_sik,2021-11-13,80,10.927426993846892
99_sik,2021-11-14,5,14.397015295922756
99_sik,2021-11-14,10,14.39848018437624
99_sik,2021-11-14,15,14.399945072829723
99_sik,2021-11-14,20,14.399945072829723
99_sik,2021-11-14,30,14.401409961283209
99_sik,2021-11-14,40,14.385296188294888
99_sik,2021-11-14,50,13.859401233494282
99_sik,2021-11-14,65,11.137638486921787
99_sik,2021-11-14,80,10.72161016613245
99_sik,2021-11-15,5,14.248329117894173
99_sik,2021-11-15,10,14.248329117894173
99_sik,2021-11-15,15,14.248329117894173
99_sik,2021-11-15,20,14.248329117894173
99_sik,2021-11-15,30,14.248329117894173
99_sik,2021-11-15,40,14.248329117894173
99_sik,2021-11-15,50,13.93997009843588
99_sik,2021-11-15,65,10.143711671233175
99_sik,2021-11-15,80,10.0880459100008
99_sik,2021-11-16,5,14.032258071005344
99_sik,2021-11-16,10,14.032258071005344
99_sik,2021-11-16,15,14.032258071005344
99_sik,2021-11-16,20,14.032258071005344
99_sik,2021-11-16,30,14.032258071005344
99_sik,2021-11-16,40,14.032258071005344
99_sik,2021-11-16,50,13.967802979052069
99_sik,2021-11-16,65,8.95495469123125
99_sik,2021-11-16,80,9.131473749876022
99_sik,2021-11-17,5,13.870387896895409
99_sik,2021-11-17,10,13.870387896895409
99_sik,2021-11-17,15,13.870387896895409
99_sik,2021-11-17,20,13.870387896895409
99_sik,2021-11-17,30,13.870387896895409
99_sik,2021-11-17,40,13.869655452668669
99_sik,2021-11-17,50,13.8755150064826
99_sik,2021-11-17,65,7.848963908851147
99_sik,2021-11-17,80,8.059907846152782
99_sik,2021-11-18,5,13.775902591645718
99_sik,2021-11-18,10,13.775902591645718
99_sik,2021-11-18,15,13.775170147418976
99_sik,2021-11-18,20,13.775170147418976
99_sik,2021-11-18,30,13.775170147418976
99_sik,2021-11-18,40,13.76491592824459
99_sik,2021-11-18,50,13.658711515367033
99_sik,2021-11-18,65,7.438062697649002
99_sik,2021-11-18,80,7.521561339497566
99_sik,2021-11-19,5,13.672627955675123
99_sik,2021-11-19,10,13.671895511448383
99_sik,2021-11-19,15,13.6704306229949
99_sik,2021-11-19,20,13.6704306229949
99_sik,2021-11-19,30,13.669698178768158
99_sik,2021-11-19,40,13.66676840186119
99_sik,2021-11-19,50,13.46607868373394
99_sik,2021-11-19,65,7.291573852300644
99_sik,2021-11-19,80,7.332590728998184
99_sik,2021-11-20,5,13.49464400857687
99_sik,2021-11-20,10,13.49464400857687
99_sik,2021-11-20,15,13.49464400857687
99_sik,2021-11-20,20,13.49464400857687
99_sik,2021-11-20,30,13.49464400857687
99_sik,2021-11-20,40,13.488052010536194
99_sik,2021-11-20,50,13.145268112421036
99_sik,2021-11-20,65,7.237372979521751
99_sik,2021-11-20,80,7.254951640963554
99_sik,2021-11-21,5,13.390636928379536
99_sik,2021-11-21,10,13.390636928379536
99_sik,2021-11-21,15,13.390636928379536
99_sik,2021-11-21,20,13.390636928379536
99_sik,2021-11-21,30,13.391369372606276
99_sik,2021-11-21,40,13.389172039926052
99_sik,2021-11-21,50,13.02807703614235
99_sik,2021-11-21,65,7.221259206533432
99_sik,2021-11-21,80,7.258613862097263
99_sik,2021-11-22,5,13.279305405914783
99_sik,2021-11-22,10,13.280770294368269
99_sik,2021-11-22,15,13.28223518282175
99_sik,2021-11-22,20,13.282967627048492
99_sik,2021-11-22,30,13.287362292408943
99_sik,2021-11-22,40,13.234626308083534
99_sik,2021-11-22,50,12.553453177213669
99_sik,2021-11-22,65,7.278389856219292
99_sik,2021-11-22,80,7.246894754469395
99_sik,2021-11-23,5,13.020752593874931
99_sik,2021-11-23,10,13.020752593874931
99_sik,2021-11-23,15,13.020752593874931
99_sik,2021-11-23,20,13.020752593874931
99_sik,2021-11-23,30,13.021485038101671
99_sik,2021-11-23,40,13.148197889328005
99_sik,2021-11-23,50,12.54979095607996
99_sik,2021-11-23,65,7.418286703526974
99_sik,2021-11-23,80,7.297433406114578
99_sik,2021-11-24,5,12.751945562660694
99_sik,2021-11-24,10,12.751945562660694
99_sik,2021-11-24,15,12.751945562660694
99_sik,2021-11-24,20,12.751945562660694
99_sik,2021-11-24,30,12.751945562660694
99_sik,2021-11-24,40,12.821527764201164
99_sik,2021-11-24,50,12.688222914934158
99_sik,2021-11-24,65,7.554521329700947
99_sik,2021-11-24,80,7.377269826829433
99_sik,2021-11-25,5,12.563707396388054
99_sik,2021-11-25,10,12.563707396388054
99_sik,2021-11-25,15,12.563707396388054
99_sik,2021-11-25,20,12.563707396388054
99_sik,2021-11-25,30,12.563707396388054
99_sik,2021-11-25,40,12.564439840614796
99_sik,2021-11-25,50,12.641346484422684
99_sik,2021-11-25,65,7.567705325782299
99_sik,2021-11-25,80,7.462233357131481
99_sik,2021-11-26,5,12.374736785888672
99_sik,2021-11-26,10,12.374736785888672
99_sik,2021-11-26,15,12.374736785888672
99_sik,2021-11-26,20,12.374736785888672
99_sik,2021-11-26,30,12.374736785888672
99_sik,2021-11-26,40,12.374736785888672
99_sik,2021-11-26,50,12.478743866086006
99_sik,2021-11-26,65,7.610919535160065
99_sik,2021-11-26,80,7.544999554753303
99_sik,2021-11-27,5,12.23044527322054
99_sik,2021-11-27,10,12.23117771744728
99_sik,2021-11-27,15,12.23117771744728
99_sik,2021-11-27,20,12.23117771744728
99_sik,2021-11-27,30,12.23117771744728
99_sik,2021-11-27,40,12.23117771744728
99_sik,2021-11-27,50,12.118381306529043
99_sik,2021-11-27,65,7.714926615357399
99_sik,2021-11-27,80,7.640217304229736
99_sik,2021-11-28,5,12.118381306529043
99_sik,2021-11-28,10,12.118381306529043
99_sik,2021-11-28,15,12.118381306529043
99_sik,2021-11-28,20,12.118381306529043
99_sik,2021-11-28,30,12.118381306529043
99_sik,2021-11-28,40,12.118381306529043
99_sik,2021-11-28,50,11.983611568808556
99_sik,2021-11-28,65,7.855555906891823
99_sik,2021-11-28,80,7.733237721025944
99_sik,2021-11-29,5,12.044404439628124
99_sik,2021-11-29,10,12.044404439628124
99_sik,2021-11-29,15,12.044404439628124
99_sik,2021-11-29,20,12.044404439628124
99_sik,2021-11-29,30,12.044404439628124
99_sik,2021-11-29,40,12.045136883854866
99_sik,2021-11-29,50,11.890591152012348
99_sik,2021-11-29,65,7.928800329566002
99_sik,2021-11-29,80,7.81746880710125
99_sik,2021-11-30,5,12.006317339837551
99_sik,2021-11-30,10,12.004852451384068
99_sik,2021-11-30,15,12.003387562930584
99_sik,2021-11-30,20,12.002655118703842
99_sik,2021-11-30,30,12.0019226744771
99_sik,2021-11-30,40,11.971160016953943
99_sik,2021-11-30,50,11.586626797914503
99_sik,2021-11-30,65,7.925138108432293
99_sik,2021-11-30,80,7.869472347199917
99_sik,2021-12-01,5,11.867885380983353
99_sik,2021-12-01,10,11.869350269436836
99_sik,2021-12-01,15,11.871547602117062
99_sik,2021-12-01,20,11.872280046343803
99_sik,2021-12-01,30,11.87520982325077
99_sik,2021-12-01,40,11.86715293675661
99_sik,2021-12-01,50,11.62984100729227
99_sik,2021-12-01,65,8.056978069245815
99_sik,2021-12-01,80,7.912686556577682
99_sik,2021-12-02,5,11.635700561106203
99_sik,2021-12-02,10,11.635700561106203
99_sik,2021-12-02,15,11.635700561106203
99_sik,2021-12-02,20,11.635700561106203
99_sik,2021-12-02,30,11.635700561106203
99_sik,2021-12-02,40,11.634968116879463
99_sik,2021-12-02,50,11.575640134513378
99_sik,2021-12-02,65,8.171971812844276
99_sik,2021-12-02,80,8.024018079042435
99_sik,2021-12-03,5,11.555131696164608
99_sik,2021-12-03,10,11.555131696164608
99_sik,2021-12-03,15,11.555131696164608
99_sik,2021-12-03,20,11.555131696164608
99_sik,2021-12-03,30,11.55586414039135
99_sik,2021-12-03,40,11.557329028844832
99_sik,2021-12-03,50,11.341990426182749
99_sik,2021-12-03,65,8.461287282407284
99_sik,2021-12-03,80,8.225440241396427
99_sik,2021-12-04,5,11.517044596374037
99_sik,2021-12-04,10,11.517044596374037
99_sik,2021-12-04,15,11.517044596374037
99_sik,2021-12-04,20,11.517044596374037
99_sik,2021-12-04,30,11.517044596374037
99_sik,2021-12-04,40,11.50679037719965
99_sik,2021-12-04,50,11.182317584753036
99_sik,2021-12-04,65,8.978392906486988
99_sik,2021-12-04,80,8.362407311797142
99_sik,2021-12-05,5,11.566118359565737
99_sik,2021-12-05,10,11.566118359565737
99_sik,2021-12-05,15,11.566118359565737
99_sik,2021-12-05,20,11.566118359565737
99_sik,2021-12-05,30,11.566118359565737
99_sik,2021-12-05,40,11.52290415018797
99_sik,2021-12-05,50,11.058534510433674
99_sik,2021-12-05,65,9.168095961213112
99_sik,2021-12-05,80,8.322855323553085
99_sik,2021-12-06,5,11.687704101204872
99_sik,2021-12-06,10,11.687704101204872
99_sik,2021-12-06,15,11.687704101204872
99_sik,2021-12-06,20,11.687704101204872
99_sik,2021-12-06,30,11.68257699161768
99_sik,2021-12-06,40,11.426221512258053
99_sik,2021-12-06,50,10.818292804062366
99_sik,2021-12-06,65,9.014282673597336
99_sik,2021-12-06,80,8.355815313756466
99_sik,2021-12-07,5,11.746299639344215
99_sik,2021-12-07,10,11.746299639344215
99_sik,2021-12-07,15,11.744834750890732
99_sik,2021-12-07,20,11.74410230666399
99_sik,2021-12-07,30,11.69502854347229
99_sik,2021-12-07,40,11.366161085665226
99_sik,2021-12-07,50,10.698904395103456
99_sik,2021-12-07,65,8.977660462260246
99_sik,2021-12-07,80,8.421002849936485
99_sik,2021-12-08,5,11.716269426047802
99_sik,2021-12-08,10,11.716269426047802
99_sik,2021-12-08,15,11.716269426047802
99_sik,2021-12-08,20,11.716269426047802
99_sik,2021-12-08,30,11.684041880071163
99_sik,2021-12-08,40,11.344920203089714
99_sik,2021-12-08,50,10.57805109769106
99_sik,2021-12-08,65,8.956419579684734
99_sik,2021-12-08,80,8.490585051476955
99_sik,2021-12-09,5,11.541947700083256
99_sik,2021-12-09,10,11.541947700083256
99_sik,2021-12-09,15,11.541215255856514
99_sik,2021-12-09,20,11.53975036740303
99_sik,2021-12-09,30,11.52729881554842
99_sik,2021-12-09,40,11.19623402506113
99_sik,2021-12-09,50,10.4227729216218
99_sik,2021-12-09,65,8.916867591440678
99_sik,2021-12-09,80,8.517685487866402
99_sik,2021-12-10,5,11.201361134648325
99_sik,2021-12-10,10,11.201361134648325
99_sik,2021-12-10,15,11.201361134648325
99_sik,2021-12-10,20,11.201361134648325
99_sik,2021-12-10,30,11.19989624619484
99_sik,2021-12-10,40,10.983825199306011
99_sik,2021-12-10,50,10.43082980811596
99_sik,2021-12-10,65,8.832636505365372
99_sik,2021-12-10,80,8.517685487866402
99_sik,2021-12-11,5,11.051210068166256
99_sik,2021-12-11,10,11.051210068166256
99_sik,2021-12-11,15,11.050477623939514
99_sik,2021-12-11,20,11.049745179712772
99_sik,2021-12-11,30,11.048280291259289
99_sik,2021-12-11,40,10.9625843167305
99_sik,2021-12-11,50,10.593432426452637
99_sik,2021-12-11,65,8.785027630627155
99_sik,2021-12-11,80,8.538193926215172
99_sik,2021-12-12,5,10.993346974253654
99_sik,2021-12-12,10,10.994079418480396
99_sik,2021-12-12,15,10.994079418480396
99_sik,2021-12-12,20,10.993346974253654
99_sik,2021-12-12,30,10.991882085800173
99_sik,2021-12-12,40,10.969908758997915
99_sik,2021-12-12,50,10.746513269841673
99_sik,2021-12-12,65,8.812860511243343
99_sik,2021-12-12,80,8.557237476110458
99_sik,2021-12-13,5,10.926694549620152
99_sik,2021-12-13,10,10.926694549620152
99_sik,2021-12-13,15,10.926694549620152
99_sik,2021-12-13,20,10.926694549620152
99_sik,2021-12-13,30,10.927426993846892
99_sik,2021-12-13,40,10.927426993846892
99_sik,2021-12-13,50,10.93035677075386
99_sik,2021-12-13,65,9.01648000627756
99_sik,2021-12-13,80,8.587267689406872
99_sik,2021-12-14,5,10.967711426317692
99_sik,2021-12-14,10,10.967711426317692
99_sik,2021-12-14,15,10.968443870544434
99_sik,2021-12-14,20,10.968443870544434
99_sik,2021-12-14,30,10.967711426317692
99_sik,2021-12-14,40,10.958189651370049
99_sik,2021-12-14,50,10.85271768271923
99_sik,2021-12-14,65,9.196661286056042
99_sik,2021-12-14,80,8.702261433005333
99_sik,2021-12-15,5,10.85271768271923
99_sik,2021-12-15,10,10.85271768271923
99_sik,2021-12-15,15,10.85271768271923
99_sik,2021-12-15,20,10.85271768271923
99_sik,2021-12-15,30,10.851985238492489
99_sik,2021-12-15,40,10.830744355916975
99_sik,2021-12-15,50,10.686452843248844
99_sik,2021-12-15,65,9.54383984953165
99_sik,2021-12-15,80,8.788689851760864
99_sik,2021-12-16,5,10.769951485097408
99_sik,2021-12-16,10,10.769951485097408
99_sik,2021-12-16,15,10.769951485097408
99_sik,2021-12-16,20,10.769951485097408
99_sik,2021-12-16,30,10.768486596643925
99_sik,2021-12-16,40,10.715750612318516
99_sik,2021-12-16,50,10.572191543877125
99_sik,2021-12-16,65,9.672017589211464
99_sik,2021-12-16,80,8.785027630627155
99_sik,2021-12-17,5,10.605151534080504
99_sik,2021-12-17,10,10.605151534080504
99_sik,2021-12-17,15,10.605151534080504
99_sik,2021-12-17,20,10.605151534080504
99_sik,2021-12-17,30,10.605151534080504
99_sik,2021-12-17,40,10.562669768929482
99_sik,2021-12-17,50,10.441816471517086
99_sik,2021-12-17,65,9.5885189473629
99_sik,2021-12-17,80,8.77843563258648
99_sik,2021-12-18,5,10.3246253952384
99_sik,2021-12-18,10,10.3246253952384
99_sik,2021-12-18,15,10.3246253952384
99_sik,2021-12-18,20,10.3246253952384
99_sik,2021-12-18,30,10.3246253952384
99_sik,2021-12-18,40,10.3246253952384
99_sik,2021-12-18,50,10.328287616372108
99_sik,2021-12-18,65,9.504287861287594
99_sik,2021-12-18,80,8.8033387362957
99_sik,2021-12-19,5,10.156163223087788
99_sik,2021-12-19,10,10.156163223087788
99_sik,2021-12-19,15,10.156163223087788
99_sik,2021-12-19,20,10.156163223087788
99_sik,2021-12-19,30,10.156163223087788
99_sik,2021-12-19,40,10.156163223087788
99_sik,2021-12-19,50,10.159825444221497
99_sik,2021-12-19,65,9.485244311392307
99_sik,2021-12-19,80,8.828974284231663
99_sik,2021-12-20,5,10.031647704541683
99_sik,2021-12-20,10,10.031647704541683
99_sik,2021-12-20,15,10.031647704541683
99_sik,2021-12-20,20,10.031647704541683
99_sik,2021-12-20,30,10.032380148768423
99_sik,2021-12-20,40,10.032380148768423
99_sik,2021-12-20,50,10.036042369902134
99_sik,2021-12-20,65,9.4903714209795
99_sik,2021-12-20,80,8.887569822371006
99_sik,2021-12-21,5,9.888088636100292
99_sik,2021-12-21,10,9.888088636100292
99_sik,2021-12-21,15,9.888088636100292
99_sik,2021-12-21,20,9.888088636100292
99_sik,2021-12-21,30,9.88735619187355
99_sik,2021-12-21,40,9.885891303420069
99_sik,2021-12-21,50,9.88735619187355
99_sik,2021-12-21,65,9.48231453448534
99_sik,2021-12-21,80,8.967406243085861
99_sik,2021-12-22,5,9.709372244775295
99_sik,2021-12-22,10,9.709372244775295
99_sik,2021-12-22,15,9.709372244775295
99_sik,2021-12-22,20,9.709372244775295
99_sik,2021-12-22,30,9.709372244775295
99_sik,2021-12-22,40,9.709372244775295
99_sik,2021-12-22,50,9.713034465909004
99_sik,2021-12-22,65,9.626606047153471
99_sik,2021-12-22,80,8.998168900609016
99_sik,2021-12-23,5,9.60097049921751
99_sik,2021-12-23,10,9.60097049921751
99_sik,2021-12-23,15,9.60097049921751
99_sik,2021-12-23,20,9.60097049921751
99_sik,2021-12-23,30,9.601702943444252
99_sik,2021-12-23,40,9.601702943444252
99_sik,2021-12-23,50,9.60463272035122
99_sik,2021-12-23,65,9.60463272035122
99_sik,2021-12-23,80,9.02453689277172
99_sik,2021-12-24,5,9.46180609613657
99_sik,2021-12-24,10,9.46180609613657
99_sik,2021-12-24,15,9.46180609613657
99_sik,2021-12-24,20,9.46180609613657
99_sik,2021-12-24,30,9.46180609613657
99_sik,2021-12-24,40,9.46180609613657
99_sik,2021-12-24,50,9.46546831727028
99_sik,2021-12-24,65,9.46546831727028
99_sik,2021-12-24,80,9.02453689277172
99_sik,2021-12-25,5,9.287484370172024
99_sik,2021-12-25,10,9.287484370172024
99_sik,2021-12-25,15,9.288216814398766
99_sik,2021-12-25,20,9.288216814398766
99_sik,2021-12-25,30,9.288216814398766
99_sik,2021-12-25,40,9.288216814398766
99_sik,2021-12-25,50,9.291146591305733
99_sik,2021-12-25,65,9.291146591305733
99_sik,2021-12-25,80,9.005493342876434
99_sik,2021-12-26,5,9.100711092352867
99_sik,2021-12-26,10,9.100711092352867
99_sik,2021-12-26,15,9.100711092352867
99_sik,2021-12-26,20,9.101443536579607
99_sik,2021-12-26,30,9.101443536579607
99_sik,2021-12-26,40,9.101443536579607
99_sik,2021-12-26,50,9.104373313486576
99_sik,2021-12-26,65,9.104373313486576
99_sik,2021-12-26,80,9.017212450504305
99_sik,2021-12-27,5,8.928586699068546
99_sik,2021-12-27,10,8.928586699068546
99_sik,2021-12-27,15,8.929319143295288
99_sik,2021-12-27,20,8.929319143295288
99_sik,2021-12-27,30,8.929319143295288
99_sik,2021-12-27,40,8.929319143295288
99_sik,2021-12-27,50,8.931516475975513
99_sik,2021-12-27,65,8.931516475975513
99_sik,2021-12-27,80,8.986449792981148
99_sik,2021-12-28,5,8.789422295987606
99_sik,2021-12-28,10,8.789422295987606
99_sik,2021-12-28,15,8.789422295987606
99_sik,2021-12-28,20,8.789422295987606
99_sik,2021-12-28,30,8.789422295987606
99_sik,2021-12-28,40,8.789422295987606
99_sik,2021-12-28,50,8.791619628667831
99_sik,2021-12-28,65,8.791619628667831
99_sik,2021-12-28,80,8.84801783412695
99_sik,2021-12-29,5,8.716910317540169
99_sik,2021-12-29,10,8.716910317540169
99_sik,2021-12-29,15,8.716910317540169
99_sik,2021-12-29,20,8.716910317540169
99_sik,2021-12-29,30,8.716910317540169
99_sik,2021-12-29,40,8.716910317540169
99_sik,2021-12-29,50,8.71764276176691
99_sik,2021-12-29,65,8.71764276176691
99_sik,2021-12-29,80,8.741080977022648
99_sik,2021-12-30,5,8.560899697244167
99_sik,2021-12-30,10,8.560899697244167
99_sik,2021-12-30,15,8.560899697244167
99_sik,2021-12-30,20,8.560899697244167
99_sik,2021-12-30,30,8.560899697244167
99_sik,2021-12-30,40,8.560899697244167
99_sik,2021-12-30,50,8.560899697244167
99_sik,2021-12-30,65,8.560899697244167
99_sik,2021-12-30,80,8.576281026005745
99_sik,2021-12-31,5,8.306741550564766
99_sik,2021-12-31,10,8.306741550564766
99_sik,2021-12-31,15,8.306741550564766
99_sik,2021-12-31,20,8.306741550564766
99_sik,2021-12-31,30,8.306741550564766
99_sik,2021-12-31,40,8.306741550564766
99_sik,2021-12-31,50,8.307473994791508
99_sik,2021-12-31,65,8.307473994791508
99_sik,2021-12-31,80,8.368266865611076
99_sik,2022-01-01,5,8.139011822640896
99_sik,2022-01-01,10,8.139011822640896
99_sik,2022-01-01,15,8.139011822640896
99_sik,2022-01-01,20,8.139011822640896
99_sik,2022-01-01,30,8.139011822640896
99_sik,2022-01-01,40,8.139011822640896
99_sik,2022-01-01,50,8.14047671109438
99_sik,2022-01-01,65,8.14047671109438
99_sik,2022-01-01,80,8.208594024181366
99_sik,2022-01-02,5,8.054048292338848
99_sik,2022-01-02,10,8.056245625019073
99_sik,2022-01-02,15,8.056978069245815
99_sik,2022-01-02,20,8.056978069245815
99_sik,2022-01-02,30,8.056978069245815
99_sik,2022-01-02,40,8.055513180792332
99_sik,2022-01-02,50,8.056245625019073
99_sik,2022-01-02,65,8.05478073656559
99_sik,2022-01-02,80,8.114108718931675
99_sik,2022-01-03,5,7.955900765955448
99_sik,2022-01-03,10,7.955900765955448
99_sik,2022-01-03,15,7.955900765955448
99_sik,2022-01-03,20,7.955900765955448
99_sik,2022-01-03,30,7.955900765955448
99_sik,2022-01-03,40,7.955900765955448
99_sik,2022-01-03,50,7.959562987089157
99_sik,2022-01-03,65,7.959562987089157
99_sik,2022-01-03,80,7.994720309972763
99_sik,2022-01-04,5,7.861415460705757
99_sik,2022-01-04,10,7.861415460705757
99_sik,2022-01-04,15,7.861415460705757
99_sik,2022-01-04,20,7.861415460705757
99_sik,2022-01-04,30,7.861415460705757
99_sik,2022-01-04,40,7.861415460705757
99_sik,2022-01-04,50,7.865810126066208
99_sik,2022-01-04,65,7.865810126066208
99_sik,2022-01-04,80,7.882656343281269
99_sik,2022-01-05,5,7.735435053706169
99_sik,2022-01-05,10,7.735435053706169
99_sik,2022-01-05,15,7.735435053706169
99_sik,2022-01-05,20,7.735435053706169
99_sik,2022-01-05,30,7.735435053706169
99_sik,2022-01-05,40,7.734702609479427
99_sik,2022-01-05,50,7.727378167212009
99_sik,2022-01-05,65,7.714194171130657
99_sik,2022-01-05,80,7.756675936281681
99_sik,2022-01-06,5,7.616046644747257
99_sik,2022-01-06,10,7.616046644747257
99_sik,2022-01-06,15,7.616046644747257
99_sik,2022-01-06,20,7.615314200520515
99_sik,2022-01-06,30,7.60505998134613
99_sik,2022-01-06,40,7.59260842949152
99_sik,2022-01-06,50,7.569170214235783
99_sik,2022-01-06,65,7.545731998980045
99_sik,2022-01-06,80,7.6468093022704124
99_sik,2022-01-07,5,7.525223560631275
99_sik,2022-01-07,10,7.525223560631275
99_sik,2022-01-07,15,7.525223560631275
99_sik,2022-01-07,20,7.525956004858017
99_sik,2022-01-07,30,7.5171666741371155
99_sik,2022-01-07,40,7.512772008776665
99_sik,2022-01-07,50,7.492263570427895
99_sik,2022-01-07,65,7.446119584143162
99_sik,2022-01-07,80,7.526688449084759
99_sik,2022-01-08,5,7.499588012695312
99_sik,2022-01-08,10,7.501785345375538
99_sik,2022-01-08,15,7.50251778960228
99_sik,2022-01-08,20,7.50251778960228
99_sik,2022-01-08,30,7.470290243625641
99_sik,2022-01-08,40,7.438795141875744
99_sik,2022-01-08,50,7.435132920742035
99_sik,2022-01-08,65,7.322336509823799
99_sik,2022-01-08,80,7.367015607655048
99_sik,2022-01-09,5,7.575029768049717
99_sik,2022-01-09,10,7.575029768049717
99_sik,2022-01-09,15,7.575029768049717
99_sik,2022-01-09,20,7.575029768049717
99_sik,2022-01-09,30,7.427076034247875
99_sik,2022-01-09,40,7.34723961353302
99_sik,2022-01-09,50,7.315012067556381
99_sik,2022-01-09,65,7.157536558806896
99_sik,2022-01-09,80,7.238837867975235
99_sik,2022-01-10,5,7.681234180927277
99_sik,2022-01-10,10,7.681234180927277
99_sik,2022-01-10,15,7.681234180927277
99_sik,2022-01-10,20,7.680501736700535
99_sik,2022-01-10,30,7.518631562590599
99_sik,2022-01-10,40,7.293771184980869
99_sik,2022-01-10,50,7.222724094986916
99_sik,2022-01-10,65,7.000061050057411
99_sik,2022-01-10,80,7.145817451179028
99_sik,2022-01-11,5,7.520828895270824
99_sik,2022-01-11,10,7.532548002898693
99_sik,2022-01-11,15,7.542802222073078
99_sik,2022-01-11,20,7.545731998980045
99_sik,2022-01-11,30,7.492263570427895
99_sik,2022-01-11,40,7.215399652719498
99_sik,2022-01-11,50,7.169255666434765
99_sik,2022-01-11,65,6.895321525633335
99_sik,2022-01-11,80,7.027893930673599
99_sik,2022-01-12,5,7.161198779940605
99_sik,2022-01-12,10,7.161198779940605
99_sik,2022-01-12,15,7.161198779940605
99_sik,2022-01-12,20,7.161198779940605
99_sik,2022-01-12,30,7.166325889527798
99_sik,2022-01-12,40,7.045472592115402
99_sik,2022-01-12,50,6.948057509958744
99_sik,2022-01-12,65,6.790582001209259
99_sik,2022-01-12,80,6.837458431720734
99_sik,2022-01-13,5,6.52909941226244
99_sik,2022-01-13,10,6.52909941226244
99_sik,2022-01-13,15,6.5298318564891815
99_sik,2022-01-13,20,6.532029189169407
99_sik,2022-01-13,30,6.671193592250347
99_sik,2022-01-13,40,6.835261099040508
99_sik,2022-01-13,50,6.912167742848396
99_sik,2022-01-13,65,6.734183795750141
99_sik,2022-01-13,80,6.773735783994198
99_sik,2022-01-14,5,6.308633700013161
99_sik,2022-01-14,10,6.308633700013161
99_sik,2022-01-14,15,6.313760809600353
99_sik,2022-01-14,20,6.318887919187546
99_sik,2022-01-14,30,6.608203388750553
99_sik,2022-01-14,40,6.671193592250347
99_sik,2022-01-14,50,6.818414881825447
99_sik,2022-01-14,65,6.707083359360695
99_sik,2022-01-14,80,6.756889566779137
99_sik,2022-01-15,5,6.510788306593895
99_sik,2022-01-15,10,6.511520750820637
99_sik,2022-01-15,15,6.556199848651886
99_sik,2022-01-15,20,6.583300285041332
99_sik,2022-01-15,30,6.666066482663155
99_sik,2022-01-15,40,6.659474484622479
99_sik,2022-01-15,50,6.670461148023605
99_sik,2022-01-15,65,6.668996259570122
99_sik,2022-01-15,80,6.706350915133953
99_sik,2022-01-16,5,6.659474484622479
99_sik,2022-01-16,10,6.661671817302704
99_sik,2022-01-16,15,6.715140245854855
99_sik,2022-01-16,20,6.711478024721146
99_sik,2022-01-16,30,6.662404261529446
99_sik,2022-01-16,40,6.599414058029652
99_sik,2022-01-16,50,6.600146502256393
99_sik,2022-01-16,65,6.600146502256393
99_sik,2022-01-16,80,6.640430934727192
99_sik,2022-01-17,5,6.473433651030064
99_sik,2022-01-17,10,6.473433651030064
99_sik,2022-01-17,15,6.4807580932974815
99_sik,2022-01-17,20,6.5195776373147964
99_sik,2022-01-17,30,6.599414058029652
99_sik,2022-01-17,40,6.564989179372788
99_sik,2022-01-17,50,6.548875406384468
99_sik,2022-01-17,65,6.472701206803322
99_sik,2022-01-17,80,6.5195776373147964
99_sik,2022-01-18,5,6.189245291054249
99_sik,2022-01-18,10,6.189245291054249
99_sik,2022-01-18,15,6.195104844868183
99_sik,2022-01-18,20,6.209021285176277
99_sik,2022-01-18,30,6.369426570832729
99_sik,2022-01-18,40,6.339396357536316
99_sik,2022-01-18,50,6.335001692175865
99_sik,2022-01-18,65,6.286660373210907
99_sik,2022-01-18,80,6.351847909390926
99_sik,2022-01-19,5,5.970244467258453
99_sik,2022-01-19,10,5.9768364652991295
99_sik,2022-01-19,15,5.990020461380482
99_sik,2022-01-19,20,5.995880015194416
99_sik,2022-01-19,30,6.072786659002304
99_sik,2022-01-19,40,6.108676426112652
99_sik,2022-01-19,50,6.114535979926586
99_sik,2022-01-19,65,6.124057754874229
99_sik,2022-01-19,80,6.205359064042568
99_sik,2022-01-20,5,5.683126330375671
99_sik,2022-01-20,10,5.687520995736122
99_sik,2022-01-20,15,5.718283653259277
99_sik,2022-01-20,20,5.728537872433662
99_sik,2022-01-20,30,5.762230306863785
99_sik,2022-01-20,40,5.96072269231081
99_sik,2022-01-20,50,5.987090684473515
99_sik,2022-01-20,65,6.065462216734886
99_sik,2022-01-20,80,6.07937865704298
99_sik,2022-01-21,5,5.22022157907486
99_sik,2022-01-21,10,5.220954023301601
99_sik,2022-01-21,15,5.3220313265919685
99_sik,2022-01-21,20,5.362315759062767
99_sik,2022-01-21,30,5.423108629882336
99_sik,2022-01-21,40,5.792260520160198
99_sik,2022-01-21,50,5.841334283351898
99_sik,2022-01-21,65,6.028840005397797
99_sik,2022-01-21,80,5.9555955827236176
99_sik,2022-01-22,5,4.72948394715786
99_sik,2022-01-22,10,4.763908825814724
99_sik,2022-01-22,15,5.010010085999966
99_sik,2022-01-22,20,5.069338068366051
99_sik,2022-01-22,30,5.187994033098221
99_sik,2022-01-22,40,5.63771478831768
99_sik,2022-01-22,50,5.724143207073212
99_sik,2022-01-22,65,5.944608919322491
99_sik,2022-01-22,80,5.842799171805382
99_sik,2022-01-23,5,4.403546266257763
99_sik,2022-01-23,10,4.603503540158272
99_sik,2022-01-23,15,4.787347041070461
99_sik,2022-01-23,20,4.832026138901711
99_sik,2022-01-23,30,4.936765663325787
99_sik,2022-01-23,40,5.502212606370449
99_sik,2022-01-23,50,5.634052567183971
99_sik,2022-01-23,65,5.894070267677307
99_sik,2022-01-23,80,5.767357416450977
99_sik,2022-01-24,5,3.7963500022888175
99_sik,2022-01-24,10,4.161839671432972
99_sik,2022-01-24,15,4.429914258420467
99_sik,2022-01-24,20,4.505356013774872
99_sik,2022-01-24,30,4.603503540158272
99_sik,2022-01-24,40,5.37183753401041
99_sik,2022-01-24,50,5.51905882358551
99_sik,2022-01-24,65,5.84206672757864
99_sik,2022-01-24,80,5.7029023244977
99_sik,2022-01-25,5,3.267525270581245
99_sik,2022-01-25,10,3.744346462190151
99_sik,2022-01-25,15,4.040253929793835
99_sik,2022-01-25,20,4.136936567723751
99_sik,2022-01-25,30,4.29587696492672
99_sik,2022-01-25,40,5.305185109376907
99_sik,2022-01-25,50,5.484633944928646
99_sik,2022-01-25,65,5.763695195317268
99_sik,2022-01-25,80,5.634052567183971
99_sik,2022-01-26,5,3.1173742040991783
99_sik,2022-01-26,10,3.3305154740810394
99_sik,2022-01-26,15,3.769249565899372
99_sik,2022-01-26,20,3.890835307538509
99_sik,2022-01-26,30,4.161839671432972
99_sik,2022-01-26,40,5.182134479284287
99_sik,2022-01-26,50,5.369640201330185
99_sik,2022-01-26,65,5.729270316660404
99_sik,2022-01-26,80,5.580584138631821
99_sik,2022-01-27,5,2.933530703186989
99_sik,2022-01-27,10,3.0719626620411877
99_sik,2022-01-27,15,3.519486084580421
99_sik,2022-01-27,20,3.672566927969456
99_sik,2022-01-27,30,4.078341029584408
99_sik,2022-01-27,40,5.07300028949976
99_sik,2022-01-27,50,5.323496215045452
99_sik,2022-01-27,65,5.713156543672085
99_sik,2022-01-27,80,5.5461592599749565
99_sik,2022-01-28,5,2.729178763926029
99_sik,2022-01-28,10,2.967955581843853
99_sik,2022-01-28,15,3.43305766582489
99_sik,2022-01-28,20,3.5927305072546005
99_sik,2022-01-28,30,4.073213919997215
99_sik,2022-01-28,40,4.968260765075684
99_sik,2022-01-28,50,5.255378901958466
99_sik,2022-01-28,65,5.639179676771164
99_sik,2022-01-28,80,5.494888164103031
99_sik,2022-01-29,5,2.4376659616827965
99_sik,2022-01-29,10,2.546067707240581
99_sik,2022-01-29,15,3.0390026718378067
99_sik,2022-01-29,20,3.2770470455288887
99_sik,2022-01-29,30,4.085665471851826
99_sik,2022-01-29,40,4.731681279838085
99_sik,2022-01-29,50,5.17554248124361
99_sik,2022-01-29,65,5.612079240381718
99_sik,2022-01-29,80,5.464125506579876
99_sik,2022-01-30,5,2.004791423678398
99_sik,2022-01-30,10,2.067781627178192
99_sik,2022-01-30,15,2.6515396758913994
99_sik,2022-01-30,20,2.99945068359375
99_sik,2022-01-30,30,4.12009035050869
99_sik,2022-01-30,40,4.429914258420467
99_sik,2022-01-30,50,5.042970076203346
99_sik,2022-01-30,65,5.4692526161670685
99_sik,2022-01-30,80,5.418713964521885
99_sik,2022-01-31,5,1.6253853142261503
99_sik,2022-01-31,10,1.922025226056576
99_sik,2022-01-31,15,2.7079378813505173
99_sik,2022-01-31,20,3.07708977162838
99_sik,2022-01-31,30,3.9985046088695526
99_sik,2022-01-31,40,4.3288369551301
99_sik,2022-01-31,50,4.856929242610931
99_sik,2022-01-31,65,5.223883800208569
99_sik,2022-01-31,80,5.350596651434898
99_sik,2022-02-01,5,1.5543382242321968
99_sik,2022-02-01,10,1.938871443271637
99_sik,2022-02-01,15,2.720389433205128
99_sik,2022-02-01,20,3.060243554413318
99_sik,2022-02-01,30,3.838831767439842
99_sik,2022-02-01,40,4.268044084310532
99_sik,2022-02-01,50,4.684804849326611
99_sik,2022-02-01,65,4.974120318889618
99_sik,2022-02-01,80,5.260506011545658
99_sik,2022-02-02,5,1.403454713523388
99_sik,2022-02-02,10,1.746238611638546
99_sik,2022-02-02,15,2.530686378479004
99_sik,2022-02-02,20,2.867610722780228
99_sik,2022-02-02,30,3.721640691161156
99_sik,2022-02-02,40,4.180150777101517
99_sik,2022-02-02,50,4.500228904187679
99_sik,2022-02-02,65,4.809320367872715
99_sik,2022-02-02,80,5.169682927429676
99_sik,2022-02-03,5,1.1449019014835358
99_sik,2022-02-03,10,1.3346049562096596
99_sik,2022-02-03,15,2.172521151602268
99_sik,2022-02-03,20,2.538010820746422
99_sik,2022-02-03,30,3.581011399626732
99_sik,2022-02-03,40,4.085665471851826
99_sik,2022-02-03,50,4.329569399356842
99_sik,2022-02-03,65,4.745597720146179
99_sik,2022-02-03,80,5.1228064969182014
99_sik,2022-02-04,5,0.9229713007807732
99_sik,2022-02-04,10,1.0841090306639671
99_sik,2022-02-04,15,1.8553728014230728
99_sik,2022-02-04,20,2.299234002828598
99_sik,2022-02-04,30,3.346629247069359
99_sik,2022-02-04,40,3.93990907073021
99_sik,2022-02-04,50,4.182348109781742
99_sik,2022-02-04,65,4.685537293553352
99_sik,2022-02-04,80,5.098635837435722
99_sik,2022-02-05,5,0.7947935611009598
99_sik,2022-02-05,10,0.9874263927340508
99_sik,2022-02-05,15,1.69057285040617
99_sik,2022-02-05,20,2.078035846352577
99_sik,2022-02-05,30,3.157658636569977
99_sik,2022-02-05,40,3.779503785073757
99_sik,2022-02-05,50,4.047578372061253
99_sik,2022-02-05,65,4.586657322943211
99_sik,2022-02-05,80,5.080324731767178
99_sik,2022-02-06,5,0.6358531638979912
99_sik,2022-02-06,10,0.6893215924501419
99_sik,2022-02-06,15,1.4107791557908058
99_sik,2022-02-06,20,1.8612323552370071
99_sik,2022-02-06,30,3.016296900808811
99_sik,2022-02-06,40,3.638142049312592
99_sik,2022-02-06,50,3.902554415166378
99_sik,2022-02-06,65,4.511948011815548
99_sik,2022-02-06,80,5.03637807816267
99_sik,2022-02-07,5,0.5201269760727882
99_sik,2022-02-07,10,0.5794549584388733
99_sik,2022-02-07,15,1.2027649953961372
99_sik,2022-02-07,20,1.606341764330864
99_sik,2022-02-07,30,2.8405102863907814
99_sik,2022-02-07,40,3.517288751900196
99_sik,2022-02-07,50,3.76412245631218
99_sik,2022-02-07,65,4.4269844815135
99_sik,2022-02-07,80,4.996826089918613
99_sik,2022-02-08,5,0.5040132030844688
99_sik,2022-02-08,10,0.5406354144215584
99_sik,2022-02-08,15,1.0679952576756475
99_sik,2022-02-08,20,1.4049196019768715
99_sik,2022-02-08,30,2.555589482188225
99_sik,2022-02-08,40,3.345896802842617
99_sik,2022-02-08,50,3.616168722510338
99_sik,2022-02-08,65,4.303933851420879
99_sik,2022-02-08,80,4.982909649610519
99_sik,2022-02-09,5,0.506942979991436
99_sik,2022-02-09,10,0.5450300797820091
99_sik,2022-02-09,15,0.9486068487167358
99_sik,2022-02-09,20,1.266487643122673
99_sik,2022-02-09,30,2.286782450973988
99_sik,2022-02-09,40,3.132023088634014
99_sik,2022-02-09,50,3.4425794407725334
99_sik,2022-02-09,65,4.196264550089836
99_sik,2022-02-09,80,4.9667958766222
99_sik,2022-02-10,5,0.601428285241127
99_sik,2022-02-10,10,0.6805322617292404
99_sik,2022-02-10,15,0.9962157234549522
99_sik,2022-02-10,20,1.1727347820997238
99_sik,2022-02-10,30,2.0882900655269623
99_sik,2022-02-10,40,2.9489120319485664
99_sik,2022-02-10,50,3.275582157075405
99_sik,2022-02-10,65,4.138401456177235
99_sik,2022-02-10,80,4.929441221058369
99_sik,2022-02-11,5,0.709830030798912
99_sik,2022-02-11,10,0.8138371109962463
99_sik,2022-02-11,15,1.1112094670534134
99_sik,2022-02-11,20,1.2203436568379402
99_sik,2022-02-11,30,1.970366545021534
99_sik,2022-02-11,40,2.894711159169674
99_sik,2022-02-11,50,3.143742196261883
99_sik,2022-02-11,65,4.156712561845779
99_sik,2022-02-11,80,4.872310571372509
99_sik,2022-02-12,5,0.874629981815815
99_sik,2022-02-12,10,0.9456770718097688
99_sik,2022-02-12,15,1.2100894376635551
99_sik,2022-02-12,20,1.308236964046955
99_sik,2022-02-12,30,1.945463441312313
99_sik,2022-02-12,40,2.843440063297749
99_sik,2022-02-12,50,3.0177617892622948
99_sik,2022-02-12,65,4.215308099985123
99_sik,2022-02-12,80,4.81151770055294
99_sik,2022-02-13,5,0.951536625623703
99_sik,2022-02-13,10,0.9522690698504448
99_sik,2022-02-13,15,1.0870388075709343
99_sik,2022-02-13,20,1.2166814357042313
99_sik,2022-02-13,30,1.8912625685334208
99_sik,2022-02-13,40,2.688161887228489
99_sik,2022-02-13,50,2.8302560672163963
99_sik,2022-02-13,65,4.17722100019455
99_sik,2022-02-13,80,4.72948394715786
99_sik,2022-02-14,5,0.9581286236643792
99_sik,2022-02-14,10,0.9727775081992148
99_sik,2022-02-14,15,1.0592059269547462
99_sik,2022-02-14,20,1.1925107762217522
99_sik,2022-02-14,30,1.848048359155655
99_sik,2022-02-14,40,2.601001024246216
99_sik,2022-02-14,50,2.7357707619667053
99_sik,2022-02-14,65,4.066621921956539
99_sik,2022-02-14,80,4.607165761291981
99_sik,2022-02-15,5,1.2474440932273865
99_sik,2022-02-15,10,1.2540360912680626
99_sik,2022-02-15,15,1.2826014161109924
99_sik,2022-02-15,20,1.312631629407406
99_sik,2022-02-15,30,1.6737266331911087
99_sik,2022-02-15,40,2.5468001514673237
99_sik,2022-02-15,50,2.760673865675926
99_sik,2022-02-15,65,4.162572115659714
99_sik,2022-02-15,80,4.509018234908581
99_sik,2022-02-16,5,1.553605780005455
99_sik,2022-02-16,10,1.5580004453659058
99_sik,2022-02-16,15,1.564592443406582
99_sik,2022-02-16,20,1.5689871087670326
99_sik,2022-02-16,30,1.6041444316506386
99_sik,2022-02-16,40,2.2025513648986816
99_sik,2022-02-16,50,2.592944137752056
99_sik,2022-02-16,65,4.434308923780918
99_sik,2022-02-16,80,4.520004898309708
99_sik,2022-02-17,5,1.4085818231105804
99_sik,2022-02-17,10,1.410046711564064
99_sik,2022-02-17,15,1.4305551499128342
99_sik,2022-02-17,20,1.4400769248604774
99_sik,2022-02-17,30,1.5206457898020744
99_sik,2022-02-17,40,1.8993194550275805
99_sik,2022-02-17,50,1.942533664405346
99_sik,2022-02-17,65,4.479720465838909
99_sik,2022-02-17,80,4.509750679135323
99_sik,2022-02-18,5,1.1295205727219582
99_sik,2022-02-18,10,1.1243934631347656
99_sik,2022-02-18,15,1.2122867703437803
99_sik,2022-02-18,20,1.244514316320419
99_sik,2022-02-18,30,1.4305551499128342
99_sik,2022-02-18,40,1.95645010471344
99_sik,2022-02-18,50,2.0077212005853653
99_sik,2022-02-18,65,4.3522751703858376
99_sik,2022-02-18,80,4.435773812234402
99_sik,2022-02-19,5,1.0665303692221642
99_sik,2022-02-19,10,1.0628681480884552
99_sik,2022-02-19,15,1.115604132413864
99_sik,2022-02-19,20,1.1522263437509537
99_sik,2022-02-19,30,1.2686849758028984
99_sik,2022-02-19,40,1.9996643140912056
99_sik,2022-02-19,50,2.176915816962719
99_sik,2022-02-19,65,4.109836131334305
99_sik,2022-02-19,80,4.340556062757969
99_sik,2022-02-20,5,0.9244361892342569
99_sik,2022-02-20,10,0.9259010776877404
99_sik,2022-02-20,15,0.940549962222576
99_sik,2022-02-20,20,0.9559312909841536
99_sik,2022-02-20,30,1.1141392439603806
99_sik,2022-02-20,40,1.882473237812519
99_sik,2022-02-20,50,2.184240259230137
99_sik,2022-02-20,65,3.9186681881546974
99_sik,2022-02-20,80,4.23874631524086
99_sik,2022-02-21,5,0.6182745024561882
99_sik,2022-02-21,10,0.61900694668293
99_sik,2022-02-21,15,0.6204718351364136
99_sik,2022-02-21,20,0.6212042793631554
99_sik,2022-02-21,30,0.6710104867815971
99_sik,2022-02-21,40,1.0789819210767746
99_sik,2022-02-21,50,1.6122013181447985
99_sik,2022-02-21,65,3.2924283742904663
99_sik,2022-02-21,80,4.158909894526005
99_sik,2022-02-22,5,0.5567491874098778
99_sik,2022-02-22,10,0.5567491874098778
99_sik,2022-02-22,15,0.5567491874098778
99_sik,2022-02-22,20,0.5574816316366196
99_sik,2022-02-22,30,0.5677358508110046
99_sik,2022-02-22,40,0.6732078194618225
99_sik,2022-02-22,50,0.8489944338798523
99_sik,2022-02-22,65,2.856624059379101
99_sik,2022-02-22,80,4.074678808450699
99_sik,2022-02-23,5,0.5648060739040375
99_sik,2022-02-23,10,0.5640736296772957
99_sik,2022-02-23,15,0.5640736296772957
99_sik,2022-02-23,20,0.5633411854505539
99_sik,2022-02-23,30,0.5633411854505539
99_sik,2022-02-23,40,0.5648060739040375
99_sik,2022-02-23,50,0.5545518547296524
99_sik,2022-02-23,65,2.6449476778507237
99_sik,2022-02-23,80,3.898892194032669
99_sik,2022-02-24,5,0.5186620876193047
99_sik,2022-02-24,10,0.5186620876193047
99_sik,2022-02-24,15,0.5179296433925629
99_sik,2022-02-24,20,0.5179296433925629
99_sik,2022-02-24,30,0.5171971991658211
99_sik,2022-02-24,40,0.524521641433239
99_sik,2022-02-24,50,0.573595404624939
99_sik,2022-02-24,65,2.529953934252262
99_sik,2022-02-24,80,3.7809686735272408
99_sik,2022-02-25,5,0.4527421072125435
99_sik,2022-02-25,10,0.4512772187590599
99_sik,2022-02-25,15,0.4498123303055763
99_sik,2022-02-25,20,0.4490798860788345
99_sik,2022-02-25,30,0.4446852207183838
99_sik,2022-02-25,40,0.4600665494799614
99_sik,2022-02-25,50,0.583849623799324
99_sik,2022-02-25,65,2.447920180857181
99_sik,2022-02-25,80,3.696005143225193
99_sik,2022-02-26,5,0.4827723205089569
99_sik,2022-02-26,10,0.4703207686543464
99_sik,2022-02-26,15,0.4417554438114166
99_sik,2022-02-26,20,0.4315012246370315
99_sik,2022-02-26,30,0.4065981209278106
99_sik,2022-02-26,40,0.430036336183548
99_sik,2022-02-26,50,0.5867794007062912
99_sik,2022-02-26,65,2.491866834461689
99_sik,2022-02-26,80,3.6703695952892303
99_sik,2022-02-27,5,0.4329661130905151
99_sik,2022-02-27,10,0.4256416708230972
99_sik,2022-02-27,15,0.4175847843289375
99_sik,2022-02-27,20,0.4139225631952286
99_sik,2022-02-27,30,0.4036683440208435
99_sik,2022-02-27,40,0.4395581111311912
99_sik,2022-02-27,50,0.6146122813224792
99_sik,2022-02-27,65,2.622241906821728
99_sik,2022-02-27,80,3.7194433584809294
99_sik,2022-02-28,5,0.394879013299942
99_sik,2022-02-28,10,0.3934141248464584
99_sik,2022-02-28,15,0.391216792166233
99_sik,2022-02-28,20,0.3897519037127495
99_sik,2022-02-28,30,0.3904843479394912
99_sik,2022-02-28,40,0.426374115049839
99_sik,2022-02-28,50,0.5457625240087509
99_sik,2022-02-28,65,2.6581316739320755
99_sik,2022-02-28,80,3.7780388966202736
99_sik,2022-03-01,5,0.3751030191779136
99_sik,2022-03-01,10,0.3831599056720733
99_sik,2022-03-01,15,0.3816950172185898
99_sik,2022-03-01,20,0.380962572991848
99_sik,2022-03-01,30,0.391216792166233
99_sik,2022-03-01,40,0.4285714477300644
99_sik,2022-03-01,50,0.5413678586483002
99_sik,2022-03-01,65,2.705740548670292
99_sik,2022-03-01,80,3.775841563940048
99_sik,2022-03-02,5,0.4131901189684868
99_sik,2022-03-02,10,0.4051332324743271
99_sik,2022-03-02,15,0.4109927862882614
99_sik,2022-03-02,20,0.4095278978347778
99_sik,2022-03-02,30,0.4109927862882614
99_sik,2022-03-02,40,0.4285714477300644
99_sik,2022-03-02,50,0.5648060739040375
99_sik,2022-03-02,65,2.8046205192804337
99_sik,2022-03-02,80,3.786095783114433
99_sik,2022-03-03,5,0.3985412344336509
99_sik,2022-03-03,10,0.3963439017534256
99_sik,2022-03-03,15,0.4161198958754539
99_sik,2022-03-03,20,0.4205145612359047
99_sik,2022-03-03,30,0.4168523401021957
99_sik,2022-03-03,40,0.4190496727824211
99_sik,2022-03-03,50,0.6402478292584419
99_sik,2022-03-03,65,2.967223137617111
99_sik,2022-03-03,80,3.860072650015354
99_sik,2022-03-04,5,0.426374115049839
99_sik,2022-03-04,10,0.4102603420615196
99_sik,2022-03-04,15,0.4109927862882614
99_sik,2022-03-04,20,0.4197821170091629
99_sik,2022-03-04,30,0.4109927862882614
99_sik,2022-03-04,40,0.4007385671138763
99_sik,2022-03-04,50,0.6666158214211464
99_sik,2022-03-04,65,3.0778222158551216
99_sik,2022-03-04,80,3.948698401451111
99_sik,2022-03-05,5,0.4249092265963554
99_sik,2022-03-05,10,0.42271189391613
99_sik,2022-03-05,15,0.4197821170091629
99_sik,2022-03-05,20,0.4168523401021957
99_sik,2022-03-05,30,0.3765679076313972
99_sik,2022-03-05,40,0.4000061228871345
99_sik,2022-03-05,50,0.7786797881126404
99_sik,2022-03-05,65,3.266792826354504
99_sik,2022-03-05,80,4.054902814328671
99_sik,2022-03-06,5,0.4336985573172569
99_sik,2022-03-06,10,0.4190496727824211
99_sik,2022-03-06,15,0.4036683440208435
99_sik,2022-03-06,20,0.3985412344336509
99_sik,2022-03-06,30,0.359721690416336
99_sik,2022-03-06,40,0.3985412344336509
99_sik,2022-03-06,50,0.8651082068681717
99_sik,2022-03-06,65,3.496047869324684
99_sik,2022-03-06,80,4.173558779060841
99_sik,2022-03-07,5,0.4424878880381584
99_sik,2022-03-07,10,0.4336985573172569
99_sik,2022-03-07,15,0.4139225631952286
99_sik,2022-03-07,20,0.4051332324743271
99_sik,2022-03-07,30,0.3538621366024017
99_sik,2022-03-07,40,0.349467471241951
99_sik,2022-03-07,50,0.8101748898625374
99_sik,2022-03-07,65,3.604449614882469
99_sik,2022-03-07,80,4.254860088229179
99_sik,2022-03-08,5,0.4908292070031166
99_sik,2022-03-08,10,0.4666585475206375
99_sik,2022-03-08,15,0.4424878880381584
99_sik,2022-03-08,20,0.4307687804102897
99_sik,2022-03-08,30,0.3428754732012748
99_sik,2022-03-08,40,0.2894070446491241
99_sik,2022-03-08,50,0.7105624750256538
99_sik,2022-03-08,65,3.5048372000455856
99_sik,2022-03-08,80,4.282692968845367
99_sik,2022-03-09,5,0.5377056375145912
99_sik,2022-03-09,10,0.5010834261775017
99_sik,2022-03-09,15,0.4681234359741211
99_sik,2022-03-09,20,0.4512772187590599
99_sik,2022-03-09,30,0.3216345906257629
99_sik,2022-03-09,40,0.2952665984630584
99_sik,2022-03-09,50,0.7786797881126404
99_sik,2022-03-09,65,3.5297403037548065
99_sik,2022-03-09,80,4.312723182141781
99_sik,2022-03-10,5,0.6402478292584419
99_sik,2022-03-10,10,0.5670034065842628
99_sik,2022-03-10,15,0.4981536492705345
99_sik,2022-03-10,20,0.4659261032938957
99_sik,2022-03-10,30,0.3062532618641853
99_sik,2022-03-10,40,0.3238319233059883
99_sik,2022-03-10,50,0.8497268781065941
99_sik,2022-03-10,65,3.742881573736668
99_sik,2022-03-10,80,4.405011154711247
99_sik,2022-03-11,5,0.7757500112056732
99_sik,2022-03-11,10,0.6299936100840569
99_sik,2022-03-11,15,0.5171971991658211
99_sik,2022-03-11,20,0.4732505455613136
99_sik,2022-03-11,30,0.2945341542363167
99_sik,2022-03-11,40,0.3348185867071152
99_sik,2022-03-11,50,0.8951384201645851
99_sik,2022-03-11,65,3.967741951346397
99_sik,2022-03-11,80,4.511948011815548
99_sik,2022-03-12,5,0.8299508839845657
99_sik,2022-03-12,10,0.7874691188335419
99_sik,2022-03-12,15,0.6299936100840569
99_sik,2022-03-12,20,0.5567491874098778
99_sik,2022-03-12,30,0.2908719331026077
99_sik,2022-03-12,40,0.3011261522769928
99_sik,2022-03-12,50,0.8804895356297493
99_sik,2022-03-12,65,4.071749031543732
99_sik,2022-03-12,80,4.577867992222309
99_sik,2022-03-13,5,0.9368877410888672
99_sik,2022-03-13,10,0.8673055395483971
99_sik,2022-03-13,15,0.6973784789443016
99_sik,2022-03-13,20,0.5948362872004509
99_sik,2022-03-13,30,0.2762230485677719
99_sik,2022-03-13,40,0.2916043773293495
99_sik,2022-03-13,50,0.9215064123272896
99_sik,2022-03-13,65,4.096652135252953
99_sik,2022-03-13,80,4.614490203559399
99_sik,2022-03-14,5,1.018189050257206
99_sik,2022-03-14,10,0.9537339583039284
99_sik,2022-03-14,15,0.776482455432415
99_sik,2022-03-14,20,0.6592913791537285
99_sik,2022-03-14,30,0.2710959389805794
99_sik,2022-03-14,40,0.3370159193873405
99_sik,2022-03-14,50,1.0211188271641731
99_sik,2022-03-14,65,4.122287683188915
99_sik,2022-03-14,80,4.649647526443005
99_sik,2022-03-15,5,0.7332682460546494
99_sik,2022-03-15,10,0.7369304671883583
99_sik,2022-03-15,15,0.7120273634791374
99_sik,2022-03-15,20,0.695913590490818
99_sik,2022-03-15,30,0.5406354144215584
99_sik,2022-03-15,40,0.731070913374424
99_sik,2022-03-15,50,1.423963151872158
99_sik,2022-03-15,65,4.426252037286758
99_sik,2022-03-15,80,4.705313287675381
99_sik,2022-03-16,5,0.8416699916124344
99_sik,2022-03-16,10,0.8028504475951195
99_sik,2022-03-16,15,0.7676931247115135
99_sik,2022-03-16,20,0.7427900210022926
99_sik,2022-03-16,30,0.5772576257586479
99_sik,2022-03-16,40,0.7545091286301613
99_sik,2022-03-16,50,1.4371471479535105
99_sik,2022-03-16,65,4.669423520565033
99_sik,2022-03-16,80,4.707510620355606
99_sik,2022-03-17,5,1.0174566060304642
99_sik,2022-03-17,10,0.937620185315609
99_sik,2022-03-17,15,0.8174993321299553
99_sik,2022-03-17,20,0.772820234298706
99_sik,2022-03-17,30,0.5494247451424599
99_sik,2022-03-17,40,0.7230140268802643
99_sik,2022-03-17,50,1.319223627448082
99_sik,2022-03-17,65,4.673818185925484
99_sik,2022-03-17,80,4.716299951076508
99_sik,2022-03-18,5,1.0606708154082298
99_sik,2022-03-18,10,1.0020752772688866
99_sik,2022-03-18,15,0.8577837646007538
99_sik,2022-03-18,20,0.7962584495544434
99_sik,2022-03-18,30,0.5289163067936897
99_sik,2022-03-18,40,0.6585589349269867
99_sik,2022-03-18,50,1.1280556842684746
99_sik,2022-03-18,65,4.462874248623848
99_sik,2022-03-18,80,4.708243064582348
99_sik,2022-03-19,5,1.1134067997336388
99_sik,2022-03-19,10,1.0621357038617134
99_sik,2022-03-19,15,0.9346904084086418
99_sik,2022-03-19,20,0.853389099240303
99_sik,2022-03-19,30,0.5362407490611076
99_sik,2022-03-19,40,0.5992309525609016
99_sik,2022-03-19,50,0.9852290600538254
99_sik,2022-03-19,65,4.242408536374569
99_sik,2022-03-19,80,4.70897550880909
99_sik,2022-03-20,5,1.137577459216118
99_sik,2022-03-20,10,1.1097445785999298
99_sik,2022-03-20,15,0.9588610678911208
99_sik,2022-03-20,20,0.8695028722286224
99_sik,2022-03-20,30,0.5259865298867226
99_sik,2022-03-20,40,0.5757927373051643
99_sik,2022-03-20,50,0.9215064123272896
99_sik,2022-03-20,65,3.9985046088695526
99_sik,2022-03-20,80,4.6921292915940285
99_sik,2022-03-21,5,1.1251259073615074
99_sik,2022-03-21,10,1.1104770228266716
99_sik,2022-03-21,15,1.0416272655129433
99_sik,2022-03-21,20,0.9676503986120224
99_sik,2022-03-21,30,0.5545518547296524
99_sik,2022-03-21,40,0.5362407490611076
99_sik,2022-03-21,50,0.8350779935717583
99_sik,2022-03-21,65,3.700399808585644
99_sik,2022-03-21,80,4.634998641908169
99_sik,2022-03-22,5,1.2100894376635551
99_sik,2022-03-22,10,1.1771294474601746
99_sik,2022-03-22,15,1.1046174690127373
99_sik,2022-03-22,20,1.0313730463385582
99_sik,2022-03-22,30,0.587511844933033
99_sik,2022-03-22,40,0.503280758857727
99_sik,2022-03-22,50,0.7720877900719643
99_sik,2022-03-22,65,3.5055696442723274
99_sik,2022-03-22,80,4.613757759332657
99_sik,2022-03-23,5,1.301644966006279
99_sik,2022-03-23,10,1.2555009797215462
99_sik,2022-03-23,15,1.1727347820997238
99_sik,2022-03-23,20,1.0855739191174507
99_sik,2022-03-23,30,0.6080202832818031
99_sik,2022-03-23,40,0.506942979991436
99_sik,2022-03-23,50,0.807977557182312
99_sik,2022-03-23,65,3.4938505366444588
99_sik,2022-03-23,80,4.608630649745464
99_sik,2022-03-24,5,1.5265053436160088
99_sik,2022-03-24,10,1.392468050122261
99_sik,2022-03-24,15,1.2613605335354805
99_sik,2022-03-24,20,1.1632130071520803
99_sik,2022-03-24,30,0.654164269566536
99_sik,2022-03-24,40,0.5164647549390793
99_sik,2022-03-24,50,0.8966033086180687
99_sik,2022-03-24,65,3.5605029612779617
99_sik,2022-03-24,80,4.592516876757145
99_sik,2022-03-25,5,1.7506332769989967
99_sik,2022-03-25,10,1.51478623598814
99_sik,2022-03-25,15,1.3287454023957253
99_sik,2022-03-25,20,1.2159489914774897
99_sik,2022-03-25,30,0.6797998175024986
99_sik,2022-03-25,40,0.5479598566889763
99_sik,2022-03-25,50,1.0372326001524923
99_sik,2022-03-25,65,3.607379391789436
99_sik,2022-03-25,80,4.5661488845944405
99_sik,2022-03-26,5,1.974028766155243
99_sik,2022-03-26,10,1.610003985464573
99_sik,2022-03-26,15,1.333140067756176
99_sik,2022-03-26,20,1.2013001069426537
99_sik,2022-03-26,30,0.6431776061654091
99_sik,2022-03-26,40,0.6490371599793434
99_sik,2022-03-26,50,1.19983521848917
99_sik,2022-03-26,65,3.596392728388309
99_sik,2022-03-26,80,4.555162221193314
99_sik,2022-03-27,5,2.1542100459337234
99_sik,2022-03-27,10,1.894192345440388
99_sik,2022-03-27,15,1.4408093690872192
99_sik,2022-03-27,20,1.2899258583784103
99_sik,2022-03-27,30,0.6790673732757568
99_sik,2022-03-27,40,0.6417127177119255
99_sik,2022-03-27,50,1.1551561206579208
99_sik,2022-03-27,65,3.538529634475708
99_sik,2022-03-27,80,4.552964888513088
99_sik,2022-03-28,5,2.1600695997476578
99_sik,2022-03-28,10,2.067781627178192
99_sik,2022-03-28,15,1.6524857506155968
99_sik,2022-03-28,20,1.4737693592905998
99_sik,2022-03-28,30,0.7969908937811852
99_sik,2022-03-28,40,0.5963011756539345
99_sik,2022-03-28,50,1.0855739191174507
99_sik,2022-03-28,65,3.4953154250979424
99_sik,2022-03-28,80,4.533921338617802
99_sik,2022-03-29,5,2.2897122278809547
99_sik,2022-03-29,10,2.158604711294174
99_sik,2022-03-29,15,1.787987932562828
99_sik,2022-03-29,20,1.6070742085576055
99_sik,2022-03-29,30,0.9046601951122284
99_sik,2022-03-29,40,0.6592913791537285
99_sik,2022-03-29,50,1.273812085390091
99_sik,2022-03-29,65,3.5150914192199707
99_sik,2022-03-29,80,4.503891125321388
99_sik,2022-03-30,5,2.530686378479004
99_sik,2022-03-30,10,2.257484681904316
99_sik,2022-03-30,15,1.848048359155655
99_sik,2022-03-30,20,1.6576128602027893
99_sik,2022-03-30,30,0.9749748408794404
99_sik,2022-03-30,40,0.811639778316021
99_sik,2022-03-30,50,1.6143986508250237
99_sik,2022-03-30,65,3.500442534685135
99_sik,2022-03-30,80,4.5170751214027405
99_sik,2022-03-31,5,2.743827648460865
99_sik,2022-03-31,10,2.400311306118965
99_sik,2022-03-31,15,1.9103061184287071
99_sik,2022-03-31,20,1.7081515118479729
99_sik,2022-03-31,30,1.0416272655129433
99_sik,2022-03-31,40,0.9859615042805672
99_sik,2022-03-31,50,1.8949247896671293
99_sik,2022-03-31,65,3.496780313551426
99_sik,2022-03-31,80,4.5661488845944405
99_sik,2022-04-01,5,2.59440902620554
99_sik,2022-04-01,10,2.509445495903492
99_sik,2022-04-01,15,2.117587834596634
99_sik,2022-04-01,20,1.9103061184287071
99_sik,2022-04-01,30,1.1807916685938835
99_sik,2022-04-01,40,1.0994903594255447
99_sik,2022-04-01,50,2.039948746562004
99_sik,2022-04-01,65,3.5575731843709946
99_sik,2022-04-01,80,4.620349757373333
99_sik,2022-04-02,5,2.628833904862404
99_sik,2022-04-02,10,2.5504623726010323
99_sik,2022-04-02,15,2.2406384646892548
99_sik,2022-04-02,20,2.0560625195503235
99_sik,2022-04-02,30,1.3060396313667295
99_sik,2022-04-02,40,1.2547685354948044
99_sik,2022-04-02,50,2.187902480363846
99_sik,2022-04-02,65,3.682821147143841
99_sik,2022-04-02,80,4.647450193762779
99_sik,2022-04-03,5,2.8221991807222366
99_sik,2022-04-03,10,2.664723671972752
99_sik,2022-04-03,15,2.324137106537819
99_sik,2022-04-03,20,2.1256447210907936
99_sik,2022-04-03,30,1.3668325021862984
99_sik,2022-04-03,40,1.3661000579595566
99_sik,2022-04-03,50,2.247230462729931
99_sik,2022-04-03,65,3.764854900538922
99_sik,2022-04-03,80,4.615955092012882
99_sik,2022-04-04,5,2.988464020192623
99_sik,2022-04-04,10,2.79070407897234
99_sik,2022-04-04,15,2.376140646636486
99_sik,2022-04-04,20,2.1439558267593384
99_sik,2022-04-04,30,1.3697622790932655
99_sik,2022-04-04,40,1.4371471479535105
99_sik,2022-04-04,50,2.261146903038025
99_sik,2022-04-04,65,3.7326273545622826
99_sik,2022-04-04,80,4.563951551914215
99_sik,2022-04-05,5,3.216986618936062
99_sik,2022-04-05,10,2.886654272675514
99_sik,2022-04-05,15,2.391521975398064
99_sik,2022-04-05,20,2.138828717172146
99_sik,2022-04-05,30,1.3807489424943924
99_sik,2022-04-05,40,1.5089266821742058
99_sik,2022-04-05,50,2.298501558601856
99_sik,2022-04-05,65,3.7296975776553154
99_sik,2022-04-05,80,4.550767555832863
99_sik,2022-04-06,5,3.5648976266384125
99_sik,2022-04-06,10,2.989196464419365
99_sik,2022-04-06,15,2.4237495213747025
99_sik,2022-04-06,20,2.1651967093348503
99_sik,2022-04-06,30,1.4261604845523834
99_sik,2022-04-06,40,1.5836359933018684
99_sik,2022-04-06,50,2.3351237699389458
99_sik,2022-04-06,65,3.7465437948703766
99_sik,2022-04-06,80,4.564683996140957
99_sik,2022-04-07,5,3.739219352602959
99_sik,2022-04-07,10,3.2250435054302216
99_sik,2022-04-07,15,2.529953934252262
99_sik,2022-04-07,20,2.2596820145845413
99_sik,2022-04-07,30,1.5309000089764595
99_sik,2022-04-07,40,1.7169408425688744
99_sik,2022-04-07,50,2.422284632921219
99_sik,2022-04-07,65,3.7743766754865646
99_sik,2022-04-07,80,4.587389767169952
99_sik,2022-04-08,5,3.9384441822767258
99_sik,2022-04-08,10,3.53926207870245
99_sik,2022-04-08,15,2.713797435164452
99_sik,2022-04-08,20,2.422284632921219
99_sik,2022-04-08,30,1.665669746696949
99_sik,2022-04-08,40,1.8429212495684624
99_sik,2022-04-08,50,2.49626149982214
99_sik,2022-04-08,65,3.804406888782978
99_sik,2022-04-08,80,4.609363093972206
99_sik,2022-04-09,5,4.213110767304897
99_sik,2022-04-09,10,3.6901455894112583
99_sik,2022-04-09,15,2.80315563082695
99_sik,2022-04-09,20,2.5035859420895576
99_sik,2022-04-09,30,1.7689443826675415
99_sik,2022-04-09,40,2.009186089038849
99_sik,2022-04-09,50,2.6302987933158875
99_sik,2022-04-09,65,3.8439588770270343
99_sik,2022-04-09,80,4.628406643867493
99_sik,2022-04-10,5,4.445295587182045
99_sik,2022-04-10,10,3.849818430840969
99_sik,2022-04-10,15,2.88079471886158
99_sik,2022-04-10,20,2.5636463686823845
99_sik,2022-04-10,30,1.8495132476091385
99_sik,2022-04-10,40,2.135166496038437
99_sik,2022-04-10,50,2.722586765885353
99_sik,2022-04-10,65,3.873989090323448
99_sik,2022-04-10,80,4.644520416855812
99_sik,2022-04-11,5,4.68041018396616
99_sik,2022-04-11,10,3.983855724334717
99_sik,2022-04-11,15,2.984801799058914
99_sik,2022-04-11,20,2.650074787437916
99_sik,2022-04-11,30,1.9403363317251203
99_sik,2022-04-11,40,2.24283579736948
99_sik,2022-04-11,50,2.7943663001060486
99_sik,2022-04-11,65,3.914273522794247
99_sik,2022-04-11,80,4.667958632111549
99_sik,2022-04-12,5,4.880367457866669
99_sik,2022-04-12,10,4.123020127415657
99_sik,2022-04-12,15,3.104190208017826
99_sik,2022-04-12,20,2.75408186763525
99_sik,2022-04-12,30,2.041413635015488
99_sik,2022-04-12,40,2.3614917621016502
99_sik,2022-04-12,50,2.8785973861813545
99_sik,2022-04-12,65,3.953825511038304
99_sik,2022-04-12,80,4.695791512727737
99_sik,2022-04-13,5,5.2729575634002686
99_sik,2022-04-13,10,4.323709845542908
99_sik,2022-04-13,15,3.266792826354504
99_sik,2022-04-13,20,2.9027680456638336
99_sik,2022-04-13,30,2.146885603666305
99_sik,2022-04-13,40,2.449385069310665
99_sik,2022-04-13,50,2.932065814733505
99_sik,2022-04-13,65,3.97286906093359
99_sik,2022-04-13,80,4.717032395303249
99_sik,2022-04-14,5,5.389416195452213
99_sik,2022-04-14,10,4.739005722105503
99_sik,2022-04-14,15,3.3759270161390305
99_sik,2022-04-14,20,2.97894224524498
99_sik,2022-04-14,30,2.197424255311489
99_sik,2022-04-14,40,2.5079806074500084
99_sik,2022-04-14,50,2.967955581843853
99_sik,2022-04-14,65,3.9648121744394302
99_sik,2022-04-14,80,4.715567506849766
99_sik,2022-04-15,5,5.2729575634002686
99_sik,2022-04-15,10,5.041505187749863
99_sik,2022-04-15,15,3.451368771493435
99_sik,2022-04-15,20,3.018494233489037
99_sik,2022-04-15,30,2.215735360980034
99_sik,2022-04-15,40,2.5101779401302338
99_sik,2022-04-15,50,2.943052478134632
99_sik,2022-04-15,65,3.940641514956951
99_sik,2022-04-15,80,4.695791512727737
99_sik,2022-04-16,5,5.541032150387764
99_sik,2022-04-16,10,5.061281181871891
99_sik,2022-04-16,15,3.5429242998361588
99_sik,2022-04-16,20,3.0880764350295067
99_sik,2022-04-16,30,2.236976243555546
99_sik,2022-04-16,40,2.477950394153595
99_sik,2022-04-16,50,2.8785973861813545
99_sik,2022-04-16,65,3.909146413207054
99_sik,2022-04-16,80,4.673085741698742
99_sik,2022-04-17,5,5.828882731497288
99_sik,2022-04-17,10,5.327890880405903
99_sik,2022-04-17,15,3.696737587451935
99_sik,2022-04-17,20,3.2147892862558365
99_sik,2022-04-17,30,2.27140112221241
99_sik,2022-04-17,40,2.4383984059095383
99_sik,2022-04-17,50,2.8090151846408844
99_sik,2022-04-17,65,3.893765084445477
99_sik,2022-04-17,80,4.670155964791775
99_sik,2022-04-18,5,6.016388453543186
99_sik,2022-04-18,10,5.41651663184166
99_sik,2022-04-18,15,3.7633900120854378
99_sik,2022-04-18,20,3.2638630494475365
99_sik,2022-04-18,30,2.298501558601856
99_sik,2022-04-18,40,2.453779734671116
99_sik,2022-04-18,50,2.809747628867626
99_sik,2022-04-18,65,3.902554415166378
99_sik,2022-04-18,80,4.676015518605709
99_sik,2022-04-19,5,6.262489713728428
99_sik,2022-04-19,10,5.608417019248009
99_sik,2022-04-19,15,3.908413968980312
99_sik,2022-04-19,20,3.374462127685547
99_sik,2022-04-19,30,2.345377989113331
99_sik,2022-04-19,40,2.484542392194271
99_sik,2022-04-19,50,2.83977784216404
99_sik,2022-04-19,65,3.9289224073290825
99_sik,2022-04-19,80,4.681142628192902
99_sik,2022-04-20,5,6.515915416181088
99_sik,2022-04-20,10,5.709494322538376
99_sik,2022-04-20,15,3.973601505160332
99_sik,2022-04-20,20,3.423535890877247
99_sik,2022-04-20,30,2.3929868638515472
99_sik,2022-04-20,40,2.551927261054516
99_sik,2022-04-20,50,2.925473816692829
99_sik,2022-04-20,65,3.982390835881233
99_sik,2022-04-20,80,4.6921292915940285
99_sik,2022-04-21,5,6.679250478744507
99_sik,2022-04-21,10,5.713156543672085
99_sik,2022-04-21,15,3.966277062892914
99_sik,2022-04-21,20,3.415479004383087
99_sik,2022-04-21,30,2.439863294363022
99_sik,2022-04-21,40,2.6508072316646576
99_sik,2022-04-21,50,3.043397337198257
99_sik,2022-04-21,65,4.048310816287994
99_sik,2022-04-21,80,4.7023835107684135
99_sik,2022-04-22,5,6.967101059854031
99_sik,2022-04-22,10,5.777611635625362
99_sik,2022-04-22,15,4.005096606910229
99_sik,2022-04-22,20,3.451368771493435
99_sik,2022-04-22,30,2.4999237209558487
99_sik,2022-04-22,40,2.742362760007381
99_sik,2022-04-22,50,3.148136861622333
99_sik,2022-04-22,65,4.125217460095882
99_sik,2022-04-22,80,4.716299951076508
99_sik,2022-04-23,5,7.253486752510071
99_sik,2022-04-23,10,6.467574097216129
99_sik,2022-04-23,15,4.268044084310532
99_sik,2022-04-23,20,3.680623814463616
99_sik,2022-04-23,30,2.6259041279554367
99_sik,2022-04-23,40,2.866145834326744
99_sik,2022-04-23,50,3.3092745915055275
99_sik,2022-04-23,65,4.350077837705612
99_sik,2022-04-23,80,4.775627933442593
99_sik,2022-04-24,5,7.376537382602692
99_sik,2022-04-24,10,6.534958966076374
99_sik,2022-04-24,15,4.334696508944035
99_sik,2022-04-24,20,3.759727790951729
99_sik,2022-04-24,30,2.778252527117729
99_sik,2022-04-24,40,3.0961333215236664
99_sik,2022-04-24,50,3.58027895539999
99_sik,2022-04-24,65,4.686269737780094
99_sik,2022-04-24,80,4.873775459825993
99_sik,2022-04-25,5,7.546464443206787
99_sik,2022-04-25,10,6.5510727390646935
99_sik,2022-04-25,15,4.440900921821594
99_sik,2022-04-25,20,3.867397092282772
99_sik,2022-04-25,30,2.9562364742159843
99_sik,2022-04-25,40,3.317331477999687
99_sik,2022-04-25,50,3.832239769399166
99_sik,2022-04-25,65,5.081057175993919
99_sik,2022-04-25,80,4.943357661366463
99_sik,2022-04-26,5,7.626300863921642
99_sik,2022-04-26,10,6.369426570832729
99_sik,2022-04-26,15,4.4269844815135
99_sik,2022-04-26,20,3.89522997289896
99_sik,2022-04-26,30,3.120303981006145
99_sik,2022-04-26,40,3.5443891882896423
99_sik,2022-04-26,50,4.060029923915863
99_sik,2022-04-26,65,5.292733557522297
99_sik,2022-04-26,80,5.034180745482445
99_sik,2022-04-27,5,7.520096451044083
99_sik,2022-04-27,10,7.140690341591835
99_sik,2022-04-27,15,5.647969007492065
99_sik,2022-04-27,20,4.843012802302837
99_sik,2022-04-27,30,3.3861812353134155
99_sik,2022-04-27,40,3.6483962684869766
99_sik,2022-04-27,50,4.161839671432972
99_sik,2022-04-27,65,5.417249076068401
99_sik,2022-04-27,80,5.277352228760719
99_sik,2022-04-28,5,7.394116044044495
99_sik,2022-04-28,10,7.32673117518425
99_sik,2022-04-28,15,6.491012312471867
99_sik,2022-04-28,20,5.5776543617248535
99_sik,2022-04-28,30,3.793420225381851
99_sik,2022-04-28,40,3.9809259474277496
99_sik,2022-04-28,50,4.556627109646797
99_sik,2022-04-28,65,5.628193013370037
99_sik,2022-04-28,80,5.524918377399445
99_sik,2022-04-29,5,7.431470699608326
99_sik,2022-04-29,10,7.379467159509659
99_sik,2022-04-29,15,6.515915416181088
99_sik,2022-04-29,20,5.698507659137249
99_sik,2022-04-29,30,4.114963240921497
99_sik,2022-04-29,40,4.3779107183218
99_sik,2022-04-29,50,5.039307855069637
99_sik,2022-04-29,65,5.736594758927822
99_sik,2022-04-29,80,5.670674778521061
99_sik,2022-04-30,5,7.620441310107708
99_sik,2022-04-30,10,7.506180010735989
99_sik,2022-04-30,15,6.567918956279755
99_sik,2022-04-30,20,5.846461392939091
99_sik,2022-04-30,30,4.350810281932354
99_sik,2022-04-30,40,4.763176381587982
99_sik,2022-04-30,50,5.456801064312458
99_sik,2022-04-30,65,5.776879191398621
99_sik,2022-04-30,80,5.766624972224236
99_sik,2022-05-01,5,7.684163957834244
99_sik,2022-05-01,10,7.512772008776665
99_sik,2022-05-01,15,6.365031905472279
99_sik,2022-05-01,20,5.744651645421982
99_sik,2022-05-01,30,4.464339137077332
99_sik,2022-05-01,40,5.108890056610107
99_sik,2022-05-01,50,5.717551209032536
99_sik,2022-05-01,65,5.815698735415936
99_sik,2022-05-01,80,5.820825845003128
99_sik,2022-05-02,5,7.73177283257246
99_sik,2022-05-02,10,7.565507993102074
99_sik,2022-05-02,15,6.447065658867359
99_sik,2022-05-02,20,5.855250723659992
99_sik,2022-05-02,30,4.513412900269032
99_sik,2022-05-02,40,5.206305138766766
99_sik,2022-05-02,50,5.786400966346264
99_sik,2022-05-02,65,5.856715612113476
99_sik,2022-05-02,80,5.849391169846058
99_sik,2022-05-03,5,7.687826178967953
99_sik,2022-05-03,10,7.57209999114275
99_sik,2022-05-03,15,6.544480741024017
99_sik,2022-05-03,20,5.943876475095749
99_sik,2022-05-03,30,4.615955092012882
99_sik,2022-05-03,40,5.372569978237152
99_sik,2022-05-03,50,5.909451596438885
99_sik,2022-05-03,65,5.902127154171467
99_sik,2022-05-03,80,5.885280936956406
99_sik,2022-05-04,5,7.596270650625229
99_sik,2022-05-04,10,7.52302622795105
99_sik,2022-05-04,15,6.754692234098911
99_sik,2022-05-04,20,6.090365320444107
99_sik,2022-05-04,30,4.8496048003435135
99_sik,2022-05-04,40,5.62526323646307
99_sik,2022-05-04,50,6.090365320444107
99_sik,2022-05-04,65,5.9555955827236176
99_sik,2022-05-04,80,5.935819588601589
99_sik,2022-05-05,5,7.9793389812111855
99_sik,2022-05-05,10,7.60066531598568
99_sik,2022-05-05,15,6.6558122634887695
99_sik,2022-05-05,20,5.980498686432838
99_sik,2022-05-05,30,4.956541657447815
99_sik,2022-05-05,40,5.839136950671673
99_sik,2022-05-05,50,6.157750189304352
99_sik,2022-05-05,65,6.003936901688576
99_sik,2022-05-05,80,5.965117357671261
99_sik,2022-05-06,5,8.178563810884953
99_sik,2022-05-06,10,7.64973907917738
99_sik,2022-05-06,15,6.409711003303528
99_sik,2022-05-06,20,5.750511199235916
99_sik,2022-05-06,30,4.920651890337467
99_sik,2022-05-06,40,5.916776038706303
99_sik,2022-05-06,50,6.167271964251995
99_sik,2022-05-06,65,6.034699559211731
99_sik,2022-05-06,80,5.979766242206097
99_sik,2022-05-07,5,8.285500667989254
99_sik,2022-05-07,10,7.4505142495036125
99_sik,2022-05-07,15,5.946806252002716
99_sik,2022-05-07,20,5.312509551644325
99_sik,2022-05-07,30,4.736808389425278
99_sik,2022-05-07,40,5.859645389020443
99_sik,2022-05-07,50,6.084505766630173
99_sik,2022-05-07,65,6.035432003438473
99_sik,2022-05-07,80,5.984893351793289
99_sik,2022-05-08,5,8.252540677785873
99_sik,2022-05-08,10,7.609454646706581
99_sik,2022-05-08,15,5.845728948712349
99_sik,2022-05-08,20,5.1960509195923805
99_sik,2022-05-08,30,4.570543549954891
99_sik,2022-05-08,40,5.698507659137249
99_sik,2022-05-08,50,5.990020461380482
99_sik,2022-05-08,65,6.031037338078022
99_sik,2022-05-08,80,5.990752905607224
99_sik,2022-05-09,5,8.292825110256672
99_sik,2022-05-09,10,7.927335441112518
99_sik,2022-05-09,15,6.020783118903637
99_sik,2022-05-09,20,5.352061539888382
99_sik,2022-05-09,30,4.647450193762779
99_sik,2022-05-09,40,5.683858774602413
99_sik,2022-05-09,50,6.028840005397797
99_sik,2022-05-09,65,6.0537431091070175
99_sik,2022-05-09,80,6.005401790142059
99_sik,2022-05-10,5,8.585802800953388
99_sik,2022-05-10,10,8.298684664070606
99_sik,2022-05-10,15,6.420697666704655
99_sik,2022-05-10,20,5.737327203154564
99_sik,2022-05-10,30,4.894283898174763
99_sik,2022-05-10,40,5.82155828922987
99_sik,2022-05-10,50,6.184118181467056
99_sik,2022-05-10,65,6.097689762711525
99_sik,2022-05-10,80,6.031037338078022
99_sik,2022-05-11,5,8.990112014114857
99_sik,2022-05-11,10,8.580675691366196
99_sik,2022-05-11,15,6.719534911215305
99_sik,2022-05-11,20,6.026642672717571
99_sik,2022-05-11,30,5.187994033098221
99_sik,2022-05-11,40,6.006866678595543
99_sik,2022-05-11,50,6.282998152077198
99_sik,2022-05-11,65,6.113071091473103
99_sik,2022-05-11,80,6.026642672717571
99_sik,2022-05-12,5,9.295541256666183
99_sik,2022-05-12,10,8.713980540633202
99_sik,2022-05-12,15,6.827204212546349
99_sik,2022-05-12,20,6.097689762711525
99_sik,2022-05-12,30,5.398205526173115
99_sik,2022-05-12,40,5.998809792101383
99_sik,2022-05-12,50,6.194372400641441
99_sik,2022-05-12,65,6.020783118903637
99_sik,2022-05-12,80,5.929960034787655
99_sik,2022-05-13,5,9.452284321188928
99_sik,2022-05-13,10,8.672963663935661
99_sik,2022-05-13,15,6.762016676366329
99_sik,2022-05-13,20,6.023712895810604
99_sik,2022-05-13,30,5.450941510498524
99_sik,2022-05-13,40,5.869167163968086
99_sik,2022-05-13,50,5.992950238287449
99_sik,2022-05-13,65,5.860377833247185
99_sik,2022-05-13,80,5.809106737375259
99_sik,2022-05-14,5,9.496230974793434
99_sik,2022-05-14,10,8.834833838045597
99_sik,2022-05-14,15,6.713675357401371
99_sik,2022-05-14,20,5.980498686432838
99_sik,2022-05-14,30,5.378429532051086
99_sik,2022-05-14,40,5.675069443881512
99_sik,2022-05-14,50,5.758568085730076
99_sik,2022-05-14,65,5.680928997695446
99_sik,2022-05-14,80,5.702169880270958
99_sik,2022-05-15,5,9.462538540363312
99_sik,2022-05-15,10,8.913205370306969
99_sik,2022-05-15,15,6.636036269366741
99_sik,2022-05-15,20,5.959257803857327
99_sik,2022-05-15,30,5.3432722091674805
99_sik,2022-05-15,40,5.504409939050674
99_sik,2022-05-15,50,5.530045486986637
99_sik,2022-05-15,65,5.4575335085392
99_sik,2022-05-15,80,5.600360132753849
99_sik,2022-05-16,5,9.575334951281548
99_sik,2022-05-16,10,8.837031170725822
99_sik,2022-05-16,15,6.612598054111004
99_sik,2022-05-16,20,5.984160907566547
99_sik,2022-05-16,30,5.335215322673321
99_sik,2022-05-16,40,5.3747673109173775
99_sik,2022-05-16,50,5.303720220923424
99_sik,2022-05-16,65,5.2099673599004745
99_sik,2022-05-16,80,5.512466825544834
99_sik,2022-05-17,5,9.751121565699576
99_sik,2022-05-17,10,8.73815120011568
99_sik,2022-05-17,15,6.576708287000656
99_sik,2022-05-17,20,5.971709355711937
99_sik,2022-05-17,30,5.324228659272194
99_sik,2022-05-17,40,5.2766197845339775
99_sik,2022-05-17,50,5.113284721970558
99_sik,2022-05-17,65,5.010742530226708
99_sik,2022-05-17,80,5.437757514417172
99_sik,2022-05-18,5,9.852931313216686
99_sik,2022-05-18,10,8.614368125796318
99_sik,2022-05-18,15,6.573046065866947
99_sik,2022-05-18,20,5.976104021072388
99_sik,2022-05-18,30,5.295663334429264
99_sik,2022-05-18,40,5.193853586912155
99_sik,2022-05-18,50,4.988036759197712
99_sik,2022-05-18,65,4.892086565494537
99_sik,2022-05-18,80,5.37183753401041
99_sik,2022-05-19,5,9.869045086205006
99_sik,2022-05-19,10,8.423932626843452
99_sik,2022-05-19,15,6.45146032422781
99_sik,2022-05-19,20,5.8684347197413445
99_sik,2022-05-19,30,5.246589571237564
99_sik,2022-05-19,40,5.1784722581505775
99_sik,2022-05-19,50,4.978514984250069
99_sik,2022-05-19,65,4.880367457866669
99_sik,2022-05-19,80,5.357921093702316
99_sik,2022-05-20,5,9.90713218599558
99_sik,2022-05-20,10,8.203466914594173
99_sik,2022-05-20,15,6.20609150826931
99_sik,2022-05-20,20,5.64577167481184
99_sik,2022-05-20,30,5.167485594749451
99_sik,2022-05-20,40,5.1784722581505775
99_sik,2022-05-20,50,5.005615420639515
99_sik,2022-05-20,65,4.903073228895664
99_sik,2022-05-20,80,5.360118426382542
99_sik,2022-05-21,5,10.003082379698752
99_sik,2022-05-21,10,7.939786992967129
99_sik,2022-05-21,15,5.880153827369213
99_sik,2022-05-21,20,5.366710424423218
99_sik,2022-05-21,30,5.086184285581112
99_sik,2022-05-21,40,5.169682927429676
99_sik,2022-05-21,50,5.031250968575478
99_sik,2022-05-21,65,4.931638553738594
99_sik,2022-05-21,80,5.364513091742992
99_sik,2022-05-22,5,10.09976501762867
99_sik,2022-05-22,10,7.60505998134613
99_sik,2022-05-22,15,5.491225942969322
99_sik,2022-05-22,20,5.042970076203346
99_sik,2022-05-22,30,4.983642093837261
99_sik,2022-05-22,40,5.14258249104023
99_sik,2022-05-22,50,5.049562074244022
99_sik,2022-05-22,65,4.968993209302425
99_sik,2022-05-22,80,5.368907757103443
99_sik,2022-05-23,5,10.334147170186045
99_sik,2022-05-23,10,7.5171666741371155
99_sik,2022-05-23,15,5.268562898039818
99_sik,2022-05-23,20,4.84008302539587
99_sik,2022-05-23,30,4.873043015599251
99_sik,2022-05-23,40,5.10596027970314
99_sik,2022-05-23,50,5.062746070325375
99_sik,2022-05-23,65,5.010010085999966
99_sik,2022-05-23,80,5.370372645556927
99_sik,2022-05-24,5,10.604419089853764
99_sik,2022-05-24,10,7.623371087014675
99_sik,2022-05-24,15,5.271492674946785
99_sik,2022-05-24,20,4.830561250448227
99_sik,2022-05-24,30,4.825434140861034
99_sik,2022-05-24,40,5.083986952900887
99_sik,2022-05-24,50,5.0700705125927925
99_sik,2022-05-24,65,5.030518524348736
99_sik,2022-05-24,80,5.365977980196476
99_sik,2022-05-25,5,10.693777285516262
99_sik,2022-05-25,10,7.589678652584553
99_sik,2022-05-25,15,5.272225119173527
99_sik,2022-05-25,20,4.858394131064415
99_sik,2022-05-25,30,4.853999465703964
99_sik,2022-05-25,40,5.081789620220661
99_sik,2022-05-25,50,5.0737327337265015
99_sik,2022-05-25,65,5.031983412802219
99_sik,2022-05-25,80,5.358653537929058
99_sik,2022-05-26,5,10.840998575091362
99_sik,2022-05-26,10,7.509109787642956
99_sik,2022-05-26,15,5.289071336388588
99_sik,2022-05-26,20,4.912595003843308
99_sik,2022-05-26,30,4.933103442192078
99_sik,2022-05-26,40,5.102298058569431
99_sik,2022-05-26,50,5.082522064447403
99_sik,2022-05-26,65,5.041505187749863
99_sik,2022-05-26,80,5.35132909566164
99_sik,2022-05-27,5,10.936948768794537
99_sik,2022-05-27,10,7.336252950131893
99_sik,2022-05-27,15,5.327158436179161
99_sik,2022-05-27,20,4.99536120146513
99_sik,2022-05-27,30,5.020264305174351
99_sik,2022-05-27,40,5.12207405269146
99_sik,2022-05-27,50,5.099368281662464
99_sik,2022-05-27,65,5.08545184135437
99_sik,2022-05-27,80,5.354258872568607
99_sik,2022-05-28,5,11.317087322473526
99_sik,2022-05-28,10,7.764000378549099
99_sik,2022-05-28,15,5.552751258015633
99_sik,2022-05-28,20,5.165288262069225
99_sik,2022-05-28,30,5.027588747441769
99_sik,2022-05-28,40,5.121341608464718
99_sik,2022-05-28,50,5.1228064969182014
99_sik,2022-05-28,65,5.132328271865845
99_sik,2022-05-28,80,5.370372645556927
99_sik,2022-05-29,5,11.652546778321266
99_sik,2022-05-29,10,8.905148483812809
99_sik,2022-05-29,15,5.964384913444519
99_sik,2022-05-29,20,5.4575335085392
99_sik,2022-05-29,30,4.95873899012804
99_sik,2022-05-29,40,5.086184285581112
99_sik,2022-05-29,50,5.127201162278652
99_sik,2022-05-29,65,5.119876720011234
99_sik,2022-05-29,80,5.372569978237152
99_sik,2022-05-30,5,11.637165449559689
99_sik,2022-05-30,10,9.16370129585266
99_sik,2022-05-30,15,5.9453413635492325
99_sik,2022-05-30,20,5.44947662204504
99_sik,2022-05-30,30,4.988036759197712
99_sik,2022-05-30,40,5.124271385371685
99_sik,2022-05-30,50,5.162358485162258
99_sik,2022-05-30,65,5.096438504755497
99_sik,2022-05-30,80,5.361583314836025
99_sik,2022-05-31,5,8.977660462260246
99_sik,2022-05-31,10,8.555772587656975
99_sik,2022-05-31,15,5.855983167886734
99_sik,2022-05-31,20,5.375499755144119
99_sik,2022-05-31,30,5.100833170115948
99_sik,2022-05-31,40,5.185064256191254
99_sik,2022-05-31,50,5.1682180389761925
99_sik,2022-05-31,65,5.110354945063591
99_sik,2022-05-31,80,5.3593859821558
99_sik,2022-06-01,5,9.700582914054394
99_sik,2022-06-01,10,8.880245380103588
99_sik,2022-06-01,15,6.408246114850044
99_sik,2022-06-01,20,5.678731665015221
99_sik,2022-06-01,30,5.1228064969182014
99_sik,2022-06-01,40,5.198980696499348
99_sik,2022-06-01,50,5.18359936773777
99_sik,2022-06-01,65,5.143314935266972
99_sik,2022-06-01,80,5.364513091742992
99_sik,2022-06-02,5,10.477706238627434
99_sik,2022-06-02,10,9.472792759537697
99_sik,2022-06-02,15,6.637501157820225
99_sik,2022-06-02,20,5.852320946753025
99_sik,2022-06-02,30,5.149174489080906
99_sik,2022-06-02,40,5.196783363819122
99_sik,2022-06-02,50,5.187994033098221
99_sik,2022-06-02,65,5.165288262069225
99_sik,2022-06-02,80,5.3608508706092834
99_sik,2022-06-03,5,10.862239457666874
99_sik,2022-06-03,10,9.833155319094658
99_sik,2022-06-03,15,7.084292136132717
99_sik,2022-06-03,20,6.181188404560089
99_sik,2022-06-03,30,5.139652714133263
99_sik,2022-06-03,40,5.138920269906521
99_sik,2022-06-03,50,5.168950483202934
99_sik,2022-06-03,65,5.156498931348324
99_sik,2022-06-03,80,5.348399318754673
99_sik,2022-06-04,5,11.136906042695044
99_sik,2022-06-04,10,9.94888150691986
99_sik,2022-06-04,15,7.336252950131893
99_sik,2022-06-04,20,6.409711003303528
99_sik,2022-06-04,30,5.180669590830803
99_sik,2022-06-04,40,5.117679387331009
99_sik,2022-06-04,50,5.179937146604061
99_sik,2022-06-04,65,5.140385158360004
99_sik,2022-06-04,80,5.332285545766354
99_sik,2022-06-05,5,11.38007752597332
99_sik,2022-06-05,10,10.008209489285946
99_sik,2022-06-05,15,7.424146257340908
99_sik,2022-06-05,20,6.482955425977707
99_sik,2022-06-05,30,5.22461624443531
99_sik,2022-06-05,40,5.159428708255291
99_sik,2022-06-05,50,5.2275460213422775
99_sik,2022-06-05,65,5.137455381453037
99_sik,2022-06-05,80,5.312509551644325
99_sik,2022-06-06,5,10.466719575226309
99_sik,2022-06-06,10,10.301919624209404
99_sik,2022-06-06,15,7.358226276934147
99_sik,2022-06-06,20,6.347453244030476
99_sik,2022-06-06,30,5.223151355981827
99_sik,2022-06-06,40,5.2312082424759865
99_sik,2022-06-06,50,5.255378901958466
99_sik,2022-06-06,65,5.136722937226296
99_sik,2022-06-06,80,5.292001113295555
99_sik,2022-06-07,5,10.265297412872314
99_sik,2022-06-07,10,10.105624571442604
99_sik,2022-06-07,15,7.879726566374302
99_sik,2022-06-07,20,6.644093155860901
99_sik,2022-06-07,30,5.259773567318916
99_sik,2022-06-07,40,5.271492674946785
99_sik,2022-06-07,50,5.264900676906109
99_sik,2022-06-07,65,5.133793160319328
99_sik,2022-06-07,80,5.278084672987461
99_sik,2022-06-08,5,10.736991494894028
99_sik,2022-06-08,10,10.461592465639114
99_sik,2022-06-08,15,8.130222491919994
99_sik,2022-06-08,20,6.924619294703007
99_sik,2022-06-08,30,5.274422451853752
99_sik,2022-06-08,40,5.278084672987461
99_sik,2022-06-08,50,5.256843790411949
99_sik,2022-06-08,65,5.132328271865845
99_sik,2022-06-08,80,5.268562898039818
99_sik,2022-06-09,5,11.086367391049862
99_sik,2022-06-09,10,10.739921271800997
99_sik,2022-06-09,15,8.373393975198269
99_sik,2022-06-09,20,7.194158770143986
99_sik,2022-06-09,30,5.279549561440945
99_sik,2022-06-09,40,5.254646457731724
99_sik,2022-06-09,50,5.24073001742363
99_sik,2022-06-09,65,5.138187825679779
99_sik,2022-06-09,80,5.261970899999142
99_sik,2022-06-10,5,11.399853520095348
99_sik,2022-06-10,10,10.851252794265749
99_sik,2022-06-10,15,8.511093489825726
99_sik,2022-06-10,20,7.369212940335274
99_sik,2022-06-10,30,5.297128222882748
99_sik,2022-06-10,40,5.238532684743404
99_sik,2022-06-10,50,5.228278465569019
99_sik,2022-06-10,65,5.143314935266972
99_sik,2022-06-10,80,5.258308678865433
99_sik,2022-06-11,5,11.53975036740303
99_sik,2022-06-11,10,10.858577236533163
99_sik,2022-06-11,15,8.665639221668243
99_sik,2022-06-11,20,7.593340873718262
99_sik,2022-06-11,30,5.357188649475575
99_sik,2022-06-11,40,5.235602907836437
99_sik,2022-06-11,50,5.226081132888794
99_sik,2022-06-11,65,5.143314935266972
99_sik,2022-06-11,80,5.251716680824757
99_sik,2022-06-12,5,11.758751191198826
99_sik,2022-06-12,10,10.944273211061954
99_sik,2022-06-12,15,9.110965311527252
99_sik,2022-06-12,20,8.11996827274561
99_sik,2022-06-12,30,5.543229483067989
99_sik,2022-06-12,40,5.250251792371273
99_sik,2022-06-12,50,5.241462461650372
99_sik,2022-06-12,65,5.13452560454607
99_sik,2022-06-12,80,5.239265128970146
99_sik,2022-06-13,5,11.96530046314001
99_sik,2022-06-13,10,11.062929175794125
99_sik,2022-06-13,15,9.411267444491386
99_sik,2022-06-13,20,8.423932626843452
99_sik,2022-06-13,30,5.700704991817474
99_sik,2022-06-13,40,5.28980378061533
99_sik,2022-06-13,50,5.278817117214203
99_sik,2022-06-13,65,5.115482054650784
99_sik,2022-06-13,80,5.22022157907486
99_sik,2022-06-14,5,12.221655942499638
99_sik,2022-06-14,10,11.209418021142485
99_sik,2022-06-14,15,9.331431023776531
99_sik,2022-06-14,20,8.283303335309029
99_sik,2022-06-14,30,5.650166340172291
99_sik,2022-06-14,40,5.324961103498936
99_sik,2022-06-14,50,5.300790444016457
99_sik,2022-06-14,65,5.097903393208981
99_sik,2022-06-14,80,5.196783363819122
99_sik,2022-06-15,5,12.18137151002884
99_sik,2022-06-15,10,11.27387311309576
99_sik,2022-06-15,15,9.241340383887293
99_sik,2022-06-15,20,8.188085585832596
99_sik,2022-06-15,30,5.628193013370037
99_sik,2022-06-15,40,5.354258872568607
99_sik,2022-06-15,50,5.315439328551292
99_sik,2022-06-15,65,5.100833170115948
99_sik,2022-06-15,80,5.185064256191254
99_sik,2022-06-16,5,12.34104435145855
99_sik,2022-06-16,10,11.300973549485208
99_sik,2022-06-16,15,9.411267444491386
99_sik,2022-06-16,20,8.412213519215584
99_sik,2022-06-16,30,5.736594758927822
99_sik,2022-06-16,40,5.391613528132439
99_sik,2022-06-16,50,5.344737097620964
99_sik,2022-06-16,65,5.1191442757844925
99_sik,2022-06-16,80,5.185796700417996
99_sik,2022-06-17,5,12.543198958039284
99_sik,2022-06-17,10,11.488479271531103
99_sik,2022-06-17,15,9.735007792711258
99_sik,2022-06-17,20,8.769646301865578
99_sik,2022-06-17,30,5.922635592520237
99_sik,2022-06-17,40,5.476577058434486
99_sik,2022-06-17,50,5.437757514417172
99_sik,2022-06-17,65,5.128666050732136
99_sik,2022-06-17,80,5.171880260109901
99_sik,2022-06-18,5,12.72191534936428
99_sik,2022-06-18,10,11.59248635172844
99_sik,2022-06-18,15,9.81337932497263
99_sik,2022-06-18,20,8.84801783412695
99_sik,2022-06-18,30,6.034699559211731
99_sik,2022-06-18,40,5.63332012295723
99_sik,2022-06-18,50,5.6230659037828445
99_sik,2022-06-18,65,5.111087389290333
99_sik,2022-06-18,80,5.159428708255291
99_sik,2022-06-19,5,12.855220198631288
99_sik,2022-06-19,10,11.64595478028059
99_sik,2022-06-19,15,9.831690430641174
99_sik,2022-06-19,20,8.87292093783617
99_sik,2022-06-19,30,6.184850625693798
99_sik,2022-06-19,40,5.910916484892368
99_sik,2022-06-19,50,5.914578706026077
99_sik,2022-06-19,65,5.074465177953243
99_sik,2022-06-19,80,5.168950483202934
99_sik,2022-06-20,5,13.394299149513245
99_sik,2022-06-20,10,11.823206283152103
99_sik,2022-06-20,15,10.024323262274264
99_sik,2022-06-20,20,9.099246203899384
99_sik,2022-06-20,30,6.542283408343792
99_sik,2022-06-20,40,6.343791022896767
99_sik,2022-06-20,50,6.306436367332935
99_sik,2022-06-20,65,5.047364741563797
99_sik,2022-06-20,80,5.169682927429676
99_sik,2022-06-21,5,13.778832368552685
99_sik,2022-06-21,10,11.938932470977306
99_sik,2022-06-21,15,10.073397025465963
99_sik,2022-06-21,20,9.198858618736269
99_sik,2022-06-21,30,7.025696597993374
99_sik,2022-06-21,40,6.836725987493992
99_sik,2022-06-21,50,6.606006056070328
99_sik,2022-06-21,65,5.02392652630806
99_sik,2022-06-21,80,5.182134479284287
99_sik,2022-06-22,5,14.024933628737926
99_sik,2022-06-22,10,11.717734314501286
99_sik,2022-06-22,15,9.770165115594864
99_sik,2022-06-22,20,8.998901344835758
99_sik,2022-06-22,30,7.384594269096851
99_sik,2022-06-22,40,7.108462795615196
99_sik,2022-06-22,50,6.589159838855267
99_sik,2022-06-22,65,5.013672307133675
99_sik,2022-06-22,80,5.208502471446991
99_sik,2022-06-23,5,13.578875094652176
99_sik,2022-06-23,10,11.112002938985825
99_sik,2022-06-23,15,9.323374137282372
99_sik,2022-06-23,20,8.672963663935661
99_sik,2022-06-23,30,7.305490292608738
99_sik,2022-06-23,40,6.972228169441223
99_sik,2022-06-23,50,6.415570557117462
99_sik,2022-06-23,65,5.041505187749863
99_sik,2022-06-23,80,5.218024246394634
99_sik,2022-06-24,5,12.956297501921654
99_sik,2022-06-24,10,10.791924811899662
99_sik,2022-06-24,15,8.902951151132584
99_sik,2022-06-24,20,8.245216235518456
99_sik,2022-06-24,30,6.8484450951218605
99_sik,2022-06-24,40,6.579638063907623
99_sik,2022-06-24,50,6.223670169711113
99_sik,2022-06-24,65,5.08545184135437
99_sik,2022-06-24,80,5.203375361859798
99_sik,2022-06-25,5,13.608172863721848
99_sik,2022-06-25,10,11.357371754944324
99_sik,2022-06-25,15,8.832636505365372
99_sik,2022-06-25,20,8.048921182751656
99_sik,2022-06-25,30,6.496139422059059
99_sik,2022-06-25,40,6.293252371251583
99_sik,2022-06-25,50,6.108676426112652
99_sik,2022-06-25,65,5.131595827639103
99_sik,2022-06-25,80,5.194586031138897
99_sik,2022-06-26,5,14.336222425103188
99_sik,2022-06-26,10,11.569780580699444
99_sik,2022-06-26,15,8.722037427127361
99_sik,2022-06-26,20,7.909756779670715
99_sik,2022-06-26,30,6.428754553198814
99_sik,2022-06-26,40,6.273476377129555
99_sik,2022-06-26,50,6.105746649205685
99_sik,2022-06-26,65,5.132328271865845
99_sik,2022-06-26,80,5.194586031138897
99_sik,2022-06-27,5,14.859187602996826
99_sik,2022-06-27,10,11.882534265518188
99_sik,2022-06-27,15,8.877315603196621
99_sik,2022-06-27,20,8.078218951821327
99_sik,2022-06-27,30,6.664601594209671
99_sik,2022-06-27,40,6.510055862367153
99_sik,2022-06-27,50,6.272011488676071
99_sik,2022-06-27,65,5.100833170115948
99_sik,2022-06-27,80,5.2121646925807
99_sik,2022-06-28,5,15.0042115598917
99_sik,2022-06-28,10,11.94479202479124
99_sik,2022-06-28,15,9.023072004318236
99_sik,2022-06-28,20,8.3126011043787
99_sik,2022-06-28,30,7.05279703438282
99_sik,2022-06-28,40,6.88506730645895
99_sik,2022-06-28,50,6.526169635355473
99_sik,2022-06-28,65,5.129398494958878
99_sik,2022-06-28,80,5.252449125051498
99_sik,2022-06-29,5,15.227607049047949
99_sik,2022-06-29,10,11.959440909326077
99_sik,2022-06-29,15,9.252327047288418
99_sik,2022-06-29,20,8.675160996615887
99_sik,2022-06-29,30,7.618243977427483
99_sik,2022-06-29,40,7.367015607655048
99_sik,2022-06-29,50,6.8521073162555695
99_sik,2022-06-29,65,5.295663334429264
99_sik,2022-06-29,80,5.270760230720043
99_sik,2022-06-30,5,14.818903170526028
99_sik,2022-06-30,10,11.721396535634996
99_sik,2022-06-30,15,9.357799015939236
99_sik,2022-06-30,20,8.92565692216158
99_sik,2022-06-30,30,8.114841163158417
99_sik,2022-06-30,40,7.774987041950226
99_sik,2022-06-30,50,7.12237923592329
99_sik,2022-06-30,65,5.42896818369627
99_sik,2022-06-30,80,5.3103122189641
99_sik,2022-07-01,5,14.506149485707285
99_sik,2022-07-01,10,11.444532617926598
99_sik,2022-07-01,15,9.389294117689133
99_sik,2022-07-01,20,9.035523556172848
99_sik,2022-07-01,30,8.396099746227264
99_sik,2022-07-01,40,7.972746983170509
99_sik,2022-07-01,50,7.207342766225338
99_sik,2022-07-01,65,5.458998396992683
99_sik,2022-07-01,80,5.349864207208157
99_sik,2022-07-02,5,14.6028321236372
99_sik,2022-07-02,10,11.566118359565737
99_sik,2022-07-02,15,9.398815892636776
99_sik,2022-07-02,20,9.02380444854498
99_sik,2022-07-02,30,8.482528164982796
99_sik,2022-07-02,40,8.08774072676897
99_sik,2022-07-02,50,7.348704501986504
99_sik,2022-07-02,65,5.454603731632233
99_sik,2022-07-02,80,5.380626864731312
99_sik,2022-07-03,5,14.965392015874386
99_sik,2022-07-03,10,11.8459120541811
99_sik,2022-07-03,15,9.369518123567104
99_sik,2022-07-03,20,8.933713808655739
99_sik,2022-07-03,30,8.47593616694212
99_sik,2022-07-03,40,8.182958476245403
99_sik,2022-07-03,50,7.512039564549923
99_sik,2022-07-03,65,5.447279289364815
99_sik,2022-07-03,80,5.401867747306824
99_sik,2022-07-04,5,14.857722714543344
99_sik,2022-07-04,10,11.717001870274544
99_sik,2022-07-04,15,9.206183061003683
99_sik,2022-07-04,20,8.769646301865578
99_sik,2022-07-04,30,8.451033063232899
99_sik,2022-07-04,40,8.207129135727882
99_sik,2022-07-04,50,7.536942668259144
99_sik,2022-07-04,65,5.421643741428852
99_sik,2022-07-04,80,5.404797524213791
99_sik,2022-07-05,5,14.534714810550213
99_sik,2022-07-05,10,11.450392171740532
99_sik,2022-07-05,15,9.08093509823084
99_sik,2022-07-05,20,8.669301442801952
99_sik,2022-07-05,30,8.462019726634026
99_sik,2022-07-05,40,8.194677583873272
99_sik,2022-07-05,50,7.476882241666317
99_sik,2022-07-05,65,5.40040285885334
99_sik,2022-07-05,80,5.399670414626598
99_sik,2022-07-06,5,14.314981542527676
99_sik,2022-07-06,10,11.178655363619328
99_sik,2022-07-06,15,8.981322683393955
99_sik,2022-07-06,20,8.573351249098778
99_sik,2022-07-06,30,8.379985973238945
99_sik,2022-07-06,40,8.087008282542229
99_sik,2022-07-06,50,7.358226276934147
99_sik,2022-07-06,65,5.409924633800983
99_sik,2022-07-06,80,5.396740637719631
99_sik,2022-07-07,5,14.342814423143864
99_sik,2022-07-07,10,11.054139845073223
99_sik,2022-07-07,15,8.894894264638424
99_sik,2022-07-07,20,8.441511288285255
99_sik,2022-07-07,30,8.141209155321121
99_sik,2022-07-07,40,7.860683016479015
99_sik,2022-07-07,50,7.192693881690502
99_sik,2022-07-07,65,5.445081956684589
99_sik,2022-07-07,80,5.391613528132439
99_sik,2022-07-08,5,14.465865053236485
99_sik,2022-07-08,10,10.919370107352734
99_sik,2022-07-08,15,8.72130498290062
99_sik,2022-07-08,20,8.211523801088333
99_sik,2022-07-08,30,7.744956828653812
99_sik,2022-07-08,40,7.48640401661396
99_sik,2022-07-08,50,6.940000623464584
99_sik,2022-07-08,65,5.44947662204504
99_sik,2022-07-08,80,5.391613528132439
99_sik,2022-07-09,5,14.9060640335083
99_sik,2022-07-09,10,11.287789553403854
99_sik,2022-07-09,15,8.779168076813221
99_sik,2022-07-09,20,8.16904203593731
99_sik,2022-07-09,30,7.451979137957096
99_sik,2022-07-09,40,7.194891214370728
99_sik,2022-07-09,50,6.756889566779137
99_sik,2022-07-09,65,5.401135303080082
99_sik,2022-07-09,80,5.399670414626598
99_sik,2022-07-10,5,15.14337596297264
99_sik,2022-07-10,10,11.737510308623314
99_sik,2022-07-10,15,9.07287821173668
99_sik,2022-07-10,20,8.372661530971527
99_sik,2022-07-10,30,7.406567595899105
99_sik,2022-07-10,40,7.141422785818577
99_sik,2022-07-10,50,6.755424678325653
99_sik,2022-07-10,65,5.373302422463894
99_sik,2022-07-10,80,5.401135303080082
99_sik,2022-07-11,5,15.315500356256962
99_sik,2022-07-11,10,12.246559046208858
99_sik,2022-07-11,15,9.542374961078169
99_sik,2022-07-11,20,8.771843634545803
99_sik,2022-07-11,30,7.515701785683632
99_sik,2022-07-11,40,7.186834327876568
99_sik,2022-07-11,50,6.814752660691738
99_sik,2022-07-11,65,5.365245535969734
99_sik,2022-07-11,80,5.395275749266148
99_sik,2022-07-12,5,15.544755399227142
99_sik,2022-07-12,10,12.787835329771042
99_sik,2022-07-12,15,10.10782190412283
99_sik,2022-07-12,20,9.284554593265057
99_sik,2022-07-12,30,7.714194171130657
99_sik,2022-07-12,40,7.204412989318371
99_sik,2022-07-12,50,6.803765997290611
99_sik,2022-07-12,65,5.324228659272194
99_sik,2022-07-12,80,5.376964643597603
99_sik,2022-07-13,5,15.926358841359615
99_sik,2022-07-13,10,13.423596918582916
99_sik,2022-07-13,15,10.799981698393822
99_sik,2022-07-13,20,9.950346395373344
99_sik,2022-07-13,30,8.036469630897045
99_sik,2022-07-13,40,7.295968517661095
99_sik,2022-07-13,50,6.857234425842762
99_sik,2022-07-13,65,5.315439328551292
99_sik,2022-07-13,80,5.354258872568607
99_sik,2022-07-14,5,15.918301954865456
99_sik,2022-07-14,10,13.753929264843464
99_sik,2022-07-14,15,11.320017099380491
99_sik,2022-07-14,20,10.518723115324974
99_sik,2022-07-14,30,8.399029523134232
99_sik,2022-07-14,40,7.460768468677998
99_sik,2022-07-14,50,6.986144609749317
99_sik,2022-07-14,65,5.352061539888382
99_sik,2022-07-14,80,5.345469541847706
99_sik,2022-07-15,5,14.783745847642422
99_sik,2022-07-15,10,14.21829890459776
99_sik,2022-07-15,15,11.848841831088066
99_sik,2022-07-15,20,11.01605274528265
99_sik,2022-07-15,30,8.716177873313427
99_sik,2022-07-15,40,7.538407556712627
99_sik,2022-07-15,50,7.017639711499214
99_sik,2022-07-15,65,5.352061539888382
99_sik,2022-07-15,80,5.342539764940739
99_sik,2022-07-16,5,14.792535178363323
99_sik,2022-07-16,10,14.658497884869576
99_sik,2022-07-16,15,12.894039742648602
99_sik,2022-07-16,20,12.02682577818632
99_sik,2022-07-16,30,9.471327871084211
99_sik,2022-07-16,40,7.922940775752068
99_sik,2022-07-16,50,7.309152513742447
99_sik,2022-07-16,65,5.37989442050457
99_sik,2022-07-16,80,5.365977980196476
99_sik,2022-07-17,5,15.236396379768848
99_sik,2022-07-17,10,15.000549338757992
99_sik,2022-07-17,15,13.740745268762112
99_sik,2022-07-17,20,12.870601527392864
99_sik,2022-07-17,30,10.10342723876238
99_sik,2022-07-17,40,8.385113082826138
99_sik,2022-07-17,50,7.683431513607502
99_sik,2022-07-17,65,5.474379725754261
99_sik,2022-07-17,80,5.387218862771988
99_sik,2022-07-18,5,16.203222759068012
99_sik,2022-07-18,10,15.520584739744663
99_sik,2022-07-18,15,14.13260293006897
99_sik,2022-07-18,20,13.217780090868471
99_sik,2022-07-18,30,10.392010264098644
99_sik,2022-07-18,40,8.608508571982384
99_sik,2022-07-18,50,7.816003918647766
99_sik,2022-07-18,65,5.513199269771576
99_sik,2022-07-18,80,5.398205526173115
99_sik,2022-07-19,5,16.7796563655138
99_sik,2022-07-19,10,15.894863739609718
99_sik,2022-07-19,15,14.082064278423786
99_sik,2022-07-19,20,13.239753417670729
99_sik,2022-07-19,30,10.51725822687149
99_sik,2022-07-19,40,8.7051912099123
99_sik,2022-07-19,50,7.876064345240593
99_sik,2022-07-19,65,5.553483702242374
99_sik,2022-07-19,80,5.411389522254467
99_sik,2022-07-20,5,17.075563833117485
99_sik,2022-07-20,10,16.06772057712078
99_sik,2022-07-20,15,14.121616266667845
99_sik,2022-07-20,20,13.267586298286917
99_sik,2022-07-20,30,10.67253640294075
99_sik,2022-07-20,40,8.862666718661785
99_sik,2022-07-20,50,8.019623413681984
99_sik,2022-07-20,65,5.638447232544422
99_sik,2022-07-20,80,5.448744177818298
99_sik,2022-07-21,5,17.24109622836113
99_sik,2022-07-21,10,16.199560537934303
99_sik,2022-07-21,15,14.24320200830698
99_sik,2022-07-21,20,13.385509818792343
99_sik,2022-07-21,30,10.839533686637878
99_sik,2022-07-21,40,9.01208534091711
99_sik,2022-07-21,50,8.163182482123375
99_sik,2022-07-21,65,5.751243643462658
99_sik,2022-07-21,80,5.495620608329773
99_sik,2022-07-22,5,17.41688284277916
99_sik,2022-07-22,10,16.225196085870266
99_sik,2022-07-22,15,14.309854432940485
99_sik,2022-07-22,20,13.482924900949
99_sik,2022-07-22,30,10.910580776631832
99_sik,2022-07-22,40,9.034791111946106
99_sik,2022-07-22,50,8.194677583873272
99_sik,2022-07-22,65,5.949736028909683
99_sik,2022-07-22,80,5.523453488945961
99_sik,2022-07-23,5,17.78090762346983
99_sik,2022-07-23,10,16.392925813794136
99_sik,2022-07-23,15,14.609424121677876
99_sik,2022-07-23,20,13.803003028035164
99_sik,2022-07-23,30,11.143498040735722
99_sik,2022-07-23,40,9.188604399561882
99_sik,2022-07-23,50,8.326517544686794
99_sik,2022-07-23,65,6.114535979926586
99_sik,2022-07-23,80,5.546891704201698
99_sik,2022-07-24,5,17.860011599957943
99_sik,2022-07-24,10,16.494735561311245
99_sik,2022-07-24,15,14.8972747027874
99_sik,2022-07-24,20,14.167027808725834
99_sik,2022-07-24,30,11.41669973731041
99_sik,2022-07-24,40,9.401013225317
99_sik,2022-07-24,50,8.503769047558308
99_sik,2022-07-24,65,6.22659994661808
99_sik,2022-07-24,80,5.573259696364403
99_sik,2022-07-25,5,17.896633811295033
99_sik,2022-07-25,10,16.514511555433273
99_sik,2022-07-25,15,14.984435565769672
99_sik,2022-07-25,20,14.306924656033516
99_sik,2022-07-25,30,11.474562831223013
99_sik,2022-07-25,40,9.42518388479948
99_sik,2022-07-25,50,8.490585051476955
99_sik,2022-07-25,65,6.250770606100559
99_sik,2022-07-25,80,5.594500578939915
99_sik,2022-07-26,5,17.91201514005661
99_sik,2022-07-26,10,16.524033330380917
99_sik,2022-07-26,15,15.123599968850613
99_sik,2022-07-26,20,14.476851716637611
99_sik,2022-07-26,30,11.519974373281002
99_sik,2022-07-26,40,9.476454980671406
99_sik,2022-07-26,50,8.494979716837406
99_sik,2022-07-26,65,6.241248831152916
99_sik,2022-07-26,80,5.606952130794525
99_sik,2022-07-27,5,17.999908447265625
99_sik,2022-07-27,10,16.624378189444542
99_sik,2022-07-27,15,15.379223003983498
99_sik,2022-07-27,20,14.744926303625109
99_sik,2022-07-27,30,11.653279222548008
99_sik,2022-07-27,40,9.608294941484928
99_sik,2022-07-27,50,8.595324575901031
99_sik,2022-07-27,65,6.262489713728428
99_sik,2022-07-27,80,5.621601015329361
99_sik,2022-07-28,5,18.142735071480278
99_sik,2022-07-28,10,16.798699915409088
99_sik,2022-07-28,15,15.664143808186054
99_sik,2022-07-28,20,15.05255287885666
99_sik,2022-07-28,30,11.865688048303127
99_sik,2022-07-28,40,9.825098432600498
99_sik,2022-07-28,50,8.814325399696827
99_sik,2022-07-28,65,6.370159015059471
99_sik,2022-07-28,80,5.652363672852516
99_sik,2022-07-29,5,18.27237769961357
99_sik,2022-07-29,10,16.95031587034464
99_sik,2022-07-29,15,15.8787499666214
99_sik,2022-07-29,20,15.271553702652454
99_sik,2022-07-29,30,12.027558222413065
99_sik,2022-07-29,40,10.003814823925495
99_sik,2022-07-29,50,9.020874671638012
99_sik,2022-07-29,65,6.5298318564891815
99_sik,2022-07-29,80,5.697042770683765
99_sik,2022-07-30,5,18.391766108572483
99_sik,2022-07-30,10,17.088747829198837
99_sik,2022-07-30,15,16.0750450193882
99_sik,2022-07-30,20,15.4370860978961
99_sik,2022-07-30,30,12.10373242199421
99_sik,2022-07-30,40,10.125400565564632
99_sik,2022-07-30,50,9.184942178428171
99_sik,2022-07-30,65,6.716605134308338
99_sik,2022-07-30,80,5.755638308823109
99_sik,2022-07-31,5,18.870052188634872
99_sik,2022-07-31,10,17.349497973918915
99_sik,2022-07-31,15,16.445661798119545
99_sik,2022-07-31,20,15.85091708600521
99_sik,2022-07-31,30,12.342509239912031
99_sik,2022-07-31,40,10.372966714203358
99_sik,2022-07-31,50,9.483779422938824
99_sik,2022-07-31,65,6.971495725214481
99_sik,2022-07-31,80,5.852320946753025
99_sik,2022-08-01,5,19.05096591264009
99_sik,2022-08-01,10,17.367076635360718
99_sik,2022-08-01,15,16.506454668939114
99_sik,2022-08-01,20,15.819421984255314
99_sik,2022-08-01,30,12.240699492394924
99_sik,2022-08-01,40,10.40665914863348
99_sik,2022-08-01,50,9.614886939525604
99_sik,2022-08-01,65,7.259346306324005
99_sik,2022-08-01,80,5.974639132618904
99_sik,2022-08-02,5,19.369579151272774
99_sik,2022-08-02,10,17.578020572662354
99_sik,2022-08-02,15,16.636829741299152
99_sik,2022-08-02,20,15.908780179917812
99_sik,2022-08-02,30,12.283181257545948
99_sik,2022-08-02,40,10.499679565429688
99_sik,2022-08-02,50,9.767235338687897
99_sik,2022-08-02,65,7.512039564549923
99_sik,2022-08-02,80,6.084505766630173
99_sik,2022-08-03,5,19.246528521180156
99_sik,2022-08-03,10,17.406628623604774
99_sik,2022-08-03,15,16.31748405843973
99_sik,2022-08-03,20,15.582110054790974
99_sik,2022-08-03,30,12.217993721365929
99_sik,2022-08-03,40,10.460860021412373
99_sik,2022-08-03,50,9.765038006007671
99_sik,2022-08-03,65,7.588946208357811
99_sik,2022-08-03,80,6.186315514147282
99_sik,2022-08-04,5,19.030457474291325
99_sik,2022-08-04,10,17.3597521930933
99_sik,2022-08-04,15,15.95712149888277
99_sik,2022-08-04,20,15.127262189984322
99_sik,2022-08-04,30,11.974822238087654
99_sik,2022-08-04,40,10.216223649680614
99_sik,2022-08-04,50,9.49476608633995
99_sik,2022-08-04,65,7.534012891352177
99_sik,2022-08-04,80,6.232459500432015
99_sik,2022-08-05,5,18.580004274845123
99_sik,2022-08-05,10,17.602923676371574
99_sik,2022-08-05,15,15.808435320854189
99_sik,2022-08-05,20,14.907528921961784
99_sik,2022-08-05,30,11.853236496448517
99_sik,2022-08-05,40,10.044831700623035
99_sik,2022-08-05,50,9.25745415687561
99_sik,2022-08-05,65,7.29010896384716
99_sik,2022-08-05,80,6.241248831152916
99_sik,2022-08-06,5,18.330240793526173
99_sik,2022-08-06,10,17.76845607161522
99_sik,2022-08-06,15,15.831873536109924
99_sik,2022-08-06,20,14.881893374025822
99_sik,2022-08-06,30,11.88326670974493
99_sik,2022-08-06,40,10.016998820006847
99_sik,2022-08-06,50,9.172490626573564
99_sik,2022-08-06,65,7.0725730285048485
99_sik,2022-08-06,80,6.245643496513367
99_sik,2022-08-07,5,18.363200783729557
99_sik,2022-08-07,10,17.96108890324831
99_sik,2022-08-07,15,16.01425214856863
99_sik,2022-08-07,20,15.081118203699589
99_sik,2022-08-07,30,12.179174177348614
99_sik,2022-08-07,40,10.22721031308174
99_sik,2022-08-07,50,9.324106581509112
99_sik,2022-08-07,65,7.044007703661919
99_sik,2022-08-07,80,6.261024825274944
99_sik,2022-08-08,5,18.700125128030777
99_sik,2022-08-08,10,18.158848844468597
99_sik,2022-08-08,15,16.19003876298666
99_sik,2022-08-08,20,15.32282479852438
99_sik,2022-08-08,30,12.464827425777912
99_sik,2022-08-08,40,10.464522242546082
99_sik,2022-08-08,50,9.505752749741076
99_sik,2022-08-08,65,7.263740971684456
99_sik,2022-08-08,80,6.32474747300148
99_sik,2022-08-09,5,19.058290354907516
99_sik,2022-08-09,10,18.27603992074728
99_sik,2022-08-09,15,16.39072848111391
99_sik,2022-08-09,20,15.5843073874712
99_sik,2022-08-09,30,12.735831789672377
99_sik,2022-08-09,40,10.73406171798706
99_sik,2022-08-09,50,9.750389121472836
99_sik,2022-08-09,65,7.859218128025532
99_sik,2022-08-09,80,6.463179431855679
99_sik,2022-08-10,5,19.206976532936096
99_sik,2022-08-10,10,18.47599719464779
99_sik,2022-08-10,15,16.63609729707241
99_sik,2022-08-10,20,15.82601398229599
99_sik,2022-08-10,30,13.052247695624828
99_sik,2022-08-10,40,11.029969185590744
99_sik,2022-08-10,50,10.102694794535635
99_sik,2022-08-10,65,8.595324575901031
99_sik,2022-08-10,80,6.588427394628525
99_sik,2022-08-11,5,19.40546891838312
99_sik,2022-08-11,10,18.62028870731592
99_sik,2022-08-11,15,16.732779935002327
99_sik,2022-08-11,20,15.918301954865456
99_sik,2022-08-11,30,13.342295609414576
99_sik,2022-08-11,40,11.229926459491251
99_sik,2022-08-11,50,10.301919624209404
99_sik,2022-08-11,65,8.326517544686794
99_sik,2022-08-11,80,6.679250478744507
99_sik,2022-08-12,5,19.599566638469696
99_sik,2022-08-12,10,18.63493759185076
99_sik,2022-08-12,15,16.7217932716012
99_sik,2022-08-12,20,15.90804773569107
99_sik,2022-08-12,30,13.51075778156519
99_sik,2022-08-12,40,11.377147749066353
99_sik,2022-08-12,50,10.493820011615751
99_sik,2022-08-12,65,7.347972057759762
99_sik,2022-08-12,80,7.17145299911499
99_sik,2022-08-13,5,19.93429365009069
99_sik,2022-08-13,10,18.702322460711
99_sik,2022-08-13,15,16.7708670347929
99_sik,2022-08-13,20,15.937345504760742
99_sik,2022-08-13,30,13.590594202280045
99_sik,2022-08-13,40,11.67012543976307
99_sik,2022-08-13,50,10.924497216939926
99_sik,2022-08-13,65,6.896786414086819
99_sik,2022-08-13,80,6.963438838720322
99_sik,2022-08-14,5,20.28073976933956
99_sik,2022-08-14,10,18.71330912411213
99_sik,2022-08-14,15,16.723990604281425
99_sik,2022-08-14,20,15.890469074249268
99_sik,2022-08-14,30,13.512222670018671
99_sik,2022-08-14,40,12.061983101069927
99_sik,2022-08-14,50,11.28192999958992
99_sik,2022-08-14,65,6.7085482478141785
99_sik,2022-08-14,80,6.762016676366329
99_sik,2022-08-15,5,20.379619739949703
99_sik,2022-08-15,10,18.405682548880577
99_sik,2022-08-15,15,16.407574698328972
99_sik,2022-08-15,20,15.587237164378166
99_sik,2022-08-15,30,13.26538896560669
99_sik,2022-08-15,40,12.2875759229064
99_sik,2022-08-15,50,11.17938780784607
99_sik,2022-08-15,65,6.713675357401371
99_sik,2022-08-15,80,6.730521574616432
99_sik,2022-08-16,5,20.414044618606567
99_sik,2022-08-16,10,18.103183083236217
99_sik,2022-08-16,15,16.101413011550903
99_sik,2022-08-16,20,15.287667475640774
99_sik,2022-08-16,30,12.992187269032
99_sik,2022-08-16,40,12.249488823115826
99_sik,2022-08-16,50,10.88933989405632
99_sik,2022-08-16,65,6.778130449354649
99_sik,2022-08-16,80,6.768608674407005
99_sik,2022-08-17,5,20.455061495304108
99_sik,2022-08-17,10,18.237952820956707
99_sik,2022-08-17,15,15.990813933312891
99_sik,2022-08-17,20,15.176335953176022
99_sik,2022-08-17,30,12.91821040213108
99_sik,2022-08-17,40,12.254615932703018
99_sik,2022-08-17,50,10.91790521889925
99_sik,2022-08-17,65,6.838923320174217
99_sik,2022-08-17,80,6.835261099040508
99_sik,2022-08-18,5,20.11520737409592
99_sik,2022-08-18,10,17.73989074677229
99_sik,2022-08-18,15,15.264229260385036
99_sik,2022-08-18,20,14.491500601172447
99_sik,2022-08-18,30,12.577623836696148
99_sik,2022-08-18,40,11.949186690151691
99_sik,2022-08-18,50,10.46818446367979
99_sik,2022-08-18,65,6.915829963982105
99_sik,2022-08-18,80,6.893856637179852
99_sik,2022-08-19,5,20.367900632321835
99_sik,2022-08-19,10,18.126621298491955
99_sik,2022-08-19,15,15.603350937366486
99_sik,2022-08-19,20,14.755912967026234
99_sik,2022-08-19,30,12.502914525568483
99_sik,2022-08-19,40,11.829065836966038
99_sik,2022-08-19,50,10.438154250383375
99_sik,2022-08-19,65,7.031556151807308
99_sik,2022-08-19,80,6.953184619545937
99_sik,2022-08-20,5,20.14084292203188
99_sik,2022-08-20,10,17.878322705626488
99_sik,2022-08-20,15,15.32282479852438
99_sik,2022-08-20,20,14.387493520975111
99_sik,2022-08-20,30,12.082491539418696
99_sik,2022-08-20,40,11.489944159984589
99_sik,2022-08-20,50,10.29166540503502
99_sik,2022-08-20,65,7.164128556847572
99_sik,2022-08-20,80,7.030823707580566
99_sik,2022-08-21,5,19.92843409627676
99_sik,2022-08-21,10,17.816064946353436
99_sik,2022-08-21,15,15.204901278018951
99_sik,2022-08-21,20,14.193395800888538
99_sik,2022-08-21,30,11.659138776361942
99_sik,2022-08-21,40,11.038758516311646
99_sik,2022-08-21,50,10.077791690826416
99_sik,2022-08-21,65,7.361156053841114
99_sik,2022-08-21,80,7.134830787777901
99_sik,2022-08-22,5,19.93649098277092
99_sik,2022-08-22,10,17.618305005133152
99_sik,2022-08-22,15,14.926572471857073
99_sik,2022-08-22,20,13.9245887696743
99_sik,2022-08-22,30,11.493606381118298
99_sik,2022-08-22,40,10.739188827574251
99_sik,2022-08-22,50,9.844141982495785
99_sik,2022-08-22,65,7.479812018573284
99_sik,2022-08-22,80,7.22052676230669
99_sik,2022-08-23,5,20.269020661711693
99_sik,2022-08-23,10,17.780175179243088
99_sik,2022-08-23,15,14.978576011955738
99_sik,2022-08-23,20,13.982451863586904
99_sik,2022-08-23,30,11.536820590496063
99_sik,2022-08-23,40,10.64397107809782
99_sik,2022-08-23,50,9.822168655693533
99_sik,2022-08-23,65,7.575762212276459
99_sik,2022-08-23,80,7.295236073434353
99_sik,2022-08-24,5,20.65721610188484
99_sik,2022-08-24,10,18.483321636915207
99_sik,2022-08-24,15,15.55574206262827
99_sik,2022-08-24,20,14.493697933852673
99_sik,2022-08-24,30,11.829065836966038
99_sik,2022-08-24,40,10.90545366704464
99_sik,2022-08-24,50,10.192052990198135
99_sik,2022-08-24,65,7.837244801223278
99_sik,2022-08-24,80,7.358226276934147
99_sik,2022-08-25,5,20.622791223227978
99_sik,2022-08-25,10,18.712576679885387
99_sik,2022-08-25,15,15.768150888383389
99_sik,2022-08-25,20,14.703909426927568
99_sik,2022-08-25,30,12.094210647046566
99_sik,2022-08-25,40,11.195501580834389
99_sik,2022-08-25,50,10.550218217074873
99_sik,2022-08-25,65,8.065034955739975
99_sik,2022-08-25,80,7.418286703526974
99_sik,2022-08-26,5,20.46385082602501
99_sik,2022-08-26,10,18.56608783453703
99_sik,2022-08-26,15,15.82161931693554
99_sik,2022-08-26,20,14.82769250124693
99_sik,2022-08-26,30,12.356425680220129
99_sik,2022-08-26,40,11.506057932972908
99_sik,2022-08-26,50,10.939146101474762
99_sik,2022-08-26,65,8.25913267582655
99_sik,2022-08-26,80,7.4959257915616035
99_sik,2022-08-27,5,20.45286416262388
99_sik,2022-08-27,10,18.11709952354431
99_sik,2022-08-27,15,15.60921049118042
99_sik,2022-08-27,20,14.736869417130947
99_sik,2022-08-27,30,12.519028298556805
99_sik,2022-08-27,40,11.663533441722391
99_sik,2022-08-27,50,11.13910337537527
99_sik,2022-08-27,65,8.43931395560503
99_sik,2022-08-27,80,7.589678652584553
99_sik,2022-08-28,5,20.449934385716915
99_sik,2022-08-28,10,18.142735071480278
99_sik,2022-08-28,15,15.659016698598862
99_sik,2022-08-28,20,14.832819610834122
99_sik,2022-08-28,30,12.761467337608336
99_sik,2022-08-28,40,11.85836360603571
99_sik,2022-08-28,50,11.34711753576994
99_sik,2022-08-28,65,8.556505031883717
99_sik,2022-08-28,80,7.691488400101662
99_sik,2022-08-29,5,20.274880215525627
99_sik,2022-08-29,10,18.092928864061832
99_sik,2022-08-29,15,15.55207984149456
99_sik,2022-08-29,20,14.731009863317013
99_sik,2022-08-29,30,12.898434408009052
99_sik,2022-08-29,40,12.017304003238678
99_sik,2022-08-29,50,11.477492608129978
99_sik,2022-08-29,65,8.61510057002306
99_sik,2022-08-29,80,7.799157701432705
99_sik,2022-08-30,5,19.9606616422534
99_sik,2022-08-30,10,17.67470321059227
99_sik,2022-08-30,15,15.259834595024586
99_sik,2022-08-30,20,14.478316605091097
99_sik,2022-08-30,30,12.880123302340508
99_sik,2022-08-30,40,12.024628445506096
99_sik,2022-08-30,50,11.402050852775574
99_sik,2022-08-30,65,8.698599211871624
99_sik,2022-08-30,80,7.87899412214756
99_sik,2022-08-31,5,19.724814601242542
99_sik,2022-08-31,10,17.413953065872192
99_sik,2022-08-31,15,15.08551286906004
99_sik,2022-08-31,20,14.338419757783411
99_sik,2022-08-31,30,12.80761132389307
99_sik,2022-08-31,40,12.0019226744771
99_sik,2022-08-31,50,11.391064189374449
99_sik,2022-08-31,65,8.859736941754818
99_sik,2022-08-31,80,7.95663321018219
99_sik,2022-09-01,5,19.8713034465909
99_sik,2022-09-01,10,17.919339582324028
99_sik,2022-09-01,15,15.371166117489338
99_sik,2022-09-01,20,14.539109475910664
99_sik,2022-09-01,30,12.70140691101551
99_sik,2022-09-01,40,11.94479202479124
99_sik,2022-09-01,50,11.370555751025677
99_sik,2022-09-01,65,8.916867591440678
99_sik,2022-09-01,80,8.021088302135468
99_sik,2022-09-02,5,20.260963775217533
99_sik,2022-09-02,10,18.903744623064995
99_sik,2022-09-02,15,16.147556997835636
99_sik,2022-09-02,20,15.133121743798256
99_sik,2022-09-02,30,12.767326891422272
99_sik,2022-09-02,40,12.000457786023617
99_sik,2022-09-02,50,11.42475662380457
99_sik,2022-09-02,65,8.887569822371006
99_sik,2022-09-02,80,8.049653626978397
99_sik,2022-09-03,5,20.392803736031052
99_sik,2022-09-03,10,19.713827937841412
99_sik,2022-09-03,15,16.8690145611763
99_sik,2022-09-03,20,15.688314467668532
99_sik,2022-09-03,30,12.891109965741634
99_sik,2022-09-03,40,12.069307543337343
99_sik,2022-09-03,50,11.444532617926598
99_sik,2022-09-03,65,8.90588092803955
99_sik,2022-09-03,80,8.066499844193459
99_sik,2022-09-04,5,20.568590350449085
99_sik,2022-09-04,10,20.21115756779909
99_sik,2022-09-04,15,17.564836576581
99_sik,2022-09-04,20,16.2801294028759
99_sik,2022-09-04,30,13.037598811089993
99_sik,2022-09-04,40,12.126438193023205
99_sik,2022-09-04,50,11.498001046478748
99_sik,2022-09-04,65,9.019409783184528
99_sik,2022-09-04,80,8.113376274704933
99_sik,2022-09-05,5,20.61546678096056
99_sik,2022-09-05,10,20.474837489426136
99_sik,2022-09-05,15,18.048982210457325
99_sik,2022-09-05,20,16.71739860624075
99_sik,2022-09-05,30,13.084475241601467
99_sik,2022-09-05,40,12.067842654883862
99_sik,2022-09-05,50,11.484817050397396
99_sik,2022-09-05,65,9.0487075522542
99_sik,2022-09-05,80,8.16904203593731
99_sik,2022-09-06,5,20.63597521930933
99_sik,2022-09-06,10,20.555406354367733
99_sik,2022-09-06,15,18.64885403215885
99_sik,2022-09-06,20,17.222785122692585
99_sik,2022-09-06,30,13.118900120258331
99_sik,2022-09-06,40,11.873744934797289
99_sik,2022-09-06,50,11.32221443206072
99_sik,2022-09-06,65,8.786492519080639
99_sik,2022-09-06,80,8.204199358820915
99_sik,2022-09-07,5,21.113528855144978
99_sik,2022-09-07,10,21.039551988244057
99_sik,2022-09-07,15,19.60615863651037
99_sik,2022-09-07,20,18.17569506168365
99_sik,2022-09-07,30,13.796411029994488
99_sik,2022-09-07,40,12.031952887773514
99_sik,2022-09-07,50,11.37568286061287
99_sik,2022-09-07,65,8.478133499622345
99_sik,2022-09-07,80,8.197607360780239
99_sik,2022-09-08,5,20.88500625640154
99_sik,2022-09-08,10,20.843989379704
99_sik,2022-09-08,15,19.78926969319582
99_sik,2022-09-08,20,18.69280068576336
99_sik,2022-09-08,30,14.625537894666197
99_sik,2022-09-08,40,12.573229171335695
99_sik,2022-09-08,50,11.734580531716349
99_sik,2022-09-08,65,8.640736117959023
99_sik,2022-09-08,80,8.1653798148036
99_sik,2022-09-09,5,20.813959166407585
99_sik,2022-09-09,10,20.67992187291384
99_sik,2022-09-09,15,19.657429732382298
99_sik,2022-09-09,20,18.826105535030365
99_sik,2022-09-09,30,15.198309279978275
99_sik,2022-09-09,40,13.109378345310688
99_sik,2022-09-09,50,12.122775971889496
99_sik,2022-09-09,65,9.124149307608604
99_sik,2022-09-09,80,8.22251046448946
99_sik,2022-09-10,5,20.7949156165123
99_sik,2022-09-10,10,20.687246315181252
99_sik,2022-09-10,15,19.65596484392881
99_sik,2022-09-10,20,18.87151707708836
99_sik,2022-09-10,30,15.397534109652042
99_sik,2022-09-10,40,13.238288529217243
99_sik,2022-09-10,50,12.101535089313984
99_sik,2022-09-10,65,9.292611479759216
99_sik,2022-09-10,80,8.24741356819868
99_sik,2022-09-11,5,20.57152012735605
99_sik,2022-09-11,10,20.567857906222343
99_sik,2022-09-11,15,19.755577258765697
99_sik,2022-09-11,20,18.849543750286102
99_sik,2022-09-11,30,15.17999817430973
99_sik,2022-09-11,40,12.914548180997372
99_sik,2022-09-11,50,11.68697165697813
99_sik,2022-09-11,65,8.989379569888115
99_sik,2022-09-11,80,8.23496201634407
99_sik,2022-09-12,5,20.618396557867527
99_sik,2022-09-12,10,20.61180455982685
99_sik,2022-09-12,15,20.01046784967184
99_sik,2022-09-12,20,19.00042726099491
99_sik,2022-09-12,30,15.068666651844978
99_sik,2022-09-12,40,12.70140691101551
99_sik,2022-09-12,50,11.587359242141249
99_sik,2022-09-12,65,9.05676443874836
99_sik,2022-09-12,80,8.30454421788454
99_sik,2022-09-13,5,20.780266731977463
99_sik,2022-09-13,10,20.76781518012285
99_sik,2022-09-13,15,20.192114017903805
99_sik,2022-09-13,20,19.21283608675003
99_sik,2022-09-13,30,15.097231976687908
99_sik,2022-09-13,40,12.744621120393276
99_sik,2022-09-13,50,11.73238319903612
99_sik,2022-09-13,65,9.26990570873022
99_sik,2022-09-13,80,8.368266865611076
99_sik,2022-09-14,5,20.710684530436996
99_sik,2022-09-14,10,20.70409253239632
99_sik,2022-09-14,15,20.248512223362923
99_sik,2022-09-14,20,19.43330179899931
99_sik,2022-09-14,30,15.357982121407986
99_sik,2022-09-14,40,13.03686636686325
99_sik,2022-09-14,50,11.946989357471466
99_sik,2022-09-14,65,9.332895912230017
99_sik,2022-09-14,80,8.376323752105236
99_sik,2022-09-15,5,20.659413434565067
99_sik,2022-09-15,10,20.666737876832485
99_sik,2022-09-15,15,20.379619739949703
99_sik,2022-09-15,20,19.647175513207912
99_sik,2022-09-15,30,15.514725185930727
99_sik,2022-09-15,40,13.229499198496342
99_sik,2022-09-15,50,11.98947112262249
99_sik,2022-09-15,65,9.284554593265057
99_sik,2022-09-15,80,8.387310415506363
99_sik,2022-09-16,5,20.625721000134945
99_sik,2022-09-16,10,20.63158055394888
99_sik,2022-09-16,15,20.447004608809948
99_sik,2022-09-16,20,19.758507035672665
99_sik,2022-09-16,30,15.510330520570278
99_sik,2022-09-16,40,13.181890323758124
99_sik,2022-09-16,50,11.966032907366753
99_sik,2022-09-16,65,9.332163468003271
99_sik,2022-09-16,80,8.453230395913124
99_sik,2022-09-17,5,20.68504898250103
99_sik,2022-09-17,10,20.66966765373945
99_sik,2022-09-17,15,20.479232154786587
99_sik,2022-09-17,20,19.946012757718563
99_sik,2022-09-17,30,15.672200694680214
99_sik,2022-09-17,40,13.181890323758124
99_sik,2022-09-17,50,12.166722625494003
99_sik,2022-09-17,65,9.544572293758392
99_sik,2022-09-17,80,8.560899697244167
99_sik,2022-09-18,5,20.715811640024185
99_sik,2022-09-18,10,20.692373424768448
99_sik,2022-09-18,15,20.511459700763226
99_sik,2022-09-18,20,20.240455336868763
99_sik,2022-09-18,30,16.11239967495203
99_sik,2022-09-18,40,13.30201117694378
99_sik,2022-09-18,50,12.347636349499226
99_sik,2022-09-18,65,9.32703635841608
99_sik,2022-09-18,80,8.62755212187767
99_sik,2022-09-19,5,20.68871120363474
99_sik,2022-09-19,10,20.71727652847767
99_sik,2022-09-19,15,20.641834773123264
99_sik,2022-09-19,20,20.52610858529806
99_sik,2022-09-19,30,16.882198557257652
99_sik,2022-09-19,40,13.68288217484951
99_sik,2022-09-19,50,12.620838046073914
99_sik,2022-09-19,65,9.036988444626331
99_sik,2022-09-19,80,8.631946787238121
99_sik,2022-09-20,5,20.46751304715872
99_sik,2022-09-20,10,20.48435926437378
99_sik,2022-09-20,15,20.55760368704796
99_sik,2022-09-20,20,20.555406354367733
99_sik,2022-09-20,30,17.958891570568085
99_sik,2022-09-20,40,14.571337021887302
99_sik,2022-09-20,50,13.292489401996136
99_sik,2022-09-20,65,9.264778599143028
99_sik,2022-09-20,80,8.63560900837183
99_sik,2022-09-21,5,20.35398419201374
99_sik,2022-09-21,10,20.35618152469397
99_sik,2022-09-21,15,20.44627216458321
99_sik,2022-09-21,20,20.466048158705235
99_sik,2022-09-21,30,17.886379592120647
99_sik,2022-09-21,40,14.681936100125313
99_sik,2022-09-21,50,13.194341875612736
99_sik,2022-09-21,65,9.479384757578371
99_sik,2022-09-21,80,8.637073896825314
99_sik,2022-09-22,5,20.285866878926758
99_sik,2022-09-22,10,20.28440199047327
99_sik,2022-09-22,15,20.36936552077532
99_sik,2022-09-22,20,20.43528550118208
99_sik,2022-09-22,30,17.483535267412663
99_sik,2022-09-22,40,14.262245558202268
99_sik,2022-09-22,50,12.6310922652483
99_sik,2022-09-22,65,9.606830053031445
99_sik,2022-09-22,80,8.605578795075417
99_sik,2022-09-23,5,20.233130894601345
99_sik,2022-09-23,10,20.241187781095505
99_sik,2022-09-23,15,20.29685354232788
99_sik,2022-09-23,20,20.38987395912409
99_sik,2022-09-23,30,17.340708643198013
99_sik,2022-09-23,40,14.00149541348219
99_sik,2022-09-23,50,12.577623836696148
99_sik,2022-09-23,65,9.716696687042711
99_sik,2022-09-23,80,8.673696108162403
99_sik,2022-09-24,5,20.24704733490944
99_sik,2022-09-24,10,20.246314890682697
99_sik,2022-09-24,15,20.290261544287205
99_sik,2022-09-24,20,20.457991272211075
99_sik,2022-09-24,30,17.641010776162148
99_sik,2022-09-24,40,14.186803802847862
99_sik,2022-09-24,50,12.888912633061407
99_sik,2022-09-24,65,9.8426770940423
99_sik,2022-09-24,80,8.744743198156357
99_sik,2022-09-25,5,20.258766442537308
99_sik,2022-09-25,10,20.25144200026989
99_sik,2022-09-25,15,20.28806421160698
99_sik,2022-09-25,20,20.466780602931976
99_sik,2022-09-25,30,17.501113928854465
99_sik,2022-09-25,40,14.134067818522452
99_sik,2022-09-25,50,12.76659444719553
99_sik,2022-09-25,65,9.693258471786976
99_sik,2022-09-25,80,8.704458765685558
99_sik,2022-09-26,5,20.297585986554623
99_sik,2022-09-26,10,20.290993988513947
99_sik,2022-09-26,15,20.30344554036856
99_sik,2022-09-26,20,20.44407483190298
99_sik,2022-09-26,30,17.589739680290222
99_sik,2022-09-26,40,14.317911319434645
99_sik,2022-09-26,50,12.686758026480677
99_sik,2022-09-26,65,9.55995362251997
99_sik,2022-09-26,80,8.679555661976337
99_sik,2022-09-27,5,20.323221534490585
99_sik,2022-09-27,10,20.31662953644991
99_sik,2022-09-27,15,20.323953978717327
99_sik,2022-09-27,20,20.41697439551353
99_sik,2022-09-27,30,17.698141425848007
99_sik,2022-09-27,40,14.563280135393144
99_sik,2022-09-27,50,12.790765106678007
99_sik,2022-09-27,65,9.376842565834522
99_sik,2022-09-27,80,8.702261433005333
99_sik,2022-09-28,5,20.336405530571938
99_sik,2022-09-28,10,20.32981353253126
99_sik,2022-09-28,15,20.35471663624048
99_sik,2022-09-28,20,20.430158391594887
99_sik,2022-09-28,30,17.51942503452301
99_sik,2022-09-28,40,14.38163396716118
99_sik,2022-09-28,50,12.642811372876167
99_sik,2022-09-28,65,9.07361065596342
99_sik,2022-09-28,80,8.964476466178894
99_sik,2022-09-29,5,20.343729972839355
99_sik,2022-09-29,10,20.34153264015913
99_sik,2022-09-29,15,20.36643574386835
99_sik,2022-09-29,20,20.363505966961384
99_sik,2022-09-29,30,17.477675713598728
99_sik,2022-09-29,40,14.213904239237309
99_sik,2022-09-29,50,12.458967871963978
99_sik,2022-09-29,65,9.102908425033092
99_sik,2022-09-29,80,9.017212450504305
99_sik,2022-09-30,5,20.37815485149622
99_sik,2022-09-30,10,20.376689963042736
99_sik,2022-09-30,15,20.379619739949703
99_sik,2022-09-30,20,20.28440199047327
99_sik,2022-09-30,30,17.405896179378033
99_sik,2022-09-30,40,13.975859865546228
99_sik,2022-09-30,50,12.22678305208683
99_sik,2022-09-30,65,9.094851538538933
99_sik,2022-09-30,80,9.078005321323872
99_sik,2022-10-01,5,20.463118381798267
99_sik,2022-10-01,10,20.43089083582163
99_sik,2022-10-01,15,20.38328196108341
99_sik,2022-10-01,20,20.244850002229214
99_sik,2022-10-01,30,17.358287304639816
99_sik,2022-10-01,40,13.74367504566908
99_sik,2022-10-01,50,12.053926214575768
99_sik,2022-10-01,65,9.170293293893335
99_sik,2022-10-01,80,9.123416863381864
99_sik,2022-10-02,5,20.470442824065685
99_sik,2022-10-02,10,20.4601886048913
99_sik,2022-10-02,15,20.371562853455544
99_sik,2022-10-02,20,20.19870601594448
99_sik,2022-10-02,30,17.230109564960003
99_sik,2022-10-02,40,13.526871554553509
99_sik,2022-10-02,50,11.975554682314396
99_sik,2022-10-02,65,9.297738589346409
99_sik,2022-10-02,80,9.160771518945694
99_sik,2022-10-03,5,20.42356639355421
99_sik,2022-10-03,10,20.422101505100727
99_sik,2022-10-03,15,20.30344554036856
99_sik,2022-10-03,20,20.093234047293663
99_sik,2022-10-03,30,16.891720332205296
99_sik,2022-10-03,40,13.279305405914783
99_sik,2022-10-03,50,11.900845371186731
99_sik,2022-10-03,65,9.303598143160343
99_sik,2022-10-03,80,9.196661286056042
99_sik,2022-10-04,5,20.24777977913618
99_sik,2022-10-04,10,20.27195043861866
99_sik,2022-10-04,15,20.27561265975237
99_sik,2022-10-04,20,20.10422071069479
99_sik,2022-10-04,30,17.010376296937466
99_sik,2022-10-04,40,13.636738188564776
99_sik,2022-10-04,50,12.285378590226172
99_sik,2022-10-04,65,9.225226610898972
99_sik,2022-10-04,80,9.245002605021
99_sik,2022-10-05,5,19.79732657968998
99_sik,2022-10-05,10,19.79732657968998
99_sik,2022-10-05,15,20.16794335842133
99_sik,2022-10-05,20,20.18698690831661
99_sik,2022-10-05,30,17.44984283298254
99_sik,2022-10-05,40,14.199255354702473
99_sik,2022-10-05,50,12.845698423683643
99_sik,2022-10-05,65,9.2940763682127
99_sik,2022-10-05,80,9.25305949151516
99_sik,2022-10-06,5,19.484572894871235
99_sik,2022-10-06,10,19.484572894871235
99_sik,2022-10-06,15,19.55781731754541
99_sik,2022-10-06,20,20.0763878300786
99_sik,2022-10-06,30,17.542130805552006
99_sik,2022-10-06,40,14.220496237277985
99_sik,2022-10-06,50,12.817133098840714
99_sik,2022-10-06,65,9.494033642113209
99_sik,2022-10-06,80,9.308725252747536
99_sik,2022-10-07,5,19.299996949732304
99_sik,2022-10-07,10,19.299996949732304
99_sik,2022-10-07,15,19.300729393959045
99_sik,2022-10-07,20,19.7643665894866
99_sik,2022-10-07,30,17.624164558947086
99_sik,2022-10-07,40,14.193395800888538
99_sik,2022-10-07,50,12.72191534936428
99_sik,2022-10-07,65,9.89980774372816
99_sik,2022-10-07,80,9.450819432735443
99_sik,2022-10-08,5,19.195257425308228
99_sik,2022-10-08,10,19.195257425308228
99_sik,2022-10-08,15,19.195257425308228
99_sik,2022-10-08,20,19.198919646441936
99_sik,2022-10-08,30,17.898098699748516
99_sik,2022-10-08,40,14.29227577149868
99_sik,2022-10-08,50,12.836176648736
99_sik,2022-10-08,65,10.219153426587582
99_sik,2022-10-08,80,9.560686066746712
99_sik,2022-10-09,5,19.10956145077944
99_sik,2022-10-09,10,19.11029389500618
99_sik,2022-10-09,15,19.113223671913147
99_sik,2022-10-09,20,19.120548114180565
99_sik,2022-10-09,30,17.64247566461563
99_sik,2022-10-09,40,14.041779845952988
99_sik,2022-10-09,50,12.735831789672377
99_sik,2022-10-09,65,10.268959634006023
99_sik,2022-10-09,80,9.614886939525604
99_sik,2022-10-10,5,19.034852139651772
99_sik,2022-10-10,10,19.04144413769245
99_sik,2022-10-10,15,19.04950102418661
99_sik,2022-10-10,20,19.050233468413357
99_sik,2022-10-10,30,16.929074987769127
99_sik,2022-10-10,40,13.554704435169697
99_sik,2022-10-10,50,12.395977668464184
99_sik,2022-10-10,65,9.652974039316176
99_sik,2022-10-10,80,9.576799839735031
99_sik,2022-10-11,5,18.940366834402084
99_sik,2022-10-11,10,18.941099278628823
99_sik,2022-10-11,15,18.955748163163666
99_sik,2022-10-11,20,18.989440597593784
99_sik,2022-10-11,30,17.476210825145245
99_sik,2022-10-11,40,14.42338328808546
99_sik,2022-10-11,50,13.11816767603159
99_sik,2022-10-11,65,9.291879035532476
99_sik,2022-10-11,80,9.476454980671406
99_sik,2022-10-12,5,18.78728599101305
99_sik,2022-10-12,10,18.78728599101305
99_sik,2022-10-12,15,18.788018435239792
99_sik,2022-10-12,20,18.797540210187435
99_sik,2022-10-12,30,17.779442735016346
99_sik,2022-10-12,40,14.669484548270702
99_sik,2022-10-12,50,13.463148906826971
99_sik,2022-10-12,65,9.639790043234823
99_sik,2022-10-12,80,9.52699363231659
99_sik,2022-10-13,5,18.755790889263157
99_sik,2022-10-13,10,18.751396223902702
99_sik,2022-10-13,15,18.74846644699573
99_sik,2022-10-13,20,18.7653126642108
99_sik,2022-10-13,30,17.904690697789192
99_sik,2022-10-13,40,14.723685421049597
99_sik,2022-10-13,50,13.389172039926052
99_sik,2022-10-13,65,10.350993387401104
99_sik,2022-10-13,80,9.737205125391483
99_sik,2022-10-14,5,18.78728599101305
99_sik,2022-10-14,10,18.78142643719912
99_sik,2022-10-14,15,18.77849666029215
99_sik,2022-10-14,20,18.802667319774628
99_sik,2022-10-14,30,17.919339582324028
99_sik,2022-10-14,40,14.685598321259022
99_sik,2022-10-14,50,13.2375560849905
99_sik,2022-10-14,65,10.974303424358368
99_sik,2022-10-14,80,9.912259295582771
99_sik,2022-10-15,5,18.86858730018139
99_sik,2022-10-15,10,18.861995302140716
99_sik,2022-10-15,15,18.867854855954647
99_sik,2022-10-15,20,18.892757959663868
99_sik,2022-10-15,30,17.831446275115013
99_sik,2022-10-15,40,14.487105935811996
99_sik,2022-10-15,50,13.067629024386406
99_sik,2022-10-15,65,10.88494522869587
99_sik,2022-10-15,80,10.151768557727337
99_sik,2022-10-16,5,18.955748163163666
99_sik,2022-10-16,10,18.94695883244276
99_sik,2022-10-16,15,18.970397047698498
99_sik,2022-10-16,20,18.994567707180977
99_sik,2022-10-16,30,17.863673821091652
99_sik,2022-10-16,40,14.47172460705042
99_sik,2022-10-16,50,12.992187269032
99_sik,2022-10-16,65,10.691579952836037
99_sik,2022-10-16,80,10.534104444086552
99_sik,2022-10-17,5,18.881038852036
99_sik,2022-10-17,10,18.880306407809258
99_sik,2022-10-17,15,18.93450728058815
99_sik,2022-10-17,20,18.984313488006592
99_sik,2022-10-17,30,17.917142249643803
99_sik,2022-10-17,40,14.462202832102776
99_sik,2022-10-17,50,12.919675290584564
99_sik,2022-10-17,65,10.727469719946384
99_sik,2022-10-17,80,10.60734886676073
99_sik,2022-10-18,5,18.546311840415
99_sik,2022-10-18,10,18.546311840415
99_sik,2022-10-18,15,18.54997406154871
99_sik,2022-10-18,20,18.58293405175209
99_sik,2022-10-18,30,18.38297677785158
99_sik,2022-10-18,40,14.857722714543344
99_sik,2022-10-18,50,13.10205390304327
99_sik,2022-10-18,65,10.69304484128952
99_sik,2022-10-18,80,10.665944404900074
99_sik,2022-10-19,5,18.314127020537853
99_sik,2022-10-19,10,18.314127020537853
99_sik,2022-10-19,15,18.315591908991337
99_sik,2022-10-19,20,18.318521685898304
99_sik,2022-10-19,30,18.319986574351788
99_sik,2022-10-19,40,14.599902346730232
99_sik,2022-10-19,50,12.743156231939793
99_sik,2022-10-19,65,10.62712486088276
99_sik,2022-10-19,80,10.642506189644337
99_sik,2022-10-20,5,18.150791957974437
99_sik,2022-10-20,10,18.150791957974437
99_sik,2022-10-20,15,18.150791957974437
99_sik,2022-10-20,20,18.151524402201176
99_sik,2022-10-20,30,18.155186623334885
99_sik,2022-10-20,40,14.531785033643246
99_sik,2022-10-20,50,12.225318163633348
99_sik,2022-10-20,65,10.577318653464316
99_sik,2022-10-20,80,10.591967537999151
99_sik,2022-10-21,5,18.02627643942833
99_sik,2022-10-21,10,18.02481155097485
99_sik,2022-10-21,15,18.02993866056204
99_sik,2022-10-21,20,18.03140354901552
99_sik,2022-10-21,30,17.80947294831276
99_sik,2022-10-21,40,14.111362047493458
99_sik,2022-10-21,50,11.589556574821472
99_sik,2022-10-21,65,10.502609342336656
99_sik,2022-10-21,80,10.5209204480052
99_sik,2022-10-22,5,17.896633811295033
99_sik,2022-10-22,10,17.89150670170784
99_sik,2022-10-22,15,17.89223914593458
99_sik,2022-10-22,20,17.894436478614807
99_sik,2022-10-22,30,17.550187692046165
99_sik,2022-10-22,40,13.8755150064826
99_sik,2022-10-22,50,11.352977089583874
99_sik,2022-10-22,65,10.432294696569445
99_sik,2022-10-22,80,10.467452019453049
99_sik,2022-10-23,5,17.610980562865734
99_sik,2022-10-23,10,17.610980562865734
99_sik,2022-10-23,15,17.611713007092476
99_sik,2022-10-23,20,17.6139103397727
99_sik,2022-10-23,30,17.496719263494015
99_sik,2022-10-23,40,14.065950505435469
99_sik,2022-10-23,50,11.525833927094936
99_sik,2022-10-23,65,10.413251146674156
99_sik,2022-10-23,80,10.43522447347641
99_sik,2022-10-24,5,17.331919312477112
99_sik,2022-10-24,10,17.331919312477112
99_sik,2022-10-24,15,17.332651756703854
99_sik,2022-10-24,20,17.334116645157337
99_sik,2022-10-24,30,17.324594870209694
99_sik,2022-10-24,40,14.035920292139052
99_sik,2022-10-24,50,11.7074800953269
99_sik,2022-10-24,65,10.41105381399393
99_sik,2022-10-24,80,10.42716758698225
99_sik,2022-10-25,5,17.15173803269863
99_sik,2022-10-25,10,17.15173803269863
99_sik,2022-10-25,15,17.153935365378857
99_sik,2022-10-25,20,17.160527363419533
99_sik,2022-10-25,30,17.17957091331482
99_sik,2022-10-25,40,13.636738188564776
99_sik,2022-10-25,50,11.681112103164196
99_sik,2022-10-25,65,10.418378256261349
99_sik,2022-10-25,80,10.433027140796185
99_sik,2022-10-26,5,17.046998508274555
99_sik,2022-10-26,10,17.046998508274555
99_sik,2022-10-26,15,17.05285806208849
99_sik,2022-10-26,20,17.113650932908058
99_sik,2022-10-26,30,17.006714075803757
99_sik,2022-10-26,40,12.960692167282104
99_sik,2022-10-26,50,11.525833927094936
99_sik,2022-10-26,65,10.494552455842497
99_sik,2022-10-26,80,10.490890234708786
99_sik,2022-10-27,5,16.97961363941431
99_sik,2022-10-27,10,16.978148750960827
99_sik,2022-10-27,15,17.00451674312353
99_sik,2022-10-27,20,17.124637596309185
99_sik,2022-10-27,30,16.65221107006073
99_sik,2022-10-27,40,12.46775720268488
99_sik,2022-10-27,50,11.383007302880287
99_sik,2022-10-27,65,10.534104444086552
99_sik,2022-10-27,80,10.580248430371284
99_sik,2022-10-28,5,16.9092989936471
99_sik,2022-10-28,10,16.9092989936471
99_sik,2022-10-28,15,16.91003143787384
99_sik,2022-10-28,20,17.033814512193203
99_sik,2022-10-28,30,16.2889187335968
99_sik,2022-10-28,40,12.360087901353836
99_sik,2022-10-28,50,11.29438155144453
99_sik,2022-10-28,65,10.517990671098232
99_sik,2022-10-28,80,10.649098187685013
99_sik,2022-10-29,5,16.78698080778122
99_sik,2022-10-29,10,16.78698080778122
99_sik,2022-10-29,15,16.78698080778122
99_sik,2022-10-29,20,16.792840361595154
99_sik,2022-10-29,30,16.417828917503357
99_sik,2022-10-29,40,12.671376697719095
99_sik,2022-10-29,50,11.480422385036944
99_sik,2022-10-29,65,10.535569332540035
99_sik,2022-10-29,80,10.69304484128952
99_sik,2022-10-30,5,16.691030614078045
99_sik,2022-10-30,10,16.691030614078045
99_sik,2022-10-30,15,16.691763058304787
99_sik,2022-10-30,20,16.696157723665237
99_sik,2022-10-30,30,16.583361312747
99_sik,2022-10-30,40,12.97900327295065
99_sik,2022-10-30,50,11.74410230666399
99_sik,2022-10-30,65,10.596362203359604
99_sik,2022-10-30,80,10.728202164173126
99_sik,2022-10-31,5,16.645619072020054
99_sik,2022-10-31,10,16.64342173933983
99_sik,2022-10-31,15,16.642689295113087
99_sik,2022-10-31,20,16.642689295113087
99_sik,2022-10-31,30,16.576036870479584
99_sik,2022-10-31,40,13.046388141810894
99_sik,2022-10-31,50,11.872280046343803
99_sik,2022-10-31,65,10.674001291394234
99_sik,2022-10-31,80,10.75896482169628
99_sik,2022-11-01,5,16.577501758933067
99_sik,2022-11-01,10,16.577501758933067
99_sik,2022-11-01,15,16.577501758933067
99_sik,2022-11-01,20,16.579699091613293
99_sik,2022-11-01,30,16.261085852980614
99_sik,2022-11-01,40,12.808343768119812
99_sik,2022-11-01,50,11.785851627588272
99_sik,2022-11-01,65,10.70915861427784
99_sik,2022-11-01,80,10.794122144579887
99_sik,2022-11-02,5,16.471297346055508
99_sik,2022-11-02,10,16.471297346055508
99_sik,2022-11-02,15,16.471297346055508
99_sik,2022-11-02,20,16.47569201141596
99_sik,2022-11-02,30,16.224463641643524
99_sik,2022-11-02,40,12.943845950067043
99_sik,2022-11-02,50,11.868617825210094
99_sik,2022-11-02,65,10.727469719946384
99_sik,2022-11-02,80,10.837336353957651
99_sik,2022-11-03,5,16.238380081951618
99_sik,2022-11-03,10,16.238380081951618
99_sik,2022-11-03,15,16.238380081951618
99_sik,2022-11-03,20,16.2398449704051
99_sik,2022-11-03,30,16.19370098412037
99_sik,2022-11-03,40,13.09765923768282
99_sik,2022-11-03,50,12.03488266468048
99_sik,2022-11-03,65,10.842463463544846
99_sik,2022-11-03,80,10.85271768271923
99_sik,2022-11-04,5,15.967375718057156
99_sik,2022-11-04,10,15.967375718057156
99_sik,2022-11-04,15,15.967375718057156
99_sik,2022-11-04,20,15.967375718057156
99_sik,2022-11-04,30,16.22666097432375
99_sik,2022-11-04,40,13.413342699408531
99_sik,2022-11-04,50,12.305154584348202
99_sik,2022-11-04,65,10.918637663125992
99_sik,2022-11-04,80,10.837336353957651
99_sik,2022-11-05,5,15.719077125191689
99_sik,2022-11-05,10,15.719077125191689
99_sik,2022-11-05,15,15.719077125191689
99_sik,2022-11-05,20,15.719077125191689
99_sik,2022-11-05,30,16.03036592155695
99_sik,2022-11-05,40,13.72389905154705
99_sik,2022-11-05,50,12.27146214991808
99_sik,2022-11-05,65,10.63151952624321
99_sik,2022-11-05,80,10.600024424493313
99_sik,2022-11-06,5,15.472975865006449
99_sik,2022-11-06,10,15.472975865006449
99_sik,2022-11-06,15,15.472975865006449
99_sik,2022-11-06,20,15.472975865006449
99_sik,2022-11-06,30,15.76888333261013
99_sik,2022-11-06,40,13.761253707110882
99_sik,2022-11-06,50,11.834925390779972
99_sik,2022-11-06,65,9.750389121472836
99_sik,2022-11-06,80,9.852198868989944
99_sik,2022-11-07,5,15.333811461925508
99_sik,2022-11-07,10,15.333811461925508
99_sik,2022-11-07,15,15.333811461925508
99_sik,2022-11-07,20,15.333811461925508
99_sik,2022-11-07,30,15.616534933447838
99_sik,2022-11-07,40,13.647724851965904
99_sik,2022-11-07,50,11.336863316595554
99_sik,2022-11-07,65,9.028931558132172
99_sik,2022-11-07,80,9.190801732242107
99_sik,2022-11-08,5,15.266426593065262
99_sik,2022-11-08,10,15.266426593065262
99_sik,2022-11-08,15,15.266426593065262
99_sik,2022-11-08,20,15.267159037292004
99_sik,2022-11-08,30,15.516190074384212
99_sik,2022-11-08,40,13.34302805364132
99_sik,2022-11-08,50,11.01971496641636
99_sik,2022-11-08,65,8.857539609074593
99_sik,2022-11-08,80,8.921262256801128
99_sik,2022-11-09,5,15.132389299571514
99_sik,2022-11-09,10,15.132389299571514
99_sik,2022-11-09,15,15.132389299571514
99_sik,2022-11-09,20,15.133121743798256
99_sik,2022-11-09,30,15.385815002024174
99_sik,2022-11-09,40,13.107913456857204
99_sik,2022-11-09,50,11.071718506515026
99_sik,2022-11-09,65,8.883907601237297
99_sik,2022-11-09,80,8.911740481853485
99_sik,2022-11-10,5,14.906796477735044
99_sik,2022-11-10,10,14.906796477735044
99_sik,2022-11-10,15,14.906796477735044
99_sik,2022-11-10,20,14.908261366188526
99_sik,2022-11-10,30,15.205633722245691
99_sik,2022-11-10,40,12.568834505975246
99_sik,2022-11-10,50,11.116397604346275
99_sik,2022-11-10,65,9.009888008236883
99_sik,2022-11-10,80,8.987914681434631
99_sik,2022-11-11,5,14.641651667654514
99_sik,2022-11-11,10,14.641651667654514
99_sik,2022-11-11,15,14.641651667654514
99_sik,2022-11-11,20,14.641651667654514
99_sik,2022-11-11,30,14.960997350513937
99_sik,2022-11-11,40,12.05905332416296
99_sik,2022-11-11,50,11.1185949370265
99_sik,2022-11-11,65,9.197393730282784
99_sik,2022-11-11,80,9.076540432870388
99_sik,2022-11-12,5,14.462202832102776
99_sik,2022-11-12,10,14.459273055195808
99_sik,2022-11-12,15,14.46000549942255
99_sik,2022-11-12,20,14.501754820346832
99_sik,2022-11-12,30,14.54570147395134
99_sik,2022-11-12,40,11.64595478028059
99_sik,2022-11-12,50,11.022644743323326
99_sik,2022-11-12,65,9.374645233154297
99_sik,2022-11-12,80,9.172490626573564
99_sik,2022-11-13,5,14.239539787173271
99_sik,2022-11-13,10,14.241737119853497
99_sik,2022-11-13,15,14.271034888923168
99_sik,2022-11-13,20,14.360393084585668
99_sik,2022-11-13,30,14.117221601307392
99_sik,2022-11-13,40,11.51924192905426
99_sik,2022-11-13,50,11.00433363765478
99_sik,2022-11-13,65,9.56361584365368
99_sik,2022-11-13,80,9.291146591305733
99_sik,2022-11-14,5,13.95242165029049
99_sik,2022-11-14,10,13.95242165029049
99_sik,2022-11-14,15,13.954618982970716
99_sik,2022-11-14,20,14.072542503476145
99_sik,2022-11-14,30,14.02639851719141
99_sik,2022-11-14,40,11.693563655018806
99_sik,2022-11-14,50,11.098818942904472
99_sik,2022-11-14,65,9.71962646394968
99_sik,2022-11-14,80,9.389294117689133
99_sik,2022-11-15,5,13.819849245250223
99_sik,2022-11-15,10,13.819849245250223
99_sik,2022-11-15,15,13.822779022157192
99_sik,2022-11-15,20,13.930448323488235
99_sik,2022-11-15,30,14.07547228038311
99_sik,2022-11-15,40,11.857631161808968
99_sik,2022-11-15,50,11.20429091155529
99_sik,2022-11-15,65,9.832422874867916
99_sik,2022-11-15,80,9.432508327066898
99_sik,2022-11-16,5,13.59645375609398
99_sik,2022-11-16,10,13.59645375609398
99_sik,2022-11-16,15,13.59718620032072
99_sik,2022-11-16,20,13.6213568598032
99_sik,2022-11-16,30,14.098178051412106
99_sik,2022-11-16,40,12.007782228291036
99_sik,2022-11-16,50,11.29438155144453
99_sik,2022-11-16,65,9.942289508879185
99_sik,2022-11-16,80,9.504287861287594
99_sik,2022-11-17,5,13.414807587862017
99_sik,2022-11-17,10,13.414807587862017
99_sik,2022-11-17,15,13.415540032088757
99_sik,2022-11-17,20,13.41700492054224
99_sik,2022-11-17,30,14.01834163069725
99_sik,2022-11-17,40,12.347636349499226
99_sik,2022-11-17,50,11.514114819467068
99_sik,2022-11-17,65,10.101229906082152
99_sik,2022-11-17,80,9.60097049921751
99_sik,2022-11-18,5,13.296151623129845
99_sik,2022-11-18,10,13.301278732717035
99_sik,2022-11-18,15,13.340098276734352
99_sik,2022-11-18,20,13.38404493033886
99_sik,2022-11-18,30,13.87917722761631
99_sik,2022-11-18,40,12.36228523403406
99_sik,2022-11-18,50,11.530961036682127
99_sik,2022-11-18,65,10.180333882570268
99_sik,2022-11-18,80,9.680074475705624
99_sik,2022-11-19,5,13.217047646641731
99_sik,2022-11-19,10,13.217780090868471
99_sik,2022-11-19,15,13.22070986777544
99_sik,2022-11-19,20,13.26538896560669
99_sik,2022-11-19,30,13.781762145459652
99_sik,2022-11-19,40,12.284646145999432
99_sik,2022-11-19,50,11.462843723595142
99_sik,2022-11-19,65,10.208899207413197
99_sik,2022-11-19,80,9.762840673327446
99_sik,2022-11-20,5,13.166508994996548
99_sik,2022-11-20,10,13.166508994996548
99_sik,2022-11-20,15,13.17163610458374
99_sik,2022-11-20,20,13.194341875612736
99_sik,2022-11-20,30,13.66237373650074
99_sik,2022-11-20,40,12.226050607860088
99_sik,2022-11-20,50,11.428418844938278
99_sik,2022-11-20,65,10.16495255380869
99_sik,2022-11-20,80,9.857325978577135
99_sik,2022-11-21,5,13.170171216130257
99_sik,2022-11-21,10,13.17529832571745
99_sik,2022-11-21,15,13.217047646641731
99_sik,2022-11-21,20,13.29468673467636
99_sik,2022-11-21,30,13.570818208158016
99_sik,2022-11-21,40,12.258278153836727
99_sik,2022-11-21,50,11.440870396792889
99_sik,2022-11-21,65,10.146641448140144
99_sik,2022-11-21,80,9.949613951146604
99_sik,2022-11-22,5,13.08960235118866
99_sik,2022-11-22,10,13.08960235118866
99_sik,2022-11-22,15,13.104251235723495
99_sik,2022-11-22,20,13.14746544510126
99_sik,2022-11-22,30,13.53932310640812
99_sik,2022-11-22,40,12.575426504015924
99_sik,2022-11-22,50,11.686239212751389
99_sik,2022-11-22,65,10.252845861017704
99_sik,2022-11-22,80,9.9898983836174
99_sik,2022-11-23,5,12.981200605630876
99_sik,2022-11-23,10,12.981200605630876
99_sik,2022-11-23,15,12.984130382537842
99_sik,2022-11-23,20,12.994384601712229
99_sik,2022-11-23,30,13.389904484152794
99_sik,2022-11-23,40,12.686758026480677
99_sik,2022-11-23,50,11.831995613873003
99_sik,2022-11-23,65,10.37003693729639
99_sik,2022-11-23,80,10.020661041140556
99_sik,2022-11-24,5,12.855952642858028
99_sik,2022-11-24,10,12.855952642858028
99_sik,2022-11-24,15,12.86474197357893
99_sik,2022-11-24,20,12.907223738729954
99_sik,2022-11-24,30,13.296151623129845
99_sik,2022-11-24,40,12.641346484422684
99_sik,2022-11-24,50,11.815149396657944
99_sik,2022-11-24,65,10.440351583063602
99_sik,2022-11-24,80,10.045564144849775
99_sik,2022-11-25,5,12.72997223585844
99_sik,2022-11-25,10,12.730704680085182
99_sik,2022-11-25,15,12.75853756070137
99_sik,2022-11-25,20,12.794427327811718
99_sik,2022-11-25,30,13.170171216130257
99_sik,2022-11-25,40,12.597399830818176
99_sik,2022-11-25,50,11.812952063977718
99_sik,2022-11-25,65,10.51286356151104
99_sik,2022-11-25,80,10.074861913919449
99_sik,2022-11-26,5,12.645741149783134
99_sik,2022-11-26,10,12.648670926690102
99_sik,2022-11-26,15,12.673574030399324
99_sik,2022-11-26,20,12.70506913214922
99_sik,2022-11-26,30,13.021485038101671
99_sik,2022-11-26,40,12.553453177213669
99_sik,2022-11-26,50,11.811487175524237
99_sik,2022-11-26,65,10.572191543877125
99_sik,2022-11-26,80,10.105624571442604
99_sik,2022-11-27,5,12.487533196806908
99_sik,2022-11-27,10,12.487533196806908
99_sik,2022-11-27,15,12.487533196806908
99_sik,2022-11-27,20,12.48826564103365
99_sik,2022-11-27,30,12.602526940405369
99_sik,2022-11-27,40,12.639149151742458
99_sik,2022-11-27,50,11.9037751480937
99_sik,2022-11-27,65,10.633716858923435
99_sik,2022-11-27,80,10.141514338552952
99_sik,2022-11-28,5,12.37034212052822
99_sik,2022-11-28,10,12.371074564754965
99_sik,2022-11-28,15,12.372539453208448
99_sik,2022-11-28,20,12.37400434166193
99_sik,2022-11-28,30,12.41941588371992
99_sik,2022-11-28,40,12.60692160576582
99_sik,2022-11-28,50,11.92867825180292
99_sik,2022-11-28,65,10.654225297272204
99_sik,2022-11-28,80,10.183996103703976
99_sik,2022-11-29,5,12.2963652536273
99_sik,2022-11-29,10,12.297830142080784
99_sik,2022-11-29,15,12.299295030534267
99_sik,2022-11-29,20,12.301492363214493
99_sik,2022-11-29,30,12.372539453208448
99_sik,2022-11-29,40,12.436262100934982
99_sik,2022-11-29,50,11.717001870274544
99_sik,2022-11-29,65,10.700369283556938
99_sik,2022-11-29,80,10.211828984320164
99_sik,2022-11-30,5,12.086153760552406
99_sik,2022-11-30,10,12.086153760552406
99_sik,2022-11-30,15,12.086153760552406
99_sik,2022-11-30,20,12.086886204779148
99_sik,2022-11-30,30,12.092745758593082
99_sik,2022-11-30,40,12.358623012900352
99_sik,2022-11-30,50,11.816614285111427
99_sik,2022-11-30,65,10.77068392932415
99_sik,2022-11-30,80,10.241126753389835
99_sik,2022-12-01,5,11.82174139469862
99_sik,2022-12-01,10,11.82174139469862
99_sik,2022-12-01,15,11.82174139469862
99_sik,2022-12-01,20,11.82174139469862
99_sik,2022-12-01,30,11.824671171605589
99_sik,2022-12-01,40,11.918424032628536
99_sik,2022-12-01,50,11.98141423612833
99_sik,2022-12-01,65,10.810968361794949
99_sik,2022-12-01,80,10.288735628128052
99_sik,2022-12-02,5,11.622516565024853
99_sik,2022-12-02,10,11.622516565024853
99_sik,2022-12-02,15,11.622516565024853
99_sik,2022-12-02,20,11.622516565024853
99_sik,2022-12-02,30,11.626178786158562
99_sik,2022-12-02,40,11.662800997495651
99_sik,2022-12-02,50,11.762413412332537
99_sik,2022-12-02,65,10.731131941080092
99_sik,2022-12-02,80,10.29972229152918
99_sik,2022-12-03,5,11.432081066071987
99_sik,2022-12-03,10,11.432081066071987
99_sik,2022-12-03,15,11.432813510298727
99_sik,2022-12-03,20,11.43354595452547
99_sik,2022-12-03,30,11.44160284101963
99_sik,2022-12-03,40,11.643757447600365
99_sik,2022-12-03,50,11.652546778321266
99_sik,2022-12-03,65,10.434492029249668
99_sik,2022-12-03,80,10.260170303285122
99_sik,2022-12-04,5,11.223334461450577
99_sik,2022-12-04,10,11.22406690567732
99_sik,2022-12-04,15,11.22406690567732
99_sik,2022-12-04,20,11.22406690567732
99_sik,2022-12-04,30,11.22406690567732
99_sik,2022-12-04,40,11.309030435979366
99_sik,2022-12-04,50,11.656208999454975
99_sik,2022-12-04,65,10.23087253421545
99_sik,2022-12-04,80,10.133457452058792
99_sik,2022-12-05,5,10.96331676095724
99_sik,2022-12-05,10,10.96331676095724
99_sik,2022-12-05,15,10.96331676095724
99_sik,2022-12-05,20,10.96331676095724
99_sik,2022-12-05,30,10.96331676095724
99_sik,2022-12-05,40,10.997741639614103
99_sik,2022-12-05,50,11.218939796090126
99_sik,2022-12-05,65,9.86245308816433
99_sik,2022-12-05,80,9.910061962902546
99_sik,2022-12-06,5,10.785332813858986
99_sik,2022-12-06,10,10.785332813858986
99_sik,2022-12-06,15,10.785332813858986
99_sik,2022-12-06,20,10.785332813858986
99_sik,2022-12-06,30,10.785332813858986
99_sik,2022-12-06,40,10.928159438073637
99_sik,2022-12-06,50,10.901059001684189
99_sik,2022-12-06,65,9.548966959118845
99_sik,2022-12-06,80,9.602435387670994
99_sik,2022-12-07,5,10.679860845208168
99_sik,2022-12-07,10,10.679860845208168
99_sik,2022-12-07,15,10.679860845208168
99_sik,2022-12-07,20,10.68059328943491
99_sik,2022-12-07,30,10.68059328943491
99_sik,2022-12-07,40,10.74578082561493
99_sik,2022-12-07,50,10.8241523578763
99_sik,2022-12-07,65,9.346812352538109
99_sik,2022-12-07,80,9.362926125526428
99_sik,2022-12-08,5,10.577318653464316
99_sik,2022-12-08,10,10.577318653464316
99_sik,2022-12-08,15,10.577318653464316
99_sik,2022-12-08,20,10.577318653464316
99_sik,2022-12-08,30,10.577318653464316
99_sik,2022-12-08,40,10.5787835419178
99_sik,2022-12-08,50,10.706961281597614
99_sik,2022-12-08,65,9.254524379968643
99_sik,2022-12-08,80,9.258186601102352
99_sik,2022-12-09,5,10.503341786563396
99_sik,2022-12-09,10,10.503341786563396
99_sik,2022-12-09,15,10.503341786563396
99_sik,2022-12-09,20,10.503341786563396
99_sik,2022-12-09,30,10.503341786563396
99_sik,2022-12-09,40,10.50480667501688
99_sik,2022-12-09,50,10.539231553673744
99_sik,2022-12-09,65,9.245002605021
99_sik,2022-12-09,80,9.252327047288418
99_sik,2022-12-10,5,10.454268023371696
99_sik,2022-12-10,10,10.454268023371696
99_sik,2022-12-10,15,10.454268023371696
99_sik,2022-12-10,20,10.454268023371696
99_sik,2022-12-10,30,10.454268023371696
99_sik,2022-12-10,40,10.45573291182518
99_sik,2022-12-10,50,10.460860021412373
99_sik,2022-12-10,65,9.346079908311369
99_sik,2022-12-10,80,9.300668366253376
99_sik,2022-12-11,5,10.383220933377745
99_sik,2022-12-11,10,10.383953377604485
99_sik,2022-12-11,15,10.383953377604485
99_sik,2022-12-11,20,10.383953377604485
99_sik,2022-12-11,30,10.383953377604485
99_sik,2022-12-11,40,10.383953377604485
99_sik,2022-12-11,50,10.38615071028471
99_sik,2022-12-11,65,9.50282297283411
99_sik,2022-12-11,80,9.354136794805529
99_sik,2022-12-12,5,10.322428062558174
99_sik,2022-12-12,10,10.322428062558174
99_sik,2022-12-12,15,10.323160506784916
99_sik,2022-12-12,20,10.323160506784916
99_sik,2022-12-12,30,10.323160506784916
99_sik,2022-12-12,40,10.323892951011658
99_sik,2022-12-12,50,10.326822727918625
99_sik,2022-12-12,65,9.648579373955728
99_sik,2022-12-12,80,9.401013225317
99_sik,2022-12-13,5,10.229407645761968
99_sik,2022-12-13,10,10.231604978442192
99_sik,2022-12-13,15,10.233069866895676
99_sik,2022-12-13,20,10.23453475534916
99_sik,2022-12-13,30,10.24259164184332
99_sik,2022-12-13,40,10.248451195657251
99_sik,2022-12-13,50,10.25943785905838
99_sik,2022-12-13,65,9.762840673327446
99_sik,2022-12-13,80,9.435438103973866
99_sik,2022-12-14,5,10.07119969278574
99_sik,2022-12-14,10,10.07119969278574
99_sik,2022-12-14,15,10.07119969278574
99_sik,2022-12-14,20,10.07119969278574
99_sik,2022-12-14,30,10.07119969278574
99_sik,2022-12-14,40,10.07119969278574
99_sik,2022-12-14,50,10.074129469692709
99_sik,2022-12-14,65,9.885891303420069
99_sik,2022-12-14,80,9.476454980671406
99_sik,2022-12-15,5,9.901272632181644
99_sik,2022-12-15,10,9.901272632181644
99_sik,2022-12-15,15,9.901272632181644
99_sik,2022-12-15,20,9.901272632181644
99_sik,2022-12-15,30,9.901272632181644
99_sik,2022-12-15,40,9.901272632181644
99_sik,2022-12-15,50,9.90346996486187
99_sik,2022-12-15,65,10.112949013710022
99_sik,2022-12-15,80,9.600238054990768
99_sik,2022-12-16,5,9.726218461990356
99_sik,2022-12-16,10,9.726218461990356
99_sik,2022-12-16,15,9.726218461990356
99_sik,2022-12-16,20,9.726218461990356
99_sik,2022-12-16,30,9.726218461990356
99_sik,2022-12-16,40,9.726218461990356
99_sik,2022-12-16,50,9.737205125391483
99_sik,2022-12-16,65,10.10415968298912
99_sik,2022-12-16,80,9.730613127350807
99_sik,2022-12-17,5,9.598040722310545
99_sik,2022-12-17,10,9.599505610764028
99_sik,2022-12-17,15,9.60097049921751
99_sik,2022-12-17,20,9.60097049921751
99_sik,2022-12-17,30,9.603167831897736
99_sik,2022-12-17,40,9.648579373955728
99_sik,2022-12-17,50,9.71962646394968
99_sik,2022-12-17,65,9.978179275989532
99_sik,2022-12-17,80,9.483779422938824
99_sik,2022-12-18,5,9.55629140138626
99_sik,2022-12-18,10,9.55629140138626
99_sik,2022-12-18,15,9.55629140138626
99_sik,2022-12-18,20,9.55629140138626
99_sik,2022-12-18,30,9.55629140138626
99_sik,2022-12-18,40,9.55995362251997
99_sik,2022-12-18,50,9.614154495298862
99_sik,2022-12-18,65,9.577532283961771
99_sik,2022-12-18,80,9.31897947192192
99_sik,2022-12-19,5,9.50648519396782
99_sik,2022-12-19,10,9.50648519396782
99_sik,2022-12-19,15,9.50721763819456
99_sik,2022-12-19,20,9.50721763819456
99_sik,2022-12-19,30,9.50721763819456
99_sik,2022-12-19,40,9.50721763819456
99_sik,2022-12-19,50,9.508682526648045
99_sik,2022-12-19,65,9.144657745957376
99_sik,2022-12-19,80,9.242805272340776
99_sik,2022-12-20,5,9.436902992427347
99_sik,2022-12-20,10,9.436902992427347
99_sik,2022-12-20,15,9.436902992427347
99_sik,2022-12-20,20,9.436902992427347
99_sik,2022-12-20,30,9.436902992427347
99_sik,2022-12-20,40,9.436902992427347
99_sik,2022-12-20,50,9.439100325107574
99_sik,2022-12-20,65,9.026001781225204
99_sik,2022-12-20,80,9.001098677515984
99_sik,2022-12-21,5,9.383434563875198
99_sik,2022-12-21,10,9.383434563875198
99_sik,2022-12-21,15,9.383434563875198
99_sik,2022-12-21,20,9.383434563875198
99_sik,2022-12-21,30,9.383434563875198
99_sik,2022-12-21,40,9.383434563875198
99_sik,2022-12-21,50,9.384899452328682
99_sik,2022-12-21,65,8.924192033708096
99_sik,2022-12-21,80,8.932981364428997
99_sik,2022-12-22,5,9.291146591305733
99_sik,2022-12-22,10,9.303598143160343
99_sik,2022-12-22,15,9.316049695014954
99_sik,2022-12-22,20,9.31824702769518
99_sik,2022-12-22,30,9.321909248828888
99_sik,2022-12-22,40,9.32264169305563
99_sik,2022-12-22,50,9.323374137282372
99_sik,2022-12-22,65,9.105105757713318
99_sik,2022-12-22,80,9.051637329161167
99_sik,2022-12-23,5,9.16370129585266
99_sik,2022-12-23,10,9.164433740079405
99_sik,2022-12-23,15,9.17175818234682
99_sik,2022-12-23,20,9.177617736160755
99_sik,2022-12-23,30,9.19153417646885
99_sik,2022-12-23,40,9.195196397602558
99_sik,2022-12-23,50,9.197393730282784
99_sik,2022-12-23,65,9.268440820276735
99_sik,2022-12-23,80,9.222296833992004
99_sik,2022-12-24,5,9.13879819214344
99_sik,2022-12-24,10,9.139530636370182
99_sik,2022-12-24,15,9.139530636370182
99_sik,2022-12-24,20,9.139530636370182
99_sik,2022-12-24,30,9.139530636370182
99_sik,2022-12-24,40,9.139530636370182
99_sik,2022-12-24,50,9.140263080596924
99_sik,2022-12-24,65,9.365855902433395
99_sik,2022-12-24,80,9.329233691096306
99_sik,2022-12-25,5,9.141727969050407
99_sik,2022-12-25,10,9.141727969050407
99_sik,2022-12-25,15,9.141727969050407
99_sik,2022-12-25,20,9.141727969050407
99_sik,2022-12-25,30,9.141727969050407
99_sik,2022-12-25,40,9.141727969050407
99_sik,2022-12-25,50,9.143192857503893
99_sik,2022-12-25,65,9.368785679340364
99_sik,2022-12-25,80,9.402478113770483
99_sik,2022-12-26,5,9.148319967091084
99_sik,2022-12-26,10,9.148319967091084
99_sik,2022-12-26,15,9.148319967091084
99_sik,2022-12-26,20,9.148319967091084
99_sik,2022-12-26,30,9.149052411317824
99_sik,2022-12-26,40,9.149052411317824
99_sik,2022-12-26,50,9.15124974399805
99_sik,2022-12-26,65,9.32264169305563
99_sik,2022-12-26,80,9.463270984590054
99_sik,2022-12-27,5,9.132938638329506
99_sik,2022-12-27,10,9.132938638329506
99_sik,2022-12-27,15,9.132938638329506
99_sik,2022-12-27,20,9.132938638329506
99_sik,2022-12-27,30,9.132938638329506
99_sik,2022-12-27,40,9.132938638329506
99_sik,2022-12-27,50,9.135868415236471
99_sik,2022-12-27,65,9.294808812439442
99_sik,2022-12-27,80,9.46986298263073
99_sik,2022-12-28,5,9.08972442895174
99_sik,2022-12-28,10,9.08972442895174
99_sik,2022-12-28,15,9.08972442895174
99_sik,2022-12-28,20,9.090456873178482
99_sik,2022-12-28,30,9.091189317405224
99_sik,2022-12-28,40,9.092654205858707
99_sik,2022-12-28,50,9.097048871219158
99_sik,2022-12-28,65,9.252327047288418
99_sik,2022-12-28,80,9.447889655828476
99_sik,2022-12-29,5,9.03259377926588
99_sik,2022-12-29,10,9.03259377926588
99_sik,2022-12-29,15,9.03259377926588
99_sik,2022-12-29,20,9.03259377926588
99_sik,2022-12-29,30,9.033326223492622
99_sik,2022-12-29,40,9.033326223492622
99_sik,2022-12-29,50,9.035523556172848
99_sik,2022-12-29,65,9.08972442895174
99_sik,2022-12-29,80,9.238410606980324
99_sik,2022-12-30,5,8.952024914324284
99_sik,2022-12-30,10,8.952024914324284
99_sik,2022-12-30,15,8.952024914324284
99_sik,2022-12-30,20,8.952024914324284
99_sik,2022-12-30,30,8.952024914324284
99_sik,2022-12-30,40,8.952024914324284
99_sik,2022-12-30,50,8.95495469123125
99_sik,2022-12-30,65,8.95495469123125
99_sik,2022-12-30,80,8.959349356591702
99_sik,2022-12-31,5,8.834833838045597
99_sik,2022-12-31,10,8.834833838045597
99_sik,2022-12-31,15,8.834833838045597
99_sik,2022-12-31,20,8.834833838045597
99_sik,2022-12-31,30,8.835566282272339
99_sik,2022-12-31,40,8.835566282272339
99_sik,2022-12-31,50,8.838496059179306
99_sik,2022-12-31,65,8.839228503406048
99_sik,2022-12-31,80,8.841425836086273
99_sik,2023-01-01,5,8.685415215790272
99_sik,2023-01-01,10,8.685415215790272
99_sik,2023-01-01,15,8.685415215790272
99_sik,2023-01-01,20,8.685415215790272
99_sik,2023-01-01,30,8.685415215790272
99_sik,2023-01-01,40,8.686147660017014
99_sik,2023-01-01,50,8.688344992697239
99_sik,2023-01-01,65,8.688344992697239
99_sik,2023-01-01,80,8.711050763726234
99_sik,2023-01-02,5,8.48033083230257
99_sik,2023-01-02,10,8.48033083230257
99_sik,2023-01-02,15,8.48033083230257
99_sik,2023-01-02,20,8.48033083230257
99_sik,2023-01-02,30,8.481063276529312
99_sik,2023-01-02,40,8.481063276529312
99_sik,2023-01-02,50,8.481795720756054
99_sik,2023-01-02,65,8.482528164982796
99_sik,2023-01-02,80,8.53746148198843
99_sik,2023-01-03,5,8.267922006547451
99_sik,2023-01-03,10,8.267922006547451
99_sik,2023-01-03,15,8.267922006547451
99_sik,2023-01-03,20,8.267922006547451
99_sik,2023-01-03,30,8.268654450774193
99_sik,2023-01-03,40,8.268654450774193
99_sik,2023-01-03,50,8.269386895000935
99_sik,2023-01-03,65,8.269386895000935
99_sik,2023-01-03,80,8.343363761901855
99_sik,2023-01-04,5,8.093600280582905
99_sik,2023-01-04,10,8.093600280582905
99_sik,2023-01-04,15,8.093600280582905
99_sik,2023-01-04,20,8.093600280582905
99_sik,2023-01-04,30,8.093600280582905
99_sik,2023-01-04,40,8.093600280582905
99_sik,2023-01-04,50,8.094332724809647
99_sik,2023-01-04,65,8.094332724809647
99_sik,2023-01-04,80,8.159520260989666
99_sik,2023-01-05,5,7.966887429356575
99_sik,2023-01-05,10,7.966887429356575
99_sik,2023-01-05,15,7.966887429356575
99_sik,2023-01-05,20,7.966887429356575
99_sik,2023-01-05,30,7.967619873583317
99_sik,2023-01-05,40,7.967619873583317
99_sik,2023-01-05,50,7.967619873583317
99_sik,2023-01-05,65,7.968352317810059
99_sik,2023-01-05,80,8.011566527187824
99_sik,2023-01-06,5,7.892178118228912
99_sik,2023-01-06,10,7.892178118228912
99_sik,2023-01-06,15,7.892178118228912
99_sik,2023-01-06,20,7.892178118228912
99_sik,2023-01-06,30,7.892178118228912
99_sik,2023-01-06,40,7.892178118228912
99_sik,2023-01-06,50,7.892910562455654
99_sik,2023-01-06,65,7.892910562455654
99_sik,2023-01-06,80,7.917081221938133
99_sik,2023-01-07,5,7.870204791426659
99_sik,2023-01-07,10,7.870204791426659
99_sik,2023-01-07,15,7.870204791426659
99_sik,2023-01-07,20,7.870204791426659
99_sik,2023-01-07,30,7.870204791426659
99_sik,2023-01-07,40,7.868739902973175
99_sik,2023-01-07,50,7.869472347199917
99_sik,2023-01-07,65,7.870204791426659
99_sik,2023-01-07,80,7.881923899054527
99_sik,2023-01-08,5,7.862147904932499
99_sik,2023-01-08,10,7.862147904932499
99_sik,2023-01-08,15,7.862147904932499
99_sik,2023-01-08,20,7.862147904932499
99_sik,2023-01-08,30,7.862147904932499
99_sik,2023-01-08,40,7.861415460705757
99_sik,2023-01-08,50,7.860683016479015
99_sik,2023-01-08,65,7.861415460705757
99_sik,2023-01-08,80,7.882656343281269
99_sik,2023-01-09,5,7.806482143700123
99_sik,2023-01-09,10,7.806482143700123
99_sik,2023-01-09,15,7.806482143700123
99_sik,2023-01-09,20,7.806482143700123
99_sik,2023-01-09,30,7.806482143700123
99_sik,2023-01-09,40,7.806482143700123
99_sik,2023-01-09,50,7.806482143700123
99_sik,2023-01-09,65,7.806482143700123
99_sik,2023-01-09,80,7.848963908851147
99_sik,2023-01-10,5,7.711996838450432
99_sik,2023-01-10,10,7.711996838450432
99_sik,2023-01-10,15,7.711996838450432
99_sik,2023-01-10,20,7.711996838450432
99_sik,2023-01-10,30,7.711996838450432
99_sik,2023-01-10,40,7.711996838450432
99_sik,2023-01-10,50,7.712729282677174
99_sik,2023-01-10,65,7.712729282677174
99_sik,2023-01-10,80,7.740562163293362
99_sik,2023-01-11,5,7.640949748456478
99_sik,2023-01-11,10,7.640949748456478
99_sik,2023-01-11,15,7.640949748456478
99_sik,2023-01-11,20,7.640949748456478
99_sik,2023-01-11,30,7.640949748456478
99_sik,2023-01-11,40,7.640217304229736
99_sik,2023-01-11,50,7.640217304229736
99_sik,2023-01-11,65,7.640217304229736
99_sik,2023-01-11,80,7.655598632991314
99_sik,2023-01-12,5,7.5764946565032
99_sik,2023-01-12,10,7.574297323822975
99_sik,2023-01-12,15,7.57209999114275
99_sik,2023-01-12,20,7.571367546916008
99_sik,2023-01-12,30,7.567705325782299
99_sik,2023-01-12,40,7.566240437328815
99_sik,2023-01-12,50,7.566240437328815
99_sik,2023-01-12,65,7.567705325782299
99_sik,2023-01-12,80,7.568437770009041
99_sik,2023-01-13,5,7.501785345375538
99_sik,2023-01-13,10,7.493728458881378
99_sik,2023-01-13,15,7.481276907026768
99_sik,2023-01-13,20,7.476882241666317
99_sik,2023-01-13,30,7.470290243625641
99_sik,2023-01-13,40,7.470290243625641
99_sik,2023-01-13,50,7.469557799398899
99_sik,2023-01-13,65,7.476149797439575
99_sik,2023-01-13,80,7.477614685893059
99_sik,2023-01-14,5,7.325266286730766
99_sik,2023-01-14,10,7.333323173224926
99_sik,2023-01-14,15,7.33918272703886
99_sik,2023-01-14,20,7.340647615492344
99_sik,2023-01-14,30,7.354564055800438
99_sik,2023-01-14,40,7.361156053841114
99_sik,2023-01-14,50,7.360423609614372
99_sik,2023-01-14,65,7.386059157550335
99_sik,2023-01-14,80,7.417554259300232
99_sik,2023-01-15,5,7.161198779940605
99_sik,2023-01-15,10,7.166325889527798
99_sik,2023-01-15,15,7.17145299911499
99_sik,2023-01-15,20,7.172185443341732
99_sik,2023-01-15,30,7.181707218289375
99_sik,2023-01-15,40,7.200750768184662
99_sik,2023-01-15,50,7.210272543132305
99_sik,2023-01-15,65,7.279854744672775
99_sik,2023-01-15,80,7.350169390439987
99_sik,2023-01-16,5,6.853572204709053
99_sik,2023-01-16,10,6.854304648935795
99_sik,2023-01-16,15,6.855769537389278
99_sik,2023-01-16,20,6.85650198161602
99_sik,2023-01-16,30,6.86455886811018
99_sik,2023-01-16,40,6.899716190993786
99_sik,2023-01-16,50,6.979552611708641
99_sik,2023-01-16,65,7.245429866015911
99_sik,2023-01-16,80,7.22858364880085
99_sik,2023-01-17,5,6.515182971954346
99_sik,2023-01-17,10,6.515182971954346
99_sik,2023-01-17,15,6.515182971954346
99_sik,2023-01-17,20,6.515182971954346
99_sik,2023-01-17,30,6.517380304634571
99_sik,2023-01-17,40,6.594286948442459
99_sik,2023-01-17,50,6.759819343686104
99_sik,2023-01-17,65,7.0828272476792336
99_sik,2023-01-17,80,7.066713474690914
99_sik,2023-01-18,5,6.337931469082832
99_sik,2023-01-18,10,6.337931469082832
99_sik,2023-01-18,15,6.338663913309574
99_sik,2023-01-18,20,6.338663913309574
99_sik,2023-01-18,30,6.343791022896767
99_sik,2023-01-18,40,6.473433651030064
99_sik,2023-01-18,50,6.633838936686516
99_sik,2023-01-18,65,6.959776617586613
99_sik,2023-01-18,80,6.874080643057823
99_sik,2023-01-19,5,6.1936399564147
99_sik,2023-01-19,10,6.1936399564147
99_sik,2023-01-19,15,6.194372400641441
99_sik,2023-01-19,20,6.195104844868183
99_sik,2023-01-19,30,6.203894175589085
99_sik,2023-01-19,40,6.3445234671235085
99_sik,2023-01-19,50,6.504196308553219
99_sik,2023-01-19,65,6.87261575460434
99_sik,2023-01-19,80,6.710745580494404
99_sik,2023-01-20,5,6.049348443746567
99_sik,2023-01-20,10,6.058137774467468
99_sik,2023-01-20,15,6.07937865704298
99_sik,2023-01-20,20,6.091097764670849
99_sik,2023-01-20,30,6.154820412397385
99_sik,2023-01-20,40,6.261024825274944
99_sik,2023-01-20,50,6.406781226396561
99_sik,2023-01-20,65,6.833796210587025
99_sik,2023-01-20,80,6.690969586372376
99_sik,2023-01-21,5,5.8501236140728
99_sik,2023-01-21,10,5.8501236140728
99_sik,2023-01-21,15,5.8501236140728
99_sik,2023-01-21,20,5.8501236140728
99_sik,2023-01-21,30,5.886745825409889
99_sik,2023-01-21,40,6.143101304769516
99_sik,2023-01-21,50,6.259559936821461
99_sik,2023-01-21,65,6.716605134308338
99_sik,2023-01-21,80,6.582567840814591
99_sik,2023-01-22,5,5.44141973555088
99_sik,2023-01-22,10,5.44141973555088
99_sik,2023-01-22,15,5.44141973555088
99_sik,2023-01-22,20,5.44141973555088
99_sik,2023-01-22,30,5.4575335085392
99_sik,2023-01-22,40,5.830347619950771
99_sik,2023-01-22,50,6.069856882095337
99_sik,2023-01-22,65,6.54155096411705
99_sik,2023-01-22,80,6.460249654948711
99_sik,2023-01-23,5,5.201910473406315
99_sik,2023-01-23,10,5.205572694540024
99_sik,2023-01-23,15,5.223883800208569
99_sik,2023-01-23,20,5.239265128970146
99_sik,2023-01-23,30,5.349131762981415
99_sik,2023-01-23,40,5.970244467258453
99_sik,2023-01-23,50,6.163609743118286
99_sik,2023-01-23,65,6.514450527727604
99_sik,2023-01-23,80,6.437543883919716
99_sik,2023-01-24,5,5.102298058569431
99_sik,2023-01-24,10,5.102298058569431
99_sik,2023-01-24,15,5.102298058569431
99_sik,2023-01-24,20,5.102298058569431
99_sik,2023-01-24,30,5.125003829598427
99_sik,2023-01-24,40,5.684591218829155
99_sik,2023-01-24,50,6.014191120862961
99_sik,2023-01-24,65,6.479293204843998
99_sik,2023-01-24,80,6.357707463204861
99_sik,2023-01-25,5,4.836420804262161
99_sik,2023-01-25,10,4.836420804262161
99_sik,2023-01-25,15,4.836420804262161
99_sik,2023-01-25,20,4.836420804262161
99_sik,2023-01-25,30,4.837153248488903
99_sik,2023-01-25,40,4.936765663325787
99_sik,2023-01-25,50,5.198248252272606
99_sik,2023-01-25,65,6.132114641368389
99_sik,2023-01-25,80,6.0046693459153175
99_sik,2023-01-26,5,4.501693792641163
99_sik,2023-01-26,10,4.501693792641163
99_sik,2023-01-26,15,4.502426236867905
99_sik,2023-01-26,20,4.502426236867905
99_sik,2023-01-26,30,4.503891125321388
99_sik,2023-01-26,40,4.580797769129276
99_sik,2023-01-26,50,4.784417264163494
99_sik,2023-01-26,65,5.841334283351898
99_sik,2023-01-26,80,5.785668522119522
99_sik,2023-01-27,5,4.4225898161530495
99_sik,2023-01-27,10,4.4225898161530495
99_sik,2023-01-27,15,4.423322260379791
99_sik,2023-01-27,20,4.4269844815135
99_sik,2023-01-27,30,4.746330164372921
99_sik,2023-01-27,40,4.960936322808266
99_sik,2023-01-27,50,5.186529144644737
99_sik,2023-01-27,65,5.406994856894016
99_sik,2023-01-27,80,5.431165516376495
99_sik,2023-01-28,5,4.436506256461144
99_sik,2023-01-28,10,4.436506256461144
99_sik,2023-01-28,15,4.436506256461144
99_sik,2023-01-28,20,4.437971144914627
99_sik,2023-01-28,30,4.540513336658478
99_sik,2023-01-28,40,4.885494567453861
99_sik,2023-01-28,50,5.076662510633469
99_sik,2023-01-28,65,5.181402035057545
99_sik,2023-01-28,80,5.216559357941151
99_sik,2023-01-29,5,4.139133900403976
99_sik,2023-01-29,10,4.139866344630718
99_sik,2023-01-29,15,4.139866344630718
99_sik,2023-01-29,20,4.139866344630718
99_sik,2023-01-29,30,4.429914258420467
99_sik,2023-01-29,40,4.984374538064003
99_sik,2023-01-29,50,5.131595827639103
99_sik,2023-01-29,65,5.1997131407260895
99_sik,2023-01-29,80,5.203375361859798
99_sik,2023-01-30,5,4.144993454217911
99_sik,2023-01-30,10,4.144261009991169
99_sik,2023-01-30,15,4.150120563805103
99_sik,2023-01-30,20,4.168431669473648
99_sik,2023-01-30,30,4.648915082216263
99_sik,2023-01-30,40,5.0700705125927925
99_sik,2023-01-30,50,5.2099673599004745
99_sik,2023-01-30,65,5.401867747306824
99_sik,2023-01-30,80,5.281014449894428
99_sik,2023-01-31,5,4.199194326996803
99_sik,2023-01-31,10,4.199194326996803
99_sik,2023-01-31,15,4.199926771223545
99_sik,2023-01-31,20,4.199926771223545
99_sik,2023-01-31,30,4.325907178223133
99_sik,2023-01-31,40,4.9580065459012985
99_sik,2023-01-31,50,5.1015656143426895
99_sik,2023-01-31,65,5.439954847097397
99_sik,2023-01-31,80,5.290536224842072
99_sik,2023-02-01,5,4.266579195857048
99_sik,2023-02-01,10,4.269508972764015
99_sik,2023-02-01,15,4.276100970804691
99_sik,2023-02-01,20,4.280495636165142
99_sik,2023-02-01,30,4.403546266257763
99_sik,2023-02-01,40,4.904538117349148
99_sik,2023-02-01,50,5.051026962697506
99_sik,2023-02-01,65,5.425305962562561
99_sik,2023-02-01,80,5.292001113295555
99_sik,2023-02-02,5,3.8725242018699646
99_sik,2023-02-02,10,3.8725242018699646
99_sik,2023-02-02,15,3.8725242018699646
99_sik,2023-02-02,20,3.8725242018699646
99_sik,2023-02-02,30,3.934049516916275
99_sik,2023-02-02,40,4.61522264778614
99_sik,2023-02-02,50,4.996093645691872
99_sik,2023-02-02,65,5.513199269771576
99_sik,2023-02-02,80,5.300057999789715
99_sik,2023-02-03,5,3.4286630004644394
99_sik,2023-02-03,10,3.4286630004644394
99_sik,2023-02-03,15,3.429395444691181
99_sik,2023-02-03,20,3.43305766582489
99_sik,2023-02-03,30,3.8974273055791855
99_sik,2023-02-03,40,4.516342677175999
99_sik,2023-02-03,50,4.88476212322712
99_sik,2023-02-03,65,5.4480117335915565
99_sik,2023-02-03,80,5.260506011545658
99_sik,2023-02-04,5,3.238959945738316
99_sik,2023-02-04,10,3.2396923899650574
99_sik,2023-02-04,15,3.2492141649127007
99_sik,2023-02-04,20,3.3129368126392365
99_sik,2023-02-04,30,4.031464599072933
99_sik,2023-02-04,40,4.481917798519135
99_sik,2023-02-04,50,4.851802133023739
99_sik,2023-02-04,65,5.405529968440533
99_sik,2023-02-04,80,5.233405575156212
99_sik,2023-02-05,5,3.100527986884117
99_sik,2023-02-05,10,3.101260431110859
99_sik,2023-02-05,15,3.148136861622333
99_sik,2023-02-05,20,3.2711874917149544
99_sik,2023-02-05,30,4.011688604950905
99_sik,2023-02-05,40,4.676015518605709
99_sik,2023-02-05,50,4.879635013639927
99_sik,2023-02-05,65,5.330088213086128
99_sik,2023-02-05,80,5.129398494958878
99_sik,2023-02-06,5,3.0045777931809425
99_sik,2023-02-06,10,3.002380460500717
99_sik,2023-02-06,15,3.160588413476944
99_sik,2023-02-06,20,3.360545687377453
99_sik,2023-02-06,30,3.9465010687708855
99_sik,2023-02-06,40,4.654042191803455
99_sik,2023-02-06,50,4.832026138901711
99_sik,2023-02-06,65,5.340342432260513
99_sik,2023-02-06,80,5.09350872784853
99_sik,2023-02-07,5,2.858821392059326
99_sik,2023-02-07,10,2.8580889478325844
99_sik,2023-02-07,15,3.06903288513422
99_sik,2023-02-07,20,3.3620105758309364
99_sik,2023-02-07,30,3.853480651974678
99_sik,2023-02-07,40,4.628406643867493
99_sik,2023-02-07,50,4.795403927564621
99_sik,2023-02-07,65,5.323496215045452
99_sik,2023-02-07,80,5.080324731767178
99_sik,2023-02-08,5,2.688161887228489
99_sik,2023-02-08,10,2.6896267756819725
99_sik,2023-02-08,15,2.9518418088555336
99_sik,2023-02-08,20,3.3026825934648514
99_sik,2023-02-08,30,3.76412245631218
99_sik,2023-02-08,40,4.567613773047924
99_sik,2023-02-08,50,4.754387050867081
99_sik,2023-02-08,65,5.304452665150166
99_sik,2023-02-08,80,5.071535401046276
99_sik,2023-02-09,5,2.253090016543865
99_sik,2023-02-09,10,2.2552873492240906
99_sik,2023-02-09,15,2.4266792982816696
99_sik,2023-02-09,20,2.6969512179493904
99_sik,2023-02-09,30,3.720908246934414
99_sik,2023-02-09,40,4.564683996140957
99_sik,2023-02-09,50,4.755119495093823
99_sik,2023-02-09,65,5.298593111336231
99_sik,2023-02-09,80,5.0649434030056
99_sik,2023-02-10,5,2.146153159439564
99_sik,2023-02-10,10,2.176915816962719
99_sik,2023-02-10,15,2.41862241178751
99_sik,2023-02-10,20,2.693288996815681
99_sik,2023-02-10,30,3.60078739374876
99_sik,2023-02-10,40,4.456282250583172
99_sik,2023-02-10,50,4.684804849326611
99_sik,2023-02-10,65,5.24073001742363
99_sik,2023-02-10,80,5.032715857028961
99_sik,2023-02-11,5,2.3570970967411995
99_sik,2023-02-11,10,2.39811397343874
99_sik,2023-02-11,15,2.540208153426647
99_sik,2023-02-11,20,2.642017900943756
99_sik,2023-02-11,30,3.329050585627556
99_sik,2023-02-11,40,4.3559373915195465
99_sik,2023-02-11,50,4.619617313146591
99_sik,2023-02-11,65,5.190923810005188
99_sik,2023-02-11,80,4.989501647651196
99_sik,2023-02-12,5,2.1893673688173294
99_sik,2023-02-12,10,2.371013537049293
99_sik,2023-02-12,15,2.6090579107403755
99_sik,2023-02-12,20,2.6969512179493904
99_sik,2023-02-12,30,3.1832941845059395
99_sik,2023-02-12,40,4.291482299566269
99_sik,2023-02-12,50,4.558824442327023
99_sik,2023-02-12,65,5.166753150522709
99_sik,2023-02-12,80,4.948484770953655
99_sik,2023-02-13,5,2.012115865945816
99_sik,2023-02-13,10,2.253822460770607
99_sik,2023-02-13,15,2.6046632453799248
99_sik,2023-02-13,20,2.6866969987750053
99_sik,2023-02-13,30,3.050721779465676
99_sik,2023-02-13,40,4.186742775142193
99_sik,2023-02-13,50,4.49217201769352
99_sik,2023-02-13,65,5.120609164237976
99_sik,2023-02-13,80,4.907467894256115
99_sik,2023-02-14,5,1.7315897271037102
99_sik,2023-02-14,10,1.8832056820392609
99_sik,2023-02-14,15,2.468428619205952
99_sik,2023-02-14,20,2.645680122077465
99_sik,2023-02-14,30,3.1268959790468216
99_sik,2023-02-14,40,4.137669011950493
99_sik,2023-02-14,50,4.451887585222721
99_sik,2023-02-14,65,5.0561540722846985
99_sik,2023-02-14,80,4.862788796424866
99_sik,2023-02-15,5,1.4188360422849655
99_sik,2023-02-15,10,1.51478623598814
99_sik,2023-02-15,15,2.253822460770607
99_sik,2023-02-15,20,2.4977263882756238
99_sik,2023-02-15,30,3.0294808968901634
99_sik,2023-02-15,40,4.0234077125787735
99_sik,2023-02-15,50,4.369121387600899
99_sik,2023-02-15,65,5.014404751360416
99_sik,2023-02-15,80,4.81151770055294
99_sik,2023-02-16,5,1.189580999314785
99_sik,2023-02-16,10,1.2196112126111984
99_sik,2023-02-16,15,1.7469710558652878
99_sik,2023-02-16,20,2.078768290579319
99_sik,2023-02-16,30,2.8602862805128098
99_sik,2023-02-16,40,3.924527741968632
99_sik,2023-02-16,50,4.290749855339527
99_sik,2023-02-16,65,4.95434432476759
99_sik,2023-02-16,80,4.748527497053146
99_sik,2023-02-17,5,1.1873836666345596
99_sik,2023-02-17,10,1.2540360912680626
99_sik,2023-02-17,15,1.7696768268942833
99_sik,2023-02-17,20,2.037018969655037
99_sik,2023-02-17,30,2.683767221868038
99_sik,2023-02-17,40,3.758262902498245
99_sik,2023-02-17,50,4.227027207612991
99_sik,2023-02-17,65,4.886959455907345
99_sik,2023-02-17,80,4.6745506301522255
99_sik,2023-02-18,5,1.2357249855995178
99_sik,2023-02-18,10,1.308236964046955
99_sik,2023-02-18,15,1.7469710558652878
99_sik,2023-02-18,20,1.942533664405346
99_sik,2023-02-18,30,2.453047290444374
99_sik,2023-02-18,40,3.525345638394356
99_sik,2023-02-18,50,4.112765908241272
99_sik,2023-02-18,65,4.824701696634293
99_sik,2023-02-18,80,4.59031954407692
99_sik,2023-02-19,5,1.2342600971460342
99_sik,2023-02-19,10,1.4122440442442894
99_sik,2023-02-19,15,1.7330546155571938
99_sik,2023-02-19,20,1.834864363074303
99_sik,2023-02-19,30,2.217200249433517
99_sik,2023-02-19,40,3.2982879281044006
99_sik,2023-02-19,50,3.980193503201008
99_sik,2023-02-19,65,4.752189718186855
99_sik,2023-02-19,80,4.506088458001614
99_sik,2023-02-20,5,0.7669606804847717
99_sik,2023-02-20,10,0.8445997685194016
99_sik,2023-02-20,15,1.3272805139422417
99_sik,2023-02-20,20,1.5528733357787132
99_sik,2023-02-20,30,2.3006988912820816
99_sik,2023-02-20,40,3.2558061629533768
99_sik,2023-02-20,50,3.9252601861953735
99_sik,2023-02-20,65,4.6745506301522255
99_sik,2023-02-20,80,4.436506256461144
99_sik,2023-02-21,5,0.5955687314271927
99_sik,2023-02-21,10,0.6922513693571091
99_sik,2023-02-21,15,1.3316751793026924
99_sik,2023-02-21,20,1.630512423813343
99_sik,2023-02-21,30,2.190099813044071
99_sik,2023-02-21,40,3.1759697422385216
99_sik,2023-02-21,50,3.819788217544556
99_sik,2023-02-21,65,4.599841319024563
99_sik,2023-02-21,80,4.371318720281124
99_sik,2023-02-22,5,0.5889767333865166
99_sik,2023-02-22,10,0.6219367235898972
99_sik,2023-02-22,15,1.1082796901464462
99_sik,2023-02-22,20,1.451796032488346
99_sik,2023-02-22,30,2.169591374695301
99_sik,2023-02-22,40,3.09759820997715
99_sik,2023-02-22,50,3.660115376114845
99_sik,2023-02-22,65,4.522934675216675
99_sik,2023-02-22,80,4.290749855339527
99_sik,2023-02-23,5,0.7003082558512688
99_sik,2023-02-23,10,0.7896664515137672
99_sik,2023-02-23,15,1.2657551988959312
99_sik,2023-02-23,20,1.5330973416566849
99_sik,2023-02-23,30,2.1058687269687653
99_sik,2023-02-23,40,3.038270227611065
99_sik,2023-02-23,50,3.545121632516384
99_sik,2023-02-23,65,4.442365810275078
99_sik,2023-02-23,80,4.257057420909405
99_sik,2023-02-24,5,0.9332255199551582
99_sik,2023-02-24,10,1.074587255716324
99_sik,2023-02-24,15,1.3800164982676506
99_sik,2023-02-24,20,1.5404217839241028
99_sik,2023-02-24,30,2.0919522866606712
99_sik,2023-02-24,40,2.946714699268341
99_sik,2023-02-24,50,3.4323252215981483
99_sik,2023-02-24,65,4.374980941414833
99_sik,2023-02-24,80,4.25119786709547
99_sik,2023-02-25,5,0.9808343946933746
99_sik,2023-02-25,10,1.000610388815403
99_sik,2023-02-25,15,1.3045747429132462
99_sik,2023-02-25,20,1.5037995725870132
99_sik,2023-02-25,30,2.1966918110847478
99_sik,2023-02-25,40,2.917416930198669
99_sik,2023-02-25,50,3.3400372490286827
99_sik,2023-02-25,65,4.289284966886044
99_sik,2023-02-25,80,4.262184530496597
99_sik,2023-02-26,5,0.7757500112056732
99_sik,2023-02-26,10,0.7794122323393822
99_sik,2023-02-26,15,0.9398175179958344
99_sik,2023-02-26,20,1.221076101064682
99_sik,2023-02-26,30,2.3087557777762413
99_sik,2023-02-26,40,3.0053102374076843
99_sik,2023-02-26,50,3.295358151197433
99_sik,2023-02-26,65,4.164769448339939
99_sik,2023-02-26,80,4.273903638124466
99_sik,2023-02-27,5,0.9244361892342569
99_sik,2023-02-27,10,0.9149144142866136
99_sik,2023-02-27,15,1.0328379347920418
99_sik,2023-02-27,20,1.2576983124017715
99_sik,2023-02-27,30,2.3043611124157906
99_sik,2023-02-27,40,3.0082400143146515
99_sik,2023-02-27,50,3.22431106120348
99_sik,2023-02-27,65,4.017548158764839
99_sik,2023-02-27,80,4.263649418950081
99_sik,2023-02-28,5,1.2335276529192924
99_sik,2023-02-28,10,1.2130192145705223
99_sik,2023-02-28,15,1.221076101064682
99_sik,2023-02-28,20,1.307504519820213
99_sik,2023-02-28,30,2.2552873492240906
99_sik,2023-02-28,40,2.9071627110242844
99_sik,2023-02-28,50,3.0463271141052246
99_sik,2023-02-28,65,3.8666646480560303
99_sik,2023-02-28,80,4.223364986479282
99_sik,2023-03-01,5,1.3946653828024864
99_sik,2023-03-01,10,1.3851436078548431
99_sik,2023-03-01,15,1.486953355371952
99_sik,2023-03-01,20,1.6180608719587326
99_sik,2023-03-01,30,2.319742441177368
99_sik,2023-03-01,40,2.8544267266988754
99_sik,2023-03-01,50,2.9628284722566605
99_sik,2023-03-01,65,3.780236229300499
99_sik,2023-03-01,80,4.185277886688709
99_sik,2023-03-02,5,1.5074617937207222
99_sik,2023-03-02,10,1.5411542281508446
99_sik,2023-03-02,15,1.6707968562841415
99_sik,2023-03-02,20,1.785058155655861
99_sik,2023-03-02,30,2.334391325712204
99_sik,2023-03-02,40,2.8339182883501053
99_sik,2023-03-02,50,2.974547579884529
99_sik,2023-03-02,65,3.7472762390971184
99_sik,2023-03-02,80,4.178685888648033
99_sik,2023-03-03,5,1.577776439487934
99_sik,2023-03-03,10,1.6224555373191831
99_sik,2023-03-03,15,1.8399914726614952
99_sik,2023-03-03,20,1.95645010471344
99_sik,2023-03-03,30,2.362956650555134
99_sik,2023-03-03,40,2.8112125173211098
99_sik,2023-03-03,50,2.951109364628792
99_sik,2023-03-03,65,3.734824687242508
99_sik,2023-03-03,80,4.17722100019455
99_sik,2023-03-04,5,1.6290475353598597
99_sik,2023-03-04,10,1.6744590774178505
99_sik,2023-03-04,15,1.90737634152174
99_sik,2023-03-04,20,2.0238349735736847
99_sik,2023-03-04,30,2.4420606270432472
99_sik,2023-03-04,40,2.9130222648382187
99_sik,2023-03-04,50,3.0748924389481544
99_sik,2023-03-04,65,3.75606556981802
99_sik,2023-03-04,80,4.1808832213282585
99_sik,2023-03-05,5,1.66200752556324
99_sik,2023-03-05,10,1.6627399697899818
99_sik,2023-03-05,15,1.9015167877078056
99_sik,2023-03-05,20,2.0179754197597504
99_sik,2023-03-05,30,2.4860072806477547
99_sik,2023-03-05,40,3.031678229570389
99_sik,2023-03-05,50,3.2426221668720245
99_sik,2023-03-05,65,3.816125996410847
99_sik,2023-03-05,80,4.206518769264221
99_sik,2023-03-06,5,1.8041017055511477
99_sik,2023-03-06,10,1.7542954981327057
99_sik,2023-03-06,15,1.9161656722426412
99_sik,2023-03-06,20,2.0135807543993
99_sik,2023-03-06,30,2.5079806074500084
99_sik,2023-03-06,40,3.1100497618317604
99_sik,2023-03-06,50,3.3656727969646454
99_sik,2023-03-06,65,3.913541078567505
99_sik,2023-03-06,80,4.248268090188503
99_sik,2023-03-07,5,2.0106509774923325
99_sik,2023-03-07,10,1.9029816761612888
99_sik,2023-03-07,15,1.9798883199691768
99_sik,2023-03-07,20,2.0633869618177414
99_sik,2023-03-07,30,2.540940597653389
99_sik,2023-03-07,40,3.156926192343235
99_sik,2023-03-07,50,3.437452331185341
99_sik,2023-03-07,65,3.982390835881233
99_sik,2023-03-07,80,4.287087634205818
99_sik,2023-03-08,5,2.197424255311489
99_sik,2023-03-08,10,2.053865186870098
99_sik,2023-03-08,15,2.064851850271225
99_sik,2023-03-08,20,2.134434051811695
99_sik,2023-03-08,30,2.599536135792732
99_sik,2023-03-08,40,3.21625417470932
99_sik,2023-03-08,50,3.5121616423130035
99_sik,2023-03-08,65,4.015350826084614
99_sik,2023-03-08,80,4.330301843583584
99_sik,2023-03-09,5,2.3893246427178383
99_sik,2023-03-09,10,2.335856214165688
99_sik,2023-03-09,15,2.245033130049705
99_sik,2023-03-09,20,2.241370908915997
99_sik,2023-03-09,30,2.70500810444355
99_sik,2023-03-09,40,3.335642583668232
99_sik,2023-03-09,50,3.6308176070451736
99_sik,2023-03-09,65,4.00143438577652
99_sik,2023-03-09,80,4.347880505025387
99_sik,2023-03-10,5,2.4867397248744965
99_sik,2023-03-10,10,2.4545121788978577
99_sik,2023-03-10,15,2.362956650555134
99_sik,2023-03-10,20,2.2904446721076965
99_sik,2023-03-10,30,2.7240516543388367
99_sik,2023-03-10,40,3.408887006342411
99_sik,2023-03-10,50,3.7289651334285736
99_sik,2023-03-10,65,4.036591708660126
99_sik,2023-03-10,80,4.346415616571903
99_sik,2023-03-11,5,2.411297969520092
99_sik,2023-03-11,10,2.376140646636486
99_sik,2023-03-11,15,2.351237542927265
99_sik,2023-03-11,20,2.3072908893227577
99_sik,2023-03-11,30,2.747489869594574
99_sik,2023-03-11,40,3.4879909828305244
99_sik,2023-03-11,50,3.82564777135849
99_sik,2023-03-11,65,4.144261009991169
99_sik,2023-03-11,80,4.326639622449875
99_sik,2023-03-12,5,2.579027697443962
99_sik,2023-03-12,10,2.551927261054516
99_sik,2023-03-12,15,2.455977067351341
99_sik,2023-03-12,20,2.3754082024097443
99_sik,2023-03-12,30,2.767998307943344
99_sik,2023-03-12,40,3.581011399626732
99_sik,2023-03-12,50,3.9040193036198616
99_sik,2023-03-12,65,4.2160405442118645
99_sik,2023-03-12,80,4.326639622449875
99_sik,2023-03-13,5,2.6786401122808456
99_sik,2023-03-13,10,2.6654561161994934
99_sik,2023-03-13,15,2.61491746455431
99_sik,2023-03-13,20,2.561449036002159
99_sik,2023-03-13,30,2.624439239501953
99_sik,2023-03-13,40,3.5231483057141304
99_sik,2023-03-13,50,3.835901990532875
99_sik,2023-03-13,65,4.211645878851414
99_sik,2023-03-13,80,4.313455626368523
99_sik,2023-03-14,5,2.546067707240581
99_sik,2023-03-14,10,2.538010820746422
99_sik,2023-03-14,15,2.513107717037201
99_sik,2023-03-14,20,2.460371732711792
99_sik,2023-03-14,30,2.585619695484638
99_sik,2023-03-14,40,3.482863873243332
99_sik,2023-03-14,50,3.816858440637589
99_sik,2023-03-14,65,4.207983657717705
99_sik,2023-03-14,80,4.274636082351208
99_sik,2023-03-15,5,2.6903592199087143
99_sik,2023-03-15,10,2.663258783519268
99_sik,2023-03-15,15,2.5819574743509293
99_sik,2023-03-15,20,2.481612615287304
99_sik,2023-03-15,30,2.491866834461689
99_sik,2023-03-15,40,3.4462416619062424
99_sik,2023-03-15,50,3.803674444556236
99_sik,2023-03-15,65,4.223364986479282
99_sik,2023-03-15,80,4.257057420909405
99_sik,2023-03-16,5,2.710135214030742
99_sik,2023-03-16,10,2.701345883309841
99_sik,2023-03-16,15,2.634693458676338
99_sik,2023-03-16,20,2.5145726054906845
99_sik,2023-03-16,30,2.445722848176956
99_sik,2023-03-16,40,3.361278131604194
99_sik,2023-03-16,50,3.7355571314692497
99_sik,2023-03-16,65,4.219702765345573
99_sik,2023-03-16,80,4.246070757508278
99_sik,2023-03-17,5,2.6478774547576904
99_sik,2023-03-17,10,2.634693458676338
99_sik,2023-03-17,15,2.617114797234535
99_sik,2023-03-17,20,2.5533921495079994
99_sik,2023-03-17,30,2.448652625083924
99_sik,2023-03-17,40,3.2426221668720245
99_sik,2023-03-17,50,3.633014939725399
99_sik,2023-03-17,65,4.221167653799057
99_sik,2023-03-17,80,4.240211203694344
99_sik,2023-03-18,5,2.7145298793911934
99_sik,2023-03-18,10,2.677907668054104
99_sik,2023-03-18,15,2.683767221868038
99_sik,2023-03-18,20,2.6581316739320755
99_sik,2023-03-18,30,2.502121053636074
99_sik,2023-03-18,40,3.17523729801178
99_sik,2023-03-18,50,3.547318965196609
99_sik,2023-03-18,65,4.1984618827700615
99_sik,2023-03-18,80,4.252662755548954
99_sik,2023-03-19,5,2.863216057419777
99_sik,2023-03-19,10,2.817072071135044
99_sik,2023-03-19,15,2.7848445251584053
99_sik,2023-03-19,20,2.7797174155712128
99_sik,2023-03-19,30,2.59440902620554
99_sik,2023-03-19,40,3.142277307808399
99_sik,2023-03-19,50,3.446974106132984
99_sik,2023-03-19,65,4.120822794735432
99_sik,2023-03-19,80,4.269508972764015
99_sik,2023-03-20,5,3.0470595583319664
99_sik,2023-03-20,10,2.943784922361374
99_sik,2023-03-20,15,2.9130222648382187
99_sik,2023-03-20,20,2.897640936076641
99_sik,2023-03-20,30,2.698416106402874
99_sik,2023-03-20,40,3.184759072959423
99_sik,2023-03-20,50,3.4074221178889275
99_sik,2023-03-20,65,4.024140156805515
99_sik,2023-03-20,80,4.276833415031433
99_sik,2023-03-21,5,3.2711874917149544
99_sik,2023-03-21,10,3.107119984924793
99_sik,2023-03-21,15,3.0324106737971306
99_sik,2023-03-21,20,2.9979857951402664
99_sik,2023-03-21,30,2.7811823040246964
99_sik,2023-03-21,40,3.2191839516162872
99_sik,2023-03-21,50,3.4081545621156693
99_sik,2023-03-21,65,3.9501632899045935
99_sik,2023-03-21,80,4.274636082351208
99_sik,2023-03-22,5,3.520950973033905
99_sik,2023-03-22,10,3.252143941819668
99_sik,2023-03-22,15,3.128360867500305
99_sik,2023-03-22,20,3.079287104308605
99_sik,2023-03-22,30,2.8573565036058426
99_sik,2023-03-22,40,3.255073718726635
99_sik,2023-03-22,50,3.4381847754120827
99_sik,2023-03-22,65,3.899624638259411
99_sik,2023-03-22,80,4.284157857298851
99_sik,2023-03-23,5,3.8124637752771378
99_sik,2023-03-23,10,3.4037598967552185
99_sik,2023-03-23,15,3.199407957494259
99_sik,2023-03-23,20,3.140812419354916
99_sik,2023-03-23,30,2.9518418088555336
99_sik,2023-03-23,40,3.3546861335635185
99_sik,2023-03-23,50,3.5443891882896423
99_sik,2023-03-23,65,3.91134374588728
99_sik,2023-03-23,80,4.331034287810326
99_sik,2023-03-24,5,3.932584628462792
99_sik,2023-03-24,10,3.688680700957775
99_sik,2023-03-24,15,3.320993699133396
99_sik,2023-03-24,20,3.2426221668720245
99_sik,2023-03-24,30,3.049256891012192
99_sik,2023-03-24,40,3.430127888917923
99_sik,2023-03-24,50,3.644001603126526
99_sik,2023-03-24,65,3.958220176398754
99_sik,2023-03-24,80,4.403546266257763
99_sik,2023-03-25,5,3.999969497323036
99_sik,2023-03-25,10,3.868861980736256
99_sik,2023-03-25,15,3.4638203233480453
99_sik,2023-03-25,20,3.3627430200576782
99_sik,2023-03-25,30,3.1657155230641365
99_sik,2023-03-25,40,3.541459411382675
99_sik,2023-03-25,50,3.778771340847016
99_sik,2023-03-25,65,4.086397916078568
99_sik,2023-03-25,80,4.514145344495773
99_sik,2023-03-26,5,4.065889477729797
99_sik,2023-03-26,10,3.961149953305721
99_sik,2023-03-26,15,3.541459411382675
99_sik,2023-03-26,20,3.4176763370633125
99_sik,2023-03-26,30,3.262398160994053
99_sik,2023-03-26,40,3.689413145184517
99_sik,2023-03-26,50,3.9318521842360497
99_sik,2023-03-26,65,4.274636082351208
99_sik,2023-03-26,80,4.618884868919849
99_sik,2023-03-27,5,4.060762368142605
99_sik,2023-03-27,10,4.036591708660126
99_sik,2023-03-27,15,3.71138647198677
99_sik,2023-03-27,20,3.5612354055047035
99_sik,2023-03-27,30,3.353221245110035
99_sik,2023-03-27,40,3.778771340847016
99_sik,2023-03-27,50,4.049775704741478
99_sik,2023-03-27,65,4.491439573466778
99_sik,2023-03-27,80,4.689931958913803
99_sik,2023-03-28,5,4.141331233084202
99_sik,2023-03-28,10,4.116428129374981
99_sik,2023-03-28,15,3.860072650015354
99_sik,2023-03-28,20,3.70699180662632
99_sik,2023-03-28,30,3.5011749789118767
99_sik,2023-03-28,40,3.972136616706848
99_sik,2023-03-28,50,4.285622745752335
99_sik,2023-03-28,65,4.828363917768002
99_sik,2023-03-28,80,4.784417264163494
99_sik,2023-03-29,5,4.319315180182457
99_sik,2023-03-29,10,4.251930311322212
99_sik,2023-03-29,15,4.004364162683487
99_sik,2023-03-29,20,3.857142873108387
99_sik,2023-03-29,30,3.687948256731033
99_sik,2023-03-29,40,4.235816538333893
99_sik,2023-03-29,50,4.63133642077446
99_sik,2023-03-29,65,5.198248252272606
99_sik,2023-03-29,80,4.97485276311636
99_sik,2023-03-30,5,4.567613773047924
99_sik,2023-03-30,10,4.3779107183218
99_sik,2023-03-30,15,4.116428129374981
99_sik,2023-03-30,20,3.981658391654491
99_sik,2023-03-30,30,3.931119740009308
99_sik,2023-03-30,40,4.610095538198948
99_sik,2023-03-30,50,5.062013626098633
99_sik,2023-03-30,65,5.5007477179169655
99_sik,2023-03-30,80,5.296395778656006
99_sik,2023-03-31,5,4.745597720146179
99_sik,2023-03-31,10,4.498031571507454
99_sik,2023-03-31,15,4.234351649880409
99_sik,2023-03-31,20,4.115695685148239
99_sik,2023-03-31,30,4.173558779060841
99_sik,2023-03-31,40,4.965330988168716
99_sik,2023-03-31,50,5.437757514417172
99_sik,2023-03-31,65,5.745384089648724
99_sik,2023-03-31,80,5.531510375440121
99_sik,2023-04-01,5,4.895748786628246
99_sik,2023-04-01,10,4.748527497053146
99_sik,2023-04-01,15,4.448225364089012
99_sik,2023-04-01,20,4.335428953170776
99_sik,2023-04-01,30,4.439436033368111
99_sik,2023-04-01,40,5.290536224842072
99_sik,2023-04-01,50,5.8054445162415504
99_sik,2023-04-01,65,5.970976911485195
99_sik,2023-04-01,80,5.7563707530498505
99_sik,2023-04-02,5,5.059083849191666
99_sik,2023-04-02,10,4.957274101674557
99_sik,2023-04-02,15,4.687002182006836
99_sik,2023-04-02,20,4.611560426652432
99_sik,2023-04-02,30,4.896481230854988
99_sik,2023-04-02,40,5.799584962427616
99_sik,2023-04-02,50,6.266151934862137
99_sik,2023-04-02,65,6.1936399564147
99_sik,2023-04-02,80,6.003204457461834
99_sik,2023-04-03,5,5.331553101539612
99_sik,2023-04-03,10,5.140385158360004
99_sik,2023-04-03,15,4.945554994046688
99_sik,2023-04-03,20,4.921384334564209
99_sik,2023-04-03,30,5.417249076068401
99_sik,2023-04-03,40,6.297647036612034
99_sik,2023-04-03,50,6.621387384831905
99_sik,2023-04-03,65,6.392132341861725
99_sik,2023-04-03,80,6.20609150826931
99_sik,2023-04-04,5,5.609881907701492
99_sik,2023-04-04,10,5.362315759062767
99_sik,2023-04-04,15,5.1997131407260895
99_sik,2023-04-04,20,5.2121646925807
99_sik,2023-04-04,30,5.834742285311222
99_sik,2023-04-04,40,6.663869149982929
99_sik,2023-04-04,50,6.874813087284565
99_sik,2023-04-04,65,6.566454067826271
99_sik,2023-04-04,80,6.30423903465271
99_sik,2023-04-05,5,5.669942334294319
99_sik,2023-04-05,10,5.502945050597191
99_sik,2023-04-05,15,5.375499755144119
99_sik,2023-04-05,20,5.4238410741090775
99_sik,2023-04-05,30,6.1621448546648026
99_sik,2023-04-05,40,6.904843300580978
99_sik,2023-04-05,50,7.010315269231796
99_sik,2023-04-05,65,6.642628267407417
99_sik,2023-04-05,80,6.349650576710701
99_sik,2023-04-06,5,5.785668522119522
99_sik,2023-04-06,10,5.5183263793587685
99_sik,2023-04-06,15,5.505874827504158
99_sik,2023-04-06,20,5.606219686567783
99_sik,2023-04-06,30,6.413373224437237
99_sik,2023-04-06,40,7.002258382737637
99_sik,2023-04-06,50,7.0059206038713455
99_sik,2023-04-06,65,6.606006056070328
99_sik,2023-04-06,80,6.342326134443283
99_sik,2023-04-07,5,5.779808968305588
99_sik,2023-04-07,10,5.576921917498112
99_sik,2023-04-07,15,5.694112993776798
99_sik,2023-04-07,20,5.84206672757864
99_sik,2023-04-07,30,6.651417598128319
99_sik,2023-04-07,40,7.056459255516529
99_sik,2023-04-07,50,6.966368615627289
99_sik,2023-04-07,65,6.5510727390646935
99_sik,2023-04-07,80,6.31669058650732
99_sik,2023-04-08,5,5.888943158090115
99_sik,2023-04-08,10,5.795190297067165
99_sik,2023-04-08,15,5.990020461380482
99_sik,2023-04-08,20,6.173863962292671
99_sik,2023-04-08,30,6.952452175319195
99_sik,2023-04-08,40,7.152409449219704
99_sik,2023-04-08,50,6.969298392534256
99_sik,2023-04-08,65,6.494674533605576
99_sik,2023-04-08,80,6.2917874827981
99_sik,2023-04-09,5,5.788598299026489
99_sik,2023-04-09,10,6.06692710518837
99_sik,2023-04-09,15,6.382610566914082
99_sik,2023-04-09,20,6.572313621640205
99_sik,2023-04-09,30,7.307687625288963
99_sik,2023-04-09,40,7.307687625288963
99_sik,2023-04-09,50,7.020569488406181
99_sik,2023-04-09,65,6.433149218559265
99_sik,2023-04-09,80,6.269814155995846
99_sik,2023-04-10,5,5.975371576845646
99_sik,2023-04-10,10,6.26761682331562
99_sik,2023-04-10,15,6.78691978007555
99_sik,2023-04-10,20,6.989074386656284
99_sik,2023-04-10,30,7.548661775887012
99_sik,2023-04-10,40,7.358958721160889
99_sik,2023-04-10,50,6.930478848516941
99_sik,2023-04-10,65,6.337931469082832
99_sik,2023-04-10,80,6.233924388885498
99_sik,2023-04-11,5,6.187780402600765
99_sik,2023-04-11,10,6.44340343773365
99_sik,2023-04-11,15,7.057924143970013
99_sik,2023-04-11,20,7.252754308283329
99_sik,2023-04-11,30,7.591875985264778
99_sik,2023-04-11,40,7.181707218289375
99_sik,2023-04-11,50,6.6770531460642815
99_sik,2023-04-11,65,6.2009643986821175
99_sik,2023-04-11,80,6.170934185385704
99_sik,2023-04-12,5,6.184118181467056
99_sik,2023-04-12,10,6.4807580932974815
99_sik,2023-04-12,15,7.170720554888248
99_sik,2023-04-12,20,7.360423609614372
99_sik,2023-04-12,30,7.539140000939369
99_sik,2023-04-12,40,6.953917063772678
99_sik,2023-04-12,50,6.455854989588261
99_sik,2023-04-12,65,6.056672886013985
99_sik,2023-04-12,80,6.10794398188591
99_sik,2023-04-13,5,6.19803462177515
99_sik,2023-04-13,10,6.47196876257658
99_sik,2023-04-13,15,7.226386316120624
99_sik,2023-04-13,20,7.411694705486298
99_sik,2023-04-13,30,7.420484036207199
99_sik,2023-04-13,40,6.700491361320019
99_sik,2023-04-13,50,6.251503050327301
99_sik,2023-04-13,65,5.929960034787655
99_sik,2023-04-13,80,6.075716435909271
99_sik,2023-04-14,5,6.313028365373612
99_sik,2023-04-14,10,6.614062942564488
99_sik,2023-04-14,15,7.287179186940193
99_sik,2023-04-14,20,7.432203143835068
99_sik,2023-04-14,30,7.289376519620418
99_sik,2023-04-14,40,6.50053408741951
99_sik,2023-04-14,50,6.111606203019619
99_sik,2023-04-14,65,5.851588502526283
99_sik,2023-04-14,80,6.063997328281403
99_sik,2023-04-15,5,6.6104007214307785
99_sik,2023-04-15,10,6.762749120593071
99_sik,2023-04-15,15,7.324533842504024
99_sik,2023-04-15,20,7.431470699608326
99_sik,2023-04-15,30,7.195623658597469
99_sik,2023-04-15,40,6.355510130524635
99_sik,2023-04-15,50,6.037629336118698
99_sik,2023-04-15,65,5.8508560582995415
99_sik,2023-04-15,80,6.055207997560501
99_sik,2023-04-16,5,6.584765173494816
99_sik,2023-04-16,10,6.625782050192356
99_sik,2023-04-16,15,7.1355632320046425
99_sik,2023-04-16,20,7.328196063637733
99_sik,2023-04-16,30,7.17145299911499
99_sik,2023-04-16,40,6.324015028774738
99_sik,2023-04-16,50,6.036164447665215
99_sik,2023-04-16,65,5.872829385101795
99_sik,2023-04-16,80,6.047883555293083
99_sik,2023-04-17,5,6.101351983845234
99_sik,2023-04-17,10,6.138706639409065
99_sik,2023-04-17,15,6.632374048233032
99_sik,2023-04-17,20,7.002990826964378
99_sik,2023-04-17,30,7.183172106742859
99_sik,2023-04-17,40,6.383343011140823
99_sik,2023-04-17,50,6.064729772508144
99_sik,2023-04-17,65,5.886013381183147
99_sik,2023-04-17,80,6.042756445705891
99_sik,2023-04-18,5,6.069124437868595
99_sik,2023-04-18,10,6.059602662920952
99_sik,2023-04-18,15,6.490279868245125
99_sik,2023-04-18,20,6.866756200790405
99_sik,2023-04-18,30,7.18756677210331
99_sik,2023-04-18,40,6.466841652989388
99_sik,2023-04-18,50,6.105746649205685
99_sik,2023-04-18,65,5.941679142415524
99_sik,2023-04-18,80,5.984893351793289
99_sik,2023-04-19,5,6.105746649205685
99_sik,2023-04-19,10,6.063997328281403
99_sik,2023-04-19,15,6.558397181332111
99_sik,2023-04-19,20,6.867488645017147
99_sik,2023-04-19,30,7.099673464894295
99_sik,2023-04-19,40,6.482955425977707
99_sik,2023-04-19,50,6.112338647246361
99_sik,2023-04-19,65,5.938016921281815
99_sik,2023-04-19,80,5.949736028909683
99_sik,2023-04-20,5,6.156285300850868
99_sik,2023-04-20,10,6.117465756833553
99_sik,2023-04-20,15,6.616260275244713
99_sik,2023-04-20,20,6.855037093162537
99_sik,2023-04-20,30,6.934873513877392
99_sik,2023-04-20,40,6.397259451448917
99_sik,2023-04-20,50,6.0464186668396
99_sik,2023-04-20,65,5.914578706026077
99_sik,2023-04-20,80,5.924832925200462
99_sik,2023-04-21,5,6.014923565089703
99_sik,2023-04-21,10,6.048615999519825
99_sik,2023-04-21,15,6.59062472730875
99_sik,2023-04-21,20,6.8206122145056725
99_sik,2023-04-21,30,6.853572204709053
99_sik,2023-04-21,40,6.403119005262852
99_sik,2023-04-21,50,6.040559113025665
99_sik,2023-04-21,65,5.884548492729664
99_sik,2023-04-21,80,5.897732488811016
99_sik,2023-04-22,5,5.942411586642265
99_sik,2023-04-22,10,5.971709355711937
99_sik,2023-04-22,15,6.381145678460598
99_sik,2023-04-22,20,6.715140245854855
99_sik,2023-04-22,30,6.833796210587025
99_sik,2023-04-22,40,6.440473660826683
99_sik,2023-04-22,50,6.063264884054661
99_sik,2023-04-22,65,5.844264060258865
99_sik,2023-04-22,80,5.858912944793701
99_sik,2023-04-23,5,6.034699559211731
99_sik,2023-04-23,10,6.050080887973309
99_sik,2023-04-23,15,6.253700383007526
99_sik,2023-04-23,20,6.460249654948711
99_sik,2023-04-23,30,6.806695774197578
99_sik,2023-04-23,40,6.404583893716335
99_sik,2023-04-23,50,6.042024001479149
99_sik,2023-04-23,65,5.799584962427616
99_sik,2023-04-23,80,5.818628512322903
99_sik,2023-04-24,5,6.1833857372403145
99_sik,2023-04-24,10,6.181188404560089
99_sik,2023-04-24,15,6.2742088213562965
99_sik,2023-04-24,20,6.408978559076786
99_sik,2023-04-24,30,6.751762457191944
99_sik,2023-04-24,40,6.263954602181912
99_sik,2023-04-24,50,5.925565369427204
99_sik,2023-04-24,65,5.767357416450977
99_sik,2023-04-24,80,5.812036514282227
99_sik,2023-04-25,5,6.368694126605988
99_sik,2023-04-25,10,6.31669058650732
99_sik,2023-04-25,15,6.432416774332523
99_sik,2023-04-25,20,6.536423854529858
99_sik,2023-04-25,30,6.658742040395737
99_sik,2023-04-25,40,6.09988709539175
99_sik,2023-04-25,50,5.811304070055485
99_sik,2023-04-25,65,5.757835641503334
99_sik,2023-04-25,80,5.814966291189194
99_sik,2023-04-26,5,6.335001692175865
99_sik,2023-04-26,10,6.338663913309574
99_sik,2023-04-26,15,6.522507414221764
99_sik,2023-04-26,20,6.617725163698196
99_sik,2023-04-26,30,6.4880825355648994
99_sik,2023-04-26,40,5.916043594479561
99_sik,2023-04-26,50,5.710226766765118
99_sik,2023-04-26,65,5.745384089648724
99_sik,2023-04-26,80,5.814966291189194
99_sik,2023-04-27,5,6.219275504350662
99_sik,2023-04-27,10,6.217810615897179
99_sik,2023-04-27,15,6.55766473710537
99_sik,2023-04-27,20,6.651417598128319
99_sik,2023-04-27,30,6.457319878041744
99_sik,2023-04-27,40,5.889675602316856
99_sik,2023-04-27,50,5.687520995736122
99_sik,2023-04-27,65,5.738792091608048
99_sik,2023-04-27,80,5.811304070055485
99_sik,2023-04-28,5,6.272011488676071
99_sik,2023-04-28,10,6.225135058164597
99_sik,2023-04-28,15,6.652150042355061
99_sik,2023-04-28,20,6.748832680284977
99_sik,2023-04-28,30,6.5019989758729935
99_sik,2023-04-28,40,5.935087144374847
99_sik,2023-04-28,50,5.712424099445343
99_sik,2023-04-28,65,5.74391920119524
99_sik,2023-04-28,80,5.814966291189194
99_sik,2023-04-29,5,6.525437191128731
99_sik,2023-04-29,10,6.371623903512955
99_sik,2023-04-29,15,6.763481564819813
99_sik,2023-04-29,20,6.8521073162555695
99_sik,2023-04-29,30,6.516647860407829
99_sik,2023-04-29,40,5.954863138496876
99_sik,2023-04-29,50,5.730735205113888
99_sik,2023-04-29,65,5.751243643462658
99_sik,2023-04-29,80,5.825220510363579
99_sik,2023-04-30,5,6.865291312336922
99_sik,2023-04-30,10,6.569383844733238
99_sik,2023-04-30,15,6.855037093162537
99_sik,2023-04-30,20,6.940733067691326
99_sik,2023-04-30,30,6.532029189169407
99_sik,2023-04-30,40,5.961455136537552
99_sik,2023-04-30,50,5.740989424288273
99_sik,2023-04-30,65,5.753440976142883
99_sik,2023-04-30,80,5.830347619950771
99_sik,2023-05-01,5,7.02423170953989
99_sik,2023-05-01,10,6.742973126471043
99_sik,2023-05-01,15,6.91363263130188
99_sik,2023-05-01,20,6.980285055935383
99_sik,2023-05-01,30,6.532761633396149
99_sik,2023-05-01,40,5.936552032828331
99_sik,2023-05-01,50,5.728537872433662
99_sik,2023-05-01,65,5.749778755009174
99_sik,2023-05-01,80,5.825220510363579
99_sik,2023-05-02,5,7.241767644882202
99_sik,2023-05-02,10,6.9253517389297485
99_sik,2023-05-02,15,6.999328605830669
99_sik,2023-05-02,20,7.071840584278107
99_sik,2023-05-02,30,6.63969849050045
99_sik,2023-05-02,40,5.987090684473515
99_sik,2023-05-02,50,5.755638308823109
99_sik,2023-05-02,65,5.751243643462658
99_sik,2023-05-02,80,5.820825845003128
99_sik,2023-05-03,5,7.489333793520927
99_sik,2023-05-03,10,7.148747228085995
99_sik,2023-05-03,15,7.188299216330051
99_sik,2023-05-03,20,7.251289419829845
99_sik,2023-05-03,30,6.753227345645428
99_sik,2023-05-03,40,6.055940441787243
99_sik,2023-05-03,50,5.81350140273571
99_sik,2023-05-03,65,5.767357416450977
99_sik,2023-05-03,80,5.82155828922987
99_sik,2023-05-04,5,7.753746159374714
99_sik,2023-05-04,10,7.378734715282917
99_sik,2023-05-04,15,7.371410273015499
99_sik,2023-05-04,20,7.407300040125847
99_sik,2023-05-04,30,6.784722447395325
99_sik,2023-05-04,40,6.074251547455788
99_sik,2023-05-04,50,5.849391169846058
99_sik,2023-05-04,65,5.787133410573006
99_sik,2023-05-04,80,5.835474729537964
99_sik,2023-05-05,5,7.95663321018219
99_sik,2023-05-05,10,7.606524869799614
99_sik,2023-05-05,15,7.5274208933115005
99_sik,2023-05-05,20,7.528885781764984
99_sik,2023-05-05,30,6.742240682244301
99_sik,2023-05-05,40,6.044953778386116
99_sik,2023-05-05,50,5.853053390979767
99_sik,2023-05-05,65,5.792260520160198
99_sik,2023-05-05,80,5.841334283351898
99_sik,2023-05-06,5,8.076021619141102
99_sik,2023-05-06,10,7.730307944118977
99_sik,2023-05-06,15,7.6292306408286095
99_sik,2023-05-06,20,7.577959544956684
99_sik,2023-05-06,30,6.594286948442459
99_sik,2023-05-06,40,5.9555955827236176
99_sik,2023-05-06,50,5.817163623869419
99_sik,2023-05-06,65,5.784203633666039
99_sik,2023-05-06,80,5.846461392939091
99_sik,2023-05-07,5,8.270851783454418
99_sik,2023-05-07,10,7.832117691636085
99_sik,2023-05-07,15,7.65413374453783
99_sik,2023-05-07,20,7.507644899189472
99_sik,2023-05-07,30,6.382610566914082
99_sik,2023-05-07,40,5.841334283351898
99_sik,2023-05-07,50,5.760032974183559
99_sik,2023-05-07,65,5.778344079852104
99_sik,2023-05-07,80,5.864772498607636
99_sik,2023-05-08,5,8.344828650355339
99_sik,2023-05-08,10,7.751548826694488
99_sik,2023-05-08,15,7.423413813114166
99_sik,2023-05-08,20,7.222724094986916
99_sik,2023-05-08,30,6.1621448546648026
99_sik,2023-05-08,40,5.727805428206921
99_sik,2023-05-08,50,5.69484543800354
99_sik,2023-05-08,65,5.789330743253231
99_sik,2023-05-08,80,5.897732488811016
99_sik,2023-05-09,5,8.323587767779827
99_sik,2023-05-09,10,7.689291067421436
99_sik,2023-05-09,15,7.180242329835892
99_sik,2023-05-09,20,6.948057509958744
99_sik,2023-05-09,30,5.998809792101383
99_sik,2023-05-09,40,5.648701451718807
99_sik,2023-05-09,50,5.650166340172291
99_sik,2023-05-09,65,5.8010498508811
99_sik,2023-05-09,80,5.926297813653946
99_sik,2023-05-10,5,8.329447321593761
99_sik,2023-05-10,10,7.684163957834244
99_sik,2023-05-10,15,7.015442378818989
99_sik,2023-05-10,20,6.759086899459362
99_sik,2023-05-10,30,5.880886271595955
99_sik,2023-05-10,40,5.58864102512598
99_sik,2023-05-10,50,5.614276573061943
99_sik,2023-05-10,65,5.8017822951078415
99_sik,2023-05-10,80,5.946073807775974
99_sik,2023-05-11,5,8.438581511378288
99_sik,2023-05-11,10,7.826258137822151
99_sik,2023-05-11,15,7.033753484487534
99_sik,2023-05-11,20,6.7502975687384605
99_sik,2023-05-11,30,5.814233846962452
99_sik,2023-05-11,40,5.532242819666863
99_sik,2023-05-11,50,5.565202809870243
99_sik,2023-05-11,65,5.767357416450977
99_sik,2023-05-11,80,5.9453413635492325
99_sik,2023-05-12,5,8.50083927065134
99_sik,2023-05-12,10,7.92806788533926
99_sik,2023-05-12,15,7.06891080737114
99_sik,2023-05-12,20,6.755424678325653
99_sik,2023-05-12,30,5.739524535834789
99_sik,2023-05-12,40,5.4795068353414536
99_sik,2023-05-12,50,5.5183263793587685
99_sik,2023-05-12,65,5.7248756512999535
99_sik,2023-05-12,80,5.936552032828331
99_sik,2023-05-13,5,8.681752994656563
99_sik,2023-05-13,10,8.021088302135468
99_sik,2023-05-13,15,7.1004059091210365
99_sik,2023-05-13,20,6.74590290337801
99_sik,2023-05-13,30,5.651631228625774
99_sik,2023-05-13,40,5.425305962562561
99_sik,2023-05-13,50,5.474379725754261
99_sik,2023-05-13,65,5.68678855150938
99_sik,2023-05-13,80,5.9314249232411385
99_sik,2023-05-14,5,8.931516475975513
99_sik,2023-05-14,10,8.033539853990078
99_sik,2023-05-14,15,7.014709934592247
99_sik,2023-05-14,20,6.61919005215168
99_sik,2023-05-14,30,5.538834817707539
99_sik,2023-05-14,40,5.364513091742992
99_sik,2023-05-14,50,5.42896818369627
99_sik,2023-05-14,65,5.658955670893192
99_sik,2023-05-14,80,5.933622255921364
99_sik,2023-05-15,5,9.084597319364548
99_sik,2023-05-15,10,7.812341697514057
99_sik,2023-05-15,15,6.723929576575756
99_sik,2023-05-15,20,6.327677249908447
99_sik,2023-05-15,30,5.38795130699873
99_sik,2023-05-15,40,5.297128222882748
99_sik,2023-05-15,50,5.382091753184795
99_sik,2023-05-15,65,5.641377009451389
99_sik,2023-05-15,80,5.9241004809737206
99_sik,2023-05-16,5,9.13440352678299
99_sik,2023-05-16,10,7.679769292473793
99_sik,2023-05-16,15,6.526169635355473
99_sik,2023-05-16,20,6.143101304769516
99_sik,2023-05-16,30,5.267830453813076
99_sik,2023-05-16,40,5.226081132888794
99_sik,2023-05-16,50,5.327890880405903
99_sik,2023-05-16,65,5.631122790277004
99_sik,2023-05-16,80,5.898464933037758
99_sik,2023-05-17,5,9.26184882223606
99_sik,2023-05-17,10,7.660725742578506
99_sik,2023-05-17,15,6.46391187608242
99_sik,2023-05-17,20,6.07937865704298
99_sik,2023-05-17,30,5.2099673599004745
99_sik,2023-05-17,40,5.185796700417996
99_sik,2023-05-17,50,5.297860667109489
99_sik,2023-05-17,65,5.629657901823521
99_sik,2023-05-17,80,5.88308360427618
99_sik,2023-05-18,5,9.386364340782166
99_sik,2023-05-18,10,7.78084659576416
99_sik,2023-05-18,15,6.567186512053013
99_sik,2023-05-18,20,6.176061294972897
99_sik,2023-05-18,30,5.251716680824757
99_sik,2023-05-18,40,5.194586031138897
99_sik,2023-05-18,50,5.304452665150166
99_sik,2023-05-18,65,5.64577167481184
99_sik,2023-05-18,80,5.883816048502922
99_sik,2023-05-19,5,9.579729616641998
99_sik,2023-05-19,10,7.887783452868462
99_sik,2023-05-19,15,6.649952709674835
99_sik,2023-05-19,20,6.2742088213562965
99_sik,2023-05-19,30,5.327158436179161
99_sik,2023-05-19,40,5.221686467528343
99_sik,2023-05-19,50,5.324228659272194
99_sik,2023-05-19,65,5.662617892026901
99_sik,2023-05-19,80,5.894802711904049
99_sik,2023-05-20,5,9.865382865071297
99_sik,2023-05-20,10,7.932462550699711
99_sik,2023-05-20,15,6.641895823180676
99_sik,2023-05-20,20,6.282998152077198
99_sik,2023-05-20,30,5.379161976277828
99_sik,2023-05-20,40,5.270760230720043
99_sik,2023-05-20,50,5.366710424423218
99_sik,2023-05-20,65,5.681661441922188
99_sik,2023-05-20,80,5.905789375305176
99_sik,2023-05-21,5,9.715964242815971
99_sik,2023-05-21,10,8.043794073164463
99_sik,2023-05-21,15,6.585497617721558
99_sik,2023-05-21,20,6.231727056205273
99_sik,2023-05-21,30,5.372569978237152
99_sik,2023-05-21,40,5.297860667109489
99_sik,2023-05-21,50,5.390881083905697
99_sik,2023-05-21,65,5.705099657177925
99_sik,2023-05-21,80,5.900662265717983
99_sik,2023-05-22,5,10.044099256396294
99_sik,2023-05-22,10,8.275246448814869
99_sik,2023-05-22,15,6.730521574616432
99_sik,2023-05-22,20,6.3547776862978935
99_sik,2023-05-22,30,5.412121966481209
99_sik,2023-05-22,40,5.305185109376907
99_sik,2023-05-22,50,5.385753974318504
99_sik,2023-05-22,65,5.718283653259277
99_sik,2023-05-22,80,5.885280936956406
99_sik,2023-05-23,5,10.256508082151411
99_sik,2023-05-23,10,8.489120163023472
99_sik,2023-05-23,15,6.908505521714687
99_sik,2023-05-23,20,6.518845193088055
99_sik,2023-05-23,30,5.500015273690224
99_sik,2023-05-23,40,5.33082065731287
99_sik,2023-05-23,50,5.3923459723591805
99_sik,2023-05-23,65,5.72341076284647
99_sik,2023-05-23,80,5.876491606235504
99_sik,2023-05-24,5,10.59416487067938
99_sik,2023-05-24,10,8.809198290109634
99_sik,2023-05-24,15,7.120914347469807
99_sik,2023-05-24,20,6.707815803587437
99_sik,2023-05-24,30,5.621601015329361
99_sik,2023-05-24,40,5.391613528132439
99_sik,2023-05-24,50,5.43702507019043
99_sik,2023-05-24,65,5.729270316660404
99_sik,2023-05-24,80,5.876491606235504
99_sik,2023-05-25,5,10.757499933242798
99_sik,2023-05-25,10,9.028931558132172
99_sik,2023-05-25,15,7.33918272703886
99_sik,2023-05-25,20,6.900448635220528
99_sik,2023-05-25,30,5.7527085319161415
99_sik,2023-05-25,40,5.47804194688797
99_sik,2023-05-25,50,5.5066072717309
99_sik,2023-05-25,65,5.742454312741756
99_sik,2023-05-25,80,5.8786889389157295
99_sik,2023-05-26,5,10.808771029114723
99_sik,2023-05-26,10,9.123416863381864
99_sik,2023-05-26,15,7.446852028369904
99_sik,2023-05-26,20,6.983947277069092
99_sik,2023-05-26,30,5.81350140273571
99_sik,2023-05-26,40,5.545426815748215
99_sik,2023-05-26,50,5.556413479149342
99_sik,2023-05-26,65,5.759300529956818
99_sik,2023-05-26,80,5.876491606235504
99_sik,2023-05-27,5,10.910580776631832
99_sik,2023-05-27,10,9.206183061003683
99_sik,2023-05-27,15,7.536210224032402
99_sik,2023-05-27,20,7.057924143970013
99_sik,2023-05-27,30,5.875026717782021
99_sik,2023-05-27,40,5.599627688527107
99_sik,2023-05-27,50,5.590105913579464
99_sik,2023-05-27,65,5.771752081811428
99_sik,2023-05-27,80,5.874294273555279
99_sik,2023-05-28,5,11.021912299096584
99_sik,2023-05-28,10,9.288949258625507
99_sik,2023-05-28,15,7.629963085055351
99_sik,2023-05-28,20,7.145085006952286
99_sik,2023-05-28,30,5.962187580764294
99_sik,2023-05-28,40,5.661153003573418
99_sik,2023-05-28,50,5.632587678730488
99_sik,2023-05-28,65,5.787133410573006
99_sik,2023-05-28,80,5.872096940875053
99_sik,2023-05-29,5,11.46577350050211
99_sik,2023-05-29,10,9.606097608804705
99_sik,2023-05-29,15,7.883388787508011
99_sik,2023-05-29,20,7.371410273015499
99_sik,2023-05-29,30,6.116733312606812
99_sik,2023-05-29,40,5.759300529956818
99_sik,2023-05-29,50,5.706564545631409
99_sik,2023-05-29,65,5.8193609565496445
99_sik,2023-05-29,80,5.875026717782021
99_sik,2023-05-30,5,11.991668455302715
99_sik,2023-05-30,10,9.976714387536047
99_sik,2023-05-30,15,8.199804693460464
99_sik,2023-05-30,20,7.681966625154018
99_sik,2023-05-30,30,6.3445234671235085
99_sik,2023-05-30,40,5.912381373345852
99_sik,2023-05-30,50,5.831080064177513
99_sik,2023-05-30,65,5.8786889389157295
99_sik,2023-05-30,80,5.887478269636631
99_sik,2023-05-31,5,12.19016084074974
99_sik,2023-05-31,10,10.212561428546906
99_sik,2023-05-31,15,8.442243732511997
99_sik,2023-05-31,20,7.947843879461288
99_sik,2023-05-31,30,6.5789056196808815
99_sik,2023-05-31,40,6.091830208897591
99_sik,2023-05-31,50,5.987823128700256
99_sik,2023-05-31,65,5.954130694270134
99_sik,2023-05-31,80,5.897000044584274
99_sik,2023-06-01,5,12.387188337743282
99_sik,2023-06-01,10,10.383953377604485
99_sik,2023-06-01,15,8.637073896825314
99_sik,2023-06-01,20,8.15732292830944
99_sik,2023-06-01,30,6.743705570697784
99_sik,2023-06-01,40,6.224402613937855
99_sik,2023-06-01,50,6.096957318484783
99_sik,2023-06-01,65,5.990020461380482
99_sik,2023-06-01,80,5.894070267677307
99_sik,2023-06-02,5,12.458235427737236
99_sik,2023-06-02,10,10.436689361929892
99_sik,2023-06-02,15,8.796746738255024
99_sik,2023-06-02,20,8.303079329431057
99_sik,2023-06-02,30,6.816949993371964
99_sik,2023-06-02,40,6.281533263623714
99_sik,2023-06-02,50,6.135776862502098
99_sik,2023-06-02,65,5.984893351793289
99_sik,2023-06-02,80,5.890408046543598
99_sik,2023-06-03,5,12.994384601712229
99_sik,2023-06-03,10,11.02850429713726
99_sik,2023-06-03,15,9.362926125526428
99_sik,2023-06-03,20,8.813592955470085
99_sik,2023-06-03,30,7.027893930673599
99_sik,2023-06-03,40,6.420697666704655
99_sik,2023-06-03,50,6.23465683311224
99_sik,2023-06-03,65,6.013458676636219
99_sik,2023-06-03,80,5.897732488811016
99_sik,2023-06-04,5,13.2287667542696
99_sik,2023-06-04,10,11.491409048438072
99_sik,2023-06-04,15,10.01773126423359
99_sik,2023-06-04,20,9.455214098095894
99_sik,2023-06-04,30,7.33478806167841
99_sik,2023-06-04,40,6.654347375035286
99_sik,2023-06-04,50,6.436078995466232
99_sik,2023-06-04,65,6.110141314566135
99_sik,2023-06-04,80,5.920438259840012
99_sik,2023-06-05,5,13.296151623129845
99_sik,2023-06-05,10,11.87081515789032
99_sik,2023-06-05,15,10.576586209237576
99_sik,2023-06-05,20,10.002349935472012
99_sik,2023-06-05,30,7.631427973508835
99_sik,2023-06-05,40,6.879207752645016
99_sik,2023-06-05,50,6.633838936686516
99_sik,2023-06-05,65,6.213415950536728
99_sik,2023-06-05,80,5.933622255921364
99_sik,2023-06-06,5,13.309335619211195
99_sik,2023-06-06,10,11.98580890148878
99_sik,2023-06-06,15,10.82341991364956
99_sik,2023-06-06,20,10.183996103703976
99_sik,2023-06-06,30,7.728843055665493
99_sik,2023-06-06,40,6.9605090618133545
99_sik,2023-06-06,50,6.689504697918892
99_sik,2023-06-06,65,6.231727056205273
99_sik,2023-06-06,80,5.918240927159786
99_sik,2023-06-07,5,13.21265298128128
99_sik,2023-06-07,10,11.933805361390114
99_sik,2023-06-07,15,10.74578082561493
99_sik,2023-06-07,20,10.033112592995169
99_sik,2023-06-07,30,7.679036848247051
99_sik,2023-06-07,40,6.923886850476265
99_sik,2023-06-07,50,6.630909159779549
99_sik,2023-06-07,65,6.158482633531094
99_sik,2023-06-07,80,5.895535156130791
99_sik,2023-06-08,5,13.143803223967552
99_sik,2023-06-08,10,11.701620541512966
99_sik,2023-06-08,15,10.450605802237988
99_sik,2023-06-08,20,9.775292225182056
99_sik,2023-06-08,30,7.618243977427483
99_sik,2023-06-08,40,6.851374872028828
99_sik,2023-06-08,50,6.544480741024017
99_sik,2023-06-08,65,6.036896891891956
99_sik,2023-06-08,80,5.860377833247185
99_sik,2023-06-09,5,13.099856570363045
99_sik,2023-06-09,10,10.894467003643513
99_sik,2023-06-09,15,9.488174088299274
99_sik,2023-06-09,20,8.94250313937664
99_sik,2023-06-09,30,7.295236073434353
99_sik,2023-06-09,40,6.580370508134365
99_sik,2023-06-09,50,6.351847909390926
99_sik,2023-06-09,65,5.844264060258865
99_sik,2023-06-09,80,5.81350140273571
99_sik,2023-06-10,5,12.589342944324017
99_sik,2023-06-10,10,11.046815402805803
99_sik,2023-06-10,15,9.059694215655329
99_sik,2023-06-10,20,8.604113906621933
99_sik,2023-06-10,30,7.156071670353413
99_sik,2023-06-10,40,6.412640780210495
99_sik,2023-06-10,50,6.22659994661808
99_sik,2023-06-10,65,5.701437436044216
99_sik,2023-06-10,80,5.7563707530498505
99_sik,2023-06-11,5,12.796624660491943
99_sik,2023-06-11,10,11.009460747241974
99_sik,2023-06-11,15,8.993041791021824
99_sik,2023-06-11,20,8.57042147219181
99_sik,2023-06-11,30,7.208807654678822
99_sik,2023-06-11,40,6.415570557117462
99_sik,2023-06-11,50,6.205359064042568
99_sik,2023-06-11,65,5.643574342131615
99_sik,2023-06-11,80,5.718283653259277
99_sik,2023-06-12,5,13.061769470572472
99_sik,2023-06-12,10,11.293649107217789
99_sik,2023-06-12,15,9.278695039451122
99_sik,2023-06-12,20,8.87658315896988
99_sik,2023-06-12,30,7.476149797439575
99_sik,2023-06-12,40,6.555467404425144
99_sik,2023-06-12,50,6.263954602181912
99_sik,2023-06-12,65,5.606219686567783
99_sik,2023-06-12,80,5.691183216869831
99_sik,2023-06-13,5,13.123294785618782
99_sik,2023-06-13,10,11.702352985739708
99_sik,2023-06-13,15,9.6375927105546
99_sik,2023-06-13,20,9.193731509149076
99_sik,2023-06-13,30,7.73177283257246
99_sik,2023-06-13,40,6.712210468947887
99_sik,2023-06-13,50,6.355510130524635
99_sik,2023-06-13,65,5.605487242341042
99_sik,2023-06-13,80,5.667745001614094
99_sik,2023-06-14,5,13.13501389324665
99_sik,2023-06-14,10,11.889858707785606
99_sik,2023-06-14,15,9.910061962902546
99_sik,2023-06-14,20,9.410535000264645
99_sik,2023-06-14,30,7.934659883379936
99_sik,2023-06-14,40,6.875545531511307
99_sik,2023-06-14,50,6.4807580932974815
99_sik,2023-06-14,65,5.6443067863583565
99_sik,2023-06-14,80,5.649433895945549
99_sik,2023-06-15,5,13.239753417670729
99_sik,2023-06-15,10,12.090548425912855
99_sik,2023-06-15,15,10.09537035226822
99_sik,2023-06-15,20,9.508682526648045
99_sik,2023-06-15,30,7.970549650490284
99_sik,2023-06-15,40,6.955381952226162
99_sik,2023-06-15,50,6.552537627518177
99_sik,2023-06-15,65,5.716818764805794
99_sik,2023-06-15,80,5.641377009451389
99_sik,2023-06-16,5,13.521744444966316
99_sik,2023-06-16,10,12.1491439640522
99_sik,2023-06-16,15,10.110019236803057
99_sik,2023-06-16,20,9.475722536444664
99_sik,2023-06-16,30,7.917813666164875
99_sik,2023-06-16,40,6.993469052016735
99_sik,2023-06-16,50,6.606006056070328
99_sik,2023-06-16,65,5.807641848921776
99_sik,2023-06-16,80,5.63771478831768
99_sik,2023-06-17,5,14.42265084385872
99_sik,2023-06-17,10,12.352031014859676
99_sik,2023-06-17,15,10.228675201535223
99_sik,2023-06-17,20,9.538712739944458
99_sik,2023-06-17,30,7.972746983170509
99_sik,2023-06-17,40,7.123111680150032
99_sik,2023-06-17,50,6.748832680284977
99_sik,2023-06-17,65,5.9314249232411385
99_sik,2023-06-17,80,5.639912120997906
99_sik,2023-06-18,5,14.966124460101128
99_sik,2023-06-18,10,12.667714476585388
99_sik,2023-06-18,15,10.340006723999975
99_sik,2023-06-18,20,9.591448724269869
99_sik,2023-06-18,30,8.029145188629627
99_sik,2023-06-18,40,7.216864541172981
99_sik,2023-06-18,50,6.857966870069504
99_sik,2023-06-18,65,6.042756445705891
99_sik,2023-06-18,80,5.656758338212967
99_sik,2023-06-19,5,15.197576835751534
99_sik,2023-06-19,10,13.026612147688866
99_sik,2023-06-19,15,10.415448479354382
99_sik,2023-06-19,20,9.630268268287182
99_sik,2023-06-19,30,8.084810949862003
99_sik,2023-06-19,40,7.223456539213657
99_sik,2023-06-19,50,6.851374872028828
99_sik,2023-06-19,65,6.154087968170643
99_sik,2023-06-19,80,5.668477445840836
99_sik,2023-06-20,5,15.56013672798872
99_sik,2023-06-20,10,13.30201117694378
99_sik,2023-06-20,15,10.456465356051922
99_sik,2023-06-20,20,9.647846929728985
99_sik,2023-06-20,30,8.047456294298172
99_sik,2023-06-20,40,7.10187079757452
99_sik,2023-06-20,50,6.740043349564076
99_sik,2023-06-20,65,6.1797235161066055
99_sik,2023-06-20,80,5.645039230585098
99_sik,2023-06-21,5,15.671468250453472
99_sik,2023-06-21,10,13.29834895581007
99_sik,2023-06-21,15,10.329752504825592
99_sik,2023-06-21,20,9.540177628397942
99_sik,2023-06-21,30,7.873867012560368
99_sik,2023-06-21,40,6.896786414086819
99_sik,2023-06-21,50,6.584765173494816
99_sik,2023-06-21,65,6.131382197141647
99_sik,2023-06-21,80,5.618671238422394
99_sik,2023-06-22,5,15.686117134988308
99_sik,2023-06-22,10,12.724112682044506
99_sik,2023-06-22,15,9.986968606710434
99_sik,2023-06-22,20,9.272103041410446
99_sik,2023-06-22,30,7.672444850206375
99_sik,2023-06-22,40,6.748100236058235
99_sik,2023-06-22,50,6.499801643192768
99_sik,2023-06-22,65,6.1028168722987175
99_sik,2023-06-22,80,5.625995680689812
99_sik,2023-06-23,5,15.0935697555542
99_sik,2023-06-23,10,12.420148327946665
99_sik,2023-06-23,15,9.820703767240047
99_sik,2023-06-23,20,9.146122634410858
99_sik,2023-06-23,30,7.598467983305454
99_sik,2023-06-23,40,6.714407801628113
99_sik,2023-06-23,50,6.491744756698608
99_sik,2023-06-23,65,6.114535979926586
99_sik,2023-06-23,80,5.66188544780016
99_sik,2023-06-24,5,14.79546495527029
99_sik,2023-06-24,10,12.66039003431797
99_sik,2023-06-24,15,9.982573941349983
99_sik,2023-06-24,20,9.264778599143028
99_sik,2023-06-24,30,7.662923075258732
99_sik,2023-06-24,40,6.756157122552395
99_sik,2023-06-24,50,6.510788306593895
99_sik,2023-06-24,65,6.100619539618492
99_sik,2023-06-24,80,5.684591218829155
99_sik,2023-06-25,5,14.790337845683098
99_sik,2023-06-25,10,12.760734893381596
99_sik,2023-06-25,15,10.174474328756332
99_sik,2023-06-25,20,9.41639455407858
99_sik,2023-06-25,30,7.753013715147972
99_sik,2023-06-25,40,6.822077102959156
99_sik,2023-06-25,50,6.543748296797276
99_sik,2023-06-25,65,6.077181324362755
99_sik,2023-06-25,80,5.699240103363991
99_sik,2023-06-26,5,14.81597339361906
99_sik,2023-06-26,10,12.776116222143171
99_sik,2023-06-26,15,10.25943785905838
99_sik,2023-06-26,20,9.493301197886469
99_sik,2023-06-26,30,7.802087478339672
99_sik,2023-06-26,40,6.870418421924114
99_sik,2023-06-26,50,6.571581177413464
99_sik,2023-06-26,65,6.055207997560501
99_sik,2023-06-26,80,5.710226766765118
99_sik,2023-06-27,5,14.894344925880432
99_sik,2023-06-27,10,12.818597987294195
99_sik,2023-06-27,15,10.280678741633892
99_sik,2023-06-27,20,9.507950082421305
99_sik,2023-06-27,30,7.791833259165287
99_sik,2023-06-27,40,6.868221089243889
99_sik,2023-06-27,50,6.567918956279755
99_sik,2023-06-27,65,6.026642672717571
99_sik,2023-06-27,80,5.716818764805794
99_sik,2023-06-28,5,14.919248029589651
99_sik,2023-06-28,10,12.86913663893938
99_sik,2023-06-28,15,10.360515162348747
99_sik,2023-06-28,20,9.577532283961771
99_sik,2023-06-28,30,7.811609253287315
99_sik,2023-06-28,40,6.874813087284565
99_sik,2023-06-28,50,6.564256735146046
99_sik,2023-06-28,65,6.003936901688576
99_sik,2023-06-28,80,5.719016097486019
99_sik,2023-06-29,5,15.023255109786987
99_sik,2023-06-29,10,13.077883243560793
99_sik,2023-06-29,15,10.609546199440956
99_sik,2023-06-29,20,9.795800663530828
99_sik,2023-06-29,30,7.918546110391617
99_sik,2023-06-29,40,6.937803290784359
99_sik,2023-06-29,50,6.588427394628525
99_sik,2023-06-29,65,5.999542236328125
99_sik,2023-06-29,80,5.714621432125568
99_sik,2023-06-30,5,15.018128000199797
99_sik,2023-06-30,10,13.085207685828207
99_sik,2023-06-30,15,10.693777285516262
99_sik,2023-06-30,20,9.886623747646809
99_sik,2023-06-30,30,7.971282094717026
99_sik,2023-06-30,40,6.979552611708641
99_sik,2023-06-30,50,6.605273611843586
99_sik,2023-06-30,65,6.005401790142059
99_sik,2023-06-30,80,5.705099657177925
99_sik,2023-07-01,5,15.803308211266994
99_sik,2023-07-01,10,13.442640468478205
99_sik,2023-07-01,15,11.09369183331728
99_sik,2023-07-01,20,10.270424522459509
99_sik,2023-07-01,30,8.201269581913948
99_sik,2023-07-01,40,7.1143223494291306
99_sik,2023-07-01,50,6.674855813384056
99_sik,2023-07-01,65,6.018585786223412
99_sik,2023-07-01,80,5.691915661096573
99_sik,2023-07-02,5,16.039887696504593
99_sik,2023-07-02,10,13.742210157215595
99_sik,2023-07-02,15,11.436475731432438
99_sik,2023-07-02,20,10.606616422533987
99_sik,2023-07-02,30,8.433454401791096
99_sik,2023-07-02,40,7.24909208714962
99_sik,2023-07-02,50,6.743705570697784
99_sik,2023-07-02,65,5.980498686432838
99_sik,2023-07-02,80,5.669209890067577
99_sik,2023-07-03,5,16.044282361865044
99_sik,2023-07-03,10,13.84255501627922
99_sik,2023-07-03,15,11.454786837100984
99_sik,2023-07-03,20,10.61980041861534
99_sik,2023-07-03,30,8.415875740349293
99_sik,2023-07-03,40,7.191228993237019
99_sik,2023-07-03,50,6.67632070183754
99_sik,2023-07-03,65,5.880886271595955
99_sik,2023-07-03,80,5.641377009451389
99_sik,2023-07-04,5,16.199560537934303
99_sik,2023-07-04,10,14.033722959458828
99_sik,2023-07-04,15,11.602740570902824
99_sik,2023-07-04,20,10.750907935202122
99_sik,2023-07-04,30,8.441511288285255
99_sik,2023-07-04,40,7.148014783859253
99_sik,2023-07-04,50,6.619922496378422
99_sik,2023-07-04,65,5.785668522119522
99_sik,2023-07-04,80,5.595965467393398
99_sik,2023-07-05,5,16.315286725759506
99_sik,2023-07-05,10,13.941434986889362
99_sik,2023-07-05,15,11.478957496583462
99_sik,2023-07-05,20,10.628589749336244
99_sik,2023-07-05,30,8.289895333349705
99_sik,2023-07-05,40,7.013245046138763
99_sik,2023-07-05,50,6.526169635355473
99_sik,2023-07-05,65,5.726340539753437
99_sik,2023-07-05,80,5.571062363684177
99_sik,2023-07-06,5,16.8690145611763
99_sik,2023-07-06,10,13.84182257205248
99_sik,2023-07-06,15,11.305368214845656
99_sik,2023-07-06,20,10.450605802237988
99_sik,2023-07-06,30,8.106784276664257
99_sik,2023-07-06,40,6.874813087284565
99_sik,2023-07-06,50,6.4705038741230965
99_sik,2023-07-06,65,5.781273856759071
99_sik,2023-07-06,80,5.5952330231666565
99_sik,2023-07-07,5,17.15173803269863
99_sik,2023-07-07,10,14.18167669326067
99_sik,2023-07-07,15,11.504593044519424
99_sik,2023-07-07,20,10.589037761092186
99_sik,2023-07-07,30,8.130954936146736
99_sik,2023-07-07,40,6.871883310377598
99_sik,2023-07-07,50,6.4880825355648994
99_sik,2023-07-07,65,5.8501236140728
99_sik,2023-07-07,80,5.628193013370037
99_sik,2023-07-08,5,17.169316694140434
99_sik,2023-07-08,10,14.395550407469273
99_sik,2023-07-08,15,11.561723694205284
99_sik,2023-07-08,20,10.599291980266573
99_sik,2023-07-08,30,8.092135392129421
99_sik,2023-07-08,40,6.8623615354299545
99_sik,2023-07-08,50,6.481490537524223
99_sik,2023-07-08,65,5.879421383142471
99_sik,2023-07-08,80,5.636982344090939
99_sik,2023-07-09,5,17.178106024861336
99_sik,2023-07-09,10,14.514938816428185
99_sik,2023-07-09,15,11.655476555228232
99_sik,2023-07-09,20,10.666676849126816
99_sik,2023-07-09,30,8.094332724809647
99_sik,2023-07-09,40,6.866023756563664
99_sik,2023-07-09,50,6.466109208762646
99_sik,2023-07-09,65,5.876491606235504
99_sik,2023-07-09,80,5.6230659037828445
99_sik,2023-07-10,5,17.234504230320454
99_sik,2023-07-10,10,14.716360978782175
99_sik,2023-07-10,15,11.901577815413477
99_sik,2023-07-10,20,10.892269670963287
99_sik,2023-07-10,30,8.198339805006981
99_sik,2023-07-10,40,6.915829963982105
99_sik,2023-07-10,50,6.476363427937031
99_sik,2023-07-10,65,5.85451827943325
99_sik,2023-07-10,80,5.607684575021267
99_sik,2023-07-11,5,17.22425001114607
99_sik,2023-07-11,10,14.843806274235249
99_sik,2023-07-11,15,12.12057863920927
99_sik,2023-07-11,20,11.109073162078856
99_sik,2023-07-11,30,8.303811773657799
99_sik,2023-07-11,40,6.961973950266838
99_sik,2023-07-11,50,6.49247720092535
99_sik,2023-07-11,65,5.823023177683353
99_sik,2023-07-11,80,5.597430355846882
99_sik,2023-07-12,5,17.230842009186745
99_sik,2023-07-12,10,14.927304916083813
99_sik,2023-07-12,15,12.253883488476276
99_sik,2023-07-12,20,11.242378011345863
99_sik,2023-07-12,30,8.358745090663433
99_sik,2023-07-12,40,6.9780877232551575
99_sik,2023-07-12,50,6.496871866285801
99_sik,2023-07-12,65,5.784203633666039
99_sik,2023-07-12,80,5.586443692445755
99_sik,2023-07-13,5,18.003570668399334
99_sik,2023-07-13,10,15.246650598943232
99_sik,2023-07-13,15,12.546861179172993
99_sik,2023-07-13,20,11.51924192905426
99_sik,2023-07-13,30,8.519150376319885
99_sik,2023-07-13,40,7.053529478609562
99_sik,2023-07-13,50,6.526902079582214
99_sik,2023-07-13,65,5.6933805495500565
99_sik,2023-07-13,80,5.560808144509792
99_sik,2023-07-14,5,18.147862181067467
99_sik,2023-07-14,10,15.352855011820791
99_sik,2023-07-14,15,12.59886471927166
99_sik,2023-07-14,20,11.558061473071575
99_sik,2023-07-14,30,8.542588591575623
99_sik,2023-07-14,40,7.055726811289787
99_sik,2023-07-14,50,6.50053408741951
99_sik,2023-07-14,65,5.522721044719219
99_sik,2023-07-14,80,5.51905882358551
99_sik,2023-07-15,5,17.85854671150446
99_sik,2023-07-15,10,14.637989446520804
99_sik,2023-07-15,15,11.849574275314808
99_sik,2023-07-15,20,10.854915015399456
99_sik,2023-07-15,30,8.065767399966717
99_sik,2023-07-15,40,6.781060226261616
99_sik,2023-07-15,50,6.354045242071152
99_sik,2023-07-15,65,5.471449948847294
99_sik,2023-07-15,80,5.491958387196064
99_sik,2023-07-16,5,17.728904083371162
99_sik,2023-07-16,10,14.847468495368958
99_sik,2023-07-16,15,12.009247116744518
99_sik,2023-07-16,20,11.01239052414894
99_sik,2023-07-16,30,8.111178942024708
99_sik,2023-07-16,40,6.765678897500038
99_sik,2023-07-16,50,6.391399897634983
99_sik,2023-07-16,65,5.595965467393398
99_sik,2023-07-16,80,5.517593935132027
99_sik,2023-07-17,5,17.76479385048151
99_sik,2023-07-17,10,15.22101505100727
99_sik,2023-07-17,15,12.278786592185496
99_sik,2023-07-17,20,11.254097118973732
99_sik,2023-07-17,30,8.192480251193047
99_sik,2023-07-17,40,6.811822883784771
99_sik,2023-07-17,50,6.447065658867359
99_sik,2023-07-17,65,5.722678318619728
99_sik,2023-07-17,80,5.558610811829567
99_sik,2023-07-18,5,17.74794763326645
99_sik,2023-07-18,10,15.456129647791386
99_sik,2023-07-18,15,12.473616756498814
99_sik,2023-07-18,20,11.443800173699856
99_sik,2023-07-18,30,8.223975352942944
99_sik,2023-07-18,40,6.828669100999832
99_sik,2023-07-18,50,6.466109208762646
99_sik,2023-07-18,65,5.791528075933456
99_sik,2023-07-18,80,5.583513915538788
99_sik,2023-07-19,5,17.890041813254356
99_sik,2023-07-19,10,15.67439802736044
99_sik,2023-07-19,15,12.669179365038872
99_sik,2023-07-19,20,11.636433005332949
99_sik,2023-07-19,30,8.305276662111282
99_sik,2023-07-19,40,6.861629091203213
99_sik,2023-07-19,50,6.48002564907074
99_sik,2023-07-19,65,5.814966291189194
99_sik,2023-07-19,80,5.584978803992271
99_sik,2023-07-20,5,18.24747459590435
99_sik,2023-07-20,10,15.979094825685024
99_sik,2023-07-20,15,13.033936589956284
99_sik,2023-07-20,20,12.002655118703842
99_sik,2023-07-20,30,8.538926370441914
99_sik,2023-07-20,40,6.945127733051777
99_sik,2023-07-20,50,6.525437191128731
99_sik,2023-07-20,65,5.842799171805382
99_sik,2023-07-20,80,5.58864102512598
99_sik,2023-07-21,5,18.59465315937996
99_sik,2023-07-21,10,16.383404038846493
99_sik,2023-07-21,15,13.556901767849922
99_sik,2023-07-21,20,12.540269181132317
99_sik,2023-07-21,30,8.938840918242931
99_sik,2023-07-21,40,7.123111680150032
99_sik,2023-07-21,50,6.619922496378422
99_sik,2023-07-21,65,5.869167163968086
99_sik,2023-07-21,80,5.598895244300365
99_sik,2023-07-22,5,18.813653983175755
99_sik,2023-07-22,10,16.682241283357143
99_sik,2023-07-22,15,13.96560564637184
99_sik,2023-07-22,20,12.957029946148396
99_sik,2023-07-22,30,9.258919045329094
99_sik,2023-07-22,40,7.271797858178616
99_sik,2023-07-22,50,6.696096695959568
99_sik,2023-07-22,65,5.872096940875053
99_sik,2023-07-22,80,5.598895244300365
99_sik,2023-07-23,5,18.858333081007004
99_sik,2023-07-23,10,16.85729545354843
99_sik,2023-07-23,15,14.273964665830135
99_sik,2023-07-23,20,13.274910740554333
99_sik,2023-07-23,30,9.532120741903782
99_sik,2023-07-23,40,7.417554259300232
99_sik,2023-07-23,50,6.761284232139587
99_sik,2023-07-23,65,5.853785835206509
99_sik,2023-07-23,80,5.574724584817886
99_sik,2023-07-24,5,18.87371440976858
99_sik,2023-07-24,10,17.03674428910017
99_sik,2023-07-24,15,14.601367235183716
99_sik,2023-07-24,20,13.61769463866949
99_sik,2023-07-24,30,9.848536647856236
99_sik,2023-07-24,40,7.60066531598568
99_sik,2023-07-24,50,6.833063766360283
99_sik,2023-07-24,65,5.815698735415936
99_sik,2023-07-24,80,5.532975263893604
99_sik,2023-07-25,5,18.98358104377985
99_sik,2023-07-25,10,17.215460680425167
99_sik,2023-07-25,15,14.837946720421314
99_sik,2023-07-25,20,13.837427906692028
99_sik,2023-07-25,30,10.07119969278574
99_sik,2023-07-25,40,7.738364830613136
99_sik,2023-07-25,50,6.871150866150856
99_sik,2023-07-25,65,5.718283653259277
99_sik,2023-07-25,80,5.475844614207745
99_sik,2023-07-26,5,19.20477920025587
99_sik,2023-07-26,10,17.386120185256004
99_sik,2023-07-26,15,14.952940464019775
99_sik,2023-07-26,20,13.914334550499916
99_sik,2023-07-26,30,10.190588101744652
99_sik,2023-07-26,40,7.810876809060574
99_sik,2023-07-26,50,6.87701041996479
99_sik,2023-07-26,65,5.54762414842844
99_sik,2023-07-26,80,5.42896818369627
99_sik,2023-07-27,5,19.56367687135935
99_sik,2023-07-27,10,17.532609030604362
99_sik,2023-07-27,15,14.986632898449898
99_sik,2023-07-27,20,13.913602106273174
99_sik,2023-07-27,30,10.233802311122416
99_sik,2023-07-27,40,7.834315024316311
99_sik,2023-07-27,50,6.904110856354237
99_sik,2023-07-27,65,5.393078416585922
99_sik,2023-07-27,80,5.375499755144119
99_sik,2023-07-28,5,19.923306986689568
99_sik,2023-07-28,10,17.639545887708664
99_sik,2023-07-28,15,14.960264906287192
99_sik,2023-07-28,20,13.864528343081474
99_sik,2023-07-28,30,10.158360555768011
99_sik,2023-07-28,40,7.791100814938545
99_sik,2023-07-28,50,6.953184619545937
99_sik,2023-07-28,65,5.275887340307236
99_sik,2023-07-28,80,5.293466001749039
99_sik,2023-07-29,5,20.31955931335688
99_sik,2023-07-29,10,17.692281872034073
99_sik,2023-07-29,15,14.908261366188526
99_sik,2023-07-29,20,13.80153813958168
99_sik,2023-07-29,30,10.027985483407974
99_sik,2023-07-29,40,7.775719486176968
99_sik,2023-07-29,50,7.079165026545525
99_sik,2023-07-29,65,5.235602907836437
99_sik,2023-07-29,80,5.245857127010822
99_sik,2023-07-30,5,20.490218818187717
99_sik,2023-07-30,10,17.525284588336945
99_sik,2023-07-30,15,14.722952976822851
99_sik,2023-07-30,20,13.631611078977585
99_sik,2023-07-30,30,9.902737520635128
99_sik,2023-07-30,40,7.837244801223278
99_sik,2023-07-30,50,7.286446742713451
99_sik,2023-07-30,65,5.27369000762701
99_sik,2023-07-30,80,5.264168232679367
99_sik,2023-07-31,5,20.536362804472446
99_sik,2023-07-31,10,17.33045442402363
99_sik,2023-07-31,15,14.546433918178082
99_sik,2023-07-31,20,13.489516898989676
99_sik,2023-07-31,30,9.876369528472424
99_sik,2023-07-31,40,7.9793389812111855
99_sik,2023-07-31,50,7.533280447125435
99_sik,2023-07-31,65,5.352061539888382
99_sik,2023-07-31,80,5.31836910545826
99_sik,2023-08-01,5,20.007538072764877
99_sik,2023-08-01,10,16.80016480386257
99_sik,2023-08-01,15,14.14065981656313
99_sik,2023-08-01,20,13.149662777781488
99_sik,2023-08-01,30,9.789941109716892
99_sik,2023-08-01,40,8.08774072676897
99_sik,2023-08-01,50,7.697347953915596
99_sik,2023-08-01,65,5.445814400911331
99_sik,2023-08-01,80,5.387218862771988
99_sik,2023-08-02,5,19.58052308857441
99_sik,2023-08-02,10,16.48887600749731
99_sik,2023-08-02,15,14.021271407604218
99_sik,2023-08-02,20,13.079348132014276
99_sik,2023-08-02,30,10.036774814128876
99_sik,2023-08-02,40,8.63560900837183
99_sik,2023-08-02,50,8.169774480164051
99_sik,2023-08-02,65,5.648701451718807
99_sik,2023-08-02,80,5.5066072717309
99_sik,2023-08-03,5,19.02899258583784
99_sik,2023-08-03,10,15.990813933312891
99_sik,2023-08-03,15,13.638935521245005
99_sik,2023-08-03,20,12.792229995131493
99_sik,2023-08-03,30,10.036774814128876
99_sik,2023-08-03,40,8.74181342124939
99_sik,2023-08-03,50,8.240821570158005
99_sik,2023-08-03,65,5.765892527997494
99_sik,2023-08-03,80,5.537369929254055
99_sik,2023-08-04,5,18.63493759185076
99_sik,2023-08-04,10,15.607013158500196
99_sik,2023-08-04,15,13.326181836426258
99_sik,2023-08-04,20,12.521958075463772
99_sik,2023-08-04,30,9.9811090528965
99_sik,2023-08-04,40,8.772576078772545
99_sik,2023-08-04,50,8.235694460570812
99_sik,2023-08-04,65,5.872096940875053
99_sik,2023-08-04,80,5.564470365643501
99_sik,2023-08-05,5,18.37858211249113
99_sik,2023-08-05,10,15.293527029454708
99_sik,2023-08-05,15,12.990722380578518
99_sik,2023-08-05,20,12.20627461373806
99_sik,2023-08-05,30,9.873439751565456
99_sik,2023-08-05,40,8.765251636505127
99_sik,2023-08-05,50,8.21005891263485
99_sik,2023-08-05,65,5.965117357671261
99_sik,2023-08-05,80,5.592303246259689
99_sik,2023-08-06,5,18.21085238456726
99_sik,2023-08-06,10,15.037903994321823
99_sik,2023-08-06,15,12.646473594009876
99_sik,2023-08-06,20,11.851039163768291
99_sik,2023-08-06,30,9.680806919932364
99_sik,2023-08-06,40,8.616565458476543
99_sik,2023-08-06,50,8.076754063367844
99_sik,2023-08-06,65,6.044953778386116
99_sik,2023-08-06,80,5.635517455637455
99_sik,2023-08-07,5,18.65031892061233
99_sik,2023-08-07,10,14.960264906287192
99_sik,2023-08-07,15,12.338114574551582
99_sik,2023-08-07,20,11.51484726369381
99_sik,2023-08-07,30,9.345347464084623
99_sik,2023-08-07,40,8.198339805006981
99_sik,2023-08-07,50,7.761070601642132
99_sik,2023-08-07,65,6.044221334159374
99_sik,2023-08-07,80,5.738792091608048
99_sik,2023-08-08,5,19.411328472197056
99_sik,2023-08-08,10,15.742515340447426
99_sik,2023-08-08,15,12.952635280787945
99_sik,2023-08-08,20,12.006317339837551
99_sik,2023-08-08,30,9.235480830073357
99_sik,2023-08-08,40,7.85042879730463
99_sik,2023-08-08,50,7.501052901148796
99_sik,2023-08-08,65,5.866969831287861
99_sik,2023-08-08,80,5.888943158090115
99_sik,2023-08-09,5,20.63963744044304
99_sik,2023-08-09,10,17.745750300586224
99_sik,2023-08-09,15,14.77861873805523
99_sik,2023-08-09,20,13.553239546716211
99_sik,2023-08-09,30,9.94814906269312
99_sik,2023-08-09,40,7.969817206263542
99_sik,2023-08-09,50,7.407300040125847
99_sik,2023-08-09,65,5.832544952630997
99_sik,2023-08-09,80,5.956328026950359
99_sik,2023-08-10,5,21.490737631917
99_sik,2023-08-10,10,18.956480607390404
99_sik,2023-08-10,15,15.975432604551315
99_sik,2023-08-10,20,14.892147593200209
99_sik,2023-08-10,30,11.002136304974556
99_sik,2023-08-10,40,8.632679231464863
99_sik,2023-08-10,50,7.767662599682808
99_sik,2023-08-10,65,5.888210713863373
99_sik,2023-08-10,80,6.068391993641853
99_sik,2023-08-11,5,21.303964354097843
99_sik,2023-08-11,10,19.07367168366909
99_sik,2023-08-11,15,16.190771207213402
99_sik,2023-08-11,20,15.378490559756756
99_sik,2023-08-11,30,11.727256089448929
99_sik,2023-08-11,40,9.43324077129364
99_sik,2023-08-11,50,8.388775303959846
99_sik,2023-08-11,65,6.158482633531094
99_sik,2023-08-11,80,6.12845242023468
99_sik,2023-08-12,5,21.3750114440918
99_sik,2023-08-12,10,19.472853787243366
99_sik,2023-08-12,15,16.573107093572617
99_sik,2023-08-12,20,15.623126931488514
99_sik,2023-08-12,30,12.160130627453327
99_sik,2023-08-12,40,9.87050997465849
99_sik,2023-08-12,50,8.741080977022648
99_sik,2023-08-12,65,6.491012312471867
99_sik,2023-08-12,80,6.158482633531094
99_sik,2023-08-13,5,21.877468183636665
99_sik,2023-08-13,10,20.057344280183315
99_sik,2023-08-13,15,17.072634056210518
99_sik,2023-08-13,20,15.987884156405926
99_sik,2023-08-13,30,12.412823885679243
99_sik,2023-08-13,40,10.115146346390247
99_sik,2023-08-13,50,9.012817785143852
99_sik,2023-08-13,65,6.85650198161602
99_sik,2023-08-13,80,6.21854306012392
99_sik,2023-08-14,5,21.898709066212177
99_sik,2023-08-14,10,20.707022309303284
99_sik,2023-08-14,15,17.869533374905586
99_sik,2023-08-14,20,16.639027073979378
99_sik,2023-08-14,30,12.689687803387642
99_sik,2023-08-14,40,10.15250100195408
99_sik,2023-08-14,50,9.119022198021412
99_sik,2023-08-14,65,6.965636171400547
99_sik,2023-08-14,80,6.304971478879452
99_sik,2023-08-15,5,21.25342570245266
99_sik,2023-08-15,10,21.22119815647602
99_sik,2023-08-15,15,19.432569354772568
99_sik,2023-08-15,20,18.068758204579357
99_sik,2023-08-15,30,13.436048470437528
99_sik,2023-08-15,40,10.036774814128876
99_sik,2023-08-15,50,9.068483546376228
99_sik,2023-08-15,65,6.423627443611622
99_sik,2023-08-15,80,6.395794562995434
99_sik,2023-08-16,5,21.32959990203381
99_sik,2023-08-16,10,21.317148350179195
99_sik,2023-08-16,15,20.97949156165123
99_sik,2023-08-16,20,20.03317362070084
99_sik,2023-08-16,30,15.275215923786163
99_sik,2023-08-16,40,11.073915839195251
99_sik,2023-08-16,50,9.503555417060852
99_sik,2023-08-16,65,6.209021285176277
99_sik,2023-08-16,80,6.430219441652298
99_sik,2023-08-17,5,21.85915707796812
99_sik,2023-08-17,10,21.529557175934315
99_sik,2023-08-17,15,21.493667408823967
99_sik,2023-08-17,20,21.153813287615776
99_sik,2023-08-17,30,16.342387162148952
99_sik,2023-08-17,40,12.584215834736824
99_sik,2023-08-17,50,10.752372823655604
99_sik,2023-08-17,65,6.454390101134777
99_sik,2023-08-17,80,6.4492629915475845
99_sik,2023-08-18,5,22.87578966468573
99_sik,2023-08-18,10,22.490524001419544
99_sik,2023-08-18,15,21.529557175934315
99_sik,2023-08-18,20,21.32813501358032
99_sik,2023-08-18,30,16.91442610323429
99_sik,2023-08-18,40,13.1306192278862
99_sik,2023-08-18,50,11.240180678665638
99_sik,2023-08-18,65,6.964903727173805
99_sik,2023-08-18,80,6.450727880001068
99_sik,2023-08-19,5,23.11456648260355
99_sik,2023-08-19,10,22.88164921849966
99_sik,2023-08-19,15,22.045197911560532
99_sik,2023-08-19,20,21.60939359664917
99_sik,2023-08-19,30,17.013306073844433
99_sik,2023-08-19,40,13.452162243425846
99_sik,2023-08-19,50,11.741172529757025
99_sik,2023-08-19,65,7.467360466718674
99_sik,2023-08-19,80,6.5122531950473785
99_sik,2023-08-20,5,23.181218907237053
99_sik,2023-08-20,10,23.006164737045765
99_sik,2023-08-20,15,22.412152469158173
99_sik,2023-08-20,20,21.782250434160236
99_sik,2023-08-20,30,17.023560293018818
99_sik,2023-08-20,40,13.668965734541416
99_sik,2023-08-20,50,11.759483635425568
99_sik,2023-08-20,65,7.80135503411293
99_sik,2023-08-20,80,6.458052322268486
99_sik,2023-08-21,5,23.277169100940228
99_sik,2023-08-21,10,23.072817161679268
99_sik,2023-08-21,15,22.52055421471596
99_sik,2023-08-21,20,21.746360667049885
99_sik,2023-08-21,30,17.030152291059494
99_sik,2023-08-21,40,13.753929264843464
99_sik,2023-08-21,50,11.607135236263275
99_sik,2023-08-21,65,7.288644075393677
99_sik,2023-08-21,80,6.224402613937855
99_sik,2023-08-22,5,23.43391216546297
99_sik,2023-08-22,10,23.144596695899963
99_sik,2023-08-22,15,22.37772759050131
99_sik,2023-08-22,20,21.41676076501608
99_sik,2023-08-22,30,16.961302533745766
99_sik,2023-08-22,40,13.656514182686806
99_sik,2023-08-22,50,11.71114231646061
99_sik,2023-08-22,65,6.511520750820637
99_sik,2023-08-22,80,6.400921672582626
99_sik,2023-08-23,5,23.59797967225313
99_sik,2023-08-23,10,23.20758689939976
99_sik,2023-08-23,15,22.237830743193623
99_sik,2023-08-23,20,21.173589281737804
99_sik,2023-08-23,30,17.03601184487343
99_sik,2023-08-23,40,13.691671505570412
99_sik,2023-08-23,50,11.91622669994831
99_sik,2023-08-23,65,6.329142138361931
99_sik,2023-08-23,80,6.320352807641029
99_sik,2023-08-24,5,23.751792959868908
99_sik,2023-08-24,10,23.2171086743474
99_sik,2023-08-24,15,22.105990782380104
99_sik,2023-08-24,20,21.01245155185461
99_sik,2023-08-24,30,17.014770962297916
99_sik,2023-08-24,40,13.652119517326357
99_sik,2023-08-24,50,11.848109386861324
99_sik,2023-08-24,65,6.289590150117874
99_sik,2023-08-24,80,6.269814155995846
99_sik,2023-08-25,5,23.83382671326399
99_sik,2023-08-25,10,23.166570022702217
99_sik,2023-08-25,15,21.97415082156658
99_sik,2023-08-25,20,20.93408001959324
99_sik,2023-08-25,30,16.907834105193615
99_sik,2023-08-25,40,13.528336443006992
99_sik,2023-08-25,50,11.640095226466656
99_sik,2023-08-25,65,6.318155474960804
99_sik,2023-08-25,80,6.271279044449329
99_sik,2023-08-26,5,23.933439128100872
99_sik,2023-08-26,10,23.08673360198736
99_sik,2023-08-26,15,21.83352153003216
99_sik,2023-08-26,20,20.841792047023773
99_sik,2023-08-26,30,16.707144387066364
99_sik,2023-08-26,40,13.287362292408943
99_sik,2023-08-26,50,11.406445518136024
99_sik,2023-08-26,65,6.405316337943077
99_sik,2023-08-26,80,6.297647036612034
99_sik,2023-08-27,5,24.175878167152405
99_sik,2023-08-27,10,23.088198490440845
99_sik,2023-08-27,15,21.734641559422016
99_sik,2023-08-27,20,20.76268807053566
99_sik,2023-08-27,30,16.530625328421593
99_sik,2023-08-27,40,13.10205390304327
99_sik,2023-08-27,50,11.329538874328136
99_sik,2023-08-27,65,6.581102952361107
99_sik,2023-08-27,80,6.343058578670025
99_sik,2023-08-28,5,24.646107360720634
99_sik,2023-08-28,10,23.248603776097298
99_sik,2023-08-28,15,21.74782555550337
99_sik,2023-08-28,20,20.769280068576336
99_sik,2023-08-28,30,16.401715144515038
99_sik,2023-08-28,40,13.026612147688866
99_sik,2023-08-28,50,11.369090862572191
99_sik,2023-08-28,65,6.814020216464996
99_sik,2023-08-28,80,6.408978559076786
99_sik,2023-08-29,5,24.710562452673912
99_sik,2023-08-29,10,23.24201177805662
99_sik,2023-08-29,15,21.55299539119005
99_sik,2023-08-29,20,20.52977080643177
99_sik,2023-08-29,30,16.110202342271805
99_sik,2023-08-29,40,12.80761132389307
99_sik,2023-08-29,50,11.251899786293508
99_sik,2023-08-29,65,6.96270639449358
99_sik,2023-08-29,80,6.458052322268486
99_sik,2023-08-30,5,23.50788903236389
99_sik,2023-08-30,10,23.30280464887619
99_sik,2023-08-30,15,20.99853511154652
99_sik,2023-08-30,20,19.732871487736706
99_sik,2023-08-30,30,15.193182170391085
99_sik,2023-08-30,40,11.871547602117062
99_sik,2023-08-30,50,10.577318653464316
99_sik,2023-08-30,65,7.0725730285048485
99_sik,2023-08-30,80,6.606006056070328
99_sik,2023-08-31,5,24.224219486117363
99_sik,2023-08-31,10,23.906338691711422
99_sik,2023-08-31,15,21.65114291757345
99_sik,2023-08-31,20,20.21115756779909
99_sik,2023-08-31,30,15.048158213496208
99_sik,2023-08-31,40,11.66646321862936
99_sik,2023-08-31,50,10.538499109447002
99_sik,2023-08-31,65,6.877742864191532
99_sik,2023-08-31,80,6.95464950799942
99_sik,2023-09-01,5,24.85338907688856
99_sik,2023-09-01,10,24.430768758058548
99_sik,2023-09-01,15,22.252479627728466
99_sik,2023-09-01,20,20.821283608675003
99_sik,2023-09-01,30,15.40412610769272
99_sik,2023-09-01,40,12.231910161674024
99_sik,2023-09-01,50,10.84832301735878
99_sik,2023-09-01,65,7.028626374900341
99_sik,2023-09-01,80,6.993469052016735
99_sik,2023-09-02,5,24.85705129802227
99_sik,2023-09-02,10,24.4754478558898
99_sik,2023-09-02,15,22.73003326356411
99_sik,2023-09-02,20,21.492202520370483
99_sik,2023-09-02,30,16.2222663089633
99_sik,2023-09-02,40,12.81933043152094
99_sik,2023-09-02,50,11.309030435979366
99_sik,2023-09-02,65,7.2967009618878365
99_sik,2023-09-02,80,7.0271614864468575
99_sik,2023-09-03,5,24.728141114115715
99_sik,2023-09-03,10,24.380230106413364
99_sik,2023-09-03,15,22.90289010107517
99_sik,2023-09-03,20,21.758079774677757
99_sik,2023-09-03,30,16.70567949861288
99_sik,2023-09-03,40,13.30201117694378
99_sik,2023-09-03,50,11.798303179442884
99_sik,2023-09-03,65,7.52302622795105
99_sik,2023-09-03,80,7.085757024586201
99_sik,2023-09-04,5,24.73253577947617
99_sik,2023-09-04,10,24.33848078548908
99_sik,2023-09-04,15,22.669972836971283
99_sik,2023-09-04,20,21.48927274346352
99_sik,2023-09-04,30,16.404644921422005
99_sik,2023-09-04,40,13.149662777781488
99_sik,2023-09-04,50,11.828333392739296
99_sik,2023-09-04,65,7.666585296392441
99_sik,2023-09-04,80,7.164861001074314
99_sik,2023-09-05,5,24.77501754462719
99_sik,2023-09-05,10,24.309915460646152
99_sik,2023-09-05,15,22.52861110121012
99_sik,2023-09-05,20,21.268074586987492
99_sik,2023-09-05,30,16.05893124639988
99_sik,2023-09-05,40,12.833246871829031
99_sik,2023-09-05,50,11.685506768524649
99_sik,2023-09-05,65,7.88705100864172
99_sik,2023-09-05,80,7.246162310242653
99_sik,2023-09-06,5,24.67906735092401
99_sik,2023-09-06,10,24.380230106413364
99_sik,2023-09-06,15,22.69707327336073
99_sik,2023-09-06,20,21.423352763056755
99_sik,2023-09-06,30,16.03842280805111
99_sik,2023-09-06,40,12.714590907096865
99_sik,2023-09-06,50,11.599810793995855
99_sik,2023-09-06,65,8.092135392129421
99_sik,2023-09-06,80,7.346507169306278
99_sik,2023-09-07,5,24.285744801163677
99_sik,2023-09-07,10,24.35019989311695
99_sik,2023-09-07,15,22.883114106953144
99_sik,2023-09-07,20,21.698019348084927
99_sik,2023-09-07,30,16.244239635765553
99_sik,2023-09-07,40,12.86840419471264
99_sik,2023-09-07,50,11.651081889867784
99_sik,2023-09-07,65,8.210791356861591
99_sik,2023-09-07,80,7.391918711364269
99_sik,2023-09-08,5,24.0513626486063
99_sik,2023-09-08,10,24.06381420046091
99_sik,2023-09-08,15,22.653859063982964
99_sik,2023-09-08,20,21.38892788439989
99_sik,2023-09-08,30,15.956389054656029
99_sik,2023-09-08,40,12.798089548945429
99_sik,2023-09-08,50,11.58882413059473
99_sik,2023-09-08,65,8.268654450774193
99_sik,2023-09-08,80,7.429273366928101
99_sik,2023-09-09,5,23.967131562530994
99_sik,2023-09-09,10,23.97665333747864
99_sik,2023-09-09,15,22.778374582529068
99_sik,2023-09-09,20,21.55226294696331
99_sik,2023-09-09,30,16.118991672992706
99_sik,2023-09-09,40,12.858882419764996
99_sik,2023-09-09,50,11.660603664815426
99_sik,2023-09-09,65,8.440778844058514
99_sik,2023-09-09,80,7.520828895270824
99_sik,2023-09-10,5,23.983245335519317
99_sik,2023-09-10,10,23.975920893251896
99_sik,2023-09-10,15,23.144596695899963
99_sik,2023-09-10,20,22.023957028985023
99_sik,2023-09-10,30,16.55406354367733
99_sik,2023-09-10,40,13.167973883450031
99_sik,2023-09-10,50,11.939664915204048
99_sik,2023-09-10,65,8.612903237342834
99_sik,2023-09-10,80,7.595538206398487
99_sik,2023-09-11,5,24.03305154293776
99_sik,2023-09-11,10,24.01913510262966
99_sik,2023-09-11,15,22.90948209911585
99_sik,2023-09-11,20,21.67091891169548
99_sik,2023-09-11,30,16.19882809370756
99_sik,2023-09-11,40,12.996581934392452
99_sik,2023-09-11,50,11.808557398617268
99_sik,2023-09-11,65,8.645863227546215
99_sik,2023-09-11,80,7.628498196601868
99_sik,2023-09-12,5,24.023529767990112
99_sik,2023-09-12,10,24.00595110654831
99_sik,2023-09-12,15,23.10943937301636
99_sik,2023-09-12,20,22.015900142490864
99_sik,2023-09-12,30,16.666859954595566
99_sik,2023-09-12,40,13.308603174984457
99_sik,2023-09-12,50,12.032685332000256
99_sik,2023-09-12,65,8.782097853720188
99_sik,2023-09-12,80,7.69075595587492
99_sik,2023-09-13,5,24.073335975408558
99_sik,2023-09-13,10,24.02719198912382
99_sik,2023-09-13,15,23.320383310317997
99_sik,2023-09-13,20,22.344035156071183
99_sik,2023-09-13,30,17.02063051611185
99_sik,2023-09-13,40,13.616229750216007
99_sik,2023-09-13,50,12.300759918987753
99_sik,2023-09-13,65,8.937376029789448
99_sik,2023-09-13,80,7.746421717107296
99_sik,2023-09-14,5,23.96566667407751
99_sik,2023-09-14,10,24.033783987164497
99_sik,2023-09-14,15,23.381908625364304
99_sik,2023-09-14,20,22.434125795960423
99_sik,2023-09-14,30,17.108523823320866
99_sik,2023-09-14,40,13.7282937169075
99_sik,2023-09-14,50,12.387188337743282
99_sik,2023-09-14,65,9.025269336998464
99_sik,2023-09-14,80,7.76033815741539
99_sik,2023-09-15,5,23.816980496048927
99_sik,2023-09-15,10,24.00009155273437
99_sik,2023-09-15,15,23.49836725741625
99_sik,2023-09-15,20,22.6194341853261
99_sik,2023-09-15,30,17.394177071750164
99_sik,2023-09-15,40,14.064485616981983
99_sik,2023-09-15,50,12.692617580294607
99_sik,2023-09-15,65,9.068483546376228
99_sik,2023-09-15,80,7.785973705351353
99_sik,2023-09-16,5,23.8462782651186
99_sik,2023-09-16,10,24.03231909871101
99_sik,2023-09-16,15,23.461012601852417
99_sik,2023-09-16,20,22.5300759896636
99_sik,2023-09-16,30,17.312143318355083
99_sik,2023-09-16,40,14.098178051412106
99_sik,2023-09-16,50,12.800286881625652
99_sik,2023-09-16,65,9.0977813154459
99_sik,2023-09-16,80,7.847499020397663
99_sik,2023-09-17,5,23.89168980717659
99_sik,2023-09-17,10,24.060884423553944
99_sik,2023-09-17,15,23.333567306399345
99_sik,2023-09-17,20,22.360881373286247
99_sik,2023-09-17,30,17.218390457332134
99_sik,2023-09-17,40,14.015411853790283
99_sik,2023-09-17,50,12.773918889462948
99_sik,2023-09-17,65,9.31092258542776
99_sik,2023-09-17,80,7.933927439153194
99_sik,2023-09-18,5,24.037446208298206
99_sik,2023-09-18,10,24.06747642159462
99_sik,2023-09-18,15,23.29108554124832
99_sik,2023-09-18,20,22.316202275455
99_sik,2023-09-18,30,17.12610248476267
99_sik,2023-09-18,40,13.956083871424198
99_sik,2023-09-18,50,12.658925145864488
99_sik,2023-09-18,65,9.323374137282372
99_sik,2023-09-18,80,7.961027875542641
99_sik,2023-09-19,5,24.012543104588985
99_sik,2023-09-19,10,24.077730640769005
99_sik,2023-09-19,15,23.297677539289
99_sik,2023-09-19,20,22.344035156071183
99_sik,2023-09-19,30,17.20813623815775
99_sik,2023-09-19,40,14.102572716772556
99_sik,2023-09-19,50,12.744621120393276
99_sik,2023-09-19,65,9.287484370172024
99_sik,2023-09-19,80,7.938322104513645
99_sik,2023-09-20,5,23.78035828471184
99_sik,2023-09-20,10,23.79793694615364
99_sik,2023-09-20,15,23.530594803392887
99_sik,2023-09-20,20,22.70146793872118
99_sik,2023-09-20,30,17.58534501492977
99_sik,2023-09-20,40,14.571337021887302
99_sik,2023-09-20,50,13.206060983240604
99_sik,2023-09-20,65,9.256721712648869
99_sik,2023-09-20,80,7.898037672042847
99_sik,2023-09-21,5,23.418530836701397
99_sik,2023-09-21,10,23.41926328092813
99_sik,2023-09-21,15,23.41999572515488
99_sik,2023-09-21,20,22.508102662861347
99_sik,2023-09-21,30,17.408093512058258
99_sik,2023-09-21,40,14.633594781160356
99_sik,2023-09-21,50,13.389172039926052
99_sik,2023-09-21,65,8.935911141335964
99_sik,2023-09-21,80,7.85848568379879
99_sik,2023-09-22,5,23.23175755888224
99_sik,2023-09-22,10,23.22882778197527
99_sik,2023-09-22,15,23.410473950207237
99_sik,2023-09-22,20,22.575487531721592
99_sik,2023-09-22,30,17.538468584418297
99_sik,2023-09-22,40,14.780816070735456
99_sik,2023-09-22,50,13.537858217954636
99_sik,2023-09-22,65,8.631946787238121
99_sik,2023-09-22,80,7.837244801223278
99_sik,2023-09-23,5,23.015686511993408
99_sik,2023-09-23,10,23.015686511993408
99_sik,2023-09-23,15,23.210516676306725
99_sik,2023-09-23,20,22.3740653693676
99_sik,2023-09-23,30,17.53114414215088
99_sik,2023-09-23,40,14.714163646101952
99_sik,2023-09-23,50,13.49464400857687
99_sik,2023-09-23,65,8.555040143430233
99_sik,2023-09-23,80,7.909024335443973
99_sik,2023-09-24,5,22.825251013040543
99_sik,2023-09-24,10,22.825983457267284
99_sik,2023-09-24,15,23.0120242908597
99_sik,2023-09-24,20,22.168980985879895
99_sik,2023-09-24,30,17.42567217350006
99_sik,2023-09-24,40,14.48051393777132
99_sik,2023-09-24,50,13.266853854060171
99_sik,2023-09-24,65,8.90954314917326
99_sik,2023-09-24,80,7.963957652449608
99_sik,2023-09-25,5,22.670705281198025
99_sik,2023-09-25,10,22.670705281198025
99_sik,2023-09-25,15,22.699270606040955
99_sik,2023-09-25,20,21.730979338288307
99_sik,2023-09-25,30,17.09753715991974
99_sik,2023-09-25,40,14.09158605337143
99_sik,2023-09-25,50,12.847163312137129
99_sik,2023-09-25,65,9.100711092352867
99_sik,2023-09-25,80,7.991058088839054
99_sik,2023-09-26,5,22.56083864718676
99_sik,2023-09-26,10,22.561571091413494
99_sik,2023-09-26,15,22.47880489379168
99_sik,2023-09-26,20,21.63722647726536
99_sik,2023-09-26,30,17.34803308546543
99_sik,2023-09-26,40,14.090121164917946
99_sik,2023-09-26,50,12.850093089044094
99_sik,2023-09-26,65,9.034791111946106
99_sik,2023-09-26,80,8.094332724809647
99_sik,2023-09-27,5,22.49784844368696
99_sik,2023-09-27,10,22.57695242017508
99_sik,2023-09-27,15,22.35721915215254
99_sik,2023-09-27,20,21.845240637660027
99_sik,2023-09-27,30,17.888576924800873
99_sik,2023-09-27,40,14.366985082626345
99_sik,2023-09-27,50,12.965086832642555
99_sik,2023-09-27,65,8.690542325377464
99_sik,2023-09-27,80,8.18955047428608
99_sik,2023-09-28,5,22.30814538896084
99_sik,2023-09-28,10,22.475142672657967
99_sik,2023-09-28,15,22.393841363489628
99_sik,2023-09-28,20,22.12796410918236
99_sik,2023-09-28,30,18.604907378554344
99_sik,2023-09-28,40,14.794732511043549
99_sik,2023-09-28,50,13.062501914799212
99_sik,2023-09-28,65,8.507431268692017
99_sik,2023-09-28,80,8.143406488001347
99_sik,2023-09-29,5,22.191686756908894
99_sik,2023-09-29,10,22.286904506385326
99_sik,2023-09-29,15,22.30961027741432
99_sik,2023-09-29,20,22.18436231464148
99_sik,2023-09-29,30,19.49482711404562
99_sik,2023-09-29,40,15.507400743663313
99_sik,2023-09-29,50,13.46168401837349
99_sik,2023-09-29,65,8.533799260854721
99_sik,2023-09-29,80,8.145603820681572
99_sik,2023-09-30,5,22.20999786257744
99_sik,2023-09-30,10,22.13748588413
99_sik,2023-09-30,15,22.094271674752235
99_sik,2023-09-30,20,21.94778282940388
99_sik,2023-09-30,30,19.500686667859554
99_sik,2023-09-30,40,15.430494099855425
99_sik,2023-09-30,50,13.323252059519293
99_sik,2023-09-30,65,8.605578795075417
99_sik,2023-09-30,80,8.18149358779192
99_sik,2023-10-01,5,22.09866634011269
99_sik,2023-10-01,10,22.048860132694244
99_sik,2023-10-01,15,22.00051881372929
99_sik,2023-10-01,20,21.88113040477037
99_sik,2023-10-01,30,19.6083559691906
99_sik,2023-10-01,40,15.5440229550004
99_sik,2023-10-01,50,13.385509818792343
99_sik,2023-10-01,65,8.806268513202667
99_sik,2023-10-01,80,8.254738010466099
99_sik,2023-10-02,5,21.725119784474373
99_sik,2023-10-02,10,21.73976866900921
99_sik,2023-10-02,15,21.803491316735744
99_sik,2023-10-02,20,21.80129398405552
99_sik,2023-10-02,30,19.89107944071293
99_sik,2023-10-02,40,15.990081489086151
99_sik,2023-10-02,50,13.742942601442335
99_sik,2023-10-02,65,9.00402845442295
99_sik,2023-10-02,80,8.363872200250626
99_sik,2023-10-03,5,21.47022919356823
99_sik,2023-10-03,10,21.47096163779497
99_sik,2023-10-03,15,21.509048737585545
99_sik,2023-10-03,20,21.52589495480061
99_sik,2023-10-03,30,19.92843409627676
99_sik,2023-10-03,40,15.960051275789738
99_sik,2023-10-03,50,13.540787994861605
99_sik,2023-10-03,65,9.267708376049995
99_sik,2023-10-03,80,8.604113906621933
99_sik,2023-10-04,5,21.459242530167103
99_sik,2023-10-04,10,21.471694082021717
99_sik,2023-10-04,15,21.49513229727745
99_sik,2023-10-04,20,21.464369639754292
99_sik,2023-10-04,30,19.32782983034849
99_sik,2023-10-04,40,15.078188426792622
99_sik,2023-10-04,50,12.692617580294607
99_sik,2023-10-04,65,9.65443892776966
99_sik,2023-10-04,80,8.757927194237709
99_sik,2023-10-05,5,21.26148258894682
99_sik,2023-10-05,10,21.279061250388622
99_sik,2023-10-05,15,21.309823907911777
99_sik,2023-10-05,20,21.30030213296413
99_sik,2023-10-05,30,19.15057832747698
99_sik,2023-10-05,40,14.959532462060452
99_sik,2023-10-05,50,12.571764282882214
99_sik,2023-10-05,65,9.823633544147016
99_sik,2023-10-05,80,8.813592955470085
99_sik,2023-10-06,5,20.8527787104249
99_sik,2023-10-06,10,20.8527787104249
99_sik,2023-10-06,15,20.8527787104249
99_sik,2023-10-06,20,20.85351115465164
99_sik,2023-10-06,30,20.52098147571087
99_sik,2023-10-06,40,16.3379924967885
99_sik,2023-10-06,50,13.438978247344494
99_sik,2023-10-06,65,9.941557064652445
99_sik,2023-10-06,80,8.957884468138218
99_sik,2023-10-07,5,20.651356548070908
99_sik,2023-10-07,10,20.651356548070908
99_sik,2023-10-07,15,20.651356548070908
99_sik,2023-10-07,20,20.651356548070908
99_sik,2023-10-07,30,20.04635761678219
99_sik,2023-10-07,40,14.997619561851025
99_sik,2023-10-07,50,12.110324420034884
99_sik,2023-10-07,65,10.052156142890452
99_sik,2023-10-07,80,9.112430199980736
99_sik,2023-10-08,5,20.55394146591425
99_sik,2023-10-08,10,20.55101168900728
99_sik,2023-10-08,15,20.55394146591425
99_sik,2023-10-08,20,20.575914792716503
99_sik,2023-10-08,30,19.40034180879593
99_sik,2023-10-08,40,13.896755889058111
99_sik,2023-10-08,50,11.339793093502522
99_sik,2023-10-08,65,10.123203232884409
99_sik,2023-10-08,80,9.197393730282784
99_sik,2023-10-09,5,20.42356639355421
99_sik,2023-10-09,10,20.42356639355421
99_sik,2023-10-09,15,20.4513992741704
99_sik,2023-10-09,20,20.45652638375759
99_sik,2023-10-09,30,18.850276194512844
99_sik,2023-10-09,40,13.170903660356998
99_sik,2023-10-09,50,11.276070445775986
99_sik,2023-10-09,65,10.090243242681026
99_sik,2023-10-09,80,9.245002605021
99_sik,2023-10-10,5,20.1569566950202
99_sik,2023-10-10,10,20.1569566950202
99_sik,2023-10-10,15,20.188451796770096
99_sik,2023-10-10,20,20.2551042214036
99_sik,2023-10-10,30,18.94695883244276
99_sik,2023-10-10,40,13.521012000739574
99_sik,2023-10-10,50,11.786584071815014
99_sik,2023-10-10,65,9.94448684155941
99_sik,2023-10-10,80,9.266243487596512
99_sik,2023-10-11,5,19.858119450509548
99_sik,2023-10-11,10,19.858119450509548
99_sik,2023-10-11,15,19.858119450509548
99_sik,2023-10-11,20,19.93429365009069
99_sik,2023-10-11,30,19.042176581919197
99_sik,2023-10-11,40,14.16556292027235
99_sik,2023-10-11,50,12.193090617656708
99_sik,2023-10-11,65,9.680806919932364
99_sik,2023-10-11,80,9.313852362334728
99_sik,2023-10-12,5,19.513870663940907
99_sik,2023-10-12,10,19.513870663940907
99_sik,2023-10-12,15,19.51533555239439
99_sik,2023-10-12,20,19.524857327342037
99_sik,2023-10-12,30,18.920590840280056
99_sik,2023-10-12,40,14.5625476911664
99_sik,2023-10-12,50,12.609851382672788
99_sik,2023-10-12,65,9.219367057085035
99_sik,2023-10-12,80,9.373912788927557
99_sik,2023-10-13,5,19.24579607695341
99_sik,2023-10-13,10,19.23993652313948
99_sik,2023-10-13,15,19.293404951691628
99_sik,2023-10-13,20,19.406201362609863
99_sik,2023-10-13,30,18.57048249989748
99_sik,2023-10-13,40,14.725150309503078
99_sik,2023-10-13,50,12.92992950975895
99_sik,2023-10-13,65,9.018677338957788
99_sik,2023-10-13,80,9.335825689136982
99_sik,2023-10-14,5,19.07000946253538
99_sik,2023-10-14,10,19.07000946253538
99_sik,2023-10-14,15,19.22528763860464
99_sik,2023-10-14,20,19.378368481993675
99_sik,2023-10-14,30,18.421796321868896
99_sik,2023-10-14,40,14.960997350513937
99_sik,2023-10-14,50,13.340830720961094
99_sik,2023-10-14,65,9.264778599143028
99_sik,2023-10-14,80,9.31092258542776
99_sik,2023-10-15,5,19.04144413769245
99_sik,2023-10-15,10,19.07367168366909
99_sik,2023-10-15,15,19.246528521180156
99_sik,2023-10-15,20,19.32709738612175
99_sik,2023-10-15,30,18.2518692612648
99_sik,2023-10-15,40,14.93902402371168
99_sik,2023-10-15,50,13.479995124042034
99_sik,2023-10-15,65,9.647846929728985
99_sik,2023-10-15,80,9.35120701789856
99_sik,2023-10-16,5,18.794610433280468
99_sik,2023-10-16,10,18.802667319774628
99_sik,2023-10-16,15,18.908871732652187
99_sik,2023-10-16,20,19.03631702810526
99_sik,2023-10-16,30,18.2518692612648
99_sik,2023-10-16,40,15.140446186065674
99_sik,2023-10-16,50,13.698263503611088
99_sik,2023-10-16,65,10.014801487326622
99_sik,2023-10-16,80,9.42884610593319
99_sik,2023-10-17,5,18.41080965846777
99_sik,2023-10-17,10,18.41080965846777
99_sik,2023-10-17,15,18.412274546921253
99_sik,2023-10-17,20,18.418134100735188
99_sik,2023-10-17,30,18.555833615362644
99_sik,2023-10-17,40,15.581377610564232
99_sik,2023-10-17,50,14.115024268627169
99_sik,2023-10-17,65,10.408124037086964
99_sik,2023-10-17,80,9.509414970874786
99_sik,2023-10-18,5,18.352946564555168
99_sik,2023-10-18,10,18.352946564555168
99_sik,2023-10-18,15,18.350749231874943
99_sik,2023-10-18,20,18.350749231874943
99_sik,2023-10-18,30,18.485518969595432
99_sik,2023-10-18,40,15.41731010377407
99_sik,2023-10-18,50,14.020538963377476
99_sik,2023-10-18,65,10.474776461720468
99_sik,2023-10-18,80,9.65004426240921
99_sik,2023-10-19,5,18.33756523579359
99_sik,2023-10-19,10,18.34488967806101
99_sik,2023-10-19,15,18.38590655475855
99_sik,2023-10-19,20,18.420331433415413
99_sik,2023-10-19,30,18.22623371332884
99_sik,2023-10-19,40,14.926572471857073
99_sik,2023-10-19,50,13.511490225791931
99_sik,2023-10-19,65,10.665211960673332
99_sik,2023-10-19,80,9.758446007966995
99_sik,2023-10-20,5,18.27164525538683
99_sik,2023-10-20,10,18.283364363014694
99_sik,2023-10-20,15,18.32877590507269
99_sik,2023-10-20,20,18.387371443212032
99_sik,2023-10-20,30,18.22330393642187
99_sik,2023-10-20,40,14.96246223896742
99_sik,2023-10-20,50,13.385509818792343
99_sik,2023-10-20,65,10.906918555498123
99_sik,2023-10-20,80,9.81704154610634
99_sik,2023-10-21,5,18.095126196742054
99_sik,2023-10-21,10,18.095126196742054
99_sik,2023-10-21,15,18.095126196742054
99_sik,2023-10-21,20,18.095126196742054
99_sik,2023-10-21,30,18.318521685898304
99_sik,2023-10-21,40,15.325022131204603
99_sik,2023-10-21,50,13.521744444966316
99_sik,2023-10-21,65,11.079775393009186
99_sik,2023-10-21,80,9.87929930537939
99_sik,2023-10-22,5,17.88784448057413
99_sik,2023-10-22,10,17.88784448057413
99_sik,2023-10-22,15,17.88784448057413
99_sik,2023-10-22,20,17.88784448057413
99_sik,2023-10-22,30,18.18155461549759
99_sik,2023-10-22,40,15.488357193768024
99_sik,2023-10-22,50,13.411877810955048
99_sik,2023-10-22,65,11.074648283421991
99_sik,2023-10-22,80,9.97305216640234
99_sik,2023-10-23,5,17.714255198836327
99_sik,2023-10-23,10,17.714255198836327
99_sik,2023-10-23,15,17.714255198836327
99_sik,2023-10-23,20,17.714255198836327
99_sik,2023-10-23,30,17.812402725219727
99_sik,2023-10-23,40,15.303048804402351
99_sik,2023-10-23,50,12.734366901218891
99_sik,2023-10-23,65,10.992614530026913
99_sik,2023-10-23,80,10.047761477530004
99_sik,2023-10-24,5,17.64247566461563
99_sik,2023-10-24,10,17.639545887708664
99_sik,2023-10-24,15,17.641010776162148
99_sik,2023-10-24,20,17.667378768324852
99_sik,2023-10-24,30,17.47840815782547
99_sik,2023-10-24,40,14.83648183196783
99_sik,2023-10-24,50,11.856166273355484
99_sik,2023-10-24,65,10.79924925416708
99_sik,2023-10-24,80,10.041169479489326
99_sik,2023-10-25,5,17.467421494424343
99_sik,2023-10-25,10,17.463026829063892
99_sik,2023-10-25,15,17.475478380918503
99_sik,2023-10-25,20,17.497451707720757
99_sik,2023-10-25,30,17.119510486721992
99_sik,2023-10-25,40,14.215369127690792
99_sik,2023-10-25,50,11.484817050397396
99_sik,2023-10-25,65,10.46378979831934
99_sik,2023-10-25,80,9.853663757443428
99_sik,2023-10-26,5,17.402966402471066
99_sik,2023-10-26,10,17.399304181337357
99_sik,2023-10-26,15,17.43372905999422
99_sik,2023-10-26,20,17.49012726545334
99_sik,2023-10-26,30,17.10998871177435
99_sik,2023-10-26,40,14.076937168836594
99_sik,2023-10-26,50,11.70674765110016
99_sik,2023-10-26,65,10.483565792441368
99_sik,2023-10-26,80,9.87050997465849
99_sik,2023-10-27,5,17.264534443616867
99_sik,2023-10-27,10,17.26599933207035
99_sik,2023-10-27,15,17.292367324233055
99_sik,2023-10-27,20,17.42127750813961
99_sik,2023-10-27,30,17.08508560806513
99_sik,2023-10-27,40,13.819116801023483
99_sik,2023-10-27,50,12.073702208697796
99_sik,2023-10-27,65,10.58244576305151
99_sik,2023-10-27,80,9.878566861152647
99_sik,2023-10-28,5,17.120975375175476
99_sik,2023-10-28,10,17.11877804249525
99_sik,2023-10-28,15,17.123905152082443
99_sik,2023-10-28,20,17.198614463210106
99_sik,2023-10-28,30,17.058717615902424
99_sik,2023-10-28,40,13.87917722761631
99_sik,2023-10-28,50,12.2963652536273
99_sik,2023-10-28,65,10.409588925540447
99_sik,2023-10-28,80,9.896877966821194
99_sik,2023-10-29,5,16.984740749001503
99_sik,2023-10-29,10,16.982543416321278
99_sik,2023-10-29,15,16.981810972094536
99_sik,2023-10-29,20,16.985473193228245
99_sik,2023-10-29,30,17.08948027342558
99_sik,2023-10-29,40,14.358928196132185
99_sik,2023-10-29,50,12.637684263288977
99_sik,2023-10-29,65,10.029450371861458
99_sik,2023-10-29,80,9.90786463022232
99_sik,2023-10-30,5,16.8602252304554
99_sik,2023-10-30,10,16.858027897775173
99_sik,2023-10-30,15,16.858760342001915
99_sik,2023-10-30,20,16.894650109112263
99_sik,2023-10-30,30,17.02429273724556
99_sik,2023-10-30,40,14.657765440642834
99_sik,2023-10-30,50,13.017090372741222
99_sik,2023-10-30,65,9.753318898379804
99_sik,2023-10-30,80,9.759178452193735
99_sik,2023-10-31,5,16.744499042630196
99_sik,2023-10-31,10,16.74156926572323
99_sik,2023-10-31,15,16.74669637531042
99_sik,2023-10-31,20,16.83239234983921
99_sik,2023-10-31,30,16.888058111071587
99_sik,2023-10-31,40,14.76689963042736
99_sik,2023-10-31,50,13.35181738436222
99_sik,2023-10-31,65,9.636860266327858
99_sik,2023-10-31,80,9.650776706635952
99_sik,2023-11-01,5,16.662465289235115
99_sik,2023-11-01,10,16.667592398822308
99_sik,2023-11-01,15,16.719595938920975
99_sik,2023-11-01,20,16.841181680560112
99_sik,2023-11-01,30,16.748161263763905
99_sik,2023-11-01,40,14.71782586723566
99_sik,2023-11-01,50,13.466811127960682
99_sik,2023-11-01,65,9.668355368077757
99_sik,2023-11-01,80,9.611224718391895
99_sik,2023-11-02,5,16.53794977068901
99_sik,2023-11-02,10,16.53794977068901
99_sik,2023-11-02,15,16.571642205119133
99_sik,2023-11-02,20,16.784051030874252
99_sik,2023-11-02,30,16.699087500572205
99_sik,2023-11-02,40,14.722220532596111
99_sik,2023-11-02,50,13.54811243712902
99_sik,2023-11-02,65,9.804589994251728
99_sik,2023-11-02,80,9.591448724269869
99_sik,2023-11-03,5,16.543076880276203
99_sik,2023-11-03,10,16.536484882235527
99_sik,2023-11-03,15,16.55845820903778
99_sik,2023-11-03,20,16.658803068101406
99_sik,2023-11-03,30,16.638294629752636
99_sik,2023-11-03,40,14.691457875072956
99_sik,2023-11-03,50,13.602313309907911
99_sik,2023-11-03,65,10.05435347557068
99_sik,2023-11-03,80,9.592181168496609
99_sik,2023-11-04,5,16.342387162148952
99_sik,2023-11-04,10,16.342387162148952
99_sik,2023-11-04,15,16.342387162148952
99_sik,2023-11-04,20,16.373149819672108
99_sik,2023-11-04,30,16.579699091613293
99_sik,2023-11-04,40,14.666554771363735
99_sik,2023-11-04,50,13.618427082896233
99_sik,2023-11-04,65,10.281411185860634
99_sik,2023-11-04,80,9.630268268287182
99_sik,2023-11-05,5,16.19882809370756
99_sik,2023-11-05,10,16.19809564948082
99_sik,2023-11-05,15,16.195165872573853
99_sik,2023-11-05,20,16.195165872573853
99_sik,2023-11-05,30,16.50498978048563
99_sik,2023-11-05,40,14.662160106003284
99_sik,2023-11-05,50,13.633075967431068
99_sik,2023-11-05,65,10.435956917703152
99_sik,2023-11-05,80,9.663228258490562
99_sik,2023-11-06,5,16.123386338353157
99_sik,2023-11-06,10,16.12118900567293
99_sik,2023-11-06,15,16.11239967495203
99_sik,2023-11-06,20,16.117526784539223
99_sik,2023-11-06,30,16.253028966486454
99_sik,2023-11-06,40,14.39481796324253
99_sik,2023-11-06,50,13.430188916623592
99_sik,2023-11-06,65,10.25064852833748
99_sik,2023-11-06,80,9.675679810345173
99_sik,2023-11-07,5,15.946867279708384
99_sik,2023-11-07,10,15.948332168161867
99_sik,2023-11-07,15,15.960051275789738
99_sik,2023-11-07,20,15.980559714138508
99_sik,2023-11-07,30,16.166600547730923
99_sik,2023-11-07,40,14.499557487666609
99_sik,2023-11-07,50,13.52760399878025
99_sik,2023-11-07,65,9.965727724134922
99_sik,2023-11-07,80,9.708639800548552
99_sik,2023-11-08,5,16.2310556396842
99_sik,2023-11-08,10,16.2310556396842
99_sik,2023-11-08,15,16.2310556396842
99_sik,2023-11-08,20,16.2310556396842
99_sik,2023-11-08,30,16.62804041057825
99_sik,2023-11-08,40,14.626270338892937
99_sik,2023-11-08,50,13.549577325582504
99_sik,2023-11-08,65,10.605151534080504
99_sik,2023-11-08,80,10.058015696704388
99_sik,2023-11-09,5,16.122653894126415
99_sik,2023-11-09,10,16.122653894126415
99_sik,2023-11-09,15,16.122653894126415
99_sik,2023-11-09,20,16.122653894126415
99_sik,2023-11-09,30,16.463240459561348
99_sik,2023-11-09,40,14.48051393777132
99_sik,2023-11-09,50,13.446302689611912
99_sik,2023-11-09,65,10.780205704271792
99_sik,2023-11-09,80,10.082186356186869
99_sik,2023-11-10,5,15.97323527187109
99_sik,2023-11-10,10,15.9768974930048
99_sik,2023-11-10,15,15.980559714138508
99_sik,2023-11-10,20,15.983489491045477
99_sik,2023-11-10,30,16.302835173904896
99_sik,2023-11-10,40,14.460737943649292
99_sik,2023-11-10,50,13.447035133838654
99_sik,2023-11-10,65,10.947202987968922
99_sik,2023-11-10,80,10.13638722896576
99_sik,2023-11-11,5,15.6333811506629
99_sik,2023-11-11,10,15.6333811506629
99_sik,2023-11-11,15,15.6333811506629
99_sik,2023-11-11,20,15.6333811506629
99_sik,2023-11-11,30,15.6333811506629
99_sik,2023-11-11,40,15.148503072559834
99_sik,2023-11-11,50,14.049104288220406
99_sik,2023-11-11,65,11.24970245361328
99_sik,2023-11-11,80,10.225012980401516
99_sik,2023-11-12,5,15.360911898314953
99_sik,2023-11-12,10,15.360911898314953
99_sik,2023-11-12,15,15.360911898314953
99_sik,2023-11-12,20,15.360911898314953
99_sik,2023-11-12,30,15.360911898314953
99_sik,2023-11-12,40,15.401196330785751
99_sik,2023-11-12,50,14.293008215725422
99_sik,2023-11-12,65,11.420361958444118
99_sik,2023-11-12,80,10.337809391319752
99_sik,2023-11-13,5,15.083315536379814
99_sik,2023-11-13,10,15.083315536379814
99_sik,2023-11-13,15,15.084047980606556
99_sik,2023-11-13,20,15.084047980606556
99_sik,2023-11-13,30,15.084047980606556
99_sik,2023-11-13,40,15.217352829873562
99_sik,2023-11-13,50,13.980254530906675
99_sik,2023-11-13,65,11.473097942769527
99_sik,2023-11-13,80,10.354655608534811
99_sik,2023-11-14,5,14.79180273413658
99_sik,2023-11-14,10,14.79180273413658
99_sik,2023-11-14,15,14.792535178363323
99_sik,2023-11-14,20,14.792535178363323
99_sik,2023-11-14,30,14.792535178363323
99_sik,2023-11-14,40,15.043031103909016
99_sik,2023-11-14,50,14.01028474420309
99_sik,2023-11-14,65,11.276070445775986
99_sik,2023-11-14,80,10.328287616372108
99_sik,2023-11-15,5,14.64384900033474
99_sik,2023-11-15,10,14.64384900033474
99_sik,2023-11-15,15,14.64384900033474
99_sik,2023-11-15,20,14.64384900033474
99_sik,2023-11-15,30,14.64384900033474
99_sik,2023-11-15,40,14.757377855479715
99_sik,2023-11-15,50,13.961943425238132
99_sik,2023-11-15,65,11.043153181672096
99_sik,2023-11-15,80,10.412518702447414
99_sik,2023-11-16,5,14.50541704148054
99_sik,2023-11-16,10,14.50541704148054
99_sik,2023-11-16,15,14.50541704148054
99_sik,2023-11-16,20,14.50541704148054
99_sik,2023-11-16,30,14.510544151067734
99_sik,2023-11-16,40,14.576464131474497
99_sik,2023-11-16,50,13.55543687939644
99_sik,2023-11-16,65,10.90618611127138
99_sik,2023-11-16,80,10.73332927376032
99_sik,2023-11-17,5,14.376506857573986
99_sik,2023-11-17,10,14.378704190254211
99_sik,2023-11-17,15,14.383098855614662
99_sik,2023-11-17,20,14.38602863252163
99_sik,2023-11-17,30,14.409466847777368
99_sik,2023-11-17,40,14.202917575836182
99_sik,2023-11-17,50,13.063234359025955
99_sik,2023-11-17,65,11.02850429713726
99_sik,2023-11-17,80,10.849787905812263
99_sik,2023-11-18,5,14.274697110056875
99_sik,2023-11-18,10,14.274697110056875
99_sik,2023-11-18,15,14.274697110056875
99_sik,2023-11-18,20,14.274697110056875
99_sik,2023-11-18,30,14.297402881085873
99_sik,2023-11-18,40,14.19412824511528
99_sik,2023-11-18,50,13.158452108502388
99_sik,2023-11-18,65,11.058534510433674
99_sik,2023-11-18,80,10.92156744003296
99_sik,2023-11-19,5,14.09158605337143
99_sik,2023-11-19,10,14.09158605337143
99_sik,2023-11-19,15,14.09158605337143
99_sik,2023-11-19,20,14.09158605337143
99_sik,2023-11-19,30,14.10403760522604
99_sik,2023-11-19,40,14.295937992632387
99_sik,2023-11-19,50,13.612567529082298
99_sik,2023-11-19,65,11.295113995671272
99_sik,2023-11-19,80,10.945738099515438
99_sik,2023-11-20,5,13.85866878926754
99_sik,2023-11-20,10,13.85866878926754
99_sik,2023-11-20,15,13.85866878926754
99_sik,2023-11-20,20,13.85866878926754
99_sik,2023-11-20,30,13.85866878926754
99_sik,2023-11-20,40,14.197058022022247
99_sik,2023-11-20,50,13.876979894936085
99_sik,2023-11-20,65,11.554399251937866
99_sik,2023-11-20,80,10.994811862707138
99_sik,2023-11-21,5,13.685079507529736
99_sik,2023-11-21,10,13.685079507529736
99_sik,2023-11-21,15,13.685079507529736
99_sik,2023-11-21,20,13.685079507529736
99_sik,2023-11-21,30,13.685079507529736
99_sik,2023-11-21,40,13.865260787308216
99_sik,2023-11-21,50,13.75246437638998
99_sik,2023-11-21,65,11.618121899664402
99_sik,2023-11-21,80,11.029236741364002
99_sik,2023-11-22,5,13.618427082896233
99_sik,2023-11-22,10,13.615497305989264
99_sik,2023-11-22,15,13.611102640628816
99_sik,2023-11-22,20,13.609637752175331
99_sik,2023-11-22,30,13.610370196402071
99_sik,2023-11-22,40,13.7282937169075
99_sik,2023-11-22,50,13.505630671977997
99_sik,2023-11-22,65,11.336863316595554
99_sik,2023-11-22,80,11.042420737445354
99_sik,2023-11-23,5,13.573747985064983
99_sik,2023-11-23,10,13.570085763931274
99_sik,2023-11-23,15,13.567888431251047
99_sik,2023-11-23,20,13.567155987024307
99_sik,2023-11-23,30,13.573015540838242
99_sik,2023-11-23,40,13.651387073099611
99_sik,2023-11-23,50,13.31080050766468
99_sik,2023-11-23,65,11.174260698258877
99_sik,2023-11-23,80,11.136906042695044
99_sik,2023-11-24,5,13.401623591780664
99_sik,2023-11-24,10,13.401623591780664
99_sik,2023-11-24,15,13.401623591780664
99_sik,2023-11-24,20,13.401623591780664
99_sik,2023-11-24,30,13.401623591780664
99_sik,2023-11-24,40,13.492446675896645
99_sik,2023-11-24,50,13.332041390240192
99_sik,2023-11-24,65,11.143498040735722
99_sik,2023-11-24,80,11.12665182352066
99_sik,2023-11-25,5,13.11011078953743
99_sik,2023-11-25,10,13.11011078953743
99_sik,2023-11-25,15,13.11011078953743
99_sik,2023-11-25,20,13.11011078953743
99_sik,2023-11-25,30,13.11011078953743
99_sik,2023-11-25,40,13.11011078953743
99_sik,2023-11-25,50,13.323984503746033
99_sik,2023-11-25,65,11.062196731567385
99_sik,2023-11-25,80,11.104678496718408
99_sik,2023-11-26,5,12.935056619346142
99_sik,2023-11-26,10,12.935056619346142
99_sik,2023-11-26,15,12.935056619346142
99_sik,2023-11-26,20,12.935056619346142
99_sik,2023-11-26,30,12.935056619346142
99_sik,2023-11-26,40,12.935056619346142
99_sik,2023-11-26,50,12.93871884047985
99_sik,2023-11-26,65,11.035828739404678
99_sik,2023-11-26,80,11.039490960538387
99_sik,2023-11-27,5,12.831049539148808
99_sik,2023-11-27,10,12.832514427602293
99_sik,2023-11-27,15,12.834711760282516
99_sik,2023-11-27,20,12.835444204509258
99_sik,2023-11-27,30,12.842036202549934
99_sik,2023-11-27,40,12.849360644817352
99_sik,2023-11-27,50,12.880123302340508
99_sik,2023-11-27,65,10.88128300756216
99_sik,2023-11-27,80,10.866634123027325
99_sik,2023-11-28,5,12.716788239777088
99_sik,2023-11-28,10,12.716788239777088
99_sik,2023-11-28,15,12.716788239777088
99_sik,2023-11-28,20,12.716788239777088
99_sik,2023-11-28,30,12.724845126271248
99_sik,2023-11-28,40,12.74608600884676
99_sik,2023-11-28,50,12.87719352543354
99_sik,2023-11-28,65,10.788262590765951
99_sik,2023-11-28,80,10.794122144579887
99_sik,2023-11-29,5,12.549058511853218
99_sik,2023-11-29,10,12.549058511853218
99_sik,2023-11-29,15,12.549058511853218
99_sik,2023-11-29,20,12.549058511853218
99_sik,2023-11-29,30,12.549058511853218
99_sik,2023-11-29,40,12.549058511853218
99_sik,2023-11-29,50,12.6398815959692
99_sik,2023-11-29,65,10.778008371591568
99_sik,2023-11-29,80,10.797784365713596
99_sik,2023-11-30,5,12.36228523403406
99_sik,2023-11-30,10,12.36228523403406
99_sik,2023-11-30,15,12.363017678260803
99_sik,2023-11-30,20,12.363017678260803
99_sik,2023-11-30,30,12.363017678260803
99_sik,2023-11-30,40,12.363017678260803
99_sik,2023-11-30,50,12.36594745516777
99_sik,2023-11-30,65,10.894467003643513
99_sik,2023-11-30,80,10.845393240451813
99_sik,2023-12-01,5,12.16525773704052
99_sik,2023-12-01,10,12.16525773704052
99_sik,2023-12-01,15,12.165990181267262
99_sik,2023-12-01,20,12.165990181267262
99_sik,2023-12-01,30,12.165990181267262
99_sik,2023-12-01,40,12.165990181267262
99_sik,2023-12-01,50,12.167455069720743
99_sik,2023-12-01,65,11.091494500637054
99_sik,2023-12-01,80,10.920834995806215
99_sik,2023-12-02,5,12.044404439628124
99_sik,2023-12-02,10,12.044404439628124
99_sik,2023-12-02,15,12.044404439628124
99_sik,2023-12-02,20,12.044404439628124
99_sik,2023-12-02,30,12.044404439628124
99_sik,2023-12-02,40,12.044404439628124
99_sik,2023-12-02,50,12.052461326122284
99_sik,2023-12-02,65,11.296578884124756
99_sik,2023-12-02,80,11.018982522189615
99_sik,2023-12-03,5,11.974089793860912
99_sik,2023-12-03,10,11.974089793860912
99_sik,2023-12-03,15,11.974089793860912
99_sik,2023-12-03,20,11.974089793860912
99_sik,2023-12-03,30,11.974089793860912
99_sik,2023-12-03,40,11.974089793860912
99_sik,2023-12-03,50,12.028290666639805
99_sik,2023-12-03,65,11.352977089583874
99_sik,2023-12-03,80,11.128849156200886
99_sik,2023-12-04,5,11.902310259640217
99_sik,2023-12-04,10,11.90304270386696
99_sik,2023-12-04,15,11.90304270386696
99_sik,2023-12-04,20,11.90304270386696
99_sik,2023-12-04,30,11.90304270386696
99_sik,2023-12-04,40,11.90743736922741
99_sik,2023-12-04,50,12.01803644746542
99_sik,2023-12-04,65,11.341257981956003
99_sik,2023-12-04,80,11.22479934990406
99_sik,2023-12-05,5,11.843714721500874
99_sik,2023-12-05,10,11.843714721500874
99_sik,2023-12-05,15,11.84224983304739
99_sik,2023-12-05,20,11.84224983304739
99_sik,2023-12-05,30,11.840784944593906
99_sik,2023-12-05,40,11.884731598198414
99_sik,2023-12-05,50,12.055391103029253
99_sik,2023-12-05,65,11.35151220113039
99_sik,2023-12-05,80,11.291451774537563
99_sik,2023-12-06,5,11.78145696222782
99_sik,2023-12-06,10,11.78072451800108
99_sik,2023-12-06,15,11.779992073774338
99_sik,2023-12-06,20,11.779992073774338
99_sik,2023-12-06,30,11.778527185320854
99_sik,2023-12-06,40,11.873012490570543
99_sik,2023-12-06,50,12.086886204779148
99_sik,2023-12-06,65,11.4130375161767
99_sik,2023-12-06,80,11.350047312676908
99_sik,2023-12-07,5,11.68257699161768
99_sik,2023-12-07,10,11.68257699161768
99_sik,2023-12-07,15,11.68330943584442
99_sik,2023-12-07,20,11.68330943584442
99_sik,2023-12-07,30,11.684774324297903
99_sik,2023-12-07,40,11.775597408413889
99_sik,2023-12-07,50,12.015106670558453
99_sik,2023-12-07,65,11.540482811629772
99_sik,2023-12-07,80,11.391064189374449
99_sik,2023-12-08,5,11.533158369362354
99_sik,2023-12-08,10,11.53535570204258
99_sik,2023-12-08,15,11.53608814626932
99_sik,2023-12-08,20,11.53608814626932
99_sik,2023-12-08,30,11.53608814626932
99_sik,2023-12-08,40,11.536820590496063
99_sik,2023-12-08,50,11.636433005332949
99_sik,2023-12-08,65,11.763878300786018
99_sik,2023-12-08,80,11.440870396792889
99_sik,2023-12-09,5,11.431348621845244
99_sik,2023-12-09,10,11.434278398752213
99_sik,2023-12-09,15,11.436475731432438
99_sik,2023-12-09,20,11.43720817565918
99_sik,2023-12-09,30,11.438673064112663
99_sik,2023-12-09,40,11.439405508339403
99_sik,2023-12-09,50,11.547074809670448
99_sik,2023-12-09,65,11.885464042425156
99_sik,2023-12-09,80,11.467238388955591
99_sik,2023-12-10,5,11.29438155144453
99_sik,2023-12-10,10,11.29438155144453
99_sik,2023-12-10,15,11.29438155144453
99_sik,2023-12-10,20,11.29438155144453
99_sik,2023-12-10,30,11.29438155144453
99_sik,2023-12-10,40,11.29438155144453
99_sik,2023-12-10,50,11.300241105258465
99_sik,2023-12-10,65,11.854701384902
99_sik,2023-12-10,80,11.42109440267086
99_sik,2023-12-11,5,11.153019815683365
99_sik,2023-12-11,10,11.153019815683365
99_sik,2023-12-11,15,11.153752259910108
99_sik,2023-12-11,20,11.153752259910108
99_sik,2023-12-11,30,11.153752259910108
99_sik,2023-12-11,40,11.153752259910108
99_sik,2023-12-11,50,11.161076702177525
99_sik,2023-12-11,65,11.561723694205284
99_sik,2023-12-11,80,11.27387311309576
99_sik,2023-12-12,5,11.0695211738348
99_sik,2023-12-12,10,11.0695211738348
99_sik,2023-12-12,15,11.070253618061544
99_sik,2023-12-12,20,11.070253618061544
99_sik,2023-12-12,30,11.070253618061544
99_sik,2023-12-12,40,11.070253618061544
99_sik,2023-12-12,50,11.094424277544022
99_sik,2023-12-12,65,11.260689117014408
99_sik,2023-12-12,80,11.073915839195251
99_sik,2023-12-13,5,10.947202987968922
99_sik,2023-12-13,10,10.947202987968922
99_sik,2023-12-13,15,10.947202987968922
99_sik,2023-12-13,20,10.947202987968922
99_sik,2023-12-13,30,10.947202987968922
99_sik,2023-12-13,40,10.947202987968922
99_sik,2023-12-13,50,10.949400320649149
99_sik,2023-12-13,65,11.131778933107851
99_sik,2023-12-13,80,11.09002961218357
99_sik,2023-12-14,5,10.816827915608885
99_sik,2023-12-14,10,10.816827915608885
99_sik,2023-12-14,15,10.816827915608885
99_sik,2023-12-14,20,10.816827915608885
99_sik,2023-12-14,30,10.817560359835625
99_sik,2023-12-14,40,10.817560359835625
99_sik,2023-12-14,50,10.818292804062366
99_sik,2023-12-14,65,11.033631406724451
99_sik,2023-12-14,80,11.109073162078856
99_sik,2023-12-15,5,10.772881262004375
99_sik,2023-12-15,10,10.772881262004375
99_sik,2023-12-15,15,10.772881262004375
99_sik,2023-12-15,20,10.772881262004375
99_sik,2023-12-15,30,10.772881262004375
99_sik,2023-12-15,40,10.772881262004375
99_sik,2023-12-15,50,10.773613706231115
99_sik,2023-12-15,65,10.945738099515438
99_sik,2023-12-15,80,11.103213608264925
99_sik,2023-12-16,5,10.71794794499874
99_sik,2023-12-16,10,10.720877721905708
99_sik,2023-12-16,15,10.723075054585934
99_sik,2023-12-16,20,10.723807498812675
99_sik,2023-12-16,30,10.72527238726616
99_sik,2023-12-16,40,10.727469719946384
99_sik,2023-12-16,50,10.72966705262661
99_sik,2023-12-16,65,10.985290087759497
99_sik,2023-12-16,80,11.20062869042158
99_sik,2023-12-17,5,10.552415549755096
99_sik,2023-12-17,10,10.552415549755096
99_sik,2023-12-17,15,10.552415549755096
99_sik,2023-12-17,20,10.552415549755096
99_sik,2023-12-17,30,10.552415549755096
99_sik,2023-12-17,40,10.553147993981838
99_sik,2023-12-17,50,10.55388043820858
99_sik,2023-12-17,65,11.046082958579063
99_sik,2023-12-17,80,11.268746003508568
99_sik,2023-12-18,5,10.36564227193594
99_sik,2023-12-18,10,10.36564227193594
99_sik,2023-12-18,15,10.36564227193594
99_sik,2023-12-18,20,10.36564227193594
99_sik,2023-12-18,30,10.36564227193594
99_sik,2023-12-18,40,10.366374716162682
99_sik,2023-12-18,50,10.367107160389423
99_sik,2023-12-18,65,11.079775393009186
99_sik,2023-12-18,80,11.293649107217789
99_sik,2023-12-19,5,10.237464532256126
99_sik,2023-12-19,10,10.237464532256126
99_sik,2023-12-19,15,10.237464532256126
99_sik,2023-12-19,20,10.237464532256126
99_sik,2023-12-19,30,10.237464532256126
99_sik,2023-12-19,40,10.237464532256126
99_sik,2023-12-19,50,10.23892942070961
99_sik,2023-12-19,65,10.903256334364414
99_sik,2023-12-19,80,11.25775934010744
99_sik,2023-12-20,5,10.137852117419245
99_sik,2023-12-20,10,10.137852117419245
99_sik,2023-12-20,15,10.137852117419245
99_sik,2023-12-20,20,10.137852117419245
99_sik,2023-12-20,30,10.137852117419245
99_sik,2023-12-20,40,10.137852117419245
99_sik,2023-12-20,50,10.139317005872726
99_sik,2023-12-20,65,10.632251970469952
99_sik,2023-12-20,80,11.165471367537975
99_sik,2023-12-21,5,10.076326802372932
99_sik,2023-12-21,10,10.076326802372932
99_sik,2023-12-21,15,10.076326802372932
99_sik,2023-12-21,20,10.076326802372932
99_sik,2023-12-21,30,10.076326802372932
99_sik,2023-12-21,40,10.076326802372932
99_sik,2023-12-21,50,10.077791690826416
99_sik,2023-12-21,65,10.34952849894762
99_sik,2023-12-21,80,11.100283831357956
99_sik,2023-12-22,5,10.014801487326622
99_sik,2023-12-22,10,10.015533931553364
99_sik,2023-12-22,15,10.015533931553364
99_sik,2023-12-22,20,10.015533931553364
99_sik,2023-12-22,30,10.015533931553364
99_sik,2023-12-22,40,10.015533931553364
99_sik,2023-12-22,50,10.01773126423359
99_sik,2023-12-22,65,10.09976501762867
99_sik,2023-12-22,80,10.972106091678144
99_sik,2023-12-23,5,9.975249499082564
99_sik,2023-12-23,10,9.975249499082564
99_sik,2023-12-23,15,9.975249499082564
99_sik,2023-12-23,20,9.975249499082564
99_sik,2023-12-23,30,9.975249499082564
99_sik,2023-12-23,40,9.975981943309309
99_sik,2023-12-23,50,9.979644164443016
99_sik,2023-12-23,65,10.013336598873138
99_sik,2023-12-23,80,10.04702903330326
99_sik,2023-12-24,5,9.849269092082976
99_sik,2023-12-24,10,9.849269092082976
99_sik,2023-12-24,15,9.849269092082976
99_sik,2023-12-24,20,9.849269092082976
99_sik,2023-12-24,30,9.849269092082976
99_sik,2023-12-24,40,9.849269092082976
99_sik,2023-12-24,50,9.85073398053646
99_sik,2023-12-24,65,9.851466424763204
99_sik,2023-12-24,80,9.860988199710846
99_sik,2023-12-25,5,9.770897559821606
99_sik,2023-12-25,10,9.770897559821606
99_sik,2023-12-25,15,9.770165115594864
99_sik,2023-12-25,20,9.770165115594864
99_sik,2023-12-25,30,9.76870022714138
99_sik,2023-12-25,40,9.76796778291464
99_sik,2023-12-25,50,9.769432671368122
99_sik,2023-12-25,65,9.773827336728573
99_sik,2023-12-25,80,9.766502894461157
99_sik,2023-12-26,5,9.630268268287182
99_sik,2023-12-26,10,9.630268268287182
99_sik,2023-12-26,15,9.630268268287182
99_sik,2023-12-26,20,9.630268268287182
99_sik,2023-12-26,30,9.630268268287182
99_sik,2023-12-26,40,9.630268268287182
99_sik,2023-12-26,50,9.630268268287182
99_sik,2023-12-26,65,9.631000712513924
99_sik,2023-12-26,80,9.628070935606956
99_sik,2023-12-27,5,9.358531460165976
99_sik,2023-12-27,10,9.358531460165976
99_sik,2023-12-27,15,9.358531460165976
99_sik,2023-12-27,20,9.35926390439272
99_sik,2023-12-27,30,9.35926390439272
99_sik,2023-12-27,40,9.35926390439272
99_sik,2023-12-27,50,9.358531460165976
99_sik,2023-12-27,65,9.358531460165976
99_sik,2023-12-27,80,9.37977234274149
99_sik,2023-12-28,5,9.150517299771307
99_sik,2023-12-28,10,9.150517299771307
99_sik,2023-12-28,15,9.150517299771307
99_sik,2023-12-28,20,9.150517299771307
99_sik,2023-12-28,30,9.150517299771307
99_sik,2023-12-28,40,9.150517299771307
99_sik,2023-12-28,50,9.150517299771307
99_sik,2023-12-28,65,9.150517299771307
99_sik,2023-12-28,80,9.160771518945694
99_sik,2023-12-29,5,9.026001781225204
99_sik,2023-12-29,10,9.026001781225204
99_sik,2023-12-29,15,9.026001781225204
99_sik,2023-12-29,20,9.026001781225204
99_sik,2023-12-29,30,9.026001781225204
99_sik,2023-12-29,40,9.026001781225204
99_sik,2023-12-29,50,9.025269336998464
99_sik,2023-12-29,65,9.025269336998464
99_sik,2023-12-29,80,9.020874671638012
99_sik,2023-12-30,5,8.941770695149899
99_sik,2023-12-30,10,8.941770695149899
99_sik,2023-12-30,15,8.941770695149899
99_sik,2023-12-30,20,8.941770695149899
99_sik,2023-12-30,30,8.941770695149899
99_sik,2023-12-30,40,8.941770695149899
99_sik,2023-12-30,50,8.941770695149899
99_sik,2023-12-30,65,8.941770695149899
99_sik,2023-12-30,80,8.93810847401619
99_sik,2023-12-31,5,8.92199470102787
99_sik,2023-12-31,10,8.922727145254612
99_sik,2023-12-31,15,8.923459589481354
99_sik,2023-12-31,20,8.924192033708096
99_sik,2023-12-31,30,8.924924477934837
99_sik,2023-12-31,40,8.927121810615063
99_sik,2023-12-31,50,8.928586699068546
99_sik,2023-12-31,65,8.929319143295288
99_sik,2023-12-31,80,8.927854254841805
99_sik,2024-01-01,5,8.941770695149899
99_sik,2024-01-01,10,8.941770695149899
99_sik,2024-01-01,15,8.941770695149899
99_sik,2024-01-01,20,8.941770695149899
99_sik,2024-01-01,30,8.941770695149899
99_sik,2024-01-01,40,8.941770695149899
99_sik,2024-01-01,50,8.941770695149899
99_sik,2024-01-01,65,8.941770695149899
99_sik,2024-01-01,80,8.932248920202255
99_sik,2024-01-02,5,8.943235583603382
99_sik,2024-01-02,10,8.943968027830124
99_sik,2024-01-02,15,8.944700472056866
99_sik,2024-01-02,20,8.944700472056866
99_sik,2024-01-02,30,8.943235583603382
99_sik,2024-01-02,40,8.941770695149899
99_sik,2024-01-02,50,8.941038250923157
99_sik,2024-01-02,65,8.941038250923157
99_sik,2024-01-02,80,8.922727145254612
99_sik,2024-01-03,5,8.86046938598156
99_sik,2024-01-03,10,8.86046938598156
99_sik,2024-01-03,15,8.86046938598156
99_sik,2024-01-03,20,8.86046938598156
99_sik,2024-01-03,30,8.86046938598156
99_sik,2024-01-03,40,8.861934274435043
99_sik,2024-01-03,50,8.861201830208302
99_sik,2024-01-03,65,8.862666718661785
99_sik,2024-01-03,80,8.878780491650105
99_sik,2024-01-04,5,8.798211626708508
99_sik,2024-01-04,10,8.798211626708508
99_sik,2024-01-04,15,8.798211626708508
99_sik,2024-01-04,20,8.798211626708508
99_sik,2024-01-04,30,8.797479182481766
99_sik,2024-01-04,40,8.79894407093525
99_sik,2024-01-04,50,8.79894407093525
99_sik,2024-01-04,65,8.804071180522442
99_sik,2024-01-04,80,8.842890724539757
99_sik,2024-01-05,5,8.705923654139042
99_sik,2024-01-05,10,8.708120986819267
99_sik,2024-01-05,15,8.708853431046009
99_sik,2024-01-05,20,8.708853431046009
99_sik,2024-01-05,30,8.708853431046009
99_sik,2024-01-05,40,8.710318319499493
99_sik,2024-01-05,50,8.711050763726234
99_sik,2024-01-05,65,8.719840094447136
99_sik,2024-01-05,80,8.777703188359737
99_sik,2024-01-06,5,8.585070356726646
99_sik,2024-01-06,10,8.585070356726646
99_sik,2024-01-06,15,8.585070356726646
99_sik,2024-01-06,20,8.585070356726646
99_sik,2024-01-06,30,8.585070356726646
99_sik,2024-01-06,40,8.585070356726646
99_sik,2024-01-06,50,8.584337912499905
99_sik,2024-01-06,65,8.588732577860355
99_sik,2024-01-06,80,8.66051211208105
99_sik,2024-01-07,5,8.431989513337612
99_sik,2024-01-07,10,8.431989513337612
99_sik,2024-01-07,15,8.432721957564354
99_sik,2024-01-07,20,8.432721957564354
99_sik,2024-01-07,30,8.432721957564354
99_sik,2024-01-07,40,8.432721957564354
99_sik,2024-01-07,50,8.431989513337612
99_sik,2024-01-07,65,8.431989513337612
99_sik,2024-01-07,80,8.508163712918758
99_sik,2024-01-08,5,8.242286458611488
99_sik,2024-01-08,10,8.242286458611488
99_sik,2024-01-08,15,8.242286458611488
99_sik,2024-01-08,20,8.242286458611488
99_sik,2024-01-08,30,8.242286458611488
99_sik,2024-01-08,40,8.242286458611488
99_sik,2024-01-08,50,8.242286458611488
99_sik,2024-01-08,65,8.24301890283823
99_sik,2024-01-08,80,8.339701540768147
99_sik,2024-01-09,5,8.139744266867638
99_sik,2024-01-09,10,8.142674043774605
99_sik,2024-01-09,15,8.144138932228088
99_sik,2024-01-09,20,8.14487137645483
99_sik,2024-01-09,30,8.149266041815281
99_sik,2024-01-09,40,8.155125595629215
99_sik,2024-01-09,50,8.156590484082699
99_sik,2024-01-09,65,8.166112259030342
99_sik,2024-01-09,80,8.240821570158005
99_sik,2024-01-10,5,8.043794073164463
99_sik,2024-01-10,10,8.043794073164463
99_sik,2024-01-10,15,8.043794073164463
99_sik,2024-01-10,20,8.043794073164463
99_sik,2024-01-10,30,8.044526517391205
99_sik,2024-01-10,40,8.044526517391205
99_sik,2024-01-10,50,8.043794073164463
99_sik,2024-01-10,65,8.043794073164463
99_sik,2024-01-10,80,8.130954936146736
99_sik,2024-01-11,5,8.010834082961082
99_sik,2024-01-11,10,8.011566527187824
99_sik,2024-01-11,15,8.011566527187824
99_sik,2024-01-11,20,8.011566527187824
99_sik,2024-01-11,30,8.012298971414566
99_sik,2024-01-11,40,8.013031415641308
99_sik,2024-01-11,50,8.013031415641308
99_sik,2024-01-11,65,8.01376385986805
99_sik,2024-01-11,80,8.086275838315487
99_sik,2024-01-12,5,8.003509640693665
99_sik,2024-01-12,10,8.003509640693665
99_sik,2024-01-12,15,8.003509640693665
99_sik,2024-01-12,20,8.003509640693665
99_sik,2024-01-12,30,8.003509640693665
99_sik,2024-01-12,40,8.003509640693665
99_sik,2024-01-12,50,8.002777196466923
99_sik,2024-01-12,65,8.003509640693665
99_sik,2024-01-12,80,8.06283762305975
99_sik,2024-01-13,5,7.9405194371938705
99_sik,2024-01-13,10,7.9405194371938705
99_sik,2024-01-13,15,7.9405194371938705
99_sik,2024-01-13,20,7.9405194371938705
99_sik,2024-01-13,30,7.941984325647354
99_sik,2024-01-13,40,7.9441816583275795
99_sik,2024-01-13,50,7.9441816583275795
99_sik,2024-01-13,65,7.9617603197693825
99_sik,2024-01-13,80,8.006439417600632
99_sik,2024-01-14,5,7.842371910810471
99_sik,2024-01-14,10,7.848231464624405
99_sik,2024-01-14,15,7.851893685758114
99_sik,2024-01-14,20,7.852626129984856
99_sik,2024-01-14,30,7.857753239572048
99_sik,2024-01-14,40,7.865810126066208
99_sik,2024-01-14,50,7.870204791426659
99_sik,2024-01-14,65,7.949308767914772
99_sik,2024-01-14,80,7.94857632368803
99_sik,2024-01-15,5,7.639484860002994
99_sik,2024-01-15,10,7.639484860002994
99_sik,2024-01-15,15,7.639484860002994
99_sik,2024-01-15,20,7.639484860002994
99_sik,2024-01-15,30,7.640217304229736
99_sik,2024-01-15,40,7.640217304229736
99_sik,2024-01-15,50,7.639484860002994
99_sik,2024-01-15,65,7.828455470502377
99_sik,2024-01-15,80,7.805017255246639
99_sik,2024-01-16,5,7.410962261259556
99_sik,2024-01-16,10,7.410962261259556
99_sik,2024-01-16,15,7.410962261259556
99_sik,2024-01-16,20,7.410962261259556
99_sik,2024-01-16,30,7.410962261259556
99_sik,2024-01-16,40,7.411694705486298
99_sik,2024-01-16,50,7.416089370846748
99_sik,2024-01-16,65,7.676107071340084
99_sik,2024-01-16,80,7.64973907917738
99_sik,2024-01-17,5,7.259346306324005
99_sik,2024-01-17,10,7.259346306324005
99_sik,2024-01-17,15,7.259346306324005
99_sik,2024-01-17,20,7.259346306324005
99_sik,2024-01-17,30,7.300363183021545
99_sik,2024-01-17,40,7.3560289442539215
99_sik,2024-01-17,50,7.389721378684044
99_sik,2024-01-17,65,7.639484860002994
99_sik,2024-01-17,80,7.607257314026356
99_sik,2024-01-18,5,7.20001832395792
99_sik,2024-01-18,10,7.20001832395792
99_sik,2024-01-18,15,7.201483212411404
99_sik,2024-01-18,20,7.203680545091629
99_sik,2024-01-18,30,7.273262746632099
99_sik,2024-01-18,40,7.406567595899105
99_sik,2024-01-18,50,7.479079574346542
99_sik,2024-01-18,65,7.702475063502787
99_sik,2024-01-18,80,7.6468093022704124
99_sik,2024-01-19,5,7.230048537254333
99_sik,2024-01-19,10,7.230780981481075
99_sik,2024-01-19,15,7.232245869934559
99_sik,2024-01-19,20,7.234443202614784
99_sik,2024-01-19,30,7.272530302405357
99_sik,2024-01-19,40,7.431470699608326
99_sik,2024-01-19,50,7.542069777846336
99_sik,2024-01-19,65,7.797692812979221
99_sik,2024-01-19,80,7.687093734741211
99_sik,2024-01-20,5,7.292306296527386
99_sik,2024-01-20,10,7.292306296527386
99_sik,2024-01-20,15,7.293038740754127
99_sik,2024-01-20,20,7.293771184980869
99_sik,2024-01-20,30,7.315012067556381
99_sik,2024-01-20,40,7.476882241666317
99_sik,2024-01-20,50,7.536942668259144
99_sik,2024-01-20,65,7.805749699473381
99_sik,2024-01-20,80,7.701742619276047
99_sik,2024-01-21,5,7.368480496108532
99_sik,2024-01-21,10,7.370677828788757
99_sik,2024-01-21,15,7.37580493837595
99_sik,2024-01-21,20,7.378002271056175
99_sik,2024-01-21,30,7.389721378684044
99_sik,2024-01-21,40,7.428540922701359
99_sik,2024-01-21,50,7.443189807236195
99_sik,2024-01-21,65,7.739097274839878
99_sik,2024-01-21,80,7.635090194642544
99_sik,2024-01-22,5,7.3208716213703156
99_sik,2024-01-22,10,7.325998730957508
99_sik,2024-01-22,15,7.335520505905151
99_sik,2024-01-22,20,7.340647615492344
99_sik,2024-01-22,30,7.364085830748081
99_sik,2024-01-22,40,7.389721378684044
99_sik,2024-01-22,50,7.394116044044495
99_sik,2024-01-22,65,7.68269906938076
99_sik,2024-01-22,80,7.56404310464859
99_sik,2024-01-23,5,6.861629091203213
99_sik,2024-01-23,10,6.8623615354299545
99_sik,2024-01-23,15,6.86455886811018
99_sik,2024-01-23,20,6.866756200790405
99_sik,2024-01-23,30,6.993469052016735
99_sik,2024-01-23,40,7.293038740754127
99_sik,2024-01-23,50,7.385326713323593
99_sik,2024-01-23,65,7.748619049787521
99_sik,2024-01-23,80,7.587481319904327
99_sik,2024-01-24,5,6.033967114984989
99_sik,2024-01-24,10,6.036896891891956
99_sik,2024-01-24,15,6.067659549415112
99_sik,2024-01-24,20,6.119663089513779
99_sik,2024-01-24,30,6.553270071744919
99_sik,2024-01-24,40,7.18756677210331
99_sik,2024-01-24,50,7.435132920742035
99_sik,2024-01-24,65,7.803552366793156
99_sik,2024-01-24,80,7.624103531241417
99_sik,2024-01-25,5,5.545426815748215
99_sik,2024-01-25,10,5.545426815748215
99_sik,2024-01-25,15,5.552018813788891
99_sik,2024-01-25,20,5.558610811829567
99_sik,2024-01-25,30,5.954130694270134
99_sik,2024-01-25,40,6.51298563927412
99_sik,2024-01-25,50,7.152409449219704
99_sik,2024-01-25,65,7.770592376589775
99_sik,2024-01-25,80,7.668782629072666
99_sik,2024-01-26,5,5.421643741428852
99_sik,2024-01-26,10,5.422376185655594
99_sik,2024-01-26,15,5.427503295242786
99_sik,2024-01-26,20,5.463393062353134
99_sik,2024-01-26,30,6.134311974048615
99_sik,2024-01-26,40,6.96270639449358
99_sik,2024-01-26,50,7.161198779940605
99_sik,2024-01-26,65,7.70320750772953
99_sik,2024-01-26,80,7.667317740619183
99_sik,2024-01-27,5,5.569597475230694
99_sik,2024-01-27,10,5.570329919457436
99_sik,2024-01-27,15,5.667745001614094
99_sik,2024-01-27,20,5.798852518200874
99_sik,2024-01-27,30,6.569383844733238
99_sik,2024-01-27,40,7.077700138092041
99_sik,2024-01-27,50,7.19196143746376
99_sik,2024-01-27,65,7.651936411857605
99_sik,2024-01-27,80,7.582354210317135
99_sik,2024-01-28,5,5.689718328416348
99_sik,2024-01-28,10,5.690450772643089
99_sik,2024-01-28,15,5.848658725619316
99_sik,2024-01-28,20,6.0083315670490265
99_sik,2024-01-28,30,6.698294028639793
99_sik,2024-01-28,40,7.18756677210331
99_sik,2024-01-28,50,7.362620942294598
99_sik,2024-01-28,65,7.684896402060986
99_sik,2024-01-28,80,7.56404310464859
99_sik,2024-01-29,5,5.750511199235916
99_sik,2024-01-29,10,5.751243643462658
99_sik,2024-01-29,15,5.902859598398209
99_sik,2024-01-29,20,6.056672886013985
99_sik,2024-01-29,30,6.73784601688385
99_sik,2024-01-29,40,7.275460079312324
99_sik,2024-01-29,50,7.410229817032814
99_sik,2024-01-29,65,7.717856392264366
99_sik,2024-01-29,80,7.577959544956684
99_sik,2024-01-30,5,5.800317406654358
99_sik,2024-01-30,10,5.800317406654358
99_sik,2024-01-30,15,5.816431179642677
99_sik,2024-01-30,20,5.8786889389157295
99_sik,2024-01-30,30,6.66020692884922
99_sik,2024-01-30,40,7.214667208492756
99_sik,2024-01-30,50,7.360423609614372
99_sik,2024-01-30,65,7.659993298351765
99_sik,2024-01-30,80,7.561845771968365
99_sik,2024-01-31,5,5.886013381183147
99_sik,2024-01-31,10,5.889675602316856
99_sik,2024-01-31,15,5.907254263758659
99_sik,2024-01-31,20,5.929227590560913
99_sik,2024-01-31,30,6.603076279163361
99_sik,2024-01-31,40,7.133365899324417
99_sik,2024-01-31,50,7.287911631166935
99_sik,2024-01-31,65,7.572832435369492
99_sik,2024-01-31,80,7.50691245496273
99_sik,2024-02-01,5,5.9768364652991295
99_sik,2024-02-01,10,5.9768364652991295
99_sik,2024-02-01,15,5.9768364652991295
99_sik,2024-02-01,20,5.9768364652991295
99_sik,2024-02-01,30,6.002472013235092
99_sik,2024-02-01,40,6.62724693864584
99_sik,2024-02-01,50,7.109195239841938
99_sik,2024-02-01,65,7.504715122282505
99_sik,2024-02-01,80,7.46589557826519
99_sik,2024-02-02,5,5.984160907566547
99_sik,2024-02-02,10,5.984160907566547
99_sik,2024-02-02,15,5.984160907566547
99_sik,2024-02-02,20,5.984160907566547
99_sik,2024-02-02,30,5.9944151267409325
99_sik,2024-02-02,40,6.285195484757423
99_sik,2024-02-02,50,6.7224646881222725
99_sik,2024-02-02,65,7.408032484352589
99_sik,2024-02-02,80,7.423413813114166
99_sik,2024-02-03,5,6.093295097351074
99_sik,2024-02-03,10,6.093295097351074
99_sik,2024-02-03,15,6.093295097351074
99_sik,2024-02-03,20,6.094027541577816
99_sik,2024-02-03,30,6.18558306992054
99_sik,2024-02-03,40,6.469771429896355
99_sik,2024-02-03,50,6.599414058029652
99_sik,2024-02-03,65,7.190496549010277
99_sik,2024-02-03,80,7.306955181062221
99_sik,2024-02-04,5,6.131382197141647
99_sik,2024-02-04,10,6.131382197141647
99_sik,2024-02-04,15,6.131382197141647
99_sik,2024-02-04,20,6.132114641368389
99_sik,2024-02-04,30,6.2778710424900055
99_sik,2024-02-04,40,6.458784766495228
99_sik,2024-02-04,50,6.537156298756599
99_sik,2024-02-04,65,7.070375695824623
99_sik,2024-02-04,80,7.144352562725544
99_sik,2024-02-05,5,6.153355523943901
99_sik,2024-02-05,10,6.153355523943901
99_sik,2024-02-05,15,6.159947521984577
99_sik,2024-02-05,20,6.170201741158962
99_sik,2024-02-05,30,6.399456784129143
99_sik,2024-02-05,40,6.614795386791229
99_sik,2024-02-05,50,6.833063766360283
99_sik,2024-02-05,65,7.10187079757452
99_sik,2024-02-05,80,7.0549943670630455
99_sik,2024-02-06,5,6.168004408478737
99_sik,2024-02-06,10,6.168736852705479
99_sik,2024-02-06,15,6.170934185385704
99_sik,2024-02-06,20,6.174596406519413
99_sik,2024-02-06,30,6.422162555158138
99_sik,2024-02-06,40,6.773735783994198
99_sik,2024-02-06,50,6.895321525633335
99_sik,2024-02-06,65,7.069643251597881
99_sik,2024-02-06,80,6.997131273150444
99_sik,2024-02-07,5,6.152623079717159
99_sik,2024-02-07,10,6.152623079717159
99_sik,2024-02-07,15,6.153355523943901
99_sik,2024-02-07,20,6.155552856624126
99_sik,2024-02-07,30,6.384807899594307
99_sik,2024-02-07,40,6.730521574616432
99_sik,2024-02-07,50,6.798638887703419
99_sik,2024-02-07,65,6.996398828923702
99_sik,2024-02-07,80,6.932676181197166
99_sik,2024-02-08,5,6.1064790934324265
99_sik,2024-02-08,10,6.1064790934324265
99_sik,2024-02-08,15,6.1064790934324265
99_sik,2024-02-08,20,6.1064790934324265
99_sik,2024-02-08,30,6.162877298891544
99_sik,2024-02-08,40,6.651417598128319
99_sik,2024-02-08,50,6.720267355442047
99_sik,2024-02-08,65,6.915829963982105
99_sik,2024-02-08,80,6.852839760482311
99_sik,2024-02-09,5,6.072054214775562
99_sik,2024-02-09,10,6.072054214775562
99_sik,2024-02-09,15,6.072054214775562
99_sik,2024-02-09,20,6.072054214775562
99_sik,2024-02-09,30,6.1694692969322205
99_sik,2024-02-09,40,6.621387384831905
99_sik,2024-02-09,50,6.671926036477089
99_sik,2024-02-09,65,6.824274435639381
99_sik,2024-02-09,80,6.800836220383644
99_sik,2024-02-10,5,6.115268424153328
99_sik,2024-02-10,10,6.121127977967262
99_sik,2024-02-10,15,6.127719976007938
99_sik,2024-02-10,20,6.1306497529149055
99_sik,2024-02-10,30,6.225135058164597
99_sik,2024-02-10,40,6.506393641233444
99_sik,2024-02-10,50,6.623584717512131
99_sik,2024-02-10,65,6.769341118633747
99_sik,2024-02-10,80,6.77446822822094
99_sik,2024-02-11,5,6.096224874258041
99_sik,2024-02-11,10,6.096224874258041
99_sik,2024-02-11,15,6.096224874258041
99_sik,2024-02-11,20,6.096224874258041
99_sik,2024-02-11,30,6.18558306992054
99_sik,2024-02-11,40,6.433881662786007
99_sik,2024-02-11,50,6.601611390709877
99_sik,2024-02-11,65,6.724662020802498
99_sik,2024-02-11,80,6.730521574616432
99_sik,2024-02-12,5,6.083040878176689
99_sik,2024-02-12,10,6.083040878176689
99_sik,2024-02-12,15,6.083040878176689
99_sik,2024-02-12,20,6.083040878176689
99_sik,2024-02-12,30,6.1203955337405205
99_sik,2024-02-12,40,6.400921672582626
99_sik,2024-02-12,50,6.581102952361107
99_sik,2024-02-12,65,6.6770531460642815
99_sik,2024-02-12,80,6.67632070183754
99_sik,2024-02-13,5,6.156285300850868
99_sik,2024-02-13,10,6.154820412397385
99_sik,2024-02-13,15,6.150425747036934
99_sik,2024-02-13,20,6.1482284143567085
99_sik,2024-02-13,30,6.164342187345028
99_sik,2024-02-13,40,6.36576434969902
99_sik,2024-02-13,50,6.514450527727604
99_sik,2024-02-13,65,6.637501157820225
99_sik,2024-02-13,80,6.638233602046967
99_sik,2024-02-14,5,6.258095048367977
99_sik,2024-02-14,10,6.245643496513367
99_sik,2024-02-14,15,6.244911052286625
99_sik,2024-02-14,20,6.2427137196064
99_sik,2024-02-14,30,6.258095048367977
99_sik,2024-02-14,40,6.378215901553631
99_sik,2024-02-14,50,6.48002564907074
99_sik,2024-02-14,65,6.6067385002970695
99_sik,2024-02-14,80,6.613330498337746
99_sik,2024-02-15,5,6.255897715687752
99_sik,2024-02-15,10,6.281533263623714
99_sik,2024-02-15,15,6.325479917228222
99_sik,2024-02-15,20,6.341593690216541
99_sik,2024-02-15,30,6.3371990248560905
99_sik,2024-02-15,40,6.390667453408241
99_sik,2024-02-15,50,6.465376764535904
99_sik,2024-02-15,65,6.587694950401783
99_sik,2024-02-15,80,6.600878946483135
99_sik,2024-02-16,5,6.244178608059883
99_sik,2024-02-16,10,6.244178608059883
99_sik,2024-02-16,15,6.244911052286625
99_sik,2024-02-16,20,6.263954602181912
99_sik,2024-02-16,30,6.405316337943077
99_sik,2024-02-16,40,6.417035445570946
99_sik,2024-02-16,50,6.466109208762646
99_sik,2024-02-16,65,6.577440731227398
99_sik,2024-02-16,80,6.591357171535492
99_sik,2024-02-17,5,6.274941265583038
99_sik,2024-02-17,10,6.272011488676071
99_sik,2024-02-17,15,6.271279044449329
99_sik,2024-02-17,20,6.288125261664391
99_sik,2024-02-17,30,6.433149218559265
99_sik,2024-02-17,40,6.447798103094101
99_sik,2024-02-17,50,6.477828316390514
99_sik,2024-02-17,65,6.551805183291435
99_sik,2024-02-17,80,6.574510954320431
99_sik,2024-02-18,5,6.335734136402607
99_sik,2024-02-18,10,6.32474747300148
99_sik,2024-02-18,15,6.31669058650732
99_sik,2024-02-18,20,6.321085251867771
99_sik,2024-02-18,30,6.405316337943077
99_sik,2024-02-18,40,6.432416774332523
99_sik,2024-02-18,50,6.453657656908035
99_sik,2024-02-18,65,6.510055862367153
99_sik,2024-02-18,80,6.538621187210083
99_sik,2024-02-19,5,6.4492629915475845
99_sik,2024-02-19,10,6.418500334024429
99_sik,2024-02-19,15,6.399456784129143
99_sik,2024-02-19,20,6.39432967454195
99_sik,2024-02-19,30,6.4038514494895935
99_sik,2024-02-19,40,6.41044344753027
99_sik,2024-02-19,50,6.44340343773365
99_sik,2024-02-19,65,6.477095872163773
99_sik,2024-02-19,80,6.502731420099735
99_sik,2024-02-20,5,6.414105668663979
99_sik,2024-02-20,10,6.414105668663979
99_sik,2024-02-20,15,6.41483811289072
99_sik,2024-02-20,20,6.41483811289072
99_sik,2024-02-20,30,6.439741216599941
99_sik,2024-02-20,40,6.4390087723732
99_sik,2024-02-20,50,6.439741216599941
99_sik,2024-02-20,65,6.469038985669613
99_sik,2024-02-20,80,6.491744756698608
99_sik,2024-02-21,5,6.390667453408241
99_sik,2024-02-21,10,6.390667453408241
99_sik,2024-02-21,15,6.390667453408241
99_sik,2024-02-21,20,6.390667453408241
99_sik,2024-02-21,30,6.413373224437237
99_sik,2024-02-21,40,6.486617647111416
99_sik,2024-02-21,50,6.474898539483547
99_sik,2024-02-21,65,6.479293204843998
99_sik,2024-02-21,80,6.504196308553219
99_sik,2024-02-22,5,6.383343011140823
99_sik,2024-02-22,10,6.384075455367565
99_sik,2024-02-22,15,6.384075455367565
99_sik,2024-02-22,20,6.384075455367565
99_sik,2024-02-22,30,6.407513670623303
99_sik,2024-02-22,40,6.491744756698608
99_sik,2024-02-22,50,6.507858529686928
99_sik,2024-02-22,65,6.496139422059059
99_sik,2024-02-22,80,6.515915416181088
99_sik,2024-02-23,5,6.36576434969902
99_sik,2024-02-23,10,6.36576434969902
99_sik,2024-02-23,15,6.36576434969902
99_sik,2024-02-23,20,6.36576434969902
99_sik,2024-02-23,30,6.419232778251171
99_sik,2024-02-23,40,6.493942089378834
99_sik,2024-02-23,50,6.494674533605576
99_sik,2024-02-23,65,6.474166095256805
99_sik,2024-02-23,80,6.511520750820637
99_sik,2024-02-24,5,6.303506590425968
99_sik,2024-02-24,10,6.303506590425968
99_sik,2024-02-24,15,6.302774146199226
99_sik,2024-02-24,20,6.302774146199226
99_sik,2024-02-24,30,6.382610566914082
99_sik,2024-02-24,40,6.428754553198814
99_sik,2024-02-24,50,6.42289499938488
99_sik,2024-02-24,65,6.419965222477913
99_sik,2024-02-24,80,6.464644320309162
99_sik,2024-02-25,5,6.239783942699432
99_sik,2024-02-25,10,6.240516386926174
99_sik,2024-02-25,15,6.240516386926174
99_sik,2024-02-25,20,6.241248831152916
99_sik,2024-02-25,30,6.304971478879452
99_sik,2024-02-25,40,6.335001692175865
99_sik,2024-02-25,50,6.3371990248560905
99_sik,2024-02-25,65,6.3547776862978935
99_sik,2024-02-25,80,6.3899350091815
99_sik,2024-02-26,5,5.971709355711937
99_sik,2024-02-26,10,6.073519103229046
99_sik,2024-02-26,15,6.137241750955582
99_sik,2024-02-26,20,6.146031081676483
99_sik,2024-02-26,30,6.161412410438061
99_sik,2024-02-26,40,6.21854306012392
99_sik,2024-02-26,50,6.2463759407401085
99_sik,2024-02-26,65,6.301309257745743
99_sik,2024-02-26,80,6.31669058650732
99_sik,2024-02-27,5,5.164555817842484
99_sik,2024-02-27,10,5.262703344225884
99_sik,2024-02-27,15,5.74391920119524
99_sik,2024-02-27,20,5.873561829328537
99_sik,2024-02-27,30,5.971709355711937
99_sik,2024-02-27,40,6.068391993641853
99_sik,2024-02-27,50,6.126255087554455
99_sik,2024-02-27,65,6.259559936821461
99_sik,2024-02-27,80,6.22659994661808
99_sik,2024-02-28,5,3.783166006207466
99_sik,2024-02-28,10,3.863734871149063
99_sik,2024-02-28,15,4.684072405099869
99_sik,2024-02-28,20,5.018066972494125
99_sik,2024-02-28,30,5.519791267812252
99_sik,2024-02-28,40,5.814966291189194
99_sik,2024-02-28,50,5.905056931078434
99_sik,2024-02-28,65,6.203894175589085
99_sik,2024-02-28,80,6.072786659002304
99_sik,2024-02-29,5,3.0353404507040977
99_sik,2024-02-29,10,3.2851039320230484
99_sik,2024-02-29,15,4.212378323078156
99_sik,2024-02-29,20,4.517807565629482
99_sik,2024-02-29,30,5.083254508674145
99_sik,2024-02-29,40,5.5776543617248535
99_sik,2024-02-29,50,5.722678318619728
99_sik,2024-02-29,65,6.1028168722987175
99_sik,2024-02-29,80,5.9277627021074295
99_sik,2024-03-01,5,3.7077242508530617
99_sik,2024-03-01,10,3.806604221463203
99_sik,2024-03-01,15,4.11203346401453
99_sik,2024-03-01,20,4.227027207612991
99_sik,2024-03-01,30,4.717764839529991
99_sik,2024-03-01,40,5.338145099580288
99_sik,2024-03-01,50,5.594500578939915
99_sik,2024-03-01,65,6.036164447665215
99_sik,2024-03-01,80,5.840601839125156
99_sik,2024-03-02,5,3.4564958810806274
99_sik,2024-03-02,10,3.4564958810806274
99_sik,2024-03-02,15,3.4623554348945618
99_sik,2024-03-02,20,3.490920759737492
99_sik,2024-03-02,30,4.303201407194138
99_sik,2024-03-02,40,4.984374538064003
99_sik,2024-03-02,50,5.456801064312458
99_sik,2024-03-02,65,5.980498686432838
99_sik,2024-03-02,80,5.814233846962452
99_sik,2024-03-03,5,3.163518190383911
99_sik,2024-03-03,10,3.2191839516162872
99_sik,2024-03-03,15,3.5290078595280647
99_sik,2024-03-03,20,3.7289651334285736
99_sik,2024-03-03,30,4.645985305309296
99_sik,2024-03-03,40,5.086916729807854
99_sik,2024-03-03,50,5.266365565359592
99_sik,2024-03-03,65,5.9277627021074295
99_sik,2024-03-03,80,5.809106737375259
99_sik,2024-03-04,5,3.2331003919243813
99_sik,2024-03-04,10,3.23676261305809
99_sik,2024-03-04,15,3.4733420982956886
99_sik,2024-03-04,20,3.777306452393532
99_sik,2024-03-04,30,4.724356837570667
99_sik,2024-03-04,40,5.007080309092999
99_sik,2024-03-04,50,5.086916729807854
99_sik,2024-03-04,65,5.824488066136837
99_sik,2024-03-04,80,5.798852518200874
99_sik,2024-03-05,5,3.352488800883293
99_sik,2024-03-05,10,3.3576159104704857
99_sik,2024-03-05,15,3.632282495498657
99_sik,2024-03-05,20,3.857142873108387
99_sik,2024-03-05,30,4.658436857163906
99_sik,2024-03-05,40,4.955076768994331
99_sik,2024-03-05,50,5.048097185790539
99_sik,2024-03-05,65,5.611346796154976
99_sik,2024-03-05,80,5.713156543672085
99_sik,2024-03-06,5,3.177434630692005
99_sik,2024-03-06,10,3.2111270651221275
99_sik,2024-03-06,15,3.650593601167202
99_sik,2024-03-06,20,3.858607761561871
99_sik,2024-03-06,30,4.585924878716469
99_sik,2024-03-06,40,4.981444761157036
99_sik,2024-03-06,50,5.050294518470764
99_sik,2024-03-06,65,5.346201986074448
99_sik,2024-03-06,80,5.585711248219013
99_sik,2024-03-07,5,2.8082827404141426
99_sik,2024-03-07,10,2.846369840204716
99_sik,2024-03-07,15,3.4308603331446648
99_sik,2024-03-07,20,3.7253029122948647
99_sik,2024-03-07,30,4.5661488845944405
99_sik,2024-03-07,40,4.953611880540848
99_sik,2024-03-07,50,5.010010085999966
99_sik,2024-03-07,65,5.256843790411949
99_sik,2024-03-07,80,5.390148639678955
99_sik,2024-03-08,5,2.7167272120714188
99_sik,2024-03-08,10,2.8163396269083023
99_sik,2024-03-08,15,3.46162299066782
99_sik,2024-03-08,20,3.7472762390971184
99_sik,2024-03-08,30,4.662831522524357
99_sik,2024-03-08,40,5.031250968575478
99_sik,2024-03-08,50,5.097903393208981
99_sik,2024-03-08,65,5.333750434219837
99_sik,2024-03-08,80,5.291268669068813
99_sik,2024-03-09,5,2.862483613193035
99_sik,2024-03-09,10,2.88079471886158
99_sik,2024-03-09,15,3.457228325307369
99_sik,2024-03-09,20,3.788293115794658
99_sik,2024-03-09,30,4.807855479419231
99_sik,2024-03-09,40,5.180669590830803
99_sik,2024-03-09,50,5.258308678865433
99_sik,2024-03-09,65,5.458265952765942
99_sik,2024-03-09,80,5.335947766900063
99_sik,2024-03-10,5,3.071230217814445
99_sik,2024-03-10,10,3.063905775547028
99_sik,2024-03-10,15,3.4601581022143364
99_sik,2024-03-10,20,3.895962417125702
99_sik,2024-03-10,30,4.997558534145355
99_sik,2024-03-10,40,5.334482878446579
99_sik,2024-03-10,50,5.409192189574242
99_sik,2024-03-10,65,5.56813258677721
99_sik,2024-03-10,80,5.396008193492889
99_sik,2024-03-11,5,3.279976822435856
99_sik,2024-03-11,10,3.244087055325508
99_sik,2024-03-11,15,3.611041612923145
99_sik,2024-03-11,20,3.990447722375393
99_sik,2024-03-11,30,5.062013626098633
99_sik,2024-03-11,40,5.405529968440533
99_sik,2024-03-11,50,5.4831690564751625
99_sik,2024-03-11,65,5.601825021207333
99_sik,2024-03-11,80,5.4516739547252655
99_sik,2024-03-12,5,3.307077258825302
99_sik,2024-03-12,10,3.3415021374821663
99_sik,2024-03-12,15,3.639606937766075
99_sik,2024-03-12,20,3.9421064034104343
99_sik,2024-03-12,30,5.051026962697506
99_sik,2024-03-12,40,5.42091129720211
99_sik,2024-03-12,50,5.493423275649548
99_sik,2024-03-12,65,5.584978803992271
99_sik,2024-03-12,80,5.454603731632233
99_sik,2024-03-13,5,3.052186667919159
99_sik,2024-03-13,10,3.071230217814445
99_sik,2024-03-13,15,3.5502487421035767
99_sik,2024-03-13,20,3.889370419085026
99_sik,2024-03-13,30,5.05688651651144
99_sik,2024-03-13,40,5.413586854934692
99_sik,2024-03-13,50,5.481704168021679
99_sik,2024-03-13,65,5.553483702242374
99_sik,2024-03-13,80,5.445081956684589
99_sik,2024-03-14,5,3.1034577637910843
99_sik,2024-03-14,10,3.129093311727047
99_sik,2024-03-14,15,3.7018646970391273
99_sik,2024-03-14,20,4.0197454914450645
99_sik,2024-03-14,30,5.0349131897091866
99_sik,2024-03-14,40,5.386486418545246
99_sik,2024-03-14,50,5.4575335085392
99_sik,2024-03-14,65,5.516861490905285
99_sik,2024-03-14,80,5.439222402870655
99_sik,2024-03-15,5,3.1942808479070663
99_sik,2024-03-15,10,3.3048799261450768
99_sik,2024-03-15,15,3.81319621950388
99_sik,2024-03-15,20,4.084933027625084
99_sik,2024-03-15,30,5.0422376319766045
99_sik,2024-03-15,40,5.41651663184166
99_sik,2024-03-15,50,5.493423275649548
99_sik,2024-03-15,65,5.538834817707539
99_sik,2024-03-15,80,5.475112169981003
99_sik,2024-03-16,5,3.240424834191799
99_sik,2024-03-16,10,3.3136692568659782
99_sik,2024-03-16,15,3.835901990532875
99_sik,2024-03-16,20,4.102511689066887
99_sik,2024-03-16,30,5.037842966616154
99_sik,2024-03-16,40,5.440687291324139
99_sik,2024-03-16,50,5.525650821626186
99_sik,2024-03-16,65,5.5813165828585625
99_sik,2024-03-16,80,5.507339715957642
99_sik,2024-03-17,5,3.5993225052952766
99_sik,2024-03-17,10,3.6549882665276527
99_sik,2024-03-17,15,3.9252601861953735
99_sik,2024-03-17,20,4.078341029584408
99_sik,2024-03-17,30,4.966063432395458
99_sik,2024-03-17,40,5.428235739469528
99_sik,2024-03-17,50,5.5285805985331535
99_sik,2024-03-17,65,5.604022353887558
99_sik,2024-03-17,80,5.511001937091351
99_sik,2024-03-18,5,3.519486084580421
99_sik,2024-03-18,10,3.519486084580421
99_sik,2024-03-18,15,3.553178519010544
99_sik,2024-03-18,20,3.659382931888104
99_sik,2024-03-18,30,4.714835062623024
99_sik,2024-03-18,40,5.390148639678955
99_sik,2024-03-18,50,5.459730841219425
99_sik,2024-03-18,65,5.51905882358551
99_sik,2024-03-18,80,5.464857950806618
99_sik,2024-03-19,5,3.4279305562376976
99_sik,2024-03-19,10,3.427198112010956
99_sik,2024-03-19,15,3.4799340963363647
99_sik,2024-03-19,20,3.61690116673708
99_sik,2024-03-19,30,4.7060457319021225
99_sik,2024-03-19,40,5.239265128970146
99_sik,2024-03-19,50,5.293466001749039
99_sik,2024-03-19,65,5.347666874527931
99_sik,2024-03-19,80,5.375499755144119
99_sik,2024-03-20,5,3.5817438438534737
99_sik,2024-03-20,10,3.587603397667408
99_sik,2024-03-20,15,3.739951796829701
99_sik,2024-03-20,20,3.9186681881546974
99_sik,2024-03-20,30,4.615955092012882
99_sik,2024-03-20,40,5.034180745482445
99_sik,2024-03-20,50,5.14258249104023
99_sik,2024-03-20,65,5.1469771564006805
99_sik,2024-03-20,80,5.309579774737358
99_sik,2024-03-21,5,3.6557207107543945
99_sik,2024-03-21,10,3.6549882665276527
99_sik,2024-03-21,15,3.8300424367189407
99_sik,2024-03-21,20,4.007293939590454
99_sik,2024-03-21,30,4.493636906147003
99_sik,2024-03-21,40,4.866451017558575
99_sik,2024-03-21,50,5.015137195587158
99_sik,2024-03-21,65,5.0700705125927925
99_sik,2024-03-21,80,5.111819833517075
99_sik,2024-03-22,5,3.67842648178339
99_sik,2024-03-22,10,3.677694037556648
99_sik,2024-03-22,15,3.91573841124773
99_sik,2024-03-22,20,4.101779244840145
99_sik,2024-03-22,30,4.6078982055187225
99_sik,2024-03-22,40,4.980712316930294
99_sik,2024-03-22,50,5.10596027970314
99_sik,2024-03-22,65,5.092776283621788
99_sik,2024-03-22,80,5.057618960738182
99_sik,2024-03-23,5,3.8175908848643294
99_sik,2024-03-23,10,3.804406888782978
99_sik,2024-03-23,15,4.018280602991581
99_sik,2024-03-23,20,4.166234336793423
99_sik,2024-03-23,30,4.8195745870471
99_sik,2024-03-23,40,5.2312082424759865
99_sik,2024-03-23,50,5.344737097620964
99_sik,2024-03-23,65,5.297860667109489
99_sik,2024-03-23,80,5.089114062488079
99_sik,2024-03-24,5,4.0409863740205765
99_sik,2024-03-24,10,3.988982833921909
99_sik,2024-03-24,15,4.030732154846191
99_sik,2024-03-24,20,4.168431669473648
99_sik,2024-03-24,30,4.913327448070049
99_sik,2024-03-24,40,5.328623324632645
99_sik,2024-03-24,50,5.431165516376495
99_sik,2024-03-24,65,5.333750434219837
99_sik,2024-03-24,80,5.054689183831215
99_sik,2024-03-25,5,4.060029923915863
99_sik,2024-03-25,10,4.033661931753159
99_sik,2024-03-25,15,4.131077013909817
99_sik,2024-03-25,20,4.286355189979076
99_sik,2024-03-25,30,4.952879436314106
99_sik,2024-03-25,40,5.295663334429264
99_sik,2024-03-25,50,5.378429532051086
99_sik,2024-03-25,65,5.151371821761131
99_sik,2024-03-25,80,4.9719229862093925
99_sik,2024-03-26,5,4.051973037421703
99_sik,2024-03-26,10,4.052705481648445
99_sik,2024-03-26,15,4.2160405442118645
99_sik,2024-03-26,20,4.333231620490551
99_sik,2024-03-26,30,4.857661686837673
99_sik,2024-03-26,40,5.157963819801807
99_sik,2024-03-26,50,5.237067796289921
99_sik,2024-03-26,65,4.900875896215439
99_sik,2024-03-26,80,4.8005310371518135
99_sik,2024-03-27,5,4.117160573601723
99_sik,2024-03-27,10,4.101046800613403
99_sik,2024-03-27,15,4.2475356459617615
99_sik,2024-03-27,20,4.335428953170776
99_sik,2024-03-27,30,4.70091862231493
99_sik,2024-03-27,40,4.970458097755909
99_sik,2024-03-27,50,5.033448301255703
99_sik,2024-03-27,65,4.574938215315342
99_sik,2024-03-27,80,4.606433317065239
99_sik,2024-03-28,5,4.277565859258175
99_sik,2024-03-28,10,4.263649418950081
99_sik,2024-03-28,15,4.333231620490551
99_sik,2024-03-28,20,4.382305383682251
99_sik,2024-03-28,30,4.6708884090185165
99_sik,2024-03-28,40,4.888424344360828
99_sik,2024-03-28,50,4.915524780750275
99_sik,2024-03-28,65,4.334696508944035
99_sik,2024-03-28,80,4.460676915943623
99_sik,2024-03-29,5,4.4680013582110405
99_sik,2024-03-29,10,4.437238700687885
99_sik,2024-03-29,15,4.451887585222721
99_sik,2024-03-29,20,4.481185354292393
99_sik,2024-03-29,30,4.817377254366875
99_sik,2024-03-29,40,4.992431424558163
99_sik,2024-03-29,50,5.013672307133675
99_sik,2024-03-29,65,4.3698538318276405
99_sik,2024-03-29,80,4.426252037286758
99_sik,2024-03-30,5,4.801995925605297
99_sik,2024-03-30,10,4.677480407059193
99_sik,2024-03-30,15,4.5742057710886
99_sik,2024-03-30,20,4.604968428611755
99_sik,2024-03-30,30,4.991698980331421
99_sik,2024-03-30,40,5.139652714133263
99_sik,2024-03-30,50,5.160161152482033
99_sik,2024-03-30,65,4.509018234908581
99_sik,2024-03-30,80,4.431379146873951
99_sik,2024-03-31,5,4.934568330645561
99_sik,2024-03-31,10,4.85619679838419
99_sik,2024-03-31,15,4.661366634070873
99_sik,2024-03-31,20,4.654042191803455
99_sik,2024-03-31,30,4.9580065459012985
99_sik,2024-03-31,40,5.074465177953243
99_sik,2024-03-31,50,5.070802956819534
99_sik,2024-03-31,65,4.313455626368523
99_sik,2024-03-31,80,4.339091174304485
99_sik,2024-04-01,5,4.996093645691872
99_sik,2024-04-01,10,4.942625217139721
99_sik,2024-04-01,15,4.735343500971794
99_sik,2024-04-01,20,4.695791512727737
99_sik,2024-04-01,30,4.790276817977428
99_sik,2024-04-01,40,4.8686483502388
99_sik,2024-04-01,50,4.810785256326199
99_sik,2024-04-01,65,3.9252601861953735
99_sik,2024-04-01,80,4.079805918037891
99_sik,2024-04-02,5,5.005615420639515
99_sik,2024-04-02,10,4.988036759197712
99_sik,2024-04-02,15,4.812982589006424
99_sik,2024-04-02,20,4.719229727983475
99_sik,2024-04-02,30,4.570543549954891
99_sik,2024-04-02,40,4.601306207478046
99_sik,2024-04-02,50,4.473128467798233
99_sik,2024-04-02,65,3.545121632516384
99_sik,2024-04-02,80,3.740684241056442
99_sik,2024-04-03,5,5.205572694540024
99_sik,2024-04-03,10,5.100833170115948
99_sik,2024-04-03,15,4.914792336523533
99_sik,2024-04-03,20,4.798333704471588
99_sik,2024-04-03,30,4.473128467798233
99_sik,2024-04-03,40,4.410870708525181
99_sik,2024-04-03,50,4.24680320173502
99_sik,2024-04-03,65,3.4000976756215096
99_sik,2024-04-03,80,3.499710090458393
99_sik,2024-04-04,5,5.475112169981003
99_sik,2024-04-04,10,5.313974440097809
99_sik,2024-04-04,15,5.051026962697506
99_sik,2024-04-04,20,4.912595003843308
99_sik,2024-04-04,30,4.503158681094647
99_sik,2024-04-04,40,4.3779107183218
99_sik,2024-04-04,50,4.200659215450287
99_sik,2024-04-04,65,3.339304804801941
99_sik,2024-04-04,80,3.413281671702862
99_sik,2024-04-05,5,5.645039230585098
99_sik,2024-04-05,10,5.54762414842844
99_sik,2024-04-05,15,5.185064256191254
99_sik,2024-04-05,20,5.012207418680191
99_sik,2024-04-05,30,4.544175557792187
99_sik,2024-04-05,40,4.366191610693932
99_sik,2024-04-05,50,4.163304559886456
99_sik,2024-04-05,65,3.2887661531567574
99_sik,2024-04-05,80,3.3583483546972275
99_sik,2024-04-06,5,5.857448056340218
99_sik,2024-04-06,10,5.716818764805794
99_sik,2024-04-06,15,5.300790444016457
99_sik,2024-04-06,20,5.095706060528755
99_sik,2024-04-06,30,4.588122211396694
99_sik,2024-04-06,40,4.350077837705612
99_sik,2024-04-06,50,4.129612125456333
99_sik,2024-04-06,65,3.255073718726635
99_sik,2024-04-06,80,3.324655920267105
99_sik,2024-04-07,5,6.122592866420746
99_sik,2024-04-07,10,5.8962676003575325
99_sik,2024-04-07,15,5.417249076068401
99_sik,2024-04-07,20,5.201178029179573
99_sik,2024-04-07,30,4.691396847367287
99_sik,2024-04-07,40,4.402081377804279
99_sik,2024-04-07,50,4.170629002153873
99_sik,2024-04-07,65,3.251411497592926
99_sik,2024-04-07,80,3.319528810679913
99_sik,2024-04-08,5,6.412640780210495
99_sik,2024-04-08,10,6.066194660961628
99_sik,2024-04-08,15,5.51905882358551
99_sik,2024-04-08,20,5.301522888243198
99_sik,2024-04-08,30,4.802728369832039
99_sik,2024-04-08,40,4.464339137077332
99_sik,2024-04-08,50,4.227027207612991
99_sik,2024-04-08,65,3.2638630494475365
99_sik,2024-04-08,80,3.3305154740810394
99_sik,2024-04-09,5,6.363567017018795
99_sik,2024-04-09,10,6.276406154036522
99_sik,2024-04-09,15,5.631855234503746
99_sik,2024-04-09,20,5.378429532051086
99_sik,2024-04-09,30,4.806390590965748
99_sik,2024-04-09,40,4.454817362129688
99_sik,2024-04-09,50,4.191137440502644
99_sik,2024-04-09,65,3.223578616976738
99_sik,2024-04-09,80,3.323191031813621
99_sik,2024-04-10,5,6.346720799803734
99_sik,2024-04-10,10,6.293984815478325
99_sik,2024-04-10,15,5.749046310782433
99_sik,2024-04-10,20,5.440687291324139
99_sik,2024-04-10,30,4.684072405099869
99_sik,2024-04-10,40,4.285622745752335
99_sik,2024-04-10,50,3.947965957224369
99_sik,2024-04-10,65,3.128360867500305
99_sik,2024-04-10,80,3.238959945738316
99_sik,2024-04-11,5,6.441206105053425
99_sik,2024-04-11,10,6.335734136402607
99_sik,2024-04-11,15,5.768822304904461
99_sik,2024-04-11,20,5.439222402870655
99_sik,2024-04-11,30,4.534653782844544
99_sik,2024-04-11,40,4.057100147008896
99_sik,2024-04-11,50,3.685018479824066
99_sik,2024-04-11,65,3.0470595583319664
99_sik,2024-04-11,80,3.1627857461571693
99_sik,2024-04-12,5,6.57011628895998
99_sik,2024-04-12,10,6.397259451448917
99_sik,2024-04-12,15,5.830347619950771
99_sik,2024-04-12,20,5.47804194688797
99_sik,2024-04-12,30,4.485580019652844
99_sik,2024-04-12,40,3.935514405369759
99_sik,2024-04-12,50,3.5539109632372856
99_sik,2024-04-12,65,2.998718239367008
99_sik,2024-04-12,80,3.124698646366596
99_sik,2024-04-13,5,6.7224646881222725
99_sik,2024-04-13,10,6.484420314431191
99_sik,2024-04-13,15,5.874294273555279
99_sik,2024-04-13,20,5.511001937091351
99_sik,2024-04-13,30,4.4760582447052
99_sik,2024-04-13,40,3.8615375384688377
99_sik,2024-04-13,50,3.476271875202656
99_sik,2024-04-13,65,2.984801799058914
99_sik,2024-04-13,80,3.107852429151535
99_sik,2024-04-14,5,7.018372155725956
99_sik,2024-04-14,10,6.545945629477501
99_sik,2024-04-14,15,5.887478269636631
99_sik,2024-04-14,20,5.520523712038994
99_sik,2024-04-14,30,4.4189275950193405
99_sik,2024-04-14,40,3.777306452393532
99_sik,2024-04-14,50,3.3825190141797066
99_sik,2024-04-14,65,2.9979857951402664
99_sik,2024-04-14,80,3.114444427192211
99_sik,2024-04-15,5,7.281319633126259
99_sik,2024-04-15,10,6.61919005215168
99_sik,2024-04-15,15,5.886745825409889
99_sik,2024-04-15,20,5.517593935132027
99_sik,2024-04-15,30,4.363994278013706
99_sik,2024-04-15,40,3.690878033638001
99_sik,2024-04-15,50,3.300485260784626
99_sik,2024-04-15,65,3.0536515563726425
99_sik,2024-04-15,80,3.145939528942108
99_sik,2024-04-16,5,7.467360466718674
99_sik,2024-04-16,10,6.713675357401371
99_sik,2024-04-16,15,5.877956494688988
99_sik,2024-04-16,20,5.515396602451801
99_sik,2024-04-16,30,4.4086733758449554
99_sik,2024-04-16,40,3.6762291491031647
99_sik,2024-04-16,50,3.31440170109272
99_sik,2024-04-16,65,3.114444427192211
99_sik,2024-04-16,80,3.1832941845059395
99_sik,2024-04-17,5,7.568437770009041
99_sik,2024-04-17,10,6.825739324092865
99_sik,2024-04-17,15,5.973906688392162
99_sik,2024-04-17,20,5.649433895945549
99_sik,2024-04-17,30,4.621082201600075
99_sik,2024-04-17,40,3.808801554143429
99_sik,2024-04-17,50,3.4535661041736603
99_sik,2024-04-17,65,3.153263971209526
99_sik,2024-04-17,80,3.193548403680325
99_sik,2024-04-18,5,7.764000378549099
99_sik,2024-04-18,10,6.984679721295834
99_sik,2024-04-18,15,6.127719976007938
99_sik,2024-04-18,20,5.82155828922987
99_sik,2024-04-18,30,4.816644810140133
99_sik,2024-04-18,40,3.965544618666172
99_sik,2024-04-18,50,3.5993225052952766
99_sik,2024-04-18,65,3.2001404017210007
99_sik,2024-04-18,80,3.2191839516162872
99_sik,2024-04-19,5,8.251808233559132
99_sik,2024-04-19,10,7.403637818992138
99_sik,2024-04-19,15,6.330607026815414
99_sik,2024-04-19,20,6.011993788182735
99_sik,2024-04-19,30,4.952146992087364
99_sik,2024-04-19,40,4.09152502566576
99_sik,2024-04-19,50,3.714316248893738
99_sik,2024-04-19,65,3.2528763860464096
99_sik,2024-04-19,80,3.2638630494475365
99_sik,2024-04-20,5,8.229834906756878
99_sik,2024-04-20,10,8.115573607385159
99_sik,2024-04-20,15,6.809625551104546
99_sik,2024-04-20,20,6.356242574751377
99_sik,2024-04-20,30,5.130863383412361
99_sik,2024-04-20,40,4.232886761426926
99_sik,2024-04-20,50,3.835169546306133
99_sik,2024-04-20,65,3.307809703052044
99_sik,2024-04-20,80,3.3473616912961006
99_sik,2024-04-21,5,8.237891793251038
99_sik,2024-04-21,10,8.184423364698887
99_sik,2024-04-21,15,7.185369439423084
99_sik,2024-04-21,20,6.693166919052601
99_sik,2024-04-21,30,5.305185109376907
99_sik,2024-04-21,40,4.309060961008072
99_sik,2024-04-21,50,3.884975753724575
99_sik,2024-04-21,65,3.425733223557472
99_sik,2024-04-21,80,3.46162299066782
99_sik,2024-04-22,5,8.363139756023884
99_sik,2024-04-22,10,8.24741356819868
99_sik,2024-04-22,15,7.371410273015499
99_sik,2024-04-22,20,6.865291312336922
99_sik,2024-04-22,30,5.3850215300917625
99_sik,2024-04-22,40,4.309060961008072
99_sik,2024-04-22,50,3.884975753724575
99_sik,2024-04-22,65,3.553178519010544
99_sik,2024-04-22,80,3.574419401586056
99_sik,2024-04-23,5,8.552110366523266
99_sik,2024-04-23,10,8.390972636640072
99_sik,2024-04-23,15,7.295236073434353
99_sik,2024-04-23,20,6.808893106877804
99_sik,2024-04-23,30,5.365977980196476
99_sik,2024-04-23,40,4.240943647921085
99_sik,2024-04-23,50,3.8483535423874855
99_sik,2024-04-23,65,3.6029847264289856
99_sik,2024-04-23,80,3.633747383952141
99_sik,2024-04-24,5,8.183690920472145
99_sik,2024-04-24,10,8.138279378414154
99_sik,2024-04-24,15,7.183904550969601
99_sik,2024-04-24,20,6.644093155860901
99_sik,2024-04-24,30,5.285409115254879
99_sik,2024-04-24,40,4.176488555967808
99_sik,2024-04-24,50,3.832972213625908
99_sik,2024-04-24,65,3.568559847772121
99_sik,2024-04-24,80,3.651326045393944
99_sik,2024-04-25,5,8.354350425302982
99_sik,2024-04-25,10,8.227637574076653
99_sik,2024-04-25,15,7.438062697649002
99_sik,2024-04-25,20,6.831598877906799
99_sik,2024-04-25,30,5.485366389155388
99_sik,2024-04-25,40,4.389629825949669
99_sik,2024-04-25,50,3.991912610828877
99_sik,2024-04-25,65,3.5092318654060364
99_sik,2024-04-25,80,3.656453154981136
99_sik,2024-04-26,5,8.36533708870411
99_sik,2024-04-26,10,8.093600280582905
99_sik,2024-04-26,15,7.293038740754127
99_sik,2024-04-26,20,6.882869973778725
99_sik,2024-04-26,30,5.573259696364403
99_sik,2024-04-26,40,4.525864452123642
99_sik,2024-04-26,50,4.075411252677441
99_sik,2024-04-26,65,3.553178519010544
99_sik,2024-04-26,80,3.718710914254189
99_sik,2024-04-27,5,8.348490871489048
99_sik,2024-04-27,10,7.965422540903091
99_sik,2024-04-27,15,7.312814734876156
99_sik,2024-04-27,20,6.92608418315649
99_sik,2024-04-27,30,5.6721396669745445
99_sik,2024-04-27,40,4.703848399221897
99_sik,2024-04-27,50,4.21823787689209
99_sik,2024-04-27,65,3.720908246934414
99_sik,2024-04-27,80,3.822717994451523
99_sik,2024-04-28,5,8.48838771879673
99_sik,2024-04-28,10,7.945646546781063
99_sik,2024-04-28,15,7.378002271056175
99_sik,2024-04-28,20,7.00372327119112
99_sik,2024-04-28,30,5.802514739334583
99_sik,2024-04-28,40,4.90527056157589
99_sik,2024-04-28,50,4.359599612653256
99_sik,2024-04-28,65,3.9743339493870735
99_sik,2024-04-28,80,3.994842387735844
99_sik,2024-04-29,5,8.66051211208105
99_sik,2024-04-29,10,7.993255421519279
99_sik,2024-04-29,15,7.389721378684044
99_sik,2024-04-29,20,7.038880594074726
99_sik,2024-04-29,30,5.861110277473927
99_sik,2024-04-29,40,5.010010085999966
99_sik,2024-04-29,50,4.424787148833275
99_sik,2024-04-29,65,4.289284966886044
99_sik,2024-04-29,80,4.286355189979076
99_sik,2024-04-30,5,8.846552945673466
99_sik,2024-04-30,10,8.133152268826962
99_sik,2024-04-30,15,7.349436946213245
99_sik,2024-04-30,20,7.018372155725956
99_sik,2024-04-30,30,5.86257516592741
99_sik,2024-04-30,40,5.034180745482445
99_sik,2024-04-30,50,4.464339137077332
99_sik,2024-04-30,65,4.610095538198948
99_sik,2024-04-30,80,4.592516876757145
99_sik,2024-05-01,5,8.685415215790272
99_sik,2024-05-01,10,8.263527341187
99_sik,2024-05-01,15,7.418286703526974
99_sik,2024-05-01,20,7.096743687987328
99_sik,2024-05-01,30,5.939481809735298
99_sik,2024-05-01,40,5.097170948982239
99_sik,2024-05-01,50,4.544175557792187
99_sik,2024-05-01,65,4.829096361994743
99_sik,2024-05-01,80,4.832026138901711
99_sik,2024-05-02,5,8.990112014114857
99_sik,2024-05-02,10,8.39024019241333
99_sik,2024-05-02,15,7.529618225991726
99_sik,2024-05-02,20,7.209540098905563
99_sik,2024-05-02,30,6.033967114984989
99_sik,2024-05-02,40,5.163823373615742
99_sik,2024-05-02,50,4.630603976547718
99_sik,2024-05-02,65,4.988769203424454
99_sik,2024-05-02,80,5.010010085999966
99_sik,2024-05-03,5,9.21277505904436
99_sik,2024-05-03,10,8.802606292068958
99_sik,2024-05-03,15,7.649006634950638
99_sik,2024-05-03,20,7.314279623329639
99_sik,2024-05-03,30,6.121127977967262
99_sik,2024-05-03,40,5.250251792371273
99_sik,2024-05-03,50,4.7199621722102165
99_sik,2024-05-03,65,5.174077592790127
99_sik,2024-05-03,80,5.180669590830803
99_sik,2024-05-04,5,9.373912788927557
99_sik,2024-05-04,10,8.953489802777767
99_sik,2024-05-04,15,7.732505276799202
99_sik,2024-05-04,20,7.366283163428307
99_sik,2024-05-04,30,6.151158191263676
99_sik,2024-05-04,40,5.270760230720043
99_sik,2024-05-04,50,4.771965712308884
99_sik,2024-05-04,65,5.37183753401041
99_sik,2024-05-04,80,5.347666874527931
99_sik,2024-05-05,5,9.675679810345173
99_sik,2024-05-05,10,8.948362693190575
99_sik,2024-05-05,15,7.744956828653812
99_sik,2024-05-05,20,7.372142717242241
99_sik,2024-05-05,30,6.135776862502098
99_sik,2024-05-05,40,5.259041123092175
99_sik,2024-05-05,50,4.809320367872715
99_sik,2024-05-05,65,5.544694371521473
99_sik,2024-05-05,80,5.500015273690224
99_sik,2024-05-06,5,9.837549984455109
99_sik,2024-05-06,10,8.899288929998875
99_sik,2024-05-06,15,7.734702609479427
99_sik,2024-05-06,20,7.365550719201565
99_sik,2024-05-06,30,6.102084428071976
99_sik,2024-05-06,40,5.22461624443531
99_sik,2024-05-06,50,4.8459425792098045
99_sik,2024-05-06,65,5.640644565224648
99_sik,2024-05-06,80,5.608417019248009
99_sik,2024-05-07,5,9.945951730012894
99_sik,2024-05-07,10,8.863399162888527
99_sik,2024-05-07,15,7.758140824735165
99_sik,2024-05-07,20,7.397045820951462
99_sik,2024-05-07,30,6.119663089513779
99_sik,2024-05-07,40,5.233405575156212
99_sik,2024-05-07,50,4.890621677041054
99_sik,2024-05-07,65,5.687520995736122
99_sik,2024-05-07,80,5.655293449759483
99_sik,2024-05-08,5,9.926175735890864
99_sik,2024-05-08,10,9.062623992562294
99_sik,2024-05-08,15,7.892178118228912
99_sik,2024-05-08,20,7.523758672177792
99_sik,2024-05-08,30,6.214880838990212
99_sik,2024-05-08,40,5.305917553603649
99_sik,2024-05-08,50,4.957274101674557
99_sik,2024-05-08,65,5.720480985939503
99_sik,2024-05-08,80,5.66628011316061
99_sik,2024-05-09,5,9.982573941349983
99_sik,2024-05-09,10,9.165898628532888
99_sik,2024-05-09,15,8.00131230801344
99_sik,2024-05-09,20,7.6255684196949
99_sik,2024-05-09,30,6.276406154036522
99_sik,2024-05-09,40,5.3850215300917625
99_sik,2024-05-09,50,5.037110522389412
99_sik,2024-05-09,65,5.802514739334583
99_sik,2024-05-09,80,5.68239388614893
99_sik,2024-05-10,5,10.077791690826416
99_sik,2024-05-10,10,9.148319967091084
99_sik,2024-05-10,15,8.020355857908726
99_sik,2024-05-10,20,7.642414636909962
99_sik,2024-05-10,30,6.237586610019207
99_sik,2024-05-10,40,5.3608508706092834
99_sik,2024-05-10,50,5.071535401046276
99_sik,2024-05-10,65,5.831080064177513
99_sik,2024-05-10,80,5.734397426247597
99_sik,2024-05-11,5,10.118808567523956
99_sik,2024-05-11,10,9.08532976359129
99_sik,2024-05-11,15,7.984466090798378
99_sik,2024-05-11,20,7.60505998134613
99_sik,2024-05-11,30,6.171666629612446
99_sik,2024-05-11,40,5.312509551644325
99_sik,2024-05-11,50,5.08545184135437
99_sik,2024-05-11,65,5.8332773968577385
99_sik,2024-05-11,80,5.802514739334583
99_sik,2024-05-12,5,10.217688538134098
99_sik,2024-05-12,10,8.993774235248566
99_sik,2024-05-12,15,7.930265218019485
99_sik,2024-05-12,20,7.556718662381172
99_sik,2024-05-12,30,6.111606203019619
99_sik,2024-05-12,40,5.275154896080494
99_sik,2024-05-12,50,5.103030502796173
99_sik,2024-05-12,65,5.872096940875053
99_sik,2024-05-12,80,5.810571625828743
99_sik,2024-05-13,5,10.246253862977028
99_sik,2024-05-13,10,8.975463129580021
99_sik,2024-05-13,15,7.947111435234547
99_sik,2024-05-13,20,7.581621766090393
99_sik,2024-05-13,30,6.146763525903225
99_sik,2024-05-13,40,5.309579774737358
99_sik,2024-05-13,50,5.138920269906521
99_sik,2024-05-13,65,5.913113817572594
99_sik,2024-05-13,80,5.806176960468292
99_sik,2024-05-14,5,10.399334706366062
99_sik,2024-05-14,10,9.116092421114445
99_sik,2024-05-14,15,8.049653626978397
99_sik,2024-05-14,20,7.673909738659859
99_sik,2024-05-14,30,6.241248831152916
99_sik,2024-05-14,40,5.4238410741090775
99_sik,2024-05-14,50,5.235602907836437
99_sik,2024-05-14,65,6.025177784264088
99_sik,2024-05-14,80,5.828150287270546
99_sik,2024-05-15,5,10.57805109769106
99_sik,2024-05-15,10,9.128543972969055
99_sik,2024-05-15,15,8.052583403885365
99_sik,2024-05-15,20,7.665852852165699
99_sik,2024-05-15,30,6.247840829193592
99_sik,2024-05-15,40,5.513931713998318
99_sik,2024-05-15,50,5.373302422463894
99_sik,2024-05-15,65,6.17752618342638
99_sik,2024-05-15,80,5.893337823450565
99_sik,2024-05-16,5,10.687185287475586
99_sik,2024-05-16,10,9.20032350718975
99_sik,2024-05-16,15,7.996917642652988
99_sik,2024-05-16,20,7.599932871758938
99_sik,2024-05-16,30,6.194372400641441
99_sik,2024-05-16,40,5.550553925335407
99_sik,2024-05-16,50,5.496353052556515
99_sik,2024-05-16,65,6.307901255786419
99_sik,2024-05-16,80,5.981963574886322
99_sik,2024-05-17,5,10.687917731702328
99_sik,2024-05-17,10,9.432508327066898
99_sik,2024-05-17,15,7.996185198426247
99_sik,2024-05-17,20,7.599200427532196
99_sik,2024-05-17,30,6.229529723525047
99_sik,2024-05-17,40,5.61720634996891
99_sik,2024-05-17,50,5.5952330231666565
99_sik,2024-05-17,65,6.456587433815002
99_sik,2024-05-17,80,6.039826668798924
99_sik,2024-05-18,5,11.030701629817486
99_sik,2024-05-18,10,9.644917152822018
99_sik,2024-05-18,15,8.081148728728294
99_sik,2024-05-18,20,7.673177294433117
99_sik,2024-05-18,30,6.309366144239903
99_sik,2024-05-18,40,5.732932537794113
99_sik,2024-05-18,50,5.757835641503334
99_sik,2024-05-18,65,6.61919005215168
99_sik,2024-05-18,80,6.100619539618492
99_sik,2024-05-19,5,11.391064189374449
99_sik,2024-05-19,10,9.913724184036257
99_sik,2024-05-19,15,8.25107578933239
99_sik,2024-05-19,20,7.815271474421024
99_sik,2024-05-19,30,6.448530547320843
99_sik,2024-05-19,40,5.905056931078434
99_sik,2024-05-19,50,5.998077347874641
99_sik,2024-05-19,65,6.633106492459774
99_sik,2024-05-19,80,6.362102128565311
99_sik,2024-05-20,5,11.545609921216965
99_sik,2024-05-20,10,10.00967437773943
99_sik,2024-05-20,15,8.31626332551241
99_sik,2024-05-20,20,7.854823462665081
99_sik,2024-05-20,30,6.481490537524223
99_sik,2024-05-20,40,6.051545776426792
99_sik,2024-05-20,50,6.315225698053837
99_sik,2024-05-20,65,6.745170459151268
99_sik,2024-05-20,80,6.565721623599529
99_sik,2024-05-21,5,12.227515496313572
99_sik,2024-05-21,10,10.287270739674568
99_sik,2024-05-21,15,8.421735294163227
99_sik,2024-05-21,20,7.938322104513645
99_sik,2024-05-21,30,6.561326958239079
99_sik,2024-05-21,40,6.24710838496685
99_sik,2024-05-21,50,6.658009596168995
99_sik,2024-05-21,65,6.786187335848808
99_sik,2024-05-21,80,6.638966046273708
99_sik,2024-05-22,5,12.34910123795271
99_sik,2024-05-22,10,10.534836888313292
99_sik,2024-05-22,15,8.576281026005745
99_sik,2024-05-22,20,8.0672322884202
99_sik,2024-05-22,30,6.685842476785183
99_sik,2024-05-22,40,6.45951721072197
99_sik,2024-05-22,50,6.992004163563252
99_sik,2024-05-22,65,6.696096695959568
99_sik,2024-05-22,80,6.660939373075962
99_sik,2024-05-23,5,12.3366496860981
99_sik,2024-05-23,10,10.475508905947208
99_sik,2024-05-23,15,8.592394798994064
99_sik,2024-05-23,20,8.074556730687618
99_sik,2024-05-23,30,6.688039809465408
99_sik,2024-05-23,40,6.6558122634887695
99_sik,2024-05-23,50,7.276924967765808
99_sik,2024-05-23,65,6.585497617721558
99_sik,2024-05-23,80,6.616992719471455
99_sik,2024-05-24,5,12.212134167551994
99_sik,2024-05-24,10,10.452070690691473
99_sik,2024-05-24,15,8.609973460435867
99_sik,2024-05-24,20,8.09140294790268
99_sik,2024-05-24,30,6.720999799668789
99_sik,2024-05-24,40,6.822077102959156
99_sik,2024-05-24,50,7.476882241666317
99_sik,2024-05-24,65,6.524704746901989
99_sik,2024-05-24,80,6.559129625558853
99_sik,2024-05-25,5,11.669392995536327
99_sik,2024-05-25,10,10.883480340242386
99_sik,2024-05-25,15,8.918332479894161
99_sik,2024-05-25,20,8.3616748675704
99_sik,2024-05-25,30,6.944395288825035
99_sik,2024-05-25,40,7.016907267272472
99_sik,2024-05-25,50,7.706869728863239
99_sik,2024-05-25,65,6.471236318349838
99_sik,2024-05-25,80,6.516647860407829
99_sik,2024-05-26,5,11.429883733391762
99_sik,2024-05-26,10,10.90618611127138
99_sik,2024-05-26,15,9.027466669678688
99_sik,2024-05-26,20,8.44737084209919
99_sik,2024-05-26,30,7.175115220248699
99_sik,2024-05-26,40,7.469557799398899
99_sik,2024-05-26,50,8.012298971414566
99_sik,2024-05-26,65,6.439741216599941
99_sik,2024-05-26,80,6.48002564907074
99_sik,2024-05-27,5,11.515579707920551
99_sik,2024-05-27,10,10.487228013575075
99_sik,2024-05-27,15,8.757194750010967
99_sik,2024-05-27,20,8.236426904797554
99_sik,2024-05-27,30,7.200750768184662
99_sik,2024-05-27,40,7.842371910810471
99_sik,2024-05-27,50,8.156590484082699
99_sik,2024-05-27,65,6.452192768454552
99_sik,2024-05-27,80,6.484420314431191
99_sik,2024-05-28,5,11.26947844773531
99_sik,2024-05-28,10,10.098300129175186
99_sik,2024-05-28,15,8.558702364563942
99_sik,2024-05-28,20,8.09579761326313
99_sik,2024-05-28,30,7.102603241801262
99_sik,2024-05-28,40,7.888515897095203
99_sik,2024-05-28,50,8.139744266867638
99_sik,2024-05-28,65,6.482955425977707
99_sik,2024-05-28,80,6.489547424018383
99_sik,2024-05-29,5,10.981627866625786
99_sik,2024-05-29,10,10.067537471652033
99_sik,2024-05-29,15,8.550645478069782
99_sik,2024-05-29,20,8.105319388210773
99_sik,2024-05-29,30,7.09381391108036
99_sik,2024-05-29,40,7.854091018438339
99_sik,2024-05-29,50,8.133152268826962
99_sik,2024-05-29,65,6.515915416181088
99_sik,2024-05-29,80,6.4880825355648994
99_sik,2024-05-30,5,10.81975769251585
99_sik,2024-05-30,10,9.876369528472424
99_sik,2024-05-30,15,8.451033063232899
99_sik,2024-05-30,20,8.028412744402885
99_sik,2024-05-30,30,7.13043612241745
99_sik,2024-05-30,40,7.938322104513645
99_sik,2024-05-30,50,8.131687380373478
99_sik,2024-05-30,65,6.5019989758729935
99_sik,2024-05-30,80,6.491744756698608
99_sik,2024-05-31,5,10.816827915608885
99_sik,2024-05-31,10,9.54750207066536
99_sik,2024-05-31,15,8.223975352942944
99_sik,2024-05-31,20,7.829187914729118
99_sik,2024-05-31,30,7.048402369022369
99_sik,2024-05-31,40,7.96469009667635
99_sik,2024-05-31,50,8.081881172955036
99_sik,2024-05-31,65,6.501266531646252
99_sik,2024-05-31,80,6.501266531646252
99_sik,2024-06-01,5,10.912778109312056
99_sik,2024-06-01,10,9.192999064922333
99_sik,2024-06-01,15,7.9690847620368
99_sik,2024-06-01,20,7.606524869799614
99_sik,2024-06-01,30,6.901181079447269
99_sik,2024-06-01,40,7.884121231734753
99_sik,2024-06-01,50,7.977874092757702
99_sik,2024-06-01,65,6.52104252576828
99_sik,2024-06-01,80,6.485885202884674
99_sik,2024-06-02,5,11.13470871001482
99_sik,2024-06-02,10,9.030396446585655
99_sik,2024-06-02,15,7.799157701432705
99_sik,2024-06-02,20,7.438062697649002
99_sik,2024-06-02,30,6.808160662651062
99_sik,2024-06-02,40,7.748619049787521
99_sik,2024-06-02,50,7.826258137822151
99_sik,2024-06-02,65,6.574510954320431
99_sik,2024-06-02,80,6.469771429896355
99_sik,2024-06-03,5,11.055604733526708
99_sik,2024-06-03,10,9.33875546604395
99_sik,2024-06-03,15,7.8672750145196915
99_sik,2024-06-03,20,7.473220020532608
99_sik,2024-06-03,30,6.927549071609974
99_sik,2024-06-03,40,7.594805762171745
99_sik,2024-06-03,50,7.6885586231946945
99_sik,2024-06-03,65,6.634571380913258
99_sik,2024-06-03,80,6.484420314431191
99_sik,2024-06-04,5,11.386669524013996
99_sik,2024-06-04,10,9.836085096001623
99_sik,2024-06-04,15,8.228370018303394
99_sik,2024-06-04,20,7.8042848110198975
99_sik,2024-06-04,30,7.140690341591835
99_sik,2024-06-04,40,7.451979137957096
99_sik,2024-06-04,50,7.605792425572872
99_sik,2024-06-04,65,6.642628267407417
99_sik,2024-06-04,80,6.525437191128731
99_sik,2024-06-05,5,11.56831569224596
99_sik,2024-06-05,10,10.290932960808275
99_sik,2024-06-05,15,8.703726321458817
99_sik,2024-06-05,20,8.265724673867226
99_sik,2024-06-05,30,7.38825649023056
99_sik,2024-06-05,40,7.3736076056957245
99_sik,2024-06-05,50,7.547929331660271
99_sik,2024-06-05,65,6.642628267407417
99_sik,2024-06-05,80,6.556932292878628
99_sik,2024-06-06,5,11.655476555228232
99_sik,2024-06-06,10,10.609546199440956
99_sik,2024-06-06,15,9.11828975379467
99_sik,2024-06-06,20,8.669301442801952
99_sik,2024-06-06,30,7.5904110968112946
99_sik,2024-06-06,40,7.331858284771442
99_sik,2024-06-06,50,7.515701785683632
99_sik,2024-06-06,65,6.691702030599117
99_sik,2024-06-06,80,6.577440731227398
99_sik,2024-06-07,5,11.779259629547596
99_sik,2024-06-07,10,10.744315937161446
99_sik,2024-06-07,15,9.311655029654505
99_sik,2024-06-07,20,8.862666718661785
99_sik,2024-06-07,30,7.711996838450432
99_sik,2024-06-07,40,7.394848488271236
99_sik,2024-06-07,50,7.553056441247463
99_sik,2024-06-07,65,6.775200672447681
99_sik,2024-06-07,80,6.587694950401783
99_sik,2024-06-08,5,11.935270249843596
99_sik,2024-06-08,10,10.775811038911344
99_sik,2024-06-08,15,9.372447900474072
99_sik,2024-06-08,20,8.91760003566742
99_sik,2024-06-08,30,7.770592376589775
99_sik,2024-06-08,40,7.506180010735989
99_sik,2024-06-08,50,7.618243977427483
99_sik,2024-06-08,65,6.838923320174217
99_sik,2024-06-08,80,6.59868161380291
99_sik,2024-06-09,5,12.064912877976894
99_sik,2024-06-09,10,10.731864385306835
99_sik,2024-06-09,15,9.40028078109026
99_sik,2024-06-09,20,8.947630248963833
99_sik,2024-06-09,30,7.823328360915184
99_sik,2024-06-09,40,7.595538206398487
99_sik,2024-06-09,50,7.650471523404121
99_sik,2024-06-09,65,6.878475308418274
99_sik,2024-06-09,80,6.615527831017971
99_sik,2024-06-10,5,12.237769715487955
99_sik,2024-06-10,10,10.825617246329784
99_sik,2024-06-10,15,9.53578296303749
99_sik,2024-06-10,20,9.078737765550612
99_sik,2024-06-10,30,7.914151445031166
99_sik,2024-06-10,40,7.647541746497154
99_sik,2024-06-10,50,7.655598632991314
99_sik,2024-06-10,65,6.912900187075138
99_sik,2024-06-10,80,6.637501157820225
99_sik,2024-06-11,5,12.3945127800107
99_sik,2024-06-11,10,10.951597653329372
99_sik,2024-06-11,15,9.649311818182468
99_sik,2024-06-11,20,9.185674622654917
99_sik,2024-06-11,30,7.986663423478603
99_sik,2024-06-11,40,7.687826178967953
99_sik,2024-06-11,50,7.680501736700535
99_sik,2024-06-11,65,6.942930400371552
99_sik,2024-06-11,80,6.652150042355061
99_sik,2024-06-12,5,12.571031838655472
99_sik,2024-06-12,10,11.06146428734064
99_sik,2024-06-12,15,9.701315358281136
99_sik,2024-06-12,20,9.225959055125712
99_sik,2024-06-12,30,8.020355857908726
99_sik,2024-06-12,40,7.750816382467747
99_sik,2024-06-12,50,7.747154161334038
99_sik,2024-06-12,65,6.969298392534256
99_sik,2024-06-12,80,6.658742040395737
99_sik,2024-06-13,5,12.81200598925352
99_sik,2024-06-13,10,11.20868557691574
99_sik,2024-06-13,15,9.786278888583183
99_sik,2024-06-13,20,9.288949258625507
99_sik,2024-06-13,30,8.059907846152782
99_sik,2024-06-13,40,7.830652803182602
99_sik,2024-06-13,50,7.832850135862827
99_sik,2024-06-13,65,6.980285055935383
99_sik,2024-06-13,80,6.666066482663155
99_sik,2024-06-14,5,12.96288949996233
99_sik,2024-06-14,10,11.311227768659592
99_sik,2024-06-14,15,9.871974863111973
99_sik,2024-06-14,20,9.36365856975317
99_sik,2024-06-14,30,8.113376274704933
99_sik,2024-06-14,40,7.920743443071842
99_sik,2024-06-14,50,7.942716769874096
99_sik,2024-06-14,65,6.980285055935383
99_sik,2024-06-14,80,6.666066482663155
99_sik,2024-06-15,5,13.29834895581007
99_sik,2024-06-15,10,11.336130872368813
99_sik,2024-06-15,15,9.893948189914228
99_sik,2024-06-15,20,9.385631896555424
99_sik,2024-06-15,30,8.158055372536182
99_sik,2024-06-15,40,7.994720309972763
99_sik,2024-06-15,50,7.999847419559956
99_sik,2024-06-15,65,6.97076328098774
99_sik,2024-06-15,80,6.668996259570122
99_sik,2024-06-16,5,13.616962194442747
99_sik,2024-06-16,10,11.40864285081625
99_sik,2024-06-16,15,9.957670837640762
99_sik,2024-06-16,20,9.452284321188928
99_sik,2024-06-16,30,8.220313131809235
99_sik,2024-06-16,40,8.013031415641308
99_sik,2024-06-16,50,7.945646546781063
99_sik,2024-06-16,65,6.986144609749317
99_sik,2024-06-16,80,6.679982922971249
99_sik,2024-06-17,5,14.246864229440687
99_sik,2024-06-17,10,11.76021607965231
99_sik,2024-06-17,15,10.22721031308174
99_sik,2024-06-17,20,9.701315358281136
99_sik,2024-06-17,30,8.344828650355339
99_sik,2024-06-17,40,8.014496304094791
99_sik,2024-06-17,50,7.889248341321945
99_sik,2024-06-17,65,7.018372155725956
99_sik,2024-06-17,80,6.696096695959568
99_sik,2024-06-18,5,14.43949706107378
99_sik,2024-06-18,10,11.970427572727203
99_sik,2024-06-18,15,10.336344502866268
99_sik,2024-06-18,20,9.79726555198431
99_sik,2024-06-18,30,8.397564634680748
99_sik,2024-06-18,40,8.026947855949402
99_sik,2024-06-18,50,7.873867012560368
99_sik,2024-06-18,65,7.02423170953989
99_sik,2024-06-18,80,6.699026472866535
99_sik,2024-06-19,5,14.782280959188938
99_sik,2024-06-19,10,12.27146214991808
99_sik,2024-06-19,15,10.507004007697104
99_sik,2024-06-19,20,9.943754397332668
99_sik,2024-06-19,30,8.456160172820091
99_sik,2024-06-19,40,8.065767399966717
99_sik,2024-06-19,50,7.887783452868462
99_sik,2024-06-19,65,7.034485928714275
99_sik,2024-06-19,80,6.69682914018631
99_sik,2024-06-20,5,14.872371599078178
99_sik,2024-06-20,10,12.41062655299902
99_sik,2024-06-20,15,10.614673309028149
99_sik,2024-06-20,20,10.039704591035845
99_sik,2024-06-20,30,8.499374382197857
99_sik,2024-06-20,40,8.117038495838642
99_sik,2024-06-20,50,7.938322104513645
99_sik,2024-06-20,65,7.060121476650238
99_sik,2024-06-20,80,6.695364251732826
99_sik,2024-06-21,5,14.937559135258198
99_sik,2024-06-21,10,12.52562029659748
99_sik,2024-06-21,15,10.69304484128952
99_sik,2024-06-21,20,10.10342723876238
99_sik,2024-06-21,30,8.517685487866402
99_sik,2024-06-21,40,8.13241982460022
99_sik,2024-06-21,50,7.943449214100838
99_sik,2024-06-21,65,7.06891080737114
99_sik,2024-06-21,80,6.695364251732826
99_sik,2024-06-22,5,15.067934207618237
99_sik,2024-06-22,10,12.66039003431797
99_sik,2024-06-22,15,10.805841252207756
99_sik,2024-06-22,20,10.20596943050623
99_sik,2024-06-22,30,8.554307699203491
99_sik,2024-06-22,40,8.13681448996067
99_sik,2024-06-22,50,7.935392327606678
99_sik,2024-06-22,65,7.08136235922575
99_sik,2024-06-22,80,6.695364251732826
99_sik,2024-06-23,5,15.442213207483292
99_sik,2024-06-23,10,12.671376697719095
99_sik,2024-06-23,15,10.840998575091362
99_sik,2024-06-23,20,10.24259164184332
99_sik,2024-06-23,30,8.551377922296524
99_sik,2024-06-23,40,8.106784276664257
99_sik,2024-06-23,50,7.901699893176556
99_sik,2024-06-23,65,7.08136235922575
99_sik,2024-06-23,80,6.693899363279343
99_sik,2024-06-24,5,15.811365097761154
99_sik,2024-06-24,10,12.816400654613972
99_sik,2024-06-24,15,10.849787905812263
99_sik,2024-06-24,20,10.240394309163094
99_sik,2024-06-24,30,8.503769047558308
99_sik,2024-06-24,40,7.994720309972763
99_sik,2024-06-24,50,7.777184374630451
99_sik,2024-06-24,65,7.027893930673599
99_sik,2024-06-24,80,6.696096695959568
99_sik,2024-06-25,5,16.246436968445778
99_sik,2024-06-25,10,13.305673398077488
99_sik,2024-06-25,15,11.174260698258877
99_sik,2024-06-25,20,10.534836888313292
99_sik,2024-06-25,30,8.589465022087097
99_sik,2024-06-25,40,7.935392327606678
99_sik,2024-06-25,50,7.713461726903915
99_sik,2024-06-25,65,6.975890390574932
99_sik,2024-06-25,80,6.703421138226986
99_sik,2024-06-26,5,16.36655782163143
99_sik,2024-06-26,10,13.726828828454018
99_sik,2024-06-26,15,11.450392171740532
99_sik,2024-06-26,20,10.82781457901001
99_sik,2024-06-26,30,8.719107650220394
99_sik,2024-06-26,40,7.966154985129833
99_sik,2024-06-26,50,7.762535490095615
99_sik,2024-06-26,65,7.0059206038713455
99_sik,2024-06-26,80,6.69682914018631
99_sik,2024-06-27,5,16.45957823842764
99_sik,2024-06-27,10,13.97293008863926
99_sik,2024-06-27,15,11.493606381118298
99_sik,2024-06-27,20,10.840998575091362
99_sik,2024-06-27,30,8.751335196197033
99_sik,2024-06-27,40,8.049653626978397
99_sik,2024-06-27,50,7.891445674002171
99_sik,2024-06-27,65,7.103335686028004
99_sik,2024-06-27,80,6.681447811424732
99_sik,2024-06-28,5,16.47276223450899
99_sik,2024-06-28,10,14.041047401726246
99_sik,2024-06-28,15,11.435743287205696
99_sik,2024-06-28,20,10.731864385306835
99_sik,2024-06-28,30,8.715445429086685
99_sik,2024-06-28,40,8.127292715013027
99_sik,2024-06-28,50,8.00131230801344
99_sik,2024-06-28,65,7.180242329835892
99_sik,2024-06-28,80,6.671926036477089
99_sik,2024-06-29,5,16.608264416456223
99_sik,2024-06-29,10,14.273232221603394
99_sik,2024-06-29,15,11.560991249978542
99_sik,2024-06-29,20,10.805841252207756
99_sik,2024-06-29,30,8.756462305784225
99_sik,2024-06-29,40,8.199804693460464
99_sik,2024-06-29,50,8.076754063367844
99_sik,2024-06-29,65,7.225653871893883
99_sik,2024-06-29,80,6.669728703796864
99_sik,2024-06-30,5,16.618518635630608
99_sik,2024-06-30,10,14.17801447212696
99_sik,2024-06-30,15,11.55220191925764
99_sik,2024-06-30,20,10.796319477260113
99_sik,2024-06-30,30,8.786492519080639
99_sik,2024-06-30,40,8.256935343146324
99_sik,2024-06-30,50,8.137546934187412
99_sik,2024-06-30,65,7.252754308283329
99_sik,2024-06-30,80,6.671193592250347
99_sik,2024-07-01,5,16.90197455137968
99_sik,2024-07-01,10,14.798394732177258
99_sik,2024-07-01,15,11.814416952431202
99_sik,2024-07-01,20,11.016785189509392
99_sik,2024-07-01,30,8.897824041545391
99_sik,2024-07-01,40,8.310403771698475
99_sik,2024-07-01,50,8.210791356861591
99_sik,2024-07-01,65,7.274727635085583
99_sik,2024-07-01,80,6.675588257610798
99_sik,2024-07-02,5,16.53794977068901
99_sik,2024-07-02,10,15.125064857304096
99_sik,2024-07-02,15,12.082491539418696
99_sik,2024-07-02,20,11.271675780415537
99_sik,2024-07-02,30,9.058961771428583
99_sik,2024-07-02,40,8.37778864055872
99_sik,2024-07-02,50,8.318460658192635
99_sik,2024-07-02,65,7.268868081271648
99_sik,2024-07-02,80,6.714407801628113
99_sik,2024-07-03,5,16.491805784404278
99_sik,2024-07-03,10,14.91412092000246
99_sik,2024-07-03,15,11.966765351593494
99_sik,2024-07-03,20,11.161076702177525
99_sik,2024-07-03,30,8.953489802777767
99_sik,2024-07-03,40,8.371929086744785
99_sik,2024-07-03,50,8.29648733139038
99_sik,2024-07-03,65,7.222724094986916
99_sik,2024-07-03,80,6.756889566779137
99_sik,2024-07-04,5,16.35337382555008
99_sik,2024-07-04,10,14.507614374160768
99_sik,2024-07-04,15,11.692831210792065
99_sik,2024-07-04,20,10.93401899188757
99_sik,2024-07-04,30,8.854609832167625
99_sik,2024-07-04,40,8.427594847977161
99_sik,2024-07-04,50,8.319925546646118
99_sik,2024-07-04,65,7.101138353347778
99_sik,2024-07-04,80,6.874080643057823
99_sik,2024-07-05,5,16.199560537934303
99_sik,2024-07-05,10,13.971465200185776
99_sik,2024-07-05,15,11.40498062968254
99_sik,2024-07-05,20,10.720145277678968
99_sik,2024-07-05,30,8.874385826289654
99_sik,2024-07-05,40,8.544785924255848
99_sik,2024-07-05,50,8.381450861692429
99_sik,2024-07-05,65,7.05279703438282
99_sik,2024-07-05,80,6.944395288825035
99_sik,2024-07-06,5,16.09115879237652
99_sik,2024-07-06,10,13.251472525298595
99_sik,2024-07-06,15,11.016785189509392
99_sik,2024-07-06,20,10.449873358011246
99_sik,2024-07-06,30,8.91760003566742
99_sik,2024-07-06,40,8.618762791156769
99_sik,2024-07-06,50,8.408551298081875
99_sik,2024-07-06,65,7.06085392087698
99_sik,2024-07-06,80,6.943662844598293
99_sik,2024-07-07,5,15.228339493274689
99_sik,2024-07-07,10,12.403302110731602
99_sik,2024-07-07,15,10.47624135017395
99_sik,2024-07-07,20,10.05069125443697
99_sik,2024-07-07,30,8.891964487731457
99_sik,2024-07-07,40,8.59459213167429
99_sik,2024-07-07,50,8.38218330591917
99_sik,2024-07-07,65,7.098208576440811
99_sik,2024-07-07,80,6.9568468406796455
99_sik,2024-07-08,5,14.820368058979511
99_sik,2024-07-08,10,11.811487175524237
99_sik,2024-07-08,15,10.000152602791786
99_sik,2024-07-08,20,9.656636260449886
99_sik,2024-07-08,30,8.834833838045597
99_sik,2024-07-08,40,8.563829474151134
99_sik,2024-07-08,50,8.338969096541405
99_sik,2024-07-08,65,7.129703678190708
99_sik,2024-07-08,80,6.978820167481899
99_sik,2024-07-09,5,14.75078585743904
99_sik,2024-07-09,10,11.528763704001904
99_sik,2024-07-09,15,9.726218461990356
99_sik,2024-07-09,20,9.422254107892511
99_sik,2024-07-09,30,8.832636505365372
99_sik,2024-07-09,40,8.593859687447548
99_sik,2024-07-09,50,8.358745090663433
99_sik,2024-07-09,65,7.15900144726038
99_sik,2024-07-09,80,6.988341942429543
99_sik,2024-07-10,5,14.669484548270702
99_sik,2024-07-10,10,11.55586414039135
99_sik,2024-07-10,15,9.680074475705624
99_sik,2024-07-10,20,9.36732079088688
99_sik,2024-07-10,30,8.86486405134201
99_sik,2024-07-10,40,8.655385002493858
99_sik,2024-07-10,50,8.388042859733105
99_sik,2024-07-10,65,7.17145299911499
99_sik,2024-07-10,80,6.994933940470219
99_sik,2024-07-11,5,14.558885470032692
99_sik,2024-07-11,10,11.526566371321678
99_sik,2024-07-11,15,9.65810114890337
99_sik,2024-07-11,20,9.352671906352043
99_sik,2024-07-11,30,8.923459589481354
99_sik,2024-07-11,40,8.730826757848263
99_sik,2024-07-11,50,8.44370862096548
99_sik,2024-07-11,65,7.204412989318371
99_sik,2024-07-11,80,7.016174823045731
99_sik,2024-07-12,5,14.438764616847038
99_sik,2024-07-12,10,11.542680144309998
99_sik,2024-07-12,15,9.698385581374168
99_sik,2024-07-12,20,9.3922238945961
99_sik,2024-07-12,30,8.994506679475307
99_sik,2024-07-12,40,8.801141403615475
99_sik,2024-07-12,50,8.507431268692017
99_sik,2024-07-12,65,7.254951640963554
99_sik,2024-07-12,80,7.044007703661919
99_sik,2024-07-13,5,14.462935276329516
99_sik,2024-07-13,10,11.566118359565737
99_sik,2024-07-13,15,9.737205125391483
99_sik,2024-07-13,20,9.42884610593319
99_sik,2024-07-13,30,9.043580442667007
99_sik,2024-07-13,40,8.83996094763279
99_sik,2024-07-13,50,8.556505031883717
99_sik,2024-07-13,65,7.324533842504024
99_sik,2024-07-13,80,7.076967693865299
99_sik,2024-07-14,5,14.61967834085226
99_sik,2024-07-14,10,11.662800997495651
99_sik,2024-07-14,15,9.814844213426111
99_sik,2024-07-14,20,9.500625640153885
99_sik,2024-07-14,30,9.090456873178482
99_sik,2024-07-14,40,8.855342276394367
99_sik,2024-07-14,50,8.575548581779003
99_sik,2024-07-14,65,7.38386182487011
99_sik,2024-07-14,80,7.109195239841938
99_sik,2024-07-15,5,14.816705837845802
99_sik,2024-07-15,10,11.856166273355484
99_sik,2024-07-15,15,10.003814823925495
99_sik,2024-07-15,20,9.669087812304497
99_sik,2024-07-15,30,9.135135971009731
99_sik,2024-07-15,40,8.830439172685146
99_sik,2024-07-15,50,8.550645478069782
99_sik,2024-07-15,65,7.402905374765396
99_sik,2024-07-15,80,7.137760564684868
99_sik,2024-07-16,5,15.087710201740263
99_sik,2024-07-16,10,12.322000801563265
99_sik,2024-07-16,15,10.4806360155344
99_sik,2024-07-16,20,10.073397025465963
99_sik,2024-07-16,30,9.223761722445488
99_sik,2024-07-16,40,8.789422295987606
99_sik,2024-07-16,50,8.517685487866402
99_sik,2024-07-16,65,7.353099167346954
99_sik,2024-07-16,80,7.169988110661507
99_sik,2024-07-17,5,15.62532426416874
99_sik,2024-07-17,10,13.115237899124622
99_sik,2024-07-17,15,11.28192999958992
99_sik,2024-07-17,20,10.747978158295156
99_sik,2024-07-17,30,9.390759006142616
99_sik,2024-07-17,40,8.752800084650517
99_sik,2024-07-17,50,8.481063276529312
99_sik,2024-07-17,65,7.235908091068268
99_sik,2024-07-17,80,7.201483212411404
99_sik,2024-07-18,5,16.37022004276514
99_sik,2024-07-18,10,14.076204724609852
99_sik,2024-07-18,15,12.22312083095312
99_sik,2024-07-18,20,11.5514694750309
99_sik,2024-07-18,30,9.631000712513924
99_sik,2024-07-18,40,8.748405419290066
99_sik,2024-07-18,50,8.44737084209919
99_sik,2024-07-18,65,7.134830787777901
99_sik,2024-07-18,80,7.205877877771854
99_sik,2024-07-19,5,16.61925107985735
99_sik,2024-07-19,10,14.59111301600933
99_sik,2024-07-19,15,12.870601527392864
99_sik,2024-07-19,20,12.179906621575356
99_sik,2024-07-19,30,9.89907529950142
99_sik,2024-07-19,40,8.771111190319061
99_sik,2024-07-19,50,8.419537961483002
99_sik,2024-07-19,65,7.068178363144398
99_sik,2024-07-19,80,7.19196143746376
99_sik,2024-07-20,5,17.315805539488792
99_sik,2024-07-20,10,15.084780424833298
99_sik,2024-07-20,15,13.518814668059347
99_sik,2024-07-20,20,12.953367725014688
99_sik,2024-07-20,30,10.417645812034609
99_sik,2024-07-20,40,8.938840918242931
99_sik,2024-07-20,50,8.494247272610664
99_sik,2024-07-20,65,7.06085392087698
99_sik,2024-07-20,80,7.189764104783535
99_sik,2024-07-21,5,17.6629841029644
99_sik,2024-07-21,10,15.27814570069313
99_sik,2024-07-21,15,13.67482528835535
99_sik,2024-07-21,20,13.247810304164886
99_sik,2024-07-21,30,10.746513269841673
99_sik,2024-07-21,40,9.100711092352867
99_sik,2024-07-21,50,8.584337912499905
99_sik,2024-07-21,65,7.102603241801262
99_sik,2024-07-21,80,7.18756677210331
99_sik,2024-07-22,5,18.29581591486931
99_sik,2024-07-22,10,15.499343857169151
99_sik,2024-07-22,15,13.774437703192234
99_sik,2024-07-22,20,13.31446272879839
99_sik,2024-07-22,30,10.895931892096996
99_sik,2024-07-22,40,9.221564389765264
99_sik,2024-07-22,50,8.654652558267117
99_sik,2024-07-22,65,7.190496549010277
99_sik,2024-07-22,80,7.182439662516117
99_sik,2024-07-23,5,18.60563982278109
99_sik,2024-07-23,10,15.774010442197325
99_sik,2024-07-23,15,13.917264327406883
99_sik,2024-07-23,20,13.360606715083122
99_sik,2024-07-23,30,10.984557643532751
99_sik,2024-07-23,40,9.338023021817207
99_sik,2024-07-23,50,8.751335196197033
99_sik,2024-07-23,65,7.334055617451668
99_sik,2024-07-23,80,7.190496549010277
99_sik,2024-07-24,5,19.439161352813244
99_sik,2024-07-24,10,16.03915525227785
99_sik,2024-07-24,15,14.06375317275524
99_sik,2024-07-24,20,13.415540032088757
99_sik,2024-07-24,30,11.056337177753448
99_sik,2024-07-24,40,9.493301197886469
99_sik,2024-07-24,50,8.921262256801128
99_sik,2024-07-24,65,7.523758672177792
99_sik,2024-07-24,80,7.224921427667141
99_sik,2024-07-25,5,19.508743554353718
99_sik,2024-07-25,10,16.209082312881947
99_sik,2024-07-25,15,14.109164714813232
99_sik,2024-07-25,20,13.415540032088757
99_sik,2024-07-25,30,11.103213608264925
99_sik,2024-07-25,40,9.634662933647633
99_sik,2024-07-25,50,9.099978648126124
99_sik,2024-07-25,65,7.715659059584141
99_sik,2024-07-25,80,7.271065413951874
99_sik,2024-07-26,5,19.243598744273186
99_sik,2024-07-26,10,16.118259228765965
99_sik,2024-07-26,15,13.997100748121738
99_sik,2024-07-26,20,13.315927617251871
99_sik,2024-07-26,30,11.07684561610222
99_sik,2024-07-26,40,9.691793583333492
99_sik,2024-07-26,50,9.190801732242107
99_sik,2024-07-26,65,7.884121231734753
99_sik,2024-07-26,80,7.309152513742447
99_sik,2024-07-27,5,18.908871732652187
99_sik,2024-07-27,10,15.96151616424322
99_sik,2024-07-27,15,13.980254530906675
99_sik,2024-07-27,20,13.323984503746033
99_sik,2024-07-27,30,11.13031404465437
99_sik,2024-07-27,40,9.730613127350807
99_sik,2024-07-27,50,9.229621276259422
99_sik,2024-07-27,65,7.994720309972763
99_sik,2024-07-27,80,7.328928507864475
99_sik,2024-07-28,5,18.55803094804287
99_sik,2024-07-28,10,15.853846862912178
99_sik,2024-07-28,15,14.05056917667389
99_sik,2024-07-28,20,13.430188916623592
99_sik,2024-07-28,30,11.29438155144453
99_sik,2024-07-28,40,9.78554644435644
99_sik,2024-07-28,50,9.22888883203268
99_sik,2024-07-28,65,7.994720309972763
99_sik,2024-07-28,80,7.351634278893471
99_sik,2024-07-29,5,18.70525223761797
99_sik,2024-07-29,10,16.019379258155823
99_sik,2024-07-29,15,14.265175335109234
99_sik,2024-07-29,20,13.667500846087933
99_sik,2024-07-29,30,11.536820590496063
99_sik,2024-07-29,40,9.877101972699164
99_sik,2024-07-29,50,9.239143051207066
99_sik,2024-07-29,65,7.8672750145196915
99_sik,2024-07-29,80,7.350901834666729
99_sik,2024-07-30,5,18.96380504965782
99_sik,2024-07-30,10,16.254493854939938
99_sik,2024-07-30,15,14.498092599213123
99_sik,2024-07-30,20,13.925321213901045
99_sik,2024-07-30,30,11.78511918336153
99_sik,2024-07-30,40,10.016266375780106
99_sik,2024-07-30,50,9.2940763682127
99_sik,2024-07-30,65,7.759605713188648
99_sik,2024-07-30,80,7.335520505905151
99_sik,2024-07-31,5,18.90520951151848
99_sik,2024-07-31,10,16.35410626977682
99_sik,2024-07-31,15,14.581591241061687
99_sik,2024-07-31,20,14.040314957499504
99_sik,2024-07-31,30,11.911099590361118
99_sik,2024-07-31,40,10.105624571442604
99_sik,2024-07-31,50,9.33875546604395
99_sik,2024-07-31,65,7.742027051746845
99_sik,2024-07-31,80,7.331125840544701
99_sik,2024-08-01,5,18.93450728058815
99_sik,2024-08-01,10,16.48887600749731
99_sik,2024-08-01,15,14.673146769404411
99_sik,2024-08-01,20,14.131870485842228
99_sik,2024-08-01,30,12.006317339837551
99_sik,2024-08-01,40,10.200109876692297
99_sik,2024-08-01,50,9.413464777171612
99_sik,2024-08-01,65,7.775719486176968
99_sik,2024-08-01,80,7.345042280852795
99_sik,2024-08-02,5,19.04290902614593
99_sik,2024-08-02,10,16.64342173933983
99_sik,2024-08-02,15,14.790337845683098
99_sik,2024-08-02,20,14.221228681504726
99_sik,2024-08-02,30,12.056123547255991
99_sik,2024-08-02,40,10.244788974523544
99_sik,2024-08-02,50,9.458876319229605
99_sik,2024-08-02,65,7.794763036072254
99_sik,2024-08-02,80,7.3596911653876305
99_sik,2024-08-03,5,19.161564990878105
99_sik,2024-08-03,10,16.806024357676506
99_sik,2024-08-03,15,14.94708091020584
99_sik,2024-08-03,20,14.342081978917122
99_sik,2024-08-03,30,12.111789308488367
99_sik,2024-08-03,40,10.27994629740715
99_sik,2024-08-03,50,9.4903714209795
99_sik,2024-08-03,65,7.763267934322357
99_sik,2024-08-03,80,7.367015607655048
99_sik,2024-08-04,5,19.528519548475742
99_sik,2024-08-04,10,17.09826960414648
99_sik,2024-08-04,15,15.207098610699177
99_sik,2024-08-04,20,14.572069466114044
99_sik,2024-08-04,30,12.267067484557629
99_sik,2024-08-04,40,10.43522447347641
99_sik,2024-08-04,50,9.61268960684538
99_sik,2024-08-04,65,7.791100814938545
99_sik,2024-08-04,80,7.378734715282917
99_sik,2024-08-05,5,19.816370129585263
99_sik,2024-08-05,10,17.307748652994633
99_sik,2024-08-05,15,15.346263013780115
99_sik,2024-08-05,20,14.707571648061275
99_sik,2024-08-05,30,12.344706572592258
99_sik,2024-08-05,40,10.572191543877125
99_sik,2024-08-05,50,9.745262011885645
99_sik,2024-08-05,65,7.931730106472969
99_sik,2024-08-05,80,7.40437026321888
99_sik,2024-08-06,5,19.933561205863956
99_sik,2024-08-06,10,17.397839292883873
99_sik,2024-08-06,15,15.344065681099892
99_sik,2024-08-06,20,14.687063209712504
99_sik,2024-08-06,30,12.30002747476101
99_sik,2024-08-06,40,10.588305316865444
99_sik,2024-08-06,50,9.789941109716892
99_sik,2024-08-06,65,8.108981609344482
99_sik,2024-08-06,80,7.438062697649002
99_sik,2024-08-07,5,20.0588091686368
99_sik,2024-08-07,10,17.493057042360306
99_sik,2024-08-07,15,15.38874477893114
99_sik,2024-08-07,20,14.706839203834534
99_sik,2024-08-07,30,12.302957251667976
99_sik,2024-08-07,40,10.604419089853764
99_sik,2024-08-07,50,9.81704154610634
99_sik,2024-08-07,65,8.240089125931263
99_sik,2024-08-07,80,7.46589557826519
99_sik,2024-08-08,5,20.269020661711693
99_sik,2024-08-08,10,17.713522754609585
99_sik,2024-08-08,15,15.591631829738615
99_sik,2024-08-08,20,14.890682704746723
99_sik,2024-08-08,30,12.432599879801272
99_sik,2024-08-08,40,10.700369283556938
99_sik,2024-08-08,50,9.885158859193323
99_sik,2024-08-08,65,8.314798437058926
99_sik,2024-08-08,80,7.483474239706993
99_sik,2024-08-09,5,20.326151311397552
99_sik,2024-08-09,10,17.865871153771877
99_sik,2024-08-09,15,15.75203711539507
99_sik,2024-08-09,20,15.040101327002048
99_sik,2024-08-09,30,12.519028298556805
99_sik,2024-08-09,40,10.76262704282999
99_sik,2024-08-09,50,9.927640624344347
99_sik,2024-08-09,65,8.35361798107624
99_sik,2024-08-09,80,7.49446090310812
99_sik,2024-08-10,5,20.463118381798267
99_sik,2024-08-10,10,18.04312265664339
99_sik,2024-08-10,15,15.892666406929491
99_sik,2024-08-10,20,15.161687068641186
99_sik,2024-08-10,30,12.573229171335695
99_sik,2024-08-10,40,10.776543483138084
99_sik,2024-08-10,50,9.91958373785019
99_sik,2024-08-10,65,8.358012646436691
99_sik,2024-08-10,80,7.500320456922054
99_sik,2024-08-11,5,20.74877163022757
99_sik,2024-08-11,10,18.27603992074728
99_sik,2024-08-11,15,16.061128579080105
99_sik,2024-08-11,20,15.303781248629091
99_sik,2024-08-11,30,12.662587366998196
99_sik,2024-08-11,40,10.854915015399456
99_sik,2024-08-11,50,9.980376608669758
99_sik,2024-08-11,65,8.411481074988842
99_sik,2024-08-11,80,7.50691245496273
99_sik,2024-08-12,5,21.37208166718483
99_sik,2024-08-12,10,18.557298503816128
99_sik,2024-08-12,15,16.266945406794548
99_sik,2024-08-12,20,15.469313643872738
99_sik,2024-08-12,30,12.690420247614384
99_sik,2024-08-12,40,10.73332927376032
99_sik,2024-08-12,50,9.868312641978264
99_sik,2024-08-12,65,8.277443781495094
99_sik,2024-08-12,80,7.52302622795105
99_sik,2024-08-13,5,21.402111880481243
99_sik,2024-08-13,10,19.634723961353306
99_sik,2024-08-13,15,17.04846339672804
99_sik,2024-08-13,20,16.168797880411148
99_sik,2024-08-13,30,13.121829897165298
99_sik,2024-08-13,40,10.663014627993109
99_sik,2024-08-13,50,9.677877143025398
99_sik,2024-08-13,65,7.593340873718262
99_sik,2024-08-13,80,7.492996014654636
99_sik,2024-08-14,5,21.5310220643878
99_sik,2024-08-14,10,20.163548693060875
99_sik,2024-08-14,15,17.815332502126694
99_sik,2024-08-14,20,17.10632649064064
99_sik,2024-08-14,30,13.821314133703709
99_sik,2024-08-14,40,11.180120252072811
99_sik,2024-08-14,50,9.82583087682724
99_sik,2024-08-14,65,7.190496549010277
99_sik,2024-08-14,80,7.369212940335274
99_sik,2024-08-15,5,21.978545486927032
99_sik,2024-08-15,10,20.679189428687096
99_sik,2024-08-15,15,18.31632435321808
99_sik,2024-08-15,20,17.632953889667988
99_sik,2024-08-15,30,14.343546867370604
99_sik,2024-08-15,40,11.7968382909894
99_sik,2024-08-15,50,10.348063610494137
99_sik,2024-08-15,65,7.273995190858841
99_sik,2024-08-15,80,7.372142717242241
99_sik,2024-08-16,5,22.977599412202835
99_sik,2024-08-16,10,21.23291726410389
99_sik,2024-08-16,15,18.55876339226961
99_sik,2024-08-16,20,17.76845607161522
99_sik,2024-08-16,30,14.314249098300934
99_sik,2024-08-16,40,11.82613606005907
99_sik,2024-08-16,50,10.4718466848135
99_sik,2024-08-16,65,7.6292306408286095
99_sik,2024-08-16,80,7.473220020532608
99_sik,2024-08-17,5,23.38923306763172
99_sik,2024-08-17,10,21.69948423653841
99_sik,2024-08-17,15,19.152043215930465
99_sik,2024-08-17,20,18.22257149219513
99_sik,2024-08-17,30,14.532517477869987
99_sik,2024-08-17,40,11.986541345715525
99_sik,2024-08-17,50,10.68865017592907
99_sik,2024-08-17,65,8.086275838315487
99_sik,2024-08-17,80,7.597003094851971
99_sik,2024-08-18,5,23.12335581332445
99_sik,2024-08-18,10,21.941923275589943
99_sik,2024-08-18,15,19.732871487736706
99_sik,2024-08-18,20,18.774101994931694
99_sik,2024-08-18,30,14.771294295787811
99_sik,2024-08-18,40,12.165990181267262
99_sik,2024-08-18,50,10.874691009521484
99_sik,2024-08-18,65,8.51255837827921
99_sik,2024-08-18,80,7.716391503810883
99_sik,2024-08-19,5,23.03473006188869
99_sik,2024-08-19,10,22.09207434207201
99_sik,2024-08-19,15,19.958464309573174
99_sik,2024-08-19,20,18.96307260543108
99_sik,2024-08-19,30,14.720755644142628
99_sik,2024-08-19,40,12.078829318284988
99_sik,2024-08-19,50,10.810235917568209
99_sik,2024-08-19,65,8.818720065057278
99_sik,2024-08-19,80,7.780114151537418
99_sik,2024-08-20,5,23.160710468888283
99_sik,2024-08-20,10,22.16605120897293
99_sik,2024-08-20,15,19.881557665765285
99_sik,2024-08-20,20,18.777031771838665
99_sik,2024-08-20,30,14.51274148374796
99_sik,2024-08-20,40,11.900845371186731
99_sik,2024-08-20,50,10.720877721905708
99_sik,2024-08-20,65,9.030396446585655
99_sik,2024-08-20,80,7.803552366793156
99_sik,2024-08-21,5,23.15778069198132
99_sik,2024-08-21,10,22.29203161597252
99_sik,2024-08-21,15,19.96359141916037
99_sik,2024-08-21,20,18.812921538949013
99_sik,2024-08-21,30,14.64018677920103
99_sik,2024-08-21,40,12.019501335918903
99_sik,2024-08-21,50,10.89300211519003
99_sik,2024-08-21,65,9.173223070800304
99_sik,2024-08-21,80,7.83797724545002
99_sik,2024-08-22,5,23.19147312641144
99_sik,2024-08-22,10,22.34989470988512
99_sik,2024-08-22,15,20.02584917843342
99_sik,2024-08-22,20,18.858333081007004
99_sik,2024-08-22,30,14.755180522799492
99_sik,2024-08-22,40,12.155735962092876
99_sik,2024-08-22,50,11.101016275584698
99_sik,2024-08-22,65,9.258919045329094
99_sik,2024-08-22,80,7.892910562455654
99_sik,2024-08-23,5,23.44343394041061
99_sik,2024-08-23,10,22.467085786163807
99_sik,2024-08-23,15,20.2060304582119
99_sik,2024-08-23,20,19.026062808930877
99_sik,2024-08-23,30,14.867244489490986
99_sik,2024-08-23,40,12.28391370177269
99_sik,2024-08-23,50,11.28632466495037
99_sik,2024-08-23,65,9.321909248828888
99_sik,2024-08-23,80,7.933194994926453
99_sik,2024-08-24,5,23.64192632585764
99_sik,2024-08-24,10,22.600390635430813
99_sik,2024-08-24,15,20.45213171839714
99_sik,2024-08-24,20,19.262642294168472
99_sik,2024-08-24,30,15.009338669478892
99_sik,2024-08-24,40,12.532212294638155
99_sik,2024-08-24,50,11.635700561106203
99_sik,2024-08-24,65,9.099246203899384
99_sik,2024-08-24,80,8.128025159239769
99_sik,2024-08-25,5,23.630939662456512
99_sik,2024-08-25,10,22.70659504830837
99_sik,2024-08-25,15,20.511459700763226
99_sik,2024-08-25,20,19.31025116890669
99_sik,2024-08-25,30,15.127994634211063
99_sik,2024-08-25,40,12.920407734811306
99_sik,2024-08-25,50,12.17770928889513
99_sik,2024-08-25,65,8.694936990737915
99_sik,2024-08-25,80,8.470076613128185
99_sik,2024-08-26,5,23.41706594824791
99_sik,2024-08-26,10,22.743217259645466
99_sik,2024-08-26,15,20.32761619985104
99_sik,2024-08-26,20,19.119815669953823
99_sik,2024-08-26,30,15.11407819390297
99_sik,2024-08-26,40,13.15552233159542
99_sik,2024-08-26,50,12.491195417940617
99_sik,2024-08-26,65,8.456160172820091
99_sik,2024-08-26,80,8.381450861692429
99_sik,2024-08-27,5,23.48298592865467
99_sik,2024-08-27,10,22.886776328086853
99_sik,2024-08-27,15,20.773674733936787
99_sik,2024-08-27,20,19.634723961353306
99_sik,2024-08-27,30,15.528641626238825
99_sik,2024-08-27,40,13.329844057559969
99_sik,2024-08-27,50,12.75853756070137
99_sik,2024-08-27,65,8.37412641942501
99_sik,2024-08-27,80,8.32065799087286
99_sik,2024-08-28,5,23.619220554828644
99_sik,2024-08-28,10,23.170964688062668
99_sik,2024-08-28,15,21.156010620296
99_sik,2024-08-28,20,19.980437636375427
99_sik,2024-08-28,30,15.610675379633904
99_sik,2024-08-28,40,13.154057443141935
99_sik,2024-08-28,50,12.579821169376372
99_sik,2024-08-28,65,8.429792180657387
99_sik,2024-08-28,80,8.321390435099602
99_sik,2024-08-29,5,23.73641163110733
99_sik,2024-08-29,10,23.33136997371912
99_sik,2024-08-29,15,21.172856837511063
99_sik,2024-08-29,20,19.94454786926508
99_sik,2024-08-29,30,15.489822082221508
99_sik,2024-08-29,40,13.059572137892246
99_sik,2024-08-29,50,12.332255020737648
99_sik,2024-08-29,65,8.211523801088333
99_sik,2024-08-29,80,8.260597564280033
99_sik,2024-08-30,5,23.92611468583345
99_sik,2024-08-30,10,23.42732016742229
99_sik,2024-08-30,15,21.287850581109524
99_sik,2024-08-30,20,20.09689626842737
99_sik,2024-08-30,30,15.680990025401115
99_sik,2024-08-30,40,13.231696531176569
99_sik,2024-08-30,50,12.393047891557217
99_sik,2024-08-30,65,7.972746983170509
99_sik,2024-08-30,80,8.125827826559544
99_sik,2024-08-31,5,24.123874627053738
99_sik,2024-08-31,10,23.844813376665115
99_sik,2024-08-31,15,21.96096682548523
99_sik,2024-08-31,20,20.79125339537859
99_sik,2024-08-31,30,16.102877900004387
99_sik,2024-08-31,40,13.25733207911253
99_sik,2024-08-31,50,12.543198958039284
99_sik,2024-08-31,65,7.985930979251862
99_sik,2024-08-31,80,8.10385449975729
99_sik,2024-09-01,5,24.26377147436142
99_sik,2024-09-01,10,24.16489150375128
99_sik,2024-09-01,15,22.27225562185049
99_sik,2024-09-01,20,21.02490310370922
99_sik,2024-09-01,30,16.01425214856863
99_sik,2024-09-01,40,13.077883243560793
99_sik,2024-09-01,50,12.392315447330477
99_sik,2024-09-01,65,7.984466090798378
99_sik,2024-09-01,80,8.108981609344482
99_sik,2024-09-02,5,24.43150120228529
99_sik,2024-09-02,10,24.34507278352976
99_sik,2024-09-02,15,22.441450238227844
99_sik,2024-09-02,20,21.17065950483084
99_sik,2024-09-02,30,16.102145455777645
99_sik,2024-09-02,40,13.381847597658634
99_sik,2024-09-02,50,12.376201674342155
99_sik,2024-09-02,65,7.982268758118153
99_sik,2024-09-02,80,8.02182074636221
99_sik,2024-09-03,5,24.54283272475004
99_sik,2024-09-03,10,24.55748160928488
99_sik,2024-09-03,15,22.81133457273245
99_sik,2024-09-03,20,21.577898494899276
99_sik,2024-09-03,30,16.61998352408409
99_sik,2024-09-03,40,14.23441267758608
99_sik,2024-09-03,50,12.595934942364693
99_sik,2024-09-03,65,8.013031415641308
99_sik,2024-09-03,80,8.015961192548275
99_sik,2024-09-04,5,24.547959834337234
99_sik,2024-09-04,10,24.58311715722084
99_sik,2024-09-04,15,22.541062653064728
99_sik,2024-09-04,20,21.24610126018524
99_sik,2024-09-04,30,16.61192663758993
99_sik,2024-09-04,40,14.476851716637611
99_sik,2024-09-04,50,12.13229774683714
99_sik,2024-09-04,65,8.029145188629627
99_sik,2024-09-04,80,8.007171861827374
99_sik,2024-09-05,5,24.479110077023503
99_sik,2024-09-05,10,24.26377147436142
99_sik,2024-09-05,15,21.92800683528185
99_sik,2024-09-05,20,20.637440107762814
99_sik,2024-09-05,30,16.37388226389885
99_sik,2024-09-05,40,14.03006073832512
99_sik,2024-09-05,50,11.55952636152506
99_sik,2024-09-05,65,8.007171861827374
99_sik,2024-09-05,80,7.999847419559956
99_sik,2024-09-06,5,24.48130740970373
99_sik,2024-09-06,10,24.21030304580927
99_sik,2024-09-06,15,22.095004118978977
99_sik,2024-09-06,20,20.95532090216875
99_sik,2024-09-06,30,16.628772854804993
99_sik,2024-09-06,40,14.057893618941309
99_sik,2024-09-06,50,11.673787660896778
99_sik,2024-09-06,65,7.998382531106472
99_sik,2024-09-06,80,8.01376385986805
99_sik,2024-09-07,5,24.23593859374523
99_sik,2024-09-07,10,24.17734305560589
99_sik,2024-09-07,15,22.11478011310101
99_sik,2024-09-07,20,20.945799127221107
99_sik,2024-09-07,30,16.675649285316467
99_sik,2024-09-07,40,13.871852785348892
99_sik,2024-09-07,50,11.552934363484384
99_sik,2024-09-07,65,8.024018079042435
99_sik,2024-09-07,80,8.029145188629627
99_sik,2024-09-08,5,24.152439951896667
99_sik,2024-09-08,10,24.054292425513268
99_sik,2024-09-08,15,22.036408580839637
99_sik,2024-09-08,20,20.875484481453896
99_sik,2024-09-08,30,16.677846617996693
99_sik,2024-09-08,40,13.587664425373076
99_sik,2024-09-08,50,11.361033976078032
99_sik,2024-09-08,65,8.081881172955036
99_sik,2024-09-08,80,8.062105178833008
99_sik,2024-09-09,5,24.05502486974001
99_sik,2024-09-09,10,23.91219824552536
99_sik,2024-09-09,15,22.003448590636253
99_sik,2024-09-09,20,20.866695150732998
99_sik,2024-09-09,30,16.61925107985735
99_sik,2024-09-09,40,13.227301865816116
99_sik,2024-09-09,50,11.189642027020454
99_sik,2024-09-09,65,8.138279378414154
99_sik,2024-09-09,80,8.100924722850323
99_sik,2024-09-10,5,23.87923825532198
99_sik,2024-09-10,10,23.649250768125057
99_sik,2024-09-10,15,21.39039277285337
99_sik,2024-09-10,20,20.355449080467224
99_sik,2024-09-10,30,16.34531693905592
99_sik,2024-09-10,40,12.90209662914276
99_sik,2024-09-10,50,11.095156721770763
99_sik,2024-09-10,65,8.212256245315075
99_sik,2024-09-10,80,8.133884713053703
99_sik,2024-09-11,5,23.96493422985077
99_sik,2024-09-11,10,23.671956539154053
99_sik,2024-09-11,15,21.50685140490532
99_sik,2024-09-11,20,20.547349467873573
99_sik,2024-09-11,30,16.474959567189217
99_sik,2024-09-11,40,13.1394085586071
99_sik,2024-09-11,50,11.432813510298727
99_sik,2024-09-11,65,8.323587767779827
99_sik,2024-09-11,80,8.169774480164051
99_sik,2024-09-12,5,23.860927149653435
99_sik,2024-09-12,10,23.73274940997362
99_sik,2024-09-12,15,21.582293160259724
99_sik,2024-09-12,20,20.501937925815582
99_sik,2024-09-12,30,16.261818297207355
99_sik,2024-09-12,40,13.051515251398088
99_sik,2024-09-12,50,11.47822505235672
99_sik,2024-09-12,65,8.396099746227264
99_sik,2024-09-12,80,8.207129135727882
99_sik,2024-09-13,5,23.656575210392475
99_sik,2024-09-13,10,23.603839226067063
99_sik,2024-09-13,15,21.66139713674784
99_sik,2024-09-13,20,20.55467391014099
99_sik,2024-09-13,30,16.135105445981026
99_sik,2024-09-13,40,13.012695707380772
99_sik,2024-09-13,50,11.460646390914915
99_sik,2024-09-13,65,8.399761967360973
99_sik,2024-09-13,80,8.245216235518456
99_sik,2024-09-14,5,23.34601885825396
99_sik,2024-09-14,10,23.33722952753305
99_sik,2024-09-14,15,21.42628253996372
99_sik,2024-09-14,20,20.31223487108946
99_sik,2024-09-14,30,16.044282361865044
99_sik,2024-09-14,40,12.955565057694912
99_sik,2024-09-14,50,11.418164625763891
99_sik,2024-09-14,65,8.418073073029518
99_sik,2024-09-14,80,8.292825110256672
99_sik,2024-09-15,5,23.165837578475475
99_sik,2024-09-15,10,23.165105134248734
99_sik,2024-09-15,15,21.517105624079704
99_sik,2024-09-15,20,20.474105045199394
99_sik,2024-09-15,30,16.15268410742283
99_sik,2024-09-15,40,13.080813020467758
99_sik,2024-09-15,50,11.58516190946102
99_sik,2024-09-15,65,8.55357525497675
99_sik,2024-09-15,80,8.337504208087921
99_sik,2024-09-16,5,22.94317453354597
99_sik,2024-09-16,10,22.939512312412266
99_sik,2024-09-16,15,21.303964354097843
99_sik,2024-09-16,20,20.13644825667143
99_sik,2024-09-16,30,15.74398022890091
99_sik,2024-09-16,40,12.865474417805672
99_sik,2024-09-16,50,11.540482811629772
99_sik,2024-09-16,65,8.645863227546215
99_sik,2024-09-16,80,8.37778864055872
99_sik,2024-09-17,5,22.818659014999863
99_sik,2024-09-17,10,22.814264349639416
99_sik,2024-09-17,15,21.04174932092428
99_sik,2024-09-17,20,19.816370129585263
99_sik,2024-09-17,30,15.361644342541696
99_sik,2024-09-17,40,12.543931402266026
99_sik,2024-09-17,50,11.289254441857338
99_sik,2024-09-17,65,8.62755212187767
99_sik,2024-09-17,80,8.412213519215584
99_sik,2024-09-18,5,22.70952482521534
99_sik,2024-09-18,10,22.698538161814213
99_sik,2024-09-18,15,21.20874660462141
99_sik,2024-09-18,20,19.99435407668352
99_sik,2024-09-18,30,15.491286970674992
99_sik,2024-09-18,40,12.70946379750967
99_sik,2024-09-18,50,11.44160284101963
99_sik,2024-09-18,65,8.675160996615887
99_sik,2024-09-18,80,8.44737084209919
99_sik,2024-09-19,5,22.66118350625038
99_sik,2024-09-19,10,22.64873195439577
99_sik,2024-09-19,15,21.291512802243236
99_sik,2024-09-19,20,20.05514694750309
99_sik,2024-09-19,30,15.573320724070072
99_sik,2024-09-19,40,12.905026406049728
99_sik,2024-09-19,50,11.673787660896778
99_sik,2024-09-19,65,8.804803624749184
99_sik,2024-09-19,80,8.474471278488636
99_sik,2024-09-20,5,22.41947691142559
99_sik,2024-09-20,10,22.41874446719885
99_sik,2024-09-20,15,21.52443006634712
99_sik,2024-09-20,20,20.28513443470001
99_sik,2024-09-20,30,15.72347179055214
99_sik,2024-09-20,40,13.047120586037636
99_sik,2024-09-20,50,11.848109386861324
99_sik,2024-09-20,65,8.95495469123125
99_sik,2024-09-20,80,8.50450149178505
99_sik,2024-09-21,5,22.041535690426823
99_sik,2024-09-21,10,22.041535690426823
99_sik,2024-09-21,15,21.72804956138134
99_sik,2024-09-21,20,20.47264015674591
99_sik,2024-09-21,30,15.88314463198185
99_sik,2024-09-21,40,13.218512535095217
99_sik,2024-09-21,50,12.035615108907225
99_sik,2024-09-21,65,9.120487086474895
99_sik,2024-09-21,80,8.539658814668655
99_sik,2024-09-22,5,21.620380260050297
99_sik,2024-09-22,10,21.619647815823555
99_sik,2024-09-22,15,21.59694204479456
99_sik,2024-09-22,20,20.60301522910595
99_sik,2024-09-22,30,15.906582847237589
99_sik,2024-09-22,40,13.09839168190956
99_sik,2024-09-22,50,11.94845424592495
99_sik,2024-09-22,65,9.148319967091084
99_sik,2024-09-22,80,8.55357525497675
99_sik,2024-09-23,5,21.602069154381752
99_sik,2024-09-23,10,21.60133671015501
99_sik,2024-09-23,15,21.55226294696331
99_sik,2024-09-23,20,21.107669301331043
99_sik,2024-09-23,30,16.575304426252842
99_sik,2024-09-23,40,13.51515244692564
99_sik,2024-09-23,50,12.262672819197178
99_sik,2024-09-23,65,9.02014222741127
99_sik,2024-09-23,80,8.58653524518013
99_sik,2024-09-24,5,21.52443006634712
99_sik,2024-09-24,10,21.52443006634712
99_sik,2024-09-24,15,21.508316293358803
99_sik,2024-09-24,20,21.1962950527668
99_sik,2024-09-24,30,17.174443803727627
99_sik,2024-09-24,40,13.827173687517645
99_sik,2024-09-24,50,12.404766999185084
99_sik,2024-09-24,65,8.585802800953388
99_sik,2024-09-24,80,8.613635681569576
99_sik,2024-09-25,5,21.31495101749897
99_sik,2024-09-25,10,21.31495101749897
99_sik,2024-09-25,15,21.33619190007448
99_sik,2024-09-25,20,21.2856532484293
99_sik,2024-09-25,30,17.889309369027615
99_sik,2024-09-25,40,14.41093173623085
99_sik,2024-09-25,50,12.835444204509258
99_sik,2024-09-25,65,8.277443781495094
99_sik,2024-09-25,80,8.551377922296524
99_sik,2024-09-26,5,21.251960813999176
99_sik,2024-09-26,10,21.23731192946434
99_sik,2024-09-26,15,21.19702749699354
99_sik,2024-09-26,20,21.16260261833668
99_sik,2024-09-26,30,18.653248697519302
99_sik,2024-09-26,40,15.485427416861056
99_sik,2024-09-26,50,14.008087411522864
99_sik,2024-09-26,65,8.592394798994064
99_sik,2024-09-26,80,8.520615264773369
99_sik,2024-09-27,5,21.391857661306855
99_sik,2024-09-27,10,21.30030213296413
99_sik,2024-09-27,15,21.169194616377357
99_sik,2024-09-27,20,21.0893581956625
99_sik,2024-09-27,30,18.984313488006592
99_sik,2024-09-27,40,16.0259712561965
99_sik,2024-09-27,50,14.47978149354458
99_sik,2024-09-27,65,9.017944894731045
99_sik,2024-09-27,80,8.538193926215172
99_sik,2024-09-28,5,21.59327982366085
99_sik,2024-09-28,10,21.514175847172737
99_sik,2024-09-28,15,21.381603442132477
99_sik,2024-09-28,20,21.30030213296413
99_sik,2024-09-28,30,19.243598744273186
99_sik,2024-09-28,40,16.166600547730923
99_sik,2024-09-28,50,14.563280135393144
99_sik,2024-09-28,65,9.312387473881245
99_sik,2024-09-28,80,8.511825934052467
99_sik,2024-09-29,5,21.807153537869453
99_sik,2024-09-29,10,21.74343089014292
99_sik,2024-09-29,15,21.60133671015501
99_sik,2024-09-29,20,21.4995269626379
99_sik,2024-09-29,30,19.26630451530218
99_sik,2024-09-29,40,16.187841430306435
99_sik,2024-09-29,50,14.686330765485764
99_sik,2024-09-29,65,9.311655029654505
99_sik,2024-09-29,80,8.557237476110458
99_sik,2024-09-30,5,21.892849512398243
99_sik,2024-09-30,10,21.831324197351933
99_sik,2024-09-30,15,21.665791802108288
99_sik,2024-09-30,20,21.533951841294765
99_sik,2024-09-30,30,19.13959166407585
99_sik,2024-09-30,40,16.08822901546955
99_sik,2024-09-30,50,14.483443714678288
99_sik,2024-09-30,65,9.599505610764028
99_sik,2024-09-30,80,8.722037427127361
99_sik,2024-10-01,5,21.900906398892403
99_sik,2024-10-01,10,21.83791619539261
99_sik,2024-10-01,15,21.700949124991894
99_sik,2024-10-01,20,21.565446943044662
99_sik,2024-10-01,30,19.23993652313948
99_sik,2024-10-01,40,16.19370098412037
99_sik,2024-10-01,50,14.299600213766098
99_sik,2024-10-01,65,10.110019236803057
99_sik,2024-10-01,80,8.857539609074593
99_sik,2024-10-02,5,21.739036224782467
99_sik,2024-10-02,10,21.72072511911392
99_sik,2024-10-02,15,21.66725669056177
99_sik,2024-10-02,20,21.590350046753883
99_sik,2024-10-02,30,19.393749810755253
99_sik,2024-10-02,40,16.27646718174219
99_sik,2024-10-02,50,14.205847352743149
99_sik,2024-10-02,65,10.523117780685425
99_sik,2024-10-02,80,8.952024914324284
99_sik,2024-10-03,5,21.381603442132477
99_sik,2024-10-03,10,21.381603442132477
99_sik,2024-10-03,15,21.381603442132477
99_sik,2024-10-03,20,21.410901211202145
99_sik,2024-10-03,30,19.538773767650127
99_sik,2024-10-03,40,16.231788083910942
99_sik,2024-10-03,50,14.037385180592535
99_sik,2024-10-03,65,10.756767489016056
99_sik,2024-10-03,80,9.033326223492622
99_sik,2024-10-04,5,21.103274635970592
99_sik,2024-10-04,10,21.10986663401127
99_sik,2024-10-04,15,21.115726187825203
99_sik,2024-10-04,20,21.12524796277285
99_sik,2024-10-04,30,19.586382642388344
99_sik,2024-10-04,40,16.07211524248123
99_sik,2024-10-04,50,13.815454579889774
99_sik,2024-10-04,65,10.744315937161446
99_sik,2024-10-04,80,9.087527096271517
99_sik,2024-10-05,5,20.9597155675292
99_sik,2024-10-05,10,20.957518234848976
99_sik,2024-10-05,15,20.953856013715267
99_sik,2024-10-05,20,20.957518234848976
99_sik,2024-10-05,30,19.851527452468872
99_sik,2024-10-05,40,16.310892060399055
99_sik,2024-10-05,50,14.040314957499504
99_sik,2024-10-05,65,10.714285723865032
99_sik,2024-10-05,80,9.168095961213112
99_sik,2024-10-06,5,20.92602313309908
99_sik,2024-10-06,10,20.923093356192112
99_sik,2024-10-06,15,20.92236091196537
99_sik,2024-10-06,20,20.93920712918043
99_sik,2024-10-06,30,19.602496415376663
99_sik,2024-10-06,40,15.927091285586355
99_sik,2024-10-06,50,13.779564812779428
99_sik,2024-10-06,65,10.734794162213802
99_sik,2024-10-06,80,9.236213274300098
99_sik,2024-10-07,5,20.80956450104713
99_sik,2024-10-07,10,20.8124942779541
99_sik,2024-10-07,15,20.813959166407585
99_sik,2024-10-07,20,20.867427594959736
99_sik,2024-10-07,30,19.316843166947365
99_sik,2024-10-07,40,15.61726737767458
99_sik,2024-10-07,50,13.566423542797564
99_sik,2024-10-07,65,10.79119236767292
99_sik,2024-10-07,80,9.255256824195383
99_sik,2024-10-08,5,20.67772454023361
99_sik,2024-10-08,10,20.67699209600687
99_sik,2024-10-08,15,20.67625965178013
99_sik,2024-10-08,20,20.678456984460357
99_sik,2024-10-08,30,19.406933806836605
99_sik,2024-10-08,40,15.812829986214638
99_sik,2024-10-08,50,13.712179943919182
99_sik,2024-10-08,65,10.806573696434498
99_sik,2024-10-08,80,9.282357260584831
99_sik,2024-10-09,5,20.503402814269062
99_sik,2024-10-09,10,20.503402814269062
99_sik,2024-10-09,15,20.503402814269062
99_sik,2024-10-09,20,20.503402814269062
99_sik,2024-10-09,30,19.55269020795822
99_sik,2024-10-09,40,16.041352584958076
99_sik,2024-10-09,50,13.894558556377888
99_sik,2024-10-09,65,10.869563899934292
99_sik,2024-10-09,80,9.339487910270693
99_sik,2024-10-10,5,20.34080019593239
99_sik,2024-10-10,10,20.34080019593239
99_sik,2024-10-10,15,20.34080019593239
99_sik,2024-10-10,20,20.34080019593239
99_sik,2024-10-10,30,19.57100131362677
99_sik,2024-10-10,40,15.995208598673344
99_sik,2024-10-10,50,13.904812775552273
99_sik,2024-10-10,65,10.949400320649149
99_sik,2024-10-10,80,9.410535000264645
99_sik,2024-10-11,5,20.273415327072144
99_sik,2024-10-11,10,20.27121799439192
99_sik,2024-10-11,15,20.270485550165176
99_sik,2024-10-11,20,20.270485550165176
99_sik,2024-10-11,30,19.661091953516006
99_sik,2024-10-11,40,16.143162332475185
99_sik,2024-10-11,50,14.097445607185364
99_sik,2024-10-11,65,11.076113171875477
99_sik,2024-10-11,80,9.494033642113209
99_sik,2024-10-12,5,20.25583666563034
99_sik,2024-10-12,10,20.252906888723373
99_sik,2024-10-12,15,20.250709556043148
99_sik,2024-10-12,20,20.250709556043148
99_sik,2024-10-12,30,19.581987977027893
99_sik,2024-10-12,40,16.118991672992706
99_sik,2024-10-12,50,14.172887362539768
99_sik,2024-10-12,65,10.958189651370049
99_sik,2024-10-12,80,9.526261188089848
99_sik,2024-10-13,5,20.06979583203793
99_sik,2024-10-13,10,20.06979583203793
99_sik,2024-10-13,15,20.06979583203793
99_sik,2024-10-13,20,20.06979583203793
99_sik,2024-10-13,30,19.497024446725845
99_sik,2024-10-13,40,16.028168588876724
99_sik,2024-10-13,50,14.05496384203434
99_sik,2024-10-13,65,10.587572872638702
99_sik,2024-10-13,80,9.47425764799118
99_sik,2024-10-14,5,19.933561205863956
99_sik,2024-10-14,10,19.933561205863956
99_sik,2024-10-14,15,19.93282876163721
99_sik,2024-10-14,20,19.93209631741047
99_sik,2024-10-14,30,19.54023865610361
99_sik,2024-10-14,40,16.141697444021702
99_sik,2024-10-14,50,14.081331834197044
99_sik,2024-10-14,65,10.506271563470364
99_sik,2024-10-14,80,9.42518388479948
99_sik,2024-10-15,5,19.87496566772461
99_sik,2024-10-15,10,19.89254432916641
99_sik,2024-10-15,15,19.898403882980347
99_sik,2024-10-15,20,19.89474166184664
99_sik,2024-10-15,30,19.540971100330356
99_sik,2024-10-15,40,16.162205882370472
99_sik,2024-10-15,50,14.113559380173683
99_sik,2024-10-15,65,10.61174353212118
99_sik,2024-10-15,80,9.447889655828476
99_sik,2024-10-16,5,19.77242347598076
99_sik,2024-10-16,10,19.77388836443424
99_sik,2024-10-16,15,19.78341013938189
99_sik,2024-10-16,20,19.787804804742336
99_sik,2024-10-16,30,19.66255684196949
99_sik,2024-10-16,40,16.494003117084503
99_sik,2024-10-16,50,14.442426837980747
99_sik,2024-10-16,65,10.827082134783268
99_sik,2024-10-16,80,9.504287861287594
99_sik,2024-10-17,5,19.67867061495781
99_sik,2024-10-17,10,19.67867061495781
99_sik,2024-10-17,15,19.67720572650433
99_sik,2024-10-17,20,19.676473282277584
99_sik,2024-10-17,30,19.64790795743465
99_sik,2024-10-17,40,16.691763058304787
99_sik,2024-10-17,50,14.694387651979923
99_sik,2024-10-17,65,11.107608273625374
99_sik,2024-10-17,80,9.559221178293228
99_sik,2024-10-18,5,19.61787774413824
99_sik,2024-10-18,10,19.618610188364983
99_sik,2024-10-18,15,19.619342632591724
99_sik,2024-10-18,20,19.619342632591724
99_sik,2024-10-18,30,19.48091067373753
99_sik,2024-10-18,40,16.495468005537987
99_sik,2024-10-18,50,14.624805450439451
99_sik,2024-10-18,65,11.329538874328136
99_sik,2024-10-18,80,9.609759829938412
99_sik,2024-10-19,5,19.426709800958637
99_sik,2024-10-19,10,19.43549913167953
99_sik,2024-10-19,15,19.44209112972021
99_sik,2024-10-19,20,19.44355601817369
99_sik,2024-10-19,30,19.4120609164238
99_sik,2024-10-19,40,16.974486529827118
99_sik,2024-10-19,50,15.06134220957756
99_sik,2024-10-19,65,11.346385091543198
99_sik,2024-10-19,80,9.705710023641586
99_sik,2024-10-20,5,19.13299966603517
99_sik,2024-10-20,10,19.13299966603517
99_sik,2024-10-20,15,19.13299966603517
99_sik,2024-10-20,20,19.13299966603517
99_sik,2024-10-20,30,19.16595965623856
99_sik,2024-10-20,40,17.80947294831276
99_sik,2024-10-20,50,15.886074408888817
99_sik,2024-10-20,65,10.82341991364956
99_sik,2024-10-20,80,10.107089459896088
99_sik,2024-10-21,5,18.978453934192657
99_sik,2024-10-21,10,18.978453934192657
99_sik,2024-10-21,15,18.978453934192657
99_sik,2024-10-21,20,18.978453934192657
99_sik,2024-10-21,30,19.018005922436718
99_sik,2024-10-21,40,17.185430467128754
99_sik,2024-10-21,50,14.892880037426949
99_sik,2024-10-21,65,10.47257912904024
99_sik,2024-10-21,80,10.268959634006023
99_sik,2024-10-22,5,18.93084505945444
99_sik,2024-10-22,10,18.927915282547477
99_sik,2024-10-22,15,18.92645039409399
99_sik,2024-10-22,20,18.924985505640507
99_sik,2024-10-22,30,18.888363294303417
99_sik,2024-10-22,40,16.477889344096184
99_sik,2024-10-22,50,13.961943425238132
99_sik,2024-10-22,65,10.309244066476822
99_sik,2024-10-22,80,10.20596943050623
99_sik,2024-10-23,5,18.96087527275085
99_sik,2024-10-23,10,18.97698904573917
99_sik,2024-10-23,15,18.99237037450075
99_sik,2024-10-23,20,18.9967650398612
99_sik,2024-10-23,30,18.642262034118176
99_sik,2024-10-23,40,15.866298414766788
99_sik,2024-10-23,50,13.814722135663033
99_sik,2024-10-23,65,10.48796045780182
99_sik,2024-10-23,80,10.31290628761053
99_sik,2024-10-24,5,18.9301126152277
99_sik,2024-10-24,10,18.9301126152277
99_sik,2024-10-24,15,18.9301126152277
99_sik,2024-10-24,20,18.93084505945444
99_sik,2024-10-24,30,18.342692345380783
99_sik,2024-10-24,40,15.45759453624487
99_sik,2024-10-24,50,13.697531059384346
99_sik,2024-10-24,65,10.681325733661652
99_sik,2024-10-24,80,10.392010264098644
99_sik,2024-10-25,5,18.72502823174
99_sik,2024-10-25,10,18.72502823174
99_sik,2024-10-25,15,18.72502823174
99_sik,2024-10-25,20,18.72502823174
99_sik,2024-10-25,30,18.11490219086409
99_sik,2024-10-25,40,15.120670191943644
99_sik,2024-10-25,50,13.382580041885376
99_sik,2024-10-25,65,10.610278643667698
99_sik,2024-10-25,80,10.353923164308071
99_sik,2024-10-26,5,18.555833615362644
99_sik,2024-10-26,10,18.55363628268242
99_sik,2024-10-26,15,18.55217139422893
99_sik,2024-10-26,20,18.55217139422893
99_sik,2024-10-26,30,18.1361430734396
99_sik,2024-10-26,40,15.268623925745487
99_sik,2024-10-26,50,13.356944493949412
99_sik,2024-10-26,65,10.347331166267397
99_sik,2024-10-26,80,10.298257403075697
99_sik,2024-10-27,5,18.416669212281704
99_sik,2024-10-27,10,18.416669212281704
99_sik,2024-10-27,15,18.41593676805496
99_sik,2024-10-27,20,18.41593676805496
99_sik,2024-10-27,30,18.115634635090828
99_sik,2024-10-27,40,15.260567039251328
99_sik,2024-10-27,50,13.38404493033886
99_sik,2024-10-27,65,10.208899207413197
99_sik,2024-10-27,80,10.223548091948032
99_sik,2024-10-28,5,18.163243509829044
99_sik,2024-10-28,10,18.163243509829044
99_sik,2024-10-28,15,18.163243509829044
99_sik,2024-10-28,20,18.163243509829044
99_sik,2024-10-28,30,18.000640891492367
99_sik,2024-10-28,40,15.2005066126585
99_sik,2024-10-28,50,13.448500022292135
99_sik,2024-10-28,65,10.184728547930716
99_sik,2024-10-28,80,10.204504542052746
99_sik,2024-10-29,5,17.958159126341343
99_sik,2024-10-29,10,17.958159126341343
99_sik,2024-10-29,15,17.958159126341343
99_sik,2024-10-29,20,17.958159126341343
99_sik,2024-10-29,30,17.849024936556816
99_sik,2024-10-29,40,15.144840851426125
99_sik,2024-10-29,50,13.458754241466522
99_sik,2024-10-29,65,10.164220109581947
99_sik,2024-10-29,80,10.188390769064426
99_sik,2024-10-30,5,17.794091619551182
99_sik,2024-10-30,10,17.794091619551182
99_sik,2024-10-30,15,17.794091619551182
99_sik,2024-10-30,20,17.794091619551182
99_sik,2024-10-30,30,17.489394821226597
99_sik,2024-10-30,40,14.571337021887302
99_sik,2024-10-30,50,13.060304582118988
99_sik,2024-10-30,65,10.187658324837685
99_sik,2024-10-30,80,10.189123213291168
99_sik,2024-10-31,5,17.563371688127518
99_sik,2024-10-31,10,17.563371688127518
99_sik,2024-10-31,15,17.563371688127518
99_sik,2024-10-31,20,17.563371688127518
99_sik,2024-10-31,30,17.132694482803345
99_sik,2024-10-31,40,14.306924656033516
99_sik,2024-10-31,50,12.949705503880978
99_sik,2024-10-31,65,10.343668945133686
99_sik,2024-10-31,80,10.244788974523544
99_sik,2024-11-01,5,17.406628623604774
99_sik,2024-11-01,10,17.40516373515129
99_sik,2024-11-01,15,17.402966402471066
99_sik,2024-11-01,20,17.402966402471066
99_sik,2024-11-01,30,16.63975951820612
99_sik,2024-11-01,40,13.904080331325533
99_sik,2024-11-01,50,12.760002449154854
99_sik,2024-11-01,65,10.507004007697104
99_sik,2024-11-01,80,10.315836064517498
99_sik,2024-11-02,5,17.19202246516943
99_sik,2024-11-02,10,17.19202246516943
99_sik,2024-11-02,15,17.190557576715946
99_sik,2024-11-02,20,17.190557576715946
99_sik,2024-11-02,30,16.4676351249218
99_sik,2024-11-02,40,13.709250167012216
99_sik,2024-11-02,50,12.5908078327775
99_sik,2024-11-02,65,10.544358663260937
99_sik,2024-11-02,80,10.389080487191675
99_sik,2024-11-03,5,16.875606559216976
99_sik,2024-11-03,10,16.875606559216976
99_sik,2024-11-03,15,16.875606559216976
99_sik,2024-11-03,20,16.875606559216976
99_sik,2024-11-03,30,16.63536485284567
99_sik,2024-11-03,40,13.931180767714975
99_sik,2024-11-03,50,12.690420247614384
99_sik,2024-11-03,65,10.614673309028149
99_sik,2024-11-03,80,10.445478692650797
99_sik,2024-11-04,5,16.702749721705914
99_sik,2024-11-04,10,16.702749721705914
99_sik,2024-11-04,15,16.703482165932655
99_sik,2024-11-04,20,16.703482165932655
99_sik,2024-11-04,30,16.6639301776886
99_sik,2024-11-04,40,14.037385180592535
99_sik,2024-11-04,50,12.749015785753729
99_sik,2024-11-04,65,10.71794794499874
99_sik,2024-11-04,80,10.482833348214626
99_sik,2024-11-05,5,16.399517811834812
99_sik,2024-11-05,10,16.399517811834812
99_sik,2024-11-05,15,16.399517811834812
99_sik,2024-11-05,20,16.399517811834812
99_sik,2024-11-05,30,16.53721732646227
99_sik,2024-11-05,40,14.238074898719788
99_sik,2024-11-05,50,12.833246871829031
99_sik,2024-11-05,65,10.830744355916975
99_sik,2024-11-05,80,10.513596005737782
99_sik,2024-11-06,5,16.21420942246914
99_sik,2024-11-06,10,16.21420942246914
99_sik,2024-11-06,15,16.21420942246914
99_sik,2024-11-06,20,16.21420942246914
99_sik,2024-11-06,30,16.32554094493389
99_sik,2024-11-06,40,14.37430952489376
99_sik,2024-11-06,50,12.863277085125446
99_sik,2024-11-06,65,10.878353230655192
99_sik,2024-11-06,80,10.542893774807451
99_sik,2024-11-07,5,15.872890412807465
99_sik,2024-11-07,10,15.872890412807465
99_sik,2024-11-07,15,15.872890412807465
99_sik,2024-11-07,20,15.872890412807465
99_sik,2024-11-07,30,15.877285078167915
99_sik,2024-11-07,40,14.684133432805538
99_sik,2024-11-07,50,12.997314378619194
99_sik,2024-11-07,65,10.89739678055048
99_sik,2024-11-07,80,10.552415549755096
99_sik,2024-11-08,5,15.60481582581997
99_sik,2024-11-08,10,15.60481582581997
99_sik,2024-11-08,15,15.60481582581997
99_sik,2024-11-08,20,15.60481582581997
99_sik,2024-11-08,30,15.607745602726936
99_sik,2024-11-08,40,15.00347911566496
99_sik,2024-11-08,50,13.16284677386284
99_sik,2024-11-08,65,10.883480340242386
99_sik,2024-11-08,80,10.561204880475998
99_sik,2024-11-09,5,15.409985661506653
99_sik,2024-11-09,10,15.409985661506653
99_sik,2024-11-09,15,15.409985661506653
99_sik,2024-11-09,20,15.409985661506653
99_sik,2024-11-09,30,15.427564322948456
99_sik,2024-11-09,40,14.691457875072956
99_sik,2024-11-09,50,12.75048067420721
99_sik,2024-11-09,65,10.797784365713596
99_sik,2024-11-09,80,10.571459099650385
99_sik,2024-11-10,5,15.324289686977863
99_sik,2024-11-10,10,15.32282479852438
99_sik,2024-11-10,15,15.321359910070896
99_sik,2024-11-10,20,15.320627465844154
99_sik,2024-11-10,30,15.328684352338314
99_sik,2024-11-10,40,14.03006073832512
99_sik,2024-11-10,50,12.18210395425558
99_sik,2024-11-10,65,10.790459923446178
99_sik,2024-11-10,80,10.58684042841196
99_sik,2024-11-11,5,15.234199047088625
99_sik,2024-11-11,10,15.234199047088625
99_sik,2024-11-11,15,15.234199047088625
99_sik,2024-11-11,20,15.234199047088625
99_sik,2024-11-11,30,15.18366039544344
99_sik,2024-11-11,40,13.423596918582916
99_sik,2024-11-11,50,11.827600948512554
99_sik,2024-11-11,65,10.8153630271554
99_sik,2024-11-11,80,10.603686645627022
99_sik,2024-11-12,5,15.063539542257786
99_sik,2024-11-12,10,15.063539542257786
99_sik,2024-11-12,15,15.063539542257786
99_sik,2024-11-12,20,15.063539542257786
99_sik,2024-11-12,30,14.982238233089449
99_sik,2024-11-12,40,13.109378345310688
99_sik,2024-11-12,50,11.730185866355896
99_sik,2024-11-12,65,10.854915015399456
99_sik,2024-11-12,80,10.61101108789444
99_sik,2024-11-13,5,14.761040076613426
99_sik,2024-11-13,10,14.761040076613426
99_sik,2024-11-13,15,14.761040076613426
99_sik,2024-11-13,20,14.761040076613426
99_sik,2024-11-13,30,14.77495651692152
99_sik,2024-11-13,40,12.929197065532207
99_sik,2024-11-13,50,11.676717437803743
99_sik,2024-11-13,65,10.870296344161034
99_sik,2024-11-13,80,10.613940864801409
99_sik,2024-11-14,5,14.577196575701237
99_sik,2024-11-14,10,14.577196575701237
99_sik,2024-11-14,15,14.576464131474497
99_sik,2024-11-14,20,14.576464131474497
99_sik,2024-11-14,30,14.618213452398775
99_sik,2024-11-14,40,12.805413991212845
99_sik,2024-11-14,50,11.65401166677475
99_sik,2024-11-14,65,10.895931892096996
99_sik,2024-11-14,80,10.643238633871078
99_sik,2024-11-15,5,14.429242841899397
99_sik,2024-11-15,10,14.429242841899397
99_sik,2024-11-15,15,14.429242841899397
99_sik,2024-11-15,20,14.429242841899397
99_sik,2024-11-15,30,14.440961949527264
99_sik,2024-11-15,40,12.593005165457726
99_sik,2024-11-15,50,11.618121899664402
99_sik,2024-11-15,65,10.942808322608473
99_sik,2024-11-15,80,10.681325733661652
99_sik,2024-11-16,5,14.30472732335329
99_sik,2024-11-16,10,14.305459767580032
99_sik,2024-11-16,15,14.30472732335329
99_sik,2024-11-16,20,14.306192211806774
99_sik,2024-11-16,30,14.208777129650116
99_sik,2024-11-16,40,12.387188337743282
99_sik,2024-11-16,50,11.611529901623726
99_sik,2024-11-16,65,10.98748742043972
99_sik,2024-11-16,80,10.718680389225485
99_sik,2024-11-17,5,14.13260293006897
99_sik,2024-11-17,10,14.134800262749197
99_sik,2024-11-17,15,14.138462483882904
99_sik,2024-11-17,20,14.143589593470097
99_sik,2024-11-17,30,14.080599389970304
99_sik,2024-11-17,40,12.452375873923302
99_sik,2024-11-17,50,11.69942320883274
99_sik,2024-11-17,65,10.986754976212978
99_sik,2024-11-17,80,10.756035044789314
99_sik,2024-11-18,5,13.721701718866823
99_sik,2024-11-18,10,13.721701718866823
99_sik,2024-11-18,15,13.721701718866823
99_sik,2024-11-18,20,13.721701718866823
99_sik,2024-11-18,30,13.917264327406883
99_sik,2024-11-18,40,12.86474197357893
99_sik,2024-11-18,50,11.990936011075974
99_sik,2024-11-18,65,10.99993897229433
99_sik,2024-11-18,80,10.796319477260113
99_sik,2024-11-19,5,13.432386249303818
99_sik,2024-11-19,10,13.432386249303818
99_sik,2024-11-19,15,13.432386249303818
99_sik,2024-11-19,20,13.432386249303818
99_sik,2024-11-19,30,13.436780914664268
99_sik,2024-11-19,40,13.243415638804436
99_sik,2024-11-19,50,12.301492363214493
99_sik,2024-11-19,65,11.100283831357956
99_sik,2024-11-19,80,10.8241523578763
99_sik,2024-11-20,5,13.348155163228512
99_sik,2024-11-20,10,13.348155163228512
99_sik,2024-11-20,15,13.348155163228512
99_sik,2024-11-20,20,13.349620051681995
99_sik,2024-11-20,30,13.35547960549593
99_sik,2024-11-20,40,13.248542748391628
99_sik,2024-11-20,50,12.27219459414482
99_sik,2024-11-20,65,11.1676687002182
99_sik,2024-11-20,80,10.86077456921339
99_sik,2024-11-21,5,13.226569421589376
99_sik,2024-11-21,10,13.227301865816116
99_sik,2024-11-21,15,13.227301865816116
99_sik,2024-11-21,20,13.226569421589376
99_sik,2024-11-21,30,13.266853854060171
99_sik,2024-11-21,40,13.084475241601467
99_sik,2024-11-21,50,12.097140423953531
99_sik,2024-11-21,65,11.180120252072811
99_sik,2024-11-21,80,10.887875005602837
99_sik,2024-11-22,5,13.096926793456078
99_sik,2024-11-22,10,13.09765923768282
99_sik,2024-11-22,15,13.09765923768282
99_sik,2024-11-22,20,13.09839168190956
99_sik,2024-11-22,30,13.15918455272913
99_sik,2024-11-22,40,13.031739257276058
99_sik,2024-11-22,50,12.080294206738472
99_sik,2024-11-22,65,11.169133588671684
99_sik,2024-11-22,80,10.903988778591156
99_sik,2024-11-23,5,12.941648617386818
99_sik,2024-11-23,10,12.941648617386818
99_sik,2024-11-23,15,12.941648617386818
99_sik,2024-11-23,20,12.941648617386818
99_sik,2024-11-23,30,12.955565057694912
99_sik,2024-11-23,40,13.067629024386406
99_sik,2024-11-23,50,12.171849735081196
99_sik,2024-11-23,65,11.124454490840437
99_sik,2024-11-23,80,10.920102551579475
99_sik,2024-11-24,5,12.757072672247888
99_sik,2024-11-24,10,12.757072672247888
99_sik,2024-11-24,15,12.757072672247888
99_sik,2024-11-24,20,12.757072672247888
99_sik,2024-11-24,30,12.757072672247888
99_sik,2024-11-24,40,13.103518791496754
99_sik,2024-11-24,50,12.376934118568895
99_sik,2024-11-24,65,11.09002961218357
99_sik,2024-11-24,80,10.93841365724802
99_sik,2024-11-25,5,12.650135815143583
99_sik,2024-11-25,10,12.650135815143583
99_sik,2024-11-25,15,12.650135815143583
99_sik,2024-11-25,20,12.650135815143583
99_sik,2024-11-25,30,12.650135815143583
99_sik,2024-11-25,40,13.006836153566836
99_sik,2024-11-25,50,12.563707396388054
99_sik,2024-11-25,65,11.105410940945148
99_sik,2024-11-25,80,10.953062541782856
99_sik,2024-11-26,5,12.598132275044918
99_sik,2024-11-26,10,12.600329607725143
99_sik,2024-11-26,15,12.60325938463211
99_sik,2024-11-26,20,12.603991828858852
99_sik,2024-11-26,30,12.61571093648672
99_sik,2024-11-26,40,12.740226455032824
99_sik,2024-11-26,50,12.424542993307114
99_sik,2024-11-26,65,11.08124028146267
99_sik,2024-11-26,80,10.973570980131626
99_sik,2024-11-27,5,12.5908078327775
99_sik,2024-11-27,10,12.594470053911207
99_sik,2024-11-27,15,12.625232711434364
99_sik,2024-11-27,20,12.63548693060875
99_sik,2024-11-27,30,12.678701139986517
99_sik,2024-11-27,40,12.626697599887848
99_sik,2024-11-27,50,12.319803468883038
99_sik,2024-11-27,65,10.961851872503756
99_sik,2024-11-27,80,11.05267495661974
99_sik,2024-11-28,5,12.591540277004242
99_sik,2024-11-28,10,12.591540277004242
99_sik,2024-11-28,15,12.595934942364693
99_sik,2024-11-28,20,12.629627376794817
99_sik,2024-11-28,30,12.735831789672377
99_sik,2024-11-28,40,12.75048067420721
99_sik,2024-11-28,50,12.512436300516129
99_sik,2024-11-28,65,10.923764772713184
99_sik,2024-11-28,80,11.10174871981144
99_sik,2024-11-29,5,12.61571093648672
99_sik,2024-11-29,10,12.61571093648672
99_sik,2024-11-29,15,12.61571093648672
99_sik,2024-11-29,20,12.61571093648672
99_sik,2024-11-29,30,12.666249588131905
99_sik,2024-11-29,40,12.744621120393276
99_sik,2024-11-29,50,12.765862002968788
99_sik,2024-11-29,65,11.070986062288284
99_sik,2024-11-29,80,11.107608273625374
99_sik,2024-11-30,5,12.568834505975246
99_sik,2024-11-30,10,12.568834505975246
99_sik,2024-11-30,15,12.568834505975246
99_sik,2024-11-30,20,12.568834505975246
99_sik,2024-11-30,30,12.569566950201988
99_sik,2024-11-30,40,12.576158948242664
99_sik,2024-11-30,50,12.66405225545168
99_sik,2024-11-30,65,11.407177962362766
99_sik,2024-11-30,80,11.10174871981144
99_sik,2024-12-01,5,12.475081644952295
99_sik,2024-12-01,10,12.475081644952295
99_sik,2024-12-01,15,12.475081644952295
99_sik,2024-12-01,20,12.475081644952295
99_sik,2024-12-01,30,12.475081644952295
99_sik,2024-12-01,40,12.47581408917904
99_sik,2024-12-01,50,12.478011421859264
99_sik,2024-12-01,65,11.8056276217103
99_sik,2024-12-01,80,11.1185949370265
99_sik,2024-12-02,5,12.352763459086418
99_sik,2024-12-02,10,12.354960791766644
99_sik,2024-12-02,15,12.357158124446867
99_sik,2024-12-02,20,12.35789056867361
99_sik,2024-12-02,30,12.360820345580578
99_sik,2024-12-02,40,12.36228523403406
99_sik,2024-12-02,50,12.36960967630148
99_sik,2024-12-02,65,11.966765351593494
99_sik,2024-12-02,80,11.161809146404266
99_sik,2024-12-03,5,12.272927038371565
99_sik,2024-12-03,10,12.272927038371565
99_sik,2024-12-03,15,12.273659482598305
99_sik,2024-12-03,20,12.273659482598305
99_sik,2024-12-03,30,12.27585681527853
99_sik,2024-12-03,40,12.290505699813366
99_sik,2024-12-03,50,12.31321147084236
99_sik,2024-12-03,65,11.991668455302715
99_sik,2024-12-03,80,11.19623402506113
99_sik,2024-12-04,5,12.196752838790417
99_sik,2024-12-04,10,12.196752838790417
99_sik,2024-12-04,15,12.196752838790417
99_sik,2024-12-04,20,12.196752838790417
99_sik,2024-12-04,30,12.196752838790417
99_sik,2024-12-04,40,12.200415059924126
99_sik,2024-12-04,50,12.257545709609984
99_sik,2024-12-04,65,11.959440909326077
99_sik,2024-12-04,80,11.22406690567732
99_sik,2024-12-05,5,12.122043527662754
99_sik,2024-12-05,10,12.122775971889496
99_sik,2024-12-05,15,12.122775971889496
99_sik,2024-12-05,20,12.122775971889496
99_sik,2024-12-05,30,12.122775971889496
99_sik,2024-12-05,40,12.122775971889496
99_sik,2024-12-05,50,12.130100414156914
99_sik,2024-12-05,65,11.955778688192368
99_sik,2024-12-05,80,11.254829563200474
99_sik,2024-12-06,5,12.02682577818632
99_sik,2024-12-06,10,12.02682577818632
99_sik,2024-12-06,15,12.02682577818632
99_sik,2024-12-06,20,12.02682577818632
99_sik,2024-12-06,30,12.027558222413065
99_sik,2024-12-06,40,12.027558222413065
99_sik,2024-12-06,50,12.03048799932003
99_sik,2024-12-06,65,11.93234047293663
99_sik,2024-12-06,80,11.259224228560925
99_sik,2024-12-07,5,11.918424032628536
99_sik,2024-12-07,10,11.919156476855278
99_sik,2024-12-07,15,11.919156476855278
99_sik,2024-12-07,20,11.919156476855278
99_sik,2024-12-07,30,11.919156476855278
99_sik,2024-12-07,40,11.919156476855278
99_sik,2024-12-07,50,11.922086253762243
99_sik,2024-12-07,65,11.94039735943079
99_sik,2024-12-07,80,11.267281115055084
99_sik,2024-12-08,5,11.8056276217103
99_sik,2024-12-08,10,11.8056276217103
99_sik,2024-12-08,15,11.8056276217103
99_sik,2024-12-08,20,11.8056276217103
99_sik,2024-12-08,30,11.8056276217103
99_sik,2024-12-08,40,11.8056276217103
99_sik,2024-12-08,50,11.808557398617268
99_sik,2024-12-08,65,11.84664449840784
99_sik,2024-12-08,80,11.229194015264513
99_sik,2024-12-09,5,11.660603664815426
99_sik,2024-12-09,10,11.660603664815426
99_sik,2024-12-09,15,11.660603664815426
99_sik,2024-12-09,20,11.660603664815426
99_sik,2024-12-09,30,11.660603664815426
99_sik,2024-12-09,40,11.660603664815426
99_sik,2024-12-09,50,11.662800997495651
99_sik,2024-12-09,65,11.662800997495651
99_sik,2024-12-09,80,11.194769136607649
99_sik,2024-12-10,5,11.529496148228644
99_sik,2024-12-10,10,11.529496148228644
99_sik,2024-12-10,15,11.529496148228644
99_sik,2024-12-10,20,11.529496148228644
99_sik,2024-12-10,30,11.529496148228644
99_sik,2024-12-10,40,11.530228592455387
99_sik,2024-12-10,50,11.53169348090887
99_sik,2024-12-10,65,11.53169348090887
99_sik,2024-12-10,80,11.16693625599146
99_sik,2024-12-11,5,11.410107739269732
99_sik,2024-12-11,10,11.410107739269732
99_sik,2024-12-11,15,11.410107739269732
99_sik,2024-12-11,20,11.410107739269732
99_sik,2024-12-11,30,11.410107739269732
99_sik,2024-12-11,40,11.410107739269732
99_sik,2024-12-11,50,11.41230507194996
99_sik,2024-12-11,65,11.41230507194996
99_sik,2024-12-11,80,11.144230484962463
99_sik,2024-12-12,5,11.282662443816662
99_sik,2024-12-12,10,11.282662443816662
99_sik,2024-12-12,15,11.282662443816662
99_sik,2024-12-12,20,11.282662443816662
99_sik,2024-12-12,30,11.283394888043404
99_sik,2024-12-12,40,11.283394888043404
99_sik,2024-12-12,50,11.284859776496887
99_sik,2024-12-12,65,11.284859776496887
99_sik,2024-12-12,80,11.13470871001482
99_sik,2024-12-13,5,11.157414481043816
99_sik,2024-12-13,10,11.157414481043816
99_sik,2024-12-13,15,11.157414481043816
99_sik,2024-12-13,20,11.157414481043816
99_sik,2024-12-13,30,11.157414481043816
99_sik,2024-12-13,40,11.157414481043816
99_sik,2024-12-13,50,11.15961181372404
99_sik,2024-12-13,65,11.15961181372404
99_sik,2024-12-13,80,11.109073162078856
99_sik,2024-12-14,5,10.999206528067589
99_sik,2024-12-14,10,10.999206528067589
99_sik,2024-12-14,15,10.999206528067589
99_sik,2024-12-14,20,10.999206528067589
99_sik,2024-12-14,30,10.999206528067589
99_sik,2024-12-14,40,10.999206528067589
99_sik,2024-12-14,50,11.000671416521072
99_sik,2024-12-14,65,11.000671416521072
99_sik,2024-12-14,80,11.073915839195251
99_sik,2024-12-15,5,10.873226121068
99_sik,2024-12-15,10,10.873226121068
99_sik,2024-12-15,15,10.873226121068
99_sik,2024-12-15,20,10.873226121068
99_sik,2024-12-15,30,10.873958565294744
99_sik,2024-12-15,40,10.873958565294744
99_sik,2024-12-15,50,10.874691009521484
99_sik,2024-12-15,65,10.874691009521484
99_sik,2024-12-15,80,11.059999398887156
99_sik,2024-12-16,5,10.791924811899662
99_sik,2024-12-16,10,10.791924811899662
99_sik,2024-12-16,15,10.791924811899662
99_sik,2024-12-16,20,10.791924811899662
99_sik,2024-12-16,30,10.792657256126404
99_sik,2024-12-16,40,10.792657256126404
99_sik,2024-12-16,50,10.794122144579887
99_sik,2024-12-16,65,10.794122144579887
99_sik,2024-12-16,80,10.96697898209095
99_sik,2024-12-17,5,10.7750785946846
99_sik,2024-12-17,10,10.7750785946846
99_sik,2024-12-17,15,10.7750785946846
99_sik,2024-12-17,20,10.7750785946846
99_sik,2024-12-17,30,10.7750785946846
99_sik,2024-12-17,40,10.7750785946846
99_sik,2024-12-17,50,10.777275927364826
99_sik,2024-12-17,65,10.777275927364826
99_sik,2024-12-17,80,10.835139021277428
99_sik,2024-12-18,5,10.74578082561493
99_sik,2024-12-18,10,10.74578082561493
99_sik,2024-12-18,15,10.74578082561493
99_sik,2024-12-18,20,10.74578082561493
99_sik,2024-12-18,30,10.74578082561493
99_sik,2024-12-18,40,10.74578082561493
99_sik,2024-12-18,50,10.748710602521896
99_sik,2024-12-18,65,10.748710602521896
99_sik,2024-12-18,80,10.79119236767292
99_sik,2024-12-19,5,10.706228837370872
99_sik,2024-12-19,10,10.706228837370872
99_sik,2024-12-19,15,10.706228837370872
99_sik,2024-12-19,20,10.706228837370872
99_sik,2024-12-19,30,10.706961281597614
99_sik,2024-12-19,40,10.706961281597614
99_sik,2024-12-19,50,10.70915861427784
99_sik,2024-12-19,65,10.70989105850458
99_sik,2024-12-19,80,10.755302600562572
99_sik,2024-12-20,5,10.703299060463904
99_sik,2024-12-20,10,10.703299060463904
99_sik,2024-12-20,15,10.703299060463904
99_sik,2024-12-20,20,10.703299060463904
99_sik,2024-12-20,30,10.703299060463904
99_sik,2024-12-20,40,10.703299060463904
99_sik,2024-12-20,50,10.706228837370872
99_sik,2024-12-20,65,10.706228837370872
99_sik,2024-12-20,80,10.747245714068413
99_sik,2024-12-21,5,10.718680389225485
99_sik,2024-12-21,10,10.718680389225485
99_sik,2024-12-21,15,10.718680389225485
99_sik,2024-12-21,20,10.718680389225485
99_sik,2024-12-21,30,10.718680389225485
99_sik,2024-12-21,40,10.718680389225485
99_sik,2024-12-21,50,10.723807498812675
99_sik,2024-12-21,65,10.735526606440544
99_sik,2024-12-21,80,10.77434615045786
99_sik,2024-12-22,5,10.658619962632656
99_sik,2024-12-22,10,10.658619962632656
99_sik,2024-12-22,15,10.658619962632656
99_sik,2024-12-22,20,10.658619962632656
99_sik,2024-12-22,30,10.659352406859398
99_sik,2024-12-22,40,10.659352406859398
99_sik,2024-12-22,50,10.661549739539623
99_sik,2024-12-22,65,10.66447951644659
99_sik,2024-12-22,80,10.72966705262661
99_sik,2024-12-23,5,10.65642262995243
99_sik,2024-12-23,10,10.65642262995243
99_sik,2024-12-23,15,10.65642262995243
99_sik,2024-12-23,20,10.65642262995243
99_sik,2024-12-23,30,10.657155074179173
99_sik,2024-12-23,40,10.657155074179173
99_sik,2024-12-23,50,10.659352406859398
99_sik,2024-12-23,65,10.659352406859398
99_sik,2024-12-23,80,10.707693725824356
99_sik,2024-12-24,5,10.771416373550892
99_sik,2024-12-24,10,10.771416373550892
99_sik,2024-12-24,15,10.771416373550892
99_sik,2024-12-24,20,10.771416373550892
99_sik,2024-12-24,30,10.771416373550892
99_sik,2024-12-24,40,10.771416373550892
99_sik,2024-12-24,50,10.77434615045786
99_sik,2024-12-24,65,10.77434615045786
99_sik,2024-12-24,80,10.751640379428864
99_sik,2024-12-25,5,10.849055461585522
99_sik,2024-12-25,10,10.849787905812263
99_sik,2024-12-25,15,10.851252794265749
99_sik,2024-12-25,20,10.851985238492489
99_sik,2024-12-25,30,10.85637990385294
99_sik,2024-12-25,40,10.86077456921339
99_sik,2024-12-25,50,10.8644367903471
99_sik,2024-12-25,65,10.871028788387775
99_sik,2024-12-25,80,10.810968361794949
99_sik,2024-12-26,5,10.819025248289108
99_sik,2024-12-26,10,10.819025248289108
99_sik,2024-12-26,15,10.819025248289108
99_sik,2024-12-26,20,10.819025248289108
99_sik,2024-12-26,30,10.819025248289108
99_sik,2024-12-26,40,10.825617246329784
99_sik,2024-12-26,50,10.839533686637878
99_sik,2024-12-26,65,10.86883145570755
99_sik,2024-12-26,80,10.81975769251585
99_sik,2024-12-27,5,10.8241523578763
99_sik,2024-12-27,10,10.8241523578763
99_sik,2024-12-27,15,10.8241523578763
99_sik,2024-12-27,20,10.8241523578763
99_sik,2024-12-27,30,10.8241523578763
99_sik,2024-12-27,40,10.8241523578763
99_sik,2024-12-27,50,10.829279467463492
99_sik,2024-12-27,65,10.829279467463492
99_sik,2024-12-27,80,10.77434615045786
99_sik,2024-12-28,5,10.79119236767292
99_sik,2024-12-28,10,10.79119236767292
99_sik,2024-12-28,15,10.79119236767292
99_sik,2024-12-28,20,10.79119236767292
99_sik,2024-12-28,30,10.79119236767292
99_sik,2024-12-28,40,10.79119236767292
99_sik,2024-12-28,50,10.796319477260113
99_sik,2024-12-28,65,10.796319477260113
99_sik,2024-12-28,80,10.744315937161446
99_sik,2024-12-29,5,10.675466179847716
99_sik,2024-12-29,10,10.675466179847716
99_sik,2024-12-29,15,10.675466179847716
99_sik,2024-12-29,20,10.675466179847716
99_sik,2024-12-29,30,10.675466179847716
99_sik,2024-12-29,40,10.675466179847716
99_sik,2024-12-29,50,10.679860845208168
99_sik,2024-12-29,65,10.679860845208168
99_sik,2024-12-29,80,10.641773745417597
99_sik,2024-12-30,5,10.57805109769106
99_sik,2024-12-30,10,10.57805109769106
99_sik,2024-12-30,15,10.57805109769106
99_sik,2024-12-30,20,10.57805109769106
99_sik,2024-12-30,30,10.57805109769106
99_sik,2024-12-30,40,10.5787835419178
99_sik,2024-12-30,50,10.58244576305151
99_sik,2024-12-30,65,10.60295420140028
99_sik,2024-12-30,80,10.577318653464316
99_sik,2024-12-31,5,10.412518702447414
99_sik,2024-12-31,10,10.412518702447414
99_sik,2024-12-31,15,10.412518702447414
99_sik,2024-12-31,20,10.412518702447414
99_sik,2024-12-31,30,10.412518702447414
99_sik,2024-12-31,40,10.418378256261349
99_sik,2024-12-31,50,10.4227729216218
99_sik,2024-12-31,65,10.490157790482044
99_sik,2024-12-31,80,10.49235512316227
99_sik,2025-01-01,5,10.10415968298912
99_sik,2025-01-01,10,10.10415968298912
99_sik,2025-01-01,15,10.10415968298912
99_sik,2025-01-01,20,10.10415968298912
99_sik,2025-01-01,30,10.10415968298912
99_sik,2025-01-01,40,10.10415968298912
99_sik,2025-01-01,50,10.10415968298912
99_sik,2025-01-01,65,10.127597898244858
99_sik,2025-01-01,80,10.17374188452959
99_sik,2025-01-02,5,9.822168655693533
99_sik,2025-01-02,10,9.822168655693533
99_sik,2025-01-02,15,9.822168655693533
99_sik,2025-01-02,20,9.822168655693533
99_sik,2025-01-02,30,9.822168655693533
99_sik,2025-01-02,40,9.822901099920273
99_sik,2025-01-02,50,9.824365988373756
99_sik,2025-01-02,65,9.890285968780518
99_sik,2025-01-02,80,9.939359731972218
99_sik,2025-01-03,5,9.631000712513924
99_sik,2025-01-03,10,9.631000712513924
99_sik,2025-01-03,15,9.631000712513924
99_sik,2025-01-03,20,9.631000712513924
99_sik,2025-01-03,30,9.631733156740664
99_sik,2025-01-03,40,9.632465600967407
99_sik,2025-01-03,50,9.636127822101116
99_sik,2025-01-03,65,9.692526027560234
99_sik,2025-01-03,80,9.74379712343216
99_sik,2025-01-04,5,9.436902992427347
99_sik,2025-01-04,10,9.436902992427347
99_sik,2025-01-04,15,9.436902992427347
99_sik,2025-01-04,20,9.436902992427347
99_sik,2025-01-04,30,9.436902992427347
99_sik,2025-01-04,40,9.43763543665409
99_sik,2025-01-04,50,9.439100325107574
99_sik,2025-01-04,65,9.513809636235235
99_sik,2025-01-04,80,9.540910072624683
99_sik,2025-01-05,5,9.186407066881657
99_sik,2025-01-05,10,9.187139511108398
99_sik,2025-01-05,15,9.18787195533514
99_sik,2025-01-05,20,9.18787195533514
99_sik,2025-01-05,30,9.190069288015366
99_sik,2025-01-05,40,9.214972391724586
99_sik,2025-01-05,50,9.243537716567516
99_sik,2025-01-05,65,9.381237231194971
99_sik,2025-01-05,80,9.431043438613417
99_sik,2025-01-06,5,8.97106846421957
99_sik,2025-01-06,10,8.97106846421957
99_sik,2025-01-06,15,8.973265796899796
99_sik,2025-01-06,20,8.978392906486988
99_sik,2025-01-06,30,9.011352896690369
99_sik,2025-01-06,40,9.064088881015778
99_sik,2025-01-06,50,9.112430199980736
99_sik,2025-01-06,65,9.329966135323048
99_sik,2025-01-06,80,9.390026561915874
99_sik,2025-01-07,5,8.698599211871624
99_sik,2025-01-07,10,8.698599211871624
99_sik,2025-01-07,15,8.699331656098366
99_sik,2025-01-07,20,8.701528988778591
99_sik,2025-01-07,30,8.75865963846445
99_sik,2025-01-07,40,8.943968027830124
99_sik,2025-01-07,50,9.051637329161167
99_sik,2025-01-07,65,9.30652792006731
99_sik,2025-01-07,80,9.313119918107986
99_sik,2025-01-08,5,8.390972636640072
99_sik,2025-01-08,10,8.390972636640072
99_sik,2025-01-08,15,8.391705080866814
99_sik,2025-01-08,20,8.391705080866814
99_sik,2025-01-08,30,8.393902413547039
99_sik,2025-01-08,40,8.63121434301138
99_sik,2025-01-08,50,8.941038250923157
99_sik,2025-01-08,65,9.22815638780594
99_sik,2025-01-08,80,9.17542040348053
99_sik,2025-01-09,5,8.043061628937721
99_sik,2025-01-09,10,8.043061628937721
99_sik,2025-01-09,15,8.043061628937721
99_sik,2025-01-09,20,8.043061628937721
99_sik,2025-01-09,30,8.045258961617947
99_sik,2025-01-09,40,8.259865120053291
99_sik,2025-01-09,50,8.67223121970892
99_sik,2025-01-09,65,9.11389508843422
99_sik,2025-01-09,80,9.052369773387907
99_sik,2025-01-10,5,7.720053724944591
99_sik,2025-01-10,10,7.721518613398075
99_sik,2025-01-10,15,7.734702609479427
99_sik,2025-01-10,20,7.764732822775841
99_sik,2025-01-10,30,7.950773656368256
99_sik,2025-01-10,40,8.393169969320297
99_sik,2025-01-10,50,8.708120986819267
99_sik,2025-01-10,65,8.951292470097542
99_sik,2025-01-10,80,8.896359153091908
99_sik,2025-01-11,5,7.432203143835068
99_sik,2025-01-11,10,7.432203143835068
99_sik,2025-01-11,15,7.434400476515293
99_sik,2025-01-11,20,7.473220020532608
99_sik,2025-01-11,30,7.959562987089157
99_sik,2025-01-11,40,8.42686240375042
99_sik,2025-01-11,50,8.590197466313839
99_sik,2025-01-11,65,8.837763614952564
99_sik,2025-01-11,80,8.772576078772545
99_sik,2025-01-12,5,7.532548002898693
99_sik,2025-01-12,10,7.534012891352177
99_sik,2025-01-12,15,7.547929331660271
99_sik,2025-01-12,20,7.56404310464859
99_sik,2025-01-12,30,7.788171038031578
99_sik,2025-01-12,40,8.27964111417532
99_sik,2025-01-12,50,8.411481074988842
99_sik,2025-01-12,65,8.739616088569164
99_sik,2025-01-12,80,8.612170793116093
99_sik,2025-01-13,5,7.62117375433445
99_sik,2025-01-13,10,7.62117375433445
99_sik,2025-01-13,15,7.623371087014675
99_sik,2025-01-13,20,7.6255684196949
99_sik,2025-01-13,30,7.683431513607502
99_sik,2025-01-13,40,8.08334606140852
99_sik,2025-01-13,50,8.26718956232071
99_sik,2025-01-13,65,8.577013470232487
99_sik,2025-01-13,80,8.416608184576035
99_sik,2025-01-14,5,7.211737431585789
99_sik,2025-01-14,10,7.21246987581253
99_sik,2025-01-14,15,7.216864541172981
99_sik,2025-01-14,20,7.221991650760174
99_sik,2025-01-14,30,7.408032484352589
99_sik,2025-01-14,40,8.004242084920406
99_sik,2025-01-14,50,8.154393151402473
99_sik,2025-01-14,65,8.492049939930439
99_sik,2025-01-14,80,8.324320212006569
99_sik,2025-01-15,5,6.465376764535904
99_sik,2025-01-15,10,6.465376764535904
99_sik,2025-01-15,15,6.465376764535904
99_sik,2025-01-15,20,6.468306541442871
99_sik,2025-01-15,30,6.950254842638969
99_sik,2025-01-15,40,7.939054548740387
99_sik,2025-01-15,50,8.08334606140852
99_sik,2025-01-15,65,8.44370862096548
99_sik,2025-01-15,80,8.25913267582655
99_sik,2025-01-16,5,5.77248452603817
99_sik,2025-01-16,10,5.783471189439297
99_sik,2025-01-16,15,5.979766242206097
99_sik,2025-01-16,20,6.188512846827507
99_sik,2025-01-16,30,7.06891080737114
99_sik,2025-01-16,40,7.776451930403709
99_sik,2025-01-16,50,7.974211871623993
99_sik,2025-01-16,65,8.334574431180954
99_sik,2025-01-16,80,8.187353141605854
99_sik,2025-01-17,5,5.088381618261337
99_sik,2025-01-17,10,5.088381618261337
99_sik,2025-01-17,15,5.288338892161846
99_sik,2025-01-17,20,5.714621432125568
99_sik,2025-01-17,30,7.054261922836304
99_sik,2025-01-17,40,7.736899942159653
99_sik,2025-01-17,50,7.936857216060162
99_sik,2025-01-17,65,8.284768223762512
99_sik,2025-01-17,80,8.135349601507187
99_sik,2025-01-18,5,4.457014694809914
99_sik,2025-01-18,10,4.462141804397106
99_sik,2025-01-18,15,5.162358485162258
99_sik,2025-01-18,20,5.706564545631409
99_sik,2025-01-18,30,7.183172106742859
99_sik,2025-01-18,40,7.658528409898281
99_sik,2025-01-18,50,7.876796789467335
99_sik,2025-01-18,65,8.223242908716202
99_sik,2025-01-18,80,8.070162065327168
99_sik,2025-01-19,5,4.343485839664936
99_sik,2025-01-19,10,4.405743598937988
99_sik,2025-01-19,15,4.990234091877937
99_sik,2025-01-19,20,5.323496215045452
99_sik,2025-01-19,30,6.7715384513139725
99_sik,2025-01-19,40,7.456373803317547
99_sik,2025-01-19,50,7.704672396183014
99_sik,2025-01-19,65,8.14853359758854
99_sik,2025-01-19,80,7.966154985129833
99_sik,2025-01-20,5,3.868129536509514
99_sik,2025-01-20,10,4.221167653799057
99_sik,2025-01-20,15,4.669423520565033
99_sik,2025-01-20,20,4.8459425792098045
99_sik,2025-01-20,30,6.173863962292671
99_sik,2025-01-20,40,7.132633455097675
99_sik,2025-01-20,50,7.433668032288551
99_sik,2025-01-20,65,7.999847419559956
99_sik,2025-01-20,80,7.820398584008217
99_sik,2025-01-21,5,3.496780313551426
99_sik,2025-01-21,10,3.953825511038304
99_sik,2025-01-21,15,4.416730262339115
99_sik,2025-01-21,20,4.518540009856224
99_sik,2025-01-21,30,5.450941510498524
99_sik,2025-01-21,40,6.920957073569298
99_sik,2025-01-21,50,7.274727635085583
99_sik,2025-01-21,65,7.840907022356987
99_sik,2025-01-21,80,7.659993298351765
99_sik,2025-01-22,5,4.1039765775203705
99_sik,2025-01-22,10,4.319315180182457
99_sik,2025-01-22,15,4.530259117484093
99_sik,2025-01-22,20,4.589587099850178
99_sik,2025-01-22,30,5.041505187749863
99_sik,2025-01-22,40,6.62724693864584
99_sik,2025-01-22,50,7.074037916958332
99_sik,2025-01-22,65,7.750816382467747
99_sik,2025-01-22,80,7.525956004858017
99_sik,2025-01-23,5,3.826380215585232
99_sik,2025-01-23,10,4.28782007843256
99_sik,2025-01-23,15,4.756584383547306
99_sik,2025-01-23,20,4.900143451988697
99_sik,2025-01-23,30,5.075930066406727
99_sik,2025-01-23,40,6.581835396587849
99_sik,2025-01-23,50,7.071108140051365
99_sik,2025-01-23,65,7.696615509688854
99_sik,2025-01-23,80,7.429273366928101
99_sik,2025-01-24,5,4.137669011950493
99_sik,2025-01-24,10,4.656239524483681
99_sik,2025-01-24,15,4.996093645691872
99_sik,2025-01-24,20,5.10596027970314
99_sik,2025-01-24,30,5.260506011545658
99_sik,2025-01-24,40,6.387005232274532
99_sik,2025-01-24,50,6.93414106965065
99_sik,2025-01-24,65,7.638019971549511
99_sik,2025-01-24,80,7.397778265178204
99_sik,2025-01-25,5,4.4189275950193405
99_sik,2025-01-25,10,5.017334528267384
99_sik,2025-01-25,15,5.436292625963688
99_sik,2025-01-25,20,5.579119250178337
99_sik,2025-01-25,30,5.71535387635231
99_sik,2025-01-25,40,6.487350091338158
99_sik,2025-01-25,50,6.892391748726368
99_sik,2025-01-25,65,7.547929331660271
99_sik,2025-01-25,80,7.368480496108532
99_sik,2025-01-26,5,4.509750679135323
99_sik,2025-01-26,10,5.029786080121994
99_sik,2025-01-26,15,5.785668522119522
99_sik,2025-01-26,20,5.985625796020031
99_sik,2025-01-26,30,6.266151934862137
99_sik,2025-01-26,40,6.733451351523399
99_sik,2025-01-26,50,6.953184619545937
99_sik,2025-01-26,65,7.451979137957096
99_sik,2025-01-26,80,7.343577392399311
99_sik,2025-01-27,5,4.678945295512676
99_sik,2025-01-27,10,5.095706060528755
99_sik,2025-01-27,15,5.857448056340218
99_sik,2025-01-27,20,6.065462216734886
99_sik,2025-01-27,30,6.504928752779961
99_sik,2025-01-27,40,6.965636171400547
99_sik,2025-01-27,50,7.112125016748905
99_sik,2025-01-27,65,7.514236897230148
99_sik,2025-01-27,80,7.325998730957508
99_sik,2025-01-28,5,4.607165761291981
99_sik,2025-01-28,10,4.964598543941975
99_sik,2025-01-28,15,5.673604555428028
99_sik,2025-01-28,20,5.861110277473927
99_sik,2025-01-28,30,6.330607026815414
99_sik,2025-01-28,40,6.996398828923702
99_sik,2025-01-28,50,7.161198779940605
99_sik,2025-01-28,65,7.467360466718674
99_sik,2025-01-28,80,7.36774805188179
99_sik,2025-01-29,5,3.905484192073345
99_sik,2025-01-29,10,4.19772943854332
99_sik,2025-01-29,15,5.225348688662052
99_sik,2025-01-29,20,5.53956726193428
99_sik,2025-01-29,30,6.26322215795517
99_sik,2025-01-29,40,6.895321525633335
99_sik,2025-01-29,50,7.041810370981693
99_sik,2025-01-29,65,7.367015607655048
99_sik,2025-01-29,80,7.366283163428307
99_sik,2025-01-30,5,3.3371074721217155
99_sik,2025-01-30,10,3.4521012157201767
99_sik,2025-01-30,15,4.61522264778614
99_sik,2025-01-30,20,5.153569154441357
99_sik,2025-01-30,30,6.272011488676071
99_sik,2025-01-30,40,6.694631807506084
99_sik,2025-01-30,50,6.895321525633335
99_sik,2025-01-30,65,7.259346306324005
99_sik,2025-01-30,80,7.350169390439987
99_sik,2025-01-31,5,3.531937636435032
99_sik,2025-01-31,10,3.5993225052952766
99_sik,2025-01-31,15,4.415997818112373
99_sik,2025-01-31,20,4.890621677041054
99_sik,2025-01-31,30,6.020783118903637
99_sik,2025-01-31,40,6.427289664745331
99_sik,2025-01-31,50,6.556932292878628
99_sik,2025-01-31,65,7.129703678190708
99_sik,2025-01-31,80,7.330393396317959
99_sik,2025-02-01,5,3.745078906416893
99_sik,2025-02-01,10,3.868129536509514
99_sik,2025-02-01,15,4.616687536239624
99_sik,2025-02-01,20,4.937498107552528
99_sik,2025-02-01,30,5.687520995736122
99_sik,2025-02-01,40,6.067659549415112
99_sik,2025-02-01,50,6.086703099310398
99_sik,2025-02-01,65,6.994933940470219
99_sik,2025-02-01,80,7.284249410033226
99_sik,2025-02-02,5,3.6374096050858498
99_sik,2025-02-02,10,3.942838847637177
99_sik,2025-02-02,15,4.647450193762779
99_sik,2025-02-02,20,4.829828806221485
99_sik,2025-02-02,30,5.439954847097397
99_sik,2025-02-02,40,5.851588502526283
99_sik,2025-02-02,50,5.980498686432838
99_sik,2025-02-02,65,6.833796210587025
99_sik,2025-02-02,80,7.232978314161301
99_sik,2025-02-03,5,3.699667364358902
99_sik,2025-02-03,10,3.8000122234225273
99_sik,2025-02-03,15,4.05050814896822
99_sik,2025-02-03,20,4.161839671432972
99_sik,2025-02-03,30,5.140385158360004
99_sik,2025-02-03,40,5.687520995736122
99_sik,2025-02-03,50,5.957792915403843
99_sik,2025-02-03,65,6.850642427802086
99_sik,2025-02-03,80,7.156804114580154
99_sik,2025-02-04,5,3.8732566460967055
99_sik,2025-02-04,10,3.8732566460967055
99_sik,2025-02-04,15,3.873989090323448
99_sik,2025-02-04,20,3.875453978776932
99_sik,2025-02-04,30,4.276833415031433
99_sik,2025-02-04,40,5.304452665150166
99_sik,2025-02-04,50,5.825220510363579
99_sik,2025-02-04,65,6.90557574480772
99_sik,2025-02-04,80,7.096011243760586
99_sik,2025-02-05,5,3.806604221463203
99_sik,2025-02-05,10,3.806604221463203
99_sik,2025-02-05,15,3.806604221463203
99_sik,2025-02-05,20,3.806604221463203
99_sik,2025-02-05,30,3.867397092282772
99_sik,2025-02-05,40,4.813715033233166
99_sik,2025-02-05,50,5.386486418545246
99_sik,2025-02-05,65,6.740043349564076
99_sik,2025-02-05,80,7.076967693865299
99_sik,2025-02-06,5,3.865932203829289
99_sik,2025-02-06,10,3.865932203829289
99_sik,2025-02-06,15,3.865932203829289
99_sik,2025-02-06,20,3.8666646480560303
99_sik,2025-02-06,30,4.01388593763113
99_sik,2025-02-06,40,4.611560426652432
99_sik,2025-02-06,50,4.896481230854988
99_sik,2025-02-06,65,6.49247720092535
99_sik,2025-02-06,80,7.068178363144398
99_sik,2025-02-07,5,3.917935743927956
99_sik,2025-02-07,10,3.917935743927956
99_sik,2025-02-07,15,3.917935743927956
99_sik,2025-02-07,20,3.917935743927956
99_sik,2025-02-07,30,4.227027207612991
99_sik,2025-02-07,40,4.604235984385014
99_sik,2025-02-07,50,4.610095538198948
99_sik,2025-02-07,65,6.411175891757011
99_sik,2025-02-07,80,7.049867257475853
99_sik,2025-02-08,5,3.945036180317402
99_sik,2025-02-08,10,3.942838847637177
99_sik,2025-02-08,15,3.940641514956951
99_sik,2025-02-08,20,3.9435712918639183
99_sik,2025-02-08,30,4.249732978641987
99_sik,2025-02-08,40,4.460676915943623
99_sik,2025-02-08,50,4.475325800478458
99_sik,2025-02-08,65,6.391399897634983
99_sik,2025-02-08,80,7.019104599952698
99_sik,2025-02-09,5,3.930387295782566
99_sik,2025-02-09,10,3.930387295782566
99_sik,2025-02-09,15,3.931119740009308
99_sik,2025-02-09,20,3.9318521842360497
99_sik,2025-02-09,30,4.090792581439018
99_sik,2025-02-09,40,4.34495072811842
99_sik,2025-02-09,50,4.374248497188091
99_sik,2025-02-09,65,6.416303001344204
99_sik,2025-02-09,80,7.11798457056284
99_sik,2025-02-10,5,3.8549455404281616
99_sik,2025-02-10,10,3.8549455404281616
99_sik,2025-02-10,15,3.8549455404281616
99_sik,2025-02-10,20,3.8549455404281616
99_sik,2025-02-10,30,3.991912610828877
99_sik,2025-02-10,40,4.297341853380203
99_sik,2025-02-10,50,4.428449369966984
99_sik,2025-02-10,65,6.787652224302292
99_sik,2025-02-10,80,7.328196063637733
99_sik,2025-02-11,5,3.745078906416893
99_sik,2025-02-11,10,3.745078906416893
99_sik,2025-02-11,15,3.745078906416893
99_sik,2025-02-11,20,3.745078906416893
99_sik,2025-02-11,30,3.942838847637177
99_sik,2025-02-11,40,4.295144520699978
99_sik,2025-02-11,50,4.670155964791775
99_sik,2025-02-11,65,7.632892861962318
99_sik,2025-02-11,80,7.495193347334862
99_sik,2025-02-12,5,3.6667073741555214
99_sik,2025-02-12,10,3.6740318164229393
99_sik,2025-02-12,15,3.682821147143841
99_sik,2025-02-12,20,3.6982024759054175
99_sik,2025-02-12,30,4.025605045258999
99_sik,2025-02-12,40,4.49656668305397
99_sik,2025-02-12,50,5.103030502796173
99_sik,2025-02-12,65,8.399029523134232
99_sik,2025-02-12,80,7.624835975468159
99_sik,2025-02-13,5,3.653523378074169
99_sik,2025-02-13,10,3.653523378074169
99_sik,2025-02-13,15,3.656453154981136
99_sik,2025-02-13,20,3.664510041475296
99_sik,2025-02-13,30,3.96041750907898
99_sik,2025-02-13,40,4.446028031408787
99_sik,2025-02-13,50,5.12207405269146
99_sik,2025-02-13,65,8.621692568063736
99_sik,2025-02-13,80,7.75228127092123
99_sik,2025-02-14,5,3.5817438438534737
99_sik,2025-02-14,10,3.5817438438534737
99_sik,2025-02-14,15,3.5817438438534737
99_sik,2025-02-14,20,3.5817438438534737
99_sik,2025-02-14,30,3.782433561980724
99_sik,2025-02-14,40,4.1947996616363525
99_sik,2025-02-14,50,4.919187001883984
99_sik,2025-02-14,65,8.748405419290066
99_sik,2025-02-14,80,7.876796789467335
99_sik,2025-02-15,5,3.4308603331446648
99_sik,2025-02-15,10,3.4315927773714066
99_sik,2025-02-15,15,3.43305766582489
99_sik,2025-02-15,20,3.433790110051632
99_sik,2025-02-15,30,3.5780816227197647
99_sik,2025-02-15,40,3.886440642178058
99_sik,2025-02-15,50,4.682607516646385
99_sik,2025-02-15,65,8.891964487731457
99_sik,2025-02-15,80,8.002777196466923
99_sik,2025-02-16,5,3.397900342941284
99_sik,2025-02-16,10,3.405957229435444
99_sik,2025-02-16,15,3.4081545621156693
99_sik,2025-02-16,20,3.416211448609829
99_sik,2025-02-16,30,3.4601581022143364
99_sik,2025-02-16,40,3.7809686735272408
99_sik,2025-02-16,50,4.718497283756733
99_sik,2025-02-16,65,8.993774235248566
99_sik,2025-02-16,80,8.17343670129776
99_sik,2025-02-17,5,3.427198112010956
99_sik,2025-02-17,10,3.4308603331446648
99_sik,2025-02-17,15,3.44111455231905
99_sik,2025-02-17,20,3.446974106132984
99_sik,2025-02-17,30,3.4835963174700737
99_sik,2025-02-17,40,3.8732566460967055
99_sik,2025-02-17,50,4.907467894256115
99_sik,2025-02-17,65,9.034791111946106
99_sik,2025-02-17,80,8.235694460570812
99_sik,2025-02-18,5,3.4345225542783737
99_sik,2025-02-18,10,3.4345225542783737
99_sik,2025-02-18,15,3.4345225542783737
99_sik,2025-02-18,20,3.4352549985051155
99_sik,2025-02-18,30,3.5429242998361588
99_sik,2025-02-18,40,4.1325419023633
99_sik,2025-02-18,50,5.248054459691048
99_sik,2025-02-18,65,8.923459589481354
99_sik,2025-02-18,80,8.427594847977161
99_sik,2025-02-19,5,3.4740745425224304
99_sik,2025-02-19,10,3.4733420982956886
99_sik,2025-02-19,15,3.472609654068947
99_sik,2025-02-19,20,3.472609654068947
99_sik,2025-02-19,30,3.577349178493023
99_sik,2025-02-19,40,4.366924054920673
99_sik,2025-02-19,50,5.508072160184383
99_sik,2025-02-19,65,8.79894407093525
99_sik,2025-02-19,80,8.65172278136015
99_sik,2025-02-20,5,3.534867413341999
99_sik,2025-02-20,10,3.5260780826210976
99_sik,2025-02-20,15,3.5202185288071632
99_sik,2025-02-20,20,3.51875364035368
99_sik,2025-02-20,30,3.62935271859169
99_sik,2025-02-20,40,4.429914258420467
99_sik,2025-02-20,50,5.51466415822506
99_sik,2025-02-20,65,8.837763614952564
99_sik,2025-02-20,80,8.66051211208105
99_sik,2025-02-21,5,3.570757180452347
99_sik,2025-02-21,10,3.5648976266384125
99_sik,2025-02-21,15,3.5605029612779617
99_sik,2025-02-21,20,3.55977051705122
99_sik,2025-02-21,30,3.6483962684869766
99_sik,2025-02-21,40,4.415997818112373
99_sik,2025-02-21,50,5.466322839260101
99_sik,2025-02-21,65,8.861934274435043
99_sik,2025-02-21,80,8.664906777441502
99_sik,2025-02-22,5,3.613971389830113
99_sik,2025-02-22,10,3.6059145033359528
99_sik,2025-02-22,15,3.601519837975502
99_sik,2025-02-22,20,3.60078739374876
99_sik,2025-02-22,30,3.6667073741555214
99_sik,2025-02-22,40,4.390362270176411
99_sik,2025-02-22,50,5.489761054515839
99_sik,2025-02-22,65,8.90954314917326
99_sik,2025-02-22,80,8.667836554348469
99_sik,2025-02-23,5,3.6557207107543945
99_sik,2025-02-23,10,3.654255822300911
99_sik,2025-02-23,15,3.6491287127137184
99_sik,2025-02-23,20,3.6483962684869766
99_sik,2025-02-23,30,3.6491287127137184
99_sik,2025-02-23,40,4.273171193897724
99_sik,2025-02-23,50,5.48609883338213
99_sik,2025-02-23,65,8.972533352673054
99_sik,2025-02-23,80,8.674428552389145
99_sik,2025-02-24,5,3.734824687242508
99_sik,2025-02-24,10,3.7296975776553154
99_sik,2025-02-24,15,3.723838023841381
99_sik,2025-02-24,20,3.721640691161156
99_sik,2025-02-24,30,3.717978470027447
99_sik,2025-02-24,40,4.043183706700802
99_sik,2025-02-24,50,5.543961927294731
99_sik,2025-02-24,65,8.99523912370205
99_sik,2025-02-24,80,8.746940530836582
99_sik,2025-02-25,5,3.852748207747936
99_sik,2025-02-25,10,3.842493988573551
99_sik,2025-02-25,15,3.832239769399166
99_sik,2025-02-25,20,3.829309992492199
99_sik,2025-02-25,30,3.816858440637589
99_sik,2025-02-25,40,3.86226998269558
99_sik,2025-02-25,50,5.585711248219013
99_sik,2025-02-25,65,9.054567106068134
99_sik,2025-02-25,80,8.80773340165615
99_sik,2025-02-26,5,3.969206839799881
99_sik,2025-02-26,10,3.969206839799881
99_sik,2025-02-26,15,3.968474395573139
99_sik,2025-02-26,20,3.968474395573139
99_sik,2025-02-26,30,3.968474395573139
99_sik,2025-02-26,40,3.980193503201008
99_sik,2025-02-26,50,5.038575410842896
99_sik,2025-02-26,65,9.084597319364548
99_sik,2025-02-26,80,8.828241840004921
99_sik,2025-02-27,5,4.12814723700285
99_sik,2025-02-27,10,4.127414792776108
99_sik,2025-02-27,15,4.127414792776108
99_sik,2025-02-27,20,4.126682348549366
99_sik,2025-02-27,30,4.129612125456333
99_sik,2025-02-27,40,4.133274346590042
99_sik,2025-02-27,50,5.27369000762701
99_sik,2025-02-27,65,9.08093509823084
99_sik,2025-02-27,80,8.854609832167625
99_sik,2025-02-28,5,4.336161397397518
99_sik,2025-02-28,10,4.318582735955715
99_sik,2025-02-28,15,4.311990737915039
99_sik,2025-02-28,20,4.31638540327549
99_sik,2025-02-28,30,4.368388943374157
99_sik,2025-02-28,40,4.395489379763603
99_sik,2025-02-28,50,5.357921093702316
99_sik,2025-02-28,65,9.069948434829712
99_sik,2025-02-28,80,8.828241840004921
99_sik,2025-03-01,5,4.531724005937576
99_sik,2025-03-01,10,4.514877788722515
99_sik,2025-03-01,15,4.507553346455097
99_sik,2025-03-01,20,4.5251320078969
99_sik,2025-03-01,30,4.661366634070873
99_sik,2025-03-01,40,4.765373714268208
99_sik,2025-03-01,50,5.51905882358551
99_sik,2025-03-01,65,8.973265796899796
99_sik,2025-03-01,80,8.79088718444109
99_sik,2025-03-02,5,4.6430555284023285
99_sik,2025-03-02,10,4.641590639948845
99_sik,2025-03-02,15,4.650379970669746
99_sik,2025-03-02,20,4.673085741698742
99_sik,2025-03-02,30,4.903073228895664
99_sik,2025-03-02,40,5.094973616302013
99_sik,2025-03-02,50,5.646504119038582
99_sik,2025-03-02,65,8.757927194237709
99_sik,2025-03-02,80,8.682485438883305
99_sik,2025-03-03,5,4.745597720146179
99_sik,2025-03-03,10,4.746330164372921
99_sik,2025-03-03,15,4.747795052826405
99_sik,2025-03-03,20,4.752922162413597
99_sik,2025-03-03,30,4.989501647651196
99_sik,2025-03-03,40,5.348399318754673
99_sik,2025-03-03,50,5.776146747171879
99_sik,2025-03-03,65,8.469344168901443
99_sik,2025-03-03,80,8.497909493744373
99_sik,2025-03-04,5,4.90527056157589
99_sik,2025-03-04,10,4.903805673122406
99_sik,2025-03-04,15,4.903073228895664
99_sik,2025-03-04,20,4.90527056157589
99_sik,2025-03-04,30,4.960936322808266
99_sik,2025-03-04,40,5.42896818369627
99_sik,2025-03-04,50,5.81350140273571
99_sik,2025-03-04,65,8.16904203593731
99_sik,2025-03-04,80,8.254738010466099
99_sik,2025-03-05,5,4.969725653529167
99_sik,2025-03-05,10,4.9719229862093925
99_sik,2025-03-05,15,4.974120318889618
99_sik,2025-03-05,20,4.974120318889618
99_sik,2025-03-05,30,4.982177205383778
99_sik,2025-03-05,40,5.660420559346676
99_sik,2025-03-05,50,6.09988709539175
99_sik,2025-03-05,65,8.092135392129421
99_sik,2025-03-05,80,8.166112259030342
99_sik,2025-03-06,5,4.930173665285111
99_sik,2025-03-06,10,4.930173665285111
99_sik,2025-03-06,15,4.930173665285111
99_sik,2025-03-06,20,4.930173665285111
99_sik,2025-03-06,30,4.941160328686237
99_sik,2025-03-06,40,5.453871287405491
99_sik,2025-03-06,50,5.900662265717983
99_sik,2025-03-06,65,8.155858039855957
99_sik,2025-03-06,80,8.196142472326756
99_sik,2025-03-07,5,5.013672307133675
99_sik,2025-03-07,10,5.005615420639515
99_sik,2025-03-07,15,5.001953199505806
99_sik,2025-03-07,20,5.001220755279064
99_sik,2025-03-07,30,5.016602084040642
99_sik,2025-03-07,40,5.4831690564751625
99_sik,2025-03-07,50,6.048615999519825
99_sik,2025-03-07,65,8.21005891263485
99_sik,2025-03-07,80,8.20639669150114
99_sik,2025-03-08,5,5.076662510633469
99_sik,2025-03-08,10,5.067873179912567
99_sik,2025-03-08,15,5.067873179912567
99_sik,2025-03-08,20,5.07300028949976
99_sik,2025-03-08,30,5.118411831557751
99_sik,2025-03-08,40,5.578386805951595
99_sik,2025-03-08,50,6.176793739199638
99_sik,2025-03-08,65,8.196142472326756
99_sik,2025-03-08,80,8.213721133768559
99_sik,2025-03-09,5,5.14258249104023
99_sik,2025-03-09,10,5.133793160319328
99_sik,2025-03-09,15,5.138920269906521
99_sik,2025-03-09,20,5.143314935266972
99_sik,2025-03-09,30,5.250984236598015
99_sik,2025-03-09,40,5.746116533875465
99_sik,2025-03-09,50,6.321817696094513
99_sik,2025-03-09,65,8.149998486042023
99_sik,2025-03-09,80,8.219580687582493
99_sik,2025-03-10,5,5.181402035057545
99_sik,2025-03-10,10,5.161626040935516
99_sik,2025-03-10,15,5.188726477324963
99_sik,2025-03-10,20,5.2099673599004745
99_sik,2025-03-10,30,5.390881083905697
99_sik,2025-03-10,40,5.971709355711937
99_sik,2025-03-10,50,6.531296744942665
99_sik,2025-03-10,65,8.137546934187412
99_sik,2025-03-10,80,8.226172685623169
99_sik,2025-03-11,5,5.282479338347912
99_sik,2025-03-11,10,5.239997573196888
99_sik,2025-03-11,15,5.251716680824757
99_sik,2025-03-11,20,5.279549561440945
99_sik,2025-03-11,30,5.557878367602825
99_sik,2025-03-11,40,6.269814155995846
99_sik,2025-03-11,50,6.830133989453316
99_sik,2025-03-11,65,8.170506924390793
99_sik,2025-03-11,80,8.217383354902267
99_sik,2025-03-12,5,5.346201986074448
99_sik,2025-03-12,10,5.339609988033772
99_sik,2025-03-12,15,5.363048203289509
99_sik,2025-03-12,20,5.397473081946373
99_sik,2025-03-12,30,5.688985884189606
99_sik,2025-03-12,40,6.3269448056817055
99_sik,2025-03-12,50,6.882137529551983
99_sik,2025-03-12,65,8.152195818722248
99_sik,2025-03-12,80,8.144138932228088
99_sik,2025-03-13,5,5.598895244300365
99_sik,2025-03-13,10,5.598895244300365
99_sik,2025-03-13,15,5.600360132753849
99_sik,2025-03-13,20,5.605487242341042
99_sik,2025-03-13,30,5.669942334294319
99_sik,2025-03-13,40,5.990020461380482
99_sik,2025-03-13,50,6.450727880001068
99_sik,2025-03-13,65,7.96469009667635
99_sik,2025-03-13,80,7.98519853502512
99_sik,2025-03-14,5,5.712424099445343
99_sik,2025-03-14,10,5.711691655218601
99_sik,2025-03-14,15,5.707296989858151
99_sik,2025-03-14,20,5.705099657177925
99_sik,2025-03-14,30,5.702169880270958
99_sik,2025-03-14,40,5.836207173764706
99_sik,2025-03-14,50,6.13650930672884
99_sik,2025-03-14,65,7.774254597723484
99_sik,2025-03-14,80,7.743491940200329
99_sik,2025-03-15,5,5.624530792236328
99_sik,2025-03-15,10,5.627460569143295
99_sik,2025-03-15,15,5.630390346050263
99_sik,2025-03-15,20,5.634785011410713
99_sik,2025-03-15,30,5.658955670893192
99_sik,2025-03-15,40,5.831812508404255
99_sik,2025-03-15,50,6.013458676636219
99_sik,2025-03-15,65,7.560380883514881
99_sik,2025-03-15,80,7.487136460840702
99_sik,2025-03-16,5,5.557878367602825
99_sik,2025-03-16,10,5.560808144509792
99_sik,2025-03-16,15,5.566667698323727
99_sik,2025-03-16,20,5.572527252137661
99_sik,2025-03-16,30,5.631122790277004
99_sik,2025-03-16,40,5.900662265717983
99_sik,2025-03-16,50,6.0259102284908295
99_sik,2025-03-16,65,7.334055617451668
99_sik,2025-03-16,80,7.402905374765396
99_sik,2025-03-17,5,5.603289909660816
99_sik,2025-03-17,10,5.591570802032948
99_sik,2025-03-17,15,5.593768134713173
99_sik,2025-03-17,20,5.604022353887558
99_sik,2025-03-17,30,5.7248756512999535
99_sik,2025-03-17,40,6.065462216734886
99_sik,2025-03-17,50,6.207556396722794
99_sik,2025-03-17,65,7.284249410033226
99_sik,2025-03-17,80,7.406567595899105
99_sik,2025-03-18,5,5.54762414842844
99_sik,2025-03-18,10,5.541032150387764
99_sik,2025-03-18,15,5.5674001425504684
99_sik,2025-03-18,20,5.624530792236328
99_sik,2025-03-18,30,5.8508560582995415
99_sik,2025-03-18,40,6.250038161873817
99_sik,2025-03-18,50,6.450727880001068
99_sik,2025-03-18,65,7.369212940335274
99_sik,2025-03-18,80,7.446119584143162
99_sik,2025-03-19,5,5.533707708120346
99_sik,2025-03-19,10,5.5285805985331535
99_sik,2025-03-19,15,5.593768134713173
99_sik,2025-03-19,20,5.650166340172291
99_sik,2025-03-19,30,5.928495146334171
99_sik,2025-03-19,40,6.300576813519001
99_sik,2025-03-19,50,6.532761633396149
99_sik,2025-03-19,65,7.374340049922466
99_sik,2025-03-19,80,7.456373803317547
99_sik,2025-03-20,5,5.573992140591145
99_sik,2025-03-20,10,5.56373792141676
99_sik,2025-03-20,15,5.66188544780016
99_sik,2025-03-20,20,5.73586231470108
99_sik,2025-03-20,30,6.018585786223412
99_sik,2025-03-20,40,6.350383020937443
99_sik,2025-03-20,50,6.564989179372788
99_sik,2025-03-20,65,7.354564055800438
99_sik,2025-03-20,80,7.353831611573696
99_sik,2025-03-21,5,5.645039230585098
99_sik,2025-03-21,10,5.653096117079258
99_sik,2025-03-21,15,5.789330743253231
99_sik,2025-03-21,20,5.844996504485607
99_sik,2025-03-21,30,6.032502226531506
99_sik,2025-03-21,40,6.273476377129555
99_sik,2025-03-21,50,6.45951721072197
99_sik,2025-03-21,65,7.185369439423084
99_sik,2025-03-21,80,7.222724094986916
99_sik,2025-03-22,5,5.759300529956818
99_sik,2025-03-22,10,5.762962751090527
99_sik,2025-03-22,15,5.877224050462246
99_sik,2025-03-22,20,5.916043594479561
99_sik,2025-03-22,30,6.031769782304764
99_sik,2025-03-22,40,6.187047958374023
99_sik,2025-03-22,50,6.322550140321255
99_sik,2025-03-22,65,6.986877053976059
99_sik,2025-03-22,80,7.049867257475853
99_sik,2025-03-23,5,5.9241004809737206
99_sik,2025-03-23,10,5.886013381183147
99_sik,2025-03-23,15,5.943876475095749
99_sik,2025-03-23,20,5.992217794060707
99_sik,2025-03-23,30,6.047151111066341
99_sik,2025-03-23,40,6.149693302810192
99_sik,2025-03-23,50,6.256630159914494
99_sik,2025-03-23,65,6.826471768319607
99_sik,2025-03-23,80,6.863093979656696
99_sik,2025-03-24,5,6.049348443746567
99_sik,2025-03-24,10,5.979766242206097
99_sik,2025-03-24,15,5.987090684473515
99_sik,2025-03-24,20,6.01785334199667
99_sik,2025-03-24,30,6.031037338078022
99_sik,2025-03-24,40,6.090365320444107
99_sik,2025-03-24,50,6.173863962292671
99_sik,2025-03-24,65,6.660939373075962
99_sik,2025-03-24,80,6.648487821221352
99_sik,2025-03-25,5,6.159215077757835
99_sik,2025-03-25,10,6.146763525903225
99_sik,2025-03-25,15,6.119663089513779
99_sik,2025-03-25,20,6.092562653124332
99_sik,2025-03-25,30,6.005401790142059
99_sik,2025-03-25,40,6.015656009316444
99_sik,2025-03-25,50,6.056672886013985
99_sik,2025-03-25,65,6.378948345780373
99_sik,2025-03-25,80,6.388470120728016
99_sik,2025-03-26,5,6.192175067961216
99_sik,2025-03-26,10,6.190710179507732
99_sik,2025-03-26,15,6.210486173629761
99_sik,2025-03-26,20,6.196569733321667
99_sik,2025-03-26,30,6.000274680554867
99_sik,2025-03-26,40,5.936552032828331
99_sik,2025-03-26,50,5.902859598398209
99_sik,2025-03-26,65,5.8471938371658325
99_sik,2025-03-26,80,6.115268424153328
99_sik,2025-03-27,5,6.232459500432015
99_sik,2025-03-27,10,6.233191944658756
99_sik,2025-03-27,15,6.233191944658756
99_sik,2025-03-27,20,6.222205281257629
99_sik,2025-03-27,30,6.027375116944313
99_sik,2025-03-27,40,5.902859598398209
99_sik,2025-03-27,50,5.746848978102207
99_sik,2025-03-27,65,5.297128222882748
99_sik,2025-03-27,80,5.884548492729664
99_sik,2025-03-28,5,6.170934185385704
99_sik,2025-03-28,10,6.1694692969322205
99_sik,2025-03-28,15,6.18558306992054
99_sik,2025-03-28,20,6.199499510228634
99_sik,2025-03-28,30,6.098422206938267
99_sik,2025-03-28,40,5.939481809735298
99_sik,2025-03-28,50,5.72341076284647
99_sik,2025-03-28,65,4.97485276311636
99_sik,2025-03-28,80,5.779808968305588
99_sik,2025-03-29,5,6.080111101269722
99_sik,2025-03-29,10,6.080111101269722
99_sik,2025-03-29,15,6.096224874258041
99_sik,2025-03-29,20,6.125522643327713
99_sik,2025-03-29,30,6.145298637449741
99_sik,2025-03-29,40,5.949736028909683
99_sik,2025-03-29,50,5.711691655218601
99_sik,2025-03-29,65,4.72948394715786
99_sik,2025-03-29,80,5.678731665015221
99_sik,2025-03-30,5,5.962920024991036
99_sik,2025-03-30,10,5.962920024991036
99_sik,2025-03-30,15,5.973906688392162
99_sik,2025-03-30,20,6.0046693459153175
99_sik,2025-03-30,30,6.145298637449741
99_sik,2025-03-30,40,5.888943158090115
99_sik,2025-03-30,50,5.590838357806206
99_sik,2025-03-30,65,4.503891125321388
99_sik,2025-03-30,80,5.568865031003952
99_sik,2025-03-31,5,5.894070267677307
99_sik,2025-03-31,10,5.891872934997082
99_sik,2025-03-31,15,5.8962676003575325
99_sik,2025-03-31,20,5.922635592520237
99_sik,2025-03-31,30,6.116733312606812
99_sik,2025-03-31,40,5.8332773968577385
99_sik,2025-03-31,50,5.478774391114712
99_sik,2025-03-31,65,4.185277886688709
99_sik,2025-03-31,80,5.426770851016045
99_sik,2025-04-01,5,5.959257803857327
99_sik,2025-04-01,10,5.939481809735298
99_sik,2025-04-01,15,5.917508482933044
99_sik,2025-04-01,20,5.920438259840012
99_sik,2025-04-01,30,6.096224874258041
99_sik,2025-04-01,40,5.710226766765118
99_sik,2025-04-01,50,5.254646457731724
99_sik,2025-04-01,65,4.0343943759799
99_sik,2025-04-01,80,5.307382442057133
99_sik,2025-04-02,5,5.926297813653946
99_sik,2025-04-02,10,5.927030257880688
99_sik,2025-04-02,15,5.9277627021074295
99_sik,2025-04-02,20,5.929227590560913
99_sik,2025-04-02,30,6.141636416316032
99_sik,2025-04-02,40,5.620868571102619
99_sik,2025-04-02,50,5.125736273825169
99_sik,2025-04-02,65,4.116428129374981
99_sik,2025-04-02,80,5.259773567318916
99_sik,2025-04-03,5,5.892605379223824
99_sik,2025-04-03,10,5.89114049077034
99_sik,2025-04-03,15,5.902859598398209
99_sik,2025-04-03,20,5.929960034787655
99_sik,2025-04-03,30,6.225867502391338
99_sik,2025-04-03,40,5.713888987898827
99_sik,2025-04-03,50,5.190191365778446
99_sik,2025-04-03,65,4.21823787689209
99_sik,2025-04-03,80,5.251716680824757
99_sik,2025-04-04,5,5.913113817572594
99_sik,2025-04-04,10,5.910916484892368
99_sik,2025-04-04,15,5.953398250043392
99_sik,2025-04-04,20,6.012726232409477
99_sik,2025-04-04,30,6.259559936821461
99_sik,2025-04-04,40,5.707296989858151
99_sik,2025-04-04,50,5.155766487121582
99_sik,2025-04-04,65,4.272438749670982
99_sik,2025-04-04,80,5.238532684743404
99_sik,2025-04-05,5,5.966582246124744
99_sik,2025-04-05,10,5.947538696229458
99_sik,2025-04-05,15,6.011993788182735
99_sik,2025-04-05,20,6.077913768589497
99_sik,2025-04-05,30,6.270546600222588
99_sik,2025-04-05,40,5.751243643462658
99_sik,2025-04-05,50,5.152104265987873
99_sik,2025-04-05,65,4.2160405442118645
99_sik,2025-04-05,80,5.204840250313282
99_sik,2025-04-06,5,6.123325310647488
99_sik,2025-04-06,10,6.074251547455788
99_sik,2025-04-06,15,6.066194660961628
99_sik,2025-04-06,20,6.132114641368389
99_sik,2025-04-06,30,6.27567370980978
99_sik,2025-04-06,40,5.708761878311634
99_sik,2025-04-06,50,5.071535401046276
99_sik,2025-04-06,65,4.163304559886456
99_sik,2025-04-06,80,5.152104265987873
99_sik,2025-04-07,5,6.227332390844822
99_sik,2025-04-07,10,6.151158191263676
99_sik,2025-04-07,15,6.125522643327713
99_sik,2025-04-07,20,6.181188404560089
99_sik,2025-04-07,30,6.281533263623714
99_sik,2025-04-07,40,5.710226766765118
99_sik,2025-04-07,50,5.041505187749863
99_sik,2025-04-07,65,4.123752571642399
99_sik,2025-04-07,80,5.095706060528755
99_sik,2025-04-08,5,6.365031905472279
99_sik,2025-04-08,10,6.264687046408653
99_sik,2025-04-08,15,6.206823952496052
99_sik,2025-04-08,20,6.240516386926174
99_sik,2025-04-08,30,6.274941265583038
99_sik,2025-04-08,40,5.714621432125568
99_sik,2025-04-08,50,5.02392652630806
99_sik,2025-04-08,65,4.119357906281948
99_sik,2025-04-08,80,5.031983412802219
99_sik,2025-04-09,5,6.559862069785595
99_sik,2025-04-09,10,6.430219441652298
99_sik,2025-04-09,15,6.302774146199226
99_sik,2025-04-09,20,6.300576813519001
99_sik,2025-04-09,30,6.259559936821461
99_sik,2025-04-09,40,5.760765418410301
99_sik,2025-04-09,50,5.062013626098633
99_sik,2025-04-09,65,4.133274346590042
99_sik,2025-04-09,80,4.960936322808266
99_sik,2025-04-10,5,6.674855813384056
99_sik,2025-04-10,10,6.545213185250759
99_sik,2025-04-10,15,6.379680790007114
99_sik,2025-04-10,20,6.35331279784441
99_sik,2025-04-10,30,6.212683506309986
99_sik,2025-04-10,40,5.717551209032536
99_sik,2025-04-10,50,5.0349131897091866
99_sik,2025-04-10,65,4.150120563805103
99_sik,2025-04-10,80,4.884029679000378
99_sik,2025-04-11,5,6.832331322133541
99_sik,2025-04-11,10,6.6243171617388725
99_sik,2025-04-11,15,6.4492629915475845
99_sik,2025-04-11,20,6.404583893716335
99_sik,2025-04-11,30,6.18558306992054
99_sik,2025-04-11,40,5.648701451718807
99_sik,2025-04-11,50,4.962401211261749
99_sik,2025-04-11,65,4.141331233084202
99_sik,2025-04-11,80,4.810785256326199
99_sik,2025-04-12,5,7.010315269231796
99_sik,2025-04-12,10,6.715872690081596
99_sik,2025-04-12,15,6.525437191128731
99_sik,2025-04-12,20,6.463179431855679
99_sik,2025-04-12,30,6.147495970129967
99_sik,2025-04-12,40,5.511001937091351
99_sik,2025-04-12,50,4.79100926220417
99_sik,2025-04-12,65,4.092989914119244
99_sik,2025-04-12,80,4.736808389425278
99_sik,2025-04-13,5,6.944395288825035
99_sik,2025-04-13,10,6.845515318214893
99_sik,2025-04-13,15,6.667531371116638
99_sik,2025-04-13,20,6.564256735146046
99_sik,2025-04-13,30,6.055940441787243
99_sik,2025-04-13,40,5.15503404289484
99_sik,2025-04-13,50,4.519272454082966
99_sik,2025-04-13,65,4.094454802572727
99_sik,2025-04-13,80,4.690664403140545
99_sik,2025-04-14,5,6.623584717512131
99_sik,2025-04-14,10,6.625782050192356
99_sik,2025-04-14,15,6.622119829058647
99_sik,2025-04-14,20,6.619922496378422
99_sik,2025-04-14,30,6.420697666704655
99_sik,2025-04-14,40,5.47804194688797
99_sik,2025-04-14,50,4.855464354157448
99_sik,2025-04-14,65,4.343485839664936
99_sik,2025-04-14,80,4.701651066541672
99_sik,2025-04-15,5,6.756889566779137
99_sik,2025-04-15,10,6.711478024721146
99_sik,2025-04-15,15,6.666798926889896
99_sik,2025-04-15,20,6.665334038436413
99_sik,2025-04-15,30,6.695364251732826
99_sik,2025-04-15,40,5.860377833247185
99_sik,2025-04-15,50,5.152104265987873
99_sik,2025-04-15,65,4.58226265758276
99_sik,2025-04-15,80,4.74193549901247
99_sik,2025-04-16,5,6.868221089243889
99_sik,2025-04-16,10,6.849909983575344
99_sik,2025-04-16,15,6.795709110796452
99_sik,2025-04-16,20,6.728324241936207
99_sik,2025-04-16,30,6.581835396587849
99_sik,2025-04-16,40,5.881618715822697
99_sik,2025-04-16,50,5.230475798249245
99_sik,2025-04-16,65,4.569078661501408
99_sik,2025-04-16,80,4.739005722105503
99_sik,2025-04-17,5,7.076235249638557
99_sik,2025-04-17,10,6.940733067691326
99_sik,2025-04-17,15,6.822077102959156
99_sik,2025-04-17,20,6.7576220110058784
99_sik,2025-04-17,30,6.439741216599941
99_sik,2025-04-17,40,5.817163623869419
99_sik,2025-04-17,50,5.144047379493713
99_sik,2025-04-17,65,4.306863628327847
99_sik,2025-04-17,80,4.6745506301522255
99_sik,2025-04-18,5,7.186101883649826
99_sik,2025-04-18,10,7.014709934592247
99_sik,2025-04-18,15,6.742973126471043
99_sik,2025-04-18,20,6.66020692884922
99_sik,2025-04-18,30,6.236121721565723
99_sik,2025-04-18,40,5.57618947327137
99_sik,2025-04-18,50,4.825434140861034
99_sik,2025-04-18,65,3.9772637262940407
99_sik,2025-04-18,80,4.596179097890854
99_sik,2025-04-19,5,7.382396936416626
99_sik,2025-04-19,10,7.13849300891161
99_sik,2025-04-19,15,6.707815803587437
99_sik,2025-04-19,20,6.545945629477501
99_sik,2025-04-19,30,5.962187580764294
99_sik,2025-04-19,40,5.171880260109901
99_sik,2025-04-19,50,4.458479583263397
99_sik,2025-04-19,65,3.856410428881645
99_sik,2025-04-19,80,4.541978225111961
99_sik,2025-04-20,5,7.490066237747669
99_sik,2025-04-20,10,7.260811194777489
99_sik,2025-04-20,15,6.628711827099323
99_sik,2025-04-20,20,6.440473660826683
99_sik,2025-04-20,30,5.746116533875465
99_sik,2025-04-20,40,4.862788796424866
99_sik,2025-04-20,50,4.30027163028717
99_sik,2025-04-20,65,3.895962417125702
99_sik,2025-04-20,80,4.513412900269032
99_sik,2025-04-21,5,7.732505276799202
99_sik,2025-04-21,10,7.427076034247875
99_sik,2025-04-21,15,6.66020692884922
99_sik,2025-04-21,20,6.438276328146458
99_sik,2025-04-21,30,5.709494322538376
99_sik,2025-04-21,40,4.84008302539587
99_sik,2025-04-21,50,4.314188070595264
99_sik,2025-04-21,65,3.986785501241684
99_sik,2025-04-21,80,4.462141804397106
99_sik,2025-04-22,5,7.957365654408932
99_sik,2025-04-22,10,7.550859108567238
99_sik,2025-04-22,15,6.665334038436413
99_sik,2025-04-22,20,6.423627443611622
99_sik,2025-04-22,30,5.680196553468704
99_sik,2025-04-22,40,4.813715033233166
99_sik,2025-04-22,50,4.312723182141781
99_sik,2025-04-22,65,4.193334773182869
99_sik,2025-04-22,80,4.25119786709547
99_sik,2025-04-23,5,7.959562987089157
99_sik,2025-04-23,10,7.588946208357811
99_sik,2025-04-23,15,6.626514494419098
99_sik,2025-04-23,20,6.386272788047791
99_sik,2025-04-23,30,5.669942334294319
99_sik,2025-04-23,40,4.788811929523945
99_sik,2025-04-23,50,4.322977401316166
99_sik,2025-04-23,65,4.210913434624672
99_sik,2025-04-23,80,4.270241416990757
99_sik,2025-04-24,5,8.084810949862003
99_sik,2025-04-24,10,7.574297323822975
99_sik,2025-04-24,15,6.659474484622479
99_sik,2025-04-24,20,6.4316843301057816
99_sik,2025-04-24,30,5.7563707530498505
99_sik,2025-04-24,40,4.808587923645973
99_sik,2025-04-24,50,4.359599612653256
99_sik,2025-04-24,65,4.236548982560635
99_sik,2025-04-24,80,4.270973861217499
99_sik,2025-04-25,5,8.112643830478191
99_sik,2025-04-25,10,7.598467983305454
99_sik,2025-04-25,15,6.697561584413052
99_sik,2025-04-25,20,6.479293204843998
99_sik,2025-04-25,30,5.872829385101795
99_sik,2025-04-25,40,4.8986785635352135
99_sik,2025-04-25,50,4.448225364089012
99_sik,2025-04-25,65,4.270241416990757
99_sik,2025-04-25,80,4.262916974723339
99_sik,2025-04-26,5,8.180028699338436
99_sik,2025-04-26,10,7.909024335443973
99_sik,2025-04-26,15,6.839655764400959
99_sik,2025-04-26,20,6.5789056196808815
99_sik,2025-04-26,30,5.939481809735298
99_sik,2025-04-26,40,5.000488311052322
99_sik,2025-04-26,50,4.520004898309708
99_sik,2025-04-26,65,4.2475356459617615
99_sik,2025-04-26,80,4.252662755548954
99_sik,2025-04-27,5,8.221045576035976
99_sik,2025-04-27,10,8.023285634815693
99_sik,2025-04-27,15,6.989806830883026
99_sik,2025-04-27,20,6.68071536719799
99_sik,2025-04-27,30,5.936552032828331
99_sik,2025-04-27,40,5.050294518470764
99_sik,2025-04-27,50,4.5170751214027405
99_sik,2025-04-27,65,4.160374782979488
99_sik,2025-04-27,80,4.239478759467602
99_sik,2025-04-28,5,8.051850959658623
99_sik,2025-04-28,10,7.971282094717026
99_sik,2025-04-28,15,6.944395288825035
99_sik,2025-04-28,20,6.62724693864584
99_sik,2025-04-28,30,5.8010498508811
99_sik,2025-04-28,40,4.932370997965336
99_sik,2025-04-28,50,4.425519593060017
99_sik,2025-04-28,65,4.09958191215992
99_sik,2025-04-28,80,4.227027207612991
99_sik,2025-04-29,5,7.589678652584553
99_sik,2025-04-29,10,7.563310660421848
99_sik,2025-04-29,15,6.922421962022781
99_sik,2025-04-29,20,6.525437191128731
99_sik,2025-04-29,30,5.524185933172703
99_sik,2025-04-29,40,4.818842142820358
99_sik,2025-04-29,50,4.413800485432148
99_sik,2025-04-29,65,4.110568575561047
99_sik,2025-04-29,80,4.273171193897724
99_sik,2025-04-30,5,7.645344413816929
99_sik,2025-04-30,10,7.345042280852795
99_sik,2025-04-30,15,6.726126909255981
99_sik,2025-04-30,20,6.3584399074316025
99_sik,2025-04-30,30,5.311777107417584
99_sik,2025-04-30,40,4.765373714268208
99_sik,2025-04-30,50,4.481185354292393
99_sik,2025-04-30,65,4.248268090188503
99_sik,2025-04-30,80,4.370586276054382
99_sik,2025-05-01,5,7.667317740619183
99_sik,2025-05-01,10,7.331125840544701
99_sik,2025-05-01,15,6.5964842811226845
99_sik,2025-05-01,20,6.272743932902813
99_sik,2025-05-01,30,5.355723761022091
99_sik,2025-05-01,40,4.86059146374464
99_sik,2025-05-01,50,4.6291390880942345
99_sik,2025-05-01,65,4.410138264298439
99_sik,2025-05-01,80,4.445295587182045
99_sik,2025-05-02,5,7.36774805188179
99_sik,2025-05-02,10,7.273262746632099
99_sik,2025-05-02,15,6.608203388750553
99_sik,2025-05-02,20,6.186315514147282
99_sik,2025-05-02,30,5.4201788529753685
99_sik,2025-05-02,40,4.820307031273842
99_sik,2025-05-02,50,4.617419980466366
99_sik,2025-05-02,65,4.3779107183218
99_sik,2025-05-02,80,4.44749291986227
99_sik,2025-05-03,5,7.932462550699711
99_sik,2025-05-03,10,7.6116519793868065
99_sik,2025-05-03,15,7.15900144726038
99_sik,2025-05-03,20,6.566454067826271
99_sik,2025-05-03,30,5.697775214910507
99_sik,2025-05-03,40,4.930173665285111
99_sik,2025-05-03,50,4.621082201600075
99_sik,2025-05-03,65,4.306863628327847
99_sik,2025-05-03,80,4.377178274095058
99_sik,2025-05-04,5,8.322122879326344
99_sik,2025-05-04,10,7.893643006682396
99_sik,2025-05-04,15,7.227118760347366
99_sik,2025-05-04,20,6.738578461110592
99_sik,2025-05-04,30,5.986358240246773
99_sik,2025-05-04,40,5.106692723929882
99_sik,2025-05-04,50,4.697256401181221
99_sik,2025-05-04,65,4.3244422897696495
99_sik,2025-05-04,80,4.391827158629894
99_sik,2025-05-05,5,8.664906777441502
99_sik,2025-05-05,10,8.03427229821682
99_sik,2025-05-05,15,7.247627198696136
99_sik,2025-05-05,20,6.809625551104546
99_sik,2025-05-05,30,6.093295097351074
99_sik,2025-05-05,40,5.278817117214203
99_sik,2025-05-05,50,4.829828806221485
99_sik,2025-05-05,65,4.39402449131012
99_sik,2025-05-05,80,4.425519593060017
99_sik,2025-05-06,5,8.818720065057278
99_sik,2025-05-06,10,8.145603820681572
99_sik,2025-05-06,15,7.33918272703886
99_sik,2025-05-06,20,6.90557574480772
99_sik,2025-05-06,30,6.135776862502098
99_sik,2025-05-06,40,5.422376185655594
99_sik,2025-05-06,50,4.957274101674557
99_sik,2025-05-06,65,4.439436033368111
99_sik,2025-05-06,80,4.462141804397106
99_sik,2025-05-07,5,8.97473068535328
99_sik,2025-05-07,10,8.249610900878906
99_sik,2025-05-07,15,7.406567595899105
99_sik,2025-05-07,20,6.994933940470219
99_sik,2025-05-07,30,6.1833857372403145
99_sik,2025-05-07,40,5.571062363684177
99_sik,2025-05-07,50,5.100100725889206
99_sik,2025-05-07,65,4.473860912024975
99_sik,2025-05-07,80,4.532456450164318
99_sik,2025-05-08,5,9.192999064922333
99_sik,2025-05-08,10,8.351420648396015
99_sik,2025-05-08,15,7.454908914864063
99_sik,2025-05-08,20,7.079165026545525
99_sik,2025-05-08,30,6.2602923810482025
99_sik,2025-05-08,40,5.739524535834789
99_sik,2025-05-08,50,5.299325555562973
99_sik,2025-05-08,65,4.603503540158272
99_sik,2025-05-08,80,4.656239524483681
99_sik,2025-05-09,5,9.373912788927557
99_sik,2025-05-09,10,8.429059736430645
99_sik,2025-05-09,15,7.489333793520927
99_sik,2025-05-09,20,7.148014783859253
99_sik,2025-05-09,30,6.377483457326889
99_sik,2025-05-09,40,5.9482711404562
99_sik,2025-05-09,50,5.579119250178337
99_sik,2025-05-09,65,4.8774376809597015
99_sik,2025-05-09,80,4.774895489215851
99_sik,2025-05-10,5,9.51893674582243
99_sik,2025-05-10,10,8.34922331571579
99_sik,2025-05-10,15,7.385326713323593
99_sik,2025-05-10,20,7.074770361185074
99_sik,2025-05-10,30,6.400921672582626
99_sik,2025-05-10,40,6.015656009316444
99_sik,2025-05-10,50,5.717551209032536
99_sik,2025-05-10,65,5.096438504755497
99_sik,2025-05-10,80,4.828363917768002
99_sik,2025-05-11,5,9.79726555198431
99_sik,2025-05-11,10,8.419537961483002
99_sik,2025-05-11,15,7.422681368887424
99_sik,2025-05-11,20,7.106265462934971
99_sik,2025-05-11,30,6.422162555158138
99_sik,2025-05-11,40,6.044221334159374
99_sik,2025-05-11,50,5.762962751090527
99_sik,2025-05-11,65,5.166753150522709
99_sik,2025-05-11,80,4.851069688796997
99_sik,2025-05-12,5,10.07559435814619
99_sik,2025-05-12,10,8.691274769604206
99_sik,2025-05-12,15,7.5904110968112946
99_sik,2025-05-12,20,7.254951640963554
99_sik,2025-05-12,30,6.496871866285801
99_sik,2025-05-12,40,6.143833748996258
99_sik,2025-05-12,50,5.877956494688988
99_sik,2025-05-12,65,5.260506011545658
99_sik,2025-05-12,80,4.874507904052734
99_sik,2025-05-13,5,10.372234269976616
99_sik,2025-05-13,10,8.881710268557072
99_sik,2025-05-13,15,7.687093734741211
99_sik,2025-05-13,20,7.351634278893471
99_sik,2025-05-13,30,6.568651400506496
99_sik,2025-05-13,40,6.26322215795517
99_sik,2025-05-13,50,6.043488889932632
99_sik,2025-05-13,65,5.442884624004364
99_sik,2025-05-13,80,4.910397671163082
99_sik,2025-05-14,5,10.507736451923847
99_sik,2025-05-14,10,9.026734225451946
99_sik,2025-05-14,15,7.747154161334038
99_sik,2025-05-14,20,7.409497372806072
99_sik,2025-05-14,30,6.616260275244713
99_sik,2025-05-14,40,6.342326134443283
99_sik,2025-05-14,50,6.1518906354904175
99_sik,2025-05-14,65,5.587908580899239
99_sik,2025-05-14,80,4.949217215180397
99_sik,2025-05-15,5,10.640308856964111
99_sik,2025-05-15,10,9.012817785143852
99_sik,2025-05-15,15,7.722251057624817
99_sik,2025-05-15,20,7.366283163428307
99_sik,2025-05-15,30,6.606006056070328
99_sik,2025-05-15,40,6.337931469082832
99_sik,2025-05-15,50,6.137241750955582
99_sik,2025-05-15,65,5.601092576980591
99_sik,2025-05-15,80,4.969725653529167
99_sik,2025-05-16,5,10.661549739539623
99_sik,2025-05-16,10,9.019409783184528
99_sik,2025-05-16,15,7.702475063502787
99_sik,2025-05-16,20,7.3208716213703156
99_sik,2025-05-16,30,6.581102952361107
99_sik,2025-05-16,40,6.2778710424900055
99_sik,2025-05-16,50,6.047883555293083
99_sik,2025-05-16,65,5.487563721835613
99_sik,2025-05-16,80,4.988769203424454
99_sik,2025-05-17,5,10.861507013440132
99_sik,2025-05-17,10,9.063356436789036
99_sik,2025-05-17,15,7.712729282677174
99_sik,2025-05-17,20,7.323068954050541
99_sik,2025-05-17,30,6.577440731227398
99_sik,2025-05-17,40,6.203894175589085
99_sik,2025-05-17,50,5.936552032828331
99_sik,2025-05-17,65,5.300790444016457
99_sik,2025-05-17,80,5.013672307133675
99_sik,2025-05-18,5,11.169866032898426
99_sik,2025-05-18,10,9.113162644207478
99_sik,2025-05-18,15,7.731040388345718
99_sik,2025-05-18,20,7.336985394358635
99_sik,2025-05-18,30,6.603076279163361
99_sik,2025-05-18,40,6.215613283216953
99_sik,2025-05-18,50,5.916776038706303
99_sik,2025-05-18,65,5.214362025260925
99_sik,2025-05-18,80,5.051759406924248
99_sik,2025-05-19,5,11.383007302880287
99_sik,2025-05-19,10,9.236213274300098
99_sik,2025-05-19,15,7.813806585967541
99_sik,2025-05-19,20,7.40437026321888
99_sik,2025-05-19,30,6.649952709674835
99_sik,2025-05-19,40,6.324015028774738
99_sik,2025-05-19,50,6.028107561171055
99_sik,2025-05-19,65,5.223151355981827
99_sik,2025-05-19,80,5.168950483202934
99_sik,2025-05-20,5,11.471633054316044
99_sik,2025-05-20,10,9.462538540363312
99_sik,2025-05-20,15,7.873134568333626
99_sik,2025-05-20,20,7.46589557826519
99_sik,2025-05-20,30,6.690969586372376
99_sik,2025-05-20,40,6.454390101134777
99_sik,2025-05-20,50,6.211951062083244
99_sik,2025-05-20,65,5.41651663184166
99_sik,2025-05-20,80,5.165288262069225
99_sik,2025-05-21,5,11.460646390914915
99_sik,2025-05-21,10,9.617816716432571
99_sik,2025-05-21,15,7.930997662246227
99_sik,2025-05-21,20,7.533280447125435
99_sik,2025-05-21,30,6.728324241936207
99_sik,2025-05-21,40,6.521774969995022
99_sik,2025-05-21,50,6.321085251867771
99_sik,2025-05-21,65,5.5183263793587685
99_sik,2025-05-21,80,5.119876720011234
99_sik,2025-05-22,5,11.659871220588684
99_sik,2025-05-22,10,9.893948189914228
99_sik,2025-05-22,15,8.117770940065384
99_sik,2025-05-22,20,7.704672396183014
99_sik,2025-05-22,30,6.808893106877804
99_sik,2025-05-22,40,6.526902079582214
99_sik,2025-05-22,50,6.293984815478325
99_sik,2025-05-22,65,5.364513091742992
99_sik,2025-05-22,80,5.17554248124361
99_sik,2025-05-23,5,11.793908514082432
99_sik,2025-05-23,10,10.241859197616575
99_sik,2025-05-23,15,8.425397515296936
99_sik,2025-05-23,20,7.996917642652988
99_sik,2025-05-23,30,6.976622834801674
99_sik,2025-05-23,40,6.528366968035698
99_sik,2025-05-23,50,6.206823952496052
99_sik,2025-05-23,65,5.246589571237564
99_sik,2025-05-23,80,5.201178029179573
99_sik,2025-05-24,5,11.775597408413889
99_sik,2025-05-24,10,10.20157476514578
99_sik,2025-05-24,15,8.445905953645706
99_sik,2025-05-24,20,8.045991405844688
99_sik,2025-05-24,30,7.061586365103722
99_sik,2025-05-24,40,6.507858529686928
99_sik,2025-05-24,50,6.118198201060295
99_sik,2025-05-24,65,5.196783363819122
99_sik,2025-05-24,80,5.182134479284287
99_sik,2025-05-25,5,11.180120252072811
99_sik,2025-05-25,10,10.5297097787261
99_sik,2025-05-25,15,8.405621521174908
99_sik,2025-05-25,20,7.983733646571636
99_sik,2025-05-25,30,7.04034548252821
99_sik,2025-05-25,40,6.490279868245125
99_sik,2025-05-25,50,6.117465756833553
99_sik,2025-05-25,65,5.226081132888794
99_sik,2025-05-25,80,5.184331811964512
99_sik,2025-05-26,5,11.418897069990637
99_sik,2025-05-26,10,10.967711426317692
99_sik,2025-05-26,15,8.72569964826107
99_sik,2025-05-26,20,8.18149358779192
99_sik,2025-05-26,30,7.144352562725544
99_sik,2025-05-26,40,6.586962506175041
99_sik,2025-05-26,50,6.217078171670437
99_sik,2025-05-26,65,5.277352228760719
99_sik,2025-05-26,80,5.193853586912155
99_sik,2025-05-27,5,11.564653471112251
99_sik,2025-05-27,10,11.10174871981144
99_sik,2025-05-27,15,8.91760003566742
99_sik,2025-05-27,20,8.318460658192635
99_sik,2025-05-27,30,7.211737431585789
99_sik,2025-05-27,40,6.633838936686516
99_sik,2025-05-27,50,6.271279044449329
99_sik,2025-05-27,65,5.330088213086128
99_sik,2025-05-27,80,5.209234915673733
99_sik,2025-05-28,5,11.792443625628948
99_sik,2025-05-28,10,11.05267495661974
99_sik,2025-05-28,15,8.78722496330738
99_sik,2025-05-28,20,8.224707797169685
99_sik,2025-05-28,30,7.173650331795216
99_sik,2025-05-28,40,6.599414058029652
99_sik,2025-05-28,50,6.247840829193592
99_sik,2025-05-28,65,5.37989442050457
99_sik,2025-05-28,80,5.234870463609695
99_sik,2025-05-29,5,12.154271073639393
99_sik,2025-05-29,10,11.120059825479984
99_sik,2025-05-29,15,8.910275593400002
99_sik,2025-05-29,20,8.310403771698475
99_sik,2025-05-29,30,7.1809747740626335
99_sik,2025-05-29,40,6.5964842811226845
99_sik,2025-05-29,50,6.251503050327301
99_sik,2025-05-29,65,5.458265952765942
99_sik,2025-05-29,80,5.287606447935104
99_sik,2025-05-30,5,12.499984748661518
99_sik,2025-05-30,10,11.225531794130802
99_sik,2025-05-30,15,9.078005321323872
99_sik,2025-05-30,20,8.428327292203903
99_sik,2025-05-30,30,7.211737431585789
99_sik,2025-05-30,40,6.632374048233032
99_sik,2025-05-30,50,6.280800819396973
99_sik,2025-05-30,65,5.537369929254055
99_sik,2025-05-30,80,5.340342432260513
99_sik,2025-05-31,5,12.863277085125446
99_sik,2025-05-31,10,11.34784997999668
99_sik,2025-05-31,15,9.133671082556248
99_sik,2025-05-31,20,8.4598223939538
99_sik,2025-05-31,30,7.216864541172981
99_sik,2025-05-31,40,6.655079819262028
99_sik,2025-05-31,50,6.294717259705067
99_sik,2025-05-31,65,5.59669791162014
99_sik,2025-05-31,80,5.383556641638279
99_sik,2025-06-01,5,13.319589838385582
99_sik,2025-06-01,10,11.604205459356308
99_sik,2025-06-01,15,9.376842565834522
99_sik,2025-06-01,20,8.64806056022644
99_sik,2025-06-01,30,7.273995190858841
99_sik,2025-06-01,40,6.712942913174629
99_sik,2025-06-01,50,6.343058578670025
99_sik,2025-06-01,65,5.6545610055327415
99_sik,2025-06-01,80,5.412854410707951
99_sik,2025-06-02,5,13.69093906134367
99_sik,2025-06-02,10,11.791711181402206
99_sik,2025-06-02,15,9.71083713322878
99_sik,2025-06-02,20,8.957884468138218
99_sik,2025-06-02,30,7.33918272703886
99_sik,2025-06-02,40,6.700491361320019
99_sik,2025-06-02,50,6.354045242071152
99_sik,2025-06-02,65,5.743186756968498
99_sik,2025-06-02,80,5.480971723794937
99_sik,2025-06-03,5,13.68654439598322
99_sik,2025-06-03,10,11.829065836966038
99_sik,2025-06-03,15,9.830957986414433
99_sik,2025-06-03,20,9.100711092352867
99_sik,2025-06-03,30,7.3560289442539215
99_sik,2025-06-03,40,6.649952709674835
99_sik,2025-06-03,50,6.329142138361931
99_sik,2025-06-03,65,5.787865854799748
99_sik,2025-06-03,80,5.579851694405079
99_sik,2025-06-04,5,13.696066170930862
99_sik,2025-06-04,10,11.930143140256405
99_sik,2025-06-04,15,9.779686890542507
99_sik,2025-06-04,20,9.049439996480942
99_sik,2025-06-04,30,7.328928507864475
99_sik,2025-06-04,40,6.603076279163361
99_sik,2025-06-04,50,6.307901255786419
99_sik,2025-06-04,65,5.8332773968577385
99_sik,2025-06-04,80,5.645039230585098
99_sik,2025-06-05,5,13.585467092692852
99_sik,2025-06-05,10,12.436262100934982
99_sik,2025-06-05,15,10.23892942070961
99_sik,2025-06-05,20,9.485244311392307
99_sik,2025-06-05,30,7.523758672177792
99_sik,2025-06-05,40,6.710745580494404
99_sik,2025-06-05,50,6.383343011140823
99_sik,2025-06-05,65,5.909451596438885
99_sik,2025-06-05,80,5.680928997695446
99_sik,2025-06-06,5,13.669698178768158
99_sik,2025-06-06,10,12.478743866086006
99_sik,2025-06-06,15,10.339274279773235
99_sik,2025-06-06,20,9.592181168496609
99_sik,2025-06-06,30,7.581621766090393
99_sik,2025-06-06,40,6.773735783994198
99_sik,2025-06-06,50,6.4390087723732
99_sik,2025-06-06,65,5.962920024991036
99_sik,2025-06-06,80,5.705832101404667
99_sik,2025-06-07,5,13.846949681639671
99_sik,2025-06-07,10,12.613513603806496
99_sik,2025-06-07,15,10.433759585022926
99_sik,2025-06-07,20,9.672750033438206
99_sik,2025-06-07,30,7.642414636909962
99_sik,2025-06-07,40,6.835261099040508
99_sik,2025-06-07,50,6.5019989758729935
99_sik,2025-06-07,65,6.0222480073571205
99_sik,2025-06-07,80,5.72341076284647
99_sik,2025-06-08,5,14.266640223562716
99_sik,2025-06-08,10,12.865474417805672
99_sik,2025-06-08,15,10.653492853045464
99_sik,2025-06-08,20,9.869777530431747
99_sik,2025-06-08,30,7.807214587926865
99_sik,2025-06-08,40,6.999328605830669
99_sik,2025-06-08,50,6.66020692884922
99_sik,2025-06-08,65,6.077181324362755
99_sik,2025-06-08,80,5.696310326457024
99_sik,2025-06-09,5,14.514938816428185
99_sik,2025-06-09,10,13.071291245520117
99_sik,2025-06-09,15,10.81170080602169
99_sik,2025-06-09,20,10.00967437773943
99_sik,2025-06-09,30,7.941251881420612
99_sik,2025-06-09,40,7.15900144726038
99_sik,2025-06-09,50,6.825006879866123
99_sik,2025-06-09,65,5.977568909525871
99_sik,2025-06-09,80,5.652363672852516
99_sik,2025-06-10,5,14.636524558067322
99_sik,2025-06-10,10,13.199468985199928
99_sik,2025-06-10,15,10.933286547660828
99_sik,2025-06-10,20,10.11587879061699
99_sik,2025-06-10,30,7.996917642652988
99_sik,2025-06-10,40,7.211004987359047
99_sik,2025-06-10,50,6.841120652854443
99_sik,2025-06-10,65,5.69484543800354
99_sik,2025-06-10,80,5.676534332334995
99_sik,2025-06-11,5,14.88116092979908
99_sik,2025-06-11,10,13.239753417670729
99_sik,2025-06-11,15,11.063661620020866
99_sik,2025-06-11,20,10.249916084110737
99_sik,2025-06-11,30,8.053315848112106
99_sik,2025-06-11,40,7.213202320039272
99_sik,2025-06-11,50,6.793511778116226
99_sik,2025-06-11,65,5.571794807910919
99_sik,2025-06-11,80,5.645039230585098
99_sik,2025-06-12,5,15.268623925745487
99_sik,2025-06-12,10,13.718771941959858
99_sik,2025-06-12,15,11.520706817507744
99_sik,2025-06-12,20,10.718680389225485
99_sik,2025-06-12,30,8.334574431180954
99_sik,2025-06-12,40,7.323801398277283
99_sik,2025-06-12,50,6.816217549145222
99_sik,2025-06-12,65,5.47804194688797
99_sik,2025-06-12,80,5.557145923376083
99_sik,2025-06-13,5,15.16754662245512
99_sik,2025-06-13,10,13.721701718866823
99_sik,2025-06-13,15,11.52290415018797
99_sik,2025-06-13,20,10.752372823655604
99_sik,2025-06-13,30,8.40269174426794
99_sik,2025-06-13,40,7.329660952091217
99_sik,2025-06-13,50,6.744438014924526
99_sik,2025-06-13,65,5.4084597453475
99_sik,2025-06-13,80,5.475844614207745
99_sik,2025-06-14,5,15.130191966891289
99_sik,2025-06-14,10,13.422132030129433
99_sik,2025-06-14,15,11.24091312289238
99_sik,2025-06-14,20,10.49235512316227
99_sik,2025-06-14,30,8.26718956232071
99_sik,2025-06-14,40,7.199285879731178
99_sik,2025-06-14,50,6.638966046273708
99_sik,2025-06-14,65,5.419446408748627
99_sik,2025-06-14,80,5.440687291324139
99_sik,2025-06-15,5,15.049623101949692
99_sik,2025-06-15,10,13.132084116339684
99_sik,2025-06-15,15,11.02410963177681
99_sik,2025-06-15,20,10.301919624209404
99_sik,2025-06-15,30,8.138279378414154
99_sik,2025-06-15,40,7.067445918917656
99_sik,2025-06-15,50,6.634571380913258
99_sik,2025-06-15,65,5.511001937091351
99_sik,2025-06-15,80,5.424573518335819
99_sik,2025-06-16,5,14.953672908246515
99_sik,2025-06-16,10,12.97900327295065
99_sik,2025-06-16,15,10.948667876422403
99_sik,2025-06-16,20,10.23892942070961
99_sik,2025-06-16,30,8.094332724809647
99_sik,2025-06-16,40,7.002990826964378
99_sik,2025-06-16,50,6.630909159779549
99_sik,2025-06-16,65,5.5813165828585625
99_sik,2025-06-16,80,5.411389522254467
99_sik,2025-06-17,5,15.034974217414856
99_sik,2025-06-17,10,12.90575885027647
99_sik,2025-06-17,15,10.972106091678144
99_sik,2025-06-17,20,10.277748964726923
99_sik,2025-06-17,30,8.141209155321121
99_sik,2025-06-17,40,7.016174823045731
99_sik,2025-06-17,50,6.616992719471455
99_sik,2025-06-17,65,5.59669791162014
99_sik,2025-06-17,80,5.394543305039406
99_sik,2025-06-18,5,15.266426593065262
99_sik,2025-06-18,10,13.04052858799696
99_sik,2025-06-18,15,11.177190475165844
99_sik,2025-06-18,20,10.48869290202856
99_sik,2025-06-18,30,8.280373558402061
99_sik,2025-06-18,40,7.086489468812943
99_sik,2025-06-18,50,6.633106492459774
99_sik,2025-06-18,65,5.610614351928234
99_sik,2025-06-18,80,5.390148639678955
99_sik,2025-06-19,5,15.59675893932581
99_sik,2025-06-19,10,13.267586298286917
99_sik,2025-06-19,15,11.364696197211742
99_sik,2025-06-19,20,10.665944404900074
99_sik,2025-06-19,30,8.363872200250626
99_sik,2025-06-19,40,7.148014783859253
99_sik,2025-06-19,50,6.671926036477089
99_sik,2025-06-19,65,5.673604555428028
99_sik,2025-06-19,80,5.439954847097397
99_sik,2025-06-20,5,15.680257581174374
99_sik,2025-06-20,10,13.362071603536606
99_sik,2025-06-20,15,11.440137952566149
99_sik,2025-06-20,20,10.747245714068413
99_sik,2025-06-20,30,8.397564634680748
99_sik,2025-06-20,40,7.183904550969601
99_sik,2025-06-20,50,6.718802466988564
99_sik,2025-06-20,65,5.77248452603817
99_sik,2025-06-20,80,5.502945050597191
99_sik,2025-06-21,5,15.766685999929903
99_sik,2025-06-21,10,13.387707151472569
99_sik,2025-06-21,15,11.469435721635818
99_sik,2025-06-21,20,10.784600369632244
99_sik,2025-06-21,30,8.396099746227264
99_sik,2025-06-21,40,7.19196143746376
99_sik,2025-06-21,50,6.76641134172678
99_sik,2025-06-21,65,5.888210713863373
99_sik,2025-06-21,80,5.565935254096985
99_sik,2025-06-22,5,15.82601398229599
99_sik,2025-06-22,10,13.455092020332811
99_sik,2025-06-22,15,11.5602588057518
99_sik,2025-06-22,20,10.88128300756216
99_sik,2025-06-22,30,8.436384178698063
99_sik,2025-06-22,40,7.215399652719498
99_sik,2025-06-22,50,6.818414881825447
99_sik,2025-06-22,65,5.991485349833965
99_sik,2025-06-22,80,5.628193013370037
99_sik,2025-06-23,5,16.23911252617836
99_sik,2025-06-23,10,13.742942601442335
99_sik,2025-06-23,15,11.745567195117474
99_sik,2025-06-23,20,11.043153181672096
99_sik,2025-06-23,30,8.538193926215172
99_sik,2025-06-23,40,7.311349846422672
99_sik,2025-06-23,50,6.901913523674011
99_sik,2025-06-23,65,6.060335107147694
99_sik,2025-06-23,80,5.684591218829155
99_sik,2025-06-24,5,16.624378189444542
99_sik,2025-06-24,10,14.029328294098375
99_sik,2025-06-24,15,11.87520982325077
99_sik,2025-06-24,20,11.13910337537527
99_sik,2025-06-24,30,8.607776127755642
99_sik,2025-06-24,40,7.4365978091955185
99_sik,2025-06-24,50,7.022766821086407
99_sik,2025-06-24,65,6.039826668798924
99_sik,2025-06-24,80,5.842799171805382
99_sik,2025-06-25,5,16.8602252304554
99_sik,2025-06-25,10,14.191198468208311
99_sik,2025-06-25,15,11.902310259640217
99_sik,2025-06-25,20,11.142033152282238
99_sik,2025-06-25,30,8.62755212187767
99_sik,2025-06-25,40,7.538407556712627
99_sik,2025-06-25,50,7.146549895405769
99_sik,2025-06-25,65,6.091097764670849
99_sik,2025-06-25,80,5.998077347874641
99_sik,2025-06-26,5,17.08581805229187
99_sik,2025-06-26,10,14.408734403550625
99_sik,2025-06-26,15,11.96896268427372
99_sik,2025-06-26,20,11.169133588671684
99_sik,2025-06-26,30,8.641468562185764
99_sik,2025-06-26,40,7.582354210317135
99_sik,2025-06-26,50,7.200750768184662
99_sik,2025-06-26,65,6.146031081676483
99_sik,2025-06-26,80,6.028107561171055
99_sik,2025-06-27,5,17.589739680290222
99_sik,2025-06-27,10,14.884090706706049
99_sik,2025-06-27,15,12.285378590226172
99_sik,2025-06-27,20,11.41230507194996
99_sik,2025-06-27,30,8.781365409493446
99_sik,2025-06-27,40,7.708334617316723
99_sik,2025-06-27,50,7.295968517661095
99_sik,2025-06-27,65,6.164342187345028
99_sik,2025-06-27,80,6.037629336118698
99_sik,2025-06-28,5,17.93252357840538
99_sik,2025-06-28,10,15.256172373890877
99_sik,2025-06-28,15,12.53733940422535
99_sik,2025-06-28,20,11.605670347809792
99_sik,2025-06-28,30,8.904416039586067
99_sik,2025-06-28,40,7.876064345240593
99_sik,2025-06-28,50,7.391918711364269
99_sik,2025-06-28,65,6.1306497529149055
99_sik,2025-06-28,80,6.048615999519825
99_sik,2025-06-29,5,17.96035645902157
99_sik,2025-06-29,10,15.434156320989132
99_sik,2025-06-29,15,12.61131627112627
99_sik,2025-06-29,20,11.63350322842598
99_sik,2025-06-29,30,8.937376029789448
99_sik,2025-06-29,40,7.972014538943767
99_sik,2025-06-29,50,7.357493832707405
99_sik,2025-06-29,65,6.085970655083656
99_sik,2025-06-29,80,6.058137774467468
99_sik,2025-06-30,5,17.84609515964985
99_sik,2025-06-30,10,15.375560782849789
99_sik,2025-06-30,15,12.58641316741705
99_sik,2025-06-30,20,11.58442946523428
99_sik,2025-06-30,30,8.95495469123125
99_sik,2025-06-30,40,7.965422540903091
99_sik,2025-06-30,50,7.248359642922878
99_sik,2025-06-30,65,6.080843545496464
99_sik,2025-06-30,80,6.074251547455788
99_sik,2025-07-01,5,17.688619650900364
99_sik,2025-07-01,10,15.260567039251328
99_sik,2025-07-01,15,12.536606959998608
99_sik,2025-07-01,20,11.496536158025265
99_sik,2025-07-01,30,8.895626708865166
99_sik,2025-07-01,40,7.846766576170921
99_sik,2025-07-01,50,7.13043612241745
99_sik,2025-07-01,65,6.113803535699844
99_sik,2025-07-01,80,6.094759985804558
99_sik,2025-07-02,5,17.70693075656891
99_sik,2025-07-02,10,15.114810638129711
99_sik,2025-07-02,15,12.41135899722576
99_sik,2025-07-02,20,11.360301531851292
99_sik,2025-07-02,30,8.840693391859531
99_sik,2025-07-02,40,7.754478603601456
99_sik,2025-07-02,50,7.062318809330463
99_sik,2025-07-02,65,6.153355523943901
99_sik,2025-07-02,80,6.109408870339394
99_sik,2025-07-03,5,17.59266945719719
99_sik,2025-07-03,10,14.842341385781763
99_sik,2025-07-03,15,12.16525773704052
99_sik,2025-07-03,20,11.132511377334597
99_sik,2025-07-03,30,8.757194750010967
99_sik,2025-07-03,40,7.648274190723896
99_sik,2025-07-03,50,7.010315269231796
99_sik,2025-07-03,65,6.176061294972897
99_sik,2025-07-03,80,6.096957318484783
99_sik,2025-07-04,5,17.509903259575367
99_sik,2025-07-04,10,14.633594781160356
99_sik,2025-07-04,15,11.929410696029665
99_sik,2025-07-04,20,10.941343434154987
99_sik,2025-07-04,30,8.702261433005333
99_sik,2025-07-04,40,7.587481319904327
99_sik,2025-07-04,50,7.044007703661919
99_sik,2025-07-04,65,6.216345727443695
99_sik,2025-07-04,80,6.0852382108569145
99_sik,2025-07-05,5,17.75600451976061
99_sik,2025-07-05,10,14.637989446520804
99_sik,2025-07-05,15,11.827600948512554
99_sik,2025-07-05,20,10.88128300756216
99_sik,2025-07-05,30,8.737418755888939
99_sik,2025-07-05,40,7.613849312067032
99_sik,2025-07-05,50,7.11798457056284
99_sik,2025-07-05,65,6.252967938780785
99_sik,2025-07-05,80,6.072786659002304
99_sik,2025-07-06,5,17.974272899329662
99_sik,2025-07-06,10,14.736869417130947
99_sik,2025-07-06,15,11.876674711704254
99_sik,2025-07-06,20,10.942808322608473
99_sik,2025-07-06,30,8.81579028815031
99_sik,2025-07-06,40,7.676839515566826
99_sik,2025-07-06,50,7.157536558806896
99_sik,2025-07-06,65,6.252967938780785
99_sik,2025-07-06,80,6.049348443746567
99_sik,2025-07-07,5,18.14200262725353
99_sik,2025-07-07,10,14.887020483613014
99_sik,2025-07-07,15,12.015839114785194
99_sik,2025-07-07,20,11.090762056410313
99_sik,2025-07-07,30,8.931516475975513
99_sik,2025-07-07,40,7.764000378549099
99_sik,2025-07-07,50,7.194891214370728
99_sik,2025-07-07,65,6.23465683311224
99_sik,2025-07-07,80,6.024445340037346
99_sik,2025-07-08,5,18.469405196607116
99_sik,2025-07-08,10,15.173406176269054
99_sik,2025-07-08,15,12.269264817237854
99_sik,2025-07-08,20,11.342722870409489
99_sik,2025-07-08,30,9.096316426992416
99_sik,2025-07-08,40,7.8775292336940765
99_sik,2025-07-08,50,7.256416529417038
99_sik,2025-07-08,65,6.21414839476347
99_sik,2025-07-08,80,6.003204457461834
99_sik,2025-07-09,5,18.565355390310287
99_sik,2025-07-09,10,15.20783105492592
99_sik,2025-07-09,15,12.322000801563265
99_sik,2025-07-09,20,11.424024179577827
99_sik,2025-07-09,30,9.201055951416492
99_sik,2025-07-09,40,7.962492763996124
99_sik,2025-07-09,50,7.303292959928513
99_sik,2025-07-09,65,6.189245291054249
99_sik,2025-07-09,80,5.984160907566547
99_sik,2025-07-10,5,18.67741935700178
99_sik,2025-07-10,10,14.945616021752356
99_sik,2025-07-10,15,12.18137151002884
99_sik,2025-07-10,20,11.341990426182749
99_sik,2025-07-10,30,9.242072828114033
99_sik,2025-07-10,40,7.97714164853096
99_sik,2025-07-10,50,7.323068954050541
99_sik,2025-07-10,65,6.186315514147282
99_sik,2025-07-10,80,5.970244467258453
99_sik,2025-07-11,5,18.330973237752914
99_sik,2025-07-11,10,14.785210736095904
99_sik,2025-07-11,15,12.086153760552406
99_sik,2025-07-11,20,11.328806430101396
99_sik,2025-07-11,30,9.315317250788212
99_sik,2025-07-11,40,7.934659883379936
99_sik,2025-07-11,50,7.372875161468983
99_sik,2025-07-11,65,6.259559936821461
99_sik,2025-07-11,80,5.949003584682941
99_sik,2025-07-12,5,18.15005951374769
99_sik,2025-07-12,10,15.125797301530838
99_sik,2025-07-12,15,12.440656766295431
99_sik,2025-07-12,20,11.689168989658356
99_sik,2025-07-12,30,9.568742953240871
99_sik,2025-07-12,40,8.076021619141102
99_sik,2025-07-12,50,7.54353466629982
99_sik,2025-07-12,65,6.322550140321255
99_sik,2025-07-12,80,5.95266580581665
99_sik,2025-07-13,5,18.42692343145609
99_sik,2025-07-13,10,15.524979405105114
99_sik,2025-07-13,15,13.046388141810894
99_sik,2025-07-13,20,12.278054147958755
99_sik,2025-07-13,30,9.93276773393154
99_sik,2025-07-13,40,8.33310954272747
99_sik,2025-07-13,50,7.709067061543465
99_sik,2025-07-13,65,6.317423030734062
99_sik,2025-07-13,80,5.9768364652991295
99_sik,2025-07-14,5,18.708182014524937
99_sik,2025-07-14,10,16.110934786498547
99_sik,2025-07-14,15,13.737083047628404
99_sik,2025-07-14,20,12.969481498003006
99_sik,2025-07-14,30,10.34147161245346
99_sik,2025-07-14,40,8.609973460435867
99_sik,2025-07-14,50,7.869472347199917
99_sik,2025-07-14,65,6.29618214815855
99_sik,2025-07-14,80,5.975371576845646
99_sik,2025-07-15,5,18.97552415728569
99_sik,2025-07-15,10,16.88952299952507
99_sik,2025-07-15,15,14.470992162823675
99_sik,2025-07-15,20,13.737083047628404
99_sik,2025-07-15,30,10.88494522869587
99_sik,2025-07-15,40,8.990844458341599
99_sik,2025-07-15,50,8.136082045733929
99_sik,2025-07-15,65,6.304971478879452
99_sik,2025-07-15,80,5.970244467258453
99_sik,2025-07-16,5,18.978453934192657
99_sik,2025-07-16,10,17.3106784299016
99_sik,2025-07-16,15,14.925107583403587
99_sik,2025-07-16,20,14.230018012225628
99_sik,2025-07-16,30,11.341257981956003
99_sik,2025-07-16,40,9.381969675421717
99_sik,2025-07-16,50,8.441511288285255
99_sik,2025-07-16,65,6.356242574751377
99_sik,2025-07-16,80,5.965117357671261
99_sik,2025-07-17,5,19.053895689547065
99_sik,2025-07-17,10,17.53187658637762
99_sik,2025-07-17,15,15.130191966891289
99_sik,2025-07-17,20,14.403607293963432
99_sik,2025-07-17,30,11.598345905542374
99_sik,2025-07-17,40,9.66982025653124
99_sik,2025-07-17,50,8.672963663935661
99_sik,2025-07-17,65,6.408246114850044
99_sik,2025-07-17,80,5.969512023031712
99_sik,2025-07-18,5,19.198187202215195
99_sik,2025-07-18,10,17.67543565481901
99_sik,2025-07-18,15,15.274483479559422
99_sik,2025-07-18,20,14.486373491585256
99_sik,2025-07-18,30,11.749229416251184
99_sik,2025-07-18,40,9.885158859193323
99_sik,2025-07-18,50,8.850215166807175
99_sik,2025-07-18,65,6.418500334024429
99_sik,2025-07-18,80,5.984893351793289
99_sik,2025-07-19,5,19.40986358374357
99_sik,2025-07-19,10,17.851954713463783
99_sik,2025-07-19,15,15.402661219239237
99_sik,2025-07-19,20,14.544969029724598
99_sik,2025-07-19,30,11.839320056140425
99_sik,2025-07-19,40,9.99795527011156
99_sik,2025-07-19,50,8.919064924120903
99_sik,2025-07-19,65,6.446333214640617
99_sik,2025-07-19,80,6.026642672717571
99_sik,2025-07-20,5,19.75191503763199
99_sik,2025-07-20,10,18.06289865076542
99_sik,2025-07-20,15,15.45759453624487
99_sik,2025-07-20,20,14.523728147149086
99_sik,2025-07-20,30,11.820276506245136
99_sik,2025-07-20,40,9.9320352897048
99_sik,2025-07-20,50,8.834833838045597
99_sik,2025-07-20,65,6.518845193088055
99_sik,2025-07-20,80,6.066194660961628
99_sik,2025-07-21,5,20.199438460171223
99_sik,2025-07-21,10,18.22330393642187
99_sik,2025-07-21,15,15.442945651710032
99_sik,2025-07-21,20,14.443159282207487
99_sik,2025-07-21,30,11.718466758728027
99_sik,2025-07-21,40,9.807519771158695
99_sik,2025-07-21,50,8.757194750010967
99_sik,2025-07-21,65,6.569383844733238
99_sik,2025-07-21,80,6.0991546511650085
99_sik,2025-07-22,5,20.37815485149622
99_sik,2025-07-22,10,18.16031373292208
99_sik,2025-07-22,15,15.273018591105938
99_sik,2025-07-22,20,14.261513113975523
99_sik,2025-07-22,30,11.528031259775162
99_sik,2025-07-22,40,9.648579373955728
99_sik,2025-07-22,50,8.691274769604206
99_sik,2025-07-22,65,6.633838936686516
99_sik,2025-07-22,80,6.117465756833553
99_sik,2025-07-23,5,20.299050875008103
99_sik,2025-07-23,10,17.92373424768448
99_sik,2025-07-23,15,15.057679988443851
99_sik,2025-07-23,20,14.07547228038311
99_sik,2025-07-23,30,11.345652647316456
99_sik,2025-07-23,40,9.535050518810747
99_sik,2025-07-23,50,8.653187669813633
99_sik,2025-07-23,65,6.699758917093277
99_sik,2025-07-23,80,6.13650930672884
99_sik,2025-07-24,5,19.99362163245678
99_sik,2025-07-24,10,17.49012726545334
99_sik,2025-07-24,15,14.828424945473673
99_sik,2025-07-24,20,13.93191321194172
99_sik,2025-07-24,30,11.28632466495037
99_sik,2025-07-24,40,9.546769626438618
99_sik,2025-07-24,50,8.690542325377464
99_sik,2025-07-24,65,6.763481564819813
99_sik,2025-07-24,80,6.161412410438061
99_sik,2025-07-25,5,19.53950621187687
99_sik,2025-07-25,10,16.96276742219925
99_sik,2025-07-25,15,14.56620991230011
99_sik,2025-07-25,20,13.783227033913136
99_sik,2025-07-25,30,11.284859776496887
99_sik,2025-07-25,40,9.611224718391895
99_sik,2025-07-25,50,8.774040967226028
99_sik,2025-07-25,65,6.850642427802086
99_sik,2025-07-25,80,6.201696842908859
99_sik,2025-07-26,5,19.05243080109358
99_sik,2025-07-26,10,16.44785913079977
99_sik,2025-07-26,15,14.290078438818457
99_sik,2025-07-26,20,13.61769463866949
99_sik,2025-07-26,30,11.30243843793869
99_sik,2025-07-26,40,9.666890479624271
99_sik,2025-07-26,50,8.861201830208302
99_sik,2025-07-26,65,6.959776617586613
99_sik,2025-07-26,80,6.261024825274944
99_sik,2025-07-27,5,18.54264961928129
99_sik,2025-07-27,10,16.089693903923035
99_sik,2025-07-27,15,14.09964293986559
99_sik,2025-07-27,20,13.501236006617546
99_sik,2025-07-27,30,11.3551744222641
99_sik,2025-07-27,40,9.690328694880009
99_sik,2025-07-27,50,8.908078260719776
99_sik,2025-07-27,65,7.033753484487534
99_sik,2025-07-27,80,6.321817696094513
99_sik,2025-07-28,5,18.404950104653835
99_sik,2025-07-28,10,16.033295698463917
99_sik,2025-07-28,15,14.113559380173683
99_sik,2025-07-28,20,13.538590662181376
99_sik,2025-07-28,30,11.501663267612455
99_sik,2025-07-28,40,9.773094892501833
99_sik,2025-07-28,50,8.97473068535328
99_sik,2025-07-28,65,7.021301932632923
99_sik,2025-07-28,80,6.383343011140823
99_sik,2025-07-29,5,18.465742975473404
99_sik,2025-07-29,10,16.119724117219448
99_sik,2025-07-29,15,14.242469564080238
99_sik,2025-07-29,20,13.668233290314674
99_sik,2025-07-29,30,11.7074800953269
99_sik,2025-07-29,40,9.92397840321064
99_sik,2025-07-29,50,9.078005321323872
99_sik,2025-07-29,65,6.967833504080772
99_sik,2025-07-29,80,6.458784766495228
99_sik,2025-07-30,5,18.9301126152277
99_sik,2025-07-30,10,16.29184851050377
99_sik,2025-07-30,15,14.38602863252163
99_sik,2025-07-30,20,13.807397693395616
99_sik,2025-07-30,30,11.91988892108202
99_sik,2025-07-30,40,10.118076123297216
99_sik,2025-07-30,50,9.230353720486164
99_sik,2025-07-30,65,6.912167742848396
99_sik,2025-07-30,80,6.537156298756599
99_sik,2025-07-31,5,19.35566271096468
99_sik,2025-07-31,10,16.48008667677641
99_sik,2025-07-31,15,14.52079837024212
99_sik,2025-07-31,20,13.93191321194172
99_sik,2025-07-31,30,12.100802645087242
99_sik,2025-07-31,40,10.309244066476822
99_sik,2025-07-31,50,9.41273233294487
99_sik,2025-07-31,65,6.871150866150856
99_sik,2025-07-31,80,6.589892283082008
99_sik,2025-08-01,5,19.843470565974712
99_sik,2025-08-01,10,16.797967471182346
99_sik,2025-08-01,15,14.690725430846214
99_sik,2025-08-01,20,14.074739836156368
99_sik,2025-08-01,30,12.286111034452915
99_sik,2025-08-01,40,10.552415549755096
99_sik,2025-08-01,50,9.687398917973042
99_sik,2025-08-01,65,6.900448635220528
99_sik,2025-08-01,80,6.653614930808544
99_sik,2025-08-02,5,20.208227790892124
99_sik,2025-08-02,10,17.043336287140846
99_sik,2025-08-02,15,14.809381395578384
99_sik,2025-08-02,20,14.172887362539768
99_sik,2025-08-02,30,12.436994545161724
99_sik,2025-08-02,40,10.80730614066124
99_sik,2025-08-02,50,10.007477045059204
99_sik,2025-08-02,65,7.022766821086407
99_sik,2025-08-02,80,6.718070022761822
99_sik,2025-08-03,5,20.65721610188484
99_sik,2025-08-03,10,17.3685415238142
99_sik,2025-08-03,15,14.951475575566292
99_sik,2025-08-03,20,14.31278420984745
99_sik,2025-08-03,30,12.57029939442873
99_sik,2025-08-03,40,11.055604733526708
99_sik,2025-08-03,50,10.322428062558174
99_sik,2025-08-03,65,7.214667208492756
99_sik,2025-08-03,80,6.77886289358139
99_sik,2025-08-04,5,20.72972808033228
99_sik,2025-08-04,10,17.38465529680252
99_sik,2025-08-04,15,14.88555559515953
99_sik,2025-08-04,20,14.282753996551037
99_sik,2025-08-04,30,12.519028298556805
99_sik,2025-08-04,40,11.070986062288284
99_sik,2025-08-04,50,10.369304493069649
99_sik,2025-08-04,65,7.254219196736813
99_sik,2025-08-04,80,6.828669100999832
99_sik,2025-08-05,5,21.27393414080143
99_sik,2025-08-05,10,17.910550251603127
99_sik,2025-08-05,15,15.157292403280737
99_sik,2025-08-05,20,14.506149485707285
99_sik,2025-08-05,30,12.638416707515717
99_sik,2025-08-05,40,11.181585140526296
99_sik,2025-08-05,50,10.44328135997057
99_sik,2025-08-05,65,7.203680545091629
99_sik,2025-08-05,80,6.866023756563664
99_sik,2025-08-06,5,21.65407269448042
99_sik,2025-08-06,10,18.51408429443836
99_sik,2025-08-06,15,15.57258827984333
99_sik,2025-08-06,20,14.86065249145031
99_sik,2025-08-06,30,12.85302286595106
99_sik,2025-08-06,40,11.386669524013996
99_sik,2025-08-06,50,10.632984414696692
99_sik,2025-08-06,65,7.243232533335686
99_sik,2025-08-06,80,6.901913523674011
99_sik,2025-08-07,5,21.774193547666076
99_sik,2025-08-07,10,18.74187444895506
99_sik,2025-08-07,15,15.810632653534412
99_sik,2025-08-07,20,15.071596428751944
99_sik,2025-08-07,30,13.013428151607512
99_sik,2025-08-07,40,11.529496148228644
99_sik,2025-08-07,50,10.786065258085728
99_sik,2025-08-07,65,7.293038740754127
99_sik,2025-08-07,80,6.920224629342556
99_sik,2025-08-08,5,21.98806726187468
99_sik,2025-08-08,10,19.06707968562841
99_sik,2025-08-08,15,16.179052099585533
99_sik,2025-08-08,20,15.389477223157884
99_sik,2025-08-08,30,13.268318742513657
99_sik,2025-08-08,40,11.765343189239502
99_sik,2025-08-08,50,11.038026072084904
99_sik,2025-08-08,65,7.435865364968777
99_sik,2025-08-08,80,6.948057509958744
99_sik,2025-08-09,5,21.7361064478755
99_sik,2025-08-09,10,19.00335703790188
99_sik,2025-08-09,15,16.24716941267252
99_sik,2025-08-09,20,15.483230084180832
99_sik,2025-08-09,30,13.43311869353056
99_sik,2025-08-09,40,11.923551142215729
99_sik,2025-08-09,50,11.202093578875065
99_sik,2025-08-09,65,7.499588012695312
99_sik,2025-08-09,80,6.967101059854031
99_sik,2025-08-10,5,21.672383800148964
99_sik,2025-08-10,10,18.94622638821602
99_sik,2025-08-10,15,16.236915193498135
99_sik,2025-08-10,20,15.48689230531454
99_sik,2025-08-10,30,13.512222670018671
99_sik,2025-08-10,40,11.969695128500462
99_sik,2025-08-10,50,11.221869572997091
99_sik,2025-08-10,65,7.438062697649002
99_sik,2025-08-10,80,6.967101059854031
99_sik,2025-08-11,5,21.848170414566997
99_sik,2025-08-11,10,19.070741906762123
99_sik,2025-08-11,15,16.371684931218624
99_sik,2025-08-11,20,15.607745602726936
99_sik,2025-08-11,30,13.635273300111294
99_sik,2025-08-11,40,12.068575099110603
99_sik,2025-08-11,50,11.288521997630596
99_sik,2025-08-11,65,7.421216480433941
99_sik,2025-08-11,80,6.940000623464584
99_sik,2025-08-12,5,21.967558823525906
99_sik,2025-08-12,10,19.2245551943779
99_sik,2025-08-12,15,16.548203989863396
99_sik,2025-08-12,20,15.763023778796196
99_sik,2025-08-12,30,13.723166607320309
99_sik,2025-08-12,40,12.149876408278942
99_sik,2025-08-12,50,11.391064189374449
99_sik,2025-08-12,65,7.4505142495036125
99_sik,2025-08-12,80,6.893856637179852
99_sik,2025-08-13,5,22.185094758868217
99_sik,2025-08-13,10,19.406201362609863
99_sik,2025-08-13,15,16.662465289235115
99_sik,2025-08-13,20,15.849452197551727
99_sik,2025-08-13,30,13.73635060340166
99_sik,2025-08-13,40,12.171849735081196
99_sik,2025-08-13,50,11.470900610089302
99_sik,2025-08-13,65,7.575029768049717
99_sik,2025-08-13,80,6.8308664336800575
99_sik,2025-08-14,5,22.25028229504824
99_sik,2025-08-14,10,19.24579607695341
99_sik,2025-08-14,15,16.462508015334606
99_sik,2025-08-14,20,15.665608696639538
99_sik,2025-08-14,30,13.603045754134657
99_sik,2025-08-14,40,12.037812441587448
99_sik,2025-08-14,50,11.376415304839613
99_sik,2025-08-14,65,7.621906198561192
99_sik,2025-08-14,80,6.773003339767456
99_sik,2025-08-15,5,22.72563859820366
99_sik,2025-08-15,10,19.42890713363886
99_sik,2025-08-15,15,16.571642205119133
99_sik,2025-08-15,20,15.727134011685848
99_sik,2025-08-15,30,13.61769463866949
99_sik,2025-08-15,40,12.024628445506096
99_sik,2025-08-15,50,11.344920203089714
99_sik,2025-08-15,65,7.703939951956272
99_sik,2025-08-15,80,6.733451351523399
99_sik,2025-08-16,5,22.88091677427292
99_sik,2025-08-16,10,19.651570178568363
99_sik,2025-08-16,15,16.702749721705914
99_sik,2025-08-16,20,15.82161931693554
99_sik,2025-08-16,30,13.661641292273998
99_sik,2025-08-16,40,12.105929754674436
99_sik,2025-08-16,50,11.473097942769527
99_sik,2025-08-16,65,7.861415460705757
99_sik,2025-08-16,80,6.721732243895531
99_sik,2025-08-17,5,22.85454878211021
99_sik,2025-08-17,10,19.554155096411705
99_sik,2025-08-17,15,16.54234443604946
99_sik,2025-08-17,20,15.6824549138546
99_sik,2025-08-17,30,13.58839686959982
99_sik,2025-08-17,40,12.082491539418696
99_sik,2025-08-17,50,11.495803713798525
99_sik,2025-08-17,65,7.950041212141514
99_sik,2025-08-17,80,6.770073562860489
99_sik,2025-08-18,5,22.965147860348225
99_sik,2025-08-18,10,19.7731559202075
99_sik,2025-08-18,15,16.65660573542118
99_sik,2025-08-18,20,15.790856659412384
99_sik,2025-08-18,30,13.667500846087933
99_sik,2025-08-18,40,12.174779511988165
99_sik,2025-08-18,50,11.59248635172844
99_sik,2025-08-18,65,8.10385449975729
99_sik,2025-08-18,80,6.891659304499626
99_sik,2025-08-19,5,22.773247472941875
99_sik,2025-08-19,10,19.56001465022564
99_sik,2025-08-19,15,16.522568441927433
99_sik,2025-08-19,20,15.700766019523144
99_sik,2025-08-19,30,13.62941374629736
99_sik,2025-08-19,40,12.180639065802096
99_sik,2025-08-19,50,11.582232132554054
99_sik,2025-08-19,65,8.24301890283823
99_sik,2025-08-19,80,7.013977490365505
99_sik,2025-08-20,5,22.51396221667528
99_sik,2025-08-20,10,19.44355601817369
99_sik,2025-08-20,15,16.592883087694645
99_sik,2025-08-20,20,15.795983768999577
99_sik,2025-08-20,30,13.709982611238956
99_sik,2025-08-20,40,12.266335040330889
99_sik,2025-08-20,50,11.63423567265272
99_sik,2025-08-20,65,8.430524624884129
99_sik,2025-08-20,80,7.104800574481487
99_sik,2025-08-21,5,22.73882259428501
99_sik,2025-08-21,10,19.872768335044384
99_sik,2025-08-21,15,16.990600302815437
99_sik,2025-08-21,20,16.141697444021702
99_sik,2025-08-21,30,13.862331010401247
99_sik,2025-08-21,40,12.417950995266438
99_sik,2025-08-21,50,11.792443625628948
99_sik,2025-08-21,65,8.711050763726234
99_sik,2025-08-21,80,7.18756677210331
99_sik,2025-08-22,5,22.77764213830233
99_sik,2025-08-22,10,19.92623676359653
99_sik,2025-08-22,15,17.115848265588284
99_sik,2025-08-22,20,16.25083163380623
99_sik,2025-08-22,30,13.912869662046432
99_sik,2025-08-22,40,12.535142071545124
99_sik,2025-08-22,50,11.96896268427372
99_sik,2025-08-22,65,9.07727287709713
99_sik,2025-08-22,80,7.282052077353001
99_sik,2025-08-23,5,22.735160373151302
99_sik,2025-08-23,10,20.07126072049141
99_sik,2025-08-23,15,17.309213541448116
99_sik,2025-08-23,20,16.41929380595684
99_sik,2025-08-23,30,13.978057198226452
99_sik,2025-08-23,40,12.535874515771866
99_sik,2025-08-23,50,11.954313799738884
99_sik,2025-08-23,65,9.235480830073357
99_sik,2025-08-23,80,7.341380059719086
99_sik,2025-08-24,5,22.84649189561605
99_sik,2025-08-24,10,20.336405530571938
99_sik,2025-08-24,15,17.534073919057846
99_sik,2025-08-24,20,16.62291330099106
99_sik,2025-08-24,30,14.074739836156368
99_sik,2025-08-24,40,12.551988288760183
99_sik,2025-08-24,50,11.958708465099336
99_sik,2025-08-24,65,9.23694571852684
99_sik,2025-08-24,80,7.366283163428307
99_sik,2025-08-25,5,22.833307899534702
99_sik,2025-08-25,10,20.159154027700424
99_sik,2025-08-25,15,17.416150398552418
99_sik,2025-08-25,20,16.518173776566982
99_sik,2025-08-25,30,13.992706082761288
99_sik,2025-08-25,40,12.438459433615208
99_sik,2025-08-25,50,11.807092510163784
99_sik,2025-08-25,65,9.061891548335552
99_sik,2025-08-25,80,7.378002271056175
99_sik,2025-08-26,5,22.84429456293583
99_sik,2025-08-26,10,20.18185979872942
99_sik,2025-08-26,15,17.45423749834299
99_sik,2025-08-26,20,16.543809324502945
99_sik,2025-08-26,30,13.956083871424198
99_sik,2025-08-26,40,12.257545709609984
99_sik,2025-08-26,50,11.544877476990225
99_sik,2025-08-26,65,8.623889900743961
99_sik,2025-08-26,80,7.353831611573696
99_sik,2025-08-27,5,23.2573931068182
99_sik,2025-08-27,10,20.5180516988039
99_sik,2025-08-27,15,17.840235605835915
99_sik,2025-08-27,20,16.89391766488552
99_sik,2025-08-27,30,14.150914035737514
99_sik,2025-08-27,40,12.34910123795271
99_sik,2025-08-27,50,11.599078349769115
99_sik,2025-08-27,65,8.344096206128597
99_sik,2025-08-27,80,7.3208716213703156
99_sik,2025-08-28,5,23.27497176826
99_sik,2025-08-28,10,20.92675557732582
99_sik,2025-08-28,15,18.164708398282528
99_sik,2025-08-28,20,17.169316694140434
99_sik,2025-08-28,30,14.258583337068558
99_sik,2025-08-28,40,12.50877407938242
99_sik,2025-08-28,50,11.78072451800108
99_sik,2025-08-28,65,8.410016186535358
99_sik,2025-08-28,80,7.315012067556381
99_sik,2025-08-29,5,23.128482922911644
99_sik,2025-08-29,10,20.8930631428957
99_sik,2025-08-29,15,18.07095553725958
99_sik,2025-08-29,20,17.060182504355907
99_sik,2025-08-29,30,14.18167669326067
99_sik,2025-08-29,40,12.595202498137953
99_sik,2025-08-29,50,11.914029367268084
99_sik,2025-08-29,65,8.735221423208714
99_sik,2025-08-29,80,7.361888498067856
99_sik,2025-08-30,5,22.911679431796077
99_sik,2025-08-30,10,21.054200872778893
99_sik,2025-08-30,15,18.261391036212444
99_sik,2025-08-30,20,17.25721000134945
99_sik,2025-08-30,30,14.340617090463638
99_sik,2025-08-30,40,12.764397114515305
99_sik,2025-08-30,50,12.127170637249948
99_sik,2025-08-30,65,9.07287821173668
99_sik,2025-08-30,80,7.419751591980457
99_sik,2025-08-31,5,23.135807365179065
99_sik,2025-08-31,10,21.501724295318127
99_sik,2025-08-31,15,18.899349957704544
99_sik,2025-08-31,20,17.898831143975258
99_sik,2025-08-31,30,14.727347642183304
99_sik,2025-08-31,40,12.95043794810772
99_sik,2025-08-31,50,12.350566126406193
99_sik,2025-08-31,65,9.236213274300098
99_sik,2025-08-31,80,7.476882241666317
99_sik,2025-09-01,5,23.36359751969576
99_sik,2025-09-01,10,21.94851527363062
99_sik,2025-09-01,15,19.42817468941212
99_sik,2025-09-01,20,18.413006991147995
99_sik,2025-09-01,30,14.838679164648056
99_sik,2025-09-01,40,12.77025666832924
99_sik,2025-09-01,50,12.102267533540726
99_sik,2025-09-01,65,8.711050763726234
99_sik,2025-09-01,80,7.448316916823387
99_sik,2025-09-02,5,23.63240455091
99_sik,2025-09-02,10,22.463423565030094
99_sik,2025-09-02,15,20.029511399567127
99_sik,2025-09-02,20,19.018738366663456
99_sik,2025-09-02,30,15.098696865141392
99_sik,2025-09-02,40,12.661122478544712
99_sik,2025-09-02,50,11.851039163768291
99_sik,2025-09-02,65,8.020355857908726
99_sik,2025-09-02,80,7.311349846422672
99_sik,2025-09-03,5,23.91146580129862
99_sik,2025-09-03,10,22.96734519302845
99_sik,2025-09-03,15,20.60521256178617
99_sik,2025-09-03,20,19.63032929599285
99_sik,2025-09-03,30,15.542558066546915
99_sik,2025-09-03,40,12.873531304299831
99_sik,2025-09-03,50,11.94845424592495
99_sik,2025-09-03,65,7.796960368752479
99_sik,2025-09-03,80,7.156071670353413
99_sik,2025-09-04,5,23.899014249444008
99_sik,2025-09-04,10,23.150456249713898
99_sik,2025-09-04,15,20.83300271630287
99_sik,2025-09-04,20,19.89547410607338
99_sik,2025-09-04,30,15.876552633941174
99_sik,2025-09-04,40,13.177495658397676
99_sik,2025-09-04,50,12.23117771744728
99_sik,2025-09-04,65,7.961027875542641
99_sik,2025-09-04,80,7.132633455097675
99_sik,2025-09-05,5,23.82576982676983
99_sik,2025-09-05,10,23.219306007027622
99_sik,2025-09-05,15,20.984618671238422
99_sik,2025-09-05,20,20.069063387811184
99_sik,2025-09-05,30,16.13730277866125
99_sik,2025-09-05,40,13.386242263019083
99_sik,2025-09-05,50,12.41135899722576
99_sik,2025-09-05,65,8.123630493879318
99_sik,2025-09-05,80,7.173650331795216
99_sik,2025-09-06,5,23.85872981697321
99_sik,2025-09-06,10,23.312326423823837
99_sik,2025-09-06,15,21.31861323863268
99_sik,2025-09-06,20,20.400128178298477
99_sik,2025-09-06,30,16.498397782444954
99_sik,2025-09-06,40,13.65797907114029
99_sik,2025-09-06,50,12.618640713393688
99_sik,2025-09-06,65,8.121433161199093
99_sik,2025-09-06,80,7.218329429626465
99_sik,2025-09-07,5,23.847743153572083
99_sik,2025-09-07,10,23.190740682184696
99_sik,2025-09-07,15,21.262947477400303
99_sik,2025-09-07,20,20.351786859333515
99_sik,2025-09-07,30,16.514511555433273
99_sik,2025-09-07,40,13.709250167012216
99_sik,2025-09-07,50,12.653065592050552
99_sik,2025-09-07,65,8.169774480164051
99_sik,2025-09-07,80,7.246894754469395
99_sik,2025-09-08,5,23.868984036147594
99_sik,2025-09-08,10,23.194402903318405
99_sik,2025-09-08,15,21.418958097696304
99_sik,2025-09-08,20,20.556138798594475
99_sik,2025-09-08,30,16.79943235963583
99_sik,2025-09-08,40,14.01834163069725
99_sik,2025-09-08,50,12.9343241751194
99_sik,2025-09-08,65,8.569689027965069
99_sik,2025-09-08,80,7.306955181062221
99_sik,2025-09-09,5,23.819177828729156
99_sik,2025-09-09,10,23.11529892683029
99_sik,2025-09-09,15,21.3435163423419
99_sik,2025-09-09,20,20.48948637396097
99_sik,2025-09-09,30,16.789910584688187
99_sik,2025-09-09,40,14.121616266667845
99_sik,2025-09-09,50,13.096194349229336
99_sik,2025-09-09,65,8.981322683393955
99_sik,2025-09-09,80,7.385326713323593
99_sik,2025-09-10,5,23.848475597798824
99_sik,2025-09-10,10,23.141666918993
99_sik,2025-09-10,15,21.3435163423419
99_sik,2025-09-10,20,20.45945616066456
99_sik,2025-09-10,30,16.75109104067087
99_sik,2025-09-10,40,14.145786926150322
99_sik,2025-09-10,50,13.165776550769806
99_sik,2025-09-10,65,9.283822149038317
99_sik,2025-09-10,80,7.464430689811706
99_sik,2025-09-11,5,23.825037382543087
99_sik,2025-09-11,10,23.20026245713234
99_sik,2025-09-11,15,21.35596789419651
99_sik,2025-09-11,20,20.43308816850185
99_sik,2025-09-11,30,16.728385269641876
99_sik,2025-09-11,40,14.142857149243357
99_sik,2025-09-11,50,13.154057443141935
99_sik,2025-09-11,65,9.369518123567104
99_sik,2025-09-11,80,7.514236897230148
99_sik,2025-09-12,5,23.71517074853182
99_sik,2025-09-12,10,23.297677539289
99_sik,2025-09-12,15,21.416028320789337
99_sik,2025-09-12,20,20.455061495304108
99_sik,2025-09-12,30,16.702749721705914
99_sik,2025-09-12,40,14.073274947702885
99_sik,2025-09-12,50,13.06469924747944
99_sik,2025-09-12,65,9.094851538538933
99_sik,2025-09-12,80,7.520096451044083
99_sik,2025-09-13,5,23.219306007027622
99_sik,2025-09-13,10,23.160710468888283
99_sik,2025-09-13,15,21.50245673954487
99_sik,2025-09-13,20,20.400128178298477
99_sik,2025-09-13,30,16.589220866560936
99_sik,2025-09-13,40,13.767113260924816
99_sik,2025-09-13,50,12.748283341526983
99_sik,2025-09-13,65,8.204199358820915
99_sik,2025-09-13,80,7.528885781764984
99_sik,2025-09-14,5,23.35114596784115
99_sik,2025-09-14,10,23.34308908134699
99_sik,2025-09-14,15,22.567430645227432
99_sik,2025-09-14,20,21.385998107492924
99_sik,2025-09-14,30,17.428601950407028
99_sik,2025-09-14,40,14.34940642118454
99_sik,2025-09-14,50,13.113040566444395
99_sik,2025-09-14,65,7.894375450909138
99_sik,2025-09-14,80,7.490066237747669
99_sik,2025-09-15,5,23.096255376935005
99_sik,2025-09-15,10,23.031067840754982
99_sik,2025-09-15,15,22.32059694081545
99_sik,2025-09-15,20,21.40650654584169
99_sik,2025-09-15,30,17.44544816762209
99_sik,2025-09-15,40,14.5134739279747
99_sik,2025-09-15,50,13.291756957769394
99_sik,2025-09-15,65,7.954435877501965
99_sik,2025-09-15,80,7.448316916823387
99_sik,2025-09-16,5,23.28156376630068
99_sik,2025-09-16,10,23.00030518323183
99_sik,2025-09-16,15,22.017365030944347
99_sik,2025-09-16,20,21.23731192946434
99_sik,2025-09-16,30,17.481337934732437
99_sik,2025-09-16,40,14.588183239102364
99_sik,2025-09-16,50,13.401623591780664
99_sik,2025-09-16,65,8.478133499622345
99_sik,2025-09-16,80,7.496658235788345
99_sik,2025-09-17,5,23.28595843166113
99_sik,2025-09-17,10,23.080874048173428
99_sik,2025-09-17,15,21.960234381258488
99_sik,2025-09-17,20,21.17651905864477
99_sik,2025-09-17,30,17.50770592689514
99_sik,2025-09-17,40,14.767632074654102
99_sik,2025-09-17,50,13.6301461905241
99_sik,2025-09-17,65,9.260383933782578
99_sik,2025-09-17,80,7.666585296392441
99_sik,2025-09-18,5,22.964415416121483
99_sik,2025-09-18,10,22.97979674488306
99_sik,2025-09-18,15,22.011505477130413
99_sik,2025-09-18,20,21.227057710289955
99_sik,2025-09-18,30,17.64613788574934
99_sik,2025-09-18,40,14.99615467339754
99_sik,2025-09-18,50,13.820581689476969
99_sik,2025-09-18,65,9.962065503001211
99_sik,2025-09-18,80,7.745689272880554
99_sik,2025-09-19,5,22.68535416573286
99_sik,2025-09-19,10,22.682424388825893
99_sik,2025-09-19,15,22.13748588413
99_sik,2025-09-19,20,21.322275459766388
99_sik,2025-09-19,30,17.643940553069115
99_sik,2025-09-19,40,14.94268624484539
99_sik,2025-09-19,50,13.598651088774204
99_sik,2025-09-19,65,9.893948189914228
99_sik,2025-09-19,80,7.672444850206375
99_sik,2025-09-20,5,22.350627154111866
99_sik,2025-09-20,10,22.393841363489628
99_sik,2025-09-20,15,22.05325479805469
99_sik,2025-09-20,20,21.189703054726124
99_sik,2025-09-20,30,17.476943269371986
99_sik,2025-09-20,40,14.613086342811584
99_sik,2025-09-20,50,13.230964086949824
99_sik,2025-09-20,65,9.628070935606956
99_sik,2025-09-20,80,7.643147081136703
99_sik,2025-09-21,5,22.06936857104301
99_sik,2025-09-21,10,22.070833459496495
99_sik,2025-09-21,15,22.26639606803656
99_sik,2025-09-21,20,21.74929044395685
99_sik,2025-09-21,30,18.09219641983509
99_sik,2025-09-21,40,14.9954222291708
99_sik,2025-09-21,50,13.632343523204328
99_sik,2025-09-21,65,9.877101972699164
99_sik,2025-09-21,80,7.734702609479427
99_sik,2025-09-22,5,21.922879725694656
99_sik,2025-09-22,10,21.91994994878769
99_sik,2025-09-22,15,22.190954312682152
99_sik,2025-09-22,20,21.754417553544044
99_sik,2025-09-22,30,17.99844355881214
99_sik,2025-09-22,40,14.785943180322649
99_sik,2025-09-22,50,13.450697354972364
99_sik,2025-09-22,65,9.7936033308506
99_sik,2025-09-22,80,7.777916818857193
99_sik,2025-09-23,5,21.8430433049798
99_sik,2025-09-23,10,21.840113528072838
99_sik,2025-09-23,15,22.12063966691494
99_sik,2025-09-23,20,21.61452070623636
99_sik,2025-09-23,30,17.76918851584196
99_sik,2025-09-23,40,14.372112192213535
99_sik,2025-09-23,50,13.031739257276058
99_sik,2025-09-23,65,9.675679810345173
99_sik,2025-09-23,80,7.799157701432705
99_sik,2025-09-24,5,21.76100955158472
99_sik,2025-09-24,10,21.763206884264942
99_sik,2025-09-24,15,21.99832148104906
99_sik,2025-09-24,20,21.569841608405117
99_sik,2025-09-24,30,17.94131290912628
99_sik,2025-09-24,40,14.396282851696014
99_sik,2025-09-24,50,13.101321458816528
99_sik,2025-09-24,65,9.485976755619047
99_sik,2025-09-24,80,7.921475887298584
99_sik,2025-09-25,5,21.61745048314333
99_sik,2025-09-25,10,21.65334025025368
99_sik,2025-09-25,15,21.93752861022949
99_sik,2025-09-25,20,21.61012604087591
99_sik,2025-09-25,30,18.09439375251532
99_sik,2025-09-25,40,14.519333481788635
99_sik,2025-09-25,50,13.311532951891422
99_sik,2025-09-25,65,8.965208910405636
99_sik,2025-09-25,80,8.10385449975729
99_sik,2025-09-26,5,21.64528336375952
99_sik,2025-09-26,10,21.64162114262581
99_sik,2025-09-26,15,22.019562363624573
99_sik,2025-09-26,20,21.87307351827621
99_sik,2025-09-26,30,18.5375225096941
99_sik,2025-09-26,40,15.02838221937418
99_sik,2025-09-26,50,13.709982611238956
99_sik,2025-09-26,65,8.768913857638836
99_sik,2025-09-26,80,8.107516720890999
99_sik,2025-09-27,5,21.635761588811874
99_sik,2025-09-27,10,21.631366923451424
99_sik,2025-09-27,15,21.986602373421192
99_sik,2025-09-27,20,21.966093935072426
99_sik,2025-09-27,30,18.755790889263157
99_sik,2025-09-27,40,15.344798125326632
99_sik,2025-09-27,50,13.94070254266262
99_sik,2025-09-27,65,8.973998241126537
99_sik,2025-09-27,80,8.090670503675938
99_sik,2025-09-28,5,21.604266487061977
99_sik,2025-09-28,10,21.60280159860849
99_sik,2025-09-28,15,21.950712606310844
99_sik,2025-09-28,20,21.94778282940388
99_sik,2025-09-28,30,18.747734002768997
99_sik,2025-09-28,40,15.440748319029808
99_sik,2025-09-28,50,14.058626063168049
99_sik,2025-09-28,65,9.381237231194971
99_sik,2025-09-28,80,8.127292715013027
99_sik,2025-09-29,5,21.599139377474785
99_sik,2025-09-29,10,21.59694204479456
99_sik,2025-09-29,15,21.860621966421604
99_sik,2025-09-29,20,21.94485305249691
99_sik,2025-09-29,30,18.826105535030365
99_sik,2025-09-29,40,15.491286970674992
99_sik,2025-09-29,50,14.147251814603806
99_sik,2025-09-29,65,9.70717491209507
99_sik,2025-09-29,80,8.164647370576859
99_sik,2025-09-30,5,21.569841608405117
99_sik,2025-09-30,10,21.567644275724888
99_sik,2025-09-30,15,21.7676015496254
99_sik,2025-09-30,20,21.91262550652027
99_sik,2025-09-30,30,18.752861112356182
99_sik,2025-09-30,40,15.4370860978961
99_sik,2025-09-30,50,14.12015137821436
99_sik,2025-09-30,65,9.819971323013306
99_sik,2025-09-30,80,8.193212695419788
99_sik,2025-10-01,5,21.512710958719254
99_sik,2025-10-01,10,21.550065614283085
99_sik,2025-10-01,15,21.7939695417881
99_sik,2025-10-01,20,21.794701986014843
99_sik,2025-10-01,30,18.469405196607116
99_sik,2025-10-01,40,15.133854188024998
99_sik,2025-10-01,50,13.859401233494282
99_sik,2025-10-01,65,9.866115309298038
99_sik,2025-10-01,80,8.25107578933239
99_sik,2025-10-02,5,21.4995269626379
99_sik,2025-10-02,10,21.521500289440155
99_sik,2025-10-02,15,21.68337046355009
99_sik,2025-10-02,20,21.648945584893227
99_sik,2025-10-02,30,18.474532306194305
99_sik,2025-10-02,40,15.107486195862291
99_sik,2025-10-02,50,13.800073251128197
99_sik,2025-10-02,65,10.049226365983486
99_sik,2025-10-02,80,8.39829707890749
99_sik,2025-10-03,5,21.468031860888004
99_sik,2025-10-03,10,21.455580309033397
99_sik,2025-10-03,15,21.53541672974825
99_sik,2025-10-03,20,21.456312753260136
99_sik,2025-10-03,30,18.302407912909985
99_sik,2025-10-03,40,15.058412432670591
99_sik,2025-10-03,50,13.701193280518057
99_sik,2025-10-03,65,10.019196152687073
99_sik,2025-10-03,80,8.475203722715378
99_sik,2025-10-04,5,21.39039277285337
99_sik,2025-10-04,10,21.39039277285337
99_sik,2025-10-04,15,21.35523544996977
99_sik,2025-10-04,20,21.15454573184252
99_sik,2025-10-04,30,17.955961793661118
99_sik,2025-10-04,40,14.861384935677052
99_sik,2025-10-04,50,13.522476889193058
99_sik,2025-10-04,65,10.000152602791786
99_sik,2025-10-04,80,8.547715701162815
99_sik,2025-10-05,5,21.304696798324585
99_sik,2025-10-05,10,21.283455915749077
99_sik,2025-10-05,15,21.18384350091219
99_sik,2025-10-05,20,20.973632007837296
99_sik,2025-10-05,30,18.1046479716897
99_sik,2025-10-05,40,15.006408892571926
99_sik,2025-10-05,50,13.688741728663445
99_sik,2025-10-05,65,9.96060061454773
99_sik,2025-10-05,80,8.699331656098366
99_sik,2025-10-06,5,20.928220465779305
99_sik,2025-10-06,10,20.928220465779305
99_sik,2025-10-06,15,20.960448011755943
99_sik,2025-10-06,20,20.830072939395905
99_sik,2025-10-06,30,18.29874569177628
99_sik,2025-10-06,40,15.313303023576736
99_sik,2025-10-06,50,13.973662532866
99_sik,2025-10-06,65,9.720358908176422
99_sik,2025-10-06,80,8.834101393818855
99_sik,2025-10-07,5,20.534897916018963
99_sik,2025-10-07,10,20.534897916018963
99_sik,2025-10-07,15,20.56639301776886
99_sik,2025-10-07,20,20.55467391014099
99_sik,2025-10-07,30,18.074617758393288
99_sik,2025-10-07,40,15.255439929664137
99_sik,2025-10-07,50,13.923123881220818
99_sik,2025-10-07,65,9.480849646031857
99_sik,2025-10-07,80,8.837031170725822
99_sik,2025-10-08,5,20.18185979872942
99_sik,2025-10-08,10,20.176732689142227
99_sik,2025-10-08,15,20.17307046800852
99_sik,2025-10-08,20,20.196508683264256
99_sik,2025-10-08,30,18.22769860178232
99_sik,2025-10-08,40,15.556474506855013
99_sik,2025-10-08,50,14.125278487801552
99_sik,2025-10-08,65,9.463270984590054
99_sik,2025-10-08,80,8.869258716702461
99_sik,2025-10-09,5,19.913052767515182
99_sik,2025-10-09,10,19.913052767515182
99_sik,2025-10-09,15,19.913052767515182
99_sik,2025-10-09,20,19.995086520910263
99_sik,2025-10-09,30,18.493575856089592
99_sik,2025-10-09,40,15.97762993723154
99_sik,2025-10-09,50,14.48857082426548
99_sik,2025-10-09,65,9.714499354362488
99_sik,2025-10-09,80,8.887569822371006
99_sik,2025-10-10,5,19.69551683217287
99_sik,2025-10-10,10,19.69551683217287
99_sik,2025-10-10,15,19.69624927639961
99_sik,2025-10-10,20,19.774620808660984
99_sik,2025-10-10,30,18.564622946083546
99_sik,2025-10-10,40,16.031830810010433
99_sik,2025-10-10,50,14.54203925281763
99_sik,2025-10-10,65,9.9811090528965
99_sik,2025-10-10,80,8.92565692216158
99_sik,2025-10-11,5,19.484572894871235
99_sik,2025-10-11,10,19.484572894871235
99_sik,2025-10-11,15,19.48896756023169
99_sik,2025-10-11,20,19.52705466002226
99_sik,2025-10-11,30,18.601977601647377
99_sik,2025-10-11,40,16.05526902526617
99_sik,2025-10-11,50,14.580126352608204
99_sik,2025-10-11,65,10.264564968645573
99_sik,2025-10-11,80,9.017944894731045
99_sik,2025-10-12,5,19.33588671684265
99_sik,2025-10-12,10,19.336619161069397
99_sik,2025-10-12,15,19.34687338024378
99_sik,2025-10-12,20,19.390087589621544
99_sik,2025-10-12,30,18.383709222078323
99_sik,2025-10-12,40,15.71175268292427
99_sik,2025-10-12,50,14.342081978917122
99_sik,2025-10-12,65,10.494552455842497
99_sik,2025-10-12,80,9.102908425033092
99_sik,2025-10-13,5,19.203314311802387
99_sik,2025-10-13,10,19.203314311802387
99_sik,2025-10-13,15,19.20404675602913
99_sik,2025-10-13,20,19.21283608675003
99_sik,2025-10-13,30,18.580004274845123
99_sik,2025-10-13,40,15.867763303220272
99_sik,2025-10-13,50,14.473921939730644
99_sik,2025-10-13,65,10.658619962632656
99_sik,2025-10-13,80,9.169560849666595
99_sik,2025-10-14,5,19.127872556447983
99_sik,2025-10-14,10,19.12567522376776
99_sik,2025-10-14,15,19.16010010242462
99_sik,2025-10-14,20,19.19452498108149
99_sik,2025-10-14,30,18.569017611444
99_sik,2025-10-14,40,15.841395311057568
99_sik,2025-10-14,50,14.437299728393556
99_sik,2025-10-14,65,10.440351583063602
99_sik,2025-10-14,80,9.187139511108398
99_sik,2025-10-15,5,18.990905486047268
99_sik,2025-10-15,10,18.990905486047268
99_sik,2025-10-15,15,19.02899258583784
99_sik,2025-10-15,20,19.12347789108753
99_sik,2025-10-15,30,18.630542926490307
99_sik,2025-10-15,40,15.92416150867939
99_sik,2025-10-15,50,14.450483724474909
99_sik,2025-10-15,65,10.11587879061699
99_sik,2025-10-15,80,9.202520839869976
99_sik,2025-10-16,5,18.8898281827569
99_sik,2025-10-16,10,18.8898281827569
99_sik,2025-10-16,15,18.94329661130905
99_sik,2025-10-16,20,19.014343701303005
99_sik,2025-10-16,30,18.601245157420635
99_sik,2025-10-16,40,16.0347605869174
99_sik,2025-10-16,50,14.538377031683922
99_sik,2025-10-16,65,9.923245958983898
99_sik,2025-10-16,80,9.18347728997469
99_sik,2025-10-17,5,18.82903531193733
99_sik,2025-10-17,10,18.826837979257107
99_sik,2025-10-17,15,18.903744623064995
99_sik,2025-10-17,20,18.940366834402084
99_sik,2025-10-17,30,18.64885403215885
99_sik,2025-10-17,40,16.371684931218624
99_sik,2025-10-17,50,14.834284499287604
99_sik,2025-10-17,65,9.93276773393154
99_sik,2025-10-17,80,9.188604399561882
99_sik,2025-10-18,5,18.728690452873707
99_sik,2025-10-18,10,18.736747339367867
99_sik,2025-10-18,15,18.785088658332825
99_sik,2025-10-18,20,18.8319650888443
99_sik,2025-10-18,30,18.64812158793211
99_sik,2025-10-18,40,16.596545308828354
99_sik,2025-10-18,50,15.065736874938011
99_sik,2025-10-18,65,10.065340138971806
99_sik,2025-10-18,80,9.195196397602558
99_sik,2025-10-19,5,18.5287331789732
99_sik,2025-10-19,10,18.5287331789732
99_sik,2025-10-19,15,18.52946562319994
99_sik,2025-10-19,20,18.53312784433365
99_sik,2025-10-19,30,18.72649312019348
99_sik,2025-10-19,40,16.87267678231001
99_sik,2025-10-19,50,15.291329696774485
99_sik,2025-10-19,65,10.271156966686249
99_sik,2025-10-19,80,9.22083194553852
99_sik,2025-10-20,5,18.330240793526173
99_sik,2025-10-20,10,18.330240793526173
99_sik,2025-10-20,15,18.330240793526173
99_sik,2025-10-20,20,18.330240793526173
99_sik,2025-10-20,30,18.580736719071865
99_sik,2025-10-20,40,17.030152291059494
99_sik,2025-10-20,50,15.330149240791798
99_sik,2025-10-20,65,10.539963997900486
99_sik,2025-10-20,80,9.31458480656147
99_sik,2025-10-21,5,18.1046479716897
99_sik,2025-10-21,10,18.1046479716897
99_sik,2025-10-21,15,18.1046479716897
99_sik,2025-10-21,20,18.1046479716897
99_sik,2025-10-21,30,18.3097323551774
99_sik,2025-10-21,40,17.284310437738895
99_sik,2025-10-21,50,15.22101505100727
99_sik,2025-10-21,65,10.871028788387775
99_sik,2025-10-21,80,9.3431501314044
99_sik,2025-10-22,5,17.913480028510094
99_sik,2025-10-22,10,17.913480028510094
99_sik,2025-10-22,15,17.913480028510094
99_sik,2025-10-22,20,17.913480028510094
99_sik,2025-10-22,30,17.946440018713474
99_sik,2025-10-22,40,17.36414685845375
99_sik,2025-10-22,50,15.013733334839344
99_sik,2025-10-22,65,10.557542659342287
99_sik,2025-10-22,80,9.455946542322636
99_sik,2025-10-23,5,17.730368971824646
99_sik,2025-10-23,10,17.730368971824646
99_sik,2025-10-23,15,17.730368971824646
99_sik,2025-10-23,20,17.730368971824646
99_sik,2025-10-23,30,17.730368971824646
99_sik,2025-10-23,40,17.451307721436024
99_sik,2025-10-23,50,15.010803557932377
99_sik,2025-10-23,65,10.199377432465552
99_sik,2025-10-23,80,10.055818364024162
99_sik,2025-10-24,5,17.573625907301903
99_sik,2025-10-24,10,17.573625907301903
99_sik,2025-10-24,15,17.573625907301903
99_sik,2025-10-24,20,17.574358351528645
99_sik,2025-10-24,30,17.575823239982128
99_sik,2025-10-24,40,17.386120185256004
99_sik,2025-10-24,50,14.929502248764038
99_sik,2025-10-24,65,10.40665914863348
99_sik,2025-10-24,80,10.261635191738604
99_sik,2025-10-25,5,17.50257881730795
99_sik,2025-10-25,10,17.50257881730795
99_sik,2025-10-25,15,17.501113928854465
99_sik,2025-10-25,20,17.501113928854465
99_sik,2025-10-25,30,17.554582357406616
99_sik,2025-10-25,40,17.087282940745354
99_sik,2025-10-25,50,14.624805450439451
99_sik,2025-10-25,65,10.478438682854176
99_sik,2025-10-25,80,10.39860226213932
99_sik,2025-10-26,5,17.402233958244324
99_sik,2025-10-26,10,17.42127750813961
99_sik,2025-10-26,15,17.439588613808155
99_sik,2025-10-26,20,17.4491103887558
99_sik,2025-10-26,30,17.529679253697395
99_sik,2025-10-26,40,16.531357772648335
99_sik,2025-10-26,50,14.147984258830547
99_sik,2025-10-26,65,10.553147993981838
99_sik,2025-10-26,80,10.461592465639114
99_sik,2025-10-27,5,17.341441087424755
99_sik,2025-10-27,10,17.341441087424755
99_sik,2025-10-27,15,17.34290597587824
99_sik,2025-10-27,20,17.34803308546543
99_sik,2025-10-27,30,17.398571737110615
99_sik,2025-10-27,40,16.79943235963583
99_sik,2025-10-27,50,14.451216168701649
99_sik,2025-10-27,65,10.690847508609297
99_sik,2025-10-27,80,10.531174667179585
99_sik,2025-10-28,5,17.05359050631523
99_sik,2025-10-28,10,17.05359050631523
99_sik,2025-10-28,15,17.05359050631523
99_sik,2025-10-28,20,17.05359050631523
99_sik,2025-10-28,30,17.05359050631523
99_sik,2025-10-28,40,17.203009128570557
99_sik,2025-10-28,50,15.267159037292004
99_sik,2025-10-28,65,10.726737275719644
99_sik,2025-10-28,80,10.585375539958475
99_sik,2025-10-29,5,16.765007480978966
99_sik,2025-10-29,10,16.765007480978966
99_sik,2025-10-29,15,16.765007480978966
99_sik,2025-10-29,20,16.765007480978966
99_sik,2025-10-29,30,16.765007480978966
99_sik,2025-10-29,40,16.874141670763493
99_sik,2025-10-29,50,15.111148416996002
99_sik,2025-10-29,65,10.628589749336244
99_sik,2025-10-29,80,10.645435966551304
99_sik,2025-10-30,5,16.59141819924116
99_sik,2025-10-30,10,16.59141819924116
99_sik,2025-10-30,15,16.59141819924116
99_sik,2025-10-30,20,16.59141819924116
99_sik,2025-10-30,30,16.592150643467903
99_sik,2025-10-30,40,16.379741817712784
99_sik,2025-10-30,50,14.216834016144276
99_sik,2025-10-30,65,10.579515986144544
99_sik,2025-10-30,80,10.59489731490612
99_sik,2025-10-31,5,16.52916043996811
99_sik,2025-10-31,10,16.536484882235527
99_sik,2025-10-31,15,16.53794977068901
99_sik,2025-10-31,20,16.538682214915752
99_sik,2025-10-31,30,16.564317762851715
99_sik,2025-10-31,40,15.94906461238861
99_sik,2025-10-31,50,13.407483145594597
99_sik,2025-10-31,65,10.441084027290344
99_sik,2025-10-31,80,10.48429823666811
99_sik,2025-11-01,5,16.40684225410223
99_sik,2025-11-01,10,16.428815580904484
99_sik,2025-11-01,15,16.450788907706738
99_sik,2025-11-01,20,16.45957823842764
99_sik,2025-11-01,30,16.50865200161934
99_sik,2025-11-01,40,16.110934786498547
99_sik,2025-11-01,50,13.73195593804121
99_sik,2025-11-01,65,10.399334706366062
99_sik,2025-11-01,80,10.47257912904024
99_sik,2025-11-02,5,16.39439070224762
99_sik,2025-11-02,10,16.39439070224762
99_sik,2025-11-02,15,16.39439070224762
99_sik,2025-11-02,20,16.39439070224762
99_sik,2025-11-02,30,16.39805292338133
99_sik,2025-11-02,40,16.094088569283485
99_sik,2025-11-02,50,13.835230574011804
99_sik,2025-11-02,65,10.36198005080223
99_sik,2025-11-02,80,10.452803134918211
99_sik,2025-11-03,5,16.30430006235838
99_sik,2025-11-03,10,16.30430006235838
99_sik,2025-11-03,15,16.30430006235838
99_sik,2025-11-03,20,16.30430006235838
99_sik,2025-11-03,30,16.307229839265347
99_sik,2025-11-03,40,15.90804773569107
99_sik,2025-11-03,50,13.644062630832195
99_sik,2025-11-03,65,10.33268228173256
99_sik,2025-11-03,80,10.462324909865856
99_sik,2025-11-04,5,16.207617424428463
99_sik,2025-11-04,10,16.207617424428463
99_sik,2025-11-04,15,16.207617424428463
99_sik,2025-11-04,20,16.207617424428463
99_sik,2025-11-04,30,16.208349868655205
99_sik,2025-11-04,40,15.722006902098656
99_sik,2025-11-04,50,13.44117558002472
99_sik,2025-11-04,65,10.307046733796597
99_sik,2025-11-04,80,10.497482232749462
99_sik,2025-11-05,5,16.15781121701002
99_sik,2025-11-05,10,16.15781121701002
99_sik,2025-11-05,15,16.156346328556538
99_sik,2025-11-05,20,16.156346328556538
99_sik,2025-11-05,30,16.155613884329796
99_sik,2025-11-05,40,15.42170476913452
99_sik,2025-11-05,50,13.135746337473392
99_sik,2025-11-05,65,10.385418266057968
99_sik,2025-11-05,80,10.5297097787261
99_sik,2025-11-06,5,16.050141915678978
99_sik,2025-11-06,10,16.048677027225494
99_sik,2025-11-06,15,16.04721213877201
99_sik,2025-11-06,20,16.04647969454527
99_sik,2025-11-06,30,16.04647969454527
99_sik,2025-11-06,40,15.362376786768436
99_sik,2025-11-06,50,13.019287705421448
99_sik,2025-11-06,65,10.437421806156635
99_sik,2025-11-06,80,10.536301776766775
99_sik,2025-11-07,5,15.812829986214638
99_sik,2025-11-07,10,15.812829986214638
99_sik,2025-11-07,15,15.812829986214638
99_sik,2025-11-07,20,15.812829986214638
99_sik,2025-11-07,30,15.812829986214638
99_sik,2025-11-07,40,15.607745602726936
99_sik,2025-11-07,50,13.366466268897057
99_sik,2025-11-07,65,10.368572048842909
99_sik,2025-11-07,80,10.507004007697104
99_sik,2025-11-08,5,15.60481582581997
99_sik,2025-11-08,10,15.60481582581997
99_sik,2025-11-08,15,15.60481582581997
99_sik,2025-11-08,20,15.60481582581997
99_sik,2025-11-08,30,15.60481582581997
99_sik,2025-11-08,40,15.622394487261772
99_sik,2025-11-08,50,13.761986151337624
99_sik,2025-11-08,65,10.346598722040651
99_sik,2025-11-08,80,10.4806360155344
99_sik,2025-11-09,5,15.45759453624487
99_sik,2025-11-09,10,15.45759453624487
99_sik,2025-11-09,15,15.45759453624487
99_sik,2025-11-09,20,15.45759453624487
99_sik,2025-11-09,30,15.458326980471613
99_sik,2025-11-09,40,15.215887941420078
99_sik,2025-11-09,50,13.372325822710993
99_sik,2025-11-09,65,10.409588925540447
99_sik,2025-11-09,80,10.53337199985981
99_sik,2025-11-10,5,15.28180792182684
99_sik,2025-11-10,10,15.28180792182684
99_sik,2025-11-10,15,15.28180792182684
99_sik,2025-11-10,20,15.28180792182684
99_sik,2025-11-10,30,15.28180792182684
99_sik,2025-11-10,40,15.210028387606144
99_sik,2025-11-10,50,13.34302805364132
99_sik,2025-11-10,65,10.614673309028149
99_sik,2025-11-10,80,10.571459099650385
99_sik,2025-11-11,5,15.064271986484528
99_sik,2025-11-11,10,15.064271986484528
99_sik,2025-11-11,15,15.064271986484528
99_sik,2025-11-11,20,15.064271986484528
99_sik,2025-11-11,30,15.064271986484528
99_sik,2025-11-11,40,15.0935697555542
99_sik,2025-11-11,50,14.1611682549119
99_sik,2025-11-11,65,10.88933989405632
99_sik,2025-11-11,80,10.621265307068825
99_sik,2025-11-12,5,14.892880037426949
99_sik,2025-11-12,10,14.892880037426949
99_sik,2025-11-12,15,14.892880037426949
99_sik,2025-11-12,20,14.892880037426949
99_sik,2025-11-12,30,14.892880037426949
99_sik,2025-11-12,40,14.886288039386272
99_sik,2025-11-12,50,14.377239301800728
99_sik,2025-11-12,65,10.907650999724863
99_sik,2025-11-12,80,10.689382620155811
99_sik,2025-11-13,5,14.780083626508713
99_sik,2025-11-13,10,14.780816070735456
99_sik,2025-11-13,15,14.781548514962196
99_sik,2025-11-13,20,14.781548514962196
99_sik,2025-11-13,30,14.783745847642422
99_sik,2025-11-13,40,14.793267622590063
99_sik,2025-11-13,50,14.045442067086697
99_sik,2025-11-13,65,10.830011911690235
99_sik,2025-11-13,80,10.701834172010422
99_sik,2025-11-14,5,14.673146769404411
99_sik,2025-11-14,10,14.673146769404411
99_sik,2025-11-14,15,14.673146769404411
99_sik,2025-11-14,20,14.673146769404411
99_sik,2025-11-14,30,14.673146769404411
99_sik,2025-11-14,40,14.663624994456768
99_sik,2025-11-14,50,13.84182257205248
99_sik,2025-11-14,65,10.791924811899662
99_sik,2025-11-14,80,10.691579952836037
99_sik,2025-11-15,5,14.539841920137404
99_sik,2025-11-15,10,14.539841920137404
99_sik,2025-11-15,15,14.539841920137404
99_sik,2025-11-15,20,14.539841920137404
99_sik,2025-11-15,30,14.539841920137404
99_sik,2025-11-15,40,14.536912143230438
99_sik,2025-11-15,50,13.86745811998844
99_sik,2025-11-15,65,10.77434615045786
99_sik,2025-11-15,80,10.714285723865032
99_sik,2025-11-16,5,14.443159282207487
99_sik,2025-11-16,10,14.443159282207487
99_sik,2025-11-16,15,14.443159282207487
99_sik,2025-11-16,20,14.443159282207487
99_sik,2025-11-16,30,14.442426837980747
99_sik,2025-11-16,40,14.396282851696014
99_sik,2025-11-16,50,13.510025337338448
99_sik,2025-11-16,65,10.751640379428864
99_sik,2025-11-16,80,10.73772393912077
99_sik,2025-11-17,5,14.2593157812953
99_sik,2025-11-17,10,14.2593157812953
99_sik,2025-11-17,15,14.2593157812953
99_sik,2025-11-17,20,14.2593157812953
99_sik,2025-11-17,30,14.2593157812953
99_sik,2025-11-17,40,14.277626886963844
99_sik,2025-11-17,50,13.435316026210783
99_sik,2025-11-17,65,10.771416373550892
99_sik,2025-11-17,80,10.755302600562572
99_sik,2025-11-18,5,13.998565636575222
99_sik,2025-11-18,10,13.998565636575222
99_sik,2025-11-18,15,13.998565636575222
99_sik,2025-11-18,20,13.998565636575222
99_sik,2025-11-18,30,13.998565636575222
99_sik,2025-11-18,40,13.998565636575222
99_sik,2025-11-18,50,13.570085763931274
99_sik,2025-11-18,65,10.805108807981014
99_sik,2025-11-18,80,10.771416373550892
99_sik,2025-11-19,5,13.767113260924816
99_sik,2025-11-19,10,13.767113260924816
99_sik,2025-11-19,15,13.767113260924816
99_sik,2025-11-19,20,13.767113260924816
99_sik,2025-11-19,30,13.767113260924816
99_sik,2025-11-19,40,13.767113260924816
99_sik,2025-11-19,50,13.592059090733528
99_sik,2025-11-19,65,10.860042124986649
99_sik,2025-11-19,80,10.818292804062366
99_sik,2025-11-20,5,13.614764861762524
99_sik,2025-11-20,10,13.614764861762524
99_sik,2025-11-20,15,13.614764861762524
99_sik,2025-11-20,20,13.614764861762524
99_sik,2025-11-20,30,13.614764861762524
99_sik,2025-11-20,40,13.618427082896233
99_sik,2025-11-20,50,13.195074319839478
99_sik,2025-11-20,65,10.859309680759909
99_sik,2025-11-20,80,10.85271768271923
99_sik,2025-11-21,5,13.418469808995724
99_sik,2025-11-21,10,13.418469808995724
99_sik,2025-11-21,15,13.418469808995724
99_sik,2025-11-21,20,13.418469808995724
99_sik,2025-11-21,30,13.418469808995724
99_sik,2025-11-21,40,13.4338511377573
99_sik,2025-11-21,50,12.965819276869295
99_sik,2025-11-21,65,10.841731019318104
99_sik,2025-11-21,80,10.863704346120358
99_sik,2025-11-22,5,13.187017433345318
99_sik,2025-11-22,10,13.187017433345318
99_sik,2025-11-22,15,13.187017433345318
99_sik,2025-11-22,20,13.187017433345318
99_sik,2025-11-22,30,13.187017433345318
99_sik,2025-11-22,40,13.187017433345318
99_sik,2025-11-22,50,13.006836153566836
99_sik,2025-11-22,65,10.851985238492489
99_sik,2025-11-22,80,10.870296344161034
99_sik,2025-11-23,5,13.074221022427082
99_sik,2025-11-23,10,13.07348857820034
99_sik,2025-11-23,15,13.07348857820034
99_sik,2025-11-23,20,13.072756133973598
99_sik,2025-11-23,30,13.072023689746857
99_sik,2025-11-23,40,13.074953466653824
99_sik,2025-11-23,50,12.855220198631288
99_sik,2025-11-23,65,10.853450126945972
99_sik,2025-11-23,80,10.88494522869587
99_sik,2025-11-24,5,12.956297501921654
99_sik,2025-11-24,10,12.955565057694912
99_sik,2025-11-24,15,12.954100169241428
99_sik,2025-11-24,20,12.954100169241428
99_sik,2025-11-24,30,12.953367725014688
99_sik,2025-11-24,40,12.944578394293783
99_sik,2025-11-24,50,12.54979095607996
99_sik,2025-11-24,65,10.820490136742592
99_sik,2025-11-24,80,10.890804782509804
99_sik,2025-11-25,5,12.764397114515305
99_sik,2025-11-25,10,12.764397114515305
99_sik,2025-11-25,15,12.76293222606182
99_sik,2025-11-25,20,12.76219978183508
99_sik,2025-11-25,30,12.767326891422272
99_sik,2025-11-25,40,12.77025666832924
99_sik,2025-11-25,50,12.240699492394924
99_sik,2025-11-25,65,10.760429710149763
99_sik,2025-11-25,80,10.796319477260113
99_sik,2025-11-26,5,12.531479850411417
99_sik,2025-11-26,10,12.531479850411417
99_sik,2025-11-26,15,12.531479850411417
99_sik,2025-11-26,20,12.531479850411417
99_sik,2025-11-26,30,12.534409627318382
99_sik,2025-11-26,40,12.665517143905165
99_sik,2025-11-26,50,12.07589954137802
99_sik,2025-11-26,65,10.71355327963829
99_sik,2025-11-26,80,10.751640379428864
99_sik,2025-11-27,5,12.43113499134779
99_sik,2025-11-27,10,12.432599879801272
99_sik,2025-11-27,15,12.436994545161724
99_sik,2025-11-27,20,12.43919187784195
99_sik,2025-11-27,30,12.447981208562853
99_sik,2025-11-27,40,12.62743004411459
99_sik,2025-11-27,50,12.06344798952341
99_sik,2025-11-27,65,10.736259050667286
99_sik,2025-11-27,80,10.761162154376509
99_sik,2025-11-28,5,12.414288774132729
99_sik,2025-11-28,10,12.414288774132729
99_sik,2025-11-28,15,12.41502121835947
99_sik,2025-11-28,20,12.416486106812954
99_sik,2025-11-28,30,12.426007881760595
99_sik,2025-11-28,40,12.605456717312336
99_sik,2025-11-28,50,12.39011811465025
99_sik,2025-11-28,65,10.821222580969334
99_sik,2025-11-28,80,10.813165694475174
99_sik,2025-11-29,5,12.400372333824636
99_sik,2025-11-29,10,12.400372333824636
99_sik,2025-11-29,15,12.401104778051376
99_sik,2025-11-29,20,12.401104778051376
99_sik,2025-11-29,30,12.401104778051376
99_sik,2025-11-29,40,12.401837222278118
99_sik,2025-11-29,50,12.57396161556244
99_sik,2025-11-29,65,11.010925635695456
99_sik,2025-11-29,80,10.846125684678556
99_sik,2025-11-30,5,12.40256966650486
99_sik,2025-11-30,10,12.403302110731602
99_sik,2025-11-30,15,12.403302110731602
99_sik,2025-11-30,20,12.403302110731602
99_sik,2025-11-30,30,12.404034554958344
99_sik,2025-11-30,40,12.41062655299902
99_sik,2025-11-30,50,12.544663846492767
99_sik,2025-11-30,65,11.161809146404266
99_sik,2025-11-30,80,10.863704346120358
99_sik,2025-12-01,5,12.357158124446867
99_sik,2025-12-01,10,12.358623012900352
99_sik,2025-12-01,15,12.36155278980732
99_sik,2025-12-01,20,12.36228523403406
99_sik,2025-12-01,30,12.367412343621254
99_sik,2025-12-01,40,12.387920781970024
99_sik,2025-12-01,50,12.445783875882626
99_sik,2025-12-01,65,11.197698913514614
99_sik,2025-12-01,80,10.895931892096996
99_sik,2025-12-02,5,12.305887028574944
99_sik,2025-12-02,10,12.308084361255167
99_sik,2025-12-02,15,12.309549249708652
99_sik,2025-12-02,20,12.309549249708652
99_sik,2025-12-02,30,12.311746582388878
99_sik,2025-12-02,40,12.339579463005066
99_sik,2025-12-02,50,12.379131451249124
99_sik,2025-12-02,65,11.18378247320652
99_sik,2025-12-02,80,10.947202987968922
99_sik,2025-12-03,5,12.217261277139189
99_sik,2025-12-03,10,12.217261277139189
99_sik,2025-12-03,15,12.217261277139189
99_sik,2025-12-03,20,12.217261277139189
99_sik,2025-12-03,30,12.217993721365929
99_sik,2025-12-03,40,12.22312083095312
99_sik,2025-12-03,50,12.327860355377195
99_sik,2025-12-03,65,11.184514917433262
99_sik,2025-12-03,80,10.997009195387363
99_sik,2025-12-04,5,12.076631985604765
99_sik,2025-12-04,10,12.076631985604765
99_sik,2025-12-04,15,12.076631985604765
99_sik,2025-12-04,20,12.076631985604765
99_sik,2025-12-04,30,12.076631985604765
99_sik,2025-12-04,40,12.076631985604765
99_sik,2025-12-04,50,12.10373242199421
99_sik,2025-12-04,65,11.336863316595554
99_sik,2025-12-04,80,11.029236741364002
99_sik,2025-12-05,5,11.922818697988989
99_sik,2025-12-05,10,11.922818697988989
99_sik,2025-12-05,15,11.923551142215729
99_sik,2025-12-05,20,11.923551142215729
99_sik,2025-12-05,30,11.923551142215729
99_sik,2025-12-05,40,11.923551142215729
99_sik,2025-12-05,50,11.92794580757618
99_sik,2025-12-05,65,11.573442801833153
99_sik,2025-12-05,80,11.0695211738348
99_sik,2025-12-06,5,11.751426748931408
99_sik,2025-12-06,10,11.751426748931408
99_sik,2025-12-06,15,11.751426748931408
99_sik,2025-12-06,20,11.751426748931408
99_sik,2025-12-06,30,11.75215919315815
99_sik,2025-12-06,40,11.751426748931408
99_sik,2025-12-06,50,11.769005410373213
99_sik,2025-12-06,65,11.709677428007126
99_sik,2025-12-06,80,11.14276559650898
99_sik,2025-12-07,5,11.615924566984177
99_sik,2025-12-07,10,11.616657011210918
99_sik,2025-12-07,15,11.61738945543766
99_sik,2025-12-07,20,11.61738945543766
99_sik,2025-12-07,30,11.616657011210918
99_sik,2025-12-07,40,11.615192122757437
99_sik,2025-12-07,50,11.6584063321352
99_sik,2025-12-07,65,11.686239212751389
99_sik,2025-12-07,80,11.187444694340227
99_sik,2025-12-08,5,11.523636594414713
99_sik,2025-12-08,10,11.526566371321678
99_sik,2025-12-08,15,11.528031259775162
99_sik,2025-12-08,20,11.528763704001904
99_sik,2025-12-08,30,11.529496148228644
99_sik,2025-12-08,40,11.533890813589096
99_sik,2025-12-08,50,11.55586414039135
99_sik,2025-12-08,65,11.673055216670036
99_sik,2025-12-08,80,11.231391347944736
99_sik,2025-12-09,5,11.424024179577827
99_sik,2025-12-09,10,11.424024179577827
99_sik,2025-12-09,15,11.424024179577827
99_sik,2025-12-09,20,11.424024179577827
99_sik,2025-12-09,30,11.424024179577827
99_sik,2025-12-09,40,11.424024179577827
99_sik,2025-12-09,50,11.425489068031313
99_sik,2025-12-09,65,11.67012543976307
99_sik,2025-12-09,80,11.276802890002728
99_sik,2025-12-10,5,11.332468651235104
99_sik,2025-12-10,10,11.332468651235104
99_sik,2025-12-10,15,11.332468651235104
99_sik,2025-12-10,20,11.332468651235104
99_sik,2025-12-10,30,11.332468651235104
99_sik,2025-12-10,40,11.333201095461844
99_sik,2025-12-10,50,11.33539842814207
99_sik,2025-12-10,65,11.55586414039135
99_sik,2025-12-10,80,11.29438155144453
99_sik,2025-12-11,5,11.235053569078444
99_sik,2025-12-11,10,11.23725090175867
99_sik,2025-12-11,15,11.238715790212154
99_sik,2025-12-11,20,11.238715790212154
99_sik,2025-12-11,30,11.240180678665638
99_sik,2025-12-11,40,11.241645567119122
99_sik,2025-12-11,50,11.244575344026089
99_sik,2025-12-11,65,11.415967293083668
99_sik,2025-12-11,80,11.236518457531927
99_sik,2025-12-12,5,11.114932715892792
99_sik,2025-12-12,10,11.114932715892792
99_sik,2025-12-12,15,11.114932715892792
99_sik,2025-12-12,20,11.114932715892792
99_sik,2025-12-12,30,11.115665160119534
99_sik,2025-12-12,40,11.115665160119534
99_sik,2025-12-12,50,11.1185949370265
99_sik,2025-12-12,65,11.119327381253242
99_sik,2025-12-12,80,11.125186935067177
99_sik,2025-12-13,5,10.953062541782856
99_sik,2025-12-13,10,10.953062541782856
99_sik,2025-12-13,15,10.953062541782856
99_sik,2025-12-13,20,10.953062541782856
99_sik,2025-12-13,30,10.953062541782856
99_sik,2025-12-13,40,10.953062541782856
99_sik,2025-12-13,50,10.955992318689823
99_sik,2025-12-13,65,10.956724762916563
99_sik,2025-12-13,80,11.037293627858162
99_sik,2025-12-14,5,10.827082134783268
99_sik,2025-12-14,10,10.827082134783268
99_sik,2025-12-14,15,10.827082134783268
99_sik,2025-12-14,20,10.827082134783268
99_sik,2025-12-14,30,10.827082134783268
99_sik,2025-12-14,40,10.827082134783268
99_sik,2025-12-14,50,10.829279467463492
99_sik,2025-12-14,65,10.830011911690235
99_sik,2025-12-14,80,10.983825199306011
99_sik,2025-12-15,5,10.72966705262661
99_sik,2025-12-15,10,10.72966705262661
99_sik,2025-12-15,15,10.72966705262661
99_sik,2025-12-15,20,10.72966705262661
99_sik,2025-12-15,30,10.72966705262661
99_sik,2025-12-15,40,10.72966705262661
99_sik,2025-12-15,50,10.731131941080092
99_sik,2025-12-15,65,10.731131941080092
99_sik,2025-12-15,80,10.92962432652712
99_sik,2025-12-16,5,10.600024424493313
99_sik,2025-12-16,10,10.600024424493313
99_sik,2025-12-16,15,10.600024424493313
99_sik,2025-12-16,20,10.600024424493313
99_sik,2025-12-16,30,10.600024424493313
99_sik,2025-12-16,40,10.600024424493313
99_sik,2025-12-16,50,10.602221757173538
99_sik,2025-12-16,65,10.602221757173538
99_sik,2025-12-16,80,10.883480340242386
99_sik,2025-12-17,5,10.49235512316227
99_sik,2025-12-17,10,10.49235512316227
99_sik,2025-12-17,15,10.493087567389011
99_sik,2025-12-17,20,10.493087567389011
99_sik,2025-12-17,30,10.493087567389011
99_sik,2025-12-17,40,10.493087567389011
99_sik,2025-12-17,50,10.49601734429598
99_sik,2025-12-17,65,10.49674978852272
99_sik,2025-12-17,80,10.583178207278252
99_sik,2025-12-18,5,10.311441399157047
99_sik,2025-12-18,10,10.311441399157047
99_sik,2025-12-18,15,10.311441399157047
99_sik,2025-12-18,20,10.311441399157047
99_sik,2025-12-18,30,10.311441399157047
99_sik,2025-12-18,40,10.311441399157047
99_sik,2025-12-18,50,10.315103620290756
99_sik,2025-12-18,65,10.315103620290756
99_sik,2025-12-18,80,10.351725831627846
99_sik,2025-12-19,5,10.184728547930716
99_sik,2025-12-19,10,10.18546099215746
99_sik,2025-12-19,15,10.18546099215746
99_sik,2025-12-19,20,10.18546099215746
99_sik,2025-12-19,30,10.18546099215746
99_sik,2025-12-19,40,10.18546099215746
99_sik,2025-12-19,50,10.187658324837685
99_sik,2025-12-19,65,10.1861934363842
99_sik,2025-12-19,80,10.231604978442192
99_sik,2025-12-20,5,10.184728547930716
99_sik,2025-12-20,10,10.187658324837685
99_sik,2025-12-20,15,10.18546099215746
99_sik,2025-12-20,20,10.183996103703976
99_sik,2025-12-20,30,10.172276996076109
99_sik,2025-12-20,40,10.156163223087788
99_sik,2025-12-20,50,10.15323344618082
99_sik,2025-12-20,65,10.15250100195408
99_sik,2025-12-20,80,10.142979227006435
99_sik,2025-12-21,5,10.035309925675392
99_sik,2025-12-21,10,10.057283252477646
99_sik,2025-12-21,15,10.078524135053158
99_sik,2025-12-21,20,10.082918800413609
99_sik,2025-12-21,30,10.08731346577406
99_sik,2025-12-21,40,10.077059246599674
99_sik,2025-12-21,50,10.078524135053158
99_sik,2025-12-21,65,10.078524135053158
99_sik,2025-12-21,80,10.052888587117195
99_sik,2025-12-22,5,9.9320352897048
99_sik,2025-12-22,10,9.9320352897048
99_sik,2025-12-22,15,9.9320352897048
99_sik,2025-12-22,20,9.9320352897048
99_sik,2025-12-22,30,9.9320352897048
99_sik,2025-12-22,40,9.93276773393154
99_sik,2025-12-22,50,9.933500178158283
99_sik,2025-12-22,65,9.93276773393154
99_sik,2025-12-22,80,9.959135726094246
99_sik,2025-12-23,5,9.85439620167017
99_sik,2025-12-23,10,9.85439620167017
99_sik,2025-12-23,15,9.85439620167017
99_sik,2025-12-23,20,9.85439620167017
99_sik,2025-12-23,30,9.85439620167017
99_sik,2025-12-23,40,9.853663757443428
99_sik,2025-12-23,50,9.85439620167017
99_sik,2025-12-23,65,9.85439620167017
99_sik,2025-12-23,80,9.888088636100292
99_sik,2025-12-24,5,9.780419334769247
99_sik,2025-12-24,10,9.78115177899599
99_sik,2025-12-24,15,9.781884223222733
99_sik,2025-12-24,20,9.781884223222733
99_sik,2025-12-24,30,9.782616667449474
99_sik,2025-12-24,40,9.782616667449474
99_sik,2025-12-24,50,9.783349111676216
99_sik,2025-12-24,65,9.783349111676216
99_sik,2025-12-24,80,9.80532243847847
99_sik,2025-12-25,5,9.776024669408798
99_sik,2025-12-25,10,9.776024669408798
99_sik,2025-12-25,15,9.776024669408798
99_sik,2025-12-25,20,9.776024669408798
99_sik,2025-12-25,30,9.776024669408798
99_sik,2025-12-25,40,9.774559780955316
99_sik,2025-12-25,50,9.775292225182056
99_sik,2025-12-25,65,9.717429131269457
99_sik,2025-12-25,80,9.75258645415306
99_sik,2025-12-26,5,9.70278024673462
99_sik,2025-12-26,10,9.70278024673462
99_sik,2025-12-26,15,9.70278024673462
99_sik,2025-12-26,20,9.70351269096136
99_sik,2025-12-26,30,9.70351269096136
99_sik,2025-12-26,40,9.70351269096136
99_sik,2025-12-26,50,9.705710023641586
99_sik,2025-12-26,65,9.675679810345173
99_sik,2025-12-26,80,9.676412254571916
99_sik,2025-12-27,5,9.664693146944046
99_sik,2025-12-27,10,9.664693146944046
99_sik,2025-12-27,15,9.664693146944046
99_sik,2025-12-27,20,9.664693146944046
99_sik,2025-12-27,30,9.664693146944046
99_sik,2025-12-27,40,9.664693146944046
99_sik,2025-12-27,50,9.66982025653124
99_sik,2025-12-27,65,9.66982025653124
99_sik,2025-12-27,80,9.62953582406044
99_sik,2025-12-28,5,9.636860266327858
99_sik,2025-12-28,10,9.636860266327858
99_sik,2025-12-28,15,9.636860266327858
99_sik,2025-12-28,20,9.636860266327858
99_sik,2025-12-28,30,9.636860266327858
99_sik,2025-12-28,40,9.636860266327858
99_sik,2025-12-28,50,9.64198737591505
99_sik,2025-12-28,65,9.64198737591505
99_sik,2025-12-28,80,9.60463272035122
99_sik,2025-12-29,5,9.5973082780838
99_sik,2025-12-29,10,9.598040722310545
99_sik,2025-12-29,15,9.598040722310545
99_sik,2025-12-29,20,9.598773166537285
99_sik,2025-12-29,30,9.600238054990768
99_sik,2025-12-29,40,9.600238054990768
99_sik,2025-12-29,50,9.603900276124476
99_sik,2025-12-29,65,9.603900276124476
99_sik,2025-12-29,80,9.575334951281548
99_sik,2025-12-30,5,9.56434828788042
99_sik,2025-12-30,10,9.565080732107162
99_sik,2025-12-30,15,9.565080732107162
99_sik,2025-12-30,20,9.565080732107162
99_sik,2025-12-30,30,9.56361584365368
99_sik,2025-12-30,40,9.562150955200195
99_sik,2025-12-30,50,9.56434828788042
99_sik,2025-12-30,65,9.562150955200195
99_sik,2025-12-30,80,9.524796299636364
99_sik,2025-12-31,5,9.511612303555012
99_sik,2025-12-31,10,9.511612303555012
99_sik,2025-12-31,15,9.512344747781754
99_sik,2025-12-31,20,9.512344747781754
99_sik,2025-12-31,30,9.512344747781754
99_sik,2025-12-31,40,9.512344747781754
99_sik,2025-12-31,50,9.51527452468872
99_sik,2025-12-31,65,9.51527452468872
99_sik,2025-12-31,80,9.474990092217922
99_sik,2026-01-01,5,9.42445144057274
99_sik,2026-01-01,10,9.42518388479948
99_sik,2026-01-01,15,9.42518388479948
99_sik,2026-01-01,20,9.42518388479948
99_sik,2026-01-01,30,9.42518388479948
99_sik,2026-01-01,40,9.42518388479948
99_sik,2026-01-01,50,9.42884610593319
99_sik,2026-01-01,65,9.42884610593319
99_sik,2026-01-01,80,9.402478113770483
99_sik,2026-01-02,5,9.369518123567104
99_sik,2026-01-02,10,9.369518123567104
99_sik,2026-01-02,15,9.369518123567104
99_sik,2026-01-02,20,9.369518123567104
99_sik,2026-01-02,30,9.369518123567104
99_sik,2026-01-02,40,9.369518123567104
99_sik,2026-01-02,50,9.373180344700812
99_sik,2026-01-02,65,9.373180344700812
99_sik,2026-01-02,80,9.352671906352043
99_sik,2026-01-03,5,9.272103041410446
99_sik,2026-01-03,10,9.272103041410446
99_sik,2026-01-03,15,9.272103041410446
99_sik,2026-01-03,20,9.272103041410446
99_sik,2026-01-03,30,9.272103041410446
99_sik,2026-01-03,40,9.272103041410446
99_sik,2026-01-03,50,9.275032818317412
99_sik,2026-01-03,65,9.275032818317412
99_sik,2026-01-03,80,9.258919045329094
99_sik,2026-01-04,5,9.074343100190164
99_sik,2026-01-04,10,9.074343100190164
99_sik,2026-01-04,15,9.074343100190164
99_sik,2026-01-04,20,9.074343100190164
99_sik,2026-01-04,30,9.074343100190164
99_sik,2026-01-04,40,9.074343100190164
99_sik,2026-01-04,50,9.07727287709713
99_sik,2026-01-04,65,9.07727287709713
99_sik,2026-01-04,80,9.084597319364548
99_sik,2026-01-05,5,8.856074720621109
99_sik,2026-01-05,10,8.85680716484785
99_sik,2026-01-05,15,8.85680716484785
99_sik,2026-01-05,20,8.85680716484785
99_sik,2026-01-05,30,8.85680716484785
99_sik,2026-01-05,40,8.85680716484785
99_sik,2026-01-05,50,8.858272053301334
99_sik,2026-01-05,65,8.858272053301334
99_sik,2026-01-05,80,8.902218706905842
99_sik,2026-01-06,5,8.64000367373228
99_sik,2026-01-06,10,8.64000367373228
99_sik,2026-01-06,15,8.64000367373228
99_sik,2026-01-06,20,8.64000367373228
99_sik,2026-01-06,30,8.64000367373228
99_sik,2026-01-06,40,8.64000367373228
99_sik,2026-01-06,50,8.641468562185764
99_sik,2026-01-06,65,8.641468562185764
99_sik,2026-01-06,80,8.704458765685558
99_sik,2026-01-07,5,8.446638397872448
99_sik,2026-01-07,10,8.446638397872448
99_sik,2026-01-07,15,8.446638397872448
99_sik,2026-01-07,20,8.446638397872448
99_sik,2026-01-07,30,8.446638397872448
99_sik,2026-01-07,40,8.446638397872448
99_sik,2026-01-07,50,8.44737084209919
99_sik,2026-01-07,65,8.42320018261671
99_sik,2026-01-07,80,8.514023266732693
99_sik,2026-01-08,5,8.3126011043787
99_sik,2026-01-08,10,8.3126011043787
99_sik,2026-01-08,15,8.3126011043787
99_sik,2026-01-08,20,8.3126011043787
99_sik,2026-01-08,30,8.3126011043787
99_sik,2026-01-08,40,8.3126011043787
99_sik,2026-01-08,50,8.314065992832184
99_sik,2026-01-08,65,8.199804693460464
99_sik,2026-01-08,80,8.317728213965893
99_sik,2026-01-09,5,8.26718956232071
99_sik,2026-01-09,10,8.26718956232071
99_sik,2026-01-09,15,8.26718956232071
99_sik,2026-01-09,20,8.26718956232071
99_sik,2026-01-09,30,8.266457118093967
99_sik,2026-01-09,40,8.256202898919582
99_sik,2026-01-09,50,8.253273122012615
99_sik,2026-01-09,65,8.12436293810606
99_sik,2026-01-09,80,8.195410028100014
99_sik,2026-01-10,5,8.191015362739563
99_sik,2026-01-10,10,8.19394513964653
99_sik,2026-01-10,15,8.198339805006981
99_sik,2026-01-10,20,8.199804693460464
99_sik,2026-01-10,30,8.20200202614069
99_sik,2026-01-10,40,8.168309591710567
99_sik,2026-01-10,50,8.150730930268764
99_sik,2026-01-10,65,8.056978069245815
99_sik,2026-01-10,80,8.117038495838642
99_sik,2026-01-11,5,8.059907846152782
99_sik,2026-01-11,10,8.059907846152782
99_sik,2026-01-11,15,8.059907846152782
99_sik,2026-01-11,20,8.059907846152782
99_sik,2026-01-11,30,8.059907846152782
99_sik,2026-01-11,40,8.065767399966717
99_sik,2026-01-11,50,8.063570067286491
99_sik,2026-01-11,65,7.95663321018219
99_sik,2026-01-11,80,8.027680300176144
99_sik,2026-01-12,5,7.991790533065796
99_sik,2026-01-12,10,7.992522977292538
99_sik,2026-01-12,15,7.992522977292538
99_sik,2026-01-12,20,7.992522977292538
99_sik,2026-01-12,30,7.992522977292538
99_sik,2026-01-12,40,7.991790533065796
99_sik,2026-01-12,50,8.000579863786697
99_sik,2026-01-12,65,7.896572783589363
99_sik,2026-01-12,80,7.945646546781063
99_sik,2026-01-13,5,7.8709372356534
99_sik,2026-01-13,10,7.873867012560368
99_sik,2026-01-13,15,7.876064345240593
99_sik,2026-01-13,20,7.876064345240593
99_sik,2026-01-13,30,7.876064345240593
99_sik,2026-01-13,40,7.871669679880142
99_sik,2026-01-13,50,7.872402124106884
99_sik,2026-01-13,65,7.846766576170921
99_sik,2026-01-13,80,7.917081221938133
99_sik,2026-01-14,5,7.761803045868874
99_sik,2026-01-14,10,7.761803045868874
99_sik,2026-01-14,15,7.761803045868874
99_sik,2026-01-14,20,7.761803045868874
99_sik,2026-01-14,30,7.761803045868874
99_sik,2026-01-14,40,7.761803045868874
99_sik,2026-01-14,50,7.766197711229324
99_sik,2026-01-14,65,7.76033815741539
99_sik,2026-01-14,80,7.891445674002171
99_sik,2026-01-15,5,7.725913278758526
99_sik,2026-01-15,10,7.725913278758526
99_sik,2026-01-15,15,7.725913278758526
99_sik,2026-01-15,20,7.725913278758526
99_sik,2026-01-15,30,7.725913278758526
99_sik,2026-01-15,40,7.725913278758526
99_sik,2026-01-15,50,7.728110611438751
99_sik,2026-01-15,65,7.728110611438751
99_sik,2026-01-15,80,7.755943492054939
99_sik,2026-01-16,5,7.647541746497154
99_sik,2026-01-16,10,7.647541746497154
99_sik,2026-01-16,15,7.647541746497154
99_sik,2026-01-16,20,7.647541746497154
99_sik,2026-01-16,30,7.647541746497154
99_sik,2026-01-16,40,7.647541746497154
99_sik,2026-01-16,50,7.647541746497154
99_sik,2026-01-16,65,7.643879525363445
99_sik,2026-01-16,80,7.631427973508835
99_sik,2026-01-17,5,7.601397760212421
99_sik,2026-01-17,10,7.602130204439163
99_sik,2026-01-17,15,7.601397760212421
99_sik,2026-01-17,20,7.601397760212421
99_sik,2026-01-17,30,7.597735539078712
99_sik,2026-01-17,40,7.591143541038036
99_sik,2026-01-17,50,7.588946208357811
99_sik,2026-01-17,65,7.580889321863651
99_sik,2026-01-17,80,7.476882241666317
99_sik,2026-01-18,5,7.238837867975235
99_sik,2026-01-18,10,7.238837867975235
99_sik,2026-01-18,15,7.238837867975235
99_sik,2026-01-18,20,7.238837867975235
99_sik,2026-01-18,30,7.239570312201977
99_sik,2026-01-18,40,7.238837867975235
99_sik,2026-01-18,50,7.240302756428719
99_sik,2026-01-18,65,7.232978314161301
99_sik,2026-01-18,80,7.301828071475029
99_sik,2026-01-19,5,7.011047713458538
99_sik,2026-01-19,10,7.011047713458538
99_sik,2026-01-19,15,7.014709934592247
99_sik,2026-01-19,20,7.017639711499214
99_sik,2026-01-19,30,7.035950817167759
99_sik,2026-01-19,40,7.033753484487534
99_sik,2026-01-19,50,7.030823707580566
99_sik,2026-01-19,65,6.969298392534256
99_sik,2026-01-19,80,7.074770361185074
99_sik,2026-01-20,5,6.487350091338158
99_sik,2026-01-20,10,6.487350091338158
99_sik,2026-01-20,15,6.487350091338158
99_sik,2026-01-20,20,6.487350091338158
99_sik,2026-01-20,30,6.622119829058647
99_sik,2026-01-20,40,6.787652224302292
99_sik,2026-01-20,50,6.829401545226574
99_sik,2026-01-20,65,6.802301108837128
99_sik,2026-01-20,80,6.841853097081184
99_sik,2026-01-21,5,5.688253439962864
99_sik,2026-01-21,10,5.688253439962864
99_sik,2026-01-21,15,5.696310326457024
99_sik,2026-01-21,20,5.747581422328949
99_sik,2026-01-21,30,6.220007948577404
99_sik,2026-01-21,40,6.517380304634571
99_sik,2026-01-21,50,6.6067385002970695
99_sik,2026-01-21,65,6.655079819262028
99_sik,2026-01-21,80,6.6873073652386665
99_sik,2026-01-22,5,4.790276817977428
99_sik,2026-01-22,10,4.790276817977428
99_sik,2026-01-22,15,5.045167408883572
99_sik,2026-01-22,20,5.305185109376907
99_sik,2026-01-22,30,5.951933361589909
99_sik,2026-01-22,40,6.365031905472279
99_sik,2026-01-22,50,6.47196876257658
99_sik,2026-01-22,65,6.539353631436825
99_sik,2026-01-22,80,6.566454067826271
99_sik,2026-01-23,5,3.969939284026623
99_sik,2026-01-23,10,3.982390835881233
99_sik,2026-01-23,15,4.59471420943737
99_sik,2026-01-23,20,4.979979872703552
99_sik,2026-01-23,30,5.722678318619728
99_sik,2026-01-23,40,6.180455960333347
99_sik,2026-01-23,50,6.299844369292259
99_sik,2026-01-23,65,6.427289664745331
99_sik,2026-01-23,80,6.41044344753027
99_sik,2026-01-24,5,3.4674825444817543
99_sik,2026-01-24,10,3.521683417260647
99_sik,2026-01-24,15,4.195532105863094
99_sik,2026-01-24,20,4.546372890472412
99_sik,2026-01-24,30,5.445081956684589
99_sik,2026-01-24,40,5.966582246124744
99_sik,2026-01-24,50,6.121127977967262
99_sik,2026-01-24,65,6.285195484757423
99_sik,2026-01-24,80,6.2602923810482025
99_sik,2026-01-25,5,3.0360728949308395
99_sik,2026-01-25,10,3.092471100389957
99_sik,2026-01-25,15,3.693075366318226
99_sik,2026-01-25,20,4.0724814757704735
99_sik,2026-01-25,30,5.287606447935104
99_sik,2026-01-25,40,5.82155828922987
99_sik,2026-01-25,50,5.995880015194416
99_sik,2026-01-25,65,6.187780402600765
99_sik,2026-01-25,80,6.140903972089291
99_sik,2026-01-26,5,2.814142294228077
99_sik,2026-01-26,10,2.98699913173914
99_sik,2026-01-26,15,3.765587344765663
99_sik,2026-01-26,20,4.158177450299263
99_sik,2026-01-26,30,5.271492674946785
99_sik,2026-01-26,40,5.797387629747391
99_sik,2026-01-26,50,5.957060471177101
99_sik,2026-01-26,65,6.134311974048615
99_sik,2026-01-26,80,6.047883555293083
99_sik,2026-01-27,5,2.9027680456638336
99_sik,2026-01-27,10,3.1942808479070663
99_sik,2026-01-27,15,3.935514405369759
99_sik,2026-01-27,20,4.254860088229179
99_sik,2026-01-27,30,5.133793160319328
99_sik,2026-01-27,40,5.727072983980179
99_sik,2026-01-27,50,5.897732488811016
99_sik,2026-01-27,65,6.077913768589497
99_sik,2026-01-27,80,5.962187580764294
99_sik,2026-01-28,5,2.989196464419365
99_sik,2026-01-28,10,3.268990159034729
99_sik,2026-01-28,15,4.014618381857872
99_sik,2026-01-28,20,4.253395199775696
99_sik,2026-01-28,30,4.900143451988697
99_sik,2026-01-28,40,5.647236563265324
99_sik,2026-01-28,50,5.840601839125156
99_sik,2026-01-28,65,6.044953778386116
99_sik,2026-01-28,80,5.91164892911911
99_sik,2026-01-29,5,3.108584873378277
99_sik,2026-01-29,10,3.4638203233480453
99_sik,2026-01-29,15,4.0834681391716
99_sik,2026-01-29,20,4.209448546171188
99_sik,2026-01-29,30,4.649647526443005
99_sik,2026-01-29,40,5.63332012295723
99_sik,2026-01-29,50,5.864772498607636
99_sik,2026-01-29,65,6.0464186668396
99_sik,2026-01-29,80,5.913113817572594
99_sik,2026-01-30,5,2.9489120319485664
99_sik,2026-01-30,10,3.345896802842617
99_sik,2026-01-30,15,3.9750663936138153
99_sik,2026-01-30,20,4.172093890607357
99_sik,2026-01-30,30,4.539048448204994
99_sik,2026-01-30,40,5.643574342131615
99_sik,2026-01-30,50,5.89114049077034
99_sik,2026-01-30,65,6.115268424153328
99_sik,2026-01-30,80,5.9453413635492325
99_sik,2026-01-31,5,2.883724495768547
99_sik,2026-01-31,10,3.0009155720472336
99_sik,2026-01-31,15,3.6483962684869766
99_sik,2026-01-31,20,3.9318521842360497
99_sik,2026-01-31,30,4.671620853245258
99_sik,2026-01-31,40,5.6582232266664505
99_sik,2026-01-31,50,5.880886271595955
99_sik,2026-01-31,65,6.089632876217365
99_sik,2026-01-31,80,5.963652469217777
99_sik,2026-02-01,5,2.7350383177399635
99_sik,2026-02-01,10,2.870540499687195
99_sik,2026-02-01,15,3.555375851690769
99_sik,2026-02-01,20,3.915005967020989
99_sik,2026-02-01,30,4.850337244570255
99_sik,2026-02-01,40,5.734397426247597
99_sik,2026-02-01,50,5.924832925200462
99_sik,2026-02-01,65,6.049348443746567
99_sik,2026-02-01,80,5.957060471177101
99_sik,2026-02-02,5,2.498458832502365
99_sik,2026-02-02,10,2.638355679810047
99_sik,2026-02-02,15,3.4323252215981483
99_sik,2026-02-02,20,3.849818430840969
99_sik,2026-02-02,30,4.919919446110725
99_sik,2026-02-02,40,5.691183216869831
99_sik,2026-02-02,50,5.888943158090115
99_sik,2026-02-02,65,6.014923565089703
99_sik,2026-02-02,80,5.920438259840012
99_sik,2026-02-03,5,2.3783379793167114
99_sik,2026-02-03,10,2.469161063432693
99_sik,2026-02-03,15,3.1788995191454887
99_sik,2026-02-03,20,3.586870953440666
99_sik,2026-02-03,30,4.775627933442593
99_sik,2026-02-03,40,5.676534332334995
99_sik,2026-02-03,50,5.85451827943325
99_sik,2026-02-03,65,5.940946698188782
99_sik,2026-02-03,80,5.869167163968086
99_sik,2026-02-04,5,2.421552188694477
99_sik,2026-02-04,10,2.585619695484638
99_sik,2026-02-04,15,3.1788995191454887
99_sik,2026-02-04,20,3.482863873243332
99_sik,2026-02-04,30,4.593249320983887
99_sik,2026-02-04,40,5.573992140591145
99_sik,2026-02-04,50,5.791528075933456
99_sik,2026-02-04,65,5.818628512322903
99_sik,2026-02-04,80,5.838404506444931
99_sik,2026-02-05,5,2.6053956896066666
99_sik,2026-02-05,10,2.8361156210303307
99_sik,2026-02-05,15,3.297555483877659
99_sik,2026-02-05,20,3.4916532039642334
99_sik,2026-02-05,30,4.476790688931942
99_sik,2026-02-05,40,5.327890880405903
99_sik,2026-02-05,50,5.714621432125568
99_sik,2026-02-05,65,5.768089860677719
99_sik,2026-02-05,80,5.825220510363579
99_sik,2026-02-06,5,2.806085407733917
99_sik,2026-02-06,10,2.814142294228077
99_sik,2026-02-06,15,2.904965378344059
99_sik,2026-02-06,20,3.017029345035553
99_sik,2026-02-06,30,4.110568575561047
99_sik,2026-02-06,40,5.026856303215027
99_sik,2026-02-06,50,5.439222402870655
99_sik,2026-02-06,65,5.692648105323315
99_sik,2026-02-06,80,5.81350140273571
99_sik,2026-02-07,5,2.642750345170498
99_sik,2026-02-07,10,2.64348278939724
99_sik,2026-02-07,15,2.75408186763525
99_sik,2026-02-07,20,2.9584338068962097
99_sik,2026-02-07,30,4.0724814757704735
99_sik,2026-02-07,40,4.9792474284768105
99_sik,2026-02-07,50,5.239265128970146
99_sik,2026-02-07,65,5.593768134713173
99_sik,2026-02-07,80,5.8017822951078415
99_sik,2026-02-08,5,2.617114797234535
99_sik,2026-02-08,10,2.620777018368244
99_sik,2026-02-08,15,2.870540499687195
99_sik,2026-02-08,20,3.192083515226841
99_sik,2026-02-08,30,4.150853008031845
99_sik,2026-02-08,40,4.88915678858757
99_sik,2026-02-08,50,5.083254508674145
99_sik,2026-02-08,65,5.508804604411125
99_sik,2026-02-08,80,5.790795631706715
99_sik,2026-02-09,5,2.58635213971138
99_sik,2026-02-09,10,2.587084583938122
99_sik,2026-02-09,15,2.702078327536583
99_sik,2026-02-09,20,3.058778665959835
99_sik,2026-02-09,30,4.172826334834099
99_sik,2026-02-09,40,4.824701696634293
99_sik,2026-02-09,50,4.985106982290745
99_sik,2026-02-09,65,5.435560181736946
99_sik,2026-02-09,80,5.763695195317268
99_sik,2026-02-10,5,2.694753885269165
99_sik,2026-02-10,10,2.6823023334145546
99_sik,2026-02-10,15,2.814142294228077
99_sik,2026-02-10,20,3.04852444678545
99_sik,2026-02-10,30,4.188940107822418
99_sik,2026-02-10,40,4.861323907971382
99_sik,2026-02-10,50,5.051759406924248
99_sik,2026-02-10,65,5.390881083905697
99_sik,2026-02-10,80,5.73586231470108
99_sik,2026-02-11,5,2.7987609654664998
99_sik,2026-02-11,10,2.795831188559532
99_sik,2026-02-11,15,2.874202720820904
99_sik,2026-02-11,20,2.943052478134632
99_sik,2026-02-11,30,3.863734871149063
99_sik,2026-02-11,40,4.712637729942799
99_sik,2026-02-11,50,5.001953199505806
99_sik,2026-02-11,65,5.346934430301189
99_sik,2026-02-11,80,5.746116533875465
99_sik,2026-02-12,5,2.701345883309841
99_sik,2026-02-12,10,2.701345883309841
99_sik,2026-02-12,15,2.7526169791817665
99_sik,2026-02-12,20,2.8785973861813545
99_sik,2026-02-12,30,3.6374096050858498
99_sik,2026-02-12,40,4.518540009856224
99_sik,2026-02-12,50,4.922849223017693
99_sik,2026-02-12,65,5.190923810005188
99_sik,2026-02-12,80,5.76442763954401
99_sik,2026-02-13,5,2.694753885269165
99_sik,2026-02-13,10,2.697683662176132
99_sik,2026-02-13,15,2.7562792003154755
99_sik,2026-02-13,20,2.8925138264894485
99_sik,2026-02-13,30,3.617633610963821
99_sik,2026-02-13,40,4.483382686972618
99_sik,2026-02-13,50,4.8686483502388
99_sik,2026-02-13,65,5.125736273825169
99_sik,2026-02-13,80,5.749046310782433
99_sik,2026-02-14,5,2.8016907423734665
99_sik,2026-02-14,10,2.798028521239757
99_sik,2026-02-14,15,2.868343167006969
99_sik,2026-02-14,20,2.978209801018238
99_sik,2026-02-14,30,3.667439818382263
99_sik,2026-02-14,40,4.489242240786552
99_sik,2026-02-14,50,4.853999465703964
99_sik,2026-02-14,65,5.138920269906521
99_sik,2026-02-14,80,5.736594758927822
99_sik,2026-02-15,5,2.9555040299892426
99_sik,2026-02-15,10,2.9481795877218246
99_sik,2026-02-15,15,2.98699913173914
99_sik,2026-02-15,20,3.050721779465676
99_sik,2026-02-15,30,3.694540254771709
99_sik,2026-02-15,40,4.479720465838909
99_sik,2026-02-15,50,4.865718573331833
99_sik,2026-02-15,65,5.203375361859798
99_sik,2026-02-15,80,5.74391920119524
99_sik,2026-02-16,5,3.033875562250614
99_sik,2026-02-16,10,3.0353404507040977
99_sik,2026-02-16,15,3.107119984924793
99_sik,2026-02-16,20,3.1701101884245872
99_sik,2026-02-16,30,3.751670904457569
99_sik,2026-02-16,40,4.481185354292393
99_sik,2026-02-16,50,4.910397671163082
99_sik,2026-02-16,65,5.261970899999142
99_sik,2026-02-16,80,5.762230306863785
99_sik,2026-02-17,5,3.120303981006145
99_sik,2026-02-17,10,3.1166417598724365
99_sik,2026-02-17,15,3.1554613038897514
99_sik,2026-02-17,20,3.2287057265639305
99_sik,2026-02-17,30,3.7721793428063393
99_sik,2026-02-17,40,4.462141804397106
99_sik,2026-02-17,50,4.895748786628246
99_sik,2026-02-17,65,5.274422451853752
99_sik,2026-02-17,80,5.782738745212555
99_sik,2026-02-18,5,3.2038026228547096
99_sik,2026-02-18,10,3.208929732441902
99_sik,2026-02-18,15,3.233832836151123
99_sik,2026-02-18,20,3.2851039320230484
99_sik,2026-02-18,30,3.726767800748348
99_sik,2026-02-18,40,4.446760475635529
99_sik,2026-02-18,50,4.870113238692284
99_sik,2026-02-18,65,5.267830453813076
99_sik,2026-02-18,80,5.809839181602001
99_sik,2026-02-19,5,3.525345638394356
99_sik,2026-02-19,10,3.525345638394356
99_sik,2026-02-19,15,3.5260780826210976
99_sik,2026-02-19,20,3.5260780826210976
99_sik,2026-02-19,30,3.5714896246790886
99_sik,2026-02-19,40,4.103244133293629
99_sik,2026-02-19,50,4.624011978507042
99_sik,2026-02-19,65,5.177739813923836
99_sik,2026-02-19,80,5.771752081811428
99_sik,2026-02-20,5,3.5817438438534737
99_sik,2026-02-20,10,3.57588429003954
99_sik,2026-02-20,15,3.567094959318638
99_sik,2026-02-20,20,3.5641651824116707
99_sik,2026-02-20,30,3.586870953440666
99_sik,2026-02-20,40,4.109103687107563
99_sik,2026-02-20,50,4.565416440367699
99_sik,2026-02-20,65,5.141117602586746
99_sik,2026-02-20,80,5.730002760887146
99_sik,2026-02-21,5,3.633014939725399
99_sik,2026-02-21,10,3.619830943644047
99_sik,2026-02-21,15,3.6132389456033702
99_sik,2026-02-21,20,3.611041612923145
99_sik,2026-02-21,30,3.6344798281788826
99_sik,2026-02-21,40,4.129612125456333
99_sik,2026-02-21,50,4.518540009856224
99_sik,2026-02-21,65,5.084719397127628
99_sik,2026-02-21,80,5.688985884189606
99_sik,2026-02-22,5,3.751670904457569
99_sik,2026-02-22,10,3.728232689201832
99_sik,2026-02-22,15,3.714316248893738
99_sik,2026-02-22,20,3.712851360440254
99_sik,2026-02-22,30,3.772911787033081
99_sik,2026-02-22,40,4.175756111741066
99_sik,2026-02-22,50,4.5170751214027405
99_sik,2026-02-22,65,5.144779823720455
99_sik,2026-02-22,80,5.662617892026901
99_sik,2026-02-23,5,3.8058717772364616
99_sik,2026-02-23,10,3.8058717772364616
99_sik,2026-02-23,15,3.806604221463203
99_sik,2026-02-23,20,3.806604221463203
99_sik,2026-02-23,30,3.818323329091072
99_sik,2026-02-23,40,4.07101658731699
99_sik,2026-02-23,50,4.454817362129688
99_sik,2026-02-23,65,5.260506011545658
99_sik,2026-02-23,80,5.63332012295723
99_sik,2026-02-24,5,3.831507325172424
99_sik,2026-02-24,10,3.8278451040387154
99_sik,2026-02-24,15,3.8234504386782646
99_sik,2026-02-24,20,3.821985550224781
99_sik,2026-02-24,30,3.8307748809456825
99_sik,2026-02-24,40,4.104709021747112
99_sik,2026-02-24,50,4.467268913984299
99_sik,2026-02-24,65,5.305917553603649
99_sik,2026-02-24,80,5.625995680689812
99_sik,2026-02-25,5,3.841029100120068
99_sik,2026-02-25,10,3.8307748809456825
99_sik,2026-02-25,15,3.8212531059980392
99_sik,2026-02-25,20,3.8175908848643294
99_sik,2026-02-25,30,3.846888653934002
99_sik,2026-02-25,40,4.147190786898136
99_sik,2026-02-25,50,4.445295587182045
99_sik,2026-02-25,65,5.285409115254879
99_sik,2026-02-25,80,5.623798348009586
99_sik,2026-02-26,5,3.816858440637589
99_sik,2026-02-26,10,3.816125996410847
99_sik,2026-02-26,15,3.816125996410847
99_sik,2026-02-26,20,3.816125996410847
99_sik,2026-02-26,30,3.828577548265457
99_sik,2026-02-26,40,4.158177450299263
99_sik,2026-02-26,50,4.473128467798233
99_sik,2026-02-26,65,5.3103122189641
99_sik,2026-02-26,80,5.609881907701492
99_sik,2026-02-27,5,3.808069109916687
99_sik,2026-02-27,10,3.811731331050396
99_sik,2026-02-27,15,3.81319621950388
99_sik,2026-02-27,20,3.813928663730621
99_sik,2026-02-27,30,3.814661107957363
99_sik,2026-02-27,40,4.101779244840145
99_sik,2026-02-27,50,4.415997818112373
99_sik,2026-02-27,65,5.363780647516251
99_sik,2026-02-27,80,5.587176136672497
99_sik,2026-02-28,5,3.835901990532875
99_sik,2026-02-28,10,3.835901990532875
99_sik,2026-02-28,15,3.838831767439842
99_sik,2026-02-28,20,3.840296655893326
99_sik,2026-02-28,30,3.849818430840969
99_sik,2026-02-28,40,4.051973037421703
99_sik,2026-02-28,50,4.3559373915195465
99_sik,2026-02-28,65,5.364513091742992
99_sik,2026-02-28,80,5.5600757002830505
99_sik,2026-03-01,5,3.6962037086486816
99_sik,2026-03-01,10,3.6986589431762695
99_sik,2026-03-01,15,3.701587438583374
99_sik,2026-03-01,20,3.703153371810913
99_sik,2026-03-01,30,3.725441455841065
99_sik,2026-03-01,40,3.927156686782837
99_sik,2026-03-01,50,4.088727951049805
99_sik,2026-03-01,65,4.279855728149414
99_sik,2026-03-01,80,4.201777458190918
99_sik,2026-03-02,5,3.346540927886963
99_sik,2026-03-02,10,3.350648641586304
99_sik,2026-03-02,15,3.373590469360352
99_sik,2026-03-02,20,3.395906925201416
99_sik,2026-03-02,30,3.533651113510132
99_sik,2026-03-02,40,3.751664638519287
99_sik,2026-03-02,50,3.9949216842651367
99_sik,2026-03-02,65,4.282166004180908
99_sik,2026-03-02,80,4.212654113769531
99_sik,2026-03-03,5,3.2140517234802246
99_sik,2026-03-03,10,3.2002105712890625
99_sik,2026-03-03,15,3.220884323120117
99_sik,2026-03-03,20,3.2484445571899414
99_sik,2026-03-03,30,3.4324193000793457
99_sik,2026-03-03,40,3.716661930084229
99_sik,2026-03-03,50,3.959322690963745
99_sik,2026-03-03,65,4.312405109405518
99_sik,2026-03-03,80,4.209903240203857
99_sik,2026-03-04,5,3.0664916038513184
99_sik,2026-03-04,10,3.0888397693634038
99_sik,2026-03-04,15,3.099891901016236
99_sik,2026-03-04,20,3.1061644554138184
99_sik,2026-03-04,30,3.2536017894744877
99_sik,2026-03-04,40,3.6027045249938965
99_sik,2026-03-04,50,3.828821420669556
99_sik,2026-03-04,65,4.375377178192139
99_sik,2026-03-04,80,4.237896919250488
99_sik,2026-03-05,5,2.8473196029663086
99_sik,2026-03-05,10,2.8743910789489746
99_sik,2026-03-05,15,2.8769338130950928
99_sik,2026-03-05,20,2.8832502365112305
99_sik,2026-03-05,30,3.0350966453552246
99_sik,2026-03-05,40,3.3904154300689697
99_sik,2026-03-05,50,3.630197048187256
99_sik,2026-03-05,65,4.478621959686279
99_sik,2026-03-05,80,4.320717811584473
99_sik,2026-03-06,5,2.790255546569824
99_sik,2026-03-06,10,2.781081199645996
99_sik,2026-03-06,15,2.7659289836883545
99_sik,2026-03-06,20,2.7688112258911133
99_sik,2026-03-06,30,2.9417643547058105
99_sik,2026-03-06,40,3.2482683658599854
99_sik,2026-03-06,50,3.6361236572265625
99_sik,2026-03-06,65,4.600671291351318
99_sik,2026-03-06,80,4.4012861251831055
99_sik,2026-03-07,5,3.0483787059783936
99_sik,2026-03-07,10,3.049505710601806
99_sik,2026-03-07,15,3.052242994308472
99_sik,2026-03-07,20,3.059422254562378
99_sik,2026-03-07,30,3.1248059272766118
99_sik,2026-03-07,40,3.4840450286865234
99_sik,2026-03-07,50,3.6577765941619873
99_sik,2026-03-07,65,4.683215618133545
99_sik,2026-03-07,80,4.488979816436768
99_sik,2026-03-08,5,3.005117177963257
99_sik,2026-03-08,10,3.006873607635498
99_sik,2026-03-08,15,3.008996725082397
99_sik,2026-03-08,20,3.010124683380127
99_sik,2026-03-08,30,3.0498955249786377
99_sik,2026-03-08,40,3.444559335708618
99_sik,2026-03-08,50,3.662918090820313
99_sik,2026-03-08,65,4.611602783203125
99_sik,2026-03-08,80,4.545843601226807
99_sik,2026-03-09,5,2.878417730331421
99_sik,2026-03-09,10,2.8814291954040527
99_sik,2026-03-09,15,2.918208360671997
99_sik,2026-03-09,20,2.9615461826324463
99_sik,2026-03-09,30,3.084394216537476
99_sik,2026-03-09,40,3.4425437450408936
99_sik,2026-03-09,50,3.790704250335693
99_sik,2026-03-09,65,4.532883167266846
99_sik,2026-03-09,80,4.546753406524658
99_sik,2026-03-10,5,2.9200894832611084
99_sik,2026-03-10,10,2.91780424118042
99_sik,2026-03-10,15,2.969754457473755
99_sik,2026-03-10,20,3.016028881072998
99_sik,2026-03-10,30,3.216071128845215
99_sik,2026-03-10,40,3.496412754058838
99_sik,2026-03-10,50,3.7729573249816895
99_sik,2026-03-10,65,4.49774169921875
99_sik,2026-03-10,80,4.527489185333252
99_sik,2026-03-11,5,2.995161771774292
99_sik,2026-03-11,10,3.0009772777557373
99_sik,2026-03-11,15,3.045384168624878
99_sik,2026-03-11,20,3.0873279571533203
99_sik,2026-03-11,30,3.269932270050049
99_sik,2026-03-11,40,3.5986342430114746
99_sik,2026-03-11,50,3.808417558670044
99_sik,2026-03-11,65,4.464531421661377
99_sik,2026-03-11,80,4.5057220458984375
99_sik,2026-03-12,5,2.8841793537139893
99_sik,2026-03-12,10,2.8867440223693848
99_sik,2026-03-12,15,2.9416277408599854
99_sik,2026-03-12,20,3.01580548286438
99_sik,2026-03-12,30,3.293503999710083
99_sik,2026-03-12,40,3.721312999725342
99_sik,2026-03-12,50,3.9058549404144287
99_sik,2026-03-12,65,4.435291767120361
99_sik,2026-03-12,80,4.483071327209473
99_sik,2026-03-13,5,2.792056083679199
99_sik,2026-03-13,10,2.7909131050109863
99_sik,2026-03-13,15,2.832948923110962
99_sik,2026-03-13,20,2.9307494163513184
99_sik,2026-03-13,30,3.246035575866699
99_sik,2026-03-13,40,3.750227451324463
99_sik,2026-03-13,50,3.9630064964294434
99_sik,2026-03-13,65,4.391789436340332
99_sik,2026-03-13,80,4.453089714050293
99_sik,2026-03-14,5,2.769051313400269
99_sik,2026-03-14,10,2.760634660720825
99_sik,2026-03-14,15,2.850094556808472
99_sik,2026-03-14,20,2.885378122329712
99_sik,2026-03-14,30,3.1654212474823
99_sik,2026-03-14,40,3.665841817855835
99_sik,2026-03-14,50,3.898303985595703
99_sik,2026-03-14,65,4.339631080627441
99_sik,2026-03-14,80,4.421097755432129
99_sik,2026-03-15,5,2.767151117324829
99_sik,2026-03-15,10,2.758831739425659
99_sik,2026-03-15,15,2.8213953971862797
99_sik,2026-03-15,20,2.827798366546631
99_sik,2026-03-15,30,3.0340750217437744
99_sik,2026-03-15,40,3.5189738273620605
99_sik,2026-03-15,50,3.733577728271485
99_sik,2026-03-15,65,4.3022942543029785
99_sik,2026-03-15,80,4.395049095153809
99_sik,2026-03-16,5,2.80554461479187
99_sik,2026-03-16,10,2.7765889167785645
99_sik,2026-03-16,15,2.784066200256348
99_sik,2026-03-16,20,2.777855634689331
99_sik,2026-03-16,30,2.9227895736694336
99_sik,2026-03-16,40,3.4237611293792725
99_sik,2026-03-16,50,3.600483655929565
99_sik,2026-03-16,65,4.269477367401123
99_sik,2026-03-16,80,4.3827738761901855
99_sik,2026-03-17,5,2.887658834457397
99_sik,2026-03-17,10,2.848801374435425
99_sik,2026-03-17,15,2.801974058151245
99_sik,2026-03-17,20,2.777686357498169
99_sik,2026-03-17,30,2.8522186279296875
99_sik,2026-03-17,40,3.302643060684204
99_sik,2026-03-17,50,3.4956233501434326
99_sik,2026-03-17,65,4.234720706939697
99_sik,2026-03-17,80,4.375552654266357
99_sik,2026-03-18,5,2.9812023639678955
99_sik,2026-03-18,10,2.891663074493408
99_sik,2026-03-18,15,2.8317365646362305
99_sik,2026-03-18,20,2.8037431240081787
99_sik,2026-03-18,30,2.845866203308105
99_sik,2026-03-18,40,3.2468154430389404
99_sik,2026-03-18,50,3.44758677482605
99_sik,2026-03-18,65,4.197611331939697
99_sik,2026-03-18,80,4.3682780265808105
99_sik,2026-03-19,5,3.049114942550659
99_sik,2026-03-19,10,3.036104440689087
99_sik,2026-03-19,15,2.969658136367798
99_sik,2026-03-19,20,2.939969301223755
99_sik,2026-03-19,30,3.0016956329345703
99_sik,2026-03-19,40,3.316596508026123
99_sik,2026-03-19,50,3.493294715881348
99_sik,2026-03-19,65,4.192163944244385
99_sik,2026-03-19,80,4.362065315246582
99_sik,2026-03-20,5,3.2110884189605717
99_sik,2026-03-20,10,3.1708104610443115
99_sik,2026-03-20,15,3.15647554397583
99_sik,2026-03-20,20,3.1557164192199707
99_sik,2026-03-20,30,3.202427864074707
99_sik,2026-03-20,40,3.381053924560547
99_sik,2026-03-20,50,3.524167537689209
99_sik,2026-03-20,65,4.189672470092773
99_sik,2026-03-20,80,4.362426280975342
99_sik,2026-03-21,5,3.162060260772705
99_sik,2026-03-21,10,3.1631410121917725
99_sik,2026-03-21,15,3.1640429496765137
99_sik,2026-03-21,20,3.1645665168762207
99_sik,2026-03-21,30,3.179922342300415
99_sik,2026-03-21,40,3.323077440261841
99_sik,2026-03-21,50,3.4249706268310547
99_sik,2026-03-21,65,4.086160182952881
99_sik,2026-03-21,80,4.36764669418335
99_sik,2026-03-22,5,3.3655552864074707
99_sik,2026-03-22,10,3.259335994720459
99_sik,2026-03-22,15,3.2255725860595703
99_sik,2026-03-22,20,3.222538948059082
99_sik,2026-03-22,30,3.2309117317199707
99_sik,2026-03-22,40,3.344727039337158
99_sik,2026-03-22,50,3.4716501235961914
99_sik,2026-03-22,65,4.090457916259766
99_sik,2026-03-22,80,4.381466388702393
99_sik,2026-03-23,5,3.588149070739746
99_sik,2026-03-23,10,3.446051597595215
99_sik,2026-03-23,15,3.3400917053222656
99_sik,2026-03-23,20,3.3219871520996094
99_sik,2026-03-23,30,3.327963590621948
99_sik,2026-03-23,40,3.4242072105407715
99_sik,2026-03-23,50,3.5229387283325195
99_sik,2026-03-23,65,4.088400363922119
99_sik,2026-03-23,80,4.394649982452393
99_sik,2026-03-24,5,3.7456793785095215
99_sik,2026-03-24,10,3.64722204208374
99_sik,2026-03-24,15,3.4563238620758057
99_sik,2026-03-24,20,3.4076085090637207
99_sik,2026-03-24,30,3.403412342071533
99_sik,2026-03-24,40,3.486138343811035
99_sik,2026-03-24,50,3.5424563884735107
99_sik,2026-03-24,65,4.090442657470703
99_sik,2026-03-24,80,4.406618595123291
99_sik,2026-03-25,5,3.996436357498169
99_sik,2026-03-25,10,3.779762983322144
99_sik,2026-03-25,15,3.5071232318878174
99_sik,2026-03-25,20,3.4695053100585938
99_sik,2026-03-25,30,3.482936143875122
99_sik,2026-03-25,40,3.5425705909729004
99_sik,2026-03-25,50,3.5793793201446533
99_sik,2026-03-25,65,4.119994163513184
99_sik,2026-03-25,80,4.416310787200928
99_sik,2026-03-26,5,4.139980792999268
99_sik,2026-03-26,10,3.984383583068848
99_sik,2026-03-26,15,3.581522226333618
99_sik,2026-03-26,20,3.5352087020874023
99_sik,2026-03-26,30,3.546476125717163
99_sik,2026-03-26,40,3.5992534160614014
99_sik,2026-03-26,50,3.637705564498901
99_sik,2026-03-26,65,4.156492233276367
99_sik,2026-03-26,80,4.412905216217041
99_sik,2026-03-27,5,4.284774303436279
99_sik,2026-03-27,10,4.196260929107666
99_sik,2026-03-27,15,3.681410789489746
99_sik,2026-03-27,20,3.577931404113769
99_sik,2026-03-27,30,3.585026741027832
99_sik,2026-03-27,40,3.637093782424927
99_sik,2026-03-27,50,3.6928985118865967
99_sik,2026-03-27,65,4.252017974853516
99_sik,2026-03-27,80,4.395209312438965
99_sik,2026-03-28,5,4.434335708618164
99_sik,2026-03-28,10,4.192099571228027
99_sik,2026-03-28,15,3.6498982906341553
99_sik,2026-03-28,20,3.5275611877441406
99_sik,2026-03-28,30,3.536273956298828
99_sik,2026-03-28,40,3.6249806880950928
99_sik,2026-03-28,50,3.7182633876800537
99_sik,2026-03-28,65,4.4315032958984375
99_sik,2026-03-28,80,4.380823135375977
99_sik,2026-03-29,5,4.366458415985107
99_sik,2026-03-29,10,4.0998382568359375
99_sik,2026-03-29,15,3.58590030670166
99_sik,2026-03-29,20,3.442208766937256
99_sik,2026-03-29,30,3.41218638420105
99_sik,2026-03-29,40,3.5507397651672363
99_sik,2026-03-29,50,3.642136573791504
99_sik,2026-03-29,65,4.530888557434082
99_sik,2026-03-29,80,4.41587495803833
99_sik,2026-03-30,5,4.411548137664795
99_sik,2026-03-30,10,4.337089538574219
99_sik,2026-03-30,15,3.5546071529388428
99_sik,2026-03-30,20,3.34462833404541
99_sik,2026-03-30,30,3.299269199371338
99_sik,2026-03-30,40,3.4967143535614014
99_sik,2026-03-30,50,3.5963268280029297
99_sik,2026-03-30,65,4.57131290435791
99_sik,2026-03-30,80,4.450360298156738
99_sik,2026-03-31,5,4.470218181610107
99_sik,2026-03-31,10,4.325778961181641
99_sik,2026-03-31,15,3.6875741481781006
99_sik,2026-03-31,20,3.41139554977417
99_sik,2026-03-31,30,3.2814207077026367
99_sik,2026-03-31,40,3.4695401191711426
99_sik,2026-03-31,50,3.520296096801758
99_sik,2026-03-31,65,4.5733160972595215
99_sik,2026-03-31,80,4.475718021392822
99_sik,2026-04-01,5,4.595252990722656
99_sik,2026-04-01,10,4.358072757720947
99_sik,2026-04-01,15,3.7637338638305664
99_sik,2026-04-01,20,3.5154733657836914
99_sik,2026-04-01,30,3.2809619903564453
99_sik,2026-04-01,40,3.478005886077881
99_sik,2026-04-01,50,3.528161764144897
99_sik,2026-04-01,65,4.566792964935303
99_sik,2026-04-01,80,4.486938953399658
99_sik,2026-04-02,5,4.582199573516846
99_sik,2026-04-02,10,4.453006267547607
99_sik,2026-04-02,15,3.783342123031616
99_sik,2026-04-02,20,3.48649001121521
99_sik,2026-04-02,30,3.26472282409668
99_sik,2026-04-02,40,3.461211681365967
99_sik,2026-04-02,50,3.5586345195770264
99_sik,2026-04-02,65,4.538357734680176
99_sik,2026-04-02,80,4.4851179122924805
99_sik,2026-04-03,5,4.618880748748779
99_sik,2026-04-03,10,4.465769290924072
99_sik,2026-04-03,15,4.109516620635986
99_sik,2026-04-03,20,3.7572600841522217
99_sik,2026-04-03,30,3.3518919944763184
99_sik,2026-04-03,40,3.4863171577453613
99_sik,2026-04-03,50,3.547558307647705
99_sik,2026-04-03,65,4.466596603393555
99_sik,2026-04-03,80,4.489573001861572
99_sik,2026-04-04,5,4.90875244140625
99_sik,2026-04-04,10,4.668637275695801
99_sik,2026-04-04,15,3.9677865505218506
99_sik,2026-04-04,20,3.6713125705718994
99_sik,2026-04-04,30,3.367181301116944
99_sik,2026-04-04,40,3.526956081390381
99_sik,2026-04-04,50,3.6174471378326416
99_sik,2026-04-04,65,4.438473701477051
99_sik,2026-04-04,80,4.49543571472168
99_sik,2026-04-05,5,5.178724765777588
99_sik,2026-04-05,10,4.6704535484313965
99_sik,2026-04-05,15,3.917180299758911
99_sik,2026-04-05,20,3.650214195251465
99_sik,2026-04-05,30,3.3527231216430664
99_sik,2026-04-05,40,3.512141227722168
99_sik,2026-04-05,50,3.60789966583252
99_sik,2026-04-05,65,4.402198791503906
99_sik,2026-04-05,80,4.501723289489746
99_sik,2026-04-06,5,5.174662113189697
99_sik,2026-04-06,10,4.986128807067871
99_sik,2026-04-06,15,3.92460823059082
99_sik,2026-04-06,20,3.491989850997925
99_sik,2026-04-06,30,3.349977493286133
99_sik,2026-04-06,40,3.5455172061920166
99_sik,2026-04-06,50,3.654463529586792
99_sik,2026-04-06,65,4.41878604888916
99_sik,2026-04-06,80,4.514492988586426
99_sik,2026-04-07,5,4.945455551147461
99_sik,2026-04-07,10,4.817976474761963
99_sik,2026-04-07,15,4.17327356338501
99_sik,2026-04-07,20,3.866245746612549
99_sik,2026-04-07,30,3.4267873764038086
99_sik,2026-04-07,40,3.5824806690216064
99_sik,2026-04-07,50,3.6727757453918457
99_sik,2026-04-07,65,4.409226417541504
99_sik,2026-04-07,80,4.522497653961182
99_sik,2026-04-08,5,4.679230690002441
99_sik,2026-04-08,10,4.656378746032715
99_sik,2026-04-08,15,4.584105968475342
99_sik,2026-04-08,20,4.527634143829346
99_sik,2026-04-08,30,3.531891345977783
99_sik,2026-04-08,40,3.5996170043945312
99_sik,2026-04-08,50,3.6457691192626953
99_sik,2026-04-08,65,4.38867712020874
99_sik,2026-04-08,80,4.538811206817627
99_sik,2026-04-09,5,5.022602081298828
99_sik,2026-04-09,10,4.823978424072266
99_sik,2026-04-09,15,4.724804878234863
99_sik,2026-04-09,20,4.644169807434082
99_sik,2026-04-09,30,3.684788942337036
99_sik,2026-04-09,40,3.591894626617432
99_sik,2026-04-09,50,3.621793746948242
99_sik,2026-04-09,65,4.394618034362793
99_sik,2026-04-09,80,4.543481826782227
99_sik,2026-04-10,5,5.305596351623535
99_sik,2026-04-10,10,5.009929656982422
99_sik,2026-04-10,15,4.65649938583374
99_sik,2026-04-10,20,4.461842060089111
99_sik,2026-04-10,30,3.6219265460968018
99_sik,2026-04-10,40,3.5838465690612797
99_sik,2026-04-10,50,3.663619518280029
99_sik,2026-04-10,65,4.420783519744873
99_sik,2026-04-10,80,4.542870044708252
99_sik,2026-04-11,5,5.107742786407471
99_sik,2026-04-11,10,5.099080562591553
99_sik,2026-04-11,15,5.028141021728516
99_sik,2026-04-11,20,4.845363140106201
99_sik,2026-04-11,30,3.7978835105896
99_sik,2026-04-11,40,3.5666933059692383
99_sik,2026-04-11,50,3.629399538040161
99_sik,2026-04-11,65,4.45063591003418
99_sik,2026-04-11,80,4.568374156951904
99_sik,2026-04-12,5,4.975396633148193
99_sik,2026-04-12,10,4.974560260772705
99_sik,2026-04-12,15,4.9707560539245605
99_sik,2026-04-12,20,4.965619087219238
99_sik,2026-04-12,30,4.527513980865479
99_sik,2026-04-12,40,3.7005691528320312
99_sik,2026-04-12,50,3.620983123779297
99_sik,2026-04-12,65,4.636858940124512
99_sik,2026-04-12,80,4.6765007972717285
99_sik,2026-04-13,5,5.130990982055664
99_sik,2026-04-13,10,5.110690593719482
99_sik,2026-04-13,15,5.098464012145996
99_sik,2026-04-13,20,5.094866752624512
99_sik,2026-04-13,30,4.952288627624512
99_sik,2026-04-13,40,4.046351432800293
99_sik,2026-04-13,50,3.928291320800781
99_sik,2026-04-13,65,4.988794803619385
99_sik,2026-04-13,80,4.843496799468994
99_sik,2026-04-14,5,5.408778667449951
99_sik,2026-04-14,10,5.173246383666992
99_sik,2026-04-14,15,5.135807991027832
99_sik,2026-04-14,20,5.129727840423584
99_sik,2026-04-14,30,4.964255332946777
99_sik,2026-04-14,40,4.29538631439209
99_sik,2026-04-14,50,4.436169147491455
99_sik,2026-04-14,65,5.303408145904541
99_sik,2026-04-14,80,4.951940536499023
99_sik,2026-04-15,5,5.575185298919678
99_sik,2026-04-15,10,5.239094734191895
99_sik,2026-04-15,15,5.111128807067871
99_sik,2026-04-15,20,5.091963291168213
99_sik,2026-04-15,30,4.885456085205078
99_sik,2026-04-15,40,4.483076572418213
99_sik,2026-04-15,50,4.814067840576172
99_sik,2026-04-15,65,5.498754024505615
99_sik,2026-04-15,80,5.0213236808776855
99_sik,2026-04-16,5,5.798403739929199
99_sik,2026-04-16,10,5.262722969055176
99_sik,2026-04-16,15,5.030788898468018
99_sik,2026-04-16,20,4.998154163360596
99_sik,2026-04-16,30,4.852096557617188
99_sik,2026-04-16,40,4.641149997711182
99_sik,2026-04-16,50,5.050698280334473
99_sik,2026-04-16,65,5.662710189819336
99_sik,2026-04-16,80,5.139319896697998
99_sik,2026-04-17,5,5.971459865570068
99_sik,2026-04-17,10,5.18739652633667
99_sik,2026-04-17,15,4.863378047943115
99_sik,2026-04-17,20,4.820223808288574
99_sik,2026-04-17,30,4.7173171043396
99_sik,2026-04-17,40,4.719475746154785
99_sik,2026-04-17,50,5.13669490814209
99_sik,2026-04-17,65,5.699800968170166
99_sik,2026-04-17,80,5.24066972732544
99_sik,2026-04-18,5,6.170871257781982
99_sik,2026-04-18,10,5.598610877990723
99_sik,2026-04-18,15,4.819409370422363
99_sik,2026-04-18,20,4.702067852020264
99_sik,2026-04-18,30,4.636298179626465
99_sik,2026-04-18,40,4.647914409637451
99_sik,2026-04-18,50,5.013466835021973
99_sik,2026-04-18,65,5.709575653076172
99_sik,2026-04-18,80,5.317342281341553
99_sik,2026-04-19,5,6.377488613128662
99_sik,2026-04-19,10,6.19806432723999
99_sik,2026-04-19,15,5.2811431884765625
99_sik,2026-04-19,20,4.91173267364502
99_sik,2026-04-19,30,4.687089443206787
99_sik,2026-04-19,40,4.736052513122559
99_sik,2026-04-19,50,5.08393144607544
99_sik,2026-04-19,65,5.8345136642456055
99_sik,2026-04-19,80,5.431382656097412
99_sik,2026-04-20,5,6.1863274574279785
99_sik,2026-04-20,10,6.0994648933410645
99_sik,2026-04-20,15,4.825530529022217
99_sik,2026-04-20,20,4.5996832847595215
99_sik,2026-04-20,30,4.668375015258789
99_sik,2026-04-20,40,4.935141086578369
99_sik,2026-04-20,50,5.344081401824951
99_sik,2026-04-20,65,5.844032287597656
99_sik,2026-04-20,80,5.560676097869873
99_sik,2026-04-21,5,5.894333362579346
99_sik,2026-04-21,10,5.8513360023498535
99_sik,2026-04-21,15,5.377562999725342
99_sik,2026-04-21,20,5.0566887855529785
99_sik,2026-04-21,30,4.576391220092773
99_sik,2026-04-21,40,4.80417537689209
99_sik,2026-04-21,50,5.1825032234191895
99_sik,2026-04-21,65,5.757082462310791
99_sik,2026-04-21,80,5.658278942108154
99_sik,2026-04-22,5,6.100392818450928
99_sik,2026-04-22,10,5.9161763191223145
99_sik,2026-04-22,15,5.559731960296631
99_sik,2026-04-22,20,5.317914009094238
99_sik,2026-04-22,30,4.635031223297119
99_sik,2026-04-22,40,4.788779258728027
99_sik,2026-04-22,50,5.162229061126709
99_sik,2026-04-22,65,5.8178815841674805
99_sik,2026-04-22,80,5.731037139892578
99_sik,2026-04-23,5,6.303881645202637
99_sik,2026-04-23,10,6.191890716552734
99_sik,2026-04-23,15,5.696387767791748
99_sik,2026-04-23,20,5.414975166320801
99_sik,2026-04-23,30,4.721071720123291
99_sik,2026-04-23,40,4.8080925941467285
99_sik,2026-04-23,50,5.2209672927856445
99_sik,2026-04-23,65,5.88347864151001
99_sik,2026-04-23,80,5.789218902587891
99_sik,2026-04-24,5,6.418753147125244
99_sik,2026-04-24,10,6.343896389007568
99_sik,2026-04-24,15,6.0041093826293945
99_sik,2026-04-24,20,5.691909790039063
99_sik,2026-04-24,30,4.843428611755371
99_sik,2026-04-24,40,4.848441123962402
99_sik,2026-04-24,50,5.283197402954102
99_sik,2026-04-24,65,5.901467800140381
99_sik,2026-04-24,80,5.837459087371826
99_sik,2026-04-25,5,6.600450038909912
99_sik,2026-04-25,10,6.467875003814697
99_sik,2026-04-25,15,5.997122287750244
99_sik,2026-04-25,20,5.684224605560303
99_sik,2026-04-25,30,4.854026794433594
99_sik,2026-04-25,40,4.946037769317627
99_sik,2026-04-25,50,5.391775131225586
99_sik,2026-04-25,65,5.907337665557861
99_sik,2026-04-25,80,5.863039970397949
99_sik,2026-04-26,5,6.8836517333984375
99_sik,2026-04-26,10,6.594882965087891
99_sik,2026-04-26,15,5.770993709564209
99_sik,2026-04-26,20,5.457708835601807
99_sik,2026-04-26,30,4.72754430770874
99_sik,2026-04-26,40,4.985876083374023
99_sik,2026-04-26,50,5.4176764488220215
99_sik,2026-04-26,65,5.870203018188477
99_sik,2026-04-26,80,5.840944290161133
99_sik,2026-04-27,5,7.068789958953857
99_sik,2026-04-27,10,6.563684463500977
99_sik,2026-04-27,15,5.682623386383057
99_sik,2026-04-27,20,5.354289531707764
99_sik,2026-04-27,30,4.6546311378479
99_sik,2026-04-27,40,4.9553937911987305
99_sik,2026-04-27,50,5.377715110778809
99_sik,2026-04-27,65,5.832663059234619
99_sik,2026-04-27,80,5.814459800720215
99_sik,2026-04-28,5,6.998115539550781
99_sik,2026-04-28,10,6.413101196289063
99_sik,2026-04-28,15,5.410437107086182
99_sik,2026-04-28,20,5.117260932922363
99_sik,2026-04-28,30,4.640122890472412
99_sik,2026-04-28,40,5.04662036895752
99_sik,2026-04-28,50,5.433555603027344
99_sik,2026-04-28,65,5.799582004547119
99_sik,2026-04-28,80,5.7830681800842285
99_sik,2026-04-29,5,5.975560188293457
99_sik,2026-04-29,10,5.97601318359375
99_sik,2026-04-29,15,5.973193168640137
99_sik,2026-04-29,20,5.964694023132324
99_sik,2026-04-29,30,5.745513916015625
99_sik,2026-04-29,40,4.839504718780518
99_sik,2026-04-29,50,4.99203634262085
99_sik,2026-04-29,65,5.884064674377441
99_sik,2026-04-29,80,5.835705280303955
99_sik,2026-04-30,5,6.211580753326416
99_sik,2026-04-30,10,6.131492137908936
99_sik,2026-04-30,15,6.116250991821289
99_sik,2026-04-30,20,6.115359783172607
99_sik,2026-04-30,30,6.11090087890625
99_sik,2026-04-30,40,5.41006326675415
99_sik,2026-04-30,50,5.218513488769531
99_sik,2026-04-30,65,5.9485626220703125
99_sik,2026-04-30,80,5.917087078094482
99_sik,2026-05-01,5,6.545736312866211
99_sik,2026-05-01,10,6.491948127746582
99_sik,2026-05-01,15,6.3425397872924805
99_sik,2026-05-01,20,6.298119068145752
99_sik,2026-05-01,30,6.23870325088501
99_sik,2026-05-01,40,5.7258405685424805
99_sik,2026-05-01,50,5.467837810516357
99_sik,2026-05-01,65,5.978714466094971
99_sik,2026-05-01,80,5.958834648132324
