Site,Date,Depth,Temp,Source,depth_used,dz,flag,file
97_dat,2022-01-01,5,7.291573852300644,MY,5.078224182128906,0.07822418212890625,1,thetao_MY_20220101_20221231.nc
97_dat,2022-01-01,10,7.291573852300644,MY,9.572997093200684,0.4270029067993164,1,thetao_MY_20220101_20221231.nc
97_dat,2022-01-01,15,7.291573852300644,MY,15.810070037841797,0.8100700378417969,1,thetao_MY_20220101_20221231.nc
97_dat,2022-01-01,20,7.291573852300644,MY,18.495559692382812,1.5044403076171875,1,thetao_MY_20220101_20221231.nc
97_dat,2022-01-01,30,7.33478806167841,MY,29.444730758666992,0.5552692413330078,1,thetao_MY_20220101_20221231.nc
97_dat,2022-01-02,5,7.1948912143707275,MY,5.078224182128906,0.07822418212890625,1,thetao_MY_20220101_20221231.nc
97_dat,2022-01-02,10,7.197820991277695,MY,9.572997093200684,0.4270029067993164,1,thetao_MY_20220101_20221231.nc
97_dat,2022-01-02,15,7.199285879731178,MY,15.810070037841797,0.8100700378417969,1,thetao_MY_20220101_20221231.nc
97_dat,2022-01-02,20,7.199285879731178,MY,18.495559692382812,1.5044403076171875,1,thetao_MY_20220101_20221231.nc
97_dat,2022-01-02,30,7.235908091068268,MY,29.444730758666992,0.5552692413330078,1,thetao_MY_20220101_20221231.nc
97_dat,2022-01-03,5,6.989074386656284,MY,5.078224182128906,0.07822418212890625,1,thetao_MY_20220101_20221231.nc
97_dat,2022-01-03,10,6.989074386656284,MY,9.572997093200684,0.4270029067993164,1,thetao_MY_20220101_20221231.nc
97_dat,2022-01-03,15,6.989074386656284,MY,15.810070037841797,0.8100700378417969,1,thetao_MY_20220101_20221231.nc
97_dat,2022-01-03,20,6.989074386656284,MY,18.495559692382812,1.5044403076171875,1,thetao_MY_20220101_20221231.nc
97_dat,2022-01-03,30,7.030091263353825,MY,29.444730758666992,0.5552692413330078,1,thetao_MY_20220101_20221231.nc
97_dat,2022-01-04,5,6.827204212546349,MY,5.078224182128906,0.07822418212890625,1,thetao_MY_20220101_20221231.nc
97_dat,2022-01-04,10,6.827204212546349,MY,9.572997093200684,0.4270029067993164,1,thetao_MY_20220101_20221231.nc
97_dat,2022-01-04,15,6.827204212546349,MY,15.810070037841797,0.8100700378417969,1,thetao_MY_20220101_20221231.nc
97_dat,2022-01-04,20,6.827204212546349,MY,18.495559692382812,1.5044403076171875,1,thetao_MY_20220101_20221231.nc
97_dat,2022-01-04,30,6.860896646976471,MY,29.444730758666992,0.5552692413330078,1,thetao_MY_20220101_20221231.nc
97_dat,2022-01-05,5,6.779595337808132,MY,5.078224182128906,0.07822418212890625,1,thetao_MY_20220101_20221231.nc
97_dat,2022-01-05,10,6.779595337808132,MY,9.572997093200684,0.4270029067993164,1,thetao_MY_20220101_20221231.nc
97_dat,2022-01-05,15,6.779595337808132,MY,15.810070037841797,0.8100700378417969,1,thetao_MY_20220101_20221231.nc
97_dat,2022-01-05,20,6.779595337808132,MY,18.495559692382812,1.5044403076171875,1,thetao_MY_20220101_20221231.nc
97_dat,2022-01-05,30,6.7993713319301605,MY,29.444730758666992,0.5552692413330078,1,thetao_MY_20220101_20221231.nc
97_dat,2022-01-06,5,6.779595337808132,MY,5.078224182128906,0.07822418212890625,1,thetao_MY_20220101_20221231.nc
97_dat,2022-01-06,10,6.779595337808132,MY,9.572997093200684,0.4270029067993164,1,thetao_MY_20220101_20221231.nc
97_dat,2022-01-06,15,6.77886289358139,MY,15.810070037841797,0.8100700378417969,1,thetao_MY_20220101_20221231.nc
97_dat,2022-01-06,20,6.778130449354649,MY,18.495559692382812,1.5044403076171875,1,thetao_MY_20220101_20221231.nc
97_dat,2022-01-06,30,6.7891171127557755,MY,29.444730758666992,0.5552692413330078,1,thetao_MY_20220101_20221231.nc
97_dat,2022-01-07,5,6.72539446502924,MY,5.078224182128906,0.07822418212890625,1,thetao_MY_20220101_20221231.nc
97_dat,2022-01-07,10,6.72539446502924,MY,9.572997093200684,0.4270029067993164,1,thetao_MY_20220101_20221231.nc
97_dat,2022-01-07,15,6.72539446502924,MY,15.810070037841797,0.8100700378417969,1,thetao_MY_20220101_20221231.nc
97_dat,2022-01-07,20,6.72539446502924,MY,18.495559692382812,1.5044403076171875,1,thetao_MY_20220101_20221231.nc
97_dat,2022-01-07,30,6.744438014924526,MY,29.444730758666992,0.5552692413330078,1,thetao_MY_20220101_20221231.nc
97_dat,2022-01-08,5,6.8308664336800575,MY,5.078224182128906,0.07822418212890625,1,thetao_MY_20220101_20221231.nc
97_dat,2022-01-08,10,6.832331322133541,MY,9.572997093200684,0.4270029067993164,1,thetao_MY_20220101_20221231.nc
97_dat,2022-01-08,15,6.828669100999832,MY,15.810070037841797,0.8100700378417969,1,thetao_MY_20220101_20221231.nc
97_dat,2022-01-08,20,6.817682437598705,MY,18.495559692382812,1.5044403076171875,1,thetao_MY_20220101_20221231.nc
97_dat,2022-01-08,30,6.797906443476677,MY,29.444730758666992,0.5552692413330078,1,thetao_MY_20220101_20221231.nc
97_dat,2022-01-09,5,7.783776372671127,MY,5.078224182128906,0.07822418212890625,1,thetao_MY_20220101_20221231.nc
97_dat,2022-01-09,10,7.783776372671127,MY,9.572997093200684,0.4270029067993164,1,thetao_MY_20220101_20221231.nc
97_dat,2022-01-09,15,7.774987041950226,MY,15.810070037841797,0.8100700378417969,1,thetao_MY_20220101_20221231.nc
97_dat,2022-01-09,20,7.651936411857605,MY,18.495559692382812,1.5044403076171875,1,thetao_MY_20220101_20221231.nc
97_dat,2022-01-09,30,7.39631337672472,MY,29.444730758666992,0.5552692413330078,1,thetao_MY_20220101_20221231.nc
97_dat,2022-01-10,5,8.172704257071018,MY,5.078224182128906,0.07822418212890625,1,thetao_MY_20220101_20221231.nc
97_dat,2022-01-10,10,8.172704257071018,MY,9.572997093200684,0.4270029067993164,1,thetao_MY_20220101_20221231.nc
97_dat,2022-01-10,15,8.139744266867638,MY,15.810070037841797,0.8100700378417969,1,thetao_MY_20220101_20221231.nc
97_dat,2022-01-10,20,8.024018079042435,MY,18.495559692382812,1.5044403076171875,1,thetao_MY_20220101_20221231.nc
97_dat,2022-01-10,30,7.884121231734753,MY,29.444730758666992,0.5552692413330078,1,thetao_MY_20220101_20221231.nc
97_dat,2022-01-11,5,8.012298971414566,MY,5.078224182128906,0.07822418212890625,1,thetao_MY_20220101_20221231.nc
97_dat,2022-01-11,10,8.040131852030754,MY,9.572997093200684,0.4270029067993164,1,thetao_MY_20220101_20221231.nc
97_dat,2022-01-11,15,8.055513180792332,MY,15.810070037841797,0.8100700378417969,1,thetao_MY_20220101_20221231.nc
97_dat,2022-01-11,20,8.056978069245815,MY,18.495559692382812,1.5044403076171875,1,thetao_MY_20220101_20221231.nc
97_dat,2022-01-11,30,8.048921182751656,MY,29.444730758666992,0.5552692413330078,1,thetao_MY_20220101_20221231.nc
97_dat,2022-01-12,5,7.329660952091217,MY,5.078224182128906,0.07822418212890625,1,thetao_MY_20220101_20221231.nc
97_dat,2022-01-12,10,7.334055617451668,MY,9.572997093200684,0.4270029067993164,1,thetao_MY_20220101_20221231.nc
97_dat,2022-01-12,15,7.3421125039458275,MY,15.810070037841797,0.8100700378417969,1,thetao_MY_20220101_20221231.nc
97_dat,2022-01-12,20,7.356761388480663,MY,18.495559692382812,1.5044403076171875,1,thetao_MY_20220101_20221231.nc
97_dat,2022-01-12,30,7.438795141875744,MY,29.444730758666992,0.5552692413330078,1,thetao_MY_20220101_20221231.nc
97_dat,2022-01-13,5,6.577440731227398,MY,5.078224182128906,0.07822418212890625,1,thetao_MY_20220101_20221231.nc
97_dat,2022-01-13,10,6.577440731227398,MY,9.572997093200684,0.4270029067993164,1,thetao_MY_20220101_20221231.nc
97_dat,2022-01-13,15,6.577440731227398,MY,15.810070037841797,0.8100700378417969,1,thetao_MY_20220101_20221231.nc
97_dat,2022-01-13,20,6.577440731227398,MY,18.495559692382812,1.5044403076171875,1,thetao_MY_20220101_20221231.nc
97_dat,2022-01-13,30,6.581102952361107,MY,29.444730758666992,0.5552692413330078,1,thetao_MY_20220101_20221231.nc
97_dat,2022-01-14,5,6.266151934862137,MY,5.078224182128906,0.07822418212890625,1,thetao_MY_20220101_20221231.nc
97_dat,2022-01-14,10,6.266151934862137,MY,9.572997093200684,0.4270029067993164,1,thetao_MY_20220101_20221231.nc
97_dat,2022-01-14,15,6.266151934862137,MY,15.810070037841797,0.8100700378417969,1,thetao_MY_20220101_20221231.nc
97_dat,2022-01-14,20,6.266151934862137,MY,18.495559692382812,1.5044403076171875,1,thetao_MY_20220101_20221231.nc
97_dat,2022-01-14,30,6.346720799803734,MY,29.444730758666992,0.5552692413330078,1,thetao_MY_20220101_20221231.nc
97_dat,2022-01-15,5,6.143101304769516,MY,5.078224182128906,0.07822418212890625,1,thetao_MY_20220101_20221231.nc
97_dat,2022-01-15,10,6.143101304769516,MY,9.572997093200684,0.4270029067993164,1,thetao_MY_20220101_20221231.nc
97_dat,2022-01-15,15,6.143101304769516,MY,15.810070037841797,0.8100700378417969,1,thetao_MY_20220101_20221231.nc
97_dat,2022-01-15,20,6.143101304769516,MY,18.495559692382812,1.5044403076171875,1,thetao_MY_20220101_20221231.nc
97_dat,2022-01-15,30,6.310831032693386,MY,29.444730758666992,0.5552692413330078,1,thetao_MY_20220101_20221231.nc
97_dat,2022-01-16,5,5.913113817572594,MY,5.078224182128906,0.07822418212890625,1,thetao_MY_20220101_20221231.nc
97_dat,2022-01-16,10,5.918240927159786,MY,9.572997093200684,0.4270029067993164,1,thetao_MY_20220101_20221231.nc
97_dat,2022-01-16,15,5.943144030869007,MY,15.810070037841797,0.8100700378417969,1,thetao_MY_20220101_20221231.nc
97_dat,2022-01-16,20,5.954130694270134,MY,18.495559692382812,1.5044403076171875,1,thetao_MY_20220101_20221231.nc
97_dat,2022-01-16,30,6.12845242023468,MY,29.444730758666992,0.5552692413330078,1,thetao_MY_20220101_20221231.nc
97_dat,2022-01-17,5,5.687520995736122,MY,5.078224182128906,0.07822418212890625,1,thetao_MY_20220101_20221231.nc
97_dat,2022-01-17,10,5.687520995736122,MY,9.572997093200684,0.4270029067993164,1,thetao_MY_20220101_20221231.nc
97_dat,2022-01-17,15,5.691915661096573,MY,15.810070037841797,0.8100700378417969,1,thetao_MY_20220101_20221231.nc
97_dat,2022-01-17,20,5.699972547590733,MY,18.495559692382812,1.5044403076171875,1,thetao_MY_20220101_20221231.nc
97_dat,2022-01-17,30,5.828882731497288,MY,29.444730758666992,0.5552692413330078,1,thetao_MY_20220101_20221231.nc
97_dat,2022-01-18,5,5.44141973555088,MY,5.078224182128906,0.07822418212890625,1,thetao_MY_20220101_20221231.nc
97_dat,2022-01-18,10,5.44141973555088,MY,9.572997093200684,0.4270029067993164,1,thetao_MY_20220101_20221231.nc
97_dat,2022-01-18,15,5.442152179777622,MY,15.810070037841797,0.8100700378417969,1,thetao_MY_20220101_20221231.nc
97_dat,2022-01-18,20,5.443617068231106,MY,18.495559692382812,1.5044403076171875,1,thetao_MY_20220101_20221231.nc
97_dat,2022-01-18,30,5.553483702242374,MY,29.444730758666992,0.5552692413330078,1,thetao_MY_20220101_20221231.nc
97_dat,2022-01-19,5,5.17554248124361,MY,5.078224182128906,0.07822418212890625,1,thetao_MY_20220101_20221231.nc
97_dat,2022-01-19,10,5.17554248124361,MY,9.572997093200684,0.4270029067993164,1,thetao_MY_20220101_20221231.nc
97_dat,2022-01-19,15,5.197515808045864,MY,15.810070037841797,0.8100700378417969,1,thetao_MY_20220101_20221231.nc
97_dat,2022-01-19,20,5.2275460213422775,MY,18.495559692382812,1.5044403076171875,1,thetao_MY_20220101_20221231.nc
97_dat,2022-01-19,30,5.287606447935104,MY,29.444730758666992,0.5552692413330078,1,thetao_MY_20220101_20221231.nc
97_dat,2022-01-20,5,4.908200338482857,MY,5.078224182128906,0.07822418212890625,1,thetao_MY_20220101_20221231.nc
97_dat,2022-01-20,10,4.908200338482857,MY,9.572997093200684,0.4270029067993164,1,thetao_MY_20220101_20221231.nc
97_dat,2022-01-20,15,4.9755852073431015,MY,15.810070037841797,0.8100700378417969,1,thetao_MY_20220101_20221231.nc
97_dat,2022-01-20,20,5.029053635895252,MY,18.495559692382812,1.5044403076171875,1,thetao_MY_20220101_20221231.nc
97_dat,2022-01-20,30,5.074465177953243,MY,29.444730758666992,0.5552692413330078,1,thetao_MY_20220101_20221231.nc
97_dat,2022-01-21,5,4.6884670704603195,MY,5.078224182128906,0.07822418212890625,1,thetao_MY_20220101_20221231.nc
97_dat,2022-01-21,10,4.6884670704603195,MY,9.572997093200684,0.4270029067993164,1,thetao_MY_20220101_20221231.nc
97_dat,2022-01-21,15,4.706778176128864,MY,15.810070037841797,0.8100700378417969,1,thetao_MY_20220101_20221231.nc
97_dat,2022-01-21,20,4.76244393736124,MY,18.495559692382812,1.5044403076171875,1,thetao_MY_20220101_20221231.nc
97_dat,2022-01-21,30,4.865718573331833,MY,29.444730758666992,0.5552692413330078,1,thetao_MY_20220101_20221231.nc
97_dat,2022-01-22,5,4.457747139036655,MY,5.078224182128906,0.07822418212890625,1,thetao_MY_20220101_20221231.nc
97_dat,2022-01-22,10,4.457747139036655,MY,9.572997093200684,0.4270029067993164,1,thetao_MY_20220101_20221231.nc
97_dat,2022-01-22,15,4.46360669285059,MY,15.810070037841797,0.8100700378417969,1,thetao_MY_20220101_20221231.nc
97_dat,2022-01-22,20,4.4819177985191345,MY,18.495559692382812,1.5044403076171875,1,thetao_MY_20220101_20221231.nc
97_dat,2022-01-22,30,4.5661488845944405,MY,29.444730758666992,0.5552692413330078,1,thetao_MY_20220101_20221231.nc
97_dat,2022-01-23,5,4.134006790816784,MY,5.078224182128906,0.07822418212890625,1,thetao_MY_20220101_20221231.nc
97_dat,2022-01-23,10,4.145725898444653,MY,9.572997093200684,0.4270029067993164,1,thetao_MY_20220101_20221231.nc
97_dat,2022-01-23,15,4.187475219368935,MY,15.810070037841797,0.8100700378417969,1,thetao_MY_20220101_20221231.nc
97_dat,2022-01-23,20,4.200659215450287,MY,18.495559692382812,1.5044403076171875,1,thetao_MY_20220101_20221231.nc
97_dat,2022-01-23,30,4.234351649880409,MY,29.444730758666992,0.5552692413330078,1,thetao_MY_20220101_20221231.nc
97_dat,2022-01-24,5,3.745078906416893,MY,5.078224182128906,0.07822418212890625,1,thetao_MY_20220101_20221231.nc
97_dat,2022-01-24,10,3.74800868332386,MY,9.572997093200684,0.4270029067993164,1,thetao_MY_20220101_20221231.nc
97_dat,2022-01-24,15,3.807336665689945,MY,15.810070037841797,0.8100700378417969,1,thetao_MY_20220101_20221231.nc
97_dat,2022-01-24,20,3.8315073251724243,MY,18.495559692382812,1.5044403076171875,1,thetao_MY_20220101_20221231.nc
97_dat,2022-01-24,30,3.8527482077479362,MY,29.444730758666992,0.5552692413330078,1,thetao_MY_20220101_20221231.nc
97_dat,2022-01-25,5,3.332712806761265,MY,5.078224182128906,0.07822418212890625,1,thetao_MY_20220101_20221231.nc
97_dat,2022-01-25,10,3.3510239124298096,MY,9.572997093200684,0.4270029067993164,1,thetao_MY_20220101_20221231.nc
97_dat,2022-01-25,15,3.444044329226017,MY,15.810070037841797,0.8100700378417969,1,thetao_MY_20220101_20221231.nc
97_dat,2022-01-25,20,3.4711447656154633,MY,18.495559692382812,1.5044403076171875,1,thetao_MY_20220101_20221231.nc
97_dat,2022-01-25,30,3.48213142901659,MY,29.444730758666992,0.5552692413330078,1,thetao_MY_20220101_20221231.nc
97_dat,2022-01-26,5,3.041932448744774,MY,5.078224182128906,0.07822418212890625,1,thetao_MY_20220101_20221231.nc
97_dat,2022-01-26,10,3.114444427192211,MY,9.572997093200684,0.4270029067993164,1,thetao_MY_20220101_20221231.nc
97_dat,2022-01-26,15,3.206732399761677,MY,15.810070037841797,0.8100700378417969,1,thetao_MY_20220101_20221231.nc
97_dat,2022-01-26,20,3.230903059244156,MY,18.495559692382812,1.5044403076171875,1,thetao_MY_20220101_20221231.nc
97_dat,2022-01-26,30,3.2323679476976395,MY,29.444730758666992,0.5552692413330078,1,thetao_MY_20220101_20221231.nc
97_dat,2022-01-27,5,2.915219597518444,MY,5.078224182128906,0.07822418212890625,1,thetao_MY_20220101_20221231.nc
97_dat,2022-01-27,10,2.947447143495083,MY,9.572997093200684,0.4270029067993164,1,thetao_MY_20220101_20221231.nc
97_dat,2022-01-27,15,3.0499893352389336,MY,15.810070037841797,0.8100700378417969,1,thetao_MY_20220101_20221231.nc
97_dat,2022-01-27,20,3.0924711003899574,MY,18.495559692382812,1.5044403076171875,1,thetao_MY_20220101_20221231.nc
97_dat,2022-01-27,30,3.1137119829654694,MY,29.444730758666992,0.5552692413330078,1,thetao_MY_20220101_20221231.nc
97_dat,2022-01-28,5,2.83172095566988,MY,5.078224182128906,0.07822418212890625,1,thetao_MY_20220101_20221231.nc
97_dat,2022-01-28,10,2.841975174844265,MY,9.572997093200684,0.4270029067993164,1,thetao_MY_20220101_20221231.nc
97_dat,2022-01-28,15,2.926206260919571,MY,15.810070037841797,0.8100700378417969,1,thetao_MY_20220101_20221231.nc
97_dat,2022-01-28,20,2.9408551454544067,MY,18.495559692382812,1.5044403076171875,1,thetao_MY_20220101_20221231.nc
97_dat,2022-01-28,30,2.97894224524498,MY,29.444730758666992,0.5552692413330078,1,thetao_MY_20220101_20221231.nc
97_dat,2022-01-29,5,2.677907668054104,MY,5.078224182128906,0.07822418212890625,1,thetao_MY_20220101_20221231.nc
97_dat,2022-01-29,10,2.6801050007343292,MY,9.572997093200684,0.4270029067993164,1,thetao_MY_20220101_20221231.nc
97_dat,2022-01-29,15,2.764336086809635,MY,15.810070037841797,0.8100700378417969,1,thetao_MY_20220101_20221231.nc
97_dat,2022-01-29,20,2.7907040789723396,MY,18.495559692382812,1.5044403076171875,1,thetao_MY_20220101_20221231.nc
97_dat,2022-01-29,30,2.858821392059326,MY,29.444730758666992,0.5552692413330078,1,thetao_MY_20220101_20221231.nc
97_dat,2022-01-30,5,2.50871305167675,MY,5.078224182128906,0.07822418212890625,1,thetao_MY_20220101_20221231.nc
97_dat,2022-01-30,10,2.50871305167675,MY,9.572997093200684,0.4270029067993164,1,thetao_MY_20220101_20221231.nc
97_dat,2022-01-30,15,2.5768303647637367,MY,15.810070037841797,0.8100700378417969,1,thetao_MY_20220101_20221231.nc
97_dat,2022-01-30,20,2.6266365721821785,MY,18.495559692382812,1.5044403076171875,1,thetao_MY_20220101_20221231.nc
97_dat,2022-01-30,30,2.747489869594574,MY,29.444730758666992,0.5552692413330078,1,thetao_MY_20220101_20221231.nc
97_dat,2022-01-31,5,2.3424482122063637,MY,5.078224182128906,0.07822418212890625,1,thetao_MY_20220101_20221231.nc
97_dat,2022-01-31,10,2.3424482122063637,MY,9.572997093200684,0.4270029067993164,1,thetao_MY_20220101_20221231.nc
97_dat,2022-01-31,15,2.3754082024097443,MY,15.810070037841797,0.8100700378417969,1,thetao_MY_20220101_20221231.nc
97_dat,2022-01-31,20,2.457441955804825,MY,18.495559692382812,1.5044403076171875,1,thetao_MY_20220101_20221231.nc
97_dat,2022-01-31,30,2.740897871553898,MY,29.444730758666992,0.5552692413330078,1,thetao_MY_20220101_20221231.nc
97_dat,2022-02-01,5,2.141026049852371,MY,5.078224182128906,0.07822418212890625,1,thetao_MY_20220101_20221231.nc
97_dat,2022-02-01,10,2.1402936056256294,MY,9.572997093200684,0.4270029067993164,1,thetao_MY_20220101_20221231.nc
97_dat,2022-02-01,15,2.173986040055752,MY,15.810070037841797,0.8100700378417969,1,thetao_MY_20220101_20221231.nc
97_dat,2022-02-01,20,2.3080233335494995,MY,18.495559692382812,1.5044403076171875,1,thetao_MY_20220101_20221231.nc
97_dat,2022-02-01,30,2.7980285212397575,MY,29.444730758666992,0.5552692413330078,1,thetao_MY_20220101_20221231.nc
97_dat,2022-02-02,5,1.9088412299752235,MY,5.078224182128906,0.07822418212890625,1,thetao_MY_20220101_20221231.nc
97_dat,2022-02-02,10,1.9088412299752235,MY,9.572997093200684,0.4270029067993164,1,thetao_MY_20220101_20221231.nc
97_dat,2022-02-02,15,2.0567949637770653,MY,15.810070037841797,0.8100700378417969,1,thetao_MY_20220101_20221231.nc
97_dat,2022-02-02,20,2.3329264372587204,MY,18.495559692382812,1.5044403076171875,1,thetao_MY_20220101_20221231.nc
97_dat,2022-02-02,30,2.904965378344059,MY,29.444730758666992,0.5552692413330078,1,thetao_MY_20220101_20221231.nc
97_dat,2022-02-03,5,1.724997729063034,MY,5.078224182128906,0.07822418212890625,1,thetao_MY_20220101_20221231.nc
97_dat,2022-02-03,10,1.7279275059700012,MY,9.572997093200684,0.4270029067993164,1,thetao_MY_20220101_20221231.nc
97_dat,2022-02-03,15,2.169591374695301,MY,15.810070037841797,0.8100700378417969,1,thetao_MY_20220101_20221231.nc
97_dat,2022-02-03,20,2.5138401612639427,MY,18.495559692382812,1.5044403076171875,1,thetao_MY_20220101_20221231.nc
97_dat,2022-02-03,30,3.01995912194252,MY,29.444730758666992,0.5552692413330078,1,thetao_MY_20220101_20221231.nc
97_dat,2022-02-04,5,1.5704519972205162,MY,5.078224182128906,0.07822418212890625,1,thetao_MY_20220101_20221231.nc
97_dat,2022-02-04,10,1.5799737721681595,MY,9.572997093200684,0.4270029067993164,1,thetao_MY_20220101_20221231.nc
97_dat,2022-02-04,15,2.236976243555546,MY,15.810070037841797,0.8100700378417969,1,thetao_MY_20220101_20221231.nc
97_dat,2022-02-04,20,2.5043183863162994,MY,18.495559692382812,1.5044403076171875,1,thetao_MY_20220101_20221231.nc
97_dat,2022-02-04,30,3.083681769669056,MY,29.444730758666992,0.5552692413330078,1,thetao_MY_20220101_20221231.nc
97_dat,2022-02-05,5,1.2584307566285133,MY,5.078224182128906,0.07822418212890625,1,thetao_MY_20220101_20221231.nc
97_dat,2022-02-05,10,1.2657551988959312,MY,9.572997093200684,0.4270029067993164,1,thetao_MY_20220101_20221231.nc
97_dat,2022-02-05,15,1.8700216859579086,MY,15.810070037841797,0.8100700378417969,1,thetao_MY_20220101_20221231.nc
97_dat,2022-02-05,20,2.1996215879917145,MY,18.495559692382812,1.5044403076171875,1,thetao_MY_20220101_20221231.nc
97_dat,2022-02-05,30,3.033875562250614,MY,29.444730758666992,0.5552692413330078,1,thetao_MY_20220101_20221231.nc
97_dat,2022-02-06,5,1.0819116979837418,MY,5.078224182128906,0.07822418212890625,1,thetao_MY_20220101_20221231.nc
97_dat,2022-02-06,10,1.1097445785999298,MY,9.572997093200684,0.4270029067993164,1,thetao_MY_20220101_20221231.nc
97_dat,2022-02-06,15,1.8495132476091385,MY,15.810070037841797,0.8100700378417969,1,thetao_MY_20220101_20221231.nc
97_dat,2022-02-06,20,2.1857051476836205,MY,18.495559692382812,1.5044403076171875,1,thetao_MY_20220101_20221231.nc
97_dat,2022-02-06,30,3.0221564546227455,MY,29.444730758666992,0.5552692413330078,1,thetao_MY_20220101_20221231.nc
97_dat,2022-02-07,5,0.9647206217050552,MY,5.078224182128906,0.07822418212890625,1,thetao_MY_20220101_20221231.nc
97_dat,2022-02-07,10,1.0482192635536194,MY,9.572997093200684,0.4270029067993164,1,thetao_MY_20220101_20221231.nc
97_dat,2022-02-07,15,1.8451185822486877,MY,15.810070037841797,0.8100700378417969,1,thetao_MY_20220101_20221231.nc
97_dat,2022-02-07,20,2.0948820635676384,MY,18.495559692382812,1.5044403076171875,1,thetao_MY_20220101_20221231.nc
97_dat,2022-02-07,30,2.984801799058914,MY,29.444730758666992,0.5552692413330078,1,thetao_MY_20220101_20221231.nc
97_dat,2022-02-08,5,0.8021180033683777,MY,5.078224182128906,0.07822418212890625,1,thetao_MY_20220101_20221231.nc
97_dat,2022-02-08,10,0.9009979739785194,MY,9.572997093200684,0.4270029067993164,1,thetao_MY_20220101_20221231.nc
97_dat,2022-02-08,15,1.6122013181447983,MY,15.810070037841797,0.8100700378417969,1,thetao_MY_20220101_20221231.nc
97_dat,2022-02-08,20,1.8788110166788101,MY,18.495559692382812,1.5044403076171875,1,thetao_MY_20220101_20221231.nc
97_dat,2022-02-08,30,2.883724495768547,MY,29.444730758666992,0.5552692413330078,1,thetao_MY_20220101_20221231.nc
97_dat,2022-02-09,5,0.7816095650196075,MY,5.078224182128906,0.07822418212890625,1,thetao_MY_20220101_20221231.nc
97_dat,2022-02-09,10,0.9632557332515717,MY,9.572997093200684,0.4270029067993164,1,thetao_MY_20220101_20221231.nc
97_dat,2022-02-09,15,1.6334422007203102,MY,15.810070037841797,0.8100700378417969,1,thetao_MY_20220101_20221231.nc
97_dat,2022-02-09,20,1.8612323552370071,MY,18.495559692382812,1.5044403076171875,1,thetao_MY_20220101_20221231.nc
97_dat,2022-02-09,30,2.810480073094368,MY,29.444730758666992,0.5552692413330078,1,thetao_MY_20220101_20221231.nc
97_dat,2022-02-10,5,0.6973784789443016,MY,5.078224182128906,0.07822418212890625,1,thetao_MY_20220101_20221231.nc
97_dat,2022-02-10,10,0.9390850737690926,MY,9.572997093200684,0.4270029067993164,1,thetao_MY_20220101_20221231.nc
97_dat,2022-02-10,15,1.588763102889061,MY,15.810070037841797,0.8100700378417969,1,thetao_MY_20220101_20221231.nc
97_dat,2022-02-10,20,1.7755363807082176,MY,18.495559692382812,1.5044403076171875,1,thetao_MY_20220101_20221231.nc
97_dat,2022-02-10,30,2.6237067952752113,MY,29.444730758666992,0.5552692413330078,1,thetao_MY_20220101_20221231.nc
97_dat,2022-02-11,5,0.7003082558512688,MY,5.078224182128906,0.07822418212890625,1,thetao_MY_20220101_20221231.nc
97_dat,2022-02-11,10,0.811639778316021,MY,9.572997093200684,0.4270029067993164,1,thetao_MY_20220101_20221231.nc
97_dat,2022-02-11,15,1.392468050122261,MY,15.810070037841797,0.8100700378417969,1,thetao_MY_20220101_20221231.nc
97_dat,2022-02-11,20,1.5484786704182625,MY,18.495559692382812,1.5044403076171875,1,thetao_MY_20220101_20221231.nc
97_dat,2022-02-11,30,2.296304225921631,MY,29.444730758666992,0.5552692413330078,1,thetao_MY_20220101_20221231.nc
97_dat,2022-02-12,5,0.8226264417171478,MY,5.078224182128906,0.07822418212890625,1,thetao_MY_20220101_20221231.nc
97_dat,2022-02-12,10,0.8680379837751389,MY,9.572997093200684,0.4270029067993164,1,thetao_MY_20220101_20221231.nc
97_dat,2022-02-12,15,1.2188787683844566,MY,15.810070037841797,0.8100700378417969,1,thetao_MY_20220101_20221231.nc
97_dat,2022-02-12,20,1.3807489424943924,MY,18.495559692382812,1.5044403076171875,1,thetao_MY_20220101_20221231.nc
97_dat,2022-02-12,30,1.8260750323534012,MY,29.444730758666992,0.5552692413330078,1,thetao_MY_20220101_20221231.nc
97_dat,2022-02-13,5,0.9434797391295433,MY,5.078224182128906,0.07822418212890625,1,thetao_MY_20220101_20221231.nc
97_dat,2022-02-13,10,0.9581286236643791,MY,9.572997093200684,0.4270029067993164,1,thetao_MY_20220101_20221231.nc
97_dat,2022-02-13,15,1.122928574681282,MY,15.810070037841797,0.8100700378417969,1,thetao_MY_20220101_20221231.nc
97_dat,2022-02-13,20,1.1925107762217522,MY,18.495559692382812,1.5044403076171875,1,thetao_MY_20220101_20221231.nc
97_dat,2022-02-13,30,1.34705650806427,MY,29.444730758666992,0.5552692413330078,1,thetao_MY_20220101_20221231.nc
97_dat,2022-02-14,5,0.9530015140771866,MY,5.078224182128906,0.07822418212890625,1,thetao_MY_20220101_20221231.nc
97_dat,2022-02-14,10,0.9471419602632523,MY,9.572997093200684,0.4270029067993164,1,thetao_MY_20220101_20221231.nc
97_dat,2022-02-14,15,0.9522690698504448,MY,15.810070037841797,0.8100700378417969,1,thetao_MY_20220101_20221231.nc
97_dat,2022-02-14,20,0.9742423966526985,MY,18.495559692382812,1.5044403076171875,1,thetao_MY_20220101_20221231.nc
97_dat,2022-02-14,30,1.1295205727219582,MY,29.444730758666992,0.5552692413330078,1,thetao_MY_20220101_20221231.nc
97_dat,2022-02-15,5,0.8087100014090538,MY,5.078224182128906,0.07822418212890625,1,thetao_MY_20220101_20221231.nc
97_dat,2022-02-15,10,0.811639778316021,MY,9.572997093200684,0.4270029067993164,1,thetao_MY_20220101_20221231.nc
97_dat,2022-02-15,15,0.821893997490406,MY,15.810070037841797,0.8100700378417969,1,thetao_MY_20220101_20221231.nc
97_dat,2022-02-15,20,0.8306833282113075,MY,18.495559692382812,1.5044403076171875,1,thetao_MY_20220101_20221231.nc
97_dat,2022-02-15,30,0.9009979739785194,MY,29.444730758666992,0.5552692413330078,1,thetao_MY_20220101_20221231.nc
97_dat,2022-02-16,5,0.6351207196712494,MY,5.078224182128906,0.07822418212890625,1,thetao_MY_20220101_20221231.nc
97_dat,2022-02-16,10,0.6380504965782166,MY,9.572997093200684,0.4270029067993164,1,thetao_MY_20220101_20221231.nc
97_dat,2022-02-16,15,0.6417127177119255,MY,15.810070037841797,0.8100700378417969,1,thetao_MY_20220101_20221231.nc
97_dat,2022-02-16,20,0.6439100503921509,MY,18.495559692382812,1.5044403076171875,1,thetao_MY_20220101_20221231.nc
97_dat,2022-02-16,30,0.6607562676072121,MY,29.444730758666992,0.5552692413330078,1,thetao_MY_20220101_20221231.nc
97_dat,2022-02-17,5,0.48863187432289124,MY,5.078224182128906,0.07822418212890625,1,thetao_MY_20220101_20221231.nc
97_dat,2022-02-17,10,0.48789943009614944,MY,9.572997093200684,0.4270029067993164,1,thetao_MY_20220101_20221231.nc
97_dat,2022-02-17,15,0.4915616512298584,MY,15.810070037841797,0.8100700378417969,1,thetao_MY_20220101_20221231.nc
97_dat,2022-02-17,20,0.49375898391008377,MY,18.495559692382812,1.5044403076171875,1,thetao_MY_20220101_20221231.nc
97_dat,2022-02-17,30,0.5201269760727882,MY,29.444730758666992,0.5552692413330078,1,thetao_MY_20220101_20221231.nc
97_dat,2022-02-18,5,0.3860896825790405,MY,5.078224182128906,0.07822418212890625,1,thetao_MY_20220101_20221231.nc
97_dat,2022-02-18,10,0.37803279608488083,MY,9.572997093200684,0.4270029067993164,1,thetao_MY_20220101_20221231.nc
97_dat,2022-02-18,15,0.39194923639297485,MY,15.810070037841797,0.8100700378417969,1,thetao_MY_20220101_20221231.nc
97_dat,2022-02-18,20,0.41758478432893753,MY,18.495559692382812,1.5044403076171875,1,thetao_MY_20220101_20221231.nc
97_dat,2022-02-18,30,0.4607989937067032,MY,29.444730758666992,0.5552692413330078,1,thetao_MY_20220101_20221231.nc
97_dat,2022-02-19,5,0.2857448235154152,MY,5.078224182128906,0.07822418212890625,1,thetao_MY_20220101_20221231.nc
97_dat,2022-02-19,10,0.2908719331026077,MY,9.572997093200684,0.4270029067993164,1,thetao_MY_20220101_20221231.nc
97_dat,2022-02-19,15,0.32749414443969727,MY,15.810070037841797,0.8100700378417969,1,thetao_MY_20220101_20221231.nc
97_dat,2022-02-19,20,0.3501999154686928,MY,18.495559692382812,1.5044403076171875,1,thetao_MY_20220101_20221231.nc
97_dat,2022-02-19,30,0.40733056515455246,MY,29.444730758666992,0.5552692413330078,1,thetao_MY_20220101_20221231.nc
97_dat,2022-02-20,5,0.24765772372484207,MY,5.078224182128906,0.07822418212890625,1,thetao_MY_20220101_20221231.nc
97_dat,2022-02-20,10,0.24106572568416595,MY,9.572997093200684,0.4270029067993164,1,thetao_MY_20220101_20221231.nc
97_dat,2022-02-20,15,0.2527848333120346,MY,15.810070037841797,0.8100700378417969,1,thetao_MY_20220101_20221231.nc
97_dat,2022-02-20,20,0.2601092755794525,MY,18.495559692382812,1.5044403076171875,1,thetao_MY_20220101_20221231.nc
97_dat,2022-02-20,30,0.32822658866643906,MY,29.444730758666992,0.5552692413330078,1,thetao_MY_20220101_20221231.nc
97_dat,2022-02-21,5,0.15463730692863464,MY,5.078224182128906,0.07822418212890625,1,thetao_MY_20220101_20221231.nc
97_dat,2022-02-21,10,0.15463730692863464,MY,9.572997093200684,0.4270029067993164,1,thetao_MY_20220101_20221231.nc
97_dat,2022-02-21,15,0.1582995280623436,MY,15.810070037841797,0.8100700378417969,1,thetao_MY_20220101_20221231.nc
97_dat,2022-02-21,20,0.16049686074256897,MY,18.495559692382812,1.5044403076171875,1,thetao_MY_20220101_20221231.nc
97_dat,2022-02-21,30,0.2916043773293495,MY,29.444730758666992,0.5552692413330078,1,thetao_MY_20220101_20221231.nc
97_dat,2022-02-22,5,0.10922576487064362,MY,5.078224182128906,0.07822418212890625,1,thetao_MY_20220101_20221231.nc
97_dat,2022-02-22,10,0.1106906533241272,MY,9.572997093200684,0.4270029067993164,1,thetao_MY_20220101_20221231.nc
97_dat,2022-02-22,15,0.11655020713806152,MY,15.810070037841797,0.8100700378417969,1,thetao_MY_20220101_20221231.nc
97_dat,2022-02-22,20,0.13046664744615555,MY,18.495559692382812,1.5044403076171875,1,thetao_MY_20220101_20221231.nc
97_dat,2022-02-22,30,0.5530869662761688,MY,29.444730758666992,0.5552692413330078,1,thetao_MY_20220101_20221231.nc
97_dat,2022-02-23,5,0.0791955515742302,MY,5.078224182128906,0.07822418212890625,1,thetao_MY_20220101_20221231.nc
97_dat,2022-02-23,10,0.0865199938416481,MY,9.572997093200684,0.4270029067993164,1,thetao_MY_20220101_20221231.nc
97_dat,2022-02-23,15,0.1729484125971794,MY,15.810070037841797,0.8100700378417969,1,thetao_MY_20220101_20221231.nc
97_dat,2022-02-23,20,0.2286141738295555,MY,18.495559692382812,1.5044403076171875,1,thetao_MY_20220101_20221231.nc
97_dat,2022-02-23,30,1.0123294964432716,MY,29.444730758666992,0.5552692413330078,1,thetao_MY_20220101_20221231.nc
97_dat,2022-02-24,5,0.08798488229513168,MY,5.078224182128906,0.07822418212890625,1,thetao_MY_20220101_20221231.nc
97_dat,2022-02-24,10,0.14511553198099136,MY,9.572997093200684,0.4270029067993164,1,thetao_MY_20220101_20221231.nc
97_dat,2022-02-24,15,0.3736381307244301,MY,15.810070037841797,0.8100700378417969,1,thetao_MY_20220101_20221231.nc
97_dat,2022-02-24,20,0.4813074320554733,MY,18.495559692382812,1.5044403076171875,1,thetao_MY_20220101_20221231.nc
97_dat,2022-02-24,30,1.2518387585878372,MY,29.444730758666992,0.5552692413330078,1,thetao_MY_20220101_20221231.nc
97_dat,2022-02-25,5,0.17587818950414658,MY,5.078224182128906,0.07822418212890625,1,thetao_MY_20220101_20221231.nc
97_dat,2022-02-25,10,0.2776879370212555,MY,9.572997093200684,0.4270029067993164,1,thetao_MY_20220101_20221231.nc
97_dat,2022-02-25,15,0.5450300797820091,MY,15.810070037841797,0.8100700378417969,1,thetao_MY_20220101_20221231.nc
97_dat,2022-02-25,20,0.6395153850317001,MY,18.495559692382812,1.5044403076171875,1,thetao_MY_20220101_20221231.nc
97_dat,2022-02-25,30,1.3023774102330208,MY,29.444730758666992,0.5552692413330078,1,thetao_MY_20220101_20221231.nc
97_dat,2022-02-26,5,0.3340861424803734,MY,5.078224182128906,0.07822418212890625,1,thetao_MY_20220101_20221231.nc
97_dat,2022-02-26,10,0.3641163557767868,MY,9.572997093200684,0.4270029067993164,1,thetao_MY_20220101_20221231.nc
97_dat,2022-02-26,15,0.5779900699853897,MY,15.810070037841797,0.8100700378417969,1,thetao_MY_20220101_20221231.nc
97_dat,2022-02-26,20,0.6607562676072121,MY,18.495559692382812,1.5044403076171875,1,thetao_MY_20220101_20221231.nc
97_dat,2022-02-26,30,1.238654762506485,MY,29.444730758666992,0.5552692413330078,1,thetao_MY_20220101_20221231.nc
97_dat,2022-02-27,5,0.3956114575266838,MY,5.078224182128906,0.07822418212890625,1,thetao_MY_20220101_20221231.nc
97_dat,2022-02-27,10,0.46299632638692856,MY,9.572997093200684,0.4270029067993164,1,thetao_MY_20220101_20221231.nc
97_dat,2022-02-27,15,0.6065553948283195,MY,15.810070037841797,0.8100700378417969,1,thetao_MY_20220101_20221231.nc
97_dat,2022-02-27,20,0.6629536002874374,MY,18.495559692382812,1.5044403076171875,1,thetao_MY_20220101_20221231.nc
97_dat,2022-02-27,30,1.1595507860183716,MY,29.444730758666992,0.5552692413330078,1,thetao_MY_20220101_20221231.nc
97_dat,2022-02-28,5,0.42564167082309723,MY,5.078224182128906,0.07822418212890625,1,thetao_MY_20220101_20221231.nc
97_dat,2022-02-28,10,0.5252540856599808,MY,9.572997093200684,0.4270029067993164,1,thetao_MY_20220101_20221231.nc
97_dat,2022-02-28,15,0.6578264907002449,MY,15.810070037841797,0.8100700378417969,1,thetao_MY_20220101_20221231.nc
97_dat,2022-02-28,20,0.7083651423454285,MY,18.495559692382812,1.5044403076171875,1,thetao_MY_20220101_20221231.nc
97_dat,2022-02-28,30,1.1375774592161179,MY,29.444730758666992,0.5552692413330078,1,thetao_MY_20220101_20221231.nc
97_dat,2022-03-01,5,0.40952789783477783,MY,5.078224182128906,0.07822418212890625,1,thetao_MY_20220101_20221231.nc
97_dat,2022-03-01,10,0.5428327471017838,MY,9.572997093200684,0.4270029067993164,1,thetao_MY_20220101_20221231.nc
97_dat,2022-03-01,15,0.6556291580200195,MY,15.810070037841797,0.8100700378417969,1,thetao_MY_20220101_20221231.nc
97_dat,2022-03-01,20,0.7039704769849777,MY,18.495559692382812,1.5044403076171875,1,thetao_MY_20220101_20221231.nc
97_dat,2022-03-01,30,1.122928574681282,MY,29.444730758666992,0.5552692413330078,1,thetao_MY_20220101_20221231.nc
97_dat,2022-03-02,5,0.4761803224682808,MY,5.078224182128906,0.07822418212890625,1,thetao_MY_20220101_20221231.nc
97_dat,2022-03-02,10,0.5860469564795494,MY,9.572997093200684,0.4270029067993164,1,thetao_MY_20220101_20221231.nc
97_dat,2022-03-02,15,0.6732078194618225,MY,15.810070037841797,0.8100700378417969,1,thetao_MY_20220101_20221231.nc
97_dat,2022-03-02,20,0.7127598077058792,MY,18.495559692382812,1.5044403076171875,1,thetao_MY_20220101_20221231.nc
97_dat,2022-03-02,30,1.1060823574662209,MY,29.444730758666992,0.5552692413330078,1,thetao_MY_20220101_20221231.nc
97_dat,2022-03-03,5,0.4520096629858017,MY,5.078224182128906,0.07822418212890625,1,thetao_MY_20220101_20221231.nc
97_dat,2022-03-03,10,0.5955687314271927,MY,9.572997093200684,0.4270029067993164,1,thetao_MY_20220101_20221231.nc
97_dat,2022-03-03,15,0.6710104867815971,MY,15.810070037841797,0.8100700378417969,1,thetao_MY_20220101_20221231.nc
97_dat,2022-03-03,20,0.7025055885314941,MY,18.495559692382812,1.5044403076171875,1,thetao_MY_20220101_20221231.nc
97_dat,2022-03-03,30,1.0621357038617134,MY,29.444730758666992,0.5552692413330078,1,thetao_MY_20220101_20221231.nc
97_dat,2022-03-04,5,0.4673909917473793,MY,5.078224182128906,0.07822418212890625,1,thetao_MY_20220101_20221231.nc
97_dat,2022-03-04,10,0.6234016120433807,MY,9.572997093200684,0.4270029067993164,1,thetao_MY_20220101_20221231.nc
97_dat,2022-03-04,15,0.6922513693571091,MY,15.810070037841797,0.8100700378417969,1,thetao_MY_20220101_20221231.nc
97_dat,2022-03-04,20,0.7142246961593628,MY,18.495559692382812,1.5044403076171875,1,thetao_MY_20220101_20221231.nc
97_dat,2022-03-04,30,1.0372326001524925,MY,29.444730758666992,0.5552692413330078,1,thetao_MY_20220101_20221231.nc
97_dat,2022-03-05,5,0.47251810133457184,MY,5.078224182128906,0.07822418212890625,1,thetao_MY_20220101_20221231.nc
97_dat,2022-03-05,10,0.5435651913285255,MY,9.572997093200684,0.4270029067993164,1,thetao_MY_20220101_20221231.nc
97_dat,2022-03-05,15,0.622669167816639,MY,15.810070037841797,0.8100700378417969,1,thetao_MY_20220101_20221231.nc
97_dat,2022-03-05,20,0.6585589349269867,MY,18.495559692382812,1.5044403076171875,1,thetao_MY_20220101_20221231.nc
97_dat,2022-03-05,30,0.9617908447980881,MY,29.444730758666992,0.5552692413330078,1,thetao_MY_20220101_20221231.nc
97_dat,2022-03-06,5,0.5186620876193047,MY,5.078224182128906,0.07822418212890625,1,thetao_MY_20220101_20221231.nc
97_dat,2022-03-06,10,0.5611438527703285,MY,9.572997093200684,0.4270029067993164,1,thetao_MY_20220101_20221231.nc
97_dat,2022-03-06,15,0.6285287216305733,MY,15.810070037841797,0.8100700378417969,1,thetao_MY_20220101_20221231.nc
97_dat,2022-03-06,20,0.6570940464735031,MY,18.495559692382812,1.5044403076171875,1,thetao_MY_20220101_20221231.nc
97_dat,2022-03-06,30,0.9002655297517776,MY,29.444730758666992,0.5552692413330078,1,thetao_MY_20220101_20221231.nc
97_dat,2022-03-07,5,0.622669167816639,MY,5.078224182128906,0.07822418212890625,1,thetao_MY_20220101_20221231.nc
97_dat,2022-03-07,10,0.61900694668293,MY,9.572997093200684,0.4270029067993164,1,thetao_MY_20220101_20221231.nc
97_dat,2022-03-07,15,0.6666158214211464,MY,15.810070037841797,0.8100700378417969,1,thetao_MY_20220101_20221231.nc
97_dat,2022-03-07,20,0.685659371316433,MY,18.495559692382812,1.5044403076171875,1,thetao_MY_20220101_20221231.nc
97_dat,2022-03-07,30,0.888546422123909,MY,29.444730758666992,0.5552692413330078,1,thetao_MY_20220101_20221231.nc
97_dat,2022-03-08,5,0.6797998175024986,MY,5.078224182128906,0.07822418212890625,1,thetao_MY_20220101_20221231.nc
97_dat,2022-03-08,10,0.678334929049015,MY,9.572997093200684,0.4270029067993164,1,thetao_MY_20220101_20221231.nc
97_dat,2022-03-08,15,0.6907864809036255,MY,15.810070037841797,0.8100700378417969,1,thetao_MY_20220101_20221231.nc
97_dat,2022-03-08,20,0.6937162578105927,MY,18.495559692382812,1.5044403076171875,1,thetao_MY_20220101_20221231.nc
97_dat,2022-03-08,30,0.8804895356297493,MY,29.444730758666992,0.5552692413330078,1,thetao_MY_20220101_20221231.nc
97_dat,2022-03-09,5,0.7200842499732971,MY,5.078224182128906,0.07822418212890625,1,thetao_MY_20220101_20221231.nc
97_dat,2022-03-09,10,0.7215491384267807,MY,9.572997093200684,0.4270029067993164,1,thetao_MY_20220101_20221231.nc
97_dat,2022-03-09,15,0.7054353654384613,MY,15.810070037841797,0.8100700378417969,1,thetao_MY_20220101_20221231.nc
97_dat,2022-03-09,20,0.695913590490818,MY,18.495559692382812,1.5044403076171875,1,thetao_MY_20220101_20221231.nc
97_dat,2022-03-09,30,0.8526566550135612,MY,29.444730758666992,0.5552692413330078,1,thetao_MY_20220101_20221231.nc
97_dat,2022-03-10,5,0.8035828918218613,MY,5.078224182128906,0.07822418212890625,1,thetao_MY_20220101_20221231.nc
97_dat,2022-03-10,10,0.7567064613103867,MY,9.572997093200684,0.4270029067993164,1,thetao_MY_20220101_20221231.nc
97_dat,2022-03-10,15,0.7120273634791374,MY,15.810070037841797,0.8100700378417969,1,thetao_MY_20220101_20221231.nc
97_dat,2022-03-10,20,0.6900540366768837,MY,18.495559692382812,1.5044403076171875,1,thetao_MY_20220101_20221231.nc
97_dat,2022-03-10,30,0.8021180033683777,MY,29.444730758666992,0.5552692413330078,1,thetao_MY_20220101_20221231.nc
97_dat,2022-03-11,5,0.8892788663506508,MY,5.078224182128906,0.07822418212890625,1,thetao_MY_20220101_20221231.nc
97_dat,2022-03-11,10,0.7786797881126404,MY,9.572997093200684,0.4270029067993164,1,thetao_MY_20220101_20221231.nc
97_dat,2022-03-11,15,0.7069002538919449,MY,15.810070037841797,0.8100700378417969,1,thetao_MY_20220101_20221231.nc
97_dat,2022-03-11,20,0.6710104867815971,MY,18.495559692382812,1.5044403076171875,1,thetao_MY_20220101_20221231.nc
97_dat,2022-03-11,30,0.744987353682518,MY,29.444730758666992,0.5552692413330078,1,thetao_MY_20220101_20221231.nc
97_dat,2022-03-12,5,1.0577410385012627,MY,5.078224182128906,0.07822418212890625,1,thetao_MY_20220101_20221231.nc
97_dat,2022-03-12,10,0.8240913301706314,MY,9.572997093200684,0.4270029067993164,1,thetao_MY_20220101_20221231.nc
97_dat,2022-03-12,15,0.6841944828629494,MY,15.810070037841797,0.8100700378417969,1,thetao_MY_20220101_20221231.nc
97_dat,2022-03-12,20,0.650502048432827,MY,18.495559692382812,1.5044403076171875,1,thetao_MY_20220101_20221231.nc
97_dat,2022-03-12,30,0.7076326981186867,MY,29.444730758666992,0.5552692413330078,1,thetao_MY_20220101_20221231.nc
97_dat,2022-03-13,5,1.1214636862277985,MY,5.078224182128906,0.07822418212890625,1,thetao_MY_20220101_20221231.nc
97_dat,2022-03-13,10,0.8936735317111015,MY,9.572997093200684,0.4270029067993164,1,thetao_MY_20220101_20221231.nc
97_dat,2022-03-13,15,0.7288735806941986,MY,15.810070037841797,0.8100700378417969,1,thetao_MY_20220101_20221231.nc
97_dat,2022-03-13,20,0.6717429310083389,MY,18.495559692382812,1.5044403076171875,1,thetao_MY_20220101_20221231.nc
97_dat,2022-03-13,30,0.6885891482234001,MY,29.444730758666992,0.5552692413330078,1,thetao_MY_20220101_20221231.nc
97_dat,2022-03-14,5,1.242316983640194,MY,5.078224182128906,0.07822418212890625,1,thetao_MY_20220101_20221231.nc
97_dat,2022-03-14,10,1.0372326001524925,MY,9.572997093200684,0.4270029067993164,1,thetao_MY_20220101_20221231.nc
97_dat,2022-03-14,15,0.825556218624115,MY,15.810070037841797,0.8100700378417969,1,thetao_MY_20220101_20221231.nc
97_dat,2022-03-14,20,0.7405926883220673,MY,18.495559692382812,1.5044403076171875,1,thetao_MY_20220101_20221231.nc
97_dat,2022-03-14,30,0.6636860445141792,MY,29.444730758666992,0.5552692413330078,1,thetao_MY_20220101_20221231.nc
97_dat,2022-03-15,5,1.0511490404605865,MY,5.078224182128906,0.07822418212890625,1,thetao_MY_20220101_20221231.nc
97_dat,2022-03-15,10,1.0152592733502388,MY,9.572997093200684,0.4270029067993164,1,thetao_MY_20220101_20221231.nc
97_dat,2022-03-15,15,0.9661855101585388,MY,15.810070037841797,0.8100700378417969,1,thetao_MY_20220101_20221231.nc
97_dat,2022-03-15,20,0.9405499622225761,MY,18.495559692382812,1.5044403076171875,1,thetao_MY_20220101_20221231.nc
97_dat,2022-03-15,30,0.6776024848222733,MY,29.444730758666992,0.5552692413330078,1,thetao_MY_20220101_20221231.nc
97_dat,2022-03-16,5,1.038697488605976,MY,5.078224182128906,0.07822418212890625,1,thetao_MY_20220101_20221231.nc
97_dat,2022-03-16,10,0.9925535023212433,MY,9.572997093200684,0.4270029067993164,1,thetao_MY_20220101_20221231.nc
97_dat,2022-03-16,15,0.9530015140771866,MY,15.810070037841797,0.8100700378417969,1,thetao_MY_20220101_20221231.nc
97_dat,2022-03-16,20,0.9383526295423508,MY,18.495559692382812,1.5044403076171875,1,thetao_MY_20220101_20221231.nc
97_dat,2022-03-16,30,0.6797998175024986,MY,29.444730758666992,0.5552692413330078,1,thetao_MY_20220101_20221231.nc
97_dat,2022-03-17,5,1.1624805629253387,MY,5.078224182128906,0.07822418212890625,1,thetao_MY_20220101_20221231.nc
97_dat,2022-03-17,10,1.0013428330421448,MY,9.572997093200684,0.4270029067993164,1,thetao_MY_20220101_20221231.nc
97_dat,2022-03-17,15,0.9105197489261627,MY,15.810070037841797,0.8100700378417969,1,thetao_MY_20220101_20221231.nc
97_dat,2022-03-17,20,0.8782922029495239,MY,18.495559692382812,1.5044403076171875,1,thetao_MY_20220101_20221231.nc
97_dat,2022-03-17,30,0.61900694668293,MY,29.444730758666992,0.5552692413330078,1,thetao_MY_20220101_20221231.nc
97_dat,2022-03-18,5,1.1903134435415268,MY,5.078224182128906,0.07822418212890625,1,thetao_MY_20220101_20221231.nc
97_dat,2022-03-18,10,1.0269783809781075,MY,9.572997093200684,0.4270029067993164,1,thetao_MY_20220101_20221231.nc
97_dat,2022-03-18,15,0.8826868683099747,MY,15.810070037841797,0.8100700378417969,1,thetao_MY_20220101_20221231.nc
97_dat,2022-03-18,20,0.8248237743973732,MY,18.495559692382812,1.5044403076171875,1,thetao_MY_20220101_20221231.nc
97_dat,2022-03-18,30,0.5684682950377464,MY,29.444730758666992,0.5552692413330078,1,thetao_MY_20220101_20221231.nc
97_dat,2022-03-19,5,1.2254707664251328,MY,5.078224182128906,0.07822418212890625,1,thetao_MY_20220101_20221231.nc
97_dat,2022-03-19,10,1.0731223672628403,MY,9.572997093200684,0.4270029067993164,1,thetao_MY_20220101_20221231.nc
97_dat,2022-03-19,15,0.8980681970715523,MY,15.810070037841797,0.8100700378417969,1,thetao_MY_20220101_20221231.nc
97_dat,2022-03-19,20,0.8196966648101807,MY,18.495559692382812,1.5044403076171875,1,thetao_MY_20220101_20221231.nc
97_dat,2022-03-19,30,0.5377056375145912,MY,29.444730758666992,0.5552692413330078,1,thetao_MY_20220101_20221231.nc
97_dat,2022-03-20,5,1.273812085390091,MY,5.078224182128906,0.07822418212890625,1,thetao_MY_20220101_20221231.nc
97_dat,2022-03-20,10,1.0643330365419388,MY,9.572997093200684,0.4270029067993164,1,thetao_MY_20220101_20221231.nc
97_dat,2022-03-20,15,0.8402051031589508,MY,15.810070037841797,0.8100700378417969,1,thetao_MY_20220101_20221231.nc
97_dat,2022-03-20,20,0.762566015124321,MY,18.495559692382812,1.5044403076171875,1,thetao_MY_20220101_20221231.nc
97_dat,2022-03-20,30,0.4988860934972763,MY,29.444730758666992,0.5552692413330078,1,thetao_MY_20220101_20221231.nc
97_dat,2022-03-21,5,1.2591632008552551,MY,5.078224182128906,0.07822418212890625,1,thetao_MY_20220101_20221231.nc
97_dat,2022-03-21,10,1.1141392439603806,MY,9.572997093200684,0.4270029067993164,1,thetao_MY_20220101_20221231.nc
97_dat,2022-03-21,15,0.8262886628508568,MY,15.810070037841797,0.8100700378417969,1,thetao_MY_20220101_20221231.nc
97_dat,2022-03-21,20,0.731070913374424,MY,18.495559692382812,1.5044403076171875,1,thetao_MY_20220101_20221231.nc
97_dat,2022-03-21,30,0.47105321288108826,MY,29.444730758666992,0.5552692413330078,1,thetao_MY_20220101_20221231.nc
97_dat,2022-03-22,5,1.3324076235294342,MY,5.078224182128906,0.07822418212890625,1,thetao_MY_20220101_20221231.nc
97_dat,2022-03-22,10,1.1331827938556671,MY,9.572997093200684,0.4270029067993164,1,thetao_MY_20220101_20221231.nc
97_dat,2022-03-22,15,0.8145695552229881,MY,15.810070037841797,0.8100700378417969,1,thetao_MY_20220101_20221231.nc
97_dat,2022-03-22,20,0.7069002538919449,MY,18.495559692382812,1.5044403076171875,1,thetao_MY_20220101_20221231.nc
97_dat,2022-03-22,30,0.4446852207183838,MY,29.444730758666992,0.5552692413330078,1,thetao_MY_20220101_20221231.nc
97_dat,2022-03-23,5,1.3895382732152939,MY,5.078224182128906,0.07822418212890625,1,thetao_MY_20220101_20221231.nc
97_dat,2022-03-23,10,1.147831678390503,MY,9.572997093200684,0.4270029067993164,1,thetao_MY_20220101_20221231.nc
97_dat,2022-03-23,15,0.8453322127461433,MY,15.810070037841797,0.8100700378417969,1,thetao_MY_20220101_20221231.nc
97_dat,2022-03-23,20,0.7193518057465553,MY,18.495559692382812,1.5044403076171875,1,thetao_MY_20220101_20221231.nc
97_dat,2022-03-23,30,0.4417554438114166,MY,29.444730758666992,0.5552692413330078,1,thetao_MY_20220101_20221231.nc
97_dat,2022-03-24,5,1.5199133455753326,MY,5.078224182128906,0.07822418212890625,1,thetao_MY_20220101_20221231.nc
97_dat,2022-03-24,10,1.2408520951867104,MY,9.572997093200684,0.4270029067993164,1,thetao_MY_20220101_20221231.nc
97_dat,2022-03-24,15,0.937620185315609,MY,15.810070037841797,0.8100700378417969,1,thetao_MY_20220101_20221231.nc
97_dat,2022-03-24,20,0.7860042303800583,MY,18.495559692382812,1.5044403076171875,1,thetao_MY_20220101_20221231.nc
97_dat,2022-03-24,30,0.461531437933445,MY,29.444730758666992,0.5552692413330078,1,thetao_MY_20220101_20221231.nc
97_dat,2022-03-25,5,1.6707968562841415,MY,5.078224182128906,0.07822418212890625,1,thetao_MY_20220101_20221231.nc
97_dat,2022-03-25,10,1.3302102908492088,MY,9.572997093200684,0.4270029067993164,1,thetao_MY_20220101_20221231.nc
97_dat,2022-03-25,15,1.0233161598443985,MY,15.810070037841797,0.8100700378417969,1,thetao_MY_20220101_20221231.nc
97_dat,2022-03-25,20,0.8599810972809792,MY,18.495559692382812,1.5044403076171875,1,thetao_MY_20220101_20221231.nc
97_dat,2022-03-25,30,0.48789943009614944,MY,29.444730758666992,0.5552692413330078,1,thetao_MY_20220101_20221231.nc
97_dat,2022-03-26,5,1.966704323887825,MY,5.078224182128906,0.07822418212890625,1,thetao_MY_20220101_20221231.nc
97_dat,2022-03-26,10,1.546281337738037,MY,9.572997093200684,0.4270029067993164,1,thetao_MY_20220101_20221231.nc
97_dat,2022-03-26,15,1.1712698936462402,MY,15.810070037841797,0.8100700378417969,1,thetao_MY_20220101_20221231.nc
97_dat,2022-03-26,20,1.0130619406700134,MY,18.495559692382812,1.5044403076171875,1,thetao_MY_20220101_20221231.nc
97_dat,2022-03-26,30,0.5113376453518867,MY,29.444730758666992,0.5552692413330078,1,thetao_MY_20220101_20221231.nc
97_dat,2022-03-27,5,2.2208624705672264,MY,5.078224182128906,0.07822418212890625,1,thetao_MY_20220101_20221231.nc
97_dat,2022-03-27,10,1.644428864121437,MY,9.572997093200684,0.4270029067993164,1,thetao_MY_20220101_20221231.nc
97_dat,2022-03-27,15,1.1851863339543343,MY,15.810070037841797,0.8100700378417969,1,thetao_MY_20220101_20221231.nc
97_dat,2022-03-27,20,1.0269783809781075,MY,18.495559692382812,1.5044403076171875,1,thetao_MY_20220101_20221231.nc
97_dat,2022-03-27,30,0.5355083048343658,MY,29.444730758666992,0.5552692413330078,1,thetao_MY_20220101_20221231.nc
97_dat,2022-03-28,5,2.180578038096428,MY,5.078224182128906,0.07822418212890625,1,thetao_MY_20220101_20221231.nc
97_dat,2022-03-28,10,1.4686422497034073,MY,9.572997093200684,0.4270029067993164,1,thetao_MY_20220101_20221231.nc
97_dat,2022-03-28,15,1.0277108252048492,MY,15.810070037841797,0.8100700378417969,1,thetao_MY_20220101_20221231.nc
97_dat,2022-03-28,20,0.8826868683099747,MY,18.495559692382812,1.5044403076171875,1,thetao_MY_20220101_20221231.nc
97_dat,2022-03-28,30,0.5457625240087509,MY,29.444730758666992,0.5552692413330078,1,thetao_MY_20220101_20221231.nc
97_dat,2022-03-29,5,2.106601171195507,MY,5.078224182128906,0.07822418212890625,1,thetao_MY_20220101_20221231.nc
97_dat,2022-03-29,10,1.4598529189825058,MY,9.572997093200684,0.4270029067993164,1,thetao_MY_20220101_20221231.nc
97_dat,2022-03-29,15,1.0577410385012627,MY,15.810070037841797,0.8100700378417969,1,thetao_MY_20220101_20221231.nc
97_dat,2022-03-29,20,0.8914761990308762,MY,18.495559692382812,1.5044403076171875,1,thetao_MY_20220101_20221231.nc
97_dat,2022-03-29,30,0.5728629603981972,MY,29.444730758666992,0.5552692413330078,1,thetao_MY_20220101_20221231.nc
97_dat,2022-03-30,5,2.2340464666485786,MY,5.078224182128906,0.07822418212890625,1,thetao_MY_20220101_20221231.nc
97_dat,2022-03-30,10,1.5558031126856804,MY,9.572997093200684,0.4270029067993164,1,thetao_MY_20220101_20221231.nc
97_dat,2022-03-30,15,1.1470992341637611,MY,15.810070037841797,0.8100700378417969,1,thetao_MY_20220101_20221231.nc
97_dat,2022-03-30,20,0.9603259563446045,MY,18.495559692382812,1.5044403076171875,1,thetao_MY_20220101_20221231.nc
97_dat,2022-03-30,30,0.601428285241127,MY,29.444730758666992,0.5552692413330078,1,thetao_MY_20220101_20221231.nc
97_dat,2022-03-31,5,2.3570970967411995,MY,5.078224182128906,0.07822418212890625,1,thetao_MY_20220101_20221231.nc
97_dat,2022-03-31,10,1.6488235294818878,MY,9.572997093200684,0.4270029067993164,1,thetao_MY_20220101_20221231.nc
97_dat,2022-03-31,15,1.2159489914774895,MY,15.810070037841797,0.8100700378417969,1,thetao_MY_20220101_20221231.nc
97_dat,2022-03-31,20,1.0277108252048492,MY,18.495559692382812,1.5044403076171875,1,thetao_MY_20220101_20221231.nc
97_dat,2022-03-31,30,0.6314584985375404,MY,29.444730758666992,0.5552692413330078,1,thetao_MY_20220101_20221231.nc
97_dat,2022-04-01,5,2.286050006747246,MY,5.078224182128906,0.07822418212890625,1,thetao_MY_20220101_20221231.nc
97_dat,2022-04-01,10,1.66200752556324,MY,9.572997093200684,0.4270029067993164,1,thetao_MY_20220101_20221231.nc
97_dat,2022-04-01,15,1.1595507860183716,MY,15.810070037841797,0.8100700378417969,1,thetao_MY_20220101_20221231.nc
97_dat,2022-04-01,20,0.9962157234549522,MY,18.495559692382812,1.5044403076171875,1,thetao_MY_20220101_20221231.nc
97_dat,2022-04-01,30,0.6607562676072121,MY,29.444730758666992,0.5552692413330078,1,thetao_MY_20220101_20221231.nc
97_dat,2022-04-02,5,2.264809124171734,MY,5.078224182128906,0.07822418212890625,1,thetao_MY_20220101_20221231.nc
97_dat,2022-04-02,10,1.6546830832958221,MY,9.572997093200684,0.4270029067993164,1,thetao_MY_20220101_20221231.nc
97_dat,2022-04-02,15,1.1741996705532074,MY,15.810070037841797,0.8100700378417969,1,thetao_MY_20220101_20221231.nc
97_dat,2022-04-02,20,1.0086672753095627,MY,18.495559692382812,1.5044403076171875,1,thetao_MY_20220101_20221231.nc
97_dat,2022-04-02,30,0.6915189251303673,MY,29.444730758666992,0.5552692413330078,1,thetao_MY_20220101_20221231.nc
97_dat,2022-04-03,5,2.372478425502777,MY,5.078224182128906,0.07822418212890625,1,thetao_MY_20220101_20221231.nc
97_dat,2022-04-03,10,1.71108128875494,MY,9.572997093200684,0.4270029067993164,1,thetao_MY_20220101_20221231.nc
97_dat,2022-04-03,15,1.2430494278669357,MY,15.810070037841797,0.8100700378417969,1,thetao_MY_20220101_20221231.nc
97_dat,2022-04-03,20,1.0606708154082298,MY,18.495559692382812,1.5044403076171875,1,thetao_MY_20220101_20221231.nc
97_dat,2022-04-03,30,0.7186193615198135,MY,29.444730758666992,0.5552692413330078,1,thetao_MY_20220101_20221231.nc
97_dat,2022-04-04,5,2.5109103843569756,MY,5.078224182128906,0.07822418212890625,1,thetao_MY_20220101_20221231.nc
97_dat,2022-04-04,10,1.8114261478185654,MY,9.572997093200684,0.4270029067993164,1,thetao_MY_20220101_20221231.nc
97_dat,2022-04-04,15,1.322885848581791,MY,15.810070037841797,0.8100700378417969,1,thetao_MY_20220101_20221231.nc
97_dat,2022-04-04,20,1.122928574681282,MY,18.495559692382812,1.5044403076171875,1,thetao_MY_20220101_20221231.nc
97_dat,2022-04-04,30,0.7457197979092598,MY,29.444730758666992,0.5552692413330078,1,thetao_MY_20220101_20221231.nc
97_dat,2022-04-05,5,2.767998307943344,MY,5.078224182128906,0.07822418212890625,1,thetao_MY_20220101_20221231.nc
97_dat,2022-04-05,10,1.9689016565680504,MY,9.572997093200684,0.4270029067993164,1,thetao_MY_20220101_20221231.nc
97_dat,2022-04-05,15,1.420300930738449,MY,15.810070037841797,0.8100700378417969,1,thetao_MY_20220101_20221231.nc
97_dat,2022-04-05,20,1.2013001069426537,MY,18.495559692382812,1.5044403076171875,1,thetao_MY_20220101_20221231.nc
97_dat,2022-04-05,30,0.7720877900719643,MY,29.444730758666992,0.5552692413330078,1,thetao_MY_20220101_20221231.nc
97_dat,2022-04-06,5,2.8793298304080963,MY,5.078224182128906,0.07822418212890625,1,thetao_MY_20220101_20221231.nc
97_dat,2022-04-06,10,2.018707863986492,MY,9.572997093200684,0.4270029067993164,1,thetao_MY_20220101_20221231.nc
97_dat,2022-04-06,15,1.4598529189825058,MY,15.810070037841797,0.8100700378417969,1,thetao_MY_20220101_20221231.nc
97_dat,2022-04-06,20,1.238654762506485,MY,18.495559692382812,1.5044403076171875,1,thetao_MY_20220101_20221231.nc
97_dat,2022-04-06,30,0.8123722225427628,MY,29.444730758666992,0.5552692413330078,1,thetao_MY_20220101_20221231.nc
97_dat,2022-04-07,5,3.1547288596630096,MY,5.078224182128906,0.07822418212890625,1,thetao_MY_20220101_20221231.nc
97_dat,2022-04-07,10,2.2267220243811607,MY,9.572997093200684,0.4270029067993164,1,thetao_MY_20220101_20221231.nc
97_dat,2022-04-07,15,1.6275826469063759,MY,15.810070037841797,0.8100700378417969,1,thetao_MY_20220101_20221231.nc
97_dat,2022-04-07,20,1.3939329385757446,MY,18.495559692382812,1.5044403076171875,1,thetao_MY_20220101_20221231.nc
97_dat,2022-04-07,30,0.9310281872749329,MY,29.444730758666992,0.5552692413330078,1,thetao_MY_20220101_20221231.nc
97_dat,2022-04-08,5,3.4843287616968155,MY,5.078224182128906,0.07822418212890625,1,thetao_MY_20220101_20221231.nc
97_dat,2022-04-08,10,2.50871305167675,MY,9.572997093200684,0.4270029067993164,1,thetao_MY_20220101_20221231.nc
97_dat,2022-04-08,15,1.8487808033823967,MY,15.810070037841797,0.8100700378417969,1,thetao_MY_20220101_20221231.nc
97_dat,2022-04-08,20,1.6012146547436714,MY,18.495559692382812,1.5044403076171875,1,thetao_MY_20220101_20221231.nc
97_dat,2022-04-08,30,1.0679952576756477,MY,29.444730758666992,0.5552692413330078,1,thetao_MY_20220101_20221231.nc
97_dat,2022-04-09,5,3.755333125591278,MY,5.078224182128906,0.07822418212890625,1,thetao_MY_20220101_20221231.nc
97_dat,2022-04-09,10,2.740165427327156,MY,9.572997093200684,0.4270029067993164,1,thetao_MY_20220101_20221231.nc
97_dat,2022-04-09,15,2.0428785234689713,MY,15.810070037841797,0.8100700378417969,1,thetao_MY_20220101_20221231.nc
97_dat,2022-04-09,20,1.784325711429119,MY,18.495559692382812,1.5044403076171875,1,thetao_MY_20220101_20221231.nc
97_dat,2022-04-09,30,1.2049623280763626,MY,29.444730758666992,0.5552692413330078,1,thetao_MY_20220101_20221231.nc
97_dat,2022-04-10,5,3.989715278148651,MY,5.078224182128906,0.07822418212890625,1,thetao_MY_20220101_20221231.nc
97_dat,2022-04-10,10,2.936460480093956,MY,9.572997093200684,0.4270029067993164,1,thetao_MY_20220101_20221231.nc
97_dat,2022-04-10,15,2.212073139846325,MY,15.810070037841797,0.8100700378417969,1,thetao_MY_20220101_20221231.nc
97_dat,2022-04-10,20,1.9403363317251205,MY,18.495559692382812,1.5044403076171875,1,thetao_MY_20220101_20221231.nc
97_dat,2022-04-10,30,1.3375347331166267,MY,29.444730758666992,0.5552692413330078,1,thetao_MY_20220101_20221231.nc
97_dat,2022-04-11,5,4.384502716362476,MY,5.078224182128906,0.07822418212890625,1,thetao_MY_20220101_20221231.nc
97_dat,2022-04-11,10,3.2946257069706917,MY,9.572997093200684,0.4270029067993164,1,thetao_MY_20220101_20221231.nc
97_dat,2022-04-11,15,2.461104176938534,MY,15.810070037841797,0.8100700378417969,1,thetao_MY_20220101_20221231.nc
97_dat,2022-04-11,20,2.169591374695301,MY,18.495559692382812,1.5044403076171875,1,thetao_MY_20220101_20221231.nc
97_dat,2022-04-11,30,1.4752342477440834,MY,29.444730758666992,0.5552692413330078,1,thetao_MY_20220101_20221231.nc
97_dat,2022-04-12,5,4.539048448204994,MY,5.078224182128906,0.07822418212890625,1,thetao_MY_20220101_20221231.nc
97_dat,2022-04-12,10,3.455030992627144,MY,9.572997093200684,0.4270029067993164,1,thetao_MY_20220101_20221231.nc
97_dat,2022-04-12,15,2.6259041279554367,MY,15.810070037841797,0.8100700378417969,1,thetao_MY_20220101_20221231.nc
97_dat,2022-04-12,20,2.3219397738575935,MY,18.495559692382812,1.5044403076171875,1,thetao_MY_20220101_20221231.nc
97_dat,2022-04-12,30,1.6078066527843475,MY,29.444730758666992,0.5552692413330078,1,thetao_MY_20220101_20221231.nc
97_dat,2022-04-13,5,4.439436033368111,MY,5.078224182128906,0.07822418212890625,1,thetao_MY_20220101_20221231.nc
97_dat,2022-04-13,10,3.454298548400402,MY,9.572997093200684,0.4270029067993164,1,thetao_MY_20220101_20221231.nc
97_dat,2022-04-13,15,2.6830347776412964,MY,15.810070037841797,0.8100700378417969,1,thetao_MY_20220101_20221231.nc
97_dat,2022-04-13,20,2.383465088903904,MY,18.495559692382812,1.5044403076171875,1,thetao_MY_20220101_20221231.nc
97_dat,2022-04-13,30,1.722067952156067,MY,29.444730758666992,0.5552692413330078,1,thetao_MY_20220101_20221231.nc
97_dat,2022-04-14,5,5.022461637854576,MY,5.078224182128906,0.07822418212890625,1,thetao_MY_20220101_20221231.nc
97_dat,2022-04-14,10,4.038789041340351,MY,9.572997093200684,0.4270029067993164,1,thetao_MY_20220101_20221231.nc
97_dat,2022-04-14,15,3.037537783384323,MY,15.810070037841797,0.8100700378417969,1,thetao_MY_20220101_20221231.nc
97_dat,2022-04-14,20,2.699148550629616,MY,18.495559692382812,1.5044403076171875,1,thetao_MY_20220101_20221231.nc
97_dat,2022-04-14,30,1.8275399208068848,MY,29.444730758666992,0.5552692413330078,1,thetao_MY_20220101_20221231.nc
97_dat,2022-04-15,5,5.442884624004364,MY,5.078224182128906,0.07822418212890625,1,thetao_MY_20220101_20221231.nc
97_dat,2022-04-15,10,4.9089327827095985,MY,9.572997093200684,0.4270029067993164,1,thetao_MY_20220101_20221231.nc
97_dat,2022-04-15,15,3.615436278283596,MY,15.810070037841797,0.8100700378417969,1,thetao_MY_20220101_20221231.nc
97_dat,2022-04-15,20,3.2331003919243813,MY,18.495559692382812,1.5044403076171875,1,thetao_MY_20220101_20221231.nc
97_dat,2022-04-15,30,1.9447309970855713,MY,29.444730758666992,0.5552692413330078,1,thetao_MY_20220101_20221231.nc
97_dat,2022-04-16,5,5.575457029044628,MY,5.078224182128906,0.07822418212890625,1,thetao_MY_20220101_20221231.nc
97_dat,2022-04-16,10,4.756584383547306,MY,9.572997093200684,0.4270029067993164,1,thetao_MY_20220101_20221231.nc
97_dat,2022-04-16,15,3.4799340963363647,MY,15.810070037841797,0.8100700378417969,1,thetao_MY_20220101_20221231.nc
97_dat,2022-04-16,20,3.1166417598724365,MY,18.495559692382812,1.5044403076171875,1,thetao_MY_20220101_20221231.nc
97_dat,2022-04-16,30,2.0209051966667175,MY,29.444730758666992,0.5552692413330078,1,thetao_MY_20220101_20221231.nc
97_dat,2022-04-17,5,5.799584962427616,MY,5.078224182128906,0.07822418212890625,1,thetao_MY_20220101_20221231.nc
97_dat,2022-04-17,10,4.714835062623024,MY,9.572997093200684,0.4270029067993164,1,thetao_MY_20220101_20221231.nc
97_dat,2022-04-17,15,3.4169438928365707,MY,15.810070037841797,0.8100700378417969,1,thetao_MY_20220101_20221231.nc
97_dat,2022-04-17,20,3.0397351160645485,MY,18.495559692382812,1.5044403076171875,1,thetao_MY_20220101_20221231.nc
97_dat,2022-04-17,30,2.0831629559397697,MY,29.444730758666992,0.5552692413330078,1,thetao_MY_20220101_20221231.nc
97_dat,2022-04-18,5,5.925565369427204,MY,5.078224182128906,0.07822418212890625,1,thetao_MY_20220101_20221231.nc
97_dat,2022-04-18,10,4.75804927200079,MY,9.572997093200684,0.4270029067993164,1,thetao_MY_20220101_20221231.nc
97_dat,2022-04-18,15,3.4389172196388245,MY,15.810070037841797,0.8100700378417969,1,thetao_MY_20220101_20221231.nc
97_dat,2022-04-18,20,3.0441297814249992,MY,18.495559692382812,1.5044403076171875,1,thetao_MY_20220101_20221231.nc
97_dat,2022-04-18,30,2.1432233825325966,MY,29.444730758666992,0.5552692413330078,1,thetao_MY_20220101_20221231.nc
97_dat,2022-04-19,5,6.003204457461834,MY,5.078224182128906,0.07822418212890625,1,thetao_MY_20220101_20221231.nc
97_dat,2022-04-19,10,4.826166585087776,MY,9.572997093200684,0.4270029067993164,1,thetao_MY_20220101_20221231.nc
97_dat,2022-04-19,15,3.5612354055047035,MY,15.810070037841797,0.8100700378417969,1,thetao_MY_20220101_20221231.nc
97_dat,2022-04-19,20,3.1517990827560425,MY,18.495559692382812,1.5044403076171875,1,thetao_MY_20220101_20221231.nc
97_dat,2022-04-19,30,2.2208624705672264,MY,29.444730758666992,0.5552692413330078,1,thetao_MY_20220101_20221231.nc
97_dat,2022-04-20,5,6.300576813519001,MY,5.078224182128906,0.07822418212890625,1,thetao_MY_20220101_20221231.nc
97_dat,2022-04-20,10,5.100833170115948,MY,9.572997093200684,0.4270029067993164,1,thetao_MY_20220101_20221231.nc
97_dat,2022-04-20,15,3.819055773317814,MY,15.810070037841797,0.8100700378417969,1,thetao_MY_20220101_20221231.nc
97_dat,2022-04-20,20,3.381054125726223,MY,18.495559692382812,1.5044403076171875,1,thetao_MY_20220101_20221231.nc
97_dat,2022-04-20,30,2.302896223962307,MY,29.444730758666992,0.5552692413330078,1,thetao_MY_20220101_20221231.nc
97_dat,2022-04-21,5,6.523972302675247,MY,5.078224182128906,0.07822418212890625,1,thetao_MY_20220101_20221231.nc
97_dat,2022-04-21,10,5.239997573196888,MY,9.572997093200684,0.4270029067993164,1,thetao_MY_20220101_20221231.nc
97_dat,2022-04-21,15,3.983123280107975,MY,15.810070037841797,0.8100700378417969,1,thetao_MY_20220101_20221231.nc
97_dat,2022-04-21,20,3.537797190248966,MY,18.495559692382812,1.5044403076171875,1,thetao_MY_20220101_20221231.nc
97_dat,2022-04-21,30,2.3570970967411995,MY,29.444730758666992,0.5552692413330078,1,thetao_MY_20220101_20221231.nc
97_dat,2022-04-22,5,7.002990826964378,MY,5.078224182128906,0.07822418212890625,1,thetao_MY_20220101_20221231.nc
97_dat,2022-04-22,10,5.487563721835613,MY,9.572997093200684,0.4270029067993164,1,thetao_MY_20220101_20221231.nc
97_dat,2022-04-22,15,4.147190786898136,MY,15.810070037841797,0.8100700378417969,1,thetao_MY_20220101_20221231.nc
97_dat,2022-04-22,20,3.696005143225193,MY,18.495559692382812,1.5044403076171875,1,thetao_MY_20220101_20221231.nc
97_dat,2022-04-22,30,2.400311306118965,MY,29.444730758666992,0.5552692413330078,1,thetao_MY_20220101_20221231.nc
97_dat,2022-04-23,5,6.572313621640205,MY,5.078224182128906,0.07822418212890625,1,thetao_MY_20220101_20221231.nc
97_dat,2022-04-23,10,4.8950163424015045,MY,9.572997093200684,0.4270029067993164,1,thetao_MY_20220101_20221231.nc
97_dat,2022-04-23,15,3.7538682371377945,MY,15.810070037841797,0.8100700378417969,1,thetao_MY_20220101_20221231.nc
97_dat,2022-04-23,20,3.350291468203068,MY,18.495559692382812,1.5044403076171875,1,thetao_MY_20220101_20221231.nc
97_dat,2022-04-23,30,2.3922544196248055,MY,29.444730758666992,0.5552692413330078,1,thetao_MY_20220101_20221231.nc
97_dat,2022-04-24,5,6.743705570697784,MY,5.078224182128906,0.07822418212890625,1,thetao_MY_20220101_20221231.nc
97_dat,2022-04-24,10,4.929441221058369,MY,9.572997093200684,0.4270029067993164,1,thetao_MY_20220101_20221231.nc
97_dat,2022-04-24,15,3.7399517968297005,MY,15.810070037841797,0.8100700378417969,1,thetao_MY_20220101_20221231.nc
97_dat,2022-04-24,20,3.3122043684124947,MY,18.495559692382812,1.5044403076171875,1,thetao_MY_20220101_20221231.nc
97_dat,2022-04-24,30,2.394451752305031,MY,29.444730758666992,0.5552692413330078,1,thetao_MY_20220101_20221231.nc
97_dat,2022-04-25,5,6.712942913174629,MY,5.078224182128906,0.07822418212890625,1,thetao_MY_20220101_20221231.nc
97_dat,2022-04-25,10,4.988036759197712,MY,9.572997093200684,0.4270029067993164,1,thetao_MY_20220101_20221231.nc
97_dat,2022-04-25,15,3.8556779846549034,MY,15.810070037841797,0.8100700378417969,1,thetao_MY_20220101_20221231.nc
97_dat,2022-04-25,20,3.427198112010956,MY,18.495559692382812,1.5044403076171875,1,thetao_MY_20220101_20221231.nc
97_dat,2022-04-25,30,2.421552188694477,MY,29.444730758666992,0.5552692413330078,1,thetao_MY_20220101_20221231.nc
97_dat,2022-04-26,5,7.440992474555969,MY,5.078224182128906,0.07822418212890625,1,thetao_MY_20220101_20221231.nc
97_dat,2022-04-26,10,5.488296166062355,MY,9.572997093200684,0.4270029067993164,1,thetao_MY_20220101_20221231.nc
97_dat,2022-04-26,15,4.101046800613403,MY,15.810070037841797,0.8100700378417969,1,thetao_MY_20220101_20221231.nc
97_dat,2022-04-26,20,3.6776940375566483,MY,18.495559692382812,1.5044403076171875,1,thetao_MY_20220101_20221231.nc
97_dat,2022-04-26,30,2.45963928848505,MY,29.444730758666992,0.5552692413330078,1,thetao_MY_20220101_20221231.nc
97_dat,2022-04-27,5,7.446119584143162,MY,5.078224182128906,0.07822418212890625,1,thetao_MY_20220101_20221231.nc
97_dat,2022-04-27,10,5.338145099580288,MY,9.572997093200684,0.4270029067993164,1,thetao_MY_20220101_20221231.nc
97_dat,2022-04-27,15,3.8241828829050064,MY,15.810070037841797,0.8100700378417969,1,thetao_MY_20220101_20221231.nc
97_dat,2022-04-27,20,3.4623554348945618,MY,18.495559692382812,1.5044403076171875,1,thetao_MY_20220101_20221231.nc
97_dat,2022-04-27,30,2.4830775037407875,MY,29.444730758666992,0.5552692413330078,1,thetao_MY_20220101_20221231.nc
97_dat,2022-04-28,5,5.556413479149342,MY,5.078224182128906,0.07822418212890625,1,thetao_MY_20220101_20221231.nc
97_dat,2022-04-28,10,4.313455626368523,MY,9.572997093200684,0.4270029067993164,1,thetao_MY_20220101_20221231.nc
97_dat,2022-04-28,15,3.2396923899650574,MY,15.810070037841797,0.8100700378417969,1,thetao_MY_20220101_20221231.nc
97_dat,2022-04-28,20,2.957701362669468,MY,18.495559692382812,1.5044403076171875,1,thetao_MY_20220101_20221231.nc
97_dat,2022-04-28,30,2.485274836421013,MY,29.444730758666992,0.5552692413330078,1,thetao_MY_20220101_20221231.nc
97_dat,2022-04-29,5,5.423108629882336,MY,5.078224182128906,0.07822418212890625,1,thetao_MY_20220101_20221231.nc
97_dat,2022-04-29,10,4.33689384162426,MY,9.572997093200684,0.4270029067993164,1,thetao_MY_20220101_20221231.nc
97_dat,2022-04-29,15,3.2675252705812454,MY,15.810070037841797,0.8100700378417969,1,thetao_MY_20220101_20221231.nc
97_dat,2022-04-29,20,2.97088535875082,MY,18.495559692382812,1.5044403076171875,1,thetao_MY_20220101_20221231.nc
97_dat,2022-04-29,30,2.5145726054906845,MY,29.444730758666992,0.5552692413330078,1,thetao_MY_20220101_20221231.nc
97_dat,2022-04-30,5,5.335215322673321,MY,5.078224182128906,0.07822418212890625,1,thetao_MY_20220101_20221231.nc
97_dat,2022-04-30,10,4.292214743793011,MY,9.572997093200684,0.4270029067993164,1,thetao_MY_20220101_20221231.nc
97_dat,2022-04-30,15,3.329050585627556,MY,15.810070037841797,0.8100700378417969,1,thetao_MY_20220101_20221231.nc
97_dat,2022-04-30,20,3.030213341116905,MY,18.495559692382812,1.5044403076171875,1,thetao_MY_20220101_20221231.nc
97_dat,2022-04-30,30,2.565111257135868,MY,29.444730758666992,0.5552692413330078,1,thetao_MY_20220101_20221231.nc
97_dat,2022-05-01,5,5.782006300985813,MY,5.078224182128906,0.07822418212890625,1,thetao_MY_20220101_20221231.nc
97_dat,2022-05-01,10,4.500961348414421,MY,9.572997093200684,0.4270029067993164,1,thetao_MY_20220101_20221231.nc
97_dat,2022-05-01,15,3.444776773452759,MY,15.810070037841797,0.8100700378417969,1,thetao_MY_20220101_20221231.nc
97_dat,2022-05-01,20,3.140079975128174,MY,18.495559692382812,1.5044403076171875,1,thetao_MY_20220101_20221231.nc
97_dat,2022-05-01,30,2.6017334684729576,MY,29.444730758666992,0.5552692413330078,1,thetao_MY_20220101_20221231.nc
97_dat,2022-05-02,5,5.981963574886322,MY,5.078224182128906,0.07822418212890625,1,thetao_MY_20220101_20221231.nc
97_dat,2022-05-02,10,4.456282250583172,MY,9.572997093200684,0.4270029067993164,1,thetao_MY_20220101_20221231.nc
97_dat,2022-05-02,15,3.4396496638655663,MY,15.810070037841797,0.8100700378417969,1,thetao_MY_20220101_20221231.nc
97_dat,2022-05-02,20,3.1620533019304276,MY,18.495559692382812,1.5044403076171875,1,thetao_MY_20220101_20221231.nc
97_dat,2022-05-02,30,2.653004564344883,MY,29.444730758666992,0.5552692413330078,1,thetao_MY_20220101_20221231.nc
97_dat,2022-05-03,5,5.428235739469528,MY,5.078224182128906,0.07822418212890625,1,thetao_MY_20220101_20221231.nc
97_dat,2022-05-03,10,4.043183706700802,MY,9.572997093200684,0.4270029067993164,1,thetao_MY_20220101_20221231.nc
97_dat,2022-05-03,15,3.1979430690407753,MY,15.810070037841797,0.8100700378417969,1,thetao_MY_20220101_20221231.nc
97_dat,2022-05-03,20,2.985534243285656,MY,18.495559692382812,1.5044403076171875,1,thetao_MY_20220101_20221231.nc
97_dat,2022-05-03,30,2.7167272120714188,MY,29.444730758666992,0.5552692413330078,1,thetao_MY_20220101_20221231.nc
97_dat,2022-05-04,5,5.357921093702316,MY,5.078224182128906,0.07822418212890625,1,thetao_MY_20220101_20221231.nc
97_dat,2022-05-04,10,3.909878857433796,MY,9.572997093200684,0.4270029067993164,1,thetao_MY_20220101_20221231.nc
97_dat,2022-05-04,15,3.1129795387387276,MY,15.810070037841797,0.8100700378417969,1,thetao_MY_20220101_20221231.nc
97_dat,2022-05-04,20,2.943052478134632,MY,18.495559692382812,1.5044403076171875,1,thetao_MY_20220101_20221231.nc
97_dat,2022-05-04,30,2.806817851960659,MY,29.444730758666992,0.5552692413330078,1,thetao_MY_20220101_20221231.nc
97_dat,2022-05-05,5,5.787133410573006,MY,5.078224182128906,0.07822418212890625,1,thetao_MY_20220101_20221231.nc
97_dat,2022-05-05,10,4.1039765775203705,MY,9.572997093200684,0.4270029067993164,1,thetao_MY_20220101_20221231.nc
97_dat,2022-05-05,15,3.2462843880057335,MY,15.810070037841797,0.8100700378417969,1,thetao_MY_20220101_20221231.nc
97_dat,2022-05-05,20,3.0492568910121918,MY,18.495559692382812,1.5044403076171875,1,thetao_MY_20220101_20221231.nc
97_dat,2022-05-05,30,2.8829920515418053,MY,29.444730758666992,0.5552692413330078,1,thetao_MY_20220101_20221231.nc
97_dat,2022-05-06,5,6.258095048367977,MY,5.078224182128906,0.07822418212890625,1,thetao_MY_20220101_20221231.nc
97_dat,2022-05-06,10,4.363994278013706,MY,9.572997093200684,0.4270029067993164,1,thetao_MY_20220101_20221231.nc
97_dat,2022-05-06,15,3.4315927773714066,MY,15.810070037841797,0.8100700378417969,1,thetao_MY_20220101_20221231.nc
97_dat,2022-05-06,20,3.1942808479070663,MY,18.495559692382812,1.5044403076171875,1,thetao_MY_20220101_20221231.nc
97_dat,2022-05-06,30,2.9452498108148575,MY,29.444730758666992,0.5552692413330078,1,thetao_MY_20220101_20221231.nc
97_dat,2022-05-07,5,6.765678897500038,MY,5.078224182128906,0.07822418212890625,1,thetao_MY_20220101_20221231.nc
97_dat,2022-05-07,10,4.695791512727737,MY,9.572997093200684,0.4270029067993164,1,thetao_MY_20220101_20221231.nc
97_dat,2022-05-07,15,3.5795465111732483,MY,15.810070037841797,0.8100700378417969,1,thetao_MY_20220101_20221231.nc
97_dat,2022-05-07,20,3.3129368126392365,MY,18.495559692382812,1.5044403076171875,1,thetao_MY_20220101_20221231.nc
97_dat,2022-05-07,30,3.009704902768135,MY,29.444730758666992,0.5552692413330078,1,thetao_MY_20220101_20221231.nc
97_dat,2022-05-08,5,6.614795386791229,MY,5.078224182128906,0.07822418212890625,1,thetao_MY_20220101_20221231.nc
97_dat,2022-05-08,10,4.396954268217087,MY,9.572997093200684,0.4270029067993164,1,thetao_MY_20220101_20221231.nc
97_dat,2022-05-08,15,3.486526094377041,MY,15.810070037841797,0.8100700378417969,1,thetao_MY_20220101_20221231.nc
97_dat,2022-05-08,20,3.2785119339823723,MY,18.495559692382812,1.5044403076171875,1,thetao_MY_20220101_20221231.nc
97_dat,2022-05-08,30,3.173772409558296,MY,29.444730758666992,0.5552692413330078,1,thetao_MY_20220101_20221231.nc
97_dat,2022-05-09,5,6.024445340037346,MY,5.078224182128906,0.07822418212890625,1,thetao_MY_20220101_20221231.nc
97_dat,2022-05-09,10,4.186742775142193,MY,9.572997093200684,0.4270029067993164,1,thetao_MY_20220101_20221231.nc
97_dat,2022-05-09,15,3.457960769534111,MY,15.810070037841797,0.8100700378417969,1,thetao_MY_20220101_20221231.nc
97_dat,2022-05-09,20,3.3092745915055275,MY,18.495559692382812,1.5044403076171875,1,thetao_MY_20220101_20221231.nc
97_dat,2022-05-09,30,3.332712806761265,MY,29.444730758666992,0.5552692413330078,1,thetao_MY_20220101_20221231.nc
97_dat,2022-05-10,5,5.4795068353414536,MY,5.078224182128906,0.07822418212890625,1,thetao_MY_20220101_20221231.nc
97_dat,2022-05-10,10,4.213110767304897,MY,9.572997093200684,0.4270029067993164,1,thetao_MY_20220101_20221231.nc
97_dat,2022-05-10,15,3.537797190248966,MY,15.810070037841797,0.8100700378417969,1,thetao_MY_20220101_20221231.nc
97_dat,2022-05-10,20,3.381054125726223,MY,18.495559692382812,1.5044403076171875,1,thetao_MY_20220101_20221231.nc
97_dat,2022-05-10,30,3.3993652313947678,MY,29.444730758666992,0.5552692413330078,1,thetao_MY_20220101_20221231.nc
97_dat,2022-05-11,5,5.667745001614094,MY,5.078224182128906,0.07822418212890625,1,thetao_MY_20220101_20221231.nc
97_dat,2022-05-11,10,4.421124927699566,MY,9.572997093200684,0.4270029067993164,1,thetao_MY_20220101_20221231.nc
97_dat,2022-05-11,15,3.6769615933299065,MY,15.810070037841797,0.8100700378417969,1,thetao_MY_20220101_20221231.nc
97_dat,2022-05-11,20,3.485793650150299,MY,18.495559692382812,1.5044403076171875,1,thetao_MY_20220101_20221231.nc
97_dat,2022-05-11,30,3.4103518947958946,MY,29.444730758666992,0.5552692413330078,1,thetao_MY_20220101_20221231.nc
97_dat,2022-05-12,5,6.455854989588261,MY,5.078224182128906,0.07822418212890625,1,thetao_MY_20220101_20221231.nc
97_dat,2022-05-12,10,4.783684819936752,MY,9.572997093200684,0.4270029067993164,1,thetao_MY_20220101_20221231.nc
97_dat,2022-05-12,15,3.895962417125702,MY,15.810070037841797,0.8100700378417969,1,thetao_MY_20220101_20221231.nc
97_dat,2022-05-12,20,3.6637775972485542,MY,18.495559692382812,1.5044403076171875,1,thetao_MY_20220101_20221231.nc
97_dat,2022-05-12,30,3.3788567930459976,MY,29.444730758666992,0.5552692413330078,1,thetao_MY_20220101_20221231.nc
97_dat,2022-05-13,5,7.17145299911499,MY,5.078224182128906,0.07822418212890625,1,thetao_MY_20220101_20221231.nc
97_dat,2022-05-13,10,5.1784722581505775,MY,9.572997093200684,0.4270029067993164,1,thetao_MY_20220101_20221231.nc
97_dat,2022-05-13,15,4.07907347381115,MY,15.810070037841797,0.8100700378417969,1,thetao_MY_20220101_20221231.nc
97_dat,2022-05-13,20,3.82564777135849,MY,18.495559692382812,1.5044403076171875,1,thetao_MY_20220101_20221231.nc
97_dat,2022-05-13,30,3.364207908511162,MY,29.444730758666992,0.5552692413330078,1,thetao_MY_20220101_20221231.nc
97_dat,2022-05-14,5,8.515488155186176,MY,5.078224182128906,0.07822418212890625,1,thetao_MY_20220101_20221231.nc
97_dat,2022-05-14,10,5.852320946753025,MY,9.572997093200684,0.4270029067993164,1,thetao_MY_20220101_20221231.nc
97_dat,2022-05-14,15,4.274636082351208,MY,15.810070037841797,0.8100700378417969,1,thetao_MY_20220101_20221231.nc
97_dat,2022-05-14,20,3.9985046088695526,MY,18.495559692382812,1.5044403076171875,1,thetao_MY_20220101_20221231.nc
97_dat,2022-05-14,30,3.377391904592514,MY,29.444730758666992,0.5552692413330078,1,thetao_MY_20220101_20221231.nc
97_dat,2022-05-15,5,7.659993298351765,MY,5.078224182128906,0.07822418212890625,1,thetao_MY_20220101_20221231.nc
97_dat,2022-05-15,10,5.071535401046276,MY,9.572997093200684,0.4270029067993164,1,thetao_MY_20220101_20221231.nc
97_dat,2022-05-15,15,4.003631718456745,MY,15.810070037841797,0.8100700378417969,1,thetao_MY_20220101_20221231.nc
97_dat,2022-05-15,20,3.731162466108799,MY,18.495559692382812,1.5044403076171875,1,thetao_MY_20220101_20221231.nc
97_dat,2022-05-15,30,3.4528336599469185,MY,29.444730758666992,0.5552692413330078,1,thetao_MY_20220101_20221231.nc
97_dat,2022-05-16,5,8.027680300176144,MY,5.078224182128906,0.07822418212890625,1,thetao_MY_20220101_20221231.nc
97_dat,2022-05-16,10,5.222418911755085,MY,9.572997093200684,0.4270029067993164,1,thetao_MY_20220101_20221231.nc
97_dat,2022-05-16,15,4.09958191215992,MY,15.810070037841797,0.8100700378417969,1,thetao_MY_20220101_20221231.nc
97_dat,2022-05-16,20,3.7926877811551094,MY,18.495559692382812,1.5044403076171875,1,thetao_MY_20220101_20221231.nc
97_dat,2022-05-16,30,3.4777367636561394,MY,29.444730758666992,0.5552692413330078,1,thetao_MY_20220101_20221231.nc
97_dat,2022-05-17,5,8.534531705081463,MY,5.078224182128906,0.07822418212890625,1,thetao_MY_20220101_20221231.nc
97_dat,2022-05-17,10,5.583513915538788,MY,9.572997093200684,0.4270029067993164,1,thetao_MY_20220101_20221231.nc
97_dat,2022-05-17,15,4.297341853380203,MY,15.810070037841797,0.8100700378417969,1,thetao_MY_20220101_20221231.nc
97_dat,2022-05-17,20,3.9465010687708855,MY,18.495559692382812,1.5044403076171875,1,thetao_MY_20220101_20221231.nc
97_dat,2022-05-17,30,3.479201652109623,MY,29.444730758666992,0.5552692413330078,1,thetao_MY_20220101_20221231.nc
97_dat,2022-05-18,5,8.478865943849087,MY,5.078224182128906,0.07822418212890625,1,thetao_MY_20220101_20221231.nc
97_dat,2022-05-18,10,5.726340539753437,MY,9.572997093200684,0.4270029067993164,1,thetao_MY_20220101_20221231.nc
97_dat,2022-05-18,15,4.391827158629894,MY,15.810070037841797,0.8100700378417969,1,thetao_MY_20220101_20221231.nc
97_dat,2022-05-18,20,4.017548158764839,MY,18.495559692382812,1.5044403076171875,1,thetao_MY_20220101_20221231.nc
97_dat,2022-05-18,30,3.503372311592102,MY,29.444730758666992,0.5552692413330078,1,thetao_MY_20220101_20221231.nc
97_dat,2022-05-19,5,8.612903237342834,MY,5.078224182128906,0.07822418212890625,1,thetao_MY_20220101_20221231.nc
97_dat,2022-05-19,10,5.8296151757240295,MY,9.572997093200684,0.4270029067993164,1,thetao_MY_20220101_20221231.nc
97_dat,2022-05-19,15,4.41453292965889,MY,15.810070037841797,0.8100700378417969,1,thetao_MY_20220101_20221231.nc
97_dat,2022-05-19,20,4.029267266392708,MY,18.495559692382812,1.5044403076171875,1,thetao_MY_20220101_20221231.nc
97_dat,2022-05-19,30,3.5436567440629005,MY,29.444730758666992,0.5552692413330078,1,thetao_MY_20220101_20221231.nc
97_dat,2022-05-20,5,8.418073073029518,MY,5.078224182128906,0.07822418212890625,1,thetao_MY_20220101_20221231.nc
97_dat,2022-05-20,10,5.7351298704743385,MY,9.572997093200684,0.4270029067993164,1,thetao_MY_20220101_20221231.nc
97_dat,2022-05-20,15,4.339091174304485,MY,15.810070037841797,0.8100700378417969,1,thetao_MY_20220101_20221231.nc
97_dat,2022-05-20,20,3.975798837840557,MY,18.495559692382812,1.5044403076171875,1,thetao_MY_20220101_20221231.nc
97_dat,2022-05-20,30,3.597857616841793,MY,29.444730758666992,0.5552692413330078,1,thetao_MY_20220101_20221231.nc
97_dat,2022-05-21,5,9.119754642248154,MY,5.078224182128906,0.07822418212890625,1,thetao_MY_20220101_20221231.nc
97_dat,2022-05-21,10,6.10794398188591,MY,9.572997093200684,0.4270029067993164,1,thetao_MY_20220101_20221231.nc
97_dat,2022-05-21,15,4.457014694809914,MY,15.810070037841797,0.8100700378417969,1,thetao_MY_20220101_20221231.nc
97_dat,2022-05-21,20,4.061494812369347,MY,18.495559692382812,1.5044403076171875,1,thetao_MY_20220101_20221231.nc
97_dat,2022-05-21,30,3.6454664915800095,MY,29.444730758666992,0.5552692413330078,1,thetao_MY_20220101_20221231.nc
97_dat,2022-05-22,5,10.32096317410469,MY,5.078224182128906,0.07822418212890625,1,thetao_MY_20220101_20221231.nc
97_dat,2022-05-22,10,7.116519682109356,MY,9.572997093200684,0.4270029067993164,1,thetao_MY_20220101_20221231.nc
97_dat,2022-05-22,15,4.768303491175175,MY,15.810070037841797,0.8100700378417969,1,thetao_MY_20220101_20221231.nc
97_dat,2022-05-22,20,4.298074297606945,MY,18.495559692382812,1.5044403076171875,1,thetao_MY_20220101_20221231.nc
97_dat,2022-05-22,30,3.674764260649681,MY,29.444730758666992,0.5552692413330078,1,thetao_MY_20220101_20221231.nc
97_dat,2022-05-23,5,10.19425032287836,MY,5.078224182128906,0.07822418212890625,1,thetao_MY_20220101_20221231.nc
97_dat,2022-05-23,10,6.918759740889072,MY,9.572997093200684,0.4270029067993164,1,thetao_MY_20220101_20221231.nc
97_dat,2022-05-23,15,4.667226187884808,MY,15.810070037841797,0.8100700378417969,1,thetao_MY_20220101_20221231.nc
97_dat,2022-05-23,20,4.223364986479282,MY,18.495559692382812,1.5044403076171875,1,thetao_MY_20220101_20221231.nc
97_dat,2022-05-23,30,3.751670904457569,MY,29.444730758666992,0.5552692413330078,1,thetao_MY_20220101_20221231.nc
97_dat,2022-05-24,5,9.397351004183292,MY,5.078224182128906,0.07822418212890625,1,thetao_MY_20220101_20221231.nc
97_dat,2022-05-24,10,6.21414839476347,MY,9.572997093200684,0.4270029067993164,1,thetao_MY_20220101_20221231.nc
97_dat,2022-05-24,15,4.437238700687885,MY,15.810070037841797,0.8100700378417969,1,thetao_MY_20220101_20221231.nc
97_dat,2022-05-24,20,4.054170370101929,MY,18.495559692382812,1.5044403076171875,1,thetao_MY_20220101_20221231.nc
97_dat,2022-05-24,30,3.877651311457157,MY,29.444730758666992,0.5552692413330078,1,thetao_MY_20220101_20221231.nc
97_dat,2022-05-25,5,9.559221178293228,MY,5.078224182128906,0.07822418212890625,1,thetao_MY_20220101_20221231.nc
97_dat,2022-05-25,10,6.382610566914082,MY,9.572997093200684,0.4270029067993164,1,thetao_MY_20220101_20221231.nc
97_dat,2022-05-25,15,4.5273293405771255,MY,15.810070037841797,0.8100700378417969,1,thetao_MY_20220101_20221231.nc
97_dat,2022-05-25,20,4.123752571642399,MY,18.495559692382812,1.5044403076171875,1,thetao_MY_20220101_20221231.nc
97_dat,2022-05-25,30,3.954557955265045,MY,29.444730758666992,0.5552692413330078,1,thetao_MY_20220101_20221231.nc
97_dat,2022-05-26,5,10.891537226736546,MY,5.078224182128906,0.07822418212890625,1,thetao_MY_20220101_20221231.nc
97_dat,2022-05-26,10,7.281319633126259,MY,9.572997093200684,0.4270029067993164,1,thetao_MY_20220101_20221231.nc
97_dat,2022-05-26,15,4.870845682919025,MY,15.810070037841797,0.8100700378417969,1,thetao_MY_20220101_20221231.nc
97_dat,2022-05-26,20,4.358134724199772,MY,18.495559692382812,1.5044403076171875,1,thetao_MY_20220101_20221231.nc
97_dat,2022-05-26,30,3.9875179454684258,MY,29.444730758666992,0.5552692413330078,1,thetao_MY_20220101_20221231.nc
97_dat,2022-05-27,5,11.870082713663578,MY,5.078224182128906,0.07822418212890625,1,thetao_MY_20220101_20221231.nc
97_dat,2022-05-27,10,9.165166184306145,MY,9.572997093200684,0.4270029067993164,1,thetao_MY_20220101_20221231.nc
97_dat,2022-05-27,15,5.6230659037828445,MY,15.810070037841797,0.8100700378417969,1,thetao_MY_20220101_20221231.nc
97_dat,2022-05-27,20,4.830561250448227,MY,18.495559692382812,1.5044403076171875,1,thetao_MY_20220101_20221231.nc
97_dat,2022-05-27,30,4.047578372061253,MY,29.444730758666992,0.5552692413330078,1,thetao_MY_20220101_20221231.nc
97_dat,2022-05-28,5,11.637165449559689,MY,5.078224182128906,0.07822418212890625,1,thetao_MY_20220101_20221231.nc
97_dat,2022-05-28,10,8.331644654273987,MY,9.572997093200684,0.4270029067993164,1,thetao_MY_20220101_20221231.nc
97_dat,2022-05-28,15,5.014404751360416,MY,15.810070037841797,0.8100700378417969,1,thetao_MY_20220101_20221231.nc
97_dat,2022-05-28,20,4.5449080020189285,MY,18.495559692382812,1.5044403076171875,1,thetao_MY_20220101_20221231.nc
97_dat,2022-05-28,30,4.361796945333481,MY,29.444730758666992,0.5552692413330078,1,thetao_MY_20220101_20221231.nc
97_dat,2022-05-29,5,9.732810460031033,MY,5.078224182128906,0.07822418212890625,1,thetao_MY_20220101_20221231.nc
97_dat,2022-05-29,10,6.700491361320019,MY,9.572997093200684,0.4270029067993164,1,thetao_MY_20220101_20221231.nc
97_dat,2022-05-29,15,4.79100926220417,MY,15.810070037841797,0.8100700378417969,1,thetao_MY_20220101_20221231.nc
97_dat,2022-05-29,20,4.56175421923399,MY,18.495559692382812,1.5044403076171875,1,thetao_MY_20220101_20221231.nc
97_dat,2022-05-29,30,4.669423520565033,MY,29.444730758666992,0.5552692413330078,1,thetao_MY_20220101_20221231.nc
97_dat,2022-05-30,5,11.229194015264511,MY,5.078224182128906,0.07822418212890625,1,thetao_MY_20220101_20221231.nc
97_dat,2022-05-30,10,8.92199470102787,MY,9.572997093200684,0.4270029067993164,1,thetao_MY_20220101_20221231.nc
97_dat,2022-05-30,15,6.207556396722794,MY,15.810070037841797,0.8100700378417969,1,thetao_MY_20220101_20221231.nc
97_dat,2022-05-30,20,5.4516739547252655,MY,18.495559692382812,1.5044403076171875,1,thetao_MY_20220101_20221231.nc
97_dat,2022-05-30,30,4.634998641908169,MY,29.444730758666992,0.5552692413330078,1,thetao_MY_20220101_20221231.nc
97_dat,2022-05-31,5,11.283394888043404,MY,5.078224182128906,0.07822418212890625,1,thetao_MY_20220101_20221231.nc
97_dat,2022-05-31,10,11.156682036817074,MY,9.572997093200684,0.4270029067993164,1,thetao_MY_20220101_20221231.nc
97_dat,2022-05-31,15,9.923245958983898,MY,15.810070037841797,0.8100700378417969,1,thetao_MY_20220101_20221231.nc
97_dat,2022-05-31,20,9.08532976359129,MY,18.495559692382812,1.5044403076171875,1,thetao_MY_20220101_20221231.nc
97_dat,2022-05-31,30,4.6232795342803,MY,29.444730758666992,0.5552692413330078,1,thetao_MY_20220101_20221231.nc
97_dat,2022-06-01,5,11.148625150322914,MY,5.078224182128906,0.07822418212890625,1,thetao_MY_20220101_20221231.nc
97_dat,2022-06-01,10,10.76262704282999,MY,9.572997093200684,0.4270029067993164,1,thetao_MY_20220101_20221231.nc
97_dat,2022-06-01,15,8.272316671907902,MY,15.810070037841797,0.8100700378417969,1,thetao_MY_20220101_20221231.nc
97_dat,2022-06-01,20,7.172185443341732,MY,18.495559692382812,1.5044403076171875,1,thetao_MY_20220101_20221231.nc
97_dat,2022-06-01,30,4.603503540158272,MY,29.444730758666992,0.5552692413330078,1,thetao_MY_20220101_20221231.nc
97_dat,2022-06-02,5,11.476760163903236,MY,5.078224182128906,0.07822418212890625,1,thetao_MY_20220101_20221231.nc
97_dat,2022-06-02,10,10.874691009521484,MY,9.572997093200684,0.4270029067993164,1,thetao_MY_20220101_20221231.nc
97_dat,2022-06-02,15,7.992522977292538,MY,15.810070037841797,0.8100700378417969,1,thetao_MY_20220101_20221231.nc
97_dat,2022-06-02,20,6.6697287037968636,MY,18.495559692382812,1.5044403076171875,1,thetao_MY_20220101_20221231.nc
97_dat,2022-06-02,30,4.645252861082554,MY,29.444730758666992,0.5552692413330078,1,thetao_MY_20220101_20221231.nc
97_dat,2022-06-03,5,11.657673887908459,MY,5.078224182128906,0.07822418212890625,1,thetao_MY_20220101_20221231.nc
97_dat,2022-06-03,10,11.153019815683365,MY,9.572997093200684,0.4270029067993164,1,thetao_MY_20220101_20221231.nc
97_dat,2022-06-03,15,9.136600859463215,MY,15.810070037841797,0.8100700378417969,1,thetao_MY_20220101_20221231.nc
97_dat,2022-06-03,20,7.767662599682808,MY,18.495559692382812,1.5044403076171875,1,thetao_MY_20220101_20221231.nc
97_dat,2022-06-03,30,4.681142628192902,MY,29.444730758666992,0.5552692413330078,1,thetao_MY_20220101_20221231.nc
97_dat,2022-06-04,5,11.485549494624138,MY,5.078224182128906,0.07822418212890625,1,thetao_MY_20220101_20221231.nc
97_dat,2022-06-04,10,10.797784365713596,MY,9.572997093200684,0.4270029067993164,1,thetao_MY_20220101_20221231.nc
97_dat,2022-06-04,15,8.15292826294899,MY,15.810070037841797,0.8100700378417969,1,thetao_MY_20220101_20221231.nc
97_dat,2022-06-04,20,6.961241506040096,MY,18.495559692382812,1.5044403076171875,1,thetao_MY_20220101_20221231.nc
97_dat,2022-06-04,30,4.744865275919437,MY,29.444730758666992,0.5552692413330078,1,thetao_MY_20220101_20221231.nc
97_dat,2022-06-05,5,11.692098766565323,MY,5.078224182128906,0.07822418212890625,1,thetao_MY_20220101_20221231.nc
97_dat,2022-06-05,10,10.725272387266159,MY,9.572997093200684,0.4270029067993164,1,thetao_MY_20220101_20221231.nc
97_dat,2022-06-05,15,8.107516720890999,MY,15.810070037841797,0.8100700378417969,1,thetao_MY_20220101_20221231.nc
97_dat,2022-06-05,20,6.923886850476265,MY,18.495559692382812,1.5044403076171875,1,thetao_MY_20220101_20221231.nc
97_dat,2022-06-05,30,4.784417264163494,MY,29.444730758666992,0.5552692413330078,1,thetao_MY_20220101_20221231.nc
97_dat,2022-06-06,5,11.896450705826283,MY,5.078224182128906,0.07822418212890625,1,thetao_MY_20220101_20221231.nc
97_dat,2022-06-06,10,11.667195662856102,MY,9.572997093200684,0.4270029067993164,1,thetao_MY_20220101_20221231.nc
97_dat,2022-06-06,15,10.191320545971394,MY,15.810070037841797,0.8100700378417969,1,thetao_MY_20220101_20221231.nc
97_dat,2022-06-06,20,9.086794652044773,MY,18.495559692382812,1.5044403076171875,1,thetao_MY_20220101_20221231.nc
97_dat,2022-06-06,30,4.797601260244846,MY,29.444730758666992,0.5552692413330078,1,thetao_MY_20220101_20221231.nc
97_dat,2022-06-07,5,11.848109386861324,MY,5.078224182128906,0.07822418212890625,1,thetao_MY_20220101_20221231.nc
97_dat,2022-06-07,10,11.692831210792065,MY,9.572997093200684,0.4270029067993164,1,thetao_MY_20220101_20221231.nc
97_dat,2022-06-07,15,10.093173019587994,MY,15.810070037841797,0.8100700378417969,1,thetao_MY_20220101_20221231.nc
97_dat,2022-06-07,20,8.688344992697239,MY,18.495559692382812,1.5044403076171875,1,thetao_MY_20220101_20221231.nc
97_dat,2022-06-07,30,4.749259941279888,MY,29.444730758666992,0.5552692413330078,1,thetao_MY_20220101_20221231.nc
97_dat,2022-06-08,5,12.049531549215317,MY,5.078224182128906,0.07822418212890625,1,thetao_MY_20220101_20221231.nc
97_dat,2022-06-08,10,11.787316516041756,MY,9.572997093200684,0.4270029067993164,1,thetao_MY_20220101_20221231.nc
97_dat,2022-06-08,15,10.583910651504993,MY,15.810070037841797,0.8100700378417969,1,thetao_MY_20220101_20221231.nc
97_dat,2022-06-08,20,9.225226610898972,MY,18.495559692382812,1.5044403076171875,1,thetao_MY_20220101_20221231.nc
97_dat,2022-06-08,30,4.844477690756321,MY,29.444730758666992,0.5552692413330078,1,thetao_MY_20220101_20221231.nc
97_dat,2022-06-09,5,12.016571559011936,MY,5.078224182128906,0.07822418212890625,1,thetao_MY_20220101_20221231.nc
97_dat,2022-06-09,10,11.796838290989399,MY,9.572997093200684,0.4270029067993164,1,thetao_MY_20220101_20221231.nc
97_dat,2022-06-09,15,11.328806430101395,MY,15.810070037841797,0.8100700378417969,1,thetao_MY_20220101_20221231.nc
97_dat,2022-06-09,20,10.501144453883171,MY,18.495559692382812,1.5044403076171875,1,thetao_MY_20220101_20221231.nc
97_dat,2022-06-09,30,5.284676671028137,MY,29.444730758666992,0.5552692413330078,1,thetao_MY_20220101_20221231.nc
97_dat,2022-06-10,5,12.172582179307938,MY,5.078224182128906,0.07822418212890625,1,thetao_MY_20220101_20221231.nc
97_dat,2022-06-10,10,11.831995613873005,MY,9.572997093200684,0.4270029067993164,1,thetao_MY_20220101_20221231.nc
97_dat,2022-06-10,15,11.476027719676495,MY,15.810070037841797,0.8100700378417969,1,thetao_MY_20220101_20221231.nc
97_dat,2022-06-10,20,10.89739678055048,MY,18.495559692382812,1.5044403076171875,1,thetao_MY_20220101_20221231.nc
97_dat,2022-06-10,30,5.898464933037758,MY,29.444730758666992,0.5552692413330078,1,thetao_MY_20220101_20221231.nc
97_dat,2022-06-11,5,12.20627461373806,MY,5.078224182128906,0.07822418212890625,1,thetao_MY_20220101_20221231.nc
97_dat,2022-06-11,10,11.961638242006302,MY,9.572997093200684,0.4270029067993164,1,thetao_MY_20220101_20221231.nc
97_dat,2022-06-11,15,11.562456138432026,MY,15.810070037841797,0.8100700378417969,1,thetao_MY_20220101_20221231.nc
97_dat,2022-06-11,20,11.054139845073223,MY,18.495559692382812,1.5044403076171875,1,thetao_MY_20220101_20221231.nc
97_dat,2022-06-11,30,6.231727056205273,MY,29.444730758666992,0.5552692413330078,1,thetao_MY_20220101_20221231.nc
97_dat,2022-06-12,5,12.26340526342392,MY,5.078224182128906,0.07822418212890625,1,thetao_MY_20220101_20221231.nc
97_dat,2022-06-12,10,11.977752014994621,MY,9.572997093200684,0.4270029067993164,1,thetao_MY_20220101_20221231.nc
97_dat,2022-06-12,15,11.345652647316456,MY,15.810070037841797,0.8100700378417969,1,thetao_MY_20220101_20221231.nc
97_dat,2022-06-12,20,10.63957641273737,MY,18.495559692382812,1.5044403076171875,1,thetao_MY_20220101_20221231.nc
97_dat,2022-06-12,30,6.219275504350662,MY,29.444730758666992,0.5552692413330078,1,thetao_MY_20220101_20221231.nc
97_dat,2022-06-13,5,12.346171461045742,MY,5.078224182128906,0.07822418212890625,1,thetao_MY_20220101_20221231.nc
97_dat,2022-06-13,10,11.964568018913269,MY,9.572997093200684,0.4270029067993164,1,thetao_MY_20220101_20221231.nc
97_dat,2022-06-13,15,10.978698089718819,MY,15.810070037841797,0.8100700378417969,1,thetao_MY_20220101_20221231.nc
97_dat,2022-06-13,20,10.135654784739017,MY,18.495559692382812,1.5044403076171875,1,thetao_MY_20220101_20221231.nc
97_dat,2022-06-13,30,6.140171527862549,MY,29.444730758666992,0.5552692413330078,1,thetao_MY_20220101_20221231.nc
97_dat,2022-06-14,5,12.787835329771042,MY,5.078224182128906,0.07822418212890625,1,thetao_MY_20220101_20221231.nc
97_dat,2022-06-14,10,12.142551966011524,MY,9.572997093200684,0.4270029067993164,1,thetao_MY_20220101_20221231.nc
97_dat,2022-06-14,15,11.194769136607647,MY,15.810070037841797,0.8100700378417969,1,thetao_MY_20220101_20221231.nc
97_dat,2022-06-14,20,10.274086743593216,MY,18.495559692382812,1.5044403076171875,1,thetao_MY_20220101_20221231.nc
97_dat,2022-06-14,30,6.164342187345028,MY,29.444730758666992,0.5552692413330078,1,thetao_MY_20220101_20221231.nc
97_dat,2022-06-15,5,12.91381573677063,MY,5.078224182128906,0.07822418212890625,1,thetao_MY_20220101_20221231.nc
97_dat,2022-06-15,10,12.621570490300655,MY,9.572997093200684,0.4270029067993164,1,thetao_MY_20220101_20221231.nc
97_dat,2022-06-15,15,11.766808077692986,MY,15.810070037841797,0.8100700378417969,1,thetao_MY_20220101_20221231.nc
97_dat,2022-06-15,20,10.840998575091362,MY,18.495559692382812,1.5044403076171875,1,thetao_MY_20220101_20221231.nc
97_dat,2022-06-15,30,6.225135058164597,MY,29.444730758666992,0.5552692413330078,1,thetao_MY_20220101_20221231.nc
97_dat,2022-06-16,5,12.939451284706593,MY,5.078224182128906,0.07822418212890625,1,thetao_MY_20220101_20221231.nc
97_dat,2022-06-16,10,12.683095805346966,MY,9.572997093200684,0.4270029067993164,1,thetao_MY_20220101_20221231.nc
97_dat,2022-06-16,15,11.510452598333359,MY,15.810070037841797,0.8100700378417969,1,thetao_MY_20220101_20221231.nc
97_dat,2022-06-16,20,10.422040477395058,MY,18.495559692382812,1.5044403076171875,1,thetao_MY_20220101_20221231.nc
97_dat,2022-06-16,30,6.131382197141647,MY,29.444730758666992,0.5552692413330078,1,thetao_MY_20220101_20221231.nc
97_dat,2022-06-17,5,12.973143719136715,MY,5.078224182128906,0.07822418212890625,1,thetao_MY_20220101_20221231.nc
97_dat,2022-06-17,10,12.38645589351654,MY,9.572997093200684,0.4270029067993164,1,thetao_MY_20220101_20221231.nc
97_dat,2022-06-17,15,10.535569332540035,MY,15.810070037841797,0.8100700378417969,1,thetao_MY_20220101_20221231.nc
97_dat,2022-06-17,20,9.466933205723763,MY,18.495559692382812,1.5044403076171875,1,thetao_MY_20220101_20221231.nc
97_dat,2022-06-17,30,5.995880015194416,MY,29.444730758666992,0.5552692413330078,1,thetao_MY_20220101_20221231.nc
97_dat,2022-06-18,5,12.982665494084358,MY,5.078224182128906,0.07822418212890625,1,thetao_MY_20220101_20221231.nc
97_dat,2022-06-18,10,11.986541345715523,MY,9.572997093200684,0.4270029067993164,1,thetao_MY_20220101_20221231.nc
97_dat,2022-06-18,15,9.931302845478058,MY,15.810070037841797,0.8100700378417969,1,thetao_MY_20220101_20221231.nc
97_dat,2022-06-18,20,8.879512935876846,MY,18.495559692382812,1.5044403076171875,1,thetao_MY_20220101_20221231.nc
97_dat,2022-06-18,30,5.844264060258865,MY,29.444730758666992,0.5552692413330078,1,thetao_MY_20220101_20221231.nc
97_dat,2022-06-19,5,12.88964507728815,MY,5.078224182128906,0.07822418212890625,1,thetao_MY_20220101_20221231.nc
97_dat,2022-06-19,10,11.58076724410057,MY,9.572997093200684,0.4270029067993164,1,thetao_MY_20220101_20221231.nc
97_dat,2022-06-19,15,9.384899452328682,MY,15.810070037841797,0.8100700378417969,1,thetao_MY_20220101_20221231.nc
97_dat,2022-06-19,20,8.366801977157593,MY,18.495559692382812,1.5044403076171875,1,thetao_MY_20220101_20221231.nc
97_dat,2022-06-19,30,5.6545610055327415,MY,29.444730758666992,0.5552692413330078,1,thetao_MY_20220101_20221231.nc
97_dat,2022-06-20,5,12.282448813319206,MY,5.078224182128906,0.07822418212890625,1,thetao_MY_20220101_20221231.nc
97_dat,2022-06-20,10,10.583910651504993,MY,9.572997093200684,0.4270029067993164,1,thetao_MY_20220101_20221231.nc
97_dat,2022-06-20,15,8.212988689541817,MY,15.810070037841797,0.8100700378417969,1,thetao_MY_20220101_20221231.nc
97_dat,2022-06-20,20,7.421216480433941,MY,18.495559692382812,1.5044403076171875,1,thetao_MY_20220101_20221231.nc
97_dat,2022-06-20,30,5.415051743388176,MY,29.444730758666992,0.5552692413330078,1,thetao_MY_20220101_20221231.nc
97_dat,2022-06-21,5,12.05905332416296,MY,5.078224182128906,0.07822418212890625,1,thetao_MY_20220101_20221231.nc
97_dat,2022-06-21,10,9.97744683176279,MY,9.572997093200684,0.4270029067993164,1,thetao_MY_20220101_20221231.nc
97_dat,2022-06-21,15,7.509842231869698,MY,15.810070037841797,0.8100700378417969,1,thetao_MY_20220101_20221231.nc
97_dat,2022-06-21,20,6.842585541307926,MY,18.495559692382812,1.5044403076171875,1,thetao_MY_20220101_20221231.nc
97_dat,2022-06-21,30,5.279549561440945,MY,29.444730758666992,0.5552692413330078,1,thetao_MY_20220101_20221231.nc
97_dat,2022-06-22,5,13.578875094652176,MY,5.078224182128906,0.07822418212890625,1,thetao_MY_20220101_20221231.nc
97_dat,2022-06-22,10,10.843195907771587,MY,9.572997093200684,0.4270029067993164,1,thetao_MY_20220101_20221231.nc
97_dat,2022-06-22,15,8.056245625019073,MY,15.810070037841797,0.8100700378417969,1,thetao_MY_20220101_20221231.nc
97_dat,2022-06-22,20,7.268868081271648,MY,18.495559692382812,1.5044403076171875,1,thetao_MY_20220101_20221231.nc
97_dat,2022-06-22,30,5.305185109376907,MY,29.444730758666992,0.5552692413330078,1,thetao_MY_20220101_20221231.nc
97_dat,2022-06-23,5,15.18805506080389,MY,5.078224182128906,0.07822418212890625,1,thetao_MY_20220101_20221231.nc
97_dat,2022-06-23,10,12.93871884047985,MY,9.572997093200684,0.4270029067993164,1,thetao_MY_20220101_20221231.nc
97_dat,2022-06-23,15,9.07361065596342,MY,15.810070037841797,0.8100700378417969,1,thetao_MY_20220101_20221231.nc
97_dat,2022-06-23,20,8.226172685623169,MY,18.495559692382812,1.5044403076171875,1,thetao_MY_20220101_20221231.nc
97_dat,2022-06-23,30,5.409192189574242,MY,29.444730758666992,0.5552692413330078,1,thetao_MY_20220101_20221231.nc
97_dat,2022-06-24,5,15.1514328494668,MY,5.078224182128906,0.07822418212890625,1,thetao_MY_20220101_20221231.nc
97_dat,2022-06-24,10,13.865993231534958,MY,9.572997093200684,0.4270029067993164,1,thetao_MY_20220101_20221231.nc
97_dat,2022-06-24,15,9.37611012160778,MY,15.810070037841797,0.8100700378417969,1,thetao_MY_20220101_20221231.nc
97_dat,2022-06-24,20,8.386577971279621,MY,18.495559692382812,1.5044403076171875,1,thetao_MY_20220101_20221231.nc
97_dat,2022-06-24,30,5.427503295242786,MY,29.444730758666992,0.5552692413330078,1,thetao_MY_20220101_20221231.nc
97_dat,2022-06-25,5,15.462721645832062,MY,5.078224182128906,0.07822418212890625,1,thetao_MY_20220101_20221231.nc
97_dat,2022-06-25,10,13.463881351053715,MY,9.572997093200684,0.4270029067993164,1,thetao_MY_20220101_20221231.nc
97_dat,2022-06-25,15,8.9014862626791,MY,15.810070037841797,0.8100700378417969,1,thetao_MY_20220101_20221231.nc
97_dat,2022-06-25,20,7.778649263083935,MY,18.495559692382812,1.5044403076171875,1,thetao_MY_20220101_20221231.nc
97_dat,2022-06-25,30,5.363048203289509,MY,29.444730758666992,0.5552692413330078,1,thetao_MY_20220101_20221231.nc
97_dat,2022-06-26,5,15.511795409023762,MY,5.078224182128906,0.07822418212890625,1,thetao_MY_20220101_20221231.nc
97_dat,2022-06-26,10,13.467543572187424,MY,9.572997093200684,0.4270029067993164,1,thetao_MY_20220101_20221231.nc
97_dat,2022-06-26,15,9.328501246869564,MY,15.810070037841797,0.8100700378417969,1,thetao_MY_20220101_20221231.nc
97_dat,2022-06-26,20,8.244483791291714,MY,18.495559692382812,1.5044403076171875,1,thetao_MY_20220101_20221231.nc
97_dat,2022-06-26,30,5.456068620085716,MY,29.444730758666992,0.5552692413330078,1,thetao_MY_20220101_20221231.nc
97_dat,2022-06-27,5,14.772759184241295,MY,5.078224182128906,0.07822418212890625,1,thetao_MY_20220101_20221231.nc
97_dat,2022-06-27,10,11.684774324297905,MY,9.572997093200684,0.4270029067993164,1,thetao_MY_20220101_20221231.nc
97_dat,2022-06-27,15,8.431989513337612,MY,15.810070037841797,0.8100700378417969,1,thetao_MY_20220101_20221231.nc
97_dat,2022-06-27,20,7.529618225991726,MY,18.495559692382812,1.5044403076171875,1,thetao_MY_20220101_20221231.nc
97_dat,2022-06-27,30,5.487563721835613,MY,29.444730758666992,0.5552692413330078,1,thetao_MY_20220101_20221231.nc
97_dat,2022-06-28,5,14.668019659817219,MY,5.078224182128906,0.07822418212890625,1,thetao_MY_20220101_20221231.nc
97_dat,2022-06-28,10,11.027771852910519,MY,9.572997093200684,0.4270029067993164,1,thetao_MY_20220101_20221231.nc
97_dat,2022-06-28,15,7.993987865746021,MY,15.810070037841797,0.8100700378417969,1,thetao_MY_20220101_20221231.nc
97_dat,2022-06-28,20,7.1494796723127365,MY,18.495559692382812,1.5044403076171875,1,thetao_MY_20220101_20221231.nc
97_dat,2022-06-28,30,5.478774391114712,MY,29.444730758666992,0.5552692413330078,1,thetao_MY_20220101_20221231.nc
97_dat,2022-06-29,5,13.406750701367855,MY,5.078224182128906,0.07822418212890625,1,thetao_MY_20220101_20221231.nc
97_dat,2022-06-29,10,10.070467248558998,MY,9.572997093200684,0.4270029067993164,1,thetao_MY_20220101_20221231.nc
97_dat,2022-06-29,15,7.583086654543877,MY,15.810070037841797,0.8100700378417969,1,thetao_MY_20220101_20221231.nc
97_dat,2022-06-29,20,6.894589081406593,MY,18.495559692382812,1.5044403076171875,1,thetao_MY_20220101_20221231.nc
97_dat,2022-06-29,30,5.477309502661228,MY,29.444730758666992,0.5552692413330078,1,thetao_MY_20220101_20221231.nc
97_dat,2022-06-30,5,13.759788818657398,MY,5.078224182128906,0.07822418212890625,1,thetao_MY_20220101_20221231.nc
97_dat,2022-06-30,10,9.868312641978264,MY,9.572997093200684,0.4270029067993164,1,thetao_MY_20220101_20221231.nc
97_dat,2022-06-30,15,7.512772008776665,MY,15.810070037841797,0.8100700378417969,1,thetao_MY_20220101_20221231.nc
97_dat,2022-06-30,20,6.890926860272884,MY,18.495559692382812,1.5044403076171875,1,thetao_MY_20220101_20221231.nc
97_dat,2022-06-30,30,5.53517259657383,MY,29.444730758666992,0.5552692413330078,1,thetao_MY_20220101_20221231.nc
97_dat,2022-07-01,5,14.639454334974289,MY,5.078224182128906,0.07822418212890625,1,thetao_MY_20220101_20221231.nc
97_dat,2022-07-01,10,10.311441399157047,MY,9.572997093200684,0.4270029067993164,1,thetao_MY_20220101_20221231.nc
97_dat,2022-07-01,15,7.8636127933859825,MY,15.810070037841797,0.8100700378417969,1,thetao_MY_20220101_20221231.nc
97_dat,2022-07-01,20,7.274727635085583,MY,18.495559692382812,1.5044403076171875,1,thetao_MY_20220101_20221231.nc
97_dat,2022-07-01,30,5.668477445840836,MY,29.444730758666992,0.5552692413330078,1,thetao_MY_20220101_20221231.nc
97_dat,2022-07-02,5,13.411145366728306,MY,5.078224182128906,0.07822418212890625,1,thetao_MY_20220101_20221231.nc
97_dat,2022-07-02,10,9.828028209507465,MY,9.572997093200684,0.4270029067993164,1,thetao_MY_20220101_20221231.nc
97_dat,2022-07-02,15,7.731040388345718,MY,15.810070037841797,0.8100700378417969,1,thetao_MY_20220101_20221231.nc
97_dat,2022-07-02,20,7.189764104783535,MY,18.495559692382812,1.5044403076171875,1,thetao_MY_20220101_20221231.nc
97_dat,2022-07-02,30,5.732200093567371,MY,29.444730758666992,0.5552692413330078,1,thetao_MY_20220101_20221231.nc
97_dat,2022-07-03,5,11.93600269407034,MY,5.078224182128906,0.07822418212890625,1,thetao_MY_20220101_20221231.nc
97_dat,2022-07-03,10,9.258919045329094,MY,9.572997093200684,0.4270029067993164,1,thetao_MY_20220101_20221231.nc
97_dat,2022-07-03,15,7.44538713991642,MY,15.810070037841797,0.8100700378417969,1,thetao_MY_20220101_20221231.nc
97_dat,2022-07-03,20,6.931211292743683,MY,18.495559692382812,1.5044403076171875,1,thetao_MY_20220101_20221231.nc
97_dat,2022-07-03,30,5.796655185520649,MY,29.444730758666992,0.5552692413330078,1,thetao_MY_20220101_20221231.nc
97_dat,2022-07-04,5,12.0019226744771,MY,5.078224182128906,0.07822418212890625,1,thetao_MY_20220101_20221231.nc
97_dat,2022-07-04,10,9.156376853585243,MY,9.572997093200684,0.4270029067993164,1,thetao_MY_20220101_20221231.nc
97_dat,2022-07-04,15,7.518631562590599,MY,15.810070037841797,0.8100700378417969,1,thetao_MY_20220101_20221231.nc
97_dat,2022-07-04,20,7.007385492324829,MY,18.495559692382812,1.5044403076171875,1,thetao_MY_20220101_20221231.nc
97_dat,2022-07-04,30,5.905789375305176,MY,29.444730758666992,0.5552692413330078,1,thetao_MY_20220101_20221231.nc
97_dat,2022-07-05,5,12.718985572457314,MY,5.078224182128906,0.07822418212890625,1,thetao_MY_20220101_20221231.nc
97_dat,2022-07-05,10,9.674947366118431,MY,9.572997093200684,0.4270029067993164,1,thetao_MY_20220101_20221231.nc
97_dat,2022-07-05,15,7.925138108432293,MY,15.810070037841797,0.8100700378417969,1,thetao_MY_20220101_20221231.nc
97_dat,2022-07-05,20,7.435865364968777,MY,18.495559692382812,1.5044403076171875,1,thetao_MY_20220101_20221231.nc
97_dat,2022-07-05,30,6.061799995601177,MY,29.444730758666992,0.5552692413330078,1,thetao_MY_20220101_20221231.nc
97_dat,2022-07-06,5,14.037385180592537,MY,5.078224182128906,0.07822418212890625,1,thetao_MY_20220101_20221231.nc
97_dat,2022-07-06,10,10.638111524283886,MY,9.572997093200684,0.4270029067993164,1,thetao_MY_20220101_20221231.nc
97_dat,2022-07-06,15,8.359477534890175,MY,15.810070037841797,0.8100700378417969,1,thetao_MY_20220101_20221231.nc
97_dat,2022-07-06,20,7.942716769874096,MY,18.495559692382812,1.5044403076171875,1,thetao_MY_20220101_20221231.nc
97_dat,2022-07-06,30,6.245643496513367,MY,29.444730758666992,0.5552692413330078,1,thetao_MY_20220101_20221231.nc
97_dat,2022-07-07,5,15.293527029454708,MY,5.078224182128906,0.07822418212890625,1,thetao_MY_20220101_20221231.nc
97_dat,2022-07-07,10,11.419629514217377,MY,9.572997093200684,0.4270029067993164,1,thetao_MY_20220101_20221231.nc
97_dat,2022-07-07,15,8.685415215790272,MY,15.810070037841797,0.8100700378417969,1,thetao_MY_20220101_20221231.nc
97_dat,2022-07-07,20,8.25913267582655,MY,18.495559692382812,1.5044403076171875,1,thetao_MY_20220101_20221231.nc
97_dat,2022-07-07,30,6.412640780210495,MY,29.444730758666992,0.5552692413330078,1,thetao_MY_20220101_20221231.nc
97_dat,2022-07-08,5,17.00451674312353,MY,5.078224182128906,0.07822418212890625,1,thetao_MY_20220101_20221231.nc
97_dat,2022-07-08,10,13.284432515501976,MY,9.572997093200684,0.4270029067993164,1,thetao_MY_20220101_20221231.nc
97_dat,2022-07-08,15,9.35926390439272,MY,15.810070037841797,0.8100700378417969,1,thetao_MY_20220101_20221231.nc
97_dat,2022-07-08,20,8.773308522999287,MY,18.495559692382812,1.5044403076171875,1,thetao_MY_20220101_20221231.nc
97_dat,2022-07-08,30,6.607470944523811,MY,29.444730758666992,0.5552692413330078,1,thetao_MY_20220101_20221231.nc
97_dat,2022-07-09,5,17.2616046667099,MY,5.078224182128906,0.07822418212890625,1,thetao_MY_20220101_20221231.nc
97_dat,2022-07-09,10,13.730491049587727,MY,9.572997093200684,0.4270029067993164,1,thetao_MY_20220101_20221231.nc
97_dat,2022-07-09,15,9.64198737591505,MY,15.810070037841797,0.8100700378417969,1,thetao_MY_20220101_20221231.nc
97_dat,2022-07-09,20,8.984252460300922,MY,18.495559692382812,1.5044403076171875,1,thetao_MY_20220101_20221231.nc
97_dat,2022-07-09,30,6.781060226261616,MY,29.444730758666992,0.5552692413330078,1,thetao_MY_20220101_20221231.nc
97_dat,2022-07-10,5,16.771599479019642,MY,5.078224182128906,0.07822418212890625,1,thetao_MY_20220101_20221231.nc
97_dat,2022-07-10,10,13.422132030129433,MY,9.572997093200684,0.4270029067993164,1,thetao_MY_20220101_20221231.nc
97_dat,2022-07-10,15,9.92837306857109,MY,15.810070037841797,0.8100700378417969,1,thetao_MY_20220101_20221231.nc
97_dat,2022-07-10,20,9.1959288418293,MY,18.495559692382812,1.5044403076171875,1,thetao_MY_20220101_20221231.nc
97_dat,2022-07-10,30,6.980285055935383,MY,29.444730758666992,0.5552692413330078,1,thetao_MY_20220101_20221231.nc
97_dat,2022-07-11,5,16.734977267682552,MY,5.078224182128906,0.07822418212890625,1,thetao_MY_20220101_20221231.nc
97_dat,2022-07-11,10,14.204382464289665,MY,9.572997093200684,0.4270029067993164,1,thetao_MY_20220101_20221231.nc
97_dat,2022-07-11,15,11.04901273548603,MY,15.810070037841797,0.8100700378417969,1,thetao_MY_20220101_20221231.nc
97_dat,2022-07-11,20,10.057283252477646,MY,18.495559692382812,1.5044403076171875,1,thetao_MY_20220101_20221231.nc
97_dat,2022-07-11,30,7.374340049922466,MY,29.444730758666992,0.5552692413330078,1,thetao_MY_20220101_20221231.nc
97_dat,2022-07-12,5,17.7032685354352,MY,5.078224182128906,0.07822418212890625,1,thetao_MY_20220101_20221231.nc
97_dat,2022-07-12,10,15.847987309098244,MY,9.572997093200684,0.4270029067993164,1,thetao_MY_20220101_20221231.nc
97_dat,2022-07-12,15,12.919675290584564,MY,15.810070037841797,0.8100700378417969,1,thetao_MY_20220101_20221231.nc
97_dat,2022-07-12,20,11.47016816586256,MY,18.495559692382812,1.5044403076171875,1,thetao_MY_20220101_20221231.nc
97_dat,2022-07-12,30,7.994720309972763,MY,29.444730758666992,0.5552692413330078,1,thetao_MY_20220101_20221231.nc
97_dat,2022-07-13,5,17.839503161609173,MY,5.078224182128906,0.07822418212890625,1,thetao_MY_20220101_20221231.nc
97_dat,2022-07-13,10,16.904171884059906,MY,9.572997093200684,0.4270029067993164,1,thetao_MY_20220101_20221231.nc
97_dat,2022-07-13,15,13.980254530906677,MY,15.810070037841797,0.8100700378417969,1,thetao_MY_20220101_20221231.nc
97_dat,2022-07-13,20,12.343974128365517,MY,18.495559692382812,1.5044403076171875,1,thetao_MY_20220101_20221231.nc
97_dat,2022-07-13,30,8.625354789197445,MY,29.444730758666992,0.5552692413330078,1,thetao_MY_20220101_20221231.nc
97_dat,2022-07-14,5,17.9083529189229,MY,5.078224182128906,0.07822418212890625,1,thetao_MY_20220101_20221231.nc
97_dat,2022-07-14,10,17.320932649075985,MY,9.572997093200684,0.4270029067993164,1,thetao_MY_20220101_20221231.nc
97_dat,2022-07-14,15,15.237861268222332,MY,15.810070037841797,0.8100700378417969,1,thetao_MY_20220101_20221231.nc
97_dat,2022-07-14,20,13.468276016414165,MY,18.495559692382812,1.5044403076171875,1,thetao_MY_20220101_20221231.nc
97_dat,2022-07-14,30,9.255256824195385,MY,29.444730758666992,0.5552692413330078,1,thetao_MY_20220101_20221231.nc
97_dat,2022-07-15,5,17.550187692046165,MY,5.078224182128906,0.07822418212890625,1,thetao_MY_20220101_20221231.nc
97_dat,2022-07-15,10,17.517960146069527,MY,9.572997093200684,0.4270029067993164,1,thetao_MY_20220101_20221231.nc
97_dat,2022-07-15,15,17.011108741164207,MY,15.810070037841797,0.8100700378417969,1,thetao_MY_20220101_20221231.nc
97_dat,2022-07-15,20,16.561387985944748,MY,18.495559692382812,1.5044403076171875,1,thetao_MY_20220101_20221231.nc
97_dat,2022-07-15,30,10.3246253952384,MY,29.444730758666992,0.5552692413330078,1,thetao_MY_20220101_20221231.nc
97_dat,2022-07-16,5,17.610980562865734,MY,5.078224182128906,0.07822418212890625,1,thetao_MY_20220101_20221231.nc
97_dat,2022-07-16,10,17.60878323018551,MY,9.572997093200684,0.4270029067993164,1,thetao_MY_20220101_20221231.nc
97_dat,2022-07-16,15,17.46156194061041,MY,15.810070037841797,0.8100700378417969,1,thetao_MY_20220101_20221231.nc
97_dat,2022-07-16,20,17.274788662791252,MY,18.495559692382812,1.5044403076171875,1,thetao_MY_20220101_20221231.nc
97_dat,2022-07-16,30,12.00997956097126,MY,29.444730758666992,0.5552692413330078,1,thetao_MY_20220101_20221231.nc
97_dat,2022-07-17,5,17.906888030469418,MY,5.078224182128906,0.07822418212890625,1,thetao_MY_20220101_20221231.nc
97_dat,2022-07-17,10,17.864406265318394,MY,9.572997093200684,0.4270029067993164,1,thetao_MY_20220101_20221231.nc
97_dat,2022-07-17,15,17.765526294708252,MY,15.810070037841797,0.8100700378417969,1,thetao_MY_20220101_20221231.nc
97_dat,2022-07-17,20,17.54799035936594,MY,18.495559692382812,1.5044403076171875,1,thetao_MY_20220101_20221231.nc
97_dat,2022-07-17,30,12.642811372876167,MY,29.444730758666992,0.5552692413330078,1,thetao_MY_20220101_20221231.nc
97_dat,2022-07-18,5,18.250404372811317,MY,5.078224182128906,0.07822418212890625,1,thetao_MY_20220101_20221231.nc
97_dat,2022-07-18,10,18.130283519625664,MY,9.572997093200684,0.4270029067993164,1,thetao_MY_20220101_20221231.nc
97_dat,2022-07-18,15,17.745750300586224,MY,15.810070037841797,0.8100700378417969,1,thetao_MY_20220101_20221231.nc
97_dat,2022-07-18,20,16.98767052590847,MY,18.495559692382812,1.5044403076171875,1,thetao_MY_20220101_20221231.nc
97_dat,2022-07-18,30,12.280983924865723,MY,29.444730758666992,0.5552692413330078,1,thetao_MY_20220101_20221231.nc
97_dat,2022-07-19,5,18.506759852170944,MY,5.078224182128906,0.07822418212890625,1,thetao_MY_20220101_20221231.nc
97_dat,2022-07-19,10,18.289956361055374,MY,9.572997093200684,0.4270029067993164,1,thetao_MY_20220101_20221231.nc
97_dat,2022-07-19,15,17.62929166853428,MY,15.810070037841797,0.8100700378417969,1,thetao_MY_20220101_20221231.nc
97_dat,2022-07-19,20,16.417828917503357,MY,18.495559692382812,1.5044403076171875,1,thetao_MY_20220101_20221231.nc
97_dat,2022-07-19,30,12.09201331436634,MY,29.444730758666992,0.5552692413330078,1,thetao_MY_20220101_20221231.nc
97_dat,2022-07-20,5,18.60344249010086,MY,5.078224182128906,0.07822418212890625,1,thetao_MY_20220101_20221231.nc
97_dat,2022-07-20,10,18.289223916828632,MY,9.572997093200684,0.4270029067993164,1,thetao_MY_20220101_20221231.nc
97_dat,2022-07-20,15,16.961302533745766,MY,15.810070037841797,0.8100700378417969,1,thetao_MY_20220101_20221231.nc
97_dat,2022-07-20,20,15.599688716232777,MY,18.495559692382812,1.5044403076171875,1,thetao_MY_20220101_20221231.nc
97_dat,2022-07-20,30,11.804895177483559,MY,29.444730758666992,0.5552692413330078,1,thetao_MY_20220101_20221231.nc
97_dat,2022-07-21,5,18.527268290519714,MY,5.078224182128906,0.07822418212890625,1,thetao_MY_20220101_20221231.nc
97_dat,2022-07-21,10,18.01895199716091,MY,9.572997093200684,0.4270029067993164,1,thetao_MY_20220101_20221231.nc
97_dat,2022-07-21,15,15.732993565499783,MY,15.810070037841797,0.8100700378417969,1,thetao_MY_20220101_20221231.nc
97_dat,2022-07-21,20,14.45194861292839,MY,18.495559692382812,1.5044403076171875,1,thetao_MY_20220101_20221231.nc
97_dat,2022-07-21,30,11.327341541647911,MY,29.444730758666992,0.5552692413330078,1,thetao_MY_20220101_20221231.nc
97_dat,2022-07-22,5,18.75872066617012,MY,5.078224182128906,0.07822418212890625,1,thetao_MY_20220101_20221231.nc
97_dat,2022-07-22,10,18.154454179108143,MY,9.572997093200684,0.4270029067993164,1,thetao_MY_20220101_20221231.nc
97_dat,2022-07-22,15,16.009125038981438,MY,15.810070037841797,0.8100700378417969,1,thetao_MY_20220101_20221231.nc
97_dat,2022-07-22,20,14.616748563945293,MY,18.495559692382812,1.5044403076171875,1,thetao_MY_20220101_20221231.nc
97_dat,2022-07-22,30,11.17133092135191,MY,29.444730758666992,0.5552692413330078,1,thetao_MY_20220101_20221231.nc
97_dat,2022-07-23,5,18.916928619146347,MY,5.078224182128906,0.07822418212890625,1,thetao_MY_20220101_20221231.nc
97_dat,2022-07-23,10,18.240150153636932,MY,9.572997093200684,0.4270029067993164,1,thetao_MY_20220101_20221231.nc
97_dat,2022-07-23,15,16.266212962567806,MY,15.810070037841797,0.8100700378417969,1,thetao_MY_20220101_20221231.nc
97_dat,2022-07-23,20,14.87676626443863,MY,18.495559692382812,1.5044403076171875,1,thetao_MY_20220101_20221231.nc
97_dat,2022-07-23,30,11.094424277544022,MY,29.444730758666992,0.5552692413330078,1,thetao_MY_20220101_20221231.nc
97_dat,2022-07-24,5,18.687673576176167,MY,5.078224182128906,0.07822418212890625,1,thetao_MY_20220101_20221231.nc
97_dat,2022-07-24,10,17.876857817173004,MY,9.572997093200684,0.4270029067993164,1,thetao_MY_20220101_20221231.nc
97_dat,2022-07-24,15,15.481032751500607,MY,15.810070037841797,0.8100700378417969,1,thetao_MY_20220101_20221231.nc
97_dat,2022-07-24,20,14.213171795010567,MY,18.495559692382812,1.5044403076171875,1,thetao_MY_20220101_20221231.nc
97_dat,2022-07-24,30,10.9135105535388,MY,29.444730758666992,0.5552692413330078,1,thetao_MY_20220101_20221231.nc
97_dat,2022-07-25,5,18.756523333489895,MY,5.078224182128906,0.07822418212890625,1,thetao_MY_20220101_20221231.nc
97_dat,2022-07-25,10,17.91128269582987,MY,9.572997093200684,0.4270029067993164,1,thetao_MY_20220101_20221231.nc
97_dat,2022-07-25,15,15.656819365918636,MY,15.810070037841797,0.8100700378417969,1,thetao_MY_20220101_20221231.nc
97_dat,2022-07-25,20,14.384563744068146,MY,18.495559692382812,1.5044403076171875,1,thetao_MY_20220101_20221231.nc
97_dat,2022-07-25,30,10.965514093637466,MY,29.444730758666992,0.5552692413330078,1,thetao_MY_20220101_20221231.nc
97_dat,2022-07-26,5,18.974059268832207,MY,5.078224182128906,0.07822418212890625,1,thetao_MY_20220101_20221231.nc
97_dat,2022-07-26,10,18.09219641983509,MY,9.572997093200684,0.4270029067993164,1,thetao_MY_20220101_20221231.nc
97_dat,2022-07-26,15,16.06332591176033,MY,15.810070037841797,0.8100700378417969,1,thetao_MY_20220101_20221231.nc
97_dat,2022-07-26,20,14.846736051142216,MY,18.495559692382812,1.5044403076171875,1,thetao_MY_20220101_20221231.nc
97_dat,2022-07-26,30,11.110538050532341,MY,29.444730758666992,0.5552692413330078,1,thetao_MY_20220101_20221231.nc
97_dat,2022-07-27,5,19.04071169346571,MY,5.078224182128906,0.07822418212890625,1,thetao_MY_20220101_20221231.nc
97_dat,2022-07-27,10,17.983062230050564,MY,9.572997093200684,0.4270029067993164,1,thetao_MY_20220101_20221231.nc
97_dat,2022-07-27,15,15.872157968580723,MY,15.810070037841797,0.8100700378417969,1,thetao_MY_20220101_20221231.nc
97_dat,2022-07-27,20,14.707571648061275,MY,18.495559692382812,1.5044403076171875,1,thetao_MY_20220101_20221231.nc
97_dat,2022-07-27,30,11.146427817642689,MY,29.444730758666992,0.5552692413330078,1,thetao_MY_20220101_20221231.nc
97_dat,2022-07-28,5,18.815118871629238,MY,5.078224182128906,0.07822418212890625,1,thetao_MY_20220101_20221231.nc
97_dat,2022-07-28,10,17.607318341732025,MY,9.572997093200684,0.4270029067993164,1,thetao_MY_20220101_20221231.nc
97_dat,2022-07-28,15,15.397534109652042,MY,15.810070037841797,0.8100700378417969,1,thetao_MY_20220101_20221231.nc
97_dat,2022-07-28,20,14.257850892841816,MY,18.495559692382812,1.5044403076171875,1,thetao_MY_20220101_20221231.nc
97_dat,2022-07-28,30,11.096621610224247,MY,29.444730758666992,0.5552692413330078,1,thetao_MY_20220101_20221231.nc
97_dat,2022-07-29,5,18.788750879466534,MY,5.078224182128906,0.07822418212890625,1,thetao_MY_20220101_20221231.nc
97_dat,2022-07-29,10,17.55165258049965,MY,9.572997093200684,0.4270029067993164,1,thetao_MY_20220101_20221231.nc
97_dat,2022-07-29,15,15.471510976552963,MY,15.810070037841797,0.8100700378417969,1,thetao_MY_20220101_20221231.nc
97_dat,2022-07-29,20,14.368449971079826,MY,18.495559692382812,1.5044403076171875,1,thetao_MY_20220101_20221231.nc
97_dat,2022-07-29,30,11.154484704136848,MY,29.444730758666992,0.5552692413330078,1,thetao_MY_20220101_20221231.nc
97_dat,2022-07-30,5,18.732352674007416,MY,5.078224182128906,0.07822418212890625,1,thetao_MY_20220101_20221231.nc
97_dat,2022-07-30,10,17.353892639279366,MY,9.572997093200684,0.4270029067993164,1,thetao_MY_20220101_20221231.nc
97_dat,2022-07-30,15,15.336008794605732,MY,15.810070037841797,0.8100700378417969,1,thetao_MY_20220101_20221231.nc
97_dat,2022-07-30,20,14.282753996551037,MY,18.495559692382812,1.5044403076171875,1,thetao_MY_20220101_20221231.nc
97_dat,2022-07-30,30,11.160344257950783,MY,29.444730758666992,0.5552692413330078,1,thetao_MY_20220101_20221231.nc
97_dat,2022-07-31,5,17.888576924800873,MY,5.078224182128906,0.07822418212890625,1,thetao_MY_20220101_20221231.nc
97_dat,2022-07-31,10,16.4852137863636,MY,9.572997093200684,0.4270029067993164,1,thetao_MY_20220101_20221231.nc
97_dat,2022-07-31,15,14.391888186335564,MY,15.810070037841797,0.8100700378417969,1,thetao_MY_20220101_20221231.nc
97_dat,2022-07-31,20,13.480727568268776,MY,18.495559692382812,1.5044403076171875,1,thetao_MY_20220101_20221231.nc
97_dat,2022-07-31,30,10.935483880341053,MY,29.444730758666992,0.5552692413330078,1,thetao_MY_20220101_20221231.nc
97_dat,2022-08-01,5,18.640797145664692,MY,5.078224182128906,0.07822418212890625,1,thetao_MY_20220101_20221231.nc
97_dat,2022-08-01,10,16.921018101274967,MY,9.572997093200684,0.4270029067993164,1,thetao_MY_20220101_20221231.nc
97_dat,2022-08-01,15,14.624805450439453,MY,15.810070037841797,0.8100700378417969,1,thetao_MY_20220101_20221231.nc
97_dat,2022-08-01,20,13.77297281473875,MY,18.495559692382812,1.5044403076171875,1,thetao_MY_20220101_20221231.nc
97_dat,2022-08-01,30,10.895931892096996,MY,29.444730758666992,0.5552692413330078,1,thetao_MY_20220101_20221231.nc
97_dat,2022-08-02,5,18.139805294573307,MY,5.078224182128906,0.07822418212890625,1,thetao_MY_20220101_20221231.nc
97_dat,2022-08-02,10,16.21494186669588,MY,9.572997093200684,0.4270029067993164,1,thetao_MY_20220101_20221231.nc
97_dat,2022-08-02,15,14.07107761502266,MY,15.810070037841797,0.8100700378417969,1,thetao_MY_20220101_20221231.nc
97_dat,2022-08-02,20,13.320322282612324,MY,18.495559692382812,1.5044403076171875,1,thetao_MY_20220101_20221231.nc
97_dat,2022-08-02,30,10.693777285516262,MY,29.444730758666992,0.5552692413330078,1,thetao_MY_20220101_20221231.nc
97_dat,2022-08-03,5,19.389355145394802,MY,5.078224182128906,0.07822418212890625,1,thetao_MY_20220101_20221231.nc
97_dat,2022-08-03,10,17.33118686825037,MY,9.572997093200684,0.4270029067993164,1,thetao_MY_20220101_20221231.nc
97_dat,2022-08-03,15,14.683400988578796,MY,15.810070037841797,0.8100700378417969,1,thetao_MY_20220101_20221231.nc
97_dat,2022-08-03,20,13.753196820616722,MY,18.495559692382812,1.5044403076171875,1,thetao_MY_20220101_20221231.nc
97_dat,2022-08-03,30,10.65642262995243,MY,29.444730758666992,0.5552692413330078,1,thetao_MY_20220101_20221231.nc
97_dat,2022-08-04,5,20.019989624619484,MY,5.078224182128906,0.07822418212890625,1,thetao_MY_20220101_20221231.nc
97_dat,2022-08-04,10,18.960142828524113,MY,9.572997093200684,0.4270029067993164,1,thetao_MY_20220101_20221231.nc
97_dat,2022-08-04,15,16.191503651440144,MY,15.810070037841797,0.8100700378417969,1,thetao_MY_20220101_20221231.nc
97_dat,2022-08-04,20,15.374828338623047,MY,18.495559692382812,1.5044403076171875,1,thetao_MY_20220101_20221231.nc
97_dat,2022-08-04,30,11.170598477125168,MY,29.444730758666992,0.5552692413330078,1,thetao_MY_20220101_20221231.nc
97_dat,2022-08-05,5,19.9694509729743,MY,5.078224182128906,0.07822418212890625,1,thetao_MY_20220101_20221231.nc
97_dat,2022-08-05,10,19.60176397114992,MY,9.572997093200684,0.4270029067993164,1,thetao_MY_20220101_20221231.nc
97_dat,2022-08-05,15,16.90124210715294,MY,15.810070037841797,0.8100700378417969,1,thetao_MY_20220101_20221231.nc
97_dat,2022-08-05,20,16.072847686707973,MY,18.495559692382812,1.5044403076171875,1,thetao_MY_20220101_20221231.nc
97_dat,2022-08-05,30,11.593951240181923,MY,29.444730758666992,0.5552692413330078,1,thetao_MY_20220101_20221231.nc
97_dat,2022-08-06,5,19.902066104114056,MY,5.078224182128906,0.07822418212890625,1,thetao_MY_20220101_20221231.nc
97_dat,2022-08-06,10,19.795129247009754,MY,9.572997093200684,0.4270029067993164,1,thetao_MY_20220101_20221231.nc
97_dat,2022-08-06,15,17.403698846697807,MY,15.810070037841797,0.8100700378417969,1,thetao_MY_20220101_20221231.nc
97_dat,2022-08-06,20,16.510849334299564,MY,18.495559692382812,1.5044403076171875,1,thetao_MY_20220101_20221231.nc
97_dat,2022-08-06,30,11.954313799738884,MY,29.444730758666992,0.5552692413330078,1,thetao_MY_20220101_20221231.nc
97_dat,2022-08-07,5,19.86690878123045,MY,5.078224182128906,0.07822418212890625,1,thetao_MY_20220101_20221231.nc
97_dat,2022-08-07,10,19.835413679480553,MY,9.572997093200684,0.4270029067993164,1,thetao_MY_20220101_20221231.nc
97_dat,2022-08-07,15,18.01382488757372,MY,15.810070037841797,0.8100700378417969,1,thetao_MY_20220101_20221231.nc
97_dat,2022-08-07,20,17.079226054251194,MY,18.495559692382812,1.5044403076171875,1,thetao_MY_20220101_20221231.nc
97_dat,2022-08-07,30,12.50511185824871,MY,29.444730758666992,0.5552692413330078,1,thetao_MY_20220101_20221231.nc
97_dat,2022-08-08,5,19.91671498864889,MY,5.078224182128906,0.07822418212890625,1,thetao_MY_20220101_20221231.nc
97_dat,2022-08-08,10,19.81417279690504,MY,9.572997093200684,0.4270029067993164,1,thetao_MY_20220101_20221231.nc
97_dat,2022-08-08,15,17.93618579953909,MY,15.810070037841797,0.8100700378417969,1,thetao_MY_20220101_20221231.nc
97_dat,2022-08-08,20,17.152470476925373,MY,18.495559692382812,1.5044403076171875,1,thetao_MY_20220101_20221231.nc
97_dat,2022-08-08,30,12.980468161404133,MY,29.444730758666992,0.5552692413330078,1,thetao_MY_20220101_20221231.nc
97_dat,2022-08-09,5,19.942350536584854,MY,5.078224182128906,0.07822418212890625,1,thetao_MY_20220101_20221231.nc
97_dat,2022-08-09,10,19.080263681709766,MY,9.572997093200684,0.4270029067993164,1,thetao_MY_20220101_20221231.nc
97_dat,2022-08-09,15,17.074831388890743,MY,15.810070037841797,0.8100700378417969,1,thetao_MY_20220101_20221231.nc
97_dat,2022-08-09,20,16.37388226389885,MY,18.495559692382812,1.5044403076171875,1,thetao_MY_20220101_20221231.nc
97_dat,2022-08-09,30,12.69701224565506,MY,29.444730758666992,0.5552692413330078,1,thetao_MY_20220101_20221231.nc
97_dat,2022-08-10,5,19.975310526788235,MY,5.078224182128906,0.07822418212890625,1,thetao_MY_20220101_20221231.nc
97_dat,2022-08-10,10,18.514084294438362,MY,9.572997093200684,0.4270029067993164,1,thetao_MY_20220101_20221231.nc
97_dat,2022-08-10,15,16.52183599770069,MY,15.810070037841797,0.8100700378417969,1,thetao_MY_20220101_20221231.nc
97_dat,2022-08-10,20,15.746910005807877,MY,18.495559692382812,1.5044403076171875,1,thetao_MY_20220101_20221231.nc
97_dat,2022-08-10,30,12.236304827034473,MY,29.444730758666992,0.5552692413330078,1,thetao_MY_20220101_20221231.nc
97_dat,2022-08-11,5,19.933561205863953,MY,5.078224182128906,0.07822418212890625,1,thetao_MY_20220101_20221231.nc
97_dat,2022-08-11,10,18.12808618694544,MY,9.572997093200684,0.4270029067993164,1,thetao_MY_20220101_20221231.nc
97_dat,2022-08-11,15,15.929288618266582,MY,15.810070037841797,0.8100700378417969,1,thetao_MY_20220101_20221231.nc
97_dat,2022-08-11,20,15.129459522664547,MY,18.495559692382812,1.5044403076171875,1,thetao_MY_20220101_20221231.nc
97_dat,2022-08-11,30,11.685506768524647,MY,29.444730758666992,0.5552692413330078,1,thetao_MY_20220101_20221231.nc
97_dat,2022-08-12,5,19.798791468143463,MY,5.078224182128906,0.07822418212890625,1,thetao_MY_20220101_20221231.nc
97_dat,2022-08-12,10,17.856349378824234,MY,9.572997093200684,0.4270029067993164,1,thetao_MY_20220101_20221231.nc
97_dat,2022-08-12,15,15.500808745622635,MY,15.810070037841797,0.8100700378417969,1,thetao_MY_20220101_20221231.nc
97_dat,2022-08-12,20,14.668019659817219,MY,18.495559692382812,1.5044403076171875,1,thetao_MY_20220101_20221231.nc
97_dat,2022-08-12,30,11.227729126811028,MY,29.444730758666992,0.5552692413330078,1,thetao_MY_20220101_20221231.nc
97_dat,2022-08-13,5,19.30732139199972,MY,5.078224182128906,0.07822418212890625,1,thetao_MY_20220101_20221231.nc
97_dat,2022-08-13,10,17.246955782175064,MY,9.572997093200684,0.4270029067993164,1,thetao_MY_20220101_20221231.nc
97_dat,2022-08-13,15,14.890682704746723,MY,15.810070037841797,0.8100700378417969,1,thetao_MY_20220101_20221231.nc
97_dat,2022-08-13,20,14.040314957499504,MY,18.495559692382812,1.5044403076171875,1,thetao_MY_20220101_20221231.nc
97_dat,2022-08-13,30,10.755302600562572,MY,29.444730758666992,0.5552692413330078,1,thetao_MY_20220101_20221231.nc
97_dat,2022-08-14,5,18.887630850076675,MY,5.078224182128906,0.07822418212890625,1,thetao_MY_20220101_20221231.nc
97_dat,2022-08-14,10,16.772331923246384,MY,9.572997093200684,0.4270029067993164,1,thetao_MY_20220101_20221231.nc
97_dat,2022-08-14,15,14.557420581579208,MY,15.810070037841797,0.8100700378417969,1,thetao_MY_20220101_20221231.nc
97_dat,2022-08-14,20,13.710715055465698,MY,18.495559692382812,1.5044403076171875,1,thetao_MY_20220101_20221231.nc
97_dat,2022-08-14,30,10.513596005737782,MY,29.444730758666992,0.5552692413330078,1,thetao_MY_20220101_20221231.nc
97_dat,2022-08-15,5,19.340281382203102,MY,5.078224182128906,0.07822418212890625,1,thetao_MY_20220101_20221231.nc
97_dat,2022-08-15,10,16.988402970135212,MY,9.572997093200684,0.4270029067993164,1,thetao_MY_20220101_20221231.nc
97_dat,2022-08-15,15,14.61967834085226,MY,15.810070037841797,0.8100700378417969,1,thetao_MY_20220101_20221231.nc
97_dat,2022-08-15,20,13.823511466383934,MY,18.495559692382812,1.5044403076171875,1,thetao_MY_20220101_20221231.nc
97_dat,2022-08-15,30,10.449873358011246,MY,29.444730758666992,0.5552692413330078,1,thetao_MY_20220101_20221231.nc
97_dat,2022-08-16,5,19.287545397877693,MY,5.078224182128906,0.07822418212890625,1,thetao_MY_20220101_20221231.nc
97_dat,2022-08-16,10,16.80822169035673,MY,9.572997093200684,0.4270029067993164,1,thetao_MY_20220101_20221231.nc
97_dat,2022-08-16,15,14.358195751905441,MY,15.810070037841797,0.8100700378417969,1,thetao_MY_20220101_20221231.nc
97_dat,2022-08-16,20,13.608172863721848,MY,18.495559692382812,1.5044403076171875,1,thetao_MY_20220101_20221231.nc
97_dat,2022-08-16,30,10.204504542052746,MY,29.444730758666992,0.5552692413330078,1,thetao_MY_20220101_20221231.nc
97_dat,2022-08-17,5,17.665181435644627,MY,5.078224182128906,0.07822418212890625,1,thetao_MY_20220101_20221231.nc
97_dat,2022-08-17,10,15.152897737920284,MY,9.572997093200684,0.4270029067993164,1,thetao_MY_20220101_20221231.nc
97_dat,2022-08-17,15,12.822992652654648,MY,15.810070037841797,0.8100700378417969,1,thetao_MY_20220101_20221231.nc
97_dat,2022-08-17,20,12.023896001279354,MY,18.495559692382812,1.5044403076171875,1,thetao_MY_20220101_20221231.nc
97_dat,2022-08-17,30,9.401013225317001,MY,29.444730758666992,0.5552692413330078,1,thetao_MY_20220101_20221231.nc
97_dat,2022-08-18,5,19.831019014120102,MY,5.078224182128906,0.07822418212890625,1,thetao_MY_20220101_20221231.nc
97_dat,2022-08-18,10,17.548722803592682,MY,9.572997093200684,0.4270029067993164,1,thetao_MY_20220101_20221231.nc
97_dat,2022-08-18,15,14.219031348824501,MY,15.810070037841797,0.8100700378417969,1,thetao_MY_20220101_20221231.nc
97_dat,2022-08-18,20,13.346690274775028,MY,18.495559692382812,1.5044403076171875,1,thetao_MY_20220101_20221231.nc
97_dat,2022-08-18,30,9.815576657652855,MY,29.444730758666992,0.5552692413330078,1,thetao_MY_20220101_20221231.nc
97_dat,2022-08-19,5,18.908871732652187,MY,5.078224182128906,0.07822418212890625,1,thetao_MY_20220101_20221231.nc
97_dat,2022-08-19,10,16.3292031660676,MY,9.572997093200684,0.4270029067993164,1,thetao_MY_20220101_20221231.nc
97_dat,2022-08-19,15,13.983184307813644,MY,15.810070037841797,0.8100700378417969,1,thetao_MY_20220101_20221231.nc
97_dat,2022-08-19,20,13.150395222008228,MY,18.495559692382812,1.5044403076171875,1,thetao_MY_20220101_20221231.nc
97_dat,2022-08-19,30,9.823633544147015,MY,29.444730758666992,0.5552692413330078,1,thetao_MY_20220101_20221231.nc
97_dat,2022-08-20,5,19.115421004593372,MY,5.078224182128906,0.07822418212890625,1,thetao_MY_20220101_20221231.nc
97_dat,2022-08-20,10,16.22299875319004,MY,9.572997093200684,0.4270029067993164,1,thetao_MY_20220101_20221231.nc
97_dat,2022-08-20,15,13.704123057425022,MY,15.810070037841797,0.8100700378417969,1,thetao_MY_20220101_20221231.nc
97_dat,2022-08-20,20,12.824457541108131,MY,18.495559692382812,1.5044403076171875,1,thetao_MY_20220101_20221231.nc
97_dat,2022-08-20,30,9.788476221263409,MY,29.444730758666992,0.5552692413330078,1,thetao_MY_20220101_20221231.nc
97_dat,2022-08-21,5,19.436231575906277,MY,5.078224182128906,0.07822418212890625,1,thetao_MY_20220101_20221231.nc
97_dat,2022-08-21,10,16.95471053570509,MY,9.572997093200684,0.4270029067993164,1,thetao_MY_20220101_20221231.nc
97_dat,2022-08-21,15,14.291543327271938,MY,15.810070037841797,0.8100700378417969,1,thetao_MY_20220101_20221231.nc
97_dat,2022-08-21,20,13.475600458681583,MY,18.495559692382812,1.5044403076171875,1,thetao_MY_20220101_20221231.nc
97_dat,2022-08-21,30,10.078524135053158,MY,29.444730758666992,0.5552692413330078,1,thetao_MY_20220101_20221231.nc
97_dat,2022-08-22,5,20.369365520775318,MY,5.078224182128906,0.07822418212890625,1,thetao_MY_20220101_20221231.nc
97_dat,2022-08-22,10,18.4481643140316,MY,9.572997093200684,0.4270029067993164,1,thetao_MY_20220101_20221231.nc
97_dat,2022-08-22,15,15.659749142825603,MY,15.810070037841797,0.8100700378417969,1,thetao_MY_20220101_20221231.nc
97_dat,2022-08-22,20,14.971984013915062,MY,18.495559692382812,1.5044403076171875,1,thetao_MY_20220101_20221231.nc
97_dat,2022-08-22,30,10.693777285516262,MY,29.444730758666992,0.5552692413330078,1,thetao_MY_20220101_20221231.nc
97_dat,2022-08-23,5,20.757560960948467,MY,5.078224182128906,0.07822418212890625,1,thetao_MY_20220101_20221231.nc
97_dat,2022-08-23,10,18.654713585972786,MY,9.572997093200684,0.4270029067993164,1,thetao_MY_20220101_20221231.nc
97_dat,2022-08-23,15,15.660481587052345,MY,15.810070037841797,0.8100700378417969,1,thetao_MY_20220101_20221231.nc
97_dat,2022-08-23,20,15.026917330920696,MY,18.495559692382812,1.5044403076171875,1,thetao_MY_20220101_20221231.nc
97_dat,2022-08-23,30,10.883480340242386,MY,29.444730758666992,0.5552692413330078,1,thetao_MY_20220101_20221231.nc
97_dat,2022-08-24,5,19.733603931963444,MY,5.078224182128906,0.07822418212890625,1,thetao_MY_20220101_20221231.nc
97_dat,2022-08-24,10,17.144413590431213,MY,9.572997093200684,0.4270029067993164,1,thetao_MY_20220101_20221231.nc
97_dat,2022-08-24,15,14.728080086410046,MY,15.810070037841797,0.8100700378417969,1,thetao_MY_20220101_20221231.nc
97_dat,2022-08-24,20,13.826441243290901,MY,18.495559692382812,1.5044403076171875,1,thetao_MY_20220101_20221231.nc
97_dat,2022-08-24,30,10.679860845208168,MY,29.444730758666992,0.5552692413330078,1,thetao_MY_20220101_20221231.nc
97_dat,2022-08-25,5,19.963591419160366,MY,5.078224182128906,0.07822418212890625,1,thetao_MY_20220101_20221231.nc
97_dat,2022-08-25,10,17.64613788574934,MY,9.572997093200684,0.4270029067993164,1,thetao_MY_20220101_20221231.nc
97_dat,2022-08-25,15,15.292794585227966,MY,15.810070037841797,0.8100700378417969,1,thetao_MY_20220101_20221231.nc
97_dat,2022-08-25,20,14.470992162823677,MY,18.495559692382812,1.5044403076171875,1,thetao_MY_20220101_20221231.nc
97_dat,2022-08-25,30,10.98309275507927,MY,29.444730758666992,0.5552692413330078,1,thetao_MY_20220101_20221231.nc
97_dat,2022-08-26,5,19.796594135463238,MY,5.078224182128906,0.07822418212890625,1,thetao_MY_20220101_20221231.nc
97_dat,2022-08-26,10,17.32239753752947,MY,9.572997093200684,0.4270029067993164,1,thetao_MY_20220101_20221231.nc
97_dat,2022-08-26,15,15.267159037292004,MY,15.810070037841797,0.8100700378417969,1,thetao_MY_20220101_20221231.nc
97_dat,2022-08-26,20,14.466597497463226,MY,18.495559692382812,1.5044403076171875,1,thetao_MY_20220101_20221231.nc
97_dat,2022-08-26,30,11.051942512392998,MY,29.444730758666992,0.5552692413330078,1,thetao_MY_20220101_20221231.nc
97_dat,2022-08-27,5,20.542954802513123,MY,5.078224182128906,0.07822418212890625,1,thetao_MY_20220101_20221231.nc
97_dat,2022-08-27,10,18.01016266644001,MY,9.572997093200684,0.4270029067993164,1,thetao_MY_20220101_20221231.nc
97_dat,2022-08-27,15,15.473708309233189,MY,15.810070037841797,0.8100700378417969,1,thetao_MY_20220101_20221231.nc
97_dat,2022-08-27,20,14.7500534132123,MY,18.495559692382812,1.5044403076171875,1,thetao_MY_20220101_20221231.nc
97_dat,2022-08-27,30,11.111270494759083,MY,29.444730758666992,0.5552692413330078,1,thetao_MY_20220101_20221231.nc
97_dat,2022-08-28,5,19.753379926085472,MY,5.078224182128906,0.07822418212890625,1,thetao_MY_20220101_20221231.nc
97_dat,2022-08-28,10,17.014038518071175,MY,9.572997093200684,0.4270029067993164,1,thetao_MY_20220101_20221231.nc
97_dat,2022-08-28,15,14.676076546311378,MY,15.810070037841797,0.8100700378417969,1,thetao_MY_20220101_20221231.nc
97_dat,2022-08-28,20,13.852076791226864,MY,18.495559692382812,1.5044403076171875,1,thetao_MY_20220101_20221231.nc
97_dat,2022-08-28,30,10.794122144579887,MY,29.444730758666992,0.5552692413330078,1,thetao_MY_20220101_20221231.nc
97_dat,2022-08-29,5,19.091250345110893,MY,5.078224182128906,0.07822418212890625,1,thetao_MY_20220101_20221231.nc
97_dat,2022-08-29,10,16.704214610159397,MY,9.572997093200684,0.4270029067993164,1,thetao_MY_20220101_20221231.nc
97_dat,2022-08-29,15,14.429242841899395,MY,15.810070037841797,0.8100700378417969,1,thetao_MY_20220101_20221231.nc
97_dat,2022-08-29,20,13.646992407739162,MY,18.495559692382812,1.5044403076171875,1,thetao_MY_20220101_20221231.nc
97_dat,2022-08-29,30,10.873958565294743,MY,29.444730758666992,0.5552692413330078,1,thetao_MY_20220101_20221231.nc
97_dat,2022-08-30,5,19.680135503411293,MY,5.078224182128906,0.07822418212890625,1,thetao_MY_20220101_20221231.nc
97_dat,2022-08-30,10,17.652729883790016,MY,9.572997093200684,0.4270029067993164,1,thetao_MY_20220101_20221231.nc
97_dat,2022-08-30,15,15.379223003983498,MY,15.810070037841797,0.8100700378417969,1,thetao_MY_20220101_20221231.nc
97_dat,2022-08-30,20,14.720755644142628,MY,18.495559692382812,1.5044403076171875,1,thetao_MY_20220101_20221231.nc
97_dat,2022-08-30,30,11.414502404630184,MY,29.444730758666992,0.5552692413330078,1,thetao_MY_20220101_20221231.nc
97_dat,2022-08-31,5,20.086642049252987,MY,5.078224182128906,0.07822418212890625,1,thetao_MY_20220101_20221231.nc
97_dat,2022-08-31,10,18.851008638739586,MY,9.572997093200684,0.4270029067993164,1,thetao_MY_20220101_20221231.nc
97_dat,2022-08-31,15,16.313821837306023,MY,15.810070037841797,0.8100700378417969,1,thetao_MY_20220101_20221231.nc
97_dat,2022-08-31,20,15.779137551784515,MY,18.495559692382812,1.5044403076171875,1,thetao_MY_20220101_20221231.nc
97_dat,2022-08-31,30,12.03854488581419,MY,29.444730758666992,0.5552692413330078,1,thetao_MY_20220101_20221231.nc
97_dat,2022-09-01,5,20.278542436659336,MY,5.078224182128906,0.07822418212890625,1,thetao_MY_20220101_20221231.nc
97_dat,2022-09-01,10,19.668416395783424,MY,9.572997093200684,0.4270029067993164,1,thetao_MY_20220101_20221231.nc
97_dat,2022-09-01,15,17.10632649064064,MY,15.810070037841797,0.8100700378417969,1,thetao_MY_20220101_20221231.nc
97_dat,2022-09-01,20,16.4764244556427,MY,18.495559692382812,1.5044403076171875,1,thetao_MY_20220101_20221231.nc
97_dat,2022-09-01,30,12.516098521649837,MY,29.444730758666992,0.5552692413330078,1,thetao_MY_20220101_20221231.nc
97_dat,2022-09-02,5,20.225074008107185,MY,5.078224182128906,0.07822418212890625,1,thetao_MY_20220101_20221231.nc
97_dat,2022-09-02,10,19.340281382203102,MY,9.572997093200684,0.4270029067993164,1,thetao_MY_20220101_20221231.nc
97_dat,2022-09-02,15,16.98693808168173,MY,15.810070037841797,0.8100700378417969,1,thetao_MY_20220101_20221231.nc
97_dat,2022-09-02,20,16.499862670898438,MY,18.495559692382812,1.5044403076171875,1,thetao_MY_20220101_20221231.nc
97_dat,2022-09-02,30,12.678701139986515,MY,29.444730758666992,0.5552692413330078,1,thetao_MY_20220101_20221231.nc
97_dat,2022-09-03,5,20.24777977913618,MY,5.078224182128906,0.07822418212890625,1,thetao_MY_20220101_20221231.nc
97_dat,2022-09-03,10,19.58491775393486,MY,9.572997093200684,0.4270029067993164,1,thetao_MY_20220101_20221231.nc
97_dat,2022-09-03,15,17.594866789877415,MY,15.810070037841797,0.8100700378417969,1,thetao_MY_20220101_20221231.nc
97_dat,2022-09-03,20,16.968626976013184,MY,18.495559692382812,1.5044403076171875,1,thetao_MY_20220101_20221231.nc
97_dat,2022-09-03,30,13.020752593874931,MY,29.444730758666992,0.5552692413330078,1,thetao_MY_20220101_20221231.nc
97_dat,2022-09-04,5,20.327616199851036,MY,5.078224182128906,0.07822418212890625,1,thetao_MY_20220101_20221231.nc
97_dat,2022-09-04,10,19.87936033308506,MY,9.572997093200684,0.4270029067993164,1,thetao_MY_20220101_20221231.nc
97_dat,2022-09-04,15,18.070223093032837,MY,15.810070037841797,0.8100700378417969,1,thetao_MY_20220101_20221231.nc
97_dat,2022-09-04,20,17.401501514017582,MY,18.495559692382812,1.5044403076171875,1,thetao_MY_20220101_20221231.nc
97_dat,2022-09-04,30,13.206793427467346,MY,29.444730758666992,0.5552692413330078,1,thetao_MY_20220101_20221231.nc
97_dat,2022-09-05,5,20.532700583338737,MY,5.078224182128906,0.07822418212890625,1,thetao_MY_20220101_20221231.nc
97_dat,2022-09-05,10,20.440412610769272,MY,9.572997093200684,0.4270029067993164,1,thetao_MY_20220101_20221231.nc
97_dat,2022-09-05,15,19.50654622167349,MY,15.810070037841797,0.8100700378417969,1,thetao_MY_20220101_20221231.nc
97_dat,2022-09-05,20,18.769707329571247,MY,18.495559692382812,1.5044403076171875,1,thetao_MY_20220101_20221231.nc
97_dat,2022-09-05,30,13.6704306229949,MY,29.444730758666992,0.5552692413330078,1,thetao_MY_20220101_20221231.nc
97_dat,2022-09-06,5,21.0490737631917,MY,5.078224182128906,0.07822418212890625,1,thetao_MY_20220101_20221231.nc
97_dat,2022-09-06,10,21.025635547935963,MY,9.572997093200684,0.4270029067993164,1,thetao_MY_20220101_20221231.nc
97_dat,2022-09-06,15,20.747306741774082,MY,15.810070037841797,0.8100700378417969,1,thetao_MY_20220101_20221231.nc
97_dat,2022-09-06,20,20.5583361312747,MY,18.495559692382812,1.5044403076171875,1,thetao_MY_20220101_20221231.nc
97_dat,2022-09-06,30,16.17831965535879,MY,29.444730758666992,0.5552692413330078,1,thetao_MY_20220101_20221231.nc
97_dat,2022-09-07,5,21.342783898115158,MY,5.078224182128906,0.07822418212890625,1,thetao_MY_20220101_20221231.nc
97_dat,2022-09-07,10,21.344981230795383,MY,9.572997093200684,0.4270029067993164,1,thetao_MY_20220101_20221231.nc
97_dat,2022-09-07,15,21.24170659482479,MY,15.810070037841797,0.8100700378417969,1,thetao_MY_20220101_20221231.nc
97_dat,2022-09-07,20,21.172856837511063,MY,18.495559692382812,1.5044403076171875,1,thetao_MY_20220101_20221231.nc
97_dat,2022-09-07,30,17.777977846562862,MY,29.444730758666992,0.5552692413330078,1,thetao_MY_20220101_20221231.nc
97_dat,2022-09-08,5,21.31495101749897,MY,5.078224182128906,0.07822418212890625,1,thetao_MY_20220101_20221231.nc
97_dat,2022-09-08,10,21.385998107492924,MY,9.572997093200684,0.4270029067993164,1,thetao_MY_20220101_20221231.nc
97_dat,2022-09-08,15,21.240241706371307,MY,15.810070037841797,0.8100700378417969,1,thetao_MY_20220101_20221231.nc
97_dat,2022-09-08,20,20.93481246381998,MY,18.495559692382812,1.5044403076171875,1,thetao_MY_20220101_20221231.nc
97_dat,2022-09-08,30,17.390514850616455,MY,29.444730758666992,0.5552692413330078,1,thetao_MY_20220101_20221231.nc
97_dat,2022-09-09,5,21.344981230795383,MY,5.078224182128906,0.07822418212890625,1,thetao_MY_20220101_20221231.nc
97_dat,2022-09-09,10,21.325205236673355,MY,9.572997093200684,0.4270029067993164,1,thetao_MY_20220101_20221231.nc
97_dat,2022-09-09,15,20.340067751705647,MY,15.810070037841797,0.8100700378417969,1,thetao_MY_20220101_20221231.nc
97_dat,2022-09-09,20,19.600299082696438,MY,18.495559692382812,1.5044403076171875,1,thetao_MY_20220101_20221231.nc
97_dat,2022-09-09,30,15.362376786768436,MY,29.444730758666992,0.5552692413330078,1,thetao_MY_20220101_20221231.nc
97_dat,2022-09-10,5,21.174321725964546,MY,5.078224182128906,0.07822418212890625,1,thetao_MY_20220101_20221231.nc
97_dat,2022-09-10,10,20.978026673197746,MY,9.572997093200684,0.4270029067993164,1,thetao_MY_20220101_20221231.nc
97_dat,2022-09-10,15,19.37617114931345,MY,15.810070037841797,0.8100700378417969,1,thetao_MY_20220101_20221231.nc
97_dat,2022-09-10,20,18.52067629247904,MY,18.495559692382812,1.5044403076171875,1,thetao_MY_20220101_20221231.nc
97_dat,2022-09-10,30,14.070345170795918,MY,29.444730758666992,0.5552692413330078,1,thetao_MY_20220101_20221231.nc
97_dat,2022-09-11,5,20.800775170326233,MY,5.078224182128906,0.07822418212890625,1,thetao_MY_20220101_20221231.nc
97_dat,2022-09-11,10,20.798577837646008,MY,9.572997093200684,0.4270029067993164,1,thetao_MY_20220101_20221231.nc
97_dat,2022-09-11,15,19.56440931558609,MY,15.810070037841797,0.8100700378417969,1,thetao_MY_20220101_20221231.nc
97_dat,2022-09-11,20,18.888363294303417,MY,18.495559692382812,1.5044403076171875,1,thetao_MY_20220101_20221231.nc
97_dat,2022-09-11,30,14.024201184511185,MY,29.444730758666992,0.5552692413330078,1,thetao_MY_20220101_20221231.nc
97_dat,2022-09-12,5,20.64036988466978,MY,5.078224182128906,0.07822418212890625,1,thetao_MY_20220101_20221231.nc
97_dat,2022-09-12,10,20.62791833281517,MY,9.572997093200684,0.4270029067993164,1,thetao_MY_20220101_20221231.nc
97_dat,2022-09-12,15,19.743125706911087,MY,15.810070037841797,0.8100700378417969,1,thetao_MY_20220101_20221231.nc
97_dat,2022-09-12,20,19.176946319639683,MY,18.495559692382812,1.5044403076171875,1,thetao_MY_20220101_20221231.nc
97_dat,2022-09-12,30,14.019074074923992,MY,29.444730758666992,0.5552692413330078,1,thetao_MY_20220101_20221231.nc
97_dat,2022-09-13,5,20.64842677116394,MY,5.078224182128906,0.07822418212890625,1,thetao_MY_20220101_20221231.nc
97_dat,2022-09-13,10,20.6564836576581,MY,9.572997093200684,0.4270029067993164,1,thetao_MY_20220101_20221231.nc
97_dat,2022-09-13,15,20.07199316471815,MY,15.810070037841797,0.8100700378417969,1,thetao_MY_20220101_20221231.nc
97_dat,2022-09-13,20,19.6662190631032,MY,18.495559692382812,1.5044403076171875,1,thetao_MY_20220101_20221231.nc
97_dat,2022-09-13,30,14.626270338892937,MY,29.444730758666992,0.5552692413330078,1,thetao_MY_20220101_20221231.nc
97_dat,2022-09-14,5,20.482894375920296,MY,5.078224182128906,0.07822418212890625,1,thetao_MY_20220101_20221231.nc
97_dat,2022-09-14,10,20.48875392973423,MY,9.572997093200684,0.4270029067993164,1,thetao_MY_20220101_20221231.nc
97_dat,2022-09-14,15,19.53950621187687,MY,15.810070037841797,0.8100700378417969,1,thetao_MY_20220101_20221231.nc
97_dat,2022-09-14,20,19.00042726099491,MY,18.495559692382812,1.5044403076171875,1,thetao_MY_20220101_20221231.nc
97_dat,2022-09-14,30,15.011536002159119,MY,29.444730758666992,0.5552692413330078,1,thetao_MY_20220101_20221231.nc
97_dat,2022-09-15,5,20.442609943449497,MY,5.078224182128906,0.07822418212890625,1,thetao_MY_20220101_20221231.nc
97_dat,2022-09-15,10,20.367900632321835,MY,9.572997093200684,0.4270029067993164,1,thetao_MY_20220101_20221231.nc
97_dat,2022-09-15,15,19.47798089683056,MY,15.810070037841797,0.8100700378417969,1,thetao_MY_20220101_20221231.nc
97_dat,2022-09-15,20,18.9389019459486,MY,18.495559692382812,1.5044403076171875,1,thetao_MY_20220101_20221231.nc
97_dat,2022-09-15,30,15.23273415863514,MY,29.444730758666992,0.5552692413330078,1,thetao_MY_20220101_20221231.nc
97_dat,2022-09-16,5,20.42796105891466,MY,5.078224182128906,0.07822418212890625,1,thetao_MY_20220101_20221231.nc
97_dat,2022-09-16,10,20.35764641314745,MY,9.572997093200684,0.4270029067993164,1,thetao_MY_20220101_20221231.nc
97_dat,2022-09-16,15,19.38789025694132,MY,15.810070037841797,0.8100700378417969,1,thetao_MY_20220101_20221231.nc
97_dat,2022-09-16,20,18.70891445875168,MY,18.495559692382812,1.5044403076171875,1,thetao_MY_20220101_20221231.nc
97_dat,2022-09-16,30,14.955870240926743,MY,29.444730758666992,0.5552692413330078,1,thetao_MY_20220101_20221231.nc
97_dat,2022-09-17,5,20.571520127356052,MY,5.078224182128906,0.07822418212890625,1,thetao_MY_20220101_20221231.nc
97_dat,2022-09-17,10,20.57518234848976,MY,9.572997093200684,0.4270029067993164,1,thetao_MY_20220101_20221231.nc
97_dat,2022-09-17,15,20.352519303560257,MY,15.810070037841797,0.8100700378417969,1,thetao_MY_20220101_20221231.nc
97_dat,2022-09-17,20,20.110080264508724,MY,18.495559692382812,1.5044403076171875,1,thetao_MY_20220101_20221231.nc
97_dat,2022-09-17,30,16.14975433051586,MY,29.444730758666992,0.5552692413330078,1,thetao_MY_20220101_20221231.nc
97_dat,2022-09-18,5,20.735587634146214,MY,5.078224182128906,0.07822418212890625,1,thetao_MY_20220101_20221231.nc
97_dat,2022-09-18,10,20.75096896290779,MY,9.572997093200684,0.4270029067993164,1,thetao_MY_20220101_20221231.nc
97_dat,2022-09-18,15,20.62352366745472,MY,15.810070037841797,0.8100700378417969,1,thetao_MY_20220101_20221231.nc
97_dat,2022-09-18,20,20.48435926437378,MY,18.495559692382812,1.5044403076171875,1,thetao_MY_20220101_20221231.nc
97_dat,2022-09-18,30,18.122226633131504,MY,29.444730758666992,0.5552692413330078,1,thetao_MY_20220101_20221231.nc
97_dat,2022-09-19,5,20.80004272609949,MY,5.078224182128906,0.07822418212890625,1,thetao_MY_20220101_20221231.nc
97_dat,2022-09-19,10,20.857905820012093,MY,9.572997093200684,0.4270029067993164,1,thetao_MY_20220101_20221231.nc
97_dat,2022-09-19,15,20.825678274035454,MY,15.810070037841797,0.8100700378417969,1,thetao_MY_20220101_20221231.nc
97_dat,2022-09-19,20,20.818353831768036,MY,18.495559692382812,1.5044403076171875,1,thetao_MY_20220101_20221231.nc
97_dat,2022-09-19,30,19.726279489696026,MY,29.444730758666992,0.5552692413330078,1,thetao_MY_20220101_20221231.nc
97_dat,2022-09-20,5,20.608142338693142,MY,5.078224182128906,0.07822418212890625,1,thetao_MY_20220101_20221231.nc
97_dat,2022-09-20,10,20.776604510843754,MY,9.572997093200684,0.4270029067993164,1,thetao_MY_20220101_20221231.nc
97_dat,2022-09-20,15,20.87768181413412,MY,15.810070037841797,0.8100700378417969,1,thetao_MY_20220101_20221231.nc
97_dat,2022-09-20,20,20.912106692790985,MY,18.495559692382812,1.5044403076171875,1,thetao_MY_20220101_20221231.nc
97_dat,2022-09-20,30,19.46186712384224,MY,29.444730758666992,0.5552692413330078,1,thetao_MY_20220101_20221231.nc
97_dat,2022-09-21,5,20.56199835240841,MY,5.078224182128906,0.07822418212890625,1,thetao_MY_20220101_20221231.nc
97_dat,2022-09-21,10,20.605212561786175,MY,9.572997093200684,0.4270029067993164,1,thetao_MY_20220101_20221231.nc
97_dat,2022-09-21,15,20.808832056820393,MY,15.810070037841797,0.8100700378417969,1,thetao_MY_20220101_20221231.nc
97_dat,2022-09-21,20,20.780266731977463,MY,18.495559692382812,1.5044403076171875,1,thetao_MY_20220101_20221231.nc
97_dat,2022-09-21,30,18.42326121032238,MY,29.444730758666992,0.5552692413330078,1,thetao_MY_20220101_20221231.nc
97_dat,2022-09-22,5,20.409649953246117,MY,5.078224182128906,0.07822418212890625,1,thetao_MY_20220101_20221231.nc
97_dat,2022-09-22,10,20.421369060873985,MY,9.572997093200684,0.4270029067993164,1,thetao_MY_20220101_20221231.nc
97_dat,2022-09-22,15,20.715811640024185,MY,15.810070037841797,0.8100700378417969,1,thetao_MY_20220101_20221231.nc
97_dat,2022-09-22,20,20.58250679075718,MY,18.495559692382812,1.5044403076171875,1,thetao_MY_20220101_20221231.nc
97_dat,2022-09-22,30,17.333384200930595,MY,29.444730758666992,0.5552692413330078,1,thetao_MY_20220101_20221231.nc
97_dat,2022-09-23,5,20.23899044841528,MY,5.078224182128906,0.07822418212890625,1,thetao_MY_20220101_20221231.nc
97_dat,2022-09-23,10,20.265358440577984,MY,9.572997093200684,0.4270029067993164,1,thetao_MY_20220101_20221231.nc
97_dat,2022-09-23,15,20.516586810350418,MY,15.810070037841797,0.8100700378417969,1,thetao_MY_20220101_20221231.nc
97_dat,2022-09-23,20,20.58690145611763,MY,18.495559692382812,1.5044403076171875,1,thetao_MY_20220101_20221231.nc
97_dat,2022-09-23,30,17.148808255791664,MY,29.444730758666992,0.5552692413330078,1,thetao_MY_20220101_20221231.nc
97_dat,2022-09-24,5,20.14523758739233,MY,5.078224182128906,0.07822418212890625,1,thetao_MY_20220101_20221231.nc
97_dat,2022-09-24,10,20.23972289264202,MY,9.572997093200684,0.4270029067993164,1,thetao_MY_20220101_20221231.nc
97_dat,2022-09-24,15,20.501937925815582,MY,15.810070037841797,0.8100700378417969,1,thetao_MY_20220101_20221231.nc
97_dat,2022-09-24,20,20.552476577460766,MY,18.495559692382812,1.5044403076171875,1,thetao_MY_20220101_20221231.nc
97_dat,2022-09-24,30,17.643940553069115,MY,29.444730758666992,0.5552692413330078,1,thetao_MY_20220101_20221231.nc
97_dat,2022-09-25,5,20.07492294162512,MY,5.078224182128906,0.07822418212890625,1,thetao_MY_20220101_20221231.nc
97_dat,2022-09-25,10,20.43089083582163,MY,9.572997093200684,0.4270029067993164,1,thetao_MY_20220101_20221231.nc
97_dat,2022-09-25,15,20.52537614107132,MY,15.810070037841797,0.8100700378417969,1,thetao_MY_20220101_20221231.nc
97_dat,2022-09-25,20,20.30930509418249,MY,18.495559692382812,1.5044403076171875,1,thetao_MY_20220101_20221231.nc
97_dat,2022-09-25,30,17.20081179589033,MY,29.444730758666992,0.5552692413330078,1,thetao_MY_20220101_20221231.nc
97_dat,2022-09-26,5,20.078585162758827,MY,5.078224182128906,0.07822418212890625,1,thetao_MY_20220101_20221231.nc
97_dat,2022-09-26,10,20.491683706641197,MY,9.572997093200684,0.4270029067993164,1,thetao_MY_20220101_20221231.nc
97_dat,2022-09-26,15,20.27561265975237,MY,15.810070037841797,0.8100700378417969,1,thetao_MY_20220101_20221231.nc
97_dat,2022-09-26,20,19.884487442672253,MY,18.495559692382812,1.5044403076171875,1,thetao_MY_20220101_20221231.nc
97_dat,2022-09-26,30,16.680043950676918,MY,29.444730758666992,0.5552692413330078,1,thetao_MY_20220101_20221231.nc
97_dat,2022-09-27,5,20.12106692790985,MY,5.078224182128906,0.07822418212890625,1,thetao_MY_20220101_20221231.nc
97_dat,2022-09-27,10,20.25949888676405,MY,9.572997093200684,0.4270029067993164,1,thetao_MY_20220101_20221231.nc
97_dat,2022-09-27,15,19.746787928044796,MY,15.810070037841797,0.8100700378417969,1,thetao_MY_20220101_20221231.nc
97_dat,2022-09-27,20,19.243598744273186,MY,18.495559692382812,1.5044403076171875,1,thetao_MY_20220101_20221231.nc
97_dat,2022-09-27,30,15.960051275789738,MY,29.444730758666992,0.5552692413330078,1,thetao_MY_20220101_20221231.nc
97_dat,2022-09-28,5,20.129856258630753,MY,5.078224182128906,0.07822418212890625,1,thetao_MY_20220101_20221231.nc
97_dat,2022-09-28,10,20.164281137287617,MY,9.572997093200684,0.4270029067993164,1,thetao_MY_20220101_20221231.nc
97_dat,2022-09-28,15,19.562944427132607,MY,15.810070037841797,0.8100700378417969,1,thetao_MY_20220101_20221231.nc
97_dat,2022-09-28,20,19.055360578000546,MY,18.495559692382812,1.5044403076171875,1,thetao_MY_20220101_20221231.nc
97_dat,2022-09-28,30,15.525711849331856,MY,29.444730758666992,0.5552692413330078,1,thetao_MY_20220101_20221231.nc
97_dat,2022-09-29,5,20.134983368217945,MY,5.078224182128906,0.07822418212890625,1,thetao_MY_20220101_20221231.nc
97_dat,2022-09-29,10,20.088839381933212,MY,9.572997093200684,0.4270029067993164,1,thetao_MY_20220101_20221231.nc
97_dat,2022-09-29,15,19.326364941895008,MY,15.810070037841797,0.8100700378417969,1,thetao_MY_20220101_20221231.nc
97_dat,2022-09-29,20,18.720633566379547,MY,18.495559692382812,1.5044403076171875,1,thetao_MY_20220101_20221231.nc
97_dat,2022-09-29,30,15.004944004118443,MY,29.444730758666992,0.5552692413330078,1,thetao_MY_20220101_20221231.nc
97_dat,2022-09-30,5,20.183324687182903,MY,5.078224182128906,0.07822418212890625,1,thetao_MY_20220101_20221231.nc
97_dat,2022-09-30,10,20.184789575636387,MY,9.572997093200684,0.4270029067993164,1,thetao_MY_20220101_20221231.nc
97_dat,2022-09-30,15,19.390820033848286,MY,15.810070037841797,0.8100700378417969,1,thetao_MY_20220101_20221231.nc
97_dat,2022-09-30,20,18.812921538949013,MY,18.495559692382812,1.5044403076171875,1,thetao_MY_20220101_20221231.nc
97_dat,2022-09-30,30,14.871639154851437,MY,29.444730758666992,0.5552692413330078,1,thetao_MY_20220101_20221231.nc
97_dat,2022-10-01,5,20.322489090263844,MY,5.078224182128906,0.07822418212890625,1,thetao_MY_20220101_20221231.nc
97_dat,2022-10-01,10,20.28366954624653,MY,9.572997093200684,0.4270029067993164,1,thetao_MY_20220101_20221231.nc
97_dat,2022-10-01,15,19.599566638469696,MY,15.810070037841797,0.8100700378417969,1,thetao_MY_20220101_20221231.nc
97_dat,2022-10-01,20,19.12201300263405,MY,18.495559692382812,1.5044403076171875,1,thetao_MY_20220101_20221231.nc
97_dat,2022-10-01,30,15.037171550095081,MY,29.444730758666992,0.5552692413330078,1,thetao_MY_20220101_20221231.nc
97_dat,2022-10-02,5,20.411847285926342,MY,5.078224182128906,0.07822418212890625,1,thetao_MY_20220101_20221231.nc
97_dat,2022-10-02,10,20.375957518815994,MY,9.572997093200684,0.4270029067993164,1,thetao_MY_20220101_20221231.nc
97_dat,2022-10-02,15,19.954802088439465,MY,15.810070037841797,0.8100700378417969,1,thetao_MY_20220101_20221231.nc
97_dat,2022-10-02,20,19.680135503411293,MY,18.495559692382812,1.5044403076171875,1,thetao_MY_20220101_20221231.nc
97_dat,2022-10-02,30,15.452467426657677,MY,29.444730758666992,0.5552692413330078,1,thetao_MY_20220101_20221231.nc
97_dat,2022-10-03,5,20.43968016654253,MY,5.078224182128906,0.07822418212890625,1,thetao_MY_20220101_20221231.nc
97_dat,2022-10-03,10,20.441877499222755,MY,9.572997093200684,0.4270029067993164,1,thetao_MY_20220101_20221231.nc
97_dat,2022-10-03,15,20.299050875008106,MY,15.810070037841797,0.8100700378417969,1,thetao_MY_20220101_20221231.nc
97_dat,2022-10-03,20,20.183324687182903,MY,18.495559692382812,1.5044403076171875,1,thetao_MY_20220101_20221231.nc
97_dat,2022-10-03,30,16.043549917638302,MY,29.444730758666992,0.5552692413330078,1,thetao_MY_20220101_20221231.nc
97_dat,2022-10-04,5,20.287331767380238,MY,5.078224182128906,0.07822418212890625,1,thetao_MY_20220101_20221231.nc
97_dat,2022-10-04,10,20.375957518815994,MY,9.572997093200684,0.4270029067993164,1,thetao_MY_20220101_20221231.nc
97_dat,2022-10-04,15,20.00241096317768,MY,15.810070037841797,0.8100700378417969,1,thetao_MY_20220101_20221231.nc
97_dat,2022-10-04,20,19.644245736300945,MY,18.495559692382812,1.5044403076171875,1,thetao_MY_20220101_20221231.nc
97_dat,2022-10-04,30,15.976897493004799,MY,29.444730758666992,0.5552692413330078,1,thetao_MY_20220101_20221231.nc
97_dat,2022-10-05,5,19.753379926085472,MY,5.078224182128906,0.07822418212890625,1,thetao_MY_20220101_20221231.nc
97_dat,2022-10-05,10,20.00241096317768,MY,9.572997093200684,0.4270029067993164,1,thetao_MY_20220101_20221231.nc
97_dat,2022-10-05,15,19.398144476115704,MY,15.810070037841797,0.8100700378417969,1,thetao_MY_20220101_20221231.nc
97_dat,2022-10-05,20,18.87371440976858,MY,18.495559692382812,1.5044403076171875,1,thetao_MY_20220101_20221231.nc
97_dat,2022-10-05,30,16.397320479154587,MY,29.444730758666992,0.5552692413330078,1,thetao_MY_20220101_20221231.nc
97_dat,2022-10-06,5,19.42158269137144,MY,5.078224182128906,0.07822418212890625,1,thetao_MY_20220101_20221231.nc
97_dat,2022-10-06,10,19.631794184446335,MY,9.572997093200684,0.4270029067993164,1,thetao_MY_20220101_20221231.nc
97_dat,2022-10-06,15,19.099307231605053,MY,15.810070037841797,0.8100700378417969,1,thetao_MY_20220101_20221231.nc
97_dat,2022-10-06,20,18.67668691277504,MY,18.495559692382812,1.5044403076171875,1,thetao_MY_20220101_20221231.nc
97_dat,2022-10-06,30,16.441999576985836,MY,29.444730758666992,0.5552692413330078,1,thetao_MY_20220101_20221231.nc
97_dat,2022-10-07,5,19.279488511383533,MY,5.078224182128906,0.07822418212890625,1,thetao_MY_20220101_20221231.nc
97_dat,2022-10-07,10,19.526322215795517,MY,9.572997093200684,0.4270029067993164,1,thetao_MY_20220101_20221231.nc
97_dat,2022-10-07,15,19.15057832747698,MY,15.810070037841797,0.8100700378417969,1,thetao_MY_20220101_20221231.nc
97_dat,2022-10-07,20,18.768242441117764,MY,18.495559692382812,1.5044403076171875,1,thetao_MY_20220101_20221231.nc
97_dat,2022-10-07,30,16.25962096452713,MY,29.444730758666992,0.5552692413330078,1,thetao_MY_20220101_20221231.nc
97_dat,2022-10-08,5,19.16815698891878,MY,5.078224182128906,0.07822418212890625,1,thetao_MY_20220101_20221231.nc
97_dat,2022-10-08,10,19.444288462400436,MY,9.572997093200684,0.4270029067993164,1,thetao_MY_20220101_20221231.nc
97_dat,2022-10-08,15,19.076601460576057,MY,15.810070037841797,0.8100700378417969,1,thetao_MY_20220101_20221231.nc
97_dat,2022-10-08,20,18.75432600080967,MY,18.495559692382812,1.5044403076171875,1,thetao_MY_20220101_20221231.nc
97_dat,2022-10-08,30,15.980559714138508,MY,29.444730758666992,0.5552692413330078,1,thetao_MY_20220101_20221231.nc
97_dat,2022-10-09,5,19.051698356866837,MY,5.078224182128906,0.07822418212890625,1,thetao_MY_20220101_20221231.nc
97_dat,2022-10-09,10,19.07000946253538,MY,9.572997093200684,0.4270029067993164,1,thetao_MY_20220101_20221231.nc
97_dat,2022-10-09,15,19.219428084790707,MY,15.810070037841797,0.8100700378417969,1,thetao_MY_20220101_20221231.nc
97_dat,2022-10-09,20,19.210638754069805,MY,18.495559692382812,1.5044403076171875,1,thetao_MY_20220101_20221231.nc
97_dat,2022-10-09,30,16.584093756973743,MY,29.444730758666992,0.5552692413330078,1,thetao_MY_20220101_20221231.nc
97_dat,2022-10-10,5,19.01287881284952,MY,5.078224182128906,0.07822418212890625,1,thetao_MY_20220101_20221231.nc
97_dat,2022-10-10,10,19.0282601416111,MY,9.572997093200684,0.4270029067993164,1,thetao_MY_20220101_20221231.nc
97_dat,2022-10-10,15,19.07000946253538,MY,15.810070037841797,0.8100700378417969,1,thetao_MY_20220101_20221231.nc
97_dat,2022-10-10,20,19.080996125936508,MY,18.495559692382812,1.5044403076171875,1,thetao_MY_20220101_20221231.nc
97_dat,2022-10-10,30,18.185216836631298,MY,29.444730758666992,0.5552692413330078,1,thetao_MY_20220101_20221231.nc
97_dat,2022-10-11,5,18.9301126152277,MY,5.078224182128906,0.07822418212890625,1,thetao_MY_20220101_20221231.nc
97_dat,2022-10-11,10,18.931577503681183,MY,9.572997093200684,0.4270029067993164,1,thetao_MY_20220101_20221231.nc
97_dat,2022-10-11,15,18.960142828524113,MY,15.810070037841797,0.8100700378417969,1,thetao_MY_20220101_20221231.nc
97_dat,2022-10-11,20,18.935972169041634,MY,18.495559692382812,1.5044403076171875,1,thetao_MY_20220101_20221231.nc
97_dat,2022-10-11,30,17.836573384702206,MY,29.444730758666992,0.5552692413330078,1,thetao_MY_20220101_20221231.nc
97_dat,2022-10-12,5,18.747734002768993,MY,5.078224182128906,0.07822418212890625,1,thetao_MY_20220101_20221231.nc
97_dat,2022-10-12,10,18.779961548745632,MY,9.572997093200684,0.4270029067993164,1,thetao_MY_20220101_20221231.nc
97_dat,2022-10-12,15,18.601977601647377,MY,15.810070037841797,0.8100700378417969,1,thetao_MY_20220101_20221231.nc
97_dat,2022-10-12,20,18.503830075263977,MY,18.495559692382812,1.5044403076171875,1,thetao_MY_20220101_20221231.nc
97_dat,2022-10-12,30,16.90636921674013,MY,29.444730758666992,0.5552692413330078,1,thetao_MY_20220101_20221231.nc
97_dat,2022-10-13,5,18.74700155854225,MY,5.078224182128906,0.07822418212890625,1,thetao_MY_20220101_20221231.nc
97_dat,2022-10-13,10,18.732352674007416,MY,9.572997093200684,0.4270029067993164,1,thetao_MY_20220101_20221231.nc
97_dat,2022-10-13,15,18.722830899059772,MY,15.810070037841797,0.8100700378417969,1,thetao_MY_20220101_20221231.nc
97_dat,2022-10-13,20,18.585131384432316,MY,18.495559692382812,1.5044403076171875,1,thetao_MY_20220101_20221231.nc
97_dat,2022-10-13,30,16.614123970270157,MY,29.444730758666992,0.5552692413330078,1,thetao_MY_20220101_20221231.nc
97_dat,2022-10-14,5,18.77043977379799,MY,5.078224182128906,0.07822418212890625,1,thetao_MY_20220101_20221231.nc
97_dat,2022-10-14,10,18.77922910451889,MY,9.572997093200684,0.4270029067993164,1,thetao_MY_20220101_20221231.nc
97_dat,2022-10-14,15,18.747734002768993,MY,15.810070037841797,0.8100700378417969,1,thetao_MY_20220101_20221231.nc
97_dat,2022-10-14,20,18.571214944124222,MY,18.495559692382812,1.5044403076171875,1,thetao_MY_20220101_20221231.nc
97_dat,2022-10-14,30,16.26767785102129,MY,29.444730758666992,0.5552692413330078,1,thetao_MY_20220101_20221231.nc
97_dat,2022-10-15,5,18.796807765960693,MY,5.078224182128906,0.07822418212890625,1,thetao_MY_20220101_20221231.nc
97_dat,2022-10-15,10,18.809991762042046,MY,9.572997093200684,0.4270029067993164,1,thetao_MY_20220101_20221231.nc
97_dat,2022-10-15,15,18.675222024321556,MY,15.810070037841797,0.8100700378417969,1,thetao_MY_20220101_20221231.nc
97_dat,2022-10-15,20,18.440839871764183,MY,18.495559692382812,1.5044403076171875,1,thetao_MY_20220101_20221231.nc
97_dat,2022-10-15,30,15.734458453953266,MY,29.444730758666992,0.5552692413330078,1,thetao_MY_20220101_20221231.nc
97_dat,2022-10-16,5,18.84002197533846,MY,5.078224182128906,0.07822418212890625,1,thetao_MY_20220101_20221231.nc
97_dat,2022-10-16,10,18.843684196472168,MY,9.572997093200684,0.4270029067993164,1,thetao_MY_20220101_20221231.nc
97_dat,2022-10-16,15,18.702322460711002,MY,15.810070037841797,0.8100700378417969,1,thetao_MY_20220101_20221231.nc
97_dat,2022-10-16,20,18.417401656508446,MY,18.495559692382812,1.5044403076171875,1,thetao_MY_20220101_20221231.nc
97_dat,2022-10-16,30,15.339671015739441,MY,29.444730758666992,0.5552692413330078,1,thetao_MY_20220101_20221231.nc
97_dat,2022-10-17,5,18.72136601060629,MY,5.078224182128906,0.07822418212890625,1,thetao_MY_20220101_20221231.nc
97_dat,2022-10-17,10,18.748466446995735,MY,9.572997093200684,0.4270029067993164,1,thetao_MY_20220101_20221231.nc
97_dat,2022-10-17,15,18.654713585972786,MY,15.810070037841797,0.8100700378417969,1,thetao_MY_20220101_20221231.nc
97_dat,2022-10-17,20,18.363200783729553,MY,18.495559692382812,1.5044403076171875,1,thetao_MY_20220101_20221231.nc
97_dat,2022-10-17,30,15.22467727214098,MY,29.444730758666992,0.5552692413330078,1,thetao_MY_20220101_20221231.nc
97_dat,2022-10-18,5,18.21817682683468,MY,5.078224182128906,0.07822418212890625,1,thetao_MY_20220101_20221231.nc
97_dat,2022-10-18,10,18.358806118369102,MY,9.572997093200684,0.4270029067993164,1,thetao_MY_20220101_20221231.nc
97_dat,2022-10-18,15,18.052644431591034,MY,15.810070037841797,0.8100700378417969,1,thetao_MY_20220101_20221231.nc
97_dat,2022-10-18,20,17.725241862237453,MY,18.495559692382812,1.5044403076171875,1,thetao_MY_20220101_20221231.nc
97_dat,2022-10-18,30,14.561082802712917,MY,29.444730758666992,0.5552692413330078,1,thetao_MY_20220101_20221231.nc
97_dat,2022-10-19,5,17.808008059859276,MY,5.078224182128906,0.07822418212890625,1,thetao_MY_20220101_20221231.nc
97_dat,2022-10-19,10,17.83364360779524,MY,9.572997093200684,0.4270029067993164,1,thetao_MY_20220101_20221231.nc
97_dat,2022-10-19,15,17.931058689951897,MY,15.810070037841797,0.8100700378417969,1,thetao_MY_20220101_20221231.nc
97_dat,2022-10-19,20,17.671773433685303,MY,18.495559692382812,1.5044403076171875,1,thetao_MY_20220101_20221231.nc
97_dat,2022-10-19,30,14.621875673532486,MY,29.444730758666992,0.5552692413330078,1,thetao_MY_20220101_20221231.nc
97_dat,2022-10-20,5,17.578020572662354,MY,5.078224182128906,0.07822418212890625,1,thetao_MY_20220101_20221231.nc
97_dat,2022-10-20,10,17.578020572662354,MY,9.572997093200684,0.4270029067993164,1,thetao_MY_20220101_20221231.nc
97_dat,2022-10-20,15,17.89223914593458,MY,15.810070037841797,0.8100700378417969,1,thetao_MY_20220101_20221231.nc
97_dat,2022-10-20,20,17.680562764406204,MY,18.495559692382812,1.5044403076171875,1,thetao_MY_20220101_20221231.nc
97_dat,2022-10-20,30,14.789605401456356,MY,29.444730758666992,0.5552692413330078,1,thetao_MY_20220101_20221231.nc
97_dat,2022-10-21,5,17.52381969988346,MY,5.078224182128906,0.07822418212890625,1,thetao_MY_20220101_20221231.nc
97_dat,2022-10-21,10,17.528946809470654,MY,9.572997093200684,0.4270029067993164,1,thetao_MY_20220101_20221231.nc
97_dat,2022-10-21,15,17.81386761367321,MY,15.810070037841797,0.8100700378417969,1,thetao_MY_20220101_20221231.nc
97_dat,2022-10-21,20,17.649067662656307,MY,18.495559692382812,1.5044403076171875,1,thetao_MY_20220101_20221231.nc
97_dat,2022-10-21,30,14.771294295787811,MY,29.444730758666992,0.5552692413330078,1,thetao_MY_20220101_20221231.nc
97_dat,2022-10-22,5,17.555314801633358,MY,5.078224182128906,0.07822418212890625,1,thetao_MY_20220101_20221231.nc
97_dat,2022-10-22,10,17.558977022767067,MY,9.572997093200684,0.4270029067993164,1,thetao_MY_20220101_20221231.nc
97_dat,2022-10-22,15,17.839503161609173,MY,15.810070037841797,0.8100700378417969,1,thetao_MY_20220101_20221231.nc
97_dat,2022-10-22,20,17.684957429766655,MY,18.495559692382812,1.5044403076171875,1,thetao_MY_20220101_20221231.nc
97_dat,2022-10-22,30,14.661427661776543,MY,29.444730758666992,0.5552692413330078,1,thetao_MY_20220101_20221231.nc
97_dat,2022-10-23,5,17.3597521930933,MY,5.078224182128906,0.07822418212890625,1,thetao_MY_20220101_20221231.nc
97_dat,2022-10-23,10,17.403698846697807,MY,9.572997093200684,0.4270029067993164,1,thetao_MY_20220101_20221231.nc
97_dat,2022-10-23,15,17.47035127133131,MY,15.810070037841797,0.8100700378417969,1,thetao_MY_20220101_20221231.nc
97_dat,2022-10-23,20,17.157597586512566,MY,18.495559692382812,1.5044403076171875,1,thetao_MY_20220101_20221231.nc
97_dat,2022-10-23,30,13.536393329501152,MY,29.444730758666992,0.5552692413330078,1,thetao_MY_20220101_20221231.nc
97_dat,2022-10-24,5,16.968626976013184,MY,5.078224182128906,0.07822418212890625,1,thetao_MY_20220101_20221231.nc
97_dat,2022-10-24,10,17.137089148163795,MY,9.572997093200684,0.4270029067993164,1,thetao_MY_20220101_20221231.nc
97_dat,2022-10-24,15,16.894650109112263,MY,15.810070037841797,0.8100700378417969,1,thetao_MY_20220101_20221231.nc
97_dat,2022-10-24,20,16.55040132254362,MY,18.495559692382812,1.5044403076171875,1,thetao_MY_20220101_20221231.nc
97_dat,2022-10-24,30,12.989989936351776,MY,29.444730758666992,0.5552692413330078,1,thetao_MY_20220101_20221231.nc
97_dat,2022-10-25,5,16.737174600362778,MY,5.078224182128906,0.07822418212890625,1,thetao_MY_20220101_20221231.nc
97_dat,2022-10-25,10,16.784783475100994,MY,9.572997093200684,0.4270029067993164,1,thetao_MY_20220101_20221231.nc
97_dat,2022-10-25,15,17.00817896425724,MY,15.810070037841797,0.8100700378417969,1,thetao_MY_20220101_20221231.nc
97_dat,2022-10-25,20,16.726920381188393,MY,18.495559692382812,1.5044403076171875,1,thetao_MY_20220101_20221231.nc
97_dat,2022-10-25,30,13.246345415711403,MY,29.444730758666992,0.5552692413330078,1,thetao_MY_20220101_20221231.nc
97_dat,2022-10-26,5,16.68443861603737,MY,5.078224182128906,0.07822418212890625,1,thetao_MY_20220101_20221231.nc
97_dat,2022-10-26,10,16.68517106026411,MY,9.572997093200684,0.4270029067993164,1,thetao_MY_20220101_20221231.nc
97_dat,2022-10-26,15,17.140018925070763,MY,15.810070037841797,0.8100700378417969,1,thetao_MY_20220101_20221231.nc
97_dat,2022-10-26,20,17.057985171675682,MY,18.495559692382812,1.5044403076171875,1,thetao_MY_20220101_20221231.nc
97_dat,2022-10-26,30,13.676290176808834,MY,29.444730758666992,0.5552692413330078,1,thetao_MY_20220101_20221231.nc
97_dat,2022-10-27,5,16.694692835211754,MY,5.078224182128906,0.07822418212890625,1,thetao_MY_20220101_20221231.nc
97_dat,2022-10-27,10,16.694692835211754,MY,9.572997093200684,0.4270029067993164,1,thetao_MY_20220101_20221231.nc
97_dat,2022-10-27,15,16.97521897405386,MY,15.810070037841797,0.8100700378417969,1,thetao_MY_20220101_20221231.nc
97_dat,2022-10-27,20,17.181035801768303,MY,18.495559692382812,1.5044403076171875,1,thetao_MY_20220101_20221231.nc
97_dat,2022-10-27,30,14.147251814603806,MY,29.444730758666992,0.5552692413330078,1,thetao_MY_20220101_20221231.nc
97_dat,2022-10-28,5,16.680043950676918,MY,5.078224182128906,0.07822418212890625,1,thetao_MY_20220101_20221231.nc
97_dat,2022-10-28,10,16.680043950676918,MY,9.572997093200684,0.4270029067993164,1,thetao_MY_20220101_20221231.nc
97_dat,2022-10-28,15,16.84044923633337,MY,15.810070037841797,0.8100700378417969,1,thetao_MY_20220101_20221231.nc
97_dat,2022-10-28,20,17.13049715012312,MY,18.495559692382812,1.5044403076171875,1,thetao_MY_20220101_20221231.nc
97_dat,2022-10-28,30,14.5537583604455,MY,29.444730758666992,0.5552692413330078,1,thetao_MY_20220101_20221231.nc
97_dat,2022-10-29,5,16.659535512328148,MY,5.078224182128906,0.07822418212890625,1,thetao_MY_20220101_20221231.nc
97_dat,2022-10-29,10,16.659535512328148,MY,9.572997093200684,0.4270029067993164,1,thetao_MY_20220101_20221231.nc
97_dat,2022-10-29,15,16.814813688397408,MY,15.810070037841797,0.8100700378417969,1,thetao_MY_20220101_20221231.nc
97_dat,2022-10-29,20,16.912961214780807,MY,18.495559692382812,1.5044403076171875,1,thetao_MY_20220101_20221231.nc
97_dat,2022-10-29,30,14.511276595294476,MY,29.444730758666992,0.5552692413330078,1,thetao_MY_20220101_20221231.nc
97_dat,2022-10-30,5,16.563585318624973,MY,5.078224182128906,0.07822418212890625,1,thetao_MY_20220101_20221231.nc
97_dat,2022-10-30,10,16.59947508573532,MY,9.572997093200684,0.4270029067993164,1,thetao_MY_20220101_20221231.nc
97_dat,2022-10-30,15,16.67711417376995,MY,15.810070037841797,0.8100700378417969,1,thetao_MY_20220101_20221231.nc
97_dat,2022-10-30,20,16.50132755935192,MY,18.495559692382812,1.5044403076171875,1,thetao_MY_20220101_20221231.nc
97_dat,2022-10-30,30,14.64018677920103,MY,29.444730758666992,0.5552692413330078,1,thetao_MY_20220101_20221231.nc
97_dat,2022-10-31,5,16.51304666697979,MY,5.078224182128906,0.07822418212890625,1,thetao_MY_20220101_20221231.nc
97_dat,2022-10-31,10,16.512314222753048,MY,9.572997093200684,0.4270029067993164,1,thetao_MY_20220101_20221231.nc
97_dat,2022-10-31,15,16.698355056345463,MY,15.810070037841797,0.8100700378417969,1,thetao_MY_20220101_20221231.nc
97_dat,2022-10-31,20,16.71813105046749,MY,18.495559692382812,1.5044403076171875,1,thetao_MY_20220101_20221231.nc
97_dat,2022-10-31,30,15.014465779066086,MY,29.444730758666992,0.5552692413330078,1,thetao_MY_20220101_20221231.nc
97_dat,2022-11-01,5,16.507187113165855,MY,5.078224182128906,0.07822418212890625,1,thetao_MY_20220101_20221231.nc
97_dat,2022-11-01,10,16.507187113165855,MY,9.572997093200684,0.4270029067993164,1,thetao_MY_20220101_20221231.nc
97_dat,2022-11-01,15,16.543076880276203,MY,15.810070037841797,0.8100700378417969,1,thetao_MY_20220101_20221231.nc
97_dat,2022-11-01,20,16.736442156136036,MY,18.495559692382812,1.5044403076171875,1,thetao_MY_20220101_20221231.nc
97_dat,2022-11-01,30,15.311105690896511,MY,29.444730758666992,0.5552692413330078,1,thetao_MY_20220101_20221231.nc
97_dat,2022-11-02,5,16.404644921422005,MY,5.078224182128906,0.07822418212890625,1,thetao_MY_20220101_20221231.nc
97_dat,2022-11-02,10,16.404644921422005,MY,9.572997093200684,0.4270029067993164,1,thetao_MY_20220101_20221231.nc
97_dat,2022-11-02,15,16.57017731666565,MY,15.810070037841797,0.8100700378417969,1,thetao_MY_20220101_20221231.nc
97_dat,2022-11-02,20,16.49253822863102,MY,18.495559692382812,1.5044403076171875,1,thetao_MY_20220101_20221231.nc
97_dat,2022-11-02,30,15.240058600902557,MY,29.444730758666992,0.5552692413330078,1,thetao_MY_20220101_20221231.nc
97_dat,2022-11-03,5,16.121921449899673,MY,5.078224182128906,0.07822418212890625,1,thetao_MY_20220101_20221231.nc
97_dat,2022-11-03,10,16.155613884329796,MY,9.572997093200684,0.4270029067993164,1,thetao_MY_20220101_20221231.nc
97_dat,2022-11-03,15,16.336527608335018,MY,15.810070037841797,0.8100700378417969,1,thetao_MY_20220101_20221231.nc
97_dat,2022-11-03,20,16.286721400916576,MY,18.495559692382812,1.5044403076171875,1,thetao_MY_20220101_20221231.nc
97_dat,2022-11-03,30,15.407788328826427,MY,29.444730758666992,0.5552692413330078,1,thetao_MY_20220101_20221231.nc
97_dat,2022-11-04,5,15.749839782714844,MY,5.078224182128906,0.07822418212890625,1,thetao_MY_20220101_20221231.nc
97_dat,2022-11-04,10,15.938077948987484,MY,9.572997093200684,0.4270029067993164,1,thetao_MY_20220101_20221231.nc
97_dat,2022-11-04,15,16.089693903923035,MY,15.810070037841797,0.8100700378417969,1,thetao_MY_20220101_20221231.nc
97_dat,2022-11-04,20,16.09555345773697,MY,18.495559692382812,1.5044403076171875,1,thetao_MY_20220101_20221231.nc
97_dat,2022-11-04,30,15.305978581309319,MY,29.444730758666992,0.5552692413330078,1,thetao_MY_20220101_20221231.nc
97_dat,2022-11-05,5,15.394604332745075,MY,5.078224182128906,0.07822418212890625,1,thetao_MY_20220101_20221231.nc
97_dat,2022-11-05,10,15.648030035197735,MY,9.572997093200684,0.4270029067993164,1,thetao_MY_20220101_20221231.nc
97_dat,2022-11-05,15,15.745445117354393,MY,15.810070037841797,0.8100700378417969,1,thetao_MY_20220101_20221231.nc
97_dat,2022-11-05,20,15.755699336528778,MY,18.495559692382812,1.5044403076171875,1,thetao_MY_20220101_20221231.nc
97_dat,2022-11-05,30,14.86870937794447,MY,29.444730758666992,0.5552692413330078,1,thetao_MY_20220101_20221231.nc
97_dat,2022-11-06,5,15.056215099990368,MY,5.078224182128906,0.07822418212890625,1,thetao_MY_20220101_20221231.nc
97_dat,2022-11-06,10,15.276680812239647,MY,9.572997093200684,0.4270029067993164,1,thetao_MY_20220101_20221231.nc
97_dat,2022-11-06,15,15.338206127285957,MY,15.810070037841797,0.8100700378417969,1,thetao_MY_20220101_20221231.nc
97_dat,2022-11-06,20,15.30671102553606,MY,18.495559692382812,1.5044403076171875,1,thetao_MY_20220101_20221231.nc
97_dat,2022-11-06,30,14.205847352743149,MY,29.444730758666992,0.5552692413330078,1,thetao_MY_20220101_20221231.nc
97_dat,2022-11-07,5,14.837214276194572,MY,5.078224182128906,0.07822418212890625,1,thetao_MY_20220101_20221231.nc
97_dat,2022-11-07,10,14.939024023711681,MY,9.572997093200684,0.4270029067993164,1,thetao_MY_20220101_20221231.nc
97_dat,2022-11-07,15,14.943418689072132,MY,15.810070037841797,0.8100700378417969,1,thetao_MY_20220101_20221231.nc
97_dat,2022-11-07,20,14.891415148973465,MY,18.495559692382812,1.5044403076171875,1,thetao_MY_20220101_20221231.nc
97_dat,2022-11-07,30,13.651387073099613,MY,29.444730758666992,0.5552692413330078,1,thetao_MY_20220101_20221231.nc
97_dat,2022-11-08,5,14.722952976822853,MY,5.078224182128906,0.07822418212890625,1,thetao_MY_20220101_20221231.nc
97_dat,2022-11-08,10,14.780083626508713,MY,9.572997093200684,0.4270029067993164,1,thetao_MY_20220101_20221231.nc
97_dat,2022-11-08,15,14.714896090328693,MY,15.810070037841797,0.8100700378417969,1,thetao_MY_20220101_20221231.nc
97_dat,2022-11-08,20,14.602099679410458,MY,18.495559692382812,1.5044403076171875,1,thetao_MY_20220101_20221231.nc
97_dat,2022-11-08,30,13.296884067356586,MY,29.444730758666992,0.5552692413330078,1,thetao_MY_20220101_20221231.nc
97_dat,2022-11-09,5,14.557420581579208,MY,5.078224182128906,0.07822418212890625,1,thetao_MY_20220101_20221231.nc
97_dat,2022-11-09,10,14.618213452398777,MY,9.572997093200684,0.4270029067993164,1,thetao_MY_20220101_20221231.nc
97_dat,2022-11-09,15,14.453413501381874,MY,15.810070037841797,0.8100700378417969,1,thetao_MY_20220101_20221231.nc
97_dat,2022-11-09,20,14.294473104178905,MY,18.495559692382812,1.5044403076171875,1,thetao_MY_20220101_20221231.nc
97_dat,2022-11-09,30,12.70946379750967,MY,29.444730758666992,0.5552692413330078,1,thetao_MY_20220101_20221231.nc
97_dat,2022-11-10,5,14.386761076748371,MY,5.078224182128906,0.07822418212890625,1,thetao_MY_20220101_20221231.nc
97_dat,2022-11-10,10,14.530320145189762,MY,9.572997093200684,0.4270029067993164,1,thetao_MY_20220101_20221231.nc
97_dat,2022-11-10,15,14.185338914394379,MY,15.810070037841797,0.8100700378417969,1,thetao_MY_20220101_20221231.nc
97_dat,2022-11-10,20,13.966338090598583,MY,18.495559692382812,1.5044403076171875,1,thetao_MY_20220101_20221231.nc
97_dat,2022-11-10,30,12.498519860208035,MY,29.444730758666992,0.5552692413330078,1,thetao_MY_20220101_20221231.nc
97_dat,2022-11-11,5,14.07107761502266,MY,5.078224182128906,0.07822418212890625,1,thetao_MY_20220101_20221231.nc
97_dat,2022-11-11,10,14.276894442737103,MY,9.572997093200684,0.4270029067993164,1,thetao_MY_20220101_20221231.nc
97_dat,2022-11-11,15,14.197058022022247,MY,15.810070037841797,0.8100700378417969,1,thetao_MY_20220101_20221231.nc
97_dat,2022-11-11,20,14.011749632656574,MY,18.495559692382812,1.5044403076171875,1,thetao_MY_20220101_20221231.nc
97_dat,2022-11-11,30,12.703604243695736,MY,29.444730758666992,0.5552692413330078,1,thetao_MY_20220101_20221231.nc
97_dat,2022-11-12,5,14.021271407604218,MY,5.078224182128906,0.07822418212890625,1,thetao_MY_20220101_20221231.nc
97_dat,2022-11-12,10,14.09964293986559,MY,9.572997093200684,0.4270029067993164,1,thetao_MY_20220101_20221231.nc
97_dat,2022-11-12,15,14.241004675626755,MY,15.810070037841797,0.8100700378417969,1,thetao_MY_20220101_20221231.nc
97_dat,2022-11-12,20,14.096713162958622,MY,18.495559692382812,1.5044403076171875,1,thetao_MY_20220101_20221231.nc
97_dat,2022-11-12,30,12.97094638645649,MY,29.444730758666992,0.5552692413330078,1,thetao_MY_20220101_20221231.nc
97_dat,2022-11-13,5,13.975127421319485,MY,5.078224182128906,0.07822418212890625,1,thetao_MY_20220101_20221231.nc
97_dat,2022-11-13,10,14.05496384203434,MY,9.572997093200684,0.4270029067993164,1,thetao_MY_20220101_20221231.nc
97_dat,2022-11-13,15,14.188268691301346,MY,15.810070037841797,0.8100700378417969,1,thetao_MY_20220101_20221231.nc
97_dat,2022-11-13,20,14.090121164917946,MY,18.495559692382812,1.5044403076171875,1,thetao_MY_20220101_20221231.nc
97_dat,2022-11-13,30,13.25366985797882,MY,29.444730758666992,0.5552692413330078,1,thetao_MY_20220101_20221231.nc
97_dat,2022-11-14,5,13.702658168971539,MY,5.078224182128906,0.07822418212890625,1,thetao_MY_20220101_20221231.nc
97_dat,2022-11-14,10,13.966338090598583,MY,9.572997093200684,0.4270029067993164,1,thetao_MY_20220101_20221231.nc
97_dat,2022-11-14,15,14.07547228038311,MY,15.810070037841797,0.8100700378417969,1,thetao_MY_20220101_20221231.nc
97_dat,2022-11-14,20,14.039582513272762,MY,18.495559692382812,1.5044403076171875,1,thetao_MY_20220101_20221231.nc
97_dat,2022-11-14,30,13.48219245672226,MY,29.444730758666992,0.5552692413330078,1,thetao_MY_20220101_20221231.nc
97_dat,2022-11-15,5,13.614032417535782,MY,5.078224182128906,0.07822418212890625,1,thetao_MY_20220101_20221231.nc
97_dat,2022-11-15,10,13.819116801023483,MY,9.572997093200684,0.4270029067993164,1,thetao_MY_20220101_20221231.nc
97_dat,2022-11-15,15,14.104770049452782,MY,15.810070037841797,0.8100700378417969,1,thetao_MY_20220101_20221231.nc
97_dat,2022-11-15,20,14.096713162958622,MY,18.495559692382812,1.5044403076171875,1,thetao_MY_20220101_20221231.nc
97_dat,2022-11-15,30,13.698263503611088,MY,29.444730758666992,0.5552692413330078,1,thetao_MY_20220101_20221231.nc
97_dat,2022-11-16,5,13.500503562390804,MY,5.078224182128906,0.07822418212890625,1,thetao_MY_20220101_20221231.nc
97_dat,2022-11-16,10,13.630878634750843,MY,9.572997093200684,0.4270029067993164,1,thetao_MY_20220101_20221231.nc
97_dat,2022-11-16,15,14.079134501516819,MY,15.810070037841797,0.8100700378417969,1,thetao_MY_20220101_20221231.nc
97_dat,2022-11-16,20,14.100375384092331,MY,18.495559692382812,1.5044403076171875,1,thetao_MY_20220101_20221231.nc
97_dat,2022-11-16,30,13.757591485977173,MY,29.444730758666992,0.5552692413330078,1,thetao_MY_20220101_20221231.nc
97_dat,2022-11-17,5,13.323984503746033,MY,5.078224182128906,0.07822418212890625,1,thetao_MY_20220101_20221231.nc
97_dat,2022-11-17,10,13.640400409698486,MY,9.572997093200684,0.4270029067993164,1,thetao_MY_20220101_20221231.nc
97_dat,2022-11-17,15,13.971465200185776,MY,15.810070037841797,0.8100700378417969,1,thetao_MY_20220101_20221231.nc
97_dat,2022-11-17,20,14.032990515232086,MY,18.495559692382812,1.5044403076171875,1,thetao_MY_20220101_20221231.nc
97_dat,2022-11-17,30,13.708517722785473,MY,29.444730758666992,0.5552692413330078,1,thetao_MY_20220101_20221231.nc
97_dat,2022-11-18,5,13.160649441182613,MY,5.078224182128906,0.07822418212890625,1,thetao_MY_20220101_20221231.nc
97_dat,2022-11-18,10,13.161381885409355,MY,9.572997093200684,0.4270029067993164,1,thetao_MY_20220101_20221231.nc
97_dat,2022-11-18,15,13.82204657793045,MY,15.810070037841797,0.8100700378417969,1,thetao_MY_20220101_20221231.nc
97_dat,2022-11-18,20,13.972197644412518,MY,18.495559692382812,1.5044403076171875,1,thetao_MY_20220101_20221231.nc
97_dat,2022-11-18,30,13.79714347422123,MY,29.444730758666992,0.5552692413330078,1,thetao_MY_20220101_20221231.nc
97_dat,2022-11-19,5,13.031739257276058,MY,5.078224182128906,0.07822418212890625,1,thetao_MY_20220101_20221231.nc
97_dat,2022-11-19,10,13.038331255316734,MY,9.572997093200684,0.4270029067993164,1,thetao_MY_20220101_20221231.nc
97_dat,2022-11-19,15,13.750267043709755,MY,15.810070037841797,0.8100700378417969,1,thetao_MY_20220101_20221231.nc
97_dat,2022-11-19,20,13.865993231534958,MY,18.495559692382812,1.5044403076171875,1,thetao_MY_20220101_20221231.nc
97_dat,2022-11-19,30,13.841090127825737,MY,29.444730758666992,0.5552692413330078,1,thetao_MY_20220101_20221231.nc
97_dat,2022-11-20,5,13.01635792851448,MY,5.078224182128906,0.07822418212890625,1,thetao_MY_20220101_20221231.nc
97_dat,2022-11-20,10,13.01635792851448,MY,9.572997093200684,0.4270029067993164,1,thetao_MY_20220101_20221231.nc
97_dat,2022-11-20,15,13.323984503746033,MY,15.810070037841797,0.8100700378417969,1,thetao_MY_20220101_20221231.nc
97_dat,2022-11-20,20,13.5232093334198,MY,18.495559692382812,1.5044403076171875,1,thetao_MY_20220101_20221231.nc
97_dat,2022-11-20,30,13.73561815917492,MY,29.444730758666992,0.5552692413330078,1,thetao_MY_20220101_20221231.nc
97_dat,2022-11-21,5,13.107913456857204,MY,5.078224182128906,0.07822418212890625,1,thetao_MY_20220101_20221231.nc
97_dat,2022-11-21,10,13.11450545489788,MY,9.572997093200684,0.4270029067993164,1,thetao_MY_20220101_20221231.nc
97_dat,2022-11-21,15,13.189214766025543,MY,15.810070037841797,0.8100700378417969,1,thetao_MY_20220101_20221231.nc
97_dat,2022-11-21,20,13.297616511583328,MY,18.495559692382812,1.5044403076171875,1,thetao_MY_20220101_20221231.nc
97_dat,2022-11-21,30,13.500503562390804,MY,29.444730758666992,0.5552692413330078,1,thetao_MY_20220101_20221231.nc
97_dat,2022-11-22,5,13.045655697584152,MY,5.078224182128906,0.07822418212890625,1,thetao_MY_20220101_20221231.nc
97_dat,2022-11-22,10,13.046388141810894,MY,9.572997093200684,0.4270029067993164,1,thetao_MY_20220101_20221231.nc
97_dat,2022-11-22,15,13.091799683868885,MY,15.810070037841797,0.8100700378417969,1,thetao_MY_20220101_20221231.nc
97_dat,2022-11-22,20,13.128421895205975,MY,18.495559692382812,1.5044403076171875,1,thetao_MY_20220101_20221231.nc
97_dat,2022-11-22,30,13.304208509624004,MY,29.444730758666992,0.5552692413330078,1,thetao_MY_20220101_20221231.nc
97_dat,2022-11-23,5,12.932126842439175,MY,5.078224182128906,0.07822418212890625,1,thetao_MY_20220101_20221231.nc
97_dat,2022-11-23,10,12.932126842439175,MY,9.572997093200684,0.4270029067993164,1,thetao_MY_20220101_20221231.nc
97_dat,2022-11-23,15,12.947508171200752,MY,15.810070037841797,0.8100700378417969,1,thetao_MY_20220101_20221231.nc
97_dat,2022-11-23,20,12.982665494084358,MY,18.495559692382812,1.5044403076171875,1,thetao_MY_20220101_20221231.nc
97_dat,2022-11-23,30,13.178228102624416,MY,29.444730758666992,0.5552692413330078,1,thetao_MY_20220101_20221231.nc
97_dat,2022-11-24,5,12.837641537189484,MY,5.078224182128906,0.07822418212890625,1,thetao_MY_20220101_20221231.nc
97_dat,2022-11-24,10,12.837641537189484,MY,9.572997093200684,0.4270029067993164,1,thetao_MY_20220101_20221231.nc
97_dat,2022-11-24,15,12.851557977497578,MY,15.810070037841797,0.8100700378417969,1,thetao_MY_20220101_20221231.nc
97_dat,2022-11-24,20,12.86474197357893,MY,18.495559692382812,1.5044403076171875,1,thetao_MY_20220101_20221231.nc
97_dat,2022-11-24,30,13.05298013985157,MY,29.444730758666992,0.5552692413330078,1,thetao_MY_20220101_20221231.nc
97_dat,2022-11-25,5,12.728507347404957,MY,5.078224182128906,0.07822418212890625,1,thetao_MY_20220101_20221231.nc
97_dat,2022-11-25,10,12.728507347404957,MY,9.572997093200684,0.4270029067993164,1,thetao_MY_20220101_20221231.nc
97_dat,2022-11-25,15,12.741691343486309,MY,15.810070037841797,0.8100700378417969,1,thetao_MY_20220101_20221231.nc
97_dat,2022-11-25,20,12.757072672247887,MY,18.495559692382812,1.5044403076171875,1,thetao_MY_20220101_20221231.nc
97_dat,2022-11-25,30,12.979735717177391,MY,29.444730758666992,0.5552692413330078,1,thetao_MY_20220101_20221231.nc
97_dat,2022-11-26,5,12.633289597928524,MY,5.078224182128906,0.07822418212890625,1,thetao_MY_20220101_20221231.nc
97_dat,2022-11-26,10,12.634754486382008,MY,9.572997093200684,0.4270029067993164,1,thetao_MY_20220101_20221231.nc
97_dat,2022-11-26,15,12.645008705556393,MY,15.810070037841797,0.8100700378417969,1,thetao_MY_20220101_20221231.nc
97_dat,2022-11-26,20,12.663319811224937,MY,18.495559692382812,1.5044403076171875,1,thetao_MY_20220101_20221231.nc
97_dat,2022-11-26,30,12.882320635020733,MY,29.444730758666992,0.5552692413330078,1,thetao_MY_20220101_20221231.nc
97_dat,2022-11-27,5,12.452375873923302,MY,5.078224182128906,0.07822418212890625,1,thetao_MY_20220101_20221231.nc
97_dat,2022-11-27,10,12.452375873923302,MY,9.572997093200684,0.4270029067993164,1,thetao_MY_20220101_20221231.nc
97_dat,2022-11-27,15,12.460432760417461,MY,15.810070037841797,0.8100700378417969,1,thetao_MY_20220101_20221231.nc
97_dat,2022-11-27,20,12.469954535365105,MY,18.495559692382812,1.5044403076171875,1,thetao_MY_20220101_20221231.nc
97_dat,2022-11-27,30,12.812005989253521,MY,29.444730758666992,0.5552692413330078,1,thetao_MY_20220101_20221231.nc
97_dat,2022-11-28,5,12.346171461045742,MY,5.078224182128906,0.07822418212890625,1,thetao_MY_20220101_20221231.nc
97_dat,2022-11-28,10,12.346171461045742,MY,9.572997093200684,0.4270029067993164,1,thetao_MY_20220101_20221231.nc
97_dat,2022-11-28,15,12.372539453208447,MY,15.810070037841797,0.8100700378417969,1,thetao_MY_20220101_20221231.nc
97_dat,2022-11-28,20,12.3945127800107,MY,18.495559692382812,1.5044403076171875,1,thetao_MY_20220101_20221231.nc
97_dat,2022-11-28,30,13.000244155526161,MY,29.444730758666992,0.5552692413330078,1,thetao_MY_20220101_20221231.nc
97_dat,2022-11-29,5,12.313211470842361,MY,5.078224182128906,0.07822418212890625,1,thetao_MY_20220101_20221231.nc
97_dat,2022-11-29,10,12.323465690016747,MY,9.572997093200684,0.4270029067993164,1,thetao_MY_20220101_20221231.nc
97_dat,2022-11-29,15,12.358623012900352,MY,15.810070037841797,0.8100700378417969,1,thetao_MY_20220101_20221231.nc
97_dat,2022-11-29,20,12.406231887638569,MY,18.495559692382812,1.5044403076171875,1,thetao_MY_20220101_20221231.nc
97_dat,2022-11-29,30,13.017822816967964,MY,29.444730758666992,0.5552692413330078,1,thetao_MY_20220101_20221231.nc
97_dat,2022-11-30,5,12.118381306529045,MY,5.078224182128906,0.07822418212890625,1,thetao_MY_20220101_20221231.nc
97_dat,2022-11-30,10,12.118381306529045,MY,9.572997093200684,0.4270029067993164,1,thetao_MY_20220101_20221231.nc
97_dat,2022-11-30,15,12.122775971889496,MY,15.810070037841797,0.8100700378417969,1,thetao_MY_20220101_20221231.nc
97_dat,2022-11-30,20,12.145481742918491,MY,18.495559692382812,1.5044403076171875,1,thetao_MY_20220101_20221231.nc
97_dat,2022-11-30,30,12.970213942229748,MY,29.444730758666992,0.5552692413330078,1,thetao_MY_20220101_20221231.nc
97_dat,2022-12-01,5,11.826868504285812,MY,5.078224182128906,0.07822418212890625,1,thetao_MY_20220101_20221231.nc
97_dat,2022-12-01,10,11.826868504285812,MY,9.572997093200684,0.4270029067993164,1,thetao_MY_20220101_20221231.nc
97_dat,2022-12-01,15,11.829065836966038,MY,15.810070037841797,0.8100700378417969,1,thetao_MY_20220101_20221231.nc
97_dat,2022-12-01,20,11.892788484692574,MY,18.495559692382812,1.5044403076171875,1,thetao_MY_20220101_20221231.nc
97_dat,2022-12-01,30,12.755607783794403,MY,29.444730758666992,0.5552692413330078,1,thetao_MY_20220101_20221231.nc
97_dat,2022-12-02,5,11.612262345850468,MY,5.078224182128906,0.07822418212890625,1,thetao_MY_20220101_20221231.nc
97_dat,2022-12-02,10,11.612262345850468,MY,9.572997093200684,0.4270029067993164,1,thetao_MY_20220101_20221231.nc
97_dat,2022-12-02,15,11.612262345850468,MY,15.810070037841797,0.8100700378417969,1,thetao_MY_20220101_20221231.nc
97_dat,2022-12-02,20,11.686239212751389,MY,18.495559692382812,1.5044403076171875,1,thetao_MY_20220101_20221231.nc
97_dat,2022-12-02,30,12.55784784257412,MY,29.444730758666992,0.5552692413330078,1,thetao_MY_20220101_20221231.nc
97_dat,2022-12-03,5,11.430616177618504,MY,5.078224182128906,0.07822418212890625,1,thetao_MY_20220101_20221231.nc
97_dat,2022-12-03,10,11.430616177618504,MY,9.572997093200684,0.4270029067993164,1,thetao_MY_20220101_20221231.nc
97_dat,2022-12-03,15,11.435743287205696,MY,15.810070037841797,0.8100700378417969,1,thetao_MY_20220101_20221231.nc
97_dat,2022-12-03,20,11.444532617926598,MY,18.495559692382812,1.5044403076171875,1,thetao_MY_20220101_20221231.nc
97_dat,2022-12-03,30,12.426007881760597,MY,29.444730758666992,0.5552692413330078,1,thetao_MY_20220101_20221231.nc
97_dat,2022-12-04,5,11.24530778825283,MY,5.078224182128906,0.07822418212890625,1,thetao_MY_20220101_20221231.nc
97_dat,2022-12-04,10,11.24530778825283,MY,9.572997093200684,0.4270029067993164,1,thetao_MY_20220101_20221231.nc
97_dat,2022-12-04,15,11.24530778825283,MY,15.810070037841797,0.8100700378417969,1,thetao_MY_20220101_20221231.nc
97_dat,2022-12-04,20,11.24897000938654,MY,18.495559692382812,1.5044403076171875,1,thetao_MY_20220101_20221231.nc
97_dat,2022-12-04,30,12.278054147958755,MY,29.444730758666992,0.5552692413330078,1,thetao_MY_20220101_20221231.nc
97_dat,2022-12-05,5,10.892269670963287,MY,5.078224182128906,0.07822418212890625,1,thetao_MY_20220101_20221231.nc
97_dat,2022-12-05,10,10.892269670963287,MY,9.572997093200684,0.4270029067993164,1,thetao_MY_20220101_20221231.nc
97_dat,2022-12-05,15,10.89739678055048,MY,15.810070037841797,0.8100700378417969,1,thetao_MY_20220101_20221231.nc
97_dat,2022-12-05,20,10.907650999724865,MY,18.495559692382812,1.5044403076171875,1,thetao_MY_20220101_20221231.nc
97_dat,2022-12-05,30,12.028290666639805,MY,29.444730758666992,0.5552692413330078,1,thetao_MY_20220101_20221231.nc
97_dat,2022-12-06,5,10.735526606440544,MY,5.078224182128906,0.07822418212890625,1,thetao_MY_20220101_20221231.nc
97_dat,2022-12-06,10,10.735526606440544,MY,9.572997093200684,0.4270029067993164,1,thetao_MY_20220101_20221231.nc
97_dat,2022-12-06,15,10.74578082561493,MY,15.810070037841797,0.8100700378417969,1,thetao_MY_20220101_20221231.nc
97_dat,2022-12-06,20,10.755302600562572,MY,18.495559692382812,1.5044403076171875,1,thetao_MY_20220101_20221231.nc
97_dat,2022-12-06,30,11.840784944593906,MY,29.444730758666992,0.5552692413330078,1,thetao_MY_20220101_20221231.nc
97_dat,2022-12-07,5,10.587572872638702,MY,5.078224182128906,0.07822418212890625,1,thetao_MY_20220101_20221231.nc
97_dat,2022-12-07,10,10.587572872638702,MY,9.572997093200684,0.4270029067993164,1,thetao_MY_20220101_20221231.nc
97_dat,2022-12-07,15,10.591235093772411,MY,15.810070037841797,0.8100700378417969,1,thetao_MY_20220101_20221231.nc
97_dat,2022-12-07,20,10.603686645627022,MY,18.495559692382812,1.5044403076171875,1,thetao_MY_20220101_20221231.nc
97_dat,2022-12-07,30,11.702352985739708,MY,29.444730758666992,0.5552692413330078,1,thetao_MY_20220101_20221231.nc
97_dat,2022-12-08,5,10.407391592860222,MY,5.078224182128906,0.07822418212890625,1,thetao_MY_20220101_20221231.nc
97_dat,2022-12-08,10,10.408124037086964,MY,9.572997093200684,0.4270029067993164,1,thetao_MY_20220101_20221231.nc
97_dat,2022-12-08,15,10.408124037086964,MY,15.810070037841797,0.8100700378417969,1,thetao_MY_20220101_20221231.nc
97_dat,2022-12-08,20,10.416180923581123,MY,18.495559692382812,1.5044403076171875,1,thetao_MY_20220101_20221231.nc
97_dat,2022-12-08,30,11.442335285246372,MY,29.444730758666992,0.5552692413330078,1,thetao_MY_20220101_20221231.nc
97_dat,2022-12-09,5,10.277016520500183,MY,5.078224182128906,0.07822418212890625,1,thetao_MY_20220101_20221231.nc
97_dat,2022-12-09,10,10.277016520500183,MY,9.572997093200684,0.4270029067993164,1,thetao_MY_20220101_20221231.nc
97_dat,2022-12-09,15,10.277748964726925,MY,15.810070037841797,0.8100700378417969,1,thetao_MY_20220101_20221231.nc
97_dat,2022-12-09,20,10.285805851221085,MY,18.495559692382812,1.5044403076171875,1,thetao_MY_20220101_20221231.nc
97_dat,2022-12-09,30,10.858577236533165,MY,29.444730758666992,0.5552692413330078,1,thetao_MY_20220101_20221231.nc
97_dat,2022-12-10,5,10.17374188452959,MY,5.078224182128906,0.07822418212890625,1,thetao_MY_20220101_20221231.nc
97_dat,2022-12-10,10,10.17374188452959,MY,9.572997093200684,0.4270029067993164,1,thetao_MY_20220101_20221231.nc
97_dat,2022-12-10,15,10.174474328756332,MY,15.810070037841797,0.8100700378417969,1,thetao_MY_20220101_20221231.nc
97_dat,2022-12-10,20,10.178136549890041,MY,18.495559692382812,1.5044403076171875,1,thetao_MY_20220101_20221231.nc
97_dat,2022-12-10,30,10.456465356051922,MY,29.444730758666992,0.5552692413330078,1,thetao_MY_20220101_20221231.nc
97_dat,2022-12-11,5,10.010406821966171,MY,5.078224182128906,0.07822418212890625,1,thetao_MY_20220101_20221231.nc
97_dat,2022-12-11,10,10.010406821966171,MY,9.572997093200684,0.4270029067993164,1,thetao_MY_20220101_20221231.nc
97_dat,2022-12-11,15,10.011139266192913,MY,15.810070037841797,0.8100700378417969,1,thetao_MY_20220101_20221231.nc
97_dat,2022-12-11,20,10.011871710419655,MY,18.495559692382812,1.5044403076171875,1,thetao_MY_20220101_20221231.nc
97_dat,2022-12-11,30,10.30045473575592,MY,29.444730758666992,0.5552692413330078,1,thetao_MY_20220101_20221231.nc
97_dat,2022-12-12,5,9.894680634140968,MY,5.078224182128906,0.07822418212890625,1,thetao_MY_20220101_20221231.nc
97_dat,2022-12-12,10,9.894680634140968,MY,9.572997093200684,0.4270029067993164,1,thetao_MY_20220101_20221231.nc
97_dat,2022-12-12,15,9.894680634140968,MY,15.810070037841797,0.8100700378417969,1,thetao_MY_20220101_20221231.nc
97_dat,2022-12-12,20,9.897610411047935,MY,18.495559692382812,1.5044403076171875,1,thetao_MY_20220101_20221231.nc
97_dat,2022-12-12,30,10.159092999994755,MY,29.444730758666992,0.5552692413330078,1,thetao_MY_20220101_20221231.nc
97_dat,2022-12-13,5,9.832422874867916,MY,5.078224182128906,0.07822418212890625,1,thetao_MY_20220101_20221231.nc
97_dat,2022-12-13,10,9.837549984455109,MY,9.572997093200684,0.4270029067993164,1,thetao_MY_20220101_20221231.nc
97_dat,2022-12-13,15,9.844141982495785,MY,15.810070037841797,0.8100700378417969,1,thetao_MY_20220101_20221231.nc
97_dat,2022-12-13,20,9.847071759402752,MY,18.495559692382812,1.5044403076171875,1,thetao_MY_20220101_20221231.nc
97_dat,2022-12-13,30,9.945951730012894,MY,29.444730758666992,0.5552692413330078,1,thetao_MY_20220101_20221231.nc
97_dat,2022-12-14,5,9.619281604886055,MY,5.078224182128906,0.07822418212890625,1,thetao_MY_20220101_20221231.nc
97_dat,2022-12-14,10,9.619281604886055,MY,9.572997093200684,0.4270029067993164,1,thetao_MY_20220101_20221231.nc
97_dat,2022-12-14,15,9.619281604886055,MY,15.810070037841797,0.8100700378417969,1,thetao_MY_20220101_20221231.nc
97_dat,2022-12-14,20,9.619281604886055,MY,18.495559692382812,1.5044403076171875,1,thetao_MY_20220101_20221231.nc
97_dat,2022-12-14,30,9.747459344565868,MY,29.444730758666992,0.5552692413330078,1,thetao_MY_20220101_20221231.nc
97_dat,2022-12-15,5,9.32264169305563,MY,5.078224182128906,0.07822418212890625,1,thetao_MY_20220101_20221231.nc
97_dat,2022-12-15,10,9.32264169305563,MY,9.572997093200684,0.4270029067993164,1,thetao_MY_20220101_20221231.nc
97_dat,2022-12-15,15,9.32264169305563,MY,15.810070037841797,0.8100700378417969,1,thetao_MY_20220101_20221231.nc
97_dat,2022-12-15,20,9.32264169305563,MY,18.495559692382812,1.5044403076171875,1,thetao_MY_20220101_20221231.nc
97_dat,2022-12-15,30,9.565813176333904,MY,29.444730758666992,0.5552692413330078,1,thetao_MY_20220101_20221231.nc
97_dat,2022-12-16,5,9.270638152956963,MY,5.078224182128906,0.07822418212890625,1,thetao_MY_20220101_20221231.nc
97_dat,2022-12-16,10,9.270638152956963,MY,9.572997093200684,0.4270029067993164,1,thetao_MY_20220101_20221231.nc
97_dat,2022-12-16,15,9.270638152956963,MY,15.810070037841797,0.8100700378417969,1,thetao_MY_20220101_20221231.nc
97_dat,2022-12-16,20,9.271370597183704,MY,18.495559692382812,1.5044403076171875,1,thetao_MY_20220101_20221231.nc
97_dat,2022-12-16,30,9.409802556037903,MY,29.444730758666992,0.5552692413330078,1,thetao_MY_20220101_20221231.nc
97_dat,2022-12-17,5,9.351939462125301,MY,5.078224182128906,0.07822418212890625,1,thetao_MY_20220101_20221231.nc
97_dat,2022-12-17,10,9.351939462125301,MY,9.572997093200684,0.4270029067993164,1,thetao_MY_20220101_20221231.nc
97_dat,2022-12-17,15,9.351939462125301,MY,15.810070037841797,0.8100700378417969,1,thetao_MY_20220101_20221231.nc
97_dat,2022-12-17,20,9.351939462125301,MY,18.495559692382812,1.5044403076171875,1,thetao_MY_20220101_20221231.nc
97_dat,2022-12-17,30,9.425916329026222,MY,29.444730758666992,0.5552692413330078,1,thetao_MY_20220101_20221231.nc
97_dat,2022-12-18,5,9.360728792846203,MY,5.078224182128906,0.07822418212890625,1,thetao_MY_20220101_20221231.nc
97_dat,2022-12-18,10,9.360728792846203,MY,9.572997093200684,0.4270029067993164,1,thetao_MY_20220101_20221231.nc
97_dat,2022-12-18,15,9.361461237072945,MY,15.810070037841797,0.8100700378417969,1,thetao_MY_20220101_20221231.nc
97_dat,2022-12-18,20,9.361461237072945,MY,18.495559692382812,1.5044403076171875,1,thetao_MY_20220101_20221231.nc
97_dat,2022-12-18,30,9.387096785008907,MY,29.444730758666992,0.5552692413330078,1,thetao_MY_20220101_20221231.nc
97_dat,2022-12-19,5,9.341685242950916,MY,5.078224182128906,0.07822418212890625,1,thetao_MY_20220101_20221231.nc
97_dat,2022-12-19,10,9.341685242950916,MY,9.572997093200684,0.4270029067993164,1,thetao_MY_20220101_20221231.nc
97_dat,2022-12-19,15,9.342417687177658,MY,15.810070037841797,0.8100700378417969,1,thetao_MY_20220101_20221231.nc
97_dat,2022-12-19,20,9.342417687177658,MY,18.495559692382812,1.5044403076171875,1,thetao_MY_20220101_20221231.nc
97_dat,2022-12-19,30,9.357799015939236,MY,29.444730758666992,0.5552692413330078,1,thetao_MY_20220101_20221231.nc
97_dat,2022-12-20,5,9.309457696974277,MY,5.078224182128906,0.07822418212890625,1,thetao_MY_20220101_20221231.nc
97_dat,2022-12-20,10,9.309457696974277,MY,9.572997093200684,0.4270029067993164,1,thetao_MY_20220101_20221231.nc
97_dat,2022-12-20,15,9.309457696974277,MY,15.810070037841797,0.8100700378417969,1,thetao_MY_20220101_20221231.nc
97_dat,2022-12-20,20,9.309457696974277,MY,18.495559692382812,1.5044403076171875,1,thetao_MY_20220101_20221231.nc
97_dat,2022-12-20,30,9.319711916148663,MY,29.444730758666992,0.5552692413330078,1,thetao_MY_20220101_20221231.nc
97_dat,2022-12-21,5,9.291146591305733,MY,5.078224182128906,0.07822418212890625,1,thetao_MY_20220101_20221231.nc
97_dat,2022-12-21,10,9.291146591305733,MY,9.572997093200684,0.4270029067993164,1,thetao_MY_20220101_20221231.nc
97_dat,2022-12-21,15,9.291146591305733,MY,15.810070037841797,0.8100700378417969,1,thetao_MY_20220101_20221231.nc
97_dat,2022-12-21,20,9.291146591305733,MY,18.495559692382812,1.5044403076171875,1,thetao_MY_20220101_20221231.nc
97_dat,2022-12-21,30,9.297006145119667,MY,29.444730758666992,0.5552692413330078,1,thetao_MY_20220101_20221231.nc
97_dat,2022-12-22,5,9.189336843788624,MY,5.078224182128906,0.07822418212890625,1,thetao_MY_20220101_20221231.nc
97_dat,2022-12-22,10,9.206915505230427,MY,9.572997093200684,0.4270029067993164,1,thetao_MY_20220101_20221231.nc
97_dat,2022-12-22,15,9.21204261481762,MY,15.810070037841797,0.8100700378417969,1,thetao_MY_20220101_20221231.nc
97_dat,2022-12-22,20,9.212775059044361,MY,18.495559692382812,1.5044403076171875,1,thetao_MY_20220101_20221231.nc
97_dat,2022-12-22,30,9.228156387805939,MY,29.444730758666992,0.5552692413330078,1,thetao_MY_20220101_20221231.nc
97_dat,2022-12-23,5,9.011352896690369,MY,5.078224182128906,0.07822418212890625,1,thetao_MY_20220101_20221231.nc
97_dat,2022-12-23,10,9.039918221533298,MY,9.572997093200684,0.4270029067993164,1,thetao_MY_20220101_20221231.nc
97_dat,2022-12-23,15,9.054567106068134,MY,15.810070037841797,0.8100700378417969,1,thetao_MY_20220101_20221231.nc
97_dat,2022-12-23,20,9.057496882975101,MY,18.495559692382812,1.5044403076171875,1,thetao_MY_20220101_20221231.nc
97_dat,2022-12-23,30,9.087527096271515,MY,29.444730758666992,0.5552692413330078,1,thetao_MY_20220101_20221231.nc
97_dat,2022-12-24,5,8.937376029789448,MY,5.078224182128906,0.07822418212890625,1,thetao_MY_20220101_20221231.nc
97_dat,2022-12-24,10,8.937376029789448,MY,9.572997093200684,0.4270029067993164,1,thetao_MY_20220101_20221231.nc
97_dat,2022-12-24,15,8.937376029789448,MY,15.810070037841797,0.8100700378417969,1,thetao_MY_20220101_20221231.nc
97_dat,2022-12-24,20,8.937376029789448,MY,18.495559692382812,1.5044403076171875,1,thetao_MY_20220101_20221231.nc
97_dat,2022-12-24,30,8.96301157772541,MY,29.444730758666992,0.5552692413330078,1,thetao_MY_20220101_20221231.nc
97_dat,2022-12-25,5,8.88097782433033,MY,5.078224182128906,0.07822418212890625,1,thetao_MY_20220101_20221231.nc
97_dat,2022-12-25,10,8.88097782433033,MY,9.572997093200684,0.4270029067993164,1,thetao_MY_20220101_20221231.nc
97_dat,2022-12-25,15,8.88097782433033,MY,15.810070037841797,0.8100700378417969,1,thetao_MY_20220101_20221231.nc
97_dat,2022-12-25,20,8.88097782433033,MY,18.495559692382812,1.5044403076171875,1,thetao_MY_20220101_20221231.nc
97_dat,2022-12-25,30,8.900021374225616,MY,29.444730758666992,0.5552692413330078,1,thetao_MY_20220101_20221231.nc
97_dat,2022-12-26,5,8.896359153091908,MY,5.078224182128906,0.07822418212890625,1,thetao_MY_20220101_20221231.nc
97_dat,2022-12-26,10,8.896359153091908,MY,9.572997093200684,0.4270029067993164,1,thetao_MY_20220101_20221231.nc
97_dat,2022-12-26,15,8.896359153091908,MY,15.810070037841797,0.8100700378417969,1,thetao_MY_20220101_20221231.nc
97_dat,2022-12-26,20,8.896359153091908,MY,18.495559692382812,1.5044403076171875,1,thetao_MY_20220101_20221231.nc
97_dat,2022-12-26,30,8.904416039586067,MY,29.444730758666992,0.5552692413330078,1,thetao_MY_20220101_20221231.nc
97_dat,2022-12-27,5,8.907345816493034,MY,5.078224182128906,0.07822418212890625,1,thetao_MY_20220101_20221231.nc
97_dat,2022-12-27,10,8.907345816493034,MY,9.572997093200684,0.4270029067993164,1,thetao_MY_20220101_20221231.nc
97_dat,2022-12-27,15,8.907345816493034,MY,15.810070037841797,0.8100700378417969,1,thetao_MY_20220101_20221231.nc
97_dat,2022-12-27,20,8.906613372266293,MY,18.495559692382812,1.5044403076171875,1,thetao_MY_20220101_20221231.nc
97_dat,2022-12-27,30,8.911008037626743,MY,29.444730758666992,0.5552692413330078,1,thetao_MY_20220101_20221231.nc
97_dat,2022-12-28,5,8.861934274435043,MY,5.078224182128906,0.07822418212890625,1,thetao_MY_20220101_20221231.nc
97_dat,2022-12-28,10,8.861934274435043,MY,9.572997093200684,0.4270029067993164,1,thetao_MY_20220101_20221231.nc
97_dat,2022-12-28,15,8.861934274435043,MY,15.810070037841797,0.8100700378417969,1,thetao_MY_20220101_20221231.nc
97_dat,2022-12-28,20,8.861934274435043,MY,18.495559692382812,1.5044403076171875,1,thetao_MY_20220101_20221231.nc
97_dat,2022-12-28,30,8.869991160929203,MY,29.444730758666992,0.5552692413330078,1,thetao_MY_20220101_20221231.nc
97_dat,2022-12-29,5,8.705923654139042,MY,5.078224182128906,0.07822418212890625,1,thetao_MY_20220101_20221231.nc
97_dat,2022-12-29,10,8.705923654139042,MY,9.572997093200684,0.4270029067993164,1,thetao_MY_20220101_20221231.nc
97_dat,2022-12-29,15,8.705923654139042,MY,15.810070037841797,0.8100700378417969,1,thetao_MY_20220101_20221231.nc
97_dat,2022-12-29,20,8.705923654139042,MY,18.495559692382812,1.5044403076171875,1,thetao_MY_20220101_20221231.nc
97_dat,2022-12-29,30,8.722769871354103,MY,29.444730758666992,0.5552692413330078,1,thetao_MY_20220101_20221231.nc
97_dat,2022-12-30,5,8.567491695284843,MY,5.078224182128906,0.07822418212890625,1,thetao_MY_20220101_20221231.nc
97_dat,2022-12-30,10,8.567491695284843,MY,9.572997093200684,0.4270029067993164,1,thetao_MY_20220101_20221231.nc
97_dat,2022-12-30,15,8.567491695284843,MY,15.810070037841797,0.8100700378417969,1,thetao_MY_20220101_20221231.nc
97_dat,2022-12-30,20,8.567491695284843,MY,18.495559692382812,1.5044403076171875,1,thetao_MY_20220101_20221231.nc
97_dat,2022-12-30,30,8.585070356726646,MY,29.444730758666992,0.5552692413330078,1,thetao_MY_20220101_20221231.nc
97_dat,2022-12-31,5,8.517685487866402,MY,5.078224182128906,0.07822418212890625,1,thetao_MY_20220101_20221231.nc
97_dat,2022-12-31,10,8.517685487866402,MY,9.572997093200684,0.4270029067993164,1,thetao_MY_20220101_20221231.nc
97_dat,2022-12-31,15,8.517685487866402,MY,15.810070037841797,0.8100700378417969,1,thetao_MY_20220101_20221231.nc
97_dat,2022-12-31,20,8.517685487866402,MY,18.495559692382812,1.5044403076171875,1,thetao_MY_20220101_20221231.nc
97_dat,2022-12-31,30,8.52940459549427,MY,29.444730758666992,0.5552692413330078,1,thetao_MY_20220101_20221231.nc
97_dat,2023-01-01,5,8.433454401791096,MY,5.078224182128906,0.07822418212890625,1,thetao_MY_20230101_20231231.nc
97_dat,2023-01-01,10,8.433454401791096,MY,9.572997093200684,0.4270029067993164,1,thetao_MY_20230101_20231231.nc
97_dat,2023-01-01,15,8.433454401791096,MY,15.810070037841797,0.8100700378417969,1,thetao_MY_20230101_20231231.nc
97_dat,2023-01-01,20,8.433454401791096,MY,18.495559692382812,1.5044403076171875,1,thetao_MY_20230101_20231231.nc
97_dat,2023-01-01,30,8.444441065192223,MY,29.444730758666992,0.5552692413330078,1,thetao_MY_20230101_20231231.nc
97_dat,2023-01-02,5,8.248146012425423,MY,5.078224182128906,0.07822418212890625,1,thetao_MY_20230101_20231231.nc
97_dat,2023-01-02,10,8.248146012425423,MY,9.572997093200684,0.4270029067993164,1,thetao_MY_20230101_20231231.nc
97_dat,2023-01-02,15,8.248146012425423,MY,15.810070037841797,0.8100700378417969,1,thetao_MY_20230101_20231231.nc
97_dat,2023-01-02,20,8.248146012425423,MY,18.495559692382812,1.5044403076171875,1,thetao_MY_20230101_20231231.nc
97_dat,2023-01-02,30,8.262794896960258,MY,29.444730758666992,0.5552692413330078,1,thetao_MY_20230101_20231231.nc
97_dat,2023-01-03,5,8.086275838315487,MY,5.078224182128906,0.07822418212890625,1,thetao_MY_20230101_20231231.nc
97_dat,2023-01-03,10,8.086275838315487,MY,9.572997093200684,0.4270029067993164,1,thetao_MY_20230101_20231231.nc
97_dat,2023-01-03,15,8.086275838315487,MY,15.810070037841797,0.8100700378417969,1,thetao_MY_20230101_20231231.nc
97_dat,2023-01-03,20,8.086275838315487,MY,18.495559692382812,1.5044403076171875,1,thetao_MY_20230101_20231231.nc
97_dat,2023-01-03,30,8.098727390170097,MY,29.444730758666992,0.5552692413330078,1,thetao_MY_20230101_20231231.nc
97_dat,2023-01-04,5,7.952238544821739,MY,5.078224182128906,0.07822418212890625,1,thetao_MY_20230101_20231231.nc
97_dat,2023-01-04,10,7.952238544821739,MY,9.572997093200684,0.4270029067993164,1,thetao_MY_20230101_20231231.nc
97_dat,2023-01-04,15,7.952238544821739,MY,15.810070037841797,0.8100700378417969,1,thetao_MY_20230101_20231231.nc
97_dat,2023-01-04,20,7.952238544821739,MY,18.495559692382812,1.5044403076171875,1,thetao_MY_20230101_20231231.nc
97_dat,2023-01-04,30,7.961027875542641,MY,29.444730758666992,0.5552692413330078,1,thetao_MY_20230101_20231231.nc
97_dat,2023-01-05,5,7.843104355037212,MY,5.078224182128906,0.07822418212890625,1,thetao_MY_20230101_20231231.nc
97_dat,2023-01-05,10,7.843104355037212,MY,9.572997093200684,0.4270029067993164,1,thetao_MY_20230101_20231231.nc
97_dat,2023-01-05,15,7.843104355037212,MY,15.810070037841797,0.8100700378417969,1,thetao_MY_20230101_20231231.nc
97_dat,2023-01-05,20,7.843104355037212,MY,18.495559692382812,1.5044403076171875,1,thetao_MY_20230101_20231231.nc
97_dat,2023-01-05,30,7.8496963530778885,MY,29.444730758666992,0.5552692413330078,1,thetao_MY_20230101_20231231.nc
97_dat,2023-01-06,5,7.783776372671127,MY,5.078224182128906,0.07822418212890625,1,thetao_MY_20230101_20231231.nc
97_dat,2023-01-06,10,7.783776372671127,MY,9.572997093200684,0.4270029067993164,1,thetao_MY_20230101_20231231.nc
97_dat,2023-01-06,15,7.783776372671127,MY,15.810070037841797,0.8100700378417969,1,thetao_MY_20230101_20231231.nc
97_dat,2023-01-06,20,7.783776372671127,MY,18.495559692382812,1.5044403076171875,1,thetao_MY_20230101_20231231.nc
97_dat,2023-01-06,30,7.788171038031578,MY,29.444730758666992,0.5552692413330078,1,thetao_MY_20230101_20231231.nc
97_dat,2023-01-07,5,7.7515488266944885,MY,5.078224182128906,0.07822418212890625,1,thetao_MY_20230101_20231231.nc
97_dat,2023-01-07,10,7.75228127092123,MY,9.572997093200684,0.4270029067993164,1,thetao_MY_20230101_20231231.nc
97_dat,2023-01-07,15,7.75228127092123,MY,15.810070037841797,0.8100700378417969,1,thetao_MY_20230101_20231231.nc
97_dat,2023-01-07,20,7.7515488266944885,MY,18.495559692382812,1.5044403076171875,1,thetao_MY_20230101_20231231.nc
97_dat,2023-01-07,30,7.757408380508423,MY,29.444730758666992,0.5552692413330078,1,thetao_MY_20230101_20231231.nc
97_dat,2023-01-08,5,7.687826178967953,MY,5.078224182128906,0.07822418212890625,1,thetao_MY_20230101_20231231.nc
97_dat,2023-01-08,10,7.687826178967953,MY,9.572997093200684,0.4270029067993164,1,thetao_MY_20230101_20231231.nc
97_dat,2023-01-08,15,7.687826178967953,MY,15.810070037841797,0.8100700378417969,1,thetao_MY_20230101_20231231.nc
97_dat,2023-01-08,20,7.687826178967953,MY,18.495559692382812,1.5044403076171875,1,thetao_MY_20230101_20231231.nc
97_dat,2023-01-08,30,7.699545286595821,MY,29.444730758666992,0.5552692413330078,1,thetao_MY_20230101_20231231.nc
97_dat,2023-01-09,5,7.589678652584553,MY,5.078224182128906,0.07822418212890625,1,thetao_MY_20230101_20231231.nc
97_dat,2023-01-09,10,7.589678652584553,MY,9.572997093200684,0.4270029067993164,1,thetao_MY_20230101_20231231.nc
97_dat,2023-01-09,15,7.589678652584553,MY,15.810070037841797,0.8100700378417969,1,thetao_MY_20230101_20231231.nc
97_dat,2023-01-09,20,7.589678652584553,MY,18.495559692382812,1.5044403076171875,1,thetao_MY_20230101_20231231.nc
97_dat,2023-01-09,30,7.607257314026356,MY,29.444730758666992,0.5552692413330078,1,thetao_MY_20230101_20231231.nc
97_dat,2023-01-10,5,7.432203143835068,MY,5.078224182128906,0.07822418212890625,1,thetao_MY_20230101_20231231.nc
97_dat,2023-01-10,10,7.432203143835068,MY,9.572997093200684,0.4270029067993164,1,thetao_MY_20230101_20231231.nc
97_dat,2023-01-10,15,7.432203143835068,MY,15.810070037841797,0.8100700378417969,1,thetao_MY_20230101_20231231.nc
97_dat,2023-01-10,20,7.432203143835068,MY,18.495559692382812,1.5044403076171875,1,thetao_MY_20230101_20231231.nc
97_dat,2023-01-10,30,7.457106247544289,MY,29.444730758666992,0.5552692413330078,1,thetao_MY_20230101_20231231.nc
97_dat,2023-01-11,5,7.360423609614372,MY,5.078224182128906,0.07822418212890625,1,thetao_MY_20230101_20231231.nc
97_dat,2023-01-11,10,7.360423609614372,MY,9.572997093200684,0.4270029067993164,1,thetao_MY_20230101_20231231.nc
97_dat,2023-01-11,15,7.360423609614372,MY,15.810070037841797,0.8100700378417969,1,thetao_MY_20230101_20231231.nc
97_dat,2023-01-11,20,7.360423609614372,MY,18.495559692382812,1.5044403076171875,1,thetao_MY_20230101_20231231.nc
97_dat,2023-01-11,30,7.383129380643368,MY,29.444730758666992,0.5552692413330078,1,thetao_MY_20230101_20231231.nc
97_dat,2023-01-12,5,7.339915171265602,MY,5.078224182128906,0.07822418212890625,1,thetao_MY_20230101_20231231.nc
97_dat,2023-01-12,10,7.337717838585377,MY,9.572997093200684,0.4270029067993164,1,thetao_MY_20230101_20231231.nc
97_dat,2023-01-12,15,7.336985394358635,MY,15.810070037841797,0.8100700378417969,1,thetao_MY_20230101_20231231.nc
97_dat,2023-01-12,20,7.336985394358635,MY,18.495559692382812,1.5044403076171875,1,thetao_MY_20230101_20231231.nc
97_dat,2023-01-12,30,7.354564055800438,MY,29.444730758666992,0.5552692413330078,1,thetao_MY_20230101_20231231.nc
97_dat,2023-01-13,5,7.28571429848671,MY,5.078224182128906,0.07822418212890625,1,thetao_MY_20230101_20231231.nc
97_dat,2023-01-13,10,7.279854744672775,MY,9.572997093200684,0.4270029067993164,1,thetao_MY_20230101_20231231.nc
97_dat,2023-01-13,15,7.273262746632099,MY,15.810070037841797,0.8100700378417969,1,thetao_MY_20230101_20231231.nc
97_dat,2023-01-13,20,7.270332969725132,MY,18.495559692382812,1.5044403076171875,1,thetao_MY_20230101_20231231.nc
97_dat,2023-01-13,30,7.281319633126259,MY,29.444730758666992,0.5552692413330078,1,thetao_MY_20230101_20231231.nc
97_dat,2023-01-14,5,7.078432582318783,MY,5.078224182128906,0.07822418212890625,1,thetao_MY_20230101_20231231.nc
97_dat,2023-01-14,10,7.090884134173393,MY,9.572997093200684,0.4270029067993164,1,thetao_MY_20230101_20231231.nc
97_dat,2023-01-14,15,7.1004059091210365,MY,15.810070037841797,0.8100700378417969,1,thetao_MY_20230101_20231231.nc
97_dat,2023-01-14,20,7.102603241801262,MY,18.495559692382812,1.5044403076171875,1,thetao_MY_20230101_20231231.nc
97_dat,2023-01-14,30,7.116519682109356,MY,29.444730758666992,0.5552692413330078,1,thetao_MY_20230101_20231231.nc
97_dat,2023-01-15,5,6.765678897500038,MY,5.078224182128906,0.07822418212890625,1,thetao_MY_20230101_20231231.nc
97_dat,2023-01-15,10,6.773003339767456,MY,9.572997093200684,0.4270029067993164,1,thetao_MY_20230101_20231231.nc
97_dat,2023-01-15,15,6.776665560901165,MY,15.810070037841797,0.8100700378417969,1,thetao_MY_20230101_20231231.nc
97_dat,2023-01-15,20,6.778130449354649,MY,18.495559692382812,1.5044403076171875,1,thetao_MY_20230101_20231231.nc
97_dat,2023-01-15,30,6.8030335530638695,MY,29.444730758666992,0.5552692413330078,1,thetao_MY_20230101_20231231.nc
97_dat,2023-01-16,5,6.170201741158962,MY,5.078224182128906,0.07822418212890625,1,thetao_MY_20230101_20231231.nc
97_dat,2023-01-16,10,6.175328850746155,MY,9.572997093200684,0.4270029067993164,1,thetao_MY_20230101_20231231.nc
97_dat,2023-01-16,15,6.178991071879864,MY,15.810070037841797,0.8100700378417969,1,thetao_MY_20230101_20231231.nc
97_dat,2023-01-16,20,6.181188404560089,MY,18.495559692382812,1.5044403076171875,1,thetao_MY_20230101_20231231.nc
97_dat,2023-01-16,30,6.230262167751789,MY,29.444730758666992,0.5552692413330078,1,thetao_MY_20230101_20231231.nc
97_dat,2023-01-17,5,5.507339715957642,MY,5.078224182128906,0.07822418212890625,1,thetao_MY_20230101_20231231.nc
97_dat,2023-01-17,10,5.507339715957642,MY,9.572997093200684,0.4270029067993164,1,thetao_MY_20230101_20231231.nc
97_dat,2023-01-17,15,5.507339715957642,MY,15.810070037841797,0.8100700378417969,1,thetao_MY_20230101_20231231.nc
97_dat,2023-01-17,20,5.512466825544834,MY,18.495559692382812,1.5044403076171875,1,thetao_MY_20230101_20231231.nc
97_dat,2023-01-17,30,5.579119250178337,MY,29.444730758666992,0.5552692413330078,1,thetao_MY_20230101_20231231.nc
97_dat,2023-01-18,5,5.097903393208981,MY,5.078224182128906,0.07822418212890625,1,thetao_MY_20230101_20231231.nc
97_dat,2023-01-18,10,5.097903393208981,MY,9.572997093200684,0.4270029067993164,1,thetao_MY_20230101_20231231.nc
97_dat,2023-01-18,15,5.100833170115948,MY,15.810070037841797,0.8100700378417969,1,thetao_MY_20230101_20231231.nc
97_dat,2023-01-18,20,5.111819833517075,MY,18.495559692382812,1.5044403076171875,1,thetao_MY_20230101_20231231.nc
97_dat,2023-01-18,30,5.239997573196888,MY,29.444730758666992,0.5552692413330078,1,thetao_MY_20230101_20231231.nc
97_dat,2023-01-19,5,4.932370997965336,MY,5.078224182128906,0.07822418212890625,1,thetao_MY_20230101_20231231.nc
97_dat,2023-01-19,10,4.937498107552528,MY,9.572997093200684,0.4270029067993164,1,thetao_MY_20230101_20231231.nc
97_dat,2023-01-19,15,4.951414547860622,MY,15.810070037841797,0.8100700378417969,1,thetao_MY_20230101_20231231.nc
97_dat,2023-01-19,20,4.9719229862093925,MY,18.495559692382812,1.5044403076171875,1,thetao_MY_20230101_20231231.nc
97_dat,2023-01-19,30,5.072267845273018,MY,29.444730758666992,0.5552692413330078,1,thetao_MY_20230101_20231231.nc
97_dat,2023-01-20,5,4.7412030547857285,MY,5.078224182128906,0.07822418212890625,1,thetao_MY_20230101_20231231.nc
97_dat,2023-01-20,10,4.76244393736124,MY,9.572997093200684,0.4270029067993164,1,thetao_MY_20230101_20231231.nc
97_dat,2023-01-20,15,4.813715033233166,MY,15.810070037841797,0.8100700378417969,1,thetao_MY_20230101_20231231.nc
97_dat,2023-01-20,20,4.854731909930706,MY,18.495559692382812,1.5044403076171875,1,thetao_MY_20230101_20231231.nc
97_dat,2023-01-20,30,4.984374538064003,MY,29.444730758666992,0.5552692413330078,1,thetao_MY_20230101_20231231.nc
97_dat,2023-01-21,5,4.566881328821182,MY,5.078224182128906,0.07822418212890625,1,thetao_MY_20230101_20231231.nc
97_dat,2023-01-21,10,4.566881328821182,MY,9.572997093200684,0.4270029067993164,1,thetao_MY_20230101_20231231.nc
97_dat,2023-01-21,15,4.572008438408375,MY,15.810070037841797,0.8100700378417969,1,thetao_MY_20230101_20231231.nc
97_dat,2023-01-21,20,4.58226265758276,MY,18.495559692382812,1.5044403076171875,1,thetao_MY_20230101_20231231.nc
97_dat,2023-01-21,30,4.698721289634705,MY,29.444730758666992,0.5552692413330078,1,thetao_MY_20230101_20231231.nc
97_dat,2023-01-22,5,4.396954268217087,MY,5.078224182128906,0.07822418212890625,1,thetao_MY_20230101_20231231.nc
97_dat,2023-01-22,10,4.396954268217087,MY,9.572997093200684,0.4270029067993164,1,thetao_MY_20230101_20231231.nc
97_dat,2023-01-22,15,4.396954268217087,MY,15.810070037841797,0.8100700378417969,1,thetao_MY_20230101_20231231.nc
97_dat,2023-01-22,20,4.396954268217087,MY,18.495559692382812,1.5044403076171875,1,thetao_MY_20230101_20231231.nc
97_dat,2023-01-22,30,4.449690252542496,MY,29.444730758666992,0.5552692413330078,1,thetao_MY_20230101_20231231.nc
97_dat,2023-01-23,5,4.286355189979076,MY,5.078224182128906,0.07822418212890625,1,thetao_MY_20230101_20231231.nc
97_dat,2023-01-23,10,4.290017411112785,MY,9.572997093200684,0.4270029067993164,1,thetao_MY_20230101_20231231.nc
97_dat,2023-01-23,15,4.298074297606945,MY,15.810070037841797,0.8100700378417969,1,thetao_MY_20230101_20231231.nc
97_dat,2023-01-23,20,4.303201407194138,MY,18.495559692382812,1.5044403076171875,1,thetao_MY_20230101_20231231.nc
97_dat,2023-01-23,30,4.385235160589218,MY,29.444730758666992,0.5552692413330078,1,thetao_MY_20230101_20231231.nc
97_dat,2023-01-24,5,4.136204123497009,MY,5.078224182128906,0.07822418212890625,1,thetao_MY_20230101_20231231.nc
97_dat,2023-01-24,10,4.136204123497009,MY,9.572997093200684,0.4270029067993164,1,thetao_MY_20230101_20231231.nc
97_dat,2023-01-24,15,4.136204123497009,MY,15.810070037841797,0.8100700378417969,1,thetao_MY_20230101_20231231.nc
97_dat,2023-01-24,20,4.136204123497009,MY,18.495559692382812,1.5044403076171875,1,thetao_MY_20230101_20231231.nc
97_dat,2023-01-24,30,4.194067217409611,MY,29.444730758666992,0.5552692413330078,1,thetao_MY_20230101_20231231.nc
97_dat,2023-01-25,5,3.9677419513463974,MY,5.078224182128906,0.07822418212890625,1,thetao_MY_20230101_20231231.nc
97_dat,2023-01-25,10,3.9677419513463974,MY,9.572997093200684,0.4270029067993164,1,thetao_MY_20230101_20231231.nc
97_dat,2023-01-25,15,3.9677419513463974,MY,15.810070037841797,0.8100700378417969,1,thetao_MY_20230101_20231231.nc
97_dat,2023-01-25,20,3.9677419513463974,MY,18.495559692382812,1.5044403076171875,1,thetao_MY_20230101_20231231.nc
97_dat,2023-01-25,30,4.032929487526417,MY,29.444730758666992,0.5552692413330078,1,thetao_MY_20230101_20231231.nc
97_dat,2023-01-26,5,3.9472335129976273,MY,5.078224182128906,0.07822418212890625,1,thetao_MY_20230101_20231231.nc
97_dat,2023-01-26,10,3.9472335129976273,MY,9.572997093200684,0.4270029067993164,1,thetao_MY_20230101_20231231.nc
97_dat,2023-01-26,15,3.9472335129976273,MY,15.810070037841797,0.8100700378417969,1,thetao_MY_20230101_20231231.nc
97_dat,2023-01-26,20,3.9472335129976273,MY,18.495559692382812,1.5044403076171875,1,thetao_MY_20230101_20231231.nc
97_dat,2023-01-26,30,3.9948423877358437,MY,29.444730758666992,0.5552692413330078,1,thetao_MY_20230101_20231231.nc
97_dat,2023-01-27,5,4.05050814896822,MY,5.078224182128906,0.07822418212890625,1,thetao_MY_20230101_20231231.nc
97_dat,2023-01-27,10,4.05050814896822,MY,9.572997093200684,0.4270029067993164,1,thetao_MY_20230101_20231231.nc
97_dat,2023-01-27,15,4.05050814896822,MY,15.810070037841797,0.8100700378417969,1,thetao_MY_20230101_20231231.nc
97_dat,2023-01-27,20,4.05050814896822,MY,18.495559692382812,1.5044403076171875,1,thetao_MY_20230101_20231231.nc
97_dat,2023-01-27,30,4.082003250718117,MY,29.444730758666992,0.5552692413330078,1,thetao_MY_20230101_20231231.nc
97_dat,2023-01-28,5,4.069551698863506,MY,5.078224182128906,0.07822418212890625,1,thetao_MY_20230101_20231231.nc
97_dat,2023-01-28,10,4.069551698863506,MY,9.572997093200684,0.4270029067993164,1,thetao_MY_20230101_20231231.nc
97_dat,2023-01-28,15,4.069551698863506,MY,15.810070037841797,0.8100700378417969,1,thetao_MY_20230101_20231231.nc
97_dat,2023-01-28,20,4.069551698863506,MY,18.495559692382812,1.5044403076171875,1,thetao_MY_20230101_20231231.nc
97_dat,2023-01-28,30,4.098849467933178,MY,29.444730758666992,0.5552692413330078,1,thetao_MY_20230101_20231231.nc
97_dat,2023-01-29,5,4.039521485567093,MY,5.078224182128906,0.07822418212890625,1,thetao_MY_20230101_20231231.nc
97_dat,2023-01-29,10,4.039521485567093,MY,9.572997093200684,0.4270029067993164,1,thetao_MY_20230101_20231231.nc
97_dat,2023-01-29,15,4.039521485567093,MY,15.810070037841797,0.8100700378417969,1,thetao_MY_20230101_20231231.nc
97_dat,2023-01-29,20,4.039521485567093,MY,18.495559692382812,1.5044403076171875,1,thetao_MY_20230101_20231231.nc
97_dat,2023-01-29,30,4.069551698863506,MY,29.444730758666992,0.5552692413330078,1,thetao_MY_20230101_20231231.nc
97_dat,2023-01-30,5,3.9889828339219093,MY,5.078224182128906,0.07822418212890625,1,thetao_MY_20230101_20231231.nc
97_dat,2023-01-30,10,3.9882503896951675,MY,9.572997093200684,0.4270029067993164,1,thetao_MY_20230101_20231231.nc
97_dat,2023-01-30,15,3.9875179454684258,MY,15.810070037841797,0.8100700378417969,1,thetao_MY_20230101_20231231.nc
97_dat,2023-01-30,20,3.9875179454684258,MY,18.495559692382812,1.5044403076171875,1,thetao_MY_20230101_20231231.nc
97_dat,2023-01-30,30,4.021210379898548,MY,29.444730758666992,0.5552692413330078,1,thetao_MY_20230101_20231231.nc
97_dat,2023-01-31,5,3.7882931157946587,MY,5.078224182128906,0.07822418212890625,1,thetao_MY_20230101_20231231.nc
97_dat,2023-01-31,10,3.7882931157946587,MY,9.572997093200684,0.4270029067993164,1,thetao_MY_20230101_20231231.nc
97_dat,2023-01-31,15,3.7882931157946587,MY,15.810070037841797,0.8100700378417969,1,thetao_MY_20230101_20231231.nc
97_dat,2023-01-31,20,3.7882931157946587,MY,18.495559692382812,1.5044403076171875,1,thetao_MY_20230101_20231231.nc
97_dat,2023-01-31,30,3.8278451040387154,MY,29.444730758666992,0.5552692413330078,1,thetao_MY_20230101_20231231.nc
97_dat,2023-02-01,5,3.5224158614873886,MY,5.078224182128906,0.07822418212890625,1,thetao_MY_20230101_20231231.nc
97_dat,2023-02-01,10,3.535599857568741,MY,9.572997093200684,0.4270029067993164,1,thetao_MY_20230101_20231231.nc
97_dat,2023-02-01,15,3.5480514094233513,MY,15.810070037841797,0.8100700378417969,1,thetao_MY_20230101_20231231.nc
97_dat,2023-02-01,20,3.5575731843709946,MY,18.495559692382812,1.5044403076171875,1,thetao_MY_20230101_20231231.nc
97_dat,2023-02-01,30,3.6234931647777557,MY,29.444730758666992,0.5552692413330078,1,thetao_MY_20230101_20231231.nc
97_dat,2023-02-02,5,3.2565386071801186,MY,5.078224182128906,0.07822418212890625,1,thetao_MY_20230101_20231231.nc
97_dat,2023-02-02,10,3.2565386071801186,MY,9.572997093200684,0.4270029067993164,1,thetao_MY_20230101_20231231.nc
97_dat,2023-02-02,15,3.2565386071801186,MY,15.810070037841797,0.8100700378417969,1,thetao_MY_20230101_20231231.nc
97_dat,2023-02-02,20,3.2565386071801186,MY,18.495559692382812,1.5044403076171875,1,thetao_MY_20230101_20231231.nc
97_dat,2023-02-02,30,3.310739479959011,MY,29.444730758666992,0.5552692413330078,1,thetao_MY_20230101_20231231.nc
97_dat,2023-02-03,5,3.110782206058502,MY,5.078224182128906,0.07822418212890625,1,thetao_MY_20230101_20231231.nc
97_dat,2023-02-03,10,3.110782206058502,MY,9.572997093200684,0.4270029067993164,1,thetao_MY_20230101_20231231.nc
97_dat,2023-02-03,15,3.110782206058502,MY,15.810070037841797,0.8100700378417969,1,thetao_MY_20230101_20231231.nc
97_dat,2023-02-03,20,3.110782206058502,MY,18.495559692382812,1.5044403076171875,1,thetao_MY_20230101_20231231.nc
97_dat,2023-02-03,30,3.1517990827560425,MY,29.444730758666992,0.5552692413330078,1,thetao_MY_20230101_20231231.nc
97_dat,2023-02-04,5,3.044862225651741,MY,5.078224182128906,0.07822418212890625,1,thetao_MY_20230101_20231231.nc
97_dat,2023-02-04,10,3.0433973371982574,MY,9.572997093200684,0.4270029067993164,1,thetao_MY_20230101_20231231.nc
97_dat,2023-02-04,15,3.041932448744774,MY,15.810070037841797,0.8100700378417969,1,thetao_MY_20230101_20231231.nc
97_dat,2023-02-04,20,3.041932448744774,MY,18.495559692382812,1.5044403076171875,1,thetao_MY_20230101_20231231.nc
97_dat,2023-02-04,30,3.087343990802765,MY,29.444730758666992,0.5552692413330078,1,thetao_MY_20230101_20231231.nc
97_dat,2023-02-05,5,2.988464020192623,MY,5.078224182128906,0.07822418212890625,1,thetao_MY_20230101_20231231.nc
97_dat,2023-02-05,10,2.9869991317391396,MY,9.572997093200684,0.4270029067993164,1,thetao_MY_20230101_20231231.nc
97_dat,2023-02-05,15,2.985534243285656,MY,15.810070037841797,0.8100700378417969,1,thetao_MY_20230101_20231231.nc
97_dat,2023-02-05,20,2.9862666875123978,MY,18.495559692382812,1.5044403076171875,1,thetao_MY_20230101_20231231.nc
97_dat,2023-02-05,30,3.0441297814249992,MY,29.444730758666992,0.5552692413330078,1,thetao_MY_20230101_20231231.nc
97_dat,2023-02-06,5,2.893978714942932,MY,5.078224182128906,0.07822418212890625,1,thetao_MY_20230101_20231231.nc
97_dat,2023-02-06,10,2.887386716902256,MY,9.572997093200684,0.4270029067993164,1,thetao_MY_20230101_20231231.nc
97_dat,2023-02-06,15,2.883724495768547,MY,15.810070037841797,0.8100700378417969,1,thetao_MY_20230101_20231231.nc
97_dat,2023-02-06,20,2.8829920515418053,MY,18.495559692382812,1.5044403076171875,1,thetao_MY_20230101_20231231.nc
97_dat,2023-02-06,30,2.9628284722566605,MY,29.444730758666992,0.5552692413330078,1,thetao_MY_20230101_20231231.nc
97_dat,2023-02-07,5,2.726248987019062,MY,5.078224182128906,0.07822418212890625,1,thetao_MY_20230101_20231231.nc
97_dat,2023-02-07,10,2.7218543216586113,MY,9.572997093200684,0.4270029067993164,1,thetao_MY_20230101_20231231.nc
97_dat,2023-02-07,15,2.718924544751644,MY,15.810070037841797,0.8100700378417969,1,thetao_MY_20230101_20231231.nc
97_dat,2023-02-07,20,2.718924544751644,MY,18.495559692382812,1.5044403076171875,1,thetao_MY_20230101_20231231.nc
97_dat,2023-02-07,30,2.821466736495495,MY,29.444730758666992,0.5552692413330078,1,thetao_MY_20230101_20231231.nc
97_dat,2023-02-08,5,2.5497299283742905,MY,5.078224182128906,0.07822418212890625,1,thetao_MY_20230101_20231231.nc
97_dat,2023-02-08,10,2.5468001514673233,MY,9.572997093200684,0.4270029067993164,1,thetao_MY_20230101_20231231.nc
97_dat,2023-02-08,15,2.5453352630138397,MY,15.810070037841797,0.8100700378417969,1,thetao_MY_20230101_20231231.nc
97_dat,2023-02-08,20,2.5489974841475487,MY,18.495559692382812,1.5044403076171875,1,thetao_MY_20230101_20231231.nc
97_dat,2023-02-08,30,2.66399122774601,MY,29.444730758666992,0.5552692413330078,1,thetao_MY_20230101_20231231.nc
97_dat,2023-02-09,5,2.3578295409679413,MY,5.078224182128906,0.07822418212890625,1,thetao_MY_20230101_20231231.nc
97_dat,2023-02-09,10,2.3578295409679413,MY,9.572997093200684,0.4270029067993164,1,thetao_MY_20230101_20231231.nc
97_dat,2023-02-09,15,2.3578295409679413,MY,15.810070037841797,0.8100700378417969,1,thetao_MY_20230101_20231231.nc
97_dat,2023-02-09,20,2.358561985194683,MY,18.495559692382812,1.5044403076171875,1,thetao_MY_20230101_20231231.nc
97_dat,2023-02-09,30,2.499191276729107,MY,29.444730758666992,0.5552692413330078,1,thetao_MY_20230101_20231231.nc
97_dat,2023-02-10,5,2.180578038096428,MY,5.078224182128906,0.07822418212890625,1,thetao_MY_20230101_20231231.nc
97_dat,2023-02-10,10,2.184240259230137,MY,9.572997093200684,0.4270029067993164,1,thetao_MY_20230101_20231231.nc
97_dat,2023-02-10,15,2.208410918712616,MY,15.810070037841797,0.8100700378417969,1,thetao_MY_20230101_20231231.nc
97_dat,2023-02-10,20,2.223059803247452,MY,18.495559692382812,1.5044403076171875,1,thetao_MY_20230101_20231231.nc
97_dat,2023-02-10,30,2.3468428775668144,MY,29.444730758666992,0.5552692413330078,1,thetao_MY_20230101_20231231.nc
97_dat,2023-02-11,5,2.0355540812015533,MY,5.078224182128906,0.07822418212890625,1,thetao_MY_20230101_20231231.nc
97_dat,2023-02-11,10,2.050202965736389,MY,9.572997093200684,0.4270029067993164,1,thetao_MY_20230101_20231231.nc
97_dat,2023-02-11,15,2.0846278443932533,MY,15.810070037841797,0.8100700378417969,1,thetao_MY_20230101_20231231.nc
97_dat,2023-02-11,20,2.092684730887413,MY,18.495559692382812,1.5044403076171875,1,thetao_MY_20230101_20231231.nc
97_dat,2023-02-11,30,2.159337155520916,MY,29.444730758666992,0.5552692413330078,1,thetao_MY_20230101_20231231.nc
97_dat,2023-02-12,5,1.8414563611149788,MY,5.078224182128906,0.07822418212890625,1,thetao_MY_20230101_20231231.nc
97_dat,2023-02-12,10,1.9095736742019653,MY,9.572997093200684,0.4270029067993164,1,thetao_MY_20230101_20231231.nc
97_dat,2023-02-12,15,1.9498581066727638,MY,15.810070037841797,0.8100700378417969,1,thetao_MY_20230101_20231231.nc
97_dat,2023-02-12,20,1.960112325847149,MY,18.495559692382812,1.5044403076171875,1,thetao_MY_20230101_20231231.nc
97_dat,2023-02-12,30,2.0077212005853653,MY,29.444730758666992,0.5552692413330078,1,thetao_MY_20230101_20231231.nc
97_dat,2023-02-13,5,1.630512423813343,MY,5.078224182128906,0.07822418212890625,1,thetao_MY_20230101_20231231.nc
97_dat,2023-02-13,10,1.7030244022607803,MY,9.572997093200684,0.4270029067993164,1,thetao_MY_20230101_20231231.nc
97_dat,2023-02-13,15,1.8106937035918236,MY,15.810070037841797,0.8100700378417969,1,thetao_MY_20230101_20231231.nc
97_dat,2023-02-13,20,1.8253425881266594,MY,18.495559692382812,1.5044403076171875,1,thetao_MY_20230101_20231231.nc
97_dat,2023-02-13,30,1.8751487955451012,MY,29.444730758666992,0.5552692413330078,1,thetao_MY_20230101_20231231.nc
97_dat,2023-02-14,5,1.4935453534126282,MY,5.078224182128906,0.07822418212890625,1,thetao_MY_20230101_20231231.nc
97_dat,2023-02-14,10,1.5103915706276894,MY,9.572997093200684,0.4270029067993164,1,thetao_MY_20230101_20231231.nc
97_dat,2023-02-14,15,1.6393017545342445,MY,15.810070037841797,0.8100700378417969,1,thetao_MY_20230101_20231231.nc
97_dat,2023-02-14,20,1.6883755177259445,MY,18.495559692382812,1.5044403076171875,1,thetao_MY_20230101_20231231.nc
97_dat,2023-02-14,30,1.8033692613244057,MY,29.444730758666992,0.5552692413330078,1,thetao_MY_20230101_20231231.nc
97_dat,2023-02-15,5,1.3565782830119133,MY,5.078224182128906,0.07822418212890625,1,thetao_MY_20230101_20231231.nc
97_dat,2023-02-15,10,1.3558458387851715,MY,9.572997093200684,0.4270029067993164,1,thetao_MY_20230101_20231231.nc
97_dat,2023-02-15,15,1.4495986998081207,MY,15.810070037841797,0.8100700378417969,1,thetao_MY_20230101_20231231.nc
97_dat,2023-02-15,20,1.4862209111452103,MY,18.495559692382812,1.5044403076171875,1,thetao_MY_20230101_20231231.nc
97_dat,2023-02-15,30,1.7066866233944893,MY,29.444730758666992,0.5552692413330078,1,thetao_MY_20230101_20231231.nc
97_dat,2023-02-16,5,1.2276680991053581,MY,5.078224182128906,0.07822418212890625,1,thetao_MY_20230101_20231231.nc
97_dat,2023-02-16,10,1.2276680991053581,MY,9.572997093200684,0.4270029067993164,1,thetao_MY_20230101_20231231.nc
97_dat,2023-02-16,15,1.2869960814714432,MY,15.810070037841797,0.8100700378417969,1,thetao_MY_20230101_20231231.nc
97_dat,2023-02-16,20,1.3316751793026924,MY,18.495559692382812,1.5044403076171875,1,thetao_MY_20230101_20231231.nc
97_dat,2023-02-16,30,1.4547258093953133,MY,29.444730758666992,0.5552692413330078,1,thetao_MY_20230101_20231231.nc
97_dat,2023-02-17,5,1.1346476823091507,MY,5.078224182128906,0.07822418212890625,1,thetao_MY_20230101_20231231.nc
97_dat,2023-02-17,10,1.1199987977743149,MY,9.572997093200684,0.4270029067993164,1,thetao_MY_20230101_20231231.nc
97_dat,2023-02-17,15,1.1668752282857895,MY,15.810070037841797,0.8100700378417969,1,thetao_MY_20230101_20231231.nc
97_dat,2023-02-17,20,1.2056947723031044,MY,18.495559692382812,1.5044403076171875,1,thetao_MY_20230101_20231231.nc
97_dat,2023-02-17,30,1.3097018525004387,MY,29.444730758666992,0.5552692413330078,1,thetao_MY_20230101_20231231.nc
97_dat,2023-02-18,5,1.0767845883965492,MY,5.078224182128906,0.07822418212890625,1,thetao_MY_20230101_20231231.nc
97_dat,2023-02-18,10,1.0445570424199104,MY,9.572997093200684,0.4270029067993164,1,thetao_MY_20230101_20231231.nc
97_dat,2023-02-18,15,1.0731223672628403,MY,15.810070037841797,0.8100700378417969,1,thetao_MY_20230101_20231231.nc
97_dat,2023-02-18,20,1.0980254709720612,MY,18.495559692382812,1.5044403076171875,1,thetao_MY_20230101_20231231.nc
97_dat,2023-02-18,30,1.1749321147799492,MY,29.444730758666992,0.5552692413330078,1,thetao_MY_20230101_20231231.nc
97_dat,2023-02-19,5,0.9566637352108955,MY,5.078224182128906,0.07822418212890625,1,thetao_MY_20230101_20231231.nc
97_dat,2023-02-19,10,0.9537339583039284,MY,9.572997093200684,0.4270029067993164,1,thetao_MY_20230101_20231231.nc
97_dat,2023-02-19,15,0.9661855101585388,MY,15.810070037841797,0.8100700378417969,1,thetao_MY_20230101_20231231.nc
97_dat,2023-02-19,20,0.9815668389201164,MY,18.495559692382812,1.5044403076171875,1,thetao_MY_20230101_20231231.nc
97_dat,2023-02-19,30,1.0365001559257507,MY,29.444730758666992,0.5552692413330078,1,thetao_MY_20230101_20231231.nc
97_dat,2023-02-20,5,0.8753624260425568,MY,5.078224182128906,0.07822418212890625,1,thetao_MY_20230101_20231231.nc
97_dat,2023-02-20,10,0.8775597587227821,MY,9.572997093200684,0.4270029067993164,1,thetao_MY_20230101_20231231.nc
97_dat,2023-02-20,15,0.9171117469668388,MY,15.810070037841797,0.8100700378417969,1,thetao_MY_20230101_20231231.nc
97_dat,2023-02-20,20,0.9295632988214493,MY,18.495559692382812,1.5044403076171875,1,thetao_MY_20230101_20231231.nc
97_dat,2023-02-20,30,1.0350352674722672,MY,29.444730758666992,0.5552692413330078,1,thetao_MY_20230101_20231231.nc
97_dat,2023-02-21,5,0.8013855591416359,MY,5.078224182128906,0.07822418212890625,1,thetao_MY_20230101_20231231.nc
97_dat,2023-02-21,10,0.7962584495544434,MY,9.572997093200684,0.4270029067993164,1,thetao_MY_20230101_20231231.nc
97_dat,2023-02-21,15,0.8504593223333359,MY,15.810070037841797,0.8100700378417969,1,thetao_MY_20230101_20231231.nc
97_dat,2023-02-21,20,0.888546422123909,MY,18.495559692382812,1.5044403076171875,1,thetao_MY_20230101_20231231.nc
97_dat,2023-02-21,30,1.0767845883965492,MY,29.444730758666992,0.5552692413330078,1,thetao_MY_20230101_20231231.nc
97_dat,2023-02-22,5,0.7559740170836449,MY,5.078224182128906,0.07822418212890625,1,thetao_MY_20230101_20231231.nc
97_dat,2023-02-22,10,0.7676931247115135,MY,9.572997093200684,0.4270029067993164,1,thetao_MY_20230101_20231231.nc
97_dat,2023-02-22,15,0.8160344436764717,MY,15.810070037841797,0.8100700378417969,1,thetao_MY_20230101_20231231.nc
97_dat,2023-02-22,20,0.8563188761472702,MY,18.495559692382812,1.5044403076171875,1,thetao_MY_20230101_20231231.nc
97_dat,2023-02-22,30,1.056276150047779,MY,29.444730758666992,0.5552692413330078,1,thetao_MY_20230101_20231231.nc
97_dat,2023-02-23,5,0.7464522421360016,MY,5.078224182128906,0.07822418212890625,1,thetao_MY_20230101_20231231.nc
97_dat,2023-02-23,10,0.7545091286301613,MY,9.572997093200684,0.4270029067993164,1,thetao_MY_20230101_20231231.nc
97_dat,2023-02-23,15,0.8050477802753448,MY,15.810070037841797,0.8100700378417969,1,thetao_MY_20230101_20231231.nc
97_dat,2023-02-23,20,0.8292184397578239,MY,18.495559692382812,1.5044403076171875,1,thetao_MY_20230101_20231231.nc
97_dat,2023-02-23,30,1.0093997195363045,MY,29.444730758666992,0.5552692413330078,1,thetao_MY_20230101_20231231.nc
97_dat,2023-02-24,5,0.7713553458452225,MY,5.078224182128906,0.07822418212890625,1,thetao_MY_20230101_20231231.nc
97_dat,2023-02-24,10,0.7925962284207344,MY,9.572997093200684,0.4270029067993164,1,thetao_MY_20230101_20231231.nc
97_dat,2023-02-24,15,0.8138371109962463,MY,15.810070037841797,0.8100700378417969,1,thetao_MY_20230101_20231231.nc
97_dat,2023-02-24,20,0.8277535513043404,MY,18.495559692382812,1.5044403076171875,1,thetao_MY_20230101_20231231.nc
97_dat,2023-02-24,30,0.9940183907747269,MY,29.444730758666992,0.5552692413330078,1,thetao_MY_20230101_20231231.nc
97_dat,2023-02-25,5,0.7530442401766777,MY,5.078224182128906,0.07822418212890625,1,thetao_MY_20230101_20231231.nc
97_dat,2023-02-25,10,0.8167668879032135,MY,9.572997093200684,0.4270029067993164,1,thetao_MY_20230101_20231231.nc
97_dat,2023-02-25,15,0.8314157724380493,MY,15.810070037841797,0.8100700378417969,1,thetao_MY_20230101_20231231.nc
97_dat,2023-02-25,20,0.8453322127461433,MY,18.495559692382812,1.5044403076171875,1,thetao_MY_20230101_20231231.nc
97_dat,2023-02-25,30,1.0167241618037224,MY,29.444730758666992,0.5552692413330078,1,thetao_MY_20230101_20231231.nc
97_dat,2023-02-26,5,0.7567064613103867,MY,5.078224182128906,0.07822418212890625,1,thetao_MY_20230101_20231231.nc
97_dat,2023-02-26,10,0.811639778316021,MY,9.572997093200684,0.4270029067993164,1,thetao_MY_20230101_20231231.nc
97_dat,2023-02-26,15,0.8775597587227821,MY,15.810070037841797,0.8100700378417969,1,thetao_MY_20230101_20231231.nc
97_dat,2023-02-26,20,0.9039277508854866,MY,18.495559692382812,1.5044403076171875,1,thetao_MY_20230101_20231231.nc
97_dat,2023-02-26,30,1.1727347820997238,MY,29.444730758666992,0.5552692413330078,1,thetao_MY_20230101_20231231.nc
97_dat,2023-02-27,5,0.853389099240303,MY,5.078224182128906,0.07822418212890625,1,thetao_MY_20230101_20231231.nc
97_dat,2023-02-27,10,0.8782922029495239,MY,9.572997093200684,0.4270029067993164,1,thetao_MY_20230101_20231231.nc
97_dat,2023-02-27,15,0.9317606315016747,MY,15.810070037841797,0.8100700378417969,1,thetao_MY_20230101_20231231.nc
97_dat,2023-02-27,20,0.9676503986120224,MY,18.495559692382812,1.5044403076171875,1,thetao_MY_20230101_20231231.nc
97_dat,2023-02-27,30,1.3455916196107864,MY,29.444730758666992,0.5552692413330078,1,thetao_MY_20230101_20231231.nc
97_dat,2023-02-28,5,1.053346373140812,MY,5.078224182128906,0.07822418212890625,1,thetao_MY_20230101_20231231.nc
97_dat,2023-02-28,10,1.0057374984025955,MY,9.572997093200684,0.4270029067993164,1,thetao_MY_20230101_20231231.nc
97_dat,2023-02-28,15,1.014526829123497,MY,15.810070037841797,0.8100700378417969,1,thetao_MY_20230101_20231231.nc
97_dat,2023-02-28,20,1.053346373140812,MY,18.495559692382812,1.5044403076171875,1,thetao_MY_20230101_20231231.nc
97_dat,2023-02-28,30,1.4254280403256416,MY,29.444730758666992,0.5552692413330078,1,thetao_MY_20230101_20231231.nc
97_dat,2023-03-01,5,1.1844538897275925,MY,5.078224182128906,0.07822418212890625,1,thetao_MY_20230101_20231231.nc
97_dat,2023-03-01,10,1.1046174690127373,MY,9.572997093200684,0.4270029067993164,1,thetao_MY_20230101_20231231.nc
97_dat,2023-03-01,15,1.1038850247859955,MY,15.810070037841797,0.8100700378417969,1,thetao_MY_20230101_20231231.nc
97_dat,2023-03-01,20,1.1463667899370193,MY,18.495559692382812,1.5044403076171875,1,thetao_MY_20230101_20231231.nc
97_dat,2023-03-01,30,1.5345622301101685,MY,29.444730758666992,0.5552692413330078,1,thetao_MY_20230101_20231231.nc
97_dat,2023-03-02,5,1.340464510023594,MY,5.078224182128906,0.07822418212890625,1,thetao_MY_20230101_20231231.nc
97_dat,2023-03-02,10,1.2327952086925507,MY,9.572997093200684,0.4270029067993164,1,thetao_MY_20230101_20231231.nc
97_dat,2023-03-02,15,1.2100894376635551,MY,15.810070037841797,0.8100700378417969,1,thetao_MY_20230101_20231231.nc
97_dat,2023-03-02,20,1.252571202814579,MY,18.495559692382812,1.5044403076171875,1,thetao_MY_20230101_20231231.nc
97_dat,2023-03-02,30,1.6649373024702072,MY,29.444730758666992,0.5552692413330078,1,thetao_MY_20230101_20231231.nc
97_dat,2023-03-03,5,1.4290902614593506,MY,5.078224182128906,0.07822418212890625,1,thetao_MY_20230101_20231231.nc
97_dat,2023-03-03,10,1.3551133945584297,MY,9.572997093200684,0.4270029067993164,1,thetao_MY_20230101_20231231.nc
97_dat,2023-03-03,15,1.3419293984770775,MY,15.810070037841797,0.8100700378417969,1,thetao_MY_20230101_20231231.nc
97_dat,2023-03-03,20,1.3814813867211342,MY,18.495559692382812,1.5044403076171875,1,thetao_MY_20230101_20231231.nc
97_dat,2023-03-03,30,1.8143559247255325,MY,29.444730758666992,0.5552692413330078,1,thetao_MY_20230101_20231231.nc
97_dat,2023-03-04,5,1.4964751303195953,MY,5.078224182128906,0.07822418212890625,1,thetao_MY_20230101_20231231.nc
97_dat,2023-03-04,10,1.4788964688777924,MY,9.572997093200684,0.4270029067993164,1,thetao_MY_20230101_20231231.nc
97_dat,2023-03-04,15,1.452528476715088,MY,15.810070037841797,0.8100700378417969,1,thetao_MY_20230101_20231231.nc
97_dat,2023-03-04,20,1.4891506880521774,MY,18.495559692382812,1.5044403076171875,1,thetao_MY_20230101_20231231.nc
97_dat,2023-03-04,30,1.9227576702833176,MY,29.444730758666992,0.5552692413330078,1,thetao_MY_20230101_20231231.nc
97_dat,2023-03-05,5,1.5726493299007416,MY,5.078224182128906,0.07822418212890625,1,thetao_MY_20230101_20231231.nc
97_dat,2023-03-05,10,1.5587328895926476,MY,9.572997093200684,0.4270029067993164,1,thetao_MY_20230101_20231231.nc
97_dat,2023-03-05,15,1.536027118563652,MY,15.810070037841797,0.8100700378417969,1,thetao_MY_20230101_20231231.nc
97_dat,2023-03-05,20,1.5726493299007416,MY,18.495559692382812,1.5044403076171875,1,thetao_MY_20230101_20231231.nc
97_dat,2023-03-05,30,1.991607427597046,MY,29.444730758666992,0.5552692413330078,1,thetao_MY_20230101_20231231.nc
97_dat,2023-03-06,5,1.6956999599933624,MY,5.078224182128906,0.07822418212890625,1,thetao_MY_20230101_20231231.nc
97_dat,2023-03-06,10,1.620258204638958,MY,9.572997093200684,0.4270029067993164,1,thetao_MY_20230101_20231231.nc
97_dat,2023-03-06,15,1.5777764394879341,MY,15.810070037841797,0.8100700378417969,1,thetao_MY_20230101_20231231.nc
97_dat,2023-03-06,20,1.610003985464573,MY,18.495559692382812,1.5044403076171875,1,thetao_MY_20230101_20231231.nc
97_dat,2023-03-06,30,2.012115865945816,MY,29.444730758666992,0.5552692413330078,1,thetao_MY_20230101_20231231.nc
97_dat,2023-03-07,5,1.8414563611149788,MY,5.078224182128906,0.07822418212890625,1,thetao_MY_20230101_20231231.nc
97_dat,2023-03-07,10,1.683248408138752,MY,9.572997093200684,0.4270029067993164,1,thetao_MY_20230101_20231231.nc
97_dat,2023-03-07,15,1.6136662065982819,MY,15.810070037841797,0.8100700378417969,1,thetao_MY_20230101_20231231.nc
97_dat,2023-03-07,20,1.6327097564935684,MY,18.495559692382812,1.5044403076171875,1,thetao_MY_20230101_20231231.nc
97_dat,2023-03-07,30,2.015045642852783,MY,29.444730758666992,0.5552692413330078,1,thetao_MY_20230101_20231231.nc
97_dat,2023-03-08,5,1.9886776506900787,MY,5.078224182128906,0.07822418212890625,1,thetao_MY_20230101_20231231.nc
97_dat,2023-03-08,10,1.7660146057605743,MY,9.572997093200684,0.4270029067993164,1,thetao_MY_20230101_20231231.nc
97_dat,2023-03-08,15,1.6678670793771744,MY,15.810070037841797,0.8100700378417969,1,thetao_MY_20230101_20231231.nc
97_dat,2023-03-08,20,1.6700644120573997,MY,18.495559692382812,1.5044403076171875,1,thetao_MY_20230101_20231231.nc
97_dat,2023-03-08,30,2.0414136350154877,MY,29.444730758666992,0.5552692413330078,1,thetao_MY_20230101_20231231.nc
97_dat,2023-03-09,5,2.127109609544277,MY,5.078224182128906,0.07822418212890625,1,thetao_MY_20230101_20231231.nc
97_dat,2023-03-09,10,1.9571825489401817,MY,9.572997093200684,0.4270029067993164,1,thetao_MY_20230101_20231231.nc
97_dat,2023-03-09,15,1.8187505900859833,MY,15.810070037841797,0.8100700378417969,1,thetao_MY_20230101_20231231.nc
97_dat,2023-03-09,20,1.7791986018419266,MY,18.495559692382812,1.5044403076171875,1,thetao_MY_20230101_20231231.nc
97_dat,2023-03-09,30,2.050935409963131,MY,29.444730758666992,0.5552692413330078,1,thetao_MY_20230101_20231231.nc
97_dat,2023-03-10,5,2.1373638287186623,MY,5.078224182128906,0.07822418212890625,1,thetao_MY_20230101_20231231.nc
97_dat,2023-03-10,10,2.0626545175909996,MY,9.572997093200684,0.4270029067993164,1,thetao_MY_20230101_20231231.nc
97_dat,2023-03-10,15,1.960112325847149,MY,15.810070037841797,0.8100700378417969,1,thetao_MY_20230101_20231231.nc
97_dat,2023-03-10,20,1.9190954491496086,MY,18.495559692382812,1.5044403076171875,1,thetao_MY_20230101_20231231.nc
97_dat,2023-03-10,30,1.952787883579731,MY,29.444730758666992,0.5552692413330078,1,thetao_MY_20230101_20231231.nc
97_dat,2023-03-11,5,2.2062135860323906,MY,5.078224182128906,0.07822418212890625,1,thetao_MY_20230101_20231231.nc
97_dat,2023-03-11,10,2.0912198424339294,MY,9.572997093200684,0.4270029067993164,1,thetao_MY_20230101_20231231.nc
97_dat,2023-03-11,15,1.9234901145100594,MY,15.810070037841797,0.8100700378417969,1,thetao_MY_20230101_20231231.nc
97_dat,2023-03-11,20,1.8524430245161057,MY,18.495559692382812,1.5044403076171875,1,thetao_MY_20230101_20231231.nc
97_dat,2023-03-11,30,1.970366545021534,MY,29.444730758666992,0.5552692413330078,1,thetao_MY_20230101_20231231.nc
97_dat,2023-03-12,5,2.204748697578907,MY,5.078224182128906,0.07822418212890625,1,thetao_MY_20230101_20231231.nc
97_dat,2023-03-12,10,2.141026049852371,MY,9.572997093200684,0.4270029067993164,1,thetao_MY_20230101_20231231.nc
97_dat,2023-03-12,15,2.0355540812015533,MY,15.810070037841797,0.8100700378417969,1,thetao_MY_20230101_20231231.nc
97_dat,2023-03-12,20,1.9637745469808578,MY,18.495559692382812,1.5044403076171875,1,thetao_MY_20230101_20231231.nc
97_dat,2023-03-12,30,1.879543460905552,MY,29.444730758666992,0.5552692413330078,1,thetao_MY_20230101_20231231.nc
97_dat,2023-03-13,5,1.9996643140912056,MY,5.078224182128906,0.07822418212890625,1,thetao_MY_20230101_20231231.nc
97_dat,2023-03-13,10,2.004791423678398,MY,9.572997093200684,0.4270029067993164,1,thetao_MY_20230101_20231231.nc
97_dat,2023-03-13,15,1.9850154295563698,MY,15.810070037841797,0.8100700378417969,1,thetao_MY_20230101_20231231.nc
97_dat,2023-03-13,20,1.9732963219285011,MY,18.495559692382812,1.5044403076171875,1,thetao_MY_20230101_20231231.nc
97_dat,2023-03-13,30,1.7572252750396729,MY,29.444730758666992,0.5552692413330078,1,thetao_MY_20230101_20231231.nc
97_dat,2023-03-14,5,1.928617224097252,MY,5.078224182128906,0.07822418212890625,1,thetao_MY_20230101_20231231.nc
97_dat,2023-03-14,10,1.9117710068821907,MY,9.572997093200684,0.4270029067993164,1,thetao_MY_20230101_20231231.nc
97_dat,2023-03-14,15,1.8883327916264534,MY,15.810070037841797,0.8100700378417969,1,thetao_MY_20230101_20231231.nc
97_dat,2023-03-14,20,1.8714865744113922,MY,18.495559692382812,1.5044403076171875,1,thetao_MY_20230101_20231231.nc
97_dat,2023-03-14,30,1.602679543197155,MY,29.444730758666992,0.5552692413330078,1,thetao_MY_20230101_20231231.nc
97_dat,2023-03-15,5,1.998199425637722,MY,5.078224182128906,0.07822418212890625,1,thetao_MY_20230101_20231231.nc
97_dat,2023-03-15,10,1.9579149931669235,MY,9.572997093200684,0.4270029067993164,1,thetao_MY_20230101_20231231.nc
97_dat,2023-03-15,15,1.8941923454403877,MY,15.810070037841797,0.8100700378417969,1,thetao_MY_20230101_20231231.nc
97_dat,2023-03-15,20,1.8553728014230728,MY,18.495559692382812,1.5044403076171875,1,thetao_MY_20230101_20231231.nc
97_dat,2023-03-15,30,1.5265053436160088,MY,29.444730758666992,0.5552692413330078,1,thetao_MY_20230101_20231231.nc
97_dat,2023-03-16,5,1.994537204504013,MY,5.078224182128906,0.07822418212890625,1,thetao_MY_20230101_20231231.nc
97_dat,2023-03-16,10,1.9696341007947922,MY,9.572997093200684,0.4270029067993164,1,thetao_MY_20230101_20231231.nc
97_dat,2023-03-16,15,1.9183630049228668,MY,15.810070037841797,0.8100700378417969,1,thetao_MY_20230101_20231231.nc
97_dat,2023-03-16,20,1.879543460905552,MY,18.495559692382812,1.5044403076171875,1,thetao_MY_20230101_20231231.nc
97_dat,2023-03-16,30,1.4957426860928535,MY,29.444730758666992,0.5552692413330078,1,thetao_MY_20230101_20231231.nc
97_dat,2023-03-17,5,2.0348216369748116,MY,5.078224182128906,0.07822418212890625,1,thetao_MY_20230101_20231231.nc
97_dat,2023-03-17,10,2.012848310172558,MY,9.572997093200684,0.4270029067993164,1,thetao_MY_20230101_20231231.nc
97_dat,2023-03-17,15,1.9059114530682564,MY,15.810070037841797,0.8100700378417969,1,thetao_MY_20230101_20231231.nc
97_dat,2023-03-17,20,1.8458510264754295,MY,18.495559692382812,1.5044403076171875,1,thetao_MY_20230101_20231231.nc
97_dat,2023-03-17,30,1.497940018773079,MY,29.444730758666992,0.5552692413330078,1,thetao_MY_20230101_20231231.nc
97_dat,2023-03-18,5,2.1014740616083145,MY,5.078224182128906,0.07822418212890625,1,thetao_MY_20230101_20231231.nc
97_dat,2023-03-18,10,2.0458083003759384,MY,9.572997093200684,0.4270029067993164,1,thetao_MY_20230101_20231231.nc
97_dat,2023-03-18,15,1.917630560696125,MY,15.810070037841797,0.8100700378417969,1,thetao_MY_20230101_20231231.nc
97_dat,2023-03-18,20,1.8465834707021713,MY,18.495559692382812,1.5044403076171875,1,thetao_MY_20230101_20231231.nc
97_dat,2023-03-18,30,1.5206457898020744,MY,29.444730758666992,0.5552692413330078,1,thetao_MY_20230101_20231231.nc
97_dat,2023-03-19,5,2.2589495703577995,MY,5.078224182128906,0.07822418212890625,1,thetao_MY_20230101_20231231.nc
97_dat,2023-03-19,10,2.1146580576896667,MY,9.572997093200684,0.4270029067993164,1,thetao_MY_20230101_20231231.nc
97_dat,2023-03-19,15,1.9520554393529892,MY,15.810070037841797,0.8100700378417969,1,thetao_MY_20230101_20231231.nc
97_dat,2023-03-19,20,1.875881239771843,MY,18.495559692382812,1.5044403076171875,1,thetao_MY_20230101_20231231.nc
97_dat,2023-03-19,30,1.560930222272873,MY,29.444730758666992,0.5552692413330078,1,thetao_MY_20230101_20231231.nc
97_dat,2023-03-20,5,2.3570970967411995,MY,5.078224182128906,0.07822418212890625,1,thetao_MY_20230101_20231231.nc
97_dat,2023-03-20,10,2.1717887073755264,MY,9.572997093200684,0.4270029067993164,1,thetao_MY_20230101_20231231.nc
97_dat,2023-03-20,15,2.0040589794516563,MY,15.810070037841797,0.8100700378417969,1,thetao_MY_20230101_20231231.nc
97_dat,2023-03-20,20,1.9154332280158997,MY,18.495559692382812,1.5044403076171875,1,thetao_MY_20230101_20231231.nc
97_dat,2023-03-20,30,1.606341764330864,MY,29.444730758666992,0.5552692413330078,1,thetao_MY_20230101_20231231.nc
97_dat,2023-03-21,5,2.5248268246650696,MY,5.078224182128906,0.07822418212890625,1,thetao_MY_20230101_20231231.nc
97_dat,2023-03-21,10,2.270668677985668,MY,9.572997093200684,0.4270029067993164,1,thetao_MY_20230101_20231231.nc
97_dat,2023-03-21,15,2.0919522866606712,MY,15.810070037841797,0.8100700378417969,1,thetao_MY_20230101_20231231.nc
97_dat,2023-03-21,20,1.9886776506900787,MY,18.495559692382812,1.5044403076171875,1,thetao_MY_20230101_20231231.nc
97_dat,2023-03-21,30,1.6393017545342445,MY,29.444730758666992,0.5552692413330078,1,thetao_MY_20230101_20231231.nc
97_dat,2023-03-22,5,2.7518845349550247,MY,5.078224182128906,0.07822418212890625,1,thetao_MY_20230101_20231231.nc
97_dat,2023-03-22,10,2.411297969520092,MY,9.572997093200684,0.4270029067993164,1,thetao_MY_20230101_20231231.nc
97_dat,2023-03-22,15,2.1988891437649727,MY,15.810070037841797,0.8100700378417969,1,thetao_MY_20230101_20231231.nc
97_dat,2023-03-22,20,2.0868251770734787,MY,18.495559692382812,1.5044403076171875,1,thetao_MY_20230101_20231231.nc
97_dat,2023-03-22,30,1.675923965871334,MY,29.444730758666992,0.5552692413330078,1,thetao_MY_20230101_20231231.nc
97_dat,2023-03-23,5,3.0675679966807365,MY,5.078224182128906,0.07822418212890625,1,thetao_MY_20230101_20231231.nc
97_dat,2023-03-23,10,2.6200445741415024,MY,9.572997093200684,0.4270029067993164,1,thetao_MY_20230101_20231231.nc
97_dat,2023-03-23,15,2.3351237699389458,MY,15.810070037841797,0.8100700378417969,1,thetao_MY_20230101_20231231.nc
97_dat,2023-03-23,20,2.2237922474741936,MY,18.495559692382812,1.5044403076171875,1,thetao_MY_20230101_20231231.nc
97_dat,2023-03-23,30,1.738914169371128,MY,29.444730758666992,0.5552692413330078,1,thetao_MY_20230101_20231231.nc
97_dat,2023-03-24,5,3.167912855744362,MY,5.078224182128906,0.07822418212890625,1,thetao_MY_20230101_20231231.nc
97_dat,2023-03-24,10,2.6691183373332024,MY,9.572997093200684,0.4270029067993164,1,thetao_MY_20230101_20231231.nc
97_dat,2023-03-24,15,2.362956650555134,MY,15.810070037841797,0.8100700378417969,1,thetao_MY_20230101_20231231.nc
97_dat,2023-03-24,20,2.2311166897416115,MY,18.495559692382812,1.5044403076171875,1,thetao_MY_20230101_20231231.nc
97_dat,2023-03-24,30,1.823145255446434,MY,29.444730758666992,0.5552692413330078,1,thetao_MY_20230101_20231231.nc
97_dat,2023-03-25,5,3.1613208577036858,MY,5.078224182128906,0.07822418212890625,1,thetao_MY_20230101_20231231.nc
97_dat,2023-03-25,10,2.726981431245804,MY,9.572997093200684,0.4270029067993164,1,thetao_MY_20230101_20231231.nc
97_dat,2023-03-25,15,2.414960190653801,MY,15.810070037841797,0.8100700378417969,1,thetao_MY_20230101_20231231.nc
97_dat,2023-03-25,20,2.261146903038025,MY,18.495559692382812,1.5044403076171875,1,thetao_MY_20230101_20231231.nc
97_dat,2023-03-25,30,1.911038562655449,MY,29.444730758666992,0.5552692413330078,1,thetao_MY_20230101_20231231.nc
97_dat,2023-03-26,5,3.2873012647032738,MY,5.078224182128906,0.07822418212890625,1,thetao_MY_20230101_20231231.nc
97_dat,2023-03-26,10,2.9877315759658813,MY,9.572997093200684,0.4270029067993164,1,thetao_MY_20230101_20231231.nc
97_dat,2023-03-26,15,2.601001024246216,MY,15.810070037841797,0.8100700378417969,1,thetao_MY_20230101_20231231.nc
97_dat,2023-03-26,20,2.4471877366304398,MY,18.495559692382812,1.5044403076171875,1,thetao_MY_20230101_20231231.nc
97_dat,2023-03-26,30,1.966704323887825,MY,29.444730758666992,0.5552692413330078,1,thetao_MY_20230101_20231231.nc
97_dat,2023-03-27,5,3.36347546428442,MY,5.078224182128906,0.07822418212890625,1,thetao_MY_20230101_20231231.nc
97_dat,2023-03-27,10,3.0426648929715157,MY,9.572997093200684,0.4270029067993164,1,thetao_MY_20230101_20231231.nc
97_dat,2023-03-27,15,2.631763681769371,MY,15.810070037841797,0.8100700378417969,1,thetao_MY_20230101_20231231.nc
97_dat,2023-03-27,20,2.466963730752468,MY,18.495559692382812,1.5044403076171875,1,thetao_MY_20230101_20231231.nc
97_dat,2023-03-27,30,2.0553300753235817,MY,29.444730758666992,0.5552692413330078,1,thetao_MY_20230101_20231231.nc
97_dat,2023-03-28,5,3.3436994701623917,MY,5.078224182128906,0.07822418212890625,1,thetao_MY_20230101_20231231.nc
97_dat,2023-03-28,10,2.975280024111271,MY,9.572997093200684,0.4270029067993164,1,thetao_MY_20230101_20231231.nc
97_dat,2023-03-28,15,2.583422362804413,MY,15.810070037841797,0.8100700378417969,1,thetao_MY_20230101_20231231.nc
97_dat,2023-03-28,20,2.41056552529335,MY,18.495559692382812,1.5044403076171875,1,thetao_MY_20230101_20231231.nc
97_dat,2023-03-28,30,2.162266932427883,MY,29.444730758666992,0.5552692413330078,1,thetao_MY_20230101_20231231.nc
97_dat,2023-03-29,5,3.4359874427318573,MY,5.078224182128906,0.07822418212890625,1,thetao_MY_20230101_20231231.nc
97_dat,2023-03-29,10,3.0250862315297127,MY,9.572997093200684,0.4270029067993164,1,thetao_MY_20230101_20231231.nc
97_dat,2023-03-29,15,2.639088124036789,MY,15.810070037841797,0.8100700378417969,1,thetao_MY_20230101_20231231.nc
97_dat,2023-03-29,20,2.4589068442583084,MY,18.495559692382812,1.5044403076171875,1,thetao_MY_20230101_20231231.nc
97_dat,2023-03-29,30,2.253822460770607,MY,29.444730758666992,0.5552692413330078,1,thetao_MY_20230101_20231231.nc
97_dat,2023-03-30,5,3.6842860355973244,MY,5.078224182128906,0.07822418212890625,1,thetao_MY_20230101_20231231.nc
97_dat,2023-03-30,10,3.1547288596630096,MY,9.572997093200684,0.4270029067993164,1,thetao_MY_20230101_20231231.nc
97_dat,2023-03-30,15,2.7416303157806396,MY,15.810070037841797,0.8100700378417969,1,thetao_MY_20230101_20231231.nc
97_dat,2023-03-30,20,2.5504623726010323,MY,18.495559692382812,1.5044403076171875,1,thetao_MY_20230101_20231231.nc
97_dat,2023-03-30,30,2.3285317718982697,MY,29.444730758666992,0.5552692413330078,1,thetao_MY_20230101_20231231.nc
97_dat,2023-03-31,5,3.822717994451523,MY,5.078224182128906,0.07822418212890625,1,thetao_MY_20230101_20231231.nc
97_dat,2023-03-31,10,3.2081972882151604,MY,9.572997093200684,0.4270029067993164,1,thetao_MY_20230101_20231231.nc
97_dat,2023-03-31,15,2.7797174155712128,MY,15.810070037841797,0.8100700378417969,1,thetao_MY_20230101_20231231.nc
97_dat,2023-03-31,20,2.592944137752056,MY,18.495559692382812,1.5044403076171875,1,thetao_MY_20230101_20231231.nc
97_dat,2023-03-31,30,2.4032410830259323,MY,29.444730758666992,0.5552692413330078,1,thetao_MY_20230101_20231231.nc
97_dat,2023-04-01,5,3.6410718262195587,MY,5.078224182128906,0.07822418212890625,1,thetao_MY_20230101_20231231.nc
97_dat,2023-04-01,10,3.096865765750408,MY,9.572997093200684,0.4270029067993164,1,thetao_MY_20230101_20231231.nc
97_dat,2023-04-01,15,2.6801050007343292,MY,15.810070037841797,0.8100700378417969,1,thetao_MY_20230101_20231231.nc
97_dat,2023-04-01,20,2.544602818787098,MY,18.495559692382812,1.5044403076171875,1,thetao_MY_20230101_20231231.nc
97_dat,2023-04-01,30,2.5497299283742905,MY,29.444730758666992,0.5552692413330078,1,thetao_MY_20230101_20231231.nc
97_dat,2023-04-02,5,3.67842648178339,MY,5.078224182128906,0.07822418212890625,1,thetao_MY_20230101_20231231.nc
97_dat,2023-04-02,10,3.1232337579131126,MY,9.572997093200684,0.4270029067993164,1,thetao_MY_20230101_20231231.nc
97_dat,2023-04-02,15,2.709402769804001,MY,15.810070037841797,0.8100700378417969,1,thetao_MY_20230101_20231231.nc
97_dat,2023-04-02,20,2.5914792492985725,MY,18.495559692382812,1.5044403076171875,1,thetao_MY_20230101_20231231.nc
97_dat,2023-04-02,30,2.6786401122808456,MY,29.444730758666992,0.5552692413330078,1,thetao_MY_20230101_20231231.nc
97_dat,2023-04-03,5,3.8930326402187347,MY,5.078224182128906,0.07822418212890625,1,thetao_MY_20230101_20231231.nc
97_dat,2023-04-03,10,3.2147892862558365,MY,9.572997093200684,0.4270029067993164,1,thetao_MY_20230101_20231231.nc
97_dat,2023-04-03,15,2.8016907423734665,MY,15.810070037841797,0.8100700378417969,1,thetao_MY_20230101_20231231.nc
97_dat,2023-04-03,20,2.6749778911471367,MY,18.495559692382812,1.5044403076171875,1,thetao_MY_20230101_20231231.nc
97_dat,2023-04-03,30,2.7694631963968277,MY,29.444730758666992,0.5552692413330078,1,thetao_MY_20230101_20231231.nc
97_dat,2023-04-04,5,3.980193503201008,MY,5.078224182128906,0.07822418212890625,1,thetao_MY_20230101_20231231.nc
97_dat,2023-04-04,10,3.252143941819668,MY,9.572997093200684,0.4270029067993164,1,thetao_MY_20230101_20231231.nc
97_dat,2023-04-04,15,2.855891615152359,MY,15.810070037841797,0.8100700378417969,1,thetao_MY_20230101_20231231.nc
97_dat,2023-04-04,20,2.737235650420189,MY,18.495559692382812,1.5044403076171875,1,thetao_MY_20230101_20231231.nc
97_dat,2023-04-04,30,2.8639485016465187,MY,29.444730758666992,0.5552692413330078,1,thetao_MY_20230101_20231231.nc
97_dat,2023-04-05,5,3.8666646480560303,MY,5.078224182128906,0.07822418212890625,1,thetao_MY_20230101_20231231.nc
97_dat,2023-04-05,10,3.2103946208953857,MY,9.572997093200684,0.4270029067993164,1,thetao_MY_20230101_20231231.nc
97_dat,2023-04-05,15,2.852961838245392,MY,15.810070037841797,0.8100700378417969,1,thetao_MY_20230101_20231231.nc
97_dat,2023-04-05,20,2.7592089772224426,MY,18.495559692382812,1.5044403076171875,1,thetao_MY_20230101_20231231.nc
97_dat,2023-04-05,30,2.9445173665881157,MY,29.444730758666992,0.5552692413330078,1,thetao_MY_20230101_20231231.nc
97_dat,2023-04-06,5,4.211645878851414,MY,5.078224182128906,0.07822418212890625,1,thetao_MY_20230101_20231231.nc
97_dat,2023-04-06,10,3.261665716767311,MY,9.572997093200684,0.4270029067993164,1,thetao_MY_20230101_20231231.nc
97_dat,2023-04-06,15,2.856624059379101,MY,15.810070037841797,0.8100700378417969,1,thetao_MY_20230101_20231231.nc
97_dat,2023-04-06,20,2.7526169791817665,MY,18.495559692382812,1.5044403076171875,1,thetao_MY_20230101_20231231.nc
97_dat,2023-04-06,30,2.915219597518444,MY,29.444730758666992,0.5552692413330078,1,thetao_MY_20230101_20231231.nc
97_dat,2023-04-07,5,4.241676092147827,MY,5.078224182128906,0.07822418212890625,1,thetao_MY_20230101_20231231.nc
97_dat,2023-04-07,10,3.2221137285232544,MY,9.572997093200684,0.4270029067993164,1,thetao_MY_20230101_20231231.nc
97_dat,2023-04-07,15,2.820734292268753,MY,15.810070037841797,0.8100700378417969,1,thetao_MY_20230101_20231231.nc
97_dat,2023-04-07,20,2.7203894332051277,MY,18.495559692382812,1.5044403076171875,1,thetao_MY_20230101_20231231.nc
97_dat,2023-04-07,30,2.866145834326744,MY,29.444730758666992,0.5552692413330078,1,thetao_MY_20230101_20231231.nc
97_dat,2023-04-08,5,4.003631718456745,MY,5.078224182128906,0.07822418212890625,1,thetao_MY_20230101_20231231.nc
97_dat,2023-04-08,10,3.129093311727047,MY,9.572997093200684,0.4270029067993164,1,thetao_MY_20230101_20231231.nc
97_dat,2023-04-08,15,2.78264719247818,MY,15.810070037841797,0.8100700378417969,1,thetao_MY_20230101_20231231.nc
97_dat,2023-04-08,20,2.697683662176132,MY,18.495559692382812,1.5044403076171875,1,thetao_MY_20230101_20231231.nc
97_dat,2023-04-08,30,2.87273783236742,MY,29.444730758666992,0.5552692413330078,1,thetao_MY_20230101_20231231.nc
97_dat,2023-04-09,5,3.6483962684869766,MY,5.078224182128906,0.07822418212890625,1,thetao_MY_20230101_20231231.nc
97_dat,2023-04-09,10,3.0250862315297127,MY,9.572997093200684,0.4270029067993164,1,thetao_MY_20230101_20231231.nc
97_dat,2023-04-09,15,2.7423627600073814,MY,15.810070037841797,0.8100700378417969,1,thetao_MY_20230101_20231231.nc
97_dat,2023-04-09,20,2.7006134390830994,MY,18.495559692382812,1.5044403076171875,1,thetao_MY_20230101_20231231.nc
97_dat,2023-04-09,30,2.9518418088555336,MY,29.444730758666992,0.5552692413330078,1,thetao_MY_20230101_20231231.nc
97_dat,2023-04-10,5,3.7179784700274467,MY,5.078224182128906,0.07822418212890625,1,thetao_MY_20230101_20231231.nc
97_dat,2023-04-10,10,3.0580462217330933,MY,9.572997093200684,0.4270029067993164,1,thetao_MY_20230101_20231231.nc
97_dat,2023-04-10,15,2.7950987443327904,MY,15.810070037841797,0.8100700378417969,1,thetao_MY_20230101_20231231.nc
97_dat,2023-04-10,20,2.737235650420189,MY,18.495559692382812,1.5044403076171875,1,thetao_MY_20230101_20231231.nc
97_dat,2023-04-10,30,2.9840693548321724,MY,29.444730758666992,0.5552692413330078,1,thetao_MY_20230101_20231231.nc
97_dat,2023-04-11,5,4.09152502566576,MY,5.078224182128906,0.07822418212890625,1,thetao_MY_20230101_20231231.nc
97_dat,2023-04-11,10,3.159855969250202,MY,9.572997093200684,0.4270029067993164,1,thetao_MY_20230101_20231231.nc
97_dat,2023-04-11,15,2.863216057419777,MY,15.810070037841797,0.8100700378417969,1,thetao_MY_20230101_20231231.nc
97_dat,2023-04-11,20,2.7775200828909874,MY,18.495559692382812,1.5044403076171875,1,thetao_MY_20230101_20231231.nc
97_dat,2023-04-11,30,2.9591662511229515,MY,29.444730758666992,0.5552692413330078,1,thetao_MY_20230101_20231231.nc
97_dat,2023-04-12,5,4.584459990262985,MY,5.078224182128906,0.07822418212890625,1,thetao_MY_20230101_20231231.nc
97_dat,2023-04-12,10,3.324655920267105,MY,9.572997093200684,0.4270029067993164,1,thetao_MY_20230101_20231231.nc
97_dat,2023-04-12,15,2.8969084918498993,MY,15.810070037841797,0.8100700378417969,1,thetao_MY_20230101_20231231.nc
97_dat,2023-04-12,20,2.806817851960659,MY,18.495559692382812,1.5044403076171875,1,thetao_MY_20230101_20231231.nc
97_dat,2023-04-12,30,2.936460480093956,MY,29.444730758666992,0.5552692413330078,1,thetao_MY_20230101_20231231.nc
97_dat,2023-04-13,5,4.2614520862698555,MY,5.078224182128906,0.07822418212890625,1,thetao_MY_20230101_20231231.nc
97_dat,2023-04-13,10,3.279244378209114,MY,9.572997093200684,0.4270029067993164,1,thetao_MY_20230101_20231231.nc
97_dat,2023-04-13,15,2.890316493809223,MY,15.810070037841797,0.8100700378417969,1,thetao_MY_20230101_20231231.nc
97_dat,2023-04-13,20,2.8192694038152695,MY,18.495559692382812,1.5044403076171875,1,thetao_MY_20230101_20231231.nc
97_dat,2023-04-13,30,3.0045777931809425,MY,29.444730758666992,0.5552692413330078,1,thetao_MY_20230101_20231231.nc
97_dat,2023-04-14,5,4.017548158764839,MY,5.078224182128906,0.07822418212890625,1,thetao_MY_20230101_20231231.nc
97_dat,2023-04-14,10,3.2873012647032738,MY,9.572997093200684,0.4270029067993164,1,thetao_MY_20230101_20231231.nc
97_dat,2023-04-14,15,2.9408551454544067,MY,15.810070037841797,0.8100700378417969,1,thetao_MY_20230101_20231231.nc
97_dat,2023-04-14,20,2.8676107227802277,MY,18.495559692382812,1.5044403076171875,1,thetao_MY_20230101_20231231.nc
97_dat,2023-04-14,30,3.0712302178144455,MY,29.444730758666992,0.5552692413330078,1,thetao_MY_20230101_20231231.nc
97_dat,2023-04-15,5,4.229224540293217,MY,5.078224182128906,0.07822418212890625,1,thetao_MY_20230101_20231231.nc
97_dat,2023-04-15,10,3.422803446650505,MY,9.572997093200684,0.4270029067993164,1,thetao_MY_20230101_20231231.nc
97_dat,2023-04-15,15,3.0426648929715157,MY,15.810070037841797,0.8100700378417969,1,thetao_MY_20230101_20231231.nc
97_dat,2023-04-15,20,2.940122701227665,MY,18.495559692382812,1.5044403076171875,1,thetao_MY_20230101_20231231.nc
97_dat,2023-04-15,30,3.1093173176050186,MY,29.444730758666992,0.5552692413330078,1,thetao_MY_20230101_20231231.nc
97_dat,2023-04-16,5,4.754387050867081,MY,5.078224182128906,0.07822418212890625,1,thetao_MY_20230101_20231231.nc
97_dat,2023-04-16,10,3.8666646480560303,MY,9.572997093200684,0.4270029067993164,1,thetao_MY_20230101_20231231.nc
97_dat,2023-04-16,15,3.122501313686371,MY,15.810070037841797,0.8100700378417969,1,thetao_MY_20230101_20231231.nc
97_dat,2023-04-16,20,3.0155644565820694,MY,18.495559692382812,1.5044403076171875,1,thetao_MY_20230101_20231231.nc
97_dat,2023-04-16,30,3.093935988843441,MY,29.444730758666992,0.5552692413330078,1,thetao_MY_20230101_20231231.nc
97_dat,2023-04-17,5,3.877651311457157,MY,5.078224182128906,0.07822418212890625,1,thetao_MY_20230101_20231231.nc
97_dat,2023-04-17,10,3.3239234760403633,MY,9.572997093200684,0.4270029067993164,1,thetao_MY_20230101_20231231.nc
97_dat,2023-04-17,15,3.0192266777157784,MY,15.810070037841797,0.8100700378417969,1,thetao_MY_20230101_20231231.nc
97_dat,2023-04-17,20,3.006042681634426,MY,18.495559692382812,1.5044403076171875,1,thetao_MY_20230101_20231231.nc
97_dat,2023-04-17,30,3.262398160994053,MY,29.444730758666992,0.5552692413330078,1,thetao_MY_20230101_20231231.nc
97_dat,2023-04-18,5,3.643269158899784,MY,5.078224182128906,0.07822418212890625,1,thetao_MY_20230101_20231231.nc
97_dat,2023-04-18,10,3.381786569952965,MY,9.572997093200684,0.4270029067993164,1,thetao_MY_20230101_20231231.nc
97_dat,2023-04-18,15,3.115176871418953,MY,15.810070037841797,0.8100700378417969,1,thetao_MY_20230101_20231231.nc
97_dat,2023-04-18,20,3.0858791023492813,MY,18.495559692382812,1.5044403076171875,1,thetao_MY_20230101_20231231.nc
97_dat,2023-04-18,30,3.3825190141797066,MY,29.444730758666992,0.5552692413330078,1,thetao_MY_20230101_20231231.nc
97_dat,2023-04-19,5,3.9399090707302094,MY,5.078224182128906,0.07822418212890625,1,thetao_MY_20230101_20231231.nc
97_dat,2023-04-19,10,3.4521012157201767,MY,9.572997093200684,0.4270029067993164,1,thetao_MY_20230101_20231231.nc
97_dat,2023-04-19,15,3.145939528942108,MY,15.810070037841797,0.8100700378417969,1,thetao_MY_20230101_20231231.nc
97_dat,2023-04-19,20,3.090273767709732,MY,18.495559692382812,1.5044403076171875,1,thetao_MY_20230101_20231231.nc
97_dat,2023-04-19,30,3.366405241191387,MY,29.444730758666992,0.5552692413330078,1,thetao_MY_20230101_20231231.nc
97_dat,2023-04-20,5,4.186010330915451,MY,5.078224182128906,0.07822418212890625,1,thetao_MY_20230101_20231231.nc
97_dat,2023-04-20,10,3.5150914192199707,MY,9.572997093200684,0.4270029067993164,1,thetao_MY_20230101_20231231.nc
97_dat,2023-04-20,15,3.1444746404886246,MY,15.810070037841797,0.8100700378417969,1,thetao_MY_20230101_20231231.nc
97_dat,2023-04-20,20,3.066103108227253,MY,18.495559692382812,1.5044403076171875,1,thetao_MY_20230101_20231231.nc
97_dat,2023-04-20,30,3.279976822435856,MY,29.444730758666992,0.5552692413330078,1,thetao_MY_20230101_20231231.nc
97_dat,2023-04-21,5,4.1808832213282585,MY,5.078224182128906,0.07822418212890625,1,thetao_MY_20230101_20231231.nc
97_dat,2023-04-21,10,3.4044923409819603,MY,9.572997093200684,0.4270029067993164,1,thetao_MY_20230101_20231231.nc
97_dat,2023-04-21,15,3.1034577637910843,MY,15.810070037841797,0.8100700378417969,1,thetao_MY_20230101_20231231.nc
97_dat,2023-04-21,20,3.0646382197737694,MY,18.495559692382812,1.5044403076171875,1,thetao_MY_20230101_20231231.nc
97_dat,2023-04-21,30,3.2916959300637245,MY,29.444730758666992,0.5552692413330078,1,thetao_MY_20230101_20231231.nc
97_dat,2023-04-22,5,3.863734871149063,MY,5.078224182128906,0.07822418212890625,1,thetao_MY_20230101_20231231.nc
97_dat,2023-04-22,10,3.4140141159296036,MY,9.572997093200684,0.4270029067993164,1,thetao_MY_20230101_20231231.nc
97_dat,2023-04-22,15,3.1474044173955917,MY,15.810070037841797,0.8100700378417969,1,thetao_MY_20230101_20231231.nc
97_dat,2023-04-22,20,3.124698646366596,MY,18.495559692382812,1.5044403076171875,1,thetao_MY_20230101_20231231.nc
97_dat,2023-04-22,30,3.3935056775808334,MY,29.444730758666992,0.5552692413330078,1,thetao_MY_20230101_20231231.nc
97_dat,2023-04-23,5,3.853480651974678,MY,5.078224182128906,0.07822418212890625,1,thetao_MY_20230101_20231231.nc
97_dat,2023-04-23,10,3.4799340963363647,MY,9.572997093200684,0.4270029067993164,1,thetao_MY_20230101_20231231.nc
97_dat,2023-04-23,15,3.189153738319874,MY,15.810070037841797,0.8100700378417969,1,thetao_MY_20230101_20231231.nc
97_dat,2023-04-23,20,3.1488693058490753,MY,18.495559692382812,1.5044403076171875,1,thetao_MY_20230101_20231231.nc
97_dat,2023-04-23,30,3.4315927773714066,MY,29.444730758666992,0.5552692413330078,1,thetao_MY_20230101_20231231.nc
97_dat,2023-04-24,5,3.885708197951317,MY,5.078224182128906,0.07822418212890625,1,thetao_MY_20230101_20231231.nc
97_dat,2023-04-24,10,3.496780313551426,MY,9.572997093200684,0.4270029067993164,1,thetao_MY_20230101_20231231.nc
97_dat,2023-04-24,15,3.212591953575611,MY,15.810070037841797,0.8100700378417969,1,thetao_MY_20230101_20231231.nc
97_dat,2023-04-24,20,3.149601750075817,MY,18.495559692382812,1.5044403076171875,1,thetao_MY_20230101_20231231.nc
97_dat,2023-04-24,30,3.4169438928365707,MY,29.444730758666992,0.5552692413330078,1,thetao_MY_20230101_20231231.nc
97_dat,2023-04-25,5,3.9875179454684258,MY,5.078224182128906,0.07822418212890625,1,thetao_MY_20230101_20231231.nc
97_dat,2023-04-25,10,3.5758842900395393,MY,9.572997093200684,0.4270029067993164,1,thetao_MY_20230101_20231231.nc
97_dat,2023-04-25,15,3.240424834191799,MY,15.810070037841797,0.8100700378417969,1,thetao_MY_20230101_20231231.nc
97_dat,2023-04-25,20,3.1510666385293007,MY,18.495559692382812,1.5044403076171875,1,thetao_MY_20230101_20231231.nc
97_dat,2023-04-25,30,3.360545687377453,MY,29.444730758666992,0.5552692413330078,1,thetao_MY_20230101_20231231.nc
97_dat,2023-04-26,5,4.443830698728561,MY,5.078224182128906,0.07822418212890625,1,thetao_MY_20230101_20231231.nc
97_dat,2023-04-26,10,3.9428388476371765,MY,9.572997093200684,0.4270029067993164,1,thetao_MY_20230101_20231231.nc
97_dat,2023-04-26,15,3.2982879281044006,MY,15.810070037841797,0.8100700378417969,1,thetao_MY_20230101_20231231.nc
97_dat,2023-04-26,20,3.1627857461571693,MY,18.495559692382812,1.5044403076171875,1,thetao_MY_20230101_20231231.nc
97_dat,2023-04-26,30,3.261665716767311,MY,29.444730758666992,0.5552692413330078,1,thetao_MY_20230101_20231231.nc
97_dat,2023-04-27,5,4.26731164008379,MY,5.078224182128906,0.07822418212890625,1,thetao_MY_20230101_20231231.nc
97_dat,2023-04-27,10,3.633747383952141,MY,9.572997093200684,0.4270029067993164,1,thetao_MY_20230101_20231231.nc
97_dat,2023-04-27,15,3.2924283742904663,MY,15.810070037841797,0.8100700378417969,1,thetao_MY_20230101_20231231.nc
97_dat,2023-04-27,20,3.2572710514068604,MY,18.495559692382812,1.5044403076171875,1,thetao_MY_20230101_20231231.nc
97_dat,2023-04-27,30,3.5187536403536797,MY,29.444730758666992,0.5552692413330078,1,thetao_MY_20230101_20231231.nc
97_dat,2023-04-28,5,4.1493881195783615,MY,5.078224182128906,0.07822418212890625,1,thetao_MY_20230101_20231231.nc
97_dat,2023-04-28,10,3.681356258690357,MY,9.572997093200684,0.4270029067993164,1,thetao_MY_20230101_20231231.nc
97_dat,2023-04-28,15,3.4279305562376976,MY,15.810070037841797,0.8100700378417969,1,thetao_MY_20230101_20231231.nc
97_dat,2023-04-28,20,3.4147465601563454,MY,18.495559692382812,1.5044403076171875,1,thetao_MY_20230101_20231231.nc
97_dat,2023-04-28,30,3.7216406911611557,MY,29.444730758666992,0.5552692413330078,1,thetao_MY_20230101_20231231.nc
97_dat,2023-04-29,5,4.777092821896076,MY,5.078224182128906,0.07822418212890625,1,thetao_MY_20230101_20231231.nc
97_dat,2023-04-29,10,3.9281899631023407,MY,9.572997093200684,0.4270029067993164,1,thetao_MY_20230101_20231231.nc
97_dat,2023-04-29,15,3.5290078595280647,MY,15.810070037841797,0.8100700378417969,1,thetao_MY_20230101_20231231.nc
97_dat,2023-04-29,20,3.4623554348945618,MY,18.495559692382812,1.5044403076171875,1,thetao_MY_20230101_20231231.nc
97_dat,2023-04-29,30,3.7333597987890244,MY,29.444730758666992,0.5552692413330078,1,thetao_MY_20230101_20231231.nc
97_dat,2023-04-30,5,5.586443692445755,MY,5.078224182128906,0.07822418212890625,1,thetao_MY_20230101_20231231.nc
97_dat,2023-04-30,10,4.342753395438194,MY,9.572997093200684,0.4270029067993164,1,thetao_MY_20230101_20231231.nc
97_dat,2023-04-30,15,3.668172262609005,MY,15.810070037841797,0.8100700378417969,1,thetao_MY_20230101_20231231.nc
97_dat,2023-04-30,20,3.5473189651966095,MY,18.495559692382812,1.5044403076171875,1,thetao_MY_20230101_20231231.nc
97_dat,2023-04-30,30,3.7253029122948647,MY,29.444730758666992,0.5552692413330078,1,thetao_MY_20230101_20231231.nc
97_dat,2023-05-01,5,5.568865031003952,MY,5.078224182128906,0.07822418212890625,1,thetao_MY_20230101_20231231.nc
97_dat,2023-05-01,10,4.291482299566269,MY,9.572997093200684,0.4270029067993164,1,thetao_MY_20230101_20231231.nc
97_dat,2023-05-01,15,3.7223731353878975,MY,15.810070037841797,0.8100700378417969,1,thetao_MY_20230101_20231231.nc
97_dat,2023-05-01,20,3.6278878301382065,MY,18.495559692382812,1.5044403076171875,1,thetao_MY_20230101_20231231.nc
97_dat,2023-05-01,30,3.832239769399166,MY,29.444730758666992,0.5552692413330078,1,thetao_MY_20230101_20231231.nc
97_dat,2023-05-02,5,5.300790444016457,MY,5.078224182128906,0.07822418212890625,1,thetao_MY_20230101_20231231.nc
97_dat,2023-05-02,10,4.258522309362888,MY,9.572997093200684,0.4270029067993164,1,thetao_MY_20230101_20231231.nc
97_dat,2023-05-02,15,3.790490448474884,MY,15.810070037841797,0.8100700378417969,1,thetao_MY_20230101_20231231.nc
97_dat,2023-05-02,20,3.710654027760029,MY,18.495559692382812,1.5044403076171875,1,thetao_MY_20230101_20231231.nc
97_dat,2023-05-02,30,3.940641514956951,MY,29.444730758666992,0.5552692413330078,1,thetao_MY_20230101_20231231.nc
97_dat,2023-05-03,5,5.538102373480797,MY,5.078224182128906,0.07822418212890625,1,thetao_MY_20230101_20231231.nc
97_dat,2023-05-03,10,4.396954268217087,MY,9.572997093200684,0.4270029067993164,1,thetao_MY_20230101_20231231.nc
97_dat,2023-05-03,15,3.892300195991993,MY,15.810070037841797,0.8100700378417969,1,thetao_MY_20230101_20231231.nc
97_dat,2023-05-03,20,3.77657400816679,MY,18.495559692382812,1.5044403076171875,1,thetao_MY_20230101_20231231.nc
97_dat,2023-05-03,30,3.951628178358078,MY,29.444730758666992,0.5552692413330078,1,thetao_MY_20230101_20231231.nc
97_dat,2023-05-04,5,5.681661441922188,MY,5.078224182128906,0.07822418212890625,1,thetao_MY_20230101_20231231.nc
97_dat,2023-05-04,10,4.524399563670158,MY,9.572997093200684,0.4270029067993164,1,thetao_MY_20230101_20231231.nc
97_dat,2023-05-04,15,3.9670095071196556,MY,15.810070037841797,0.8100700378417969,1,thetao_MY_20230101_20231231.nc
97_dat,2023-05-04,20,3.815393552184105,MY,18.495559692382812,1.5044403076171875,1,thetao_MY_20230101_20231231.nc
97_dat,2023-05-04,30,3.906216636300087,MY,29.444730758666992,0.5552692413330078,1,thetao_MY_20230101_20231231.nc
97_dat,2023-05-05,5,5.6230659037828445,MY,5.078224182128906,0.07822418212890625,1,thetao_MY_20230101_20231231.nc
97_dat,2023-05-05,10,4.583727546036243,MY,9.572997093200684,0.4270029067993164,1,thetao_MY_20230101_20231231.nc
97_dat,2023-05-05,15,3.9992370530962944,MY,15.810070037841797,0.8100700378417969,1,thetao_MY_20230101_20231231.nc
97_dat,2023-05-05,20,3.832239769399166,MY,18.495559692382812,1.5044403076171875,1,thetao_MY_20230101_20231231.nc
97_dat,2023-05-05,30,3.8842433094978333,MY,29.444730758666992,0.5552692413330078,1,thetao_MY_20230101_20231231.nc
97_dat,2023-05-06,5,5.858180500566959,MY,5.078224182128906,0.07822418212890625,1,thetao_MY_20230101_20231231.nc
97_dat,2023-05-06,10,4.710440397262573,MY,9.572997093200684,0.4270029067993164,1,thetao_MY_20230101_20231231.nc
97_dat,2023-05-06,15,4.044648595154285,MY,15.810070037841797,0.8100700378417969,1,thetao_MY_20230101_20231231.nc
97_dat,2023-05-06,20,3.849818430840969,MY,18.495559692382812,1.5044403076171875,1,thetao_MY_20230101_20231231.nc
97_dat,2023-05-06,30,3.8234504386782646,MY,29.444730758666992,0.5552692413330078,1,thetao_MY_20230101_20231231.nc
97_dat,2023-05-07,5,6.7048860266804695,MY,5.078224182128906,0.07822418212890625,1,thetao_MY_20230101_20231231.nc
97_dat,2023-05-07,10,5.086916729807854,MY,9.572997093200684,0.4270029067993164,1,thetao_MY_20230101_20231231.nc
97_dat,2023-05-07,15,4.204321436583996,MY,15.810070037841797,0.8100700378417969,1,thetao_MY_20230101_20231231.nc
97_dat,2023-05-07,20,3.965544618666172,MY,18.495559692382812,1.5044403076171875,1,thetao_MY_20230101_20231231.nc
97_dat,2023-05-07,30,3.791222892701626,MY,29.444730758666992,0.5552692413330078,1,thetao_MY_20230101_20231231.nc
97_dat,2023-05-08,5,6.99127171933651,MY,5.078224182128906,0.07822418212890625,1,thetao_MY_20230101_20231231.nc
97_dat,2023-05-08,10,5.160161152482033,MY,9.572997093200684,0.4270029067993164,1,thetao_MY_20230101_20231231.nc
97_dat,2023-05-08,15,4.193334773182869,MY,15.810070037841797,0.8100700378417969,1,thetao_MY_20230101_20231231.nc
97_dat,2023-05-08,20,3.958220176398754,MY,18.495559692382812,1.5044403076171875,1,thetao_MY_20230101_20231231.nc
97_dat,2023-05-08,30,3.8417615443468094,MY,29.444730758666992,0.5552692413330078,1,thetao_MY_20230101_20231231.nc
97_dat,2023-05-09,5,7.0234992653131485,MY,5.078224182128906,0.07822418212890625,1,thetao_MY_20230101_20231231.nc
97_dat,2023-05-09,10,4.982909649610519,MY,9.572997093200684,0.4270029067993164,1,thetao_MY_20230101_20231231.nc
97_dat,2023-05-09,15,4.098117023706436,MY,15.810070037841797,0.8100700378417969,1,thetao_MY_20230101_20231231.nc
97_dat,2023-05-09,20,3.934049516916275,MY,18.495559692382812,1.5044403076171875,1,thetao_MY_20230101_20231231.nc
97_dat,2023-05-09,30,4.025605045258999,MY,29.444730758666992,0.5552692413330078,1,thetao_MY_20230101_20231231.nc
97_dat,2023-05-10,5,6.72978913038969,MY,5.078224182128906,0.07822418212890625,1,thetao_MY_20230101_20231231.nc
97_dat,2023-05-10,10,4.927976332604885,MY,9.572997093200684,0.4270029067993164,1,thetao_MY_20230101_20231231.nc
97_dat,2023-05-10,15,4.151585452258587,MY,15.810070037841797,0.8100700378417969,1,thetao_MY_20230101_20231231.nc
97_dat,2023-05-10,20,4.0270699337124825,MY,18.495559692382812,1.5044403076171875,1,thetao_MY_20230101_20231231.nc
97_dat,2023-05-10,30,4.185277886688709,MY,29.444730758666992,0.5552692413330078,1,thetao_MY_20230101_20231231.nc
97_dat,2023-05-11,5,6.091830208897591,MY,5.078224182128906,0.07822418212890625,1,thetao_MY_20230101_20231231.nc
97_dat,2023-05-11,10,4.908200338482857,MY,9.572997093200684,0.4270029067993164,1,thetao_MY_20230101_20231231.nc
97_dat,2023-05-11,15,4.253395199775696,MY,15.810070037841797,0.8100700378417969,1,thetao_MY_20230101_20231231.nc
97_dat,2023-05-11,20,4.145725898444653,MY,18.495559692382812,1.5044403076171875,1,thetao_MY_20230101_20231231.nc
97_dat,2023-05-11,30,4.2966094091534615,MY,29.444730758666992,0.5552692413330078,1,thetao_MY_20230101_20231231.nc
97_dat,2023-05-12,5,6.587694950401783,MY,5.078224182128906,0.07822418212890625,1,thetao_MY_20230101_20231231.nc
97_dat,2023-05-12,10,5.294930890202522,MY,9.572997093200684,0.4270029067993164,1,thetao_MY_20230101_20231231.nc
97_dat,2023-05-12,15,4.443830698728561,MY,15.810070037841797,0.8100700378417969,1,thetao_MY_20230101_20231231.nc
97_dat,2023-05-12,20,4.274636082351208,MY,18.495559692382812,1.5044403076171875,1,thetao_MY_20230101_20231231.nc
97_dat,2023-05-12,30,4.2929471880197525,MY,29.444730758666992,0.5552692413330078,1,thetao_MY_20230101_20231231.nc
97_dat,2023-05-13,5,7.177312552928925,MY,5.078224182128906,0.07822418212890625,1,thetao_MY_20230101_20231231.nc
97_dat,2023-05-13,10,5.736594758927822,MY,9.572997093200684,0.4270029067993164,1,thetao_MY_20230101_20231231.nc
97_dat,2023-05-13,15,4.6745506301522255,MY,15.810070037841797,0.8100700378417969,1,thetao_MY_20230101_20231231.nc
97_dat,2023-05-13,20,4.434308923780918,MY,18.495559692382812,1.5044403076171875,1,thetao_MY_20230101_20231231.nc
97_dat,2023-05-13,30,4.276100970804691,MY,29.444730758666992,0.5552692413330078,1,thetao_MY_20230101_20231231.nc
97_dat,2023-05-14,5,7.887783452868462,MY,5.078224182128906,0.07822418212890625,1,thetao_MY_20230101_20231231.nc
97_dat,2023-05-14,10,6.236854165792465,MY,9.572997093200684,0.4270029067993164,1,thetao_MY_20230101_20231231.nc
97_dat,2023-05-14,15,4.920651890337467,MY,15.810070037841797,0.8100700378417969,1,thetao_MY_20230101_20231231.nc
97_dat,2023-05-14,20,4.614490203559399,MY,18.495559692382812,1.5044403076171875,1,thetao_MY_20230101_20231231.nc
97_dat,2023-05-14,30,4.268776528537273,MY,29.444730758666992,0.5552692413330078,1,thetao_MY_20230101_20231231.nc
97_dat,2023-05-15,5,8.624622344970703,MY,5.078224182128906,0.07822418212890625,1,thetao_MY_20230101_20231231.nc
97_dat,2023-05-15,10,6.903378412127495,MY,9.572997093200684,0.4270029067993164,1,thetao_MY_20230101_20231231.nc
97_dat,2023-05-15,15,5.19165625423193,MY,15.810070037841797,0.8100700378417969,1,thetao_MY_20230101_20231231.nc
97_dat,2023-05-15,20,4.810052812099457,MY,18.495559692382812,1.5044403076171875,1,thetao_MY_20230101_20231231.nc
97_dat,2023-05-15,30,4.292214743793011,MY,29.444730758666992,0.5552692413330078,1,thetao_MY_20230101_20231231.nc
97_dat,2023-05-16,5,9.023072004318237,MY,5.078224182128906,0.07822418212890625,1,thetao_MY_20230101_20231231.nc
97_dat,2023-05-16,10,7.232978314161301,MY,9.572997093200684,0.4270029067993164,1,thetao_MY_20230101_20231231.nc
97_dat,2023-05-16,15,5.264900676906109,MY,15.810070037841797,0.8100700378417969,1,thetao_MY_20230101_20231231.nc
97_dat,2023-05-16,20,4.87670523673296,MY,18.495559692382812,1.5044403076171875,1,thetao_MY_20230101_20231231.nc
97_dat,2023-05-16,30,4.38596760481596,MY,29.444730758666992,0.5552692413330078,1,thetao_MY_20230101_20231231.nc
97_dat,2023-05-17,5,9.432508327066898,MY,5.078224182128906,0.07822418212890625,1,thetao_MY_20230101_20231231.nc
97_dat,2023-05-17,10,7.599200427532196,MY,9.572997093200684,0.4270029067993164,1,thetao_MY_20230101_20231231.nc
97_dat,2023-05-17,15,5.428235739469528,MY,15.810070037841797,0.8100700378417969,1,thetao_MY_20230101_20231231.nc
97_dat,2023-05-17,20,5.0070803090929985,MY,18.495559692382812,1.5044403076171875,1,thetao_MY_20230101_20231231.nc
97_dat,2023-05-17,30,4.482650242745876,MY,29.444730758666992,0.5552692413330078,1,thetao_MY_20230101_20231231.nc
97_dat,2023-05-18,5,9.406140334904194,MY,5.078224182128906,0.07822418212890625,1,thetao_MY_20230101_20231231.nc
97_dat,2023-05-18,10,7.344309836626053,MY,9.572997093200684,0.4270029067993164,1,thetao_MY_20230101_20231231.nc
97_dat,2023-05-18,15,5.413586854934692,MY,15.810070037841797,0.8100700378417969,1,thetao_MY_20230101_20231231.nc
97_dat,2023-05-18,20,5.040040299296379,MY,18.495559692382812,1.5044403076171875,1,thetao_MY_20230101_20231231.nc
97_dat,2023-05-18,30,4.604968428611755,MY,29.444730758666992,0.5552692413330078,1,thetao_MY_20230101_20231231.nc
97_dat,2023-05-19,5,9.342417687177658,MY,5.078224182128906,0.07822418212890625,1,thetao_MY_20230101_20231231.nc
97_dat,2023-05-19,10,7.178044997155666,MY,9.572997093200684,0.4270029067993164,1,thetao_MY_20230101_20231231.nc
97_dat,2023-05-19,15,5.425305962562561,MY,15.810070037841797,0.8100700378417969,1,thetao_MY_20230101_20231231.nc
97_dat,2023-05-19,20,5.07300028949976,MY,18.495559692382812,1.5044403076171875,1,thetao_MY_20230101_20231231.nc
97_dat,2023-05-19,30,4.697988845407963,MY,29.444730758666992,0.5552692413330078,1,thetao_MY_20230101_20231231.nc
97_dat,2023-05-20,5,10.170812107622623,MY,5.078224182128906,0.07822418212890625,1,thetao_MY_20230101_20231231.nc
97_dat,2023-05-20,10,7.861415460705757,MY,9.572997093200684,0.4270029067993164,1,thetao_MY_20230101_20231231.nc
97_dat,2023-05-20,15,5.76442763954401,MY,15.810070037841797,0.8100700378417969,1,thetao_MY_20230101_20231231.nc
97_dat,2023-05-20,20,5.326425991952419,MY,18.495559692382812,1.5044403076171875,1,thetao_MY_20230101_20231231.nc
97_dat,2023-05-20,30,4.784417264163494,MY,29.444730758666992,0.5552692413330078,1,thetao_MY_20230101_20231231.nc
97_dat,2023-05-21,5,10.49674978852272,MY,5.078224182128906,0.07822418212890625,1,thetao_MY_20230101_20231231.nc
97_dat,2023-05-21,10,9.04431288689375,MY,9.572997093200684,0.4270029067993164,1,thetao_MY_20230101_20231231.nc
97_dat,2023-05-21,15,6.252967938780785,MY,15.810070037841797,0.8100700378417969,1,thetao_MY_20230101_20231231.nc
97_dat,2023-05-21,20,5.684591218829155,MY,18.495559692382812,1.5044403076171875,1,thetao_MY_20230101_20231231.nc
97_dat,2023-05-21,30,4.857661686837673,MY,29.444730758666992,0.5552692413330078,1,thetao_MY_20230101_20231231.nc
97_dat,2023-05-22,5,9.9811090528965,MY,5.078224182128906,0.07822418212890625,1,thetao_MY_20230101_20231231.nc
97_dat,2023-05-22,10,7.469557799398899,MY,9.572997093200684,0.4270029067993164,1,thetao_MY_20230101_20231231.nc
97_dat,2023-05-22,15,5.710959210991859,MY,15.810070037841797,0.8100700378417969,1,thetao_MY_20230101_20231231.nc
97_dat,2023-05-22,20,5.450209066271782,MY,18.495559692382812,1.5044403076171875,1,thetao_MY_20230101_20231231.nc
97_dat,2023-05-22,30,5.0070803090929985,MY,29.444730758666992,0.5552692413330078,1,thetao_MY_20230101_20231231.nc
97_dat,2023-05-23,5,9.705710023641586,MY,5.078224182128906,0.07822418212890625,1,thetao_MY_20230101_20231231.nc
97_dat,2023-05-23,10,7.242500089108944,MY,9.572997093200684,0.4270029067993164,1,thetao_MY_20230101_20231231.nc
97_dat,2023-05-23,15,5.754905864596367,MY,15.810070037841797,0.8100700378417969,1,thetao_MY_20230101_20231231.nc
97_dat,2023-05-23,20,5.534440152347088,MY,18.495559692382812,1.5044403076171875,1,thetao_MY_20230101_20231231.nc
97_dat,2023-05-23,30,5.174077592790127,MY,29.444730758666992,0.5552692413330078,1,thetao_MY_20230101_20231231.nc
97_dat,2023-05-24,5,9.42078921943903,MY,5.078224182128906,0.07822418212890625,1,thetao_MY_20230101_20231231.nc
97_dat,2023-05-24,10,7.23664053529501,MY,9.572997093200684,0.4270029067993164,1,thetao_MY_20230101_20231231.nc
97_dat,2023-05-24,15,5.943144030869007,MY,15.810070037841797,0.8100700378417969,1,thetao_MY_20230101_20231231.nc
97_dat,2023-05-24,20,5.760032974183559,MY,18.495559692382812,1.5044403076171875,1,thetao_MY_20230101_20231231.nc
97_dat,2023-05-24,30,5.347666874527931,MY,29.444730758666992,0.5552692413330078,1,thetao_MY_20230101_20231231.nc
97_dat,2023-05-25,5,9.13074130564928,MY,5.078224182128906,0.07822418212890625,1,thetao_MY_20230101_20231231.nc
97_dat,2023-05-25,10,7.246894754469395,MY,9.572997093200684,0.4270029067993164,1,thetao_MY_20230101_20231231.nc
97_dat,2023-05-25,15,6.187047958374023,MY,15.810070037841797,0.8100700378417969,1,thetao_MY_20230101_20231231.nc
97_dat,2023-05-25,20,6.026642672717571,MY,18.495559692382812,1.5044403076171875,1,thetao_MY_20230101_20231231.nc
97_dat,2023-05-25,30,5.5007477179169655,MY,29.444730758666992,0.5552692413330078,1,thetao_MY_20230101_20231231.nc
97_dat,2023-05-26,5,9.528458520770073,MY,5.078224182128906,0.07822418212890625,1,thetao_MY_20230101_20231231.nc
97_dat,2023-05-26,10,7.69075595587492,MY,9.572997093200684,0.4270029067993164,1,thetao_MY_20230101_20231231.nc
97_dat,2023-05-26,15,6.528366968035698,MY,15.810070037841797,0.8100700378417969,1,thetao_MY_20230101_20231231.nc
97_dat,2023-05-26,20,6.345988355576992,MY,18.495559692382812,1.5044403076171875,1,thetao_MY_20230101_20231231.nc
97_dat,2023-05-26,30,5.641377009451389,MY,29.444730758666992,0.5552692413330078,1,thetao_MY_20230101_20231231.nc
97_dat,2023-05-27,5,9.688131362199783,MY,5.078224182128906,0.07822418212890625,1,thetao_MY_20230101_20231231.nc
97_dat,2023-05-27,10,7.892178118228912,MY,9.572997093200684,0.4270029067993164,1,thetao_MY_20230101_20231231.nc
97_dat,2023-05-27,15,6.797173999249935,MY,15.810070037841797,0.8100700378417969,1,thetao_MY_20230101_20231231.nc
97_dat,2023-05-27,20,6.606006056070328,MY,18.495559692382812,1.5044403076171875,1,thetao_MY_20230101_20231231.nc
97_dat,2023-05-27,30,5.768822304904461,MY,29.444730758666992,0.5552692413330078,1,thetao_MY_20230101_20231231.nc
97_dat,2023-05-28,5,9.677144698798656,MY,5.078224182128906,0.07822418212890625,1,thetao_MY_20230101_20231231.nc
97_dat,2023-05-28,10,7.854823462665081,MY,9.572997093200684,0.4270029067993164,1,thetao_MY_20230101_20231231.nc
97_dat,2023-05-28,15,6.926816627383232,MY,15.810070037841797,0.8100700378417969,1,thetao_MY_20230101_20231231.nc
97_dat,2023-05-28,20,6.731254018843174,MY,18.495559692382812,1.5044403076171875,1,thetao_MY_20230101_20231231.nc
97_dat,2023-05-28,30,5.8332773968577385,MY,29.444730758666992,0.5552692413330078,1,thetao_MY_20230101_20231231.nc
97_dat,2023-05-29,5,9.323374137282372,MY,5.078224182128906,0.07822418212890625,1,thetao_MY_20230101_20231231.nc
97_dat,2023-05-29,10,7.7691274881362915,MY,9.572997093200684,0.4270029067993164,1,thetao_MY_20230101_20231231.nc
97_dat,2023-05-29,15,7.008850380778313,MY,15.810070037841797,0.8100700378417969,1,thetao_MY_20230101_20231231.nc
97_dat,2023-05-29,20,6.805230885744095,MY,18.495559692382812,1.5044403076171875,1,thetao_MY_20230101_20231231.nc
97_dat,2023-05-29,30,5.875026717782021,MY,29.444730758666992,0.5552692413330078,1,thetao_MY_20230101_20231231.nc
97_dat,2023-05-30,5,8.82750939577818,MY,5.078224182128906,0.07822418212890625,1,thetao_MY_20230101_20231231.nc
97_dat,2023-05-30,10,7.649006634950638,MY,9.572997093200684,0.4270029067993164,1,thetao_MY_20230101_20231231.nc
97_dat,2023-05-30,15,7.002990826964378,MY,15.810070037841797,0.8100700378417969,1,thetao_MY_20230101_20231231.nc
97_dat,2023-05-30,20,6.794244222342968,MY,18.495559692382812,1.5044403076171875,1,thetao_MY_20230101_20231231.nc
97_dat,2023-05-30,30,5.879421383142471,MY,29.444730758666992,0.5552692413330078,1,thetao_MY_20230101_20231231.nc
97_dat,2023-05-31,5,9.18347728997469,MY,5.078224182128906,0.07822418212890625,1,thetao_MY_20230101_20231231.nc
97_dat,2023-05-31,10,7.855555906891823,MY,9.572997093200684,0.4270029067993164,1,thetao_MY_20230101_20231231.nc
97_dat,2023-05-31,15,7.148747228085995,MY,15.810070037841797,0.8100700378417969,1,thetao_MY_20230101_20231231.nc
97_dat,2023-05-31,20,6.938535735011101,MY,18.495559692382812,1.5044403076171875,1,thetao_MY_20230101_20231231.nc
97_dat,2023-05-31,30,5.940946698188782,MY,29.444730758666992,0.5552692413330078,1,thetao_MY_20230101_20231231.nc
97_dat,2023-06-01,5,9.593646056950092,MY,5.078224182128906,0.07822418212890625,1,thetao_MY_20230101_20231231.nc
97_dat,2023-06-01,10,8.032074965536594,MY,9.572997093200684,0.4270029067993164,1,thetao_MY_20230101_20231231.nc
97_dat,2023-06-01,15,7.276192523539066,MY,15.810070037841797,0.8100700378417969,1,thetao_MY_20230101_20231231.nc
97_dat,2023-06-01,20,7.06085392087698,MY,18.495559692382812,1.5044403076171875,1,thetao_MY_20230101_20231231.nc
97_dat,2023-06-01,30,6.0398266687989235,MY,29.444730758666992,0.5552692413330078,1,thetao_MY_20230101_20231231.nc
97_dat,2023-06-02,5,10.131992563605309,MY,5.078224182128906,0.07822418212890625,1,thetao_MY_20230101_20231231.nc
97_dat,2023-06-02,10,8.199072249233723,MY,9.572997093200684,0.4270029067993164,1,thetao_MY_20230101_20231231.nc
97_dat,2023-06-02,15,7.361888498067856,MY,15.810070037841797,0.8100700378417969,1,thetao_MY_20230101_20231231.nc
97_dat,2023-06-02,20,7.137028120458126,MY,18.495559692382812,1.5044403076171875,1,thetao_MY_20230101_20231231.nc
97_dat,2023-06-02,30,6.114535979926586,MY,29.444730758666992,0.5552692413330078,1,thetao_MY_20230101_20231231.nc
97_dat,2023-06-03,5,9.469130538403988,MY,5.078224182128906,0.07822418212890625,1,thetao_MY_20230101_20231231.nc
97_dat,2023-06-03,10,7.974944315850735,MY,9.572997093200684,0.4270029067993164,1,thetao_MY_20230101_20231231.nc
97_dat,2023-06-03,15,7.273995190858841,MY,15.810070037841797,0.8100700378417969,1,thetao_MY_20230101_20231231.nc
97_dat,2023-06-03,20,7.041810370981693,MY,18.495559692382812,1.5044403076171875,1,thetao_MY_20230101_20231231.nc
97_dat,2023-06-03,30,6.143101304769516,MY,29.444730758666992,0.5552692413330078,1,thetao_MY_20230101_20231231.nc
97_dat,2023-06-04,5,9.390759006142616,MY,5.078224182128906,0.07822418212890625,1,thetao_MY_20230101_20231231.nc
97_dat,2023-06-04,10,7.91561633348465,MY,9.572997093200684,0.4270029067993164,1,thetao_MY_20230101_20231231.nc
97_dat,2023-06-04,15,7.20807521045208,MY,15.810070037841797,0.8100700378417969,1,thetao_MY_20230101_20231231.nc
97_dat,2023-06-04,20,6.975890390574932,MY,18.495559692382812,1.5044403076171875,1,thetao_MY_20230101_20231231.nc
97_dat,2023-06-04,30,6.159215077757835,MY,29.444730758666992,0.5552692413330078,1,thetao_MY_20230101_20231231.nc
97_dat,2023-06-05,5,9.37171545624733,MY,5.078224182128906,0.07822418212890625,1,thetao_MY_20230101_20231231.nc
97_dat,2023-06-05,10,7.933194994926453,MY,9.572997093200684,0.4270029067993164,1,thetao_MY_20230101_20231231.nc
97_dat,2023-06-05,15,7.192693881690502,MY,15.810070037841797,0.8100700378417969,1,thetao_MY_20230101_20231231.nc
97_dat,2023-06-05,20,6.968565948307514,MY,18.495559692382812,1.5044403076171875,1,thetao_MY_20230101_20231231.nc
97_dat,2023-06-05,30,6.203161731362343,MY,29.444730758666992,0.5552692413330078,1,thetao_MY_20230101_20231231.nc
97_dat,2023-06-06,5,9.600238054990768,MY,5.078224182128906,0.07822418212890625,1,thetao_MY_20230101_20231231.nc
97_dat,2023-06-06,10,8.02621541172266,MY,9.572997093200684,0.4270029067993164,1,thetao_MY_20230101_20231231.nc
97_dat,2023-06-06,15,7.217596985399723,MY,15.810070037841797,0.8100700378417969,1,thetao_MY_20230101_20231231.nc
97_dat,2023-06-06,20,6.99127171933651,MY,18.495559692382812,1.5044403076171875,1,thetao_MY_20230101_20231231.nc
97_dat,2023-06-06,30,6.252235494554043,MY,29.444730758666992,0.5552692413330078,1,thetao_MY_20230101_20231231.nc
97_dat,2023-06-07,5,10.291665405035019,MY,5.078224182128906,0.07822418212890625,1,thetao_MY_20230101_20231231.nc
97_dat,2023-06-07,10,8.282570891082287,MY,9.572997093200684,0.4270029067993164,1,thetao_MY_20230101_20231231.nc
97_dat,2023-06-07,15,7.3281960636377335,MY,15.810070037841797,0.8100700378417969,1,thetao_MY_20230101_20231231.nc
97_dat,2023-06-07,20,7.088686801493168,MY,18.495559692382812,1.5044403076171875,1,thetao_MY_20230101_20231231.nc
97_dat,2023-06-07,30,6.324015028774738,MY,29.444730758666992,0.5552692413330078,1,thetao_MY_20230101_20231231.nc
97_dat,2023-06-08,5,10.683523066341877,MY,5.078224182128906,0.07822418212890625,1,thetao_MY_20230101_20231231.nc
97_dat,2023-06-08,10,8.473738834261894,MY,9.572997093200684,0.4270029067993164,1,thetao_MY_20230101_20231231.nc
97_dat,2023-06-08,15,7.403637818992138,MY,15.810070037841797,0.8100700378417969,1,thetao_MY_20230101_20231231.nc
97_dat,2023-06-08,20,7.146549895405769,MY,18.495559692382812,1.5044403076171875,1,thetao_MY_20230101_20231231.nc
97_dat,2023-06-08,30,6.397991895675659,MY,29.444730758666992,0.5552692413330078,1,thetao_MY_20230101_20231231.nc
97_dat,2023-06-09,5,12.849360644817352,MY,5.078224182128906,0.07822418212890625,1,thetao_MY_20230101_20231231.nc
97_dat,2023-06-09,10,11.170598477125168,MY,9.572997093200684,0.4270029067993164,1,thetao_MY_20230101_20231231.nc
97_dat,2023-06-09,15,8.630481898784637,MY,15.810070037841797,0.8100700378417969,1,thetao_MY_20230101_20231231.nc
97_dat,2023-06-09,20,7.950041212141514,MY,18.495559692382812,1.5044403076171875,1,thetao_MY_20230101_20231231.nc
97_dat,2023-06-09,30,6.534226521849632,MY,29.444730758666992,0.5552692413330078,1,thetao_MY_20230101_20231231.nc
97_dat,2023-06-10,5,13.001709043979645,MY,5.078224182128906,0.07822418212890625,1,thetao_MY_20230101_20231231.nc
97_dat,2023-06-10,10,12.384991005063057,MY,9.572997093200684,0.4270029067993164,1,thetao_MY_20230101_20231231.nc
97_dat,2023-06-10,15,9.214972391724586,MY,15.810070037841797,0.8100700378417969,1,thetao_MY_20230101_20231231.nc
97_dat,2023-06-10,20,8.196142472326756,MY,18.495559692382812,1.5044403076171875,1,thetao_MY_20230101_20231231.nc
97_dat,2023-06-10,30,6.694631807506084,MY,29.444730758666992,0.5552692413330078,1,thetao_MY_20230101_20231231.nc
97_dat,2023-06-11,5,13.166508994996548,MY,5.078224182128906,0.07822418212890625,1,thetao_MY_20230101_20231231.nc
97_dat,2023-06-11,10,12.72557757049799,MY,9.572997093200684,0.4270029067993164,1,thetao_MY_20230101_20231231.nc
97_dat,2023-06-11,15,10.067537471652031,MY,15.810070037841797,0.8100700378417969,1,thetao_MY_20230101_20231231.nc
97_dat,2023-06-11,20,8.842158280313015,MY,18.495559692382812,1.5044403076171875,1,thetao_MY_20230101_20231231.nc
97_dat,2023-06-11,30,6.970030836760998,MY,29.444730758666992,0.5552692413330078,1,thetao_MY_20230101_20231231.nc
97_dat,2023-06-12,5,13.624286636710167,MY,5.078224182128906,0.07822418212890625,1,thetao_MY_20230101_20231231.nc
97_dat,2023-06-12,10,13.124759674072266,MY,9.572997093200684,0.4270029067993164,1,thetao_MY_20230101_20231231.nc
97_dat,2023-06-12,15,12.040009774267673,MY,15.810070037841797,0.8100700378417969,1,thetao_MY_20230101_20231231.nc
97_dat,2023-06-12,20,10.6278573051095,MY,18.495559692382812,1.5044403076171875,1,thetao_MY_20230101_20231231.nc
97_dat,2023-06-12,30,7.57209999114275,MY,29.444730758666992,0.5552692413330078,1,thetao_MY_20230101_20231231.nc
97_dat,2023-06-13,5,13.709982611238956,MY,5.078224182128906,0.07822418212890625,1,thetao_MY_20230101_20231231.nc
97_dat,2023-06-13,10,13.378185376524925,MY,9.572997093200684,0.4270029067993164,1,thetao_MY_20230101_20231231.nc
97_dat,2023-06-13,15,12.768059335649014,MY,15.810070037841797,0.8100700378417969,1,thetao_MY_20230101_20231231.nc
97_dat,2023-06-13,20,11.812219619750977,MY,18.495559692382812,1.5044403076171875,1,thetao_MY_20230101_20231231.nc
97_dat,2023-06-13,30,8.256202898919582,MY,29.444730758666992,0.5552692413330078,1,thetao_MY_20230101_20231231.nc
97_dat,2023-06-14,5,13.676290176808834,MY,5.078224182128906,0.07822418212890625,1,thetao_MY_20230101_20231231.nc
97_dat,2023-06-14,10,13.402356036007404,MY,9.572997093200684,0.4270029067993164,1,thetao_MY_20230101_20231231.nc
97_dat,2023-06-14,15,12.724845126271248,MY,15.810070037841797,0.8100700378417969,1,thetao_MY_20230101_20231231.nc
97_dat,2023-06-14,20,11.792443625628948,MY,18.495559692382812,1.5044403076171875,1,thetao_MY_20230101_20231231.nc
97_dat,2023-06-14,30,8.629017010331154,MY,29.444730758666992,0.5552692413330078,1,thetao_MY_20230101_20231231.nc
97_dat,2023-06-15,5,13.84621723741293,MY,5.078224182128906,0.07822418212890625,1,thetao_MY_20230101_20231231.nc
97_dat,2023-06-15,10,13.42945647239685,MY,9.572997093200684,0.4270029067993164,1,thetao_MY_20230101_20231231.nc
97_dat,2023-06-15,15,12.567369617521763,MY,15.810070037841797,0.8100700378417969,1,thetao_MY_20230101_20231231.nc
97_dat,2023-06-15,20,11.632038339972496,MY,18.495559692382812,1.5044403076171875,1,thetao_MY_20230101_20231231.nc
97_dat,2023-06-15,30,8.72936186939478,MY,29.444730758666992,0.5552692413330078,1,thetao_MY_20230101_20231231.nc
97_dat,2023-06-16,5,14.036652736365795,MY,5.078224182128906,0.07822418212890625,1,thetao_MY_20230101_20231231.nc
97_dat,2023-06-16,10,13.38843959569931,MY,9.572997093200684,0.4270029067993164,1,thetao_MY_20230101_20231231.nc
97_dat,2023-06-16,15,12.031220443546772,MY,15.810070037841797,0.8100700378417969,1,thetao_MY_20230101_20231231.nc
97_dat,2023-06-16,20,11.128849156200886,MY,18.495559692382812,1.5044403076171875,1,thetao_MY_20230101_20231231.nc
97_dat,2023-06-16,30,8.634876564145088,MY,29.444730758666992,0.5552692413330078,1,thetao_MY_20230101_20231231.nc
97_dat,2023-06-17,5,13.96926786750555,MY,5.078224182128906,0.07822418212890625,1,thetao_MY_20230101_20231231.nc
97_dat,2023-06-17,10,12.814203321933746,MY,9.572997093200684,0.4270029067993164,1,thetao_MY_20230101_20231231.nc
97_dat,2023-06-17,15,10.819025248289108,MY,15.810070037841797,0.8100700378417969,1,thetao_MY_20230101_20231231.nc
97_dat,2023-06-17,20,10.166417442262173,MY,18.495559692382812,1.5044403076171875,1,thetao_MY_20230101_20231231.nc
97_dat,2023-06-17,30,8.363139756023884,MY,29.444730758666992,0.5552692413330078,1,thetao_MY_20230101_20231231.nc
97_dat,2023-06-18,5,13.080813020467758,MY,5.078224182128906,0.07822418212890625,1,thetao_MY_20230101_20231231.nc
97_dat,2023-06-18,10,11.366161085665226,MY,9.572997093200684,0.4270029067993164,1,thetao_MY_20230101_20231231.nc
97_dat,2023-06-18,15,9.568742953240871,MY,15.810070037841797,0.8100700378417969,1,thetao_MY_20230101_20231231.nc
97_dat,2023-06-18,20,9.21643728017807,MY,18.495559692382812,1.5044403076171875,1,thetao_MY_20230101_20231231.nc
97_dat,2023-06-18,30,7.925138108432293,MY,29.444730758666992,0.5552692413330078,1,thetao_MY_20230101_20231231.nc
97_dat,2023-06-19,5,12.600329607725143,MY,5.078224182128906,0.07822418212890625,1,thetao_MY_20230101_20231231.nc
97_dat,2023-06-19,10,10.805841252207756,MY,9.572997093200684,0.4270029067993164,1,thetao_MY_20230101_20231231.nc
97_dat,2023-06-19,15,9.063356436789036,MY,15.810070037841797,0.8100700378417969,1,thetao_MY_20230101_20231231.nc
97_dat,2023-06-19,20,8.742545865476131,MY,18.495559692382812,1.5044403076171875,1,thetao_MY_20230101_20231231.nc
97_dat,2023-06-19,30,7.5662404373288155,MY,29.444730758666992,0.5552692413330078,1,thetao_MY_20230101_20231231.nc
97_dat,2023-06-20,5,12.449446097016335,MY,5.078224182128906,0.07822418212890625,1,thetao_MY_20230101_20231231.nc
97_dat,2023-06-20,10,10.6190679743886,MY,9.572997093200684,0.4270029067993164,1,thetao_MY_20230101_20231231.nc
97_dat,2023-06-20,15,8.871456049382687,MY,15.810070037841797,0.8100700378417969,1,thetao_MY_20230101_20231231.nc
97_dat,2023-06-20,20,8.511825934052467,MY,18.495559692382812,1.5044403076171875,1,thetao_MY_20230101_20231231.nc
97_dat,2023-06-20,30,7.330393396317959,MY,29.444730758666992,0.5552692413330078,1,thetao_MY_20230101_20231231.nc
97_dat,2023-06-21,5,12.33738213032484,MY,5.078224182128906,0.07822418212890625,1,thetao_MY_20230101_20231231.nc
97_dat,2023-06-21,10,10.362712495028973,MY,9.572997093200684,0.4270029067993164,1,thetao_MY_20230101_20231231.nc
97_dat,2023-06-21,15,8.670033887028694,MY,15.810070037841797,0.8100700378417969,1,thetao_MY_20230101_20231231.nc
97_dat,2023-06-21,20,8.294289998710155,MY,18.495559692382812,1.5044403076171875,1,thetao_MY_20230101_20231231.nc
97_dat,2023-06-21,30,7.137028120458126,MY,29.444730758666992,0.5552692413330078,1,thetao_MY_20230101_20231231.nc
97_dat,2023-06-22,5,13.783959478139877,MY,5.078224182128906,0.07822418212890625,1,thetao_MY_20230101_20231231.nc
97_dat,2023-06-22,10,11.285592220723629,MY,9.572997093200684,0.4270029067993164,1,thetao_MY_20230101_20231231.nc
97_dat,2023-06-22,15,9.099978648126125,MY,15.810070037841797,0.8100700378417969,1,thetao_MY_20230101_20231231.nc
97_dat,2023-06-22,20,8.63121434301138,MY,18.495559692382812,1.5044403076171875,1,thetao_MY_20230101_20231231.nc
97_dat,2023-06-22,30,7.217596985399723,MY,29.444730758666992,0.5552692413330078,1,thetao_MY_20230101_20231231.nc
97_dat,2023-06-23,5,14.765434741973877,MY,5.078224182128906,0.07822418212890625,1,thetao_MY_20230101_20231231.nc
97_dat,2023-06-23,10,12.135959967970848,MY,9.572997093200684,0.4270029067993164,1,thetao_MY_20230101_20231231.nc
97_dat,2023-06-23,15,9.391491450369358,MY,15.810070037841797,0.8100700378417969,1,thetao_MY_20230101_20231231.nc
97_dat,2023-06-23,20,8.872188493609428,MY,18.495559692382812,1.5044403076171875,1,thetao_MY_20230101_20231231.nc
97_dat,2023-06-23,30,7.315744511783123,MY,29.444730758666992,0.5552692413330078,1,thetao_MY_20230101_20231231.nc
97_dat,2023-06-24,5,14.947813354432583,MY,5.078224182128906,0.07822418212890625,1,thetao_MY_20230101_20231231.nc
97_dat,2023-06-24,10,12.458967871963978,MY,9.572997093200684,0.4270029067993164,1,thetao_MY_20230101_20231231.nc
97_dat,2023-06-24,15,9.465468317270279,MY,15.810070037841797,0.8100700378417969,1,thetao_MY_20230101_20231231.nc
97_dat,2023-06-24,20,8.921262256801128,MY,18.495559692382812,1.5044403076171875,1,thetao_MY_20230101_20231231.nc
97_dat,2023-06-24,30,7.362620942294598,MY,29.444730758666992,0.5552692413330078,1,thetao_MY_20230101_20231231.nc
97_dat,2023-06-25,5,15.190252393484116,MY,5.078224182128906,0.07822418212890625,1,thetao_MY_20230101_20231231.nc
97_dat,2023-06-25,10,13.206793427467346,MY,9.572997093200684,0.4270029067993164,1,thetao_MY_20230101_20231231.nc
97_dat,2023-06-25,15,9.971587277948856,MY,15.810070037841797,0.8100700378417969,1,thetao_MY_20230101_20231231.nc
97_dat,2023-06-25,20,9.27356792986393,MY,18.495559692382812,1.5044403076171875,1,thetao_MY_20230101_20231231.nc
97_dat,2023-06-25,30,7.46589557826519,MY,29.444730758666992,0.5552692413330078,1,thetao_MY_20230101_20231231.nc
97_dat,2023-06-26,5,15.546952731907368,MY,5.078224182128906,0.07822418212890625,1,thetao_MY_20230101_20231231.nc
97_dat,2023-06-26,10,13.918729215860367,MY,9.572997093200684,0.4270029067993164,1,thetao_MY_20230101_20231231.nc
97_dat,2023-06-26,15,10.6190679743886,MY,15.810070037841797,0.8100700378417969,1,thetao_MY_20230101_20231231.nc
97_dat,2023-06-26,20,9.756981119513512,MY,18.495559692382812,1.5044403076171875,1,thetao_MY_20230101_20231231.nc
97_dat,2023-06-26,30,7.60066531598568,MY,29.444730758666992,0.5552692413330078,1,thetao_MY_20230101_20231231.nc
97_dat,2023-06-27,5,15.978362381458282,MY,5.078224182128906,0.07822418212890625,1,thetao_MY_20230101_20231231.nc
97_dat,2023-06-27,10,14.416791290044785,MY,9.572997093200684,0.4270029067993164,1,thetao_MY_20230101_20231231.nc
97_dat,2023-06-27,15,11.174993142485619,MY,15.810070037841797,0.8100700378417969,1,thetao_MY_20230101_20231231.nc
97_dat,2023-06-27,20,10.217688538134098,MY,18.495559692382812,1.5044403076171875,1,thetao_MY_20230101_20231231.nc
97_dat,2023-06-27,30,7.743491940200329,MY,29.444730758666992,0.5552692413330078,1,thetao_MY_20230101_20231231.nc
97_dat,2023-06-28,5,16.197363205254078,MY,5.078224182128906,0.07822418212890625,1,thetao_MY_20230101_20231231.nc
97_dat,2023-06-28,10,14.565477468073368,MY,9.572997093200684,0.4270029067993164,1,thetao_MY_20230101_20231231.nc
97_dat,2023-06-28,15,11.362498864531517,MY,15.810070037841797,0.8100700378417969,1,thetao_MY_20230101_20231231.nc
97_dat,2023-06-28,20,10.419843144714832,MY,18.495559692382812,1.5044403076171875,1,thetao_MY_20230101_20231231.nc
97_dat,2023-06-28,30,7.855555906891823,MY,29.444730758666992,0.5552692413330078,1,thetao_MY_20230101_20231231.nc
97_dat,2023-06-29,5,16.113864563405514,MY,5.078224182128906,0.07822418212890625,1,thetao_MY_20230101_20231231.nc
97_dat,2023-06-29,10,14.32084109634161,MY,9.572997093200684,0.4270029067993164,1,thetao_MY_20230101_20231231.nc
97_dat,2023-06-29,15,11.19623402506113,MY,15.810070037841797,0.8100700378417969,1,thetao_MY_20230101_20231231.nc
97_dat,2023-06-29,20,10.318765841424465,MY,18.495559692382812,1.5044403076171875,1,thetao_MY_20230101_20231231.nc
97_dat,2023-06-29,30,7.892910562455654,MY,29.444730758666992,0.5552692413330078,1,thetao_MY_20230101_20231231.nc
97_dat,2023-06-30,5,16.45591601729393,MY,5.078224182128906,0.07822418212890625,1,thetao_MY_20230101_20231231.nc
97_dat,2023-06-30,10,14.557420581579208,MY,9.572997093200684,0.4270029067993164,1,thetao_MY_20230101_20231231.nc
97_dat,2023-06-30,15,11.545609921216965,MY,15.810070037841797,0.8100700378417969,1,thetao_MY_20230101_20231231.nc
97_dat,2023-06-30,20,10.605883978307247,MY,18.495559692382812,1.5044403076171875,1,thetao_MY_20230101_20231231.nc
97_dat,2023-06-30,30,7.947111435234547,MY,29.444730758666992,0.5552692413330078,1,thetao_MY_20230101_20231231.nc
97_dat,2023-07-01,5,15.713950015604496,MY,5.078224182128906,0.07822418212890625,1,thetao_MY_20230101_20231231.nc
97_dat,2023-07-01,10,13.508560448884964,MY,9.572997093200684,0.4270029067993164,1,thetao_MY_20230101_20231231.nc
97_dat,2023-07-01,15,10.83220924437046,MY,15.810070037841797,0.8100700378417969,1,thetao_MY_20230101_20231231.nc
97_dat,2023-07-01,20,10.045564144849777,MY,18.495559692382812,1.5044403076171875,1,thetao_MY_20230101_20231231.nc
97_dat,2023-07-01,30,7.87899412214756,MY,29.444730758666992,0.5552692413330078,1,thetao_MY_20230101_20231231.nc
97_dat,2023-07-02,5,15.237861268222332,MY,5.078224182128906,0.07822418212890625,1,thetao_MY_20230101_20231231.nc
97_dat,2023-07-02,10,12.930661953985691,MY,9.572997093200684,0.4270029067993164,1,thetao_MY_20230101_20231231.nc
97_dat,2023-07-02,15,10.478438682854176,MY,15.810070037841797,0.8100700378417969,1,thetao_MY_20230101_20231231.nc
97_dat,2023-07-02,20,9.71523179858923,MY,18.495559692382812,1.5044403076171875,1,thetao_MY_20230101_20231231.nc
97_dat,2023-07-02,30,7.7969603687524796,MY,29.444730758666992,0.5552692413330078,1,thetao_MY_20230101_20231231.nc
97_dat,2023-07-03,5,15.308175913989544,MY,5.078224182128906,0.07822418212890625,1,thetao_MY_20230101_20231231.nc
97_dat,2023-07-03,10,12.99145482480526,MY,9.572997093200684,0.4270029067993164,1,thetao_MY_20230101_20231231.nc
97_dat,2023-07-03,15,10.62346263974905,MY,15.810070037841797,0.8100700378417969,1,thetao_MY_20230101_20231231.nc
97_dat,2023-07-03,20,9.84633931517601,MY,18.495559692382812,1.5044403076171875,1,thetao_MY_20230101_20231231.nc
97_dat,2023-07-03,30,7.792565703392029,MY,29.444730758666992,0.5552692413330078,1,thetao_MY_20230101_20231231.nc
97_dat,2023-07-04,5,15.35139012336731,MY,5.078224182128906,0.07822418212890625,1,thetao_MY_20230101_20231231.nc
97_dat,2023-07-04,10,12.902096629142761,MY,9.572997093200684,0.4270029067993164,1,thetao_MY_20230101_20231231.nc
97_dat,2023-07-04,15,10.600024424493313,MY,15.810070037841797,0.8100700378417969,1,thetao_MY_20230101_20231231.nc
97_dat,2023-07-04,20,9.822901099920273,MY,18.495559692382812,1.5044403076171875,1,thetao_MY_20230101_20231231.nc
97_dat,2023-07-04,30,7.753746159374714,MY,29.444730758666992,0.5552692413330078,1,thetao_MY_20230101_20231231.nc
97_dat,2023-07-05,5,16.420026250183582,MY,5.078224182128906,0.07822418212890625,1,thetao_MY_20230101_20231231.nc
97_dat,2023-07-05,10,13.444837801158428,MY,9.572997093200684,0.4270029067993164,1,thetao_MY_20230101_20231231.nc
97_dat,2023-07-05,15,10.898861669003963,MY,15.810070037841797,0.8100700378417969,1,thetao_MY_20230101_20231231.nc
97_dat,2023-07-05,20,10.069734804332256,MY,18.495559692382812,1.5044403076171875,1,thetao_MY_20230101_20231231.nc
97_dat,2023-07-05,30,7.767662599682808,MY,29.444730758666992,0.5552692413330078,1,thetao_MY_20230101_20231231.nc
97_dat,2023-07-06,5,17.82265694439411,MY,5.078224182128906,0.07822418212890625,1,thetao_MY_20230101_20231231.nc
97_dat,2023-07-06,10,14.977843567728996,MY,9.572997093200684,0.4270029067993164,1,thetao_MY_20230101_20231231.nc
97_dat,2023-07-06,15,11.544877476990223,MY,15.810070037841797,0.8100700378417969,1,thetao_MY_20230101_20231231.nc
97_dat,2023-07-06,20,10.63591419160366,MY,18.495559692382812,1.5044403076171875,1,thetao_MY_20230101_20231231.nc
97_dat,2023-07-06,30,7.8460341319441795,MY,29.444730758666992,0.5552692413330078,1,thetao_MY_20230101_20231231.nc
97_dat,2023-07-07,5,17.419080175459385,MY,5.078224182128906,0.07822418212890625,1,thetao_MY_20230101_20231231.nc
97_dat,2023-07-07,10,14.072542503476143,MY,9.572997093200684,0.4270029067993164,1,thetao_MY_20230101_20231231.nc
97_dat,2023-07-07,15,10.999206528067589,MY,15.810070037841797,0.8100700378417969,1,thetao_MY_20230101_20231231.nc
97_dat,2023-07-07,20,10.062410362064838,MY,18.495559692382812,1.5044403076171875,1,thetao_MY_20230101_20231231.nc
97_dat,2023-07-07,30,7.775719486176968,MY,29.444730758666992,0.5552692413330078,1,thetao_MY_20230101_20231231.nc
97_dat,2023-07-08,5,17.586809903383255,MY,5.078224182128906,0.07822418212890625,1,thetao_MY_20230101_20231231.nc
97_dat,2023-07-08,10,15.15509507060051,MY,9.572997093200684,0.4270029067993164,1,thetao_MY_20230101_20231231.nc
97_dat,2023-07-08,15,12.264137707650661,MY,15.810070037841797,0.8100700378417969,1,thetao_MY_20230101_20231231.nc
97_dat,2023-07-08,20,11.323679320514202,MY,18.495559692382812,1.5044403076171875,1,thetao_MY_20230101_20231231.nc
97_dat,2023-07-08,30,8.043061628937721,MY,29.444730758666992,0.5552692413330078,1,thetao_MY_20230101_20231231.nc
97_dat,2023-07-09,5,17.65785699337721,MY,5.078224182128906,0.07822418212890625,1,thetao_MY_20230101_20231231.nc
97_dat,2023-07-09,10,15.439283430576324,MY,9.572997093200684,0.4270029067993164,1,thetao_MY_20230101_20231231.nc
97_dat,2023-07-09,15,12.601794496178627,MY,15.810070037841797,0.8100700378417969,1,thetao_MY_20230101_20231231.nc
97_dat,2023-07-09,20,11.738975197076797,MY,18.495559692382812,1.5044403076171875,1,thetao_MY_20230101_20231231.nc
97_dat,2023-07-09,30,8.273049116134644,MY,29.444730758666992,0.5552692413330078,1,thetao_MY_20230101_20231231.nc
97_dat,2023-07-10,5,17.443250834941864,MY,5.078224182128906,0.07822418212890625,1,thetao_MY_20230101_20231231.nc
97_dat,2023-07-10,10,15.144840851426125,MY,9.572997093200684,0.4270029067993164,1,thetao_MY_20230101_20231231.nc
97_dat,2023-07-10,15,12.307351917028427,MY,15.810070037841797,0.8100700378417969,1,thetao_MY_20230101_20231231.nc
97_dat,2023-07-10,20,11.46577350050211,MY,18.495559692382812,1.5044403076171875,1,thetao_MY_20230101_20231231.nc
97_dat,2023-07-10,30,8.268654450774193,MY,29.444730758666992,0.5552692413330078,1,thetao_MY_20230101_20231231.nc
97_dat,2023-07-11,5,17.487929932773113,MY,5.078224182128906,0.07822418212890625,1,thetao_MY_20230101_20231231.nc
97_dat,2023-07-11,10,15.14703818410635,MY,9.572997093200684,0.4270029067993164,1,thetao_MY_20230101_20231231.nc
97_dat,2023-07-11,15,12.332255020737648,MY,15.810070037841797,0.8100700378417969,1,thetao_MY_20230101_20231231.nc
97_dat,2023-07-11,20,11.414502404630184,MY,18.495559692382812,1.5044403076171875,1,thetao_MY_20230101_20231231.nc
97_dat,2023-07-11,30,8.244483791291714,MY,29.444730758666992,0.5552692413330078,1,thetao_MY_20230101_20231231.nc
97_dat,2023-07-12,5,17.561174355447292,MY,5.078224182128906,0.07822418212890625,1,thetao_MY_20230101_20231231.nc
97_dat,2023-07-12,10,15.256172373890877,MY,9.572997093200684,0.4270029067993164,1,thetao_MY_20230101_20231231.nc
97_dat,2023-07-12,15,12.4435865432024,MY,15.810070037841797,0.8100700378417969,1,thetao_MY_20230101_20231231.nc
97_dat,2023-07-12,20,11.472365498542786,MY,18.495559692382812,1.5044403076171875,1,thetao_MY_20230101_20231231.nc
97_dat,2023-07-12,30,8.252540677785873,MY,29.444730758666992,0.5552692413330078,1,thetao_MY_20230101_20231231.nc
97_dat,2023-07-13,5,16.6815088391304,MY,5.078224182128906,0.07822418212890625,1,thetao_MY_20230101_20231231.nc
97_dat,2023-07-13,10,14.306924656033516,MY,9.572997093200684,0.4270029067993164,1,thetao_MY_20230101_20231231.nc
97_dat,2023-07-13,15,11.70308542996645,MY,15.810070037841797,0.8100700378417969,1,thetao_MY_20230101_20231231.nc
97_dat,2023-07-13,20,10.796319477260113,MY,18.495559692382812,1.5044403076171875,1,thetao_MY_20230101_20231231.nc
97_dat,2023-07-13,30,8.113376274704933,MY,29.444730758666992,0.5552692413330078,1,thetao_MY_20230101_20231231.nc
97_dat,2023-07-14,5,16.047944582998753,MY,5.078224182128906,0.07822418212890625,1,thetao_MY_20230101_20231231.nc
97_dat,2023-07-14,10,13.66676840186119,MY,9.572997093200684,0.4270029067993164,1,thetao_MY_20230101_20231231.nc
97_dat,2023-07-14,15,11.248237565159798,MY,15.810070037841797,0.8100700378417969,1,thetao_MY_20230101_20231231.nc
97_dat,2023-07-14,20,10.352458275854588,MY,18.495559692382812,1.5044403076171875,1,thetao_MY_20230101_20231231.nc
97_dat,2023-07-14,30,7.969817206263542,MY,29.444730758666992,0.5552692413330078,1,thetao_MY_20230101_20231231.nc
97_dat,2023-07-15,5,17.930326245725155,MY,5.078224182128906,0.07822418212890625,1,thetao_MY_20230101_20231231.nc
97_dat,2023-07-15,10,15.612872712314129,MY,9.572997093200684,0.4270029067993164,1,thetao_MY_20230101_20231231.nc
97_dat,2023-07-15,15,12.548326067626476,MY,15.810070037841797,0.8100700378417969,1,thetao_MY_20230101_20231231.nc
97_dat,2023-07-15,20,11.573442801833153,MY,18.495559692382812,1.5044403076171875,1,thetao_MY_20230101_20231231.nc
97_dat,2023-07-15,30,8.131687380373478,MY,29.444730758666992,0.5552692413330078,1,thetao_MY_20230101_20231231.nc
97_dat,2023-07-16,5,18.00943022221327,MY,5.078224182128906,0.07822418212890625,1,thetao_MY_20230101_20231231.nc
97_dat,2023-07-16,10,15.469313643872738,MY,9.572997093200684,0.4270029067993164,1,thetao_MY_20230101_20231231.nc
97_dat,2023-07-16,15,12.216528832912445,MY,15.810070037841797,0.8100700378417969,1,thetao_MY_20230101_20231231.nc
97_dat,2023-07-16,20,11.191106915473938,MY,18.495559692382812,1.5044403076171875,1,thetao_MY_20230101_20231231.nc
97_dat,2023-07-16,30,8.043794073164463,MY,29.444730758666992,0.5552692413330078,1,thetao_MY_20230101_20231231.nc
97_dat,2023-07-17,5,18.22696615755558,MY,5.078224182128906,0.07822418212890625,1,thetao_MY_20230101_20231231.nc
97_dat,2023-07-17,10,16.767937257885933,MY,9.572997093200684,0.4270029067993164,1,thetao_MY_20230101_20231231.nc
97_dat,2023-07-17,15,13.893826112151146,MY,15.810070037841797,0.8100700378417969,1,thetao_MY_20230101_20231231.nc
97_dat,2023-07-17,20,12.7380291223526,MY,18.495559692382812,1.5044403076171875,1,thetao_MY_20230101_20231231.nc
97_dat,2023-07-17,30,8.39024019241333,MY,29.444730758666992,0.5552692413330078,1,thetao_MY_20230101_20231231.nc
97_dat,2023-07-18,5,18.33756523579359,MY,5.078224182128906,0.07822418212890625,1,thetao_MY_20230101_20231231.nc
97_dat,2023-07-18,10,17.165654473006725,MY,9.572997093200684,0.4270029067993164,1,thetao_MY_20230101_20231231.nc
97_dat,2023-07-18,15,14.306192211806774,MY,15.810070037841797,0.8100700378417969,1,thetao_MY_20230101_20231231.nc
97_dat,2023-07-18,20,13.222907200455666,MY,18.495559692382812,1.5044403076171875,1,thetao_MY_20230101_20231231.nc
97_dat,2023-07-18,30,8.878780491650105,MY,29.444730758666992,0.5552692413330078,1,thetao_MY_20230101_20231231.nc
97_dat,2023-07-19,5,18.89715262502432,MY,5.078224182128906,0.07822418212890625,1,thetao_MY_20230101_20231231.nc
97_dat,2023-07-19,10,17.684957429766655,MY,9.572997093200684,0.4270029067993164,1,thetao_MY_20230101_20231231.nc
97_dat,2023-07-19,15,15.133854188024998,MY,15.810070037841797,0.8100700378417969,1,thetao_MY_20230101_20231231.nc
97_dat,2023-07-19,20,13.870387896895409,MY,18.495559692382812,1.5044403076171875,1,thetao_MY_20230101_20231231.nc
97_dat,2023-07-19,30,9.267708376049995,MY,29.444730758666992,0.5552692413330078,1,thetao_MY_20230101_20231231.nc
97_dat,2023-07-20,5,19.513870663940907,MY,5.078224182128906,0.07822418212890625,1,thetao_MY_20230101_20231231.nc
97_dat,2023-07-20,10,18.118564411997795,MY,9.572997093200684,0.4270029067993164,1,thetao_MY_20230101_20231231.nc
97_dat,2023-07-20,15,15.656819365918636,MY,15.810070037841797,0.8100700378417969,1,thetao_MY_20230101_20231231.nc
97_dat,2023-07-20,20,14.274697110056877,MY,18.495559692382812,1.5044403076171875,1,thetao_MY_20230101_20231231.nc
97_dat,2023-07-20,30,9.540910072624683,MY,29.444730758666992,0.5552692413330078,1,thetao_MY_20230101_20231231.nc
97_dat,2023-07-21,5,19.921842098236084,MY,5.078224182128906,0.07822418212890625,1,thetao_MY_20230101_20231231.nc
97_dat,2023-07-21,10,18.68840602040291,MY,9.572997093200684,0.4270029067993164,1,thetao_MY_20230101_20231231.nc
97_dat,2023-07-21,15,16.1819818764925,MY,15.810070037841797,0.8100700378417969,1,thetao_MY_20230101_20231231.nc
97_dat,2023-07-21,20,14.715628534555435,MY,18.495559692382812,1.5044403076171875,1,thetao_MY_20230101_20231231.nc
97_dat,2023-07-21,30,9.849269092082977,MY,29.444730758666992,0.5552692413330078,1,thetao_MY_20230101_20231231.nc
97_dat,2023-07-22,5,20.110812708735466,MY,5.078224182128906,0.07822418212890625,1,thetao_MY_20230101_20231231.nc
97_dat,2023-07-22,10,19.10150456428528,MY,9.572997093200684,0.4270029067993164,1,thetao_MY_20230101_20231231.nc
97_dat,2023-07-22,15,16.397320479154587,MY,15.810070037841797,0.8100700378417969,1,thetao_MY_20230101_20231231.nc
97_dat,2023-07-22,20,15.003479115664959,MY,18.495559692382812,1.5044403076171875,1,thetao_MY_20230101_20231231.nc
97_dat,2023-07-22,30,10.244788974523544,MY,29.444730758666992,0.5552692413330078,1,thetao_MY_20230101_20231231.nc
97_dat,2023-07-23,5,20.273415327072144,MY,5.078224182128906,0.07822418212890625,1,thetao_MY_20230101_20231231.nc
97_dat,2023-07-23,10,19.354197822511196,MY,9.572997093200684,0.4270029067993164,1,thetao_MY_20230101_20231231.nc
97_dat,2023-07-23,15,16.2889187335968,MY,15.810070037841797,0.8100700378417969,1,thetao_MY_20230101_20231231.nc
97_dat,2023-07-23,20,15.008606225252151,MY,18.495559692382812,1.5044403076171875,1,thetao_MY_20230101_20231231.nc
97_dat,2023-07-23,30,10.556810215115547,MY,29.444730758666992,0.5552692413330078,1,thetao_MY_20230101_20231231.nc
97_dat,2023-07-24,5,20.33274330943823,MY,5.078224182128906,0.07822418212890625,1,thetao_MY_20230101_20231231.nc
97_dat,2023-07-24,10,19.23700674623251,MY,9.572997093200684,0.4270029067993164,1,thetao_MY_20230101_20231231.nc
97_dat,2023-07-24,15,15.742515340447426,MY,15.810070037841797,0.8100700378417969,1,thetao_MY_20230101_20231231.nc
97_dat,2023-07-24,20,14.64384900033474,MY,18.495559692382812,1.5044403076171875,1,thetao_MY_20230101_20231231.nc
97_dat,2023-07-24,30,10.626392416656017,MY,29.444730758666992,0.5552692413330078,1,thetao_MY_20230101_20231231.nc
97_dat,2023-07-25,5,20.253639332950115,MY,5.078224182128906,0.07822418212890625,1,thetao_MY_20230101_20231231.nc
97_dat,2023-07-25,10,18.61076693236828,MY,9.572997093200684,0.4270029067993164,1,thetao_MY_20230101_20231231.nc
97_dat,2023-07-25,15,15.095767088234425,MY,15.810070037841797,0.8100700378417969,1,thetao_MY_20230101_20231231.nc
97_dat,2023-07-25,20,14.150914035737514,MY,18.495559692382812,1.5044403076171875,1,thetao_MY_20230101_20231231.nc
97_dat,2023-07-25,30,10.491622678935528,MY,29.444730758666992,0.5552692413330078,1,thetao_MY_20230101_20231231.nc
97_dat,2023-07-26,5,20.00167851895094,MY,5.078224182128906,0.07822418212890625,1,thetao_MY_20230101_20231231.nc
97_dat,2023-07-26,10,17.5963316783309,MY,9.572997093200684,0.4270029067993164,1,thetao_MY_20230101_20231231.nc
97_dat,2023-07-26,15,14.39042329788208,MY,15.810070037841797,0.8100700378417969,1,thetao_MY_20230101_20231231.nc
97_dat,2023-07-26,20,13.504898227751255,MY,18.495559692382812,1.5044403076171875,1,thetao_MY_20230101_20231231.nc
97_dat,2023-07-26,30,10.137852117419243,MY,29.444730758666992,0.5552692413330078,1,thetao_MY_20230101_20231231.nc
97_dat,2023-07-27,5,19.32782983034849,MY,5.078224182128906,0.07822418212890625,1,thetao_MY_20230101_20231231.nc
97_dat,2023-07-27,10,16.420026250183582,MY,9.572997093200684,0.4270029067993164,1,thetao_MY_20230101_20231231.nc
97_dat,2023-07-27,15,13.505630671977997,MY,15.810070037841797,0.8100700378417969,1,thetao_MY_20230101_20231231.nc
97_dat,2023-07-27,20,12.694814912974834,MY,18.495559692382812,1.5044403076171875,1,thetao_MY_20230101_20231231.nc
97_dat,2023-07-27,30,9.617816716432571,MY,29.444730758666992,0.5552692413330078,1,thetao_MY_20230101_20231231.nc
97_dat,2023-07-28,5,18.4393749833107,MY,5.078224182128906,0.07822418212890625,1,thetao_MY_20230101_20231231.nc
97_dat,2023-07-28,10,15.465651422739029,MY,9.572997093200684,0.4270029067993164,1,thetao_MY_20230101_20231231.nc
97_dat,2023-07-28,15,12.7380291223526,MY,15.810070037841797,0.8100700378417969,1,thetao_MY_20230101_20231231.nc
97_dat,2023-07-28,20,12.029023110866547,MY,18.495559692382812,1.5044403076171875,1,thetao_MY_20230101_20231231.nc
97_dat,2023-07-28,30,9.148319967091084,MY,29.444730758666992,0.5552692413330078,1,thetao_MY_20230101_20231231.nc
97_dat,2023-07-29,5,17.47914060205221,MY,5.078224182128906,0.07822418212890625,1,thetao_MY_20230101_20231231.nc
97_dat,2023-07-29,10,14.539841920137405,MY,9.572997093200684,0.4270029067993164,1,thetao_MY_20230101_20231231.nc
97_dat,2023-07-29,15,12.097140423953533,MY,15.810070037841797,0.8100700378417969,1,thetao_MY_20230101_20231231.nc
97_dat,2023-07-29,20,11.434278398752213,MY,18.495559692382812,1.5044403076171875,1,thetao_MY_20230101_20231231.nc
97_dat,2023-07-29,30,8.769646301865578,MY,29.444730758666992,0.5552692413330078,1,thetao_MY_20230101_20231231.nc
97_dat,2023-07-30,5,16.589220866560936,MY,5.078224182128906,0.07822418212890625,1,thetao_MY_20230101_20231231.nc
97_dat,2023-07-30,10,13.78908658772707,MY,9.572997093200684,0.4270029067993164,1,thetao_MY_20230101_20231231.nc
97_dat,2023-07-30,15,11.493606381118298,MY,15.810070037841797,0.8100700378417969,1,thetao_MY_20230101_20231231.nc
97_dat,2023-07-30,20,10.840998575091362,MY,18.495559692382812,1.5044403076171875,1,thetao_MY_20230101_20231231.nc
97_dat,2023-07-30,30,8.464949503540993,MY,29.444730758666992,0.5552692413330078,1,thetao_MY_20230101_20231231.nc
97_dat,2023-07-31,5,15.643635369837284,MY,5.078224182128906,0.07822418212890625,1,thetao_MY_20230101_20231231.nc
97_dat,2023-07-31,10,13.026612147688866,MY,9.572997093200684,0.4270029067993164,1,thetao_MY_20230101_20231231.nc
97_dat,2023-07-31,15,10.87688834220171,MY,15.810070037841797,0.8100700378417969,1,thetao_MY_20230101_20231231.nc
97_dat,2023-07-31,20,10.270424522459507,MY,18.495559692382812,1.5044403076171875,1,thetao_MY_20230101_20231231.nc
97_dat,2023-07-31,30,8.219580687582493,MY,29.444730758666992,0.5552692413330078,1,thetao_MY_20230101_20231231.nc
97_dat,2023-08-01,5,16.003265485167503,MY,5.078224182128906,0.07822418212890625,1,thetao_MY_20230101_20231231.nc
97_dat,2023-08-01,10,12.969481498003006,MY,9.572997093200684,0.4270029067993164,1,thetao_MY_20230101_20231231.nc
97_dat,2023-08-01,15,10.821222580969334,MY,15.810070037841797,0.8100700378417969,1,thetao_MY_20230101_20231231.nc
97_dat,2023-08-01,20,10.189123213291168,MY,18.495559692382812,1.5044403076171875,1,thetao_MY_20230101_20231231.nc
97_dat,2023-08-01,30,8.162450037896633,MY,29.444730758666992,0.5552692413330078,1,thetao_MY_20230101_20231231.nc
97_dat,2023-08-02,5,16.76647236943245,MY,5.078224182128906,0.07822418212890625,1,thetao_MY_20230101_20231231.nc
97_dat,2023-08-02,10,13.563493765890598,MY,9.572997093200684,0.4270029067993164,1,thetao_MY_20230101_20231231.nc
97_dat,2023-08-02,15,11.356639310717583,MY,15.810070037841797,0.8100700378417969,1,thetao_MY_20230101_20231231.nc
97_dat,2023-08-02,20,10.732596829533577,MY,18.495559692382812,1.5044403076171875,1,thetao_MY_20230101_20231231.nc
97_dat,2023-08-02,30,8.47227394580841,MY,29.444730758666992,0.5552692413330078,1,thetao_MY_20230101_20231231.nc
97_dat,2023-08-03,5,17.178106024861336,MY,5.078224182128906,0.07822418212890625,1,thetao_MY_20230101_20231231.nc
97_dat,2023-08-03,10,13.812524802982807,MY,9.572997093200684,0.4270029067993164,1,thetao_MY_20230101_20231231.nc
97_dat,2023-08-03,15,11.548539698123932,MY,15.810070037841797,0.8100700378417969,1,thetao_MY_20230101_20231231.nc
97_dat,2023-08-03,20,10.96697898209095,MY,18.495559692382812,1.5044403076171875,1,thetao_MY_20230101_20231231.nc
97_dat,2023-08-03,30,8.580675691366196,MY,29.444730758666992,0.5552692413330078,1,thetao_MY_20230101_20231231.nc
97_dat,2023-08-04,5,17.32679220288992,MY,5.078224182128906,0.07822418212890625,1,thetao_MY_20230101_20231231.nc
97_dat,2023-08-04,10,13.83816035091877,MY,9.572997093200684,0.4270029067993164,1,thetao_MY_20230101_20231231.nc
97_dat,2023-08-04,15,11.596148572862148,MY,15.810070037841797,0.8100700378417969,1,thetao_MY_20230101_20231231.nc
97_dat,2023-08-04,20,10.988952308893204,MY,18.495559692382812,1.5044403076171875,1,thetao_MY_20230101_20231231.nc
97_dat,2023-08-04,30,8.616565458476543,MY,29.444730758666992,0.5552692413330078,1,thetao_MY_20230101_20231231.nc
97_dat,2023-08-05,5,17.811670280992985,MY,5.078224182128906,0.07822418212890625,1,thetao_MY_20230101_20231231.nc
97_dat,2023-08-05,10,14.272499777376652,MY,9.572997093200684,0.4270029067993164,1,thetao_MY_20230101_20231231.nc
97_dat,2023-08-05,15,11.785851627588272,MY,15.810070037841797,0.8100700378417969,1,thetao_MY_20230101_20231231.nc
97_dat,2023-08-05,20,11.148625150322914,MY,18.495559692382812,1.5044403076171875,1,thetao_MY_20230101_20231231.nc
97_dat,2023-08-05,30,8.68028810620308,MY,29.444730758666992,0.5552692413330078,1,thetao_MY_20230101_20231231.nc
97_dat,2023-08-06,5,18.462080754339695,MY,5.078224182128906,0.07822418212890625,1,thetao_MY_20230101_20231231.nc
97_dat,2023-08-06,10,15.062074653804302,MY,9.572997093200684,0.4270029067993164,1,thetao_MY_20230101_20231231.nc
97_dat,2023-08-06,15,12.195287950336933,MY,15.810070037841797,0.8100700378417969,1,thetao_MY_20230101_20231231.nc
97_dat,2023-08-06,20,11.569780580699444,MY,18.495559692382812,1.5044403076171875,1,thetao_MY_20230101_20231231.nc
97_dat,2023-08-06,30,8.841425836086273,MY,29.444730758666992,0.5552692413330078,1,thetao_MY_20230101_20231231.nc
97_dat,2023-08-07,5,20.548814356327057,MY,5.078224182128906,0.07822418212890625,1,thetao_MY_20230101_20231231.nc
97_dat,2023-08-07,10,17.318002872169018,MY,9.572997093200684,0.4270029067993164,1,thetao_MY_20230101_20231231.nc
97_dat,2023-08-07,15,13.950956761837006,MY,15.810070037841797,0.8100700378417969,1,thetao_MY_20230101_20231231.nc
97_dat,2023-08-07,20,12.951170392334461,MY,18.495559692382812,1.5044403076171875,1,thetao_MY_20230101_20231231.nc
97_dat,2023-08-07,30,9.255989268422127,MY,29.444730758666992,0.5552692413330078,1,thetao_MY_20230101_20231231.nc
97_dat,2023-08-08,5,21.5888851583004,MY,5.078224182128906,0.07822418212890625,1,thetao_MY_20230101_20231231.nc
97_dat,2023-08-08,10,20.16501358151436,MY,9.572997093200684,0.4270029067993164,1,thetao_MY_20230101_20231231.nc
97_dat,2023-08-08,15,17.25794244557619,MY,15.810070037841797,0.8100700378417969,1,thetao_MY_20230101_20231231.nc
97_dat,2023-08-08,20,15.913907289505005,MY,18.495559692382812,1.5044403076171875,1,thetao_MY_20230101_20231231.nc
97_dat,2023-08-08,30,10.742851048707962,MY,29.444730758666992,0.5552692413330078,1,thetao_MY_20230101_20231231.nc
97_dat,2023-08-09,5,22.25614184886217,MY,5.078224182128906,0.07822418212890625,1,thetao_MY_20230101_20231231.nc
97_dat,2023-08-09,10,21.20068971812725,MY,9.572997093200684,0.4270029067993164,1,thetao_MY_20230101_20231231.nc
97_dat,2023-08-09,15,18.96746727079153,MY,15.810070037841797,0.8100700378417969,1,thetao_MY_20230101_20231231.nc
97_dat,2023-08-09,20,17.430799283087254,MY,18.495559692382812,1.5044403076171875,1,thetao_MY_20230101_20231231.nc
97_dat,2023-08-09,30,12.610583826899529,MY,29.444730758666992,0.5552692413330078,1,thetao_MY_20230101_20231231.nc
97_dat,2023-08-10,5,22.572557754814625,MY,5.078224182128906,0.07822418212890625,1,thetao_MY_20230101_20231231.nc
97_dat,2023-08-10,10,21.69069490581751,MY,9.572997093200684,0.4270029067993164,1,thetao_MY_20230101_20231231.nc
97_dat,2023-08-10,15,20.26828821748495,MY,15.810070037841797,0.8100700378417969,1,thetao_MY_20230101_20231231.nc
97_dat,2023-08-10,20,18.789483323693275,MY,18.495559692382812,1.5044403076171875,1,thetao_MY_20230101_20231231.nc
97_dat,2023-08-10,30,14.262978002429008,MY,29.444730758666992,0.5552692413330078,1,thetao_MY_20230101_20231231.nc
97_dat,2023-08-11,5,22.625293739140034,MY,5.078224182128906,0.07822418212890625,1,thetao_MY_20230101_20231231.nc
97_dat,2023-08-11,10,21.967558823525906,MY,9.572997093200684,0.4270029067993164,1,thetao_MY_20230101_20231231.nc
97_dat,2023-08-11,15,20.286599323153496,MY,15.810070037841797,0.8100700378417969,1,thetao_MY_20230101_20231231.nc
97_dat,2023-08-11,20,18.99603259563446,MY,18.495559692382812,1.5044403076171875,1,thetao_MY_20230101_20231231.nc
97_dat,2023-08-11,30,14.921445362269878,MY,29.444730758666992,0.5552692413330078,1,thetao_MY_20230101_20231231.nc
97_dat,2023-08-12,5,22.903622545301914,MY,5.078224182128906,0.07822418212890625,1,thetao_MY_20230101_20231231.nc
97_dat,2023-08-12,10,22.3828547000885,MY,9.572997093200684,0.4270029067993164,1,thetao_MY_20230101_20231231.nc
97_dat,2023-08-12,15,20.494613483548164,MY,15.810070037841797,0.8100700378417969,1,thetao_MY_20230101_20231231.nc
97_dat,2023-08-12,20,19.12201300263405,MY,18.495559692382812,1.5044403076171875,1,thetao_MY_20230101_20231231.nc
97_dat,2023-08-12,30,14.988097786903381,MY,29.444730758666992,0.5552692413330078,1,thetao_MY_20230101_20231231.nc
97_dat,2023-08-13,5,22.953428752720356,MY,5.078224182128906,0.07822418212890625,1,thetao_MY_20230101_20231231.nc
97_dat,2023-08-13,10,22.609912410378456,MY,9.572997093200684,0.4270029067993164,1,thetao_MY_20230101_20231231.nc
97_dat,2023-08-13,15,20.691640980541706,MY,15.810070037841797,0.8100700378417969,1,thetao_MY_20230101_20231231.nc
97_dat,2023-08-13,20,19.09344767779112,MY,18.495559692382812,1.5044403076171875,1,thetao_MY_20230101_20231231.nc
97_dat,2023-08-13,30,14.728812530636787,MY,29.444730758666992,0.5552692413330078,1,thetao_MY_20230101_20231231.nc
97_dat,2023-08-14,5,22.743949703872204,MY,5.078224182128906,0.07822418212890625,1,thetao_MY_20230101_20231231.nc
97_dat,2023-08-14,10,22.700003050267696,MY,9.572997093200684,0.4270029067993164,1,thetao_MY_20230101_20231231.nc
97_dat,2023-08-14,15,22.197546310722828,MY,15.810070037841797,0.8100700378417969,1,thetao_MY_20230101_20231231.nc
97_dat,2023-08-14,20,21.30249946564436,MY,18.495559692382812,1.5044403076171875,1,thetao_MY_20230101_20231231.nc
97_dat,2023-08-14,30,15.303781248629093,MY,29.444730758666992,0.5552692413330078,1,thetao_MY_20230101_20231231.nc
97_dat,2023-08-15,5,22.502243109047413,MY,5.078224182128906,0.07822418212890625,1,thetao_MY_20230101_20231231.nc
97_dat,2023-08-15,10,22.502975553274155,MY,9.572997093200684,0.4270029067993164,1,thetao_MY_20230101_20231231.nc
97_dat,2023-08-15,15,22.49272133409977,MY,15.810070037841797,0.8100700378417969,1,thetao_MY_20230101_20231231.nc
97_dat,2023-08-15,20,22.37846003472805,MY,18.495559692382812,1.5044403076171875,1,thetao_MY_20230101_20231231.nc
97_dat,2023-08-15,30,19.52412488311529,MY,29.444730758666992,0.5552692413330078,1,thetao_MY_20230101_20231231.nc
97_dat,2023-08-16,5,22.515427105128765,MY,5.078224182128906,0.07822418212890625,1,thetao_MY_20230101_20231231.nc
97_dat,2023-08-16,10,22.511032439768314,MY,9.572997093200684,0.4270029067993164,1,thetao_MY_20230101_20231231.nc
97_dat,2023-08-16,15,22.508102662861347,MY,15.810070037841797,0.8100700378417969,1,thetao_MY_20230101_20231231.nc
97_dat,2023-08-16,20,22.506637774407864,MY,18.495559692382812,1.5044403076171875,1,thetao_MY_20230101_20231231.nc
97_dat,2023-08-16,30,22.028351694345474,MY,29.444730758666992,0.5552692413330078,1,thetao_MY_20230101_20231231.nc
97_dat,2023-08-17,5,22.73882259428501,MY,5.078224182128906,0.07822418212890625,1,thetao_MY_20230101_20231231.nc
97_dat,2023-08-17,10,22.66411328315735,MY,9.572997093200684,0.4270029067993164,1,thetao_MY_20230101_20231231.nc
97_dat,2023-08-17,15,22.63994262367487,MY,15.810070037841797,0.8100700378417969,1,thetao_MY_20230101_20231231.nc
97_dat,2023-08-17,20,22.63994262367487,MY,18.495559692382812,1.5044403076171875,1,thetao_MY_20230101_20231231.nc
97_dat,2023-08-17,30,21.733176670968533,MY,29.444730758666992,0.5552692413330078,1,thetao_MY_20230101_20231231.nc
97_dat,2023-08-18,5,22.80034790933132,MY,5.078224182128906,0.07822418212890625,1,thetao_MY_20230101_20231231.nc
97_dat,2023-08-18,10,22.741019926965237,MY,9.572997093200684,0.4270029067993164,1,thetao_MY_20230101_20231231.nc
97_dat,2023-08-18,15,22.65312661975622,MY,15.810070037841797,0.8100700378417969,1,thetao_MY_20230101_20231231.nc
97_dat,2023-08-18,20,22.654591508209705,MY,18.495559692382812,1.5044403076171875,1,thetao_MY_20230101_20231231.nc
97_dat,2023-08-18,30,20.933347575366497,MY,29.444730758666992,0.5552692413330078,1,thetao_MY_20230101_20231231.nc
97_dat,2023-08-19,5,22.91021454334259,MY,5.078224182128906,0.07822418212890625,1,thetao_MY_20230101_20231231.nc
97_dat,2023-08-19,10,22.814996793866158,MY,9.572997093200684,0.4270029067993164,1,thetao_MY_20230101_20231231.nc
97_dat,2023-08-19,15,22.669972836971283,MY,15.810070037841797,0.8100700378417969,1,thetao_MY_20230101_20231231.nc
97_dat,2023-08-19,20,22.526413768529892,MY,18.495559692382812,1.5044403076171875,1,thetao_MY_20230101_20231231.nc
97_dat,2023-08-19,30,19.849330119788647,MY,29.444730758666992,0.5552692413330078,1,thetao_MY_20230101_20231231.nc
97_dat,2023-08-20,5,22.982726521790028,MY,5.078224182128906,0.07822418212890625,1,thetao_MY_20230101_20231231.nc
97_dat,2023-08-20,10,22.858211003243923,MY,9.572997093200684,0.4270029067993164,1,thetao_MY_20230101_20231231.nc
97_dat,2023-08-20,15,22.364543594419956,MY,15.810070037841797,0.8100700378417969,1,thetao_MY_20230101_20231231.nc
97_dat,2023-08-20,20,21.745628222823143,MY,18.495559692382812,1.5044403076171875,1,thetao_MY_20230101_20231231.nc
97_dat,2023-08-20,30,18.054109320044518,MY,29.444730758666992,0.5552692413330078,1,thetao_MY_20230101_20231231.nc
97_dat,2023-08-21,5,23.117496259510517,MY,5.078224182128906,0.07822418212890625,1,thetao_MY_20230101_20231231.nc
97_dat,2023-08-21,10,22.957090973854065,MY,9.572997093200684,0.4270029067993164,1,thetao_MY_20230101_20231231.nc
97_dat,2023-08-21,15,21.981475263834,MY,15.810070037841797,0.8100700378417969,1,thetao_MY_20230101_20231231.nc
97_dat,2023-08-21,20,21.07763908803463,MY,18.495559692382812,1.5044403076171875,1,thetao_MY_20230101_20231231.nc
97_dat,2023-08-21,30,16.7130039408803,MY,29.444730758666992,0.5552692413330078,1,thetao_MY_20230101_20231231.nc
97_dat,2023-08-22,5,23.307931758463383,MY,5.078224182128906,0.07822418212890625,1,thetao_MY_20230101_20231231.nc
97_dat,2023-08-22,10,23.06183049827814,MY,9.572997093200684,0.4270029067993164,1,thetao_MY_20230101_20231231.nc
97_dat,2023-08-22,15,21.71559800952673,MY,15.810070037841797,0.8100700378417969,1,thetao_MY_20230101_20231231.nc
97_dat,2023-08-22,20,20.789056062698364,MY,18.495559692382812,1.5044403076171875,1,thetao_MY_20230101_20231231.nc
97_dat,2023-08-22,30,15.883877076208591,MY,29.444730758666992,0.5552692413330078,1,thetao_MY_20230101_20231231.nc
97_dat,2023-08-23,5,23.447828605771065,MY,5.078224182128906,0.07822418212890625,1,thetao_MY_20230101_20231231.nc
97_dat,2023-08-23,10,22.842829674482346,MY,9.572997093200684,0.4270029067993164,1,thetao_MY_20230101_20231231.nc
97_dat,2023-08-23,15,21.030030213296413,MY,15.810070037841797,0.8100700378417969,1,thetao_MY_20230101_20231231.nc
97_dat,2023-08-23,20,20.082247383892536,MY,18.495559692382812,1.5044403076171875,1,thetao_MY_20230101_20231231.nc
97_dat,2023-08-23,30,14.952208019793034,MY,29.444730758666992,0.5552692413330078,1,thetao_MY_20230101_20231231.nc
97_dat,2023-08-24,5,23.647785879671574,MY,5.078224182128906,0.07822418212890625,1,thetao_MY_20230101_20231231.nc
97_dat,2023-08-24,10,22.650929287075996,MY,9.572997093200684,0.4270029067993164,1,thetao_MY_20230101_20231231.nc
97_dat,2023-08-24,15,20.651356548070908,MY,15.810070037841797,0.8100700378417969,1,thetao_MY_20230101_20231231.nc
97_dat,2023-08-24,20,19.672078616917133,MY,18.495559692382812,1.5044403076171875,1,thetao_MY_20230101_20231231.nc
97_dat,2023-08-24,30,14.346476644277573,MY,29.444730758666992,0.5552692413330078,1,thetao_MY_20230101_20231231.nc
97_dat,2023-08-25,5,23.927579574286938,MY,5.078224182128906,0.07822418212890625,1,thetao_MY_20230101_20231231.nc
97_dat,2023-08-25,10,22.654591508209705,MY,9.572997093200684,0.4270029067993164,1,thetao_MY_20230101_20231231.nc
97_dat,2023-08-25,15,20.564928129315376,MY,15.810070037841797,0.8100700378417969,1,thetao_MY_20230101_20231231.nc
97_dat,2023-08-25,20,19.499954223632812,MY,18.495559692382812,1.5044403076171875,1,thetao_MY_20230101_20231231.nc
97_dat,2023-08-25,30,13.868923008441925,MY,29.444730758666992,0.5552692413330078,1,thetao_MY_20230101_20231231.nc
97_dat,2023-08-26,5,24.179540388286114,MY,5.078224182128906,0.07822418212890625,1,thetao_MY_20230101_20231231.nc
97_dat,2023-08-26,10,22.776177249848843,MY,9.572997093200684,0.4270029067993164,1,thetao_MY_20230101_20231231.nc
97_dat,2023-08-26,15,20.491683706641197,MY,15.810070037841797,0.8100700378417969,1,thetao_MY_20230101_20231231.nc
97_dat,2023-08-26,20,19.29047517478466,MY,18.495559692382812,1.5044403076171875,1,thetao_MY_20230101_20231231.nc
97_dat,2023-08-26,30,13.435316026210785,MY,29.444730758666992,0.5552692413330078,1,thetao_MY_20230101_20231231.nc
97_dat,2023-08-27,5,24.131199069321156,MY,5.078224182128906,0.07822418212890625,1,thetao_MY_20230101_20231231.nc
97_dat,2023-08-27,10,22.620899073779583,MY,9.572997093200684,0.4270029067993164,1,thetao_MY_20230101_20231231.nc
97_dat,2023-08-27,15,20.191381573677063,MY,15.810070037841797,0.8100700378417969,1,thetao_MY_20230101_20231231.nc
97_dat,2023-08-27,20,18.857600636780262,MY,18.495559692382812,1.5044403076171875,1,thetao_MY_20230101_20231231.nc
97_dat,2023-08-27,30,13.041993476450443,MY,29.444730758666992,0.5552692413330078,1,thetao_MY_20230101_20231231.nc
97_dat,2023-08-28,5,24.129734180867672,MY,5.078224182128906,0.07822418212890625,1,thetao_MY_20230101_20231231.nc
97_dat,2023-08-28,10,22.780571915209293,MY,9.572997093200684,0.4270029067993164,1,thetao_MY_20230101_20231231.nc
97_dat,2023-08-28,15,20.532700583338737,MY,15.810070037841797,0.8100700378417969,1,thetao_MY_20230101_20231231.nc
97_dat,2023-08-28,20,19.49116489291191,MY,18.495559692382812,1.5044403076171875,1,thetao_MY_20230101_20231231.nc
97_dat,2023-08-28,30,13.235358752310276,MY,29.444730758666992,0.5552692413330078,1,thetao_MY_20230101_20231231.nc
97_dat,2023-08-29,5,24.5999633744359,MY,5.078224182128906,0.07822418212890625,1,thetao_MY_20230101_20231231.nc
97_dat,2023-08-29,10,23.549638353288174,MY,9.572997093200684,0.4270029067993164,1,thetao_MY_20230101_20231231.nc
97_dat,2023-08-29,15,21.309091463685036,MY,15.810070037841797,0.8100700378417969,1,thetao_MY_20230101_20231231.nc
97_dat,2023-08-29,20,20.71361430734396,MY,18.495559692382812,1.5044403076171875,1,thetao_MY_20230101_20231231.nc
97_dat,2023-08-29,30,14.085726499557495,MY,29.444730758666992,0.5552692413330078,1,thetao_MY_20230101_20231231.nc
97_dat,2023-08-30,5,24.928830832242966,MY,5.078224182128906,0.07822418212890625,1,thetao_MY_20230101_20231231.nc
97_dat,2023-08-30,10,24.864375740289688,MY,9.572997093200684,0.4270029067993164,1,thetao_MY_20230101_20231231.nc
97_dat,2023-08-30,15,23.52327036112547,MY,15.810070037841797,0.8100700378417969,1,thetao_MY_20230101_20231231.nc
97_dat,2023-08-30,20,22.34550004452467,MY,18.495559692382812,1.5044403076171875,1,thetao_MY_20230101_20231231.nc
97_dat,2023-08-30,30,15.08990753442049,MY,29.444730758666992,0.5552692413330078,1,thetao_MY_20230101_20231231.nc
97_dat,2023-08-31,5,25.0240485817194,MY,5.078224182128906,0.07822418212890625,1,thetao_MY_20230101_20231231.nc
97_dat,2023-08-31,10,24.96765037626028,MY,9.572997093200684,0.4270029067993164,1,thetao_MY_20230101_20231231.nc
97_dat,2023-08-31,15,24.600695818662643,MY,15.810070037841797,0.8100700378417969,1,thetao_MY_20230101_20231231.nc
97_dat,2023-08-31,20,24.297463908791542,MY,18.495559692382812,1.5044403076171875,1,thetao_MY_20230101_20231231.nc
97_dat,2023-08-31,30,16.584826201200485,MY,29.444730758666992,0.5552692413330078,1,thetao_MY_20230101_20231231.nc
97_dat,2023-09-01,5,24.917111724615097,MY,5.078224182128906,0.07822418212890625,1,thetao_MY_20230101_20231231.nc
97_dat,2023-09-01,10,24.83288063853979,MY,9.572997093200684,0.4270029067993164,1,thetao_MY_20230101_20231231.nc
97_dat,2023-09-01,15,24.46006652712822,MY,15.810070037841797,0.8100700378417969,1,thetao_MY_20230101_20231231.nc
97_dat,2023-09-01,20,23.917325355112553,MY,18.495559692382812,1.5044403076171875,1,thetao_MY_20230101_20231231.nc
97_dat,2023-09-01,30,19.246528521180153,MY,29.444730758666992,0.5552692413330078,1,thetao_MY_20230101_20231231.nc
97_dat,2023-09-02,5,24.91784416884184,MY,5.078224182128906,0.07822418212890625,1,thetao_MY_20230101_20231231.nc
97_dat,2023-09-02,10,24.66881313174963,MY,9.572997093200684,0.4270029067993164,1,thetao_MY_20230101_20231231.nc
97_dat,2023-09-02,15,23.424390390515327,MY,15.810070037841797,0.8100700378417969,1,thetao_MY_20230101_20231231.nc
97_dat,2023-09-02,20,22.71318704634905,MY,18.495559692382812,1.5044403076171875,1,thetao_MY_20230101_20231231.nc
97_dat,2023-09-02,30,19.52339243888855,MY,29.444730758666992,0.5552692413330078,1,thetao_MY_20230101_20231231.nc
97_dat,2023-09-03,5,24.96765037626028,MY,5.078224182128906,0.07822418212890625,1,thetao_MY_20230101_20231231.nc
97_dat,2023-09-03,10,24.49742118269205,MY,9.572997093200684,0.4270029067993164,1,thetao_MY_20230101_20231231.nc
97_dat,2023-09-03,15,22.658253729343414,MY,15.810070037841797,0.8100700378417969,1,thetao_MY_20230101_20231231.nc
97_dat,2023-09-03,20,21.8430433049798,MY,18.495559692382812,1.5044403076171875,1,thetao_MY_20230101_20231231.nc
97_dat,2023-09-03,30,18.37418744713068,MY,29.444730758666992,0.5552692413330078,1,thetao_MY_20230101_20231231.nc
97_dat,2023-09-04,5,24.966185487806797,MY,5.078224182128906,0.07822418212890625,1,thetao_MY_20230101_20231231.nc
97_dat,2023-09-04,10,24.477645188570023,MY,9.572997093200684,0.4270029067993164,1,thetao_MY_20230101_20231231.nc
97_dat,2023-09-04,15,22.554979093372822,MY,15.810070037841797,0.8100700378417969,1,thetao_MY_20230101_20231231.nc
97_dat,2023-09-04,20,21.5800958275795,MY,18.495559692382812,1.5044403076171875,1,thetao_MY_20230101_20231231.nc
97_dat,2023-09-04,30,17.1055940464139,MY,29.444730758666992,0.5552692413330078,1,thetao_MY_20230101_20231231.nc
97_dat,2023-09-05,5,25.00866725295782,MY,5.078224182128906,0.07822418212890625,1,thetao_MY_20230101_20231231.nc
97_dat,2023-09-05,10,24.724478892982006,MY,9.572997093200684,0.4270029067993164,1,thetao_MY_20230101_20231231.nc
97_dat,2023-09-05,15,23.018616288900375,MY,15.810070037841797,0.8100700378417969,1,thetao_MY_20230101_20231231.nc
97_dat,2023-09-05,20,22.015167698264122,MY,18.495559692382812,1.5044403076171875,1,thetao_MY_20230101_20231231.nc
97_dat,2023-09-05,30,16.416364029049873,MY,29.444730758666992,0.5552692413330078,1,thetao_MY_20230101_20231231.nc
97_dat,2023-09-06,5,24.97570726275444,MY,5.078224182128906,0.07822418212890625,1,thetao_MY_20230101_20231231.nc
97_dat,2023-09-06,10,24.661488689482212,MY,9.572997093200684,0.4270029067993164,1,thetao_MY_20230101_20231231.nc
97_dat,2023-09-06,15,23.025940731167793,MY,15.810070037841797,0.8100700378417969,1,thetao_MY_20230101_20231231.nc
97_dat,2023-09-06,20,22.155796989798546,MY,18.495559692382812,1.5044403076171875,1,thetao_MY_20230101_20231231.nc
97_dat,2023-09-06,30,16.420758694410324,MY,29.444730758666992,0.5552692413330078,1,thetao_MY_20230101_20231231.nc
97_dat,2023-09-07,5,24.601428262889385,MY,5.078224182128906,0.07822418212890625,1,thetao_MY_20230101_20231231.nc
97_dat,2023-09-07,10,24.248390145599842,MY,9.572997093200684,0.4270029067993164,1,thetao_MY_20230101_20231231.nc
97_dat,2023-09-07,15,22.546922206878662,MY,15.810070037841797,0.8100700378417969,1,thetao_MY_20230101_20231231.nc
97_dat,2023-09-07,20,21.73683889210224,MY,18.495559692382812,1.5044403076171875,1,thetao_MY_20230101_20231231.nc
97_dat,2023-09-07,30,16.48887600749731,MY,29.444730758666992,0.5552692413330078,1,thetao_MY_20230101_20231231.nc
97_dat,2023-09-08,5,24.245460368692875,MY,5.078224182128906,0.07822418212890625,1,thetao_MY_20230101_20231231.nc
97_dat,2023-09-08,10,24.332621231675148,MY,9.572997093200684,0.4270029067993164,1,thetao_MY_20230101_20231231.nc
97_dat,2023-09-08,15,23.215643785893917,MY,15.810070037841797,0.8100700378417969,1,thetao_MY_20230101_20231231.nc
97_dat,2023-09-08,20,22.420941799879074,MY,18.495559692382812,1.5044403076171875,1,thetao_MY_20230101_20231231.nc
97_dat,2023-09-08,30,16.73351237922907,MY,29.444730758666992,0.5552692413330078,1,thetao_MY_20230101_20231231.nc
97_dat,2023-09-09,5,24.21909237653017,MY,5.078224182128906,0.07822418212890625,1,thetao_MY_20230101_20231231.nc
97_dat,2023-09-09,10,24.253517255187035,MY,9.572997093200684,0.4270029067993164,1,thetao_MY_20230101_20231231.nc
97_dat,2023-09-09,15,23.186346016824245,MY,15.810070037841797,0.8100700378417969,1,thetao_MY_20230101_20231231.nc
97_dat,2023-09-09,20,22.159459210932255,MY,18.495559692382812,1.5044403076171875,1,thetao_MY_20230101_20231231.nc
97_dat,2023-09-09,30,15.722739346325397,MY,29.444730758666992,0.5552692413330078,1,thetao_MY_20230101_20231231.nc
97_dat,2023-09-10,5,24.252784810960293,MY,5.078224182128906,0.07822418212890625,1,thetao_MY_20230101_20231231.nc
97_dat,2023-09-10,10,24.250587478280067,MY,9.572997093200684,0.4270029067993164,1,thetao_MY_20230101_20231231.nc
97_dat,2023-09-10,15,23.408276617527008,MY,15.810070037841797,0.8100700378417969,1,thetao_MY_20230101_20231231.nc
97_dat,2023-09-10,20,22.49711599946022,MY,18.495559692382812,1.5044403076171875,1,thetao_MY_20230101_20231231.nc
97_dat,2023-09-10,30,16.061128579080105,MY,29.444730758666992,0.5552692413330078,1,thetao_MY_20230101_20231231.nc
97_dat,2023-09-11,5,24.263039030134678,MY,5.078224182128906,0.07822418212890625,1,thetao_MY_20230101_20231231.nc
97_dat,2023-09-11,10,24.28501235693693,MY,9.572997093200684,0.4270029067993164,1,thetao_MY_20230101_20231231.nc
97_dat,2023-09-11,15,23.496169924736023,MY,15.810070037841797,0.8100700378417969,1,thetao_MY_20230101_20231231.nc
97_dat,2023-09-11,20,22.60332041233778,MY,18.495559692382812,1.5044403076171875,1,thetao_MY_20230101_20231231.nc
97_dat,2023-09-11,30,16.40610980987549,MY,29.444730758666992,0.5552692413330078,1,thetao_MY_20230101_20231231.nc
97_dat,2023-09-12,5,24.326761677861214,MY,5.078224182128906,0.07822418212890625,1,thetao_MY_20230101_20231231.nc
97_dat,2023-09-12,10,24.28867457807064,MY,9.572997093200684,0.4270029067993164,1,thetao_MY_20230101_20231231.nc
97_dat,2023-09-12,15,23.120426036417484,MY,15.810070037841797,0.8100700378417969,1,thetao_MY_20230101_20231231.nc
97_dat,2023-09-12,20,22.007110811769962,MY,18.495559692382812,1.5044403076171875,1,thetao_MY_20230101_20231231.nc
97_dat,2023-09-12,30,16.015717037022114,MY,29.444730758666992,0.5552692413330078,1,thetao_MY_20230101_20231231.nc
97_dat,2023-09-13,5,24.441022977232933,MY,5.078224182128906,0.07822418212890625,1,thetao_MY_20230101_20231231.nc
97_dat,2023-09-13,10,24.268898583948612,MY,9.572997093200684,0.4270029067993164,1,thetao_MY_20230101_20231231.nc
97_dat,2023-09-13,15,23.111636705696583,MY,15.810070037841797,0.8100700378417969,1,thetao_MY_20230101_20231231.nc
97_dat,2023-09-13,20,22.1286965534091,MY,18.495559692382812,1.5044403076171875,1,thetao_MY_20230101_20231231.nc
97_dat,2023-09-13,30,16.412701807916164,MY,29.444730758666992,0.5552692413330078,1,thetao_MY_20230101_20231231.nc
97_dat,2023-09-14,5,24.42710653692484,MY,5.078224182128906,0.07822418212890625,1,thetao_MY_20230101_20231231.nc
97_dat,2023-09-14,10,24.09237952530384,MY,9.572997093200684,0.4270029067993164,1,thetao_MY_20230101_20231231.nc
97_dat,2023-09-14,15,22.691213719546795,MY,15.810070037841797,0.8100700378417969,1,thetao_MY_20230101_20231231.nc
97_dat,2023-09-14,20,21.76906643807888,MY,18.495559692382812,1.5044403076171875,1,thetao_MY_20230101_20231231.nc
97_dat,2023-09-14,30,16.61558885872364,MY,29.444730758666992,0.5552692413330078,1,thetao_MY_20230101_20231231.nc
97_dat,2023-09-15,5,24.298196353018284,MY,5.078224182128906,0.07822418212890625,1,thetao_MY_20230101_20231231.nc
97_dat,2023-09-15,10,23.897549360990524,MY,9.572997093200684,0.4270029067993164,1,thetao_MY_20230101_20231231.nc
97_dat,2023-09-15,15,22.160191655158997,MY,15.810070037841797,0.8100700378417969,1,thetao_MY_20230101_20231231.nc
97_dat,2023-09-15,20,21.177983947098255,MY,18.495559692382812,1.5044403076171875,1,thetao_MY_20230101_20231231.nc
97_dat,2023-09-15,30,16.225196085870266,MY,29.444730758666992,0.5552692413330078,1,thetao_MY_20230101_20231231.nc
97_dat,2023-09-16,5,24.22275459766388,MY,5.078224182128906,0.07822418212890625,1,thetao_MY_20230101_20231231.nc
97_dat,2023-09-16,10,23.906338691711426,MY,9.572997093200684,0.4270029067993164,1,thetao_MY_20230101_20231231.nc
97_dat,2023-09-16,15,22.073030792176723,MY,15.810070037841797,0.8100700378417969,1,thetao_MY_20230101_20231231.nc
97_dat,2023-09-16,20,21.022705771028996,MY,18.495559692382812,1.5044403076171875,1,thetao_MY_20230101_20231231.nc
97_dat,2023-09-16,30,15.914639733731747,MY,29.444730758666992,0.5552692413330078,1,thetao_MY_20230101_20231231.nc
97_dat,2023-09-17,5,24.154637284576893,MY,5.078224182128906,0.07822418212890625,1,thetao_MY_20230101_20231231.nc
97_dat,2023-09-17,10,24.213232822716236,MY,9.572997093200684,0.4270029067993164,1,thetao_MY_20230101_20231231.nc
97_dat,2023-09-17,15,22.970274969935417,MY,15.810070037841797,0.8100700378417969,1,thetao_MY_20230101_20231231.nc
97_dat,2023-09-17,20,22.246620073914528,MY,18.495559692382812,1.5044403076171875,1,thetao_MY_20230101_20231231.nc
97_dat,2023-09-17,30,16.427350692451,MY,29.444730758666992,0.5552692413330078,1,thetao_MY_20230101_20231231.nc
97_dat,2023-09-18,5,24.25571458786726,MY,5.078224182128906,0.07822418212890625,1,thetao_MY_20230101_20231231.nc
97_dat,2023-09-18,10,24.072603531181812,MY,9.572997093200684,0.4270029067993164,1,thetao_MY_20230101_20231231.nc
97_dat,2023-09-18,15,22.73809015005827,MY,15.810070037841797,0.8100700378417969,1,thetao_MY_20230101_20231231.nc
97_dat,2023-09-18,20,22.0305490270257,MY,18.495559692382812,1.5044403076171875,1,thetao_MY_20230101_20231231.nc
97_dat,2023-09-18,30,16.78331858664751,MY,29.444730758666992,0.5552692413330078,1,thetao_MY_20230101_20231231.nc
97_dat,2023-09-19,5,24.238135926425457,MY,5.078224182128906,0.07822418212890625,1,thetao_MY_20230101_20231231.nc
97_dat,2023-09-19,10,23.980315558612347,MY,9.572997093200684,0.4270029067993164,1,thetao_MY_20230101_20231231.nc
97_dat,2023-09-19,15,22.54179509729147,MY,15.810070037841797,0.8100700378417969,1,thetao_MY_20230101_20231231.nc
97_dat,2023-09-19,20,21.75734733045101,MY,18.495559692382812,1.5044403076171875,1,thetao_MY_20230101_20231231.nc
97_dat,2023-09-19,30,16.843379013240337,MY,29.444730758666992,0.5552692413330078,1,thetao_MY_20230101_20231231.nc
97_dat,2023-09-20,5,23.83822137862444,MY,5.078224182128906,0.07822418212890625,1,thetao_MY_20230101_20231231.nc
97_dat,2023-09-20,10,23.099185153841972,MY,9.572997093200684,0.4270029067993164,1,thetao_MY_20230101_20231231.nc
97_dat,2023-09-20,15,21.188970610499382,MY,15.810070037841797,0.8100700378417969,1,thetao_MY_20230101_20231231.nc
97_dat,2023-09-20,20,20.289529100060463,MY,18.495559692382812,1.5044403076171875,1,thetao_MY_20230101_20231231.nc
97_dat,2023-09-20,30,16.078707240521908,MY,29.444730758666992,0.5552692413330078,1,thetao_MY_20230101_20231231.nc
97_dat,2023-09-21,5,23.41779839247465,MY,5.078224182128906,0.07822418212890625,1,thetao_MY_20230101_20231231.nc
97_dat,2023-09-21,10,23.27057710289955,MY,9.572997093200684,0.4270029067993164,1,thetao_MY_20230101_20231231.nc
97_dat,2023-09-21,15,21.452650532126427,MY,15.810070037841797,0.8100700378417969,1,thetao_MY_20230101_20231231.nc
97_dat,2023-09-21,20,20.47996459901333,MY,18.495559692382812,1.5044403076171875,1,thetao_MY_20230101_20231231.nc
97_dat,2023-09-21,30,15.890469074249268,MY,29.444730758666992,0.5552692413330078,1,thetao_MY_20230101_20231231.nc
97_dat,2023-09-22,5,23.247871331870556,MY,5.078224182128906,0.07822418212890625,1,thetao_MY_20230101_20231231.nc
97_dat,2023-09-22,10,23.09039582312107,MY,9.572997093200684,0.4270029067993164,1,thetao_MY_20230101_20231231.nc
97_dat,2023-09-22,15,21.31934568285942,MY,15.810070037841797,0.8100700378417969,1,thetao_MY_20230101_20231231.nc
97_dat,2023-09-22,20,20.32908108830452,MY,18.495559692382812,1.5044403076171875,1,thetao_MY_20230101_20231231.nc
97_dat,2023-09-22,30,15.52351451665163,MY,29.444730758666992,0.5552692413330078,1,thetao_MY_20230101_20231231.nc
97_dat,2023-09-23,5,22.988586075603962,MY,5.078224182128906,0.07822418212890625,1,thetao_MY_20230101_20231231.nc
97_dat,2023-09-23,10,22.954161196947098,MY,9.572997093200684,0.4270029067993164,1,thetao_MY_20230101_20231231.nc
97_dat,2023-09-23,15,21.365489669144154,MY,15.810070037841797,0.8100700378417969,1,thetao_MY_20230101_20231231.nc
97_dat,2023-09-23,20,20.342265084385872,MY,18.495559692382812,1.5044403076171875,1,thetao_MY_20230101_20231231.nc
97_dat,2023-09-23,30,15.31037324666977,MY,29.444730758666992,0.5552692413330078,1,thetao_MY_20230101_20231231.nc
97_dat,2023-09-24,5,22.761528365314007,MY,5.078224182128906,0.07822418212890625,1,thetao_MY_20230101_20231231.nc
97_dat,2023-09-24,10,22.9138767644763,MY,9.572997093200684,0.4270029067993164,1,thetao_MY_20230101_20231231.nc
97_dat,2023-09-24,15,22.12137211114168,MY,15.810070037841797,0.8100700378417969,1,thetao_MY_20230101_20231231.nc
97_dat,2023-09-24,20,21.391125217080116,MY,18.495559692382812,1.5044403076171875,1,thetao_MY_20230101_20231231.nc
97_dat,2023-09-24,30,15.921964175999165,MY,29.444730758666992,0.5552692413330078,1,thetao_MY_20230101_20231231.nc
97_dat,2023-09-25,5,22.665578171610832,MY,5.078224182128906,0.07822418212890625,1,thetao_MY_20230101_20231231.nc
97_dat,2023-09-25,10,22.673635058104992,MY,9.572997093200684,0.4270029067993164,1,thetao_MY_20230101_20231231.nc
97_dat,2023-09-25,15,22.49638355523348,MY,15.810070037841797,0.8100700378417969,1,thetao_MY_20230101_20231231.nc
97_dat,2023-09-25,20,21.999053925275803,MY,18.495559692382812,1.5044403076171875,1,thetao_MY_20230101_20231231.nc
97_dat,2023-09-25,30,16.654408402740955,MY,29.444730758666992,0.5552692413330078,1,thetao_MY_20230101_20231231.nc
97_dat,2023-09-26,5,22.625293739140034,MY,5.078224182128906,0.07822418212890625,1,thetao_MY_20230101_20231231.nc
97_dat,2023-09-26,10,22.62382885068655,MY,9.572997093200684,0.4270029067993164,1,thetao_MY_20230101_20231231.nc
97_dat,2023-09-26,15,22.587939083576202,MY,15.810070037841797,0.8100700378417969,1,thetao_MY_20230101_20231231.nc
97_dat,2023-09-26,20,22.195348978042603,MY,18.495559692382812,1.5044403076171875,1,thetao_MY_20230101_20231231.nc
97_dat,2023-09-26,30,17.488662376999855,MY,29.444730758666992,0.5552692413330078,1,thetao_MY_20230101_20231231.nc
97_dat,2023-09-27,5,22.532273322343826,MY,5.078224182128906,0.07822418212890625,1,thetao_MY_20230101_20231231.nc
97_dat,2023-09-27,10,22.52568132430315,MY,9.572997093200684,0.4270029067993164,1,thetao_MY_20230101_20231231.nc
97_dat,2023-09-27,15,22.481734670698643,MY,15.810070037841797,0.8100700378417969,1,thetao_MY_20230101_20231231.nc
97_dat,2023-09-27,20,22.254676960408688,MY,18.495559692382812,1.5044403076171875,1,thetao_MY_20230101_20231231.nc
97_dat,2023-09-27,30,19.47798089683056,MY,29.444730758666992,0.5552692413330078,1,thetao_MY_20230101_20231231.nc
97_dat,2023-09-28,5,22.302285835146904,MY,5.078224182128906,0.07822418212890625,1,thetao_MY_20230101_20231231.nc
97_dat,2023-09-28,10,22.34623248875141,MY,9.572997093200684,0.4270029067993164,1,thetao_MY_20230101_20231231.nc
97_dat,2023-09-28,15,22.355754263699055,MY,15.810070037841797,0.8100700378417969,1,thetao_MY_20230101_20231231.nc
97_dat,2023-09-28,20,22.327921383082867,MY,18.495559692382812,1.5044403076171875,1,thetao_MY_20230101_20231231.nc
97_dat,2023-09-28,30,21.27027191966772,MY,29.444730758666992,0.5552692413330078,1,thetao_MY_20230101_20231231.nc
97_dat,2023-09-29,5,22.12503433227539,MY,5.078224182128906,0.07822418212890625,1,thetao_MY_20230101_20231231.nc
97_dat,2023-09-29,10,22.138218328356743,MY,9.572997093200684,0.4270029067993164,1,thetao_MY_20230101_20231231.nc
97_dat,2023-09-29,15,22.168980985879898,MY,15.810070037841797,0.8100700378417969,1,thetao_MY_20230101_20231231.nc
97_dat,2023-09-29,20,22.176305428147316,MY,18.495559692382812,1.5044403076171875,1,thetao_MY_20230101_20231231.nc
97_dat,2023-09-29,30,21.63356425613165,MY,29.444730758666992,0.5552692413330078,1,thetao_MY_20230101_20231231.nc
97_dat,2023-09-30,5,21.95364238321781,MY,5.078224182128906,0.07822418212890625,1,thetao_MY_20230101_20231231.nc
97_dat,2023-09-30,10,21.955839715898037,MY,9.572997093200684,0.4270029067993164,1,thetao_MY_20230101_20231231.nc
97_dat,2023-09-30,15,21.988067261874676,MY,15.810070037841797,0.8100700378417969,1,thetao_MY_20230101_20231231.nc
97_dat,2023-09-30,20,21.99392681568861,MY,18.495559692382812,1.5044403076171875,1,thetao_MY_20230101_20231231.nc
97_dat,2023-09-30,30,21.558122500777245,MY,29.444730758666992,0.5552692413330078,1,thetao_MY_20230101_20231231.nc
97_dat,2023-10-01,5,21.872341074049473,MY,5.078224182128906,0.07822418212890625,1,thetao_MY_20230101_20231231.nc
97_dat,2023-10-01,10,21.86721396446228,MY,9.572997093200684,0.4270029067993164,1,thetao_MY_20230101_20231231.nc
97_dat,2023-10-01,15,21.888454847037792,MY,15.810070037841797,0.8100700378417969,1,thetao_MY_20230101_20231231.nc
97_dat,2023-10-01,20,21.92800683528185,MY,18.495559692382812,1.5044403076171875,1,thetao_MY_20230101_20231231.nc
97_dat,2023-10-01,30,21.030030213296413,MY,29.444730758666992,0.5552692413330078,1,thetao_MY_20230101_20231231.nc
97_dat,2023-10-02,5,21.624042481184006,MY,5.078224182128906,0.07822418212890625,1,thetao_MY_20230101_20231231.nc
97_dat,2023-10-02,10,21.624774925410748,MY,9.572997093200684,0.4270029067993164,1,thetao_MY_20230101_20231231.nc
97_dat,2023-10-02,15,21.648213140666485,MY,15.810070037841797,0.8100700378417969,1,thetao_MY_20230101_20231231.nc
97_dat,2023-10-02,20,21.611590929329395,MY,18.495559692382812,1.5044403076171875,1,thetao_MY_20230101_20231231.nc
97_dat,2023-10-02,30,20.011200293898582,MY,29.444730758666992,0.5552692413330078,1,thetao_MY_20230101_20231231.nc
97_dat,2023-10-03,5,21.42555009573698,MY,5.078224182128906,0.07822418212890625,1,thetao_MY_20230101_20231231.nc
97_dat,2023-10-03,10,21.349375896155834,MY,9.572997093200684,0.4270029067993164,1,thetao_MY_20230101_20231231.nc
97_dat,2023-10-03,15,21.01684621721506,MY,15.810070037841797,0.8100700378417969,1,thetao_MY_20230101_20231231.nc
97_dat,2023-10-03,20,20.780999176204205,MY,18.495559692382812,1.5044403076171875,1,thetao_MY_20230101_20231231.nc
97_dat,2023-10-03,30,18.5865962728858,MY,29.444730758666992,0.5552692413330078,1,thetao_MY_20230101_20231231.nc
97_dat,2023-10-04,5,21.434339426457882,MY,5.078224182128906,0.07822418212890625,1,thetao_MY_20230101_20231231.nc
97_dat,2023-10-04,10,21.420422986149788,MY,9.572997093200684,0.4270029067993164,1,thetao_MY_20230101_20231231.nc
97_dat,2023-10-04,15,21.21607104688883,MY,15.810070037841797,0.8100700378417969,1,thetao_MY_20230101_20231231.nc
97_dat,2023-10-04,20,20.925290688872337,MY,18.495559692382812,1.5044403076171875,1,thetao_MY_20230101_20231231.nc
97_dat,2023-10-04,30,18.183019503951073,MY,29.444730758666992,0.5552692413330078,1,thetao_MY_20230101_20231231.nc
97_dat,2023-10-05,5,21.215338602662086,MY,5.078224182128906,0.07822418212890625,1,thetao_MY_20230101_20231231.nc
97_dat,2023-10-05,10,21.30689413100481,MY,9.572997093200684,0.4270029067993164,1,thetao_MY_20230101_20231231.nc
97_dat,2023-10-05,15,21.11059907823801,MY,15.810070037841797,0.8100700378417969,1,thetao_MY_20230101_20231231.nc
97_dat,2023-10-05,20,20.755363628268242,MY,18.495559692382812,1.5044403076171875,1,thetao_MY_20230101_20231231.nc
97_dat,2023-10-05,30,17.815332502126694,MY,29.444730758666992,0.5552692413330078,1,thetao_MY_20230101_20231231.nc
97_dat,2023-10-06,5,20.135715812444687,MY,5.078224182128906,0.07822418212890625,1,thetao_MY_20230101_20231231.nc
97_dat,2023-10-06,10,19.58491775393486,MY,9.572997093200684,0.4270029067993164,1,thetao_MY_20230101_20231231.nc
97_dat,2023-10-06,15,18.683278910815716,MY,15.810070037841797,0.8100700378417969,1,thetao_MY_20230101_20231231.nc
97_dat,2023-10-06,20,18.270912811160088,MY,18.495559692382812,1.5044403076171875,1,thetao_MY_20230101_20231231.nc
97_dat,2023-10-06,30,15.921231731772423,MY,29.444730758666992,0.5552692413330078,1,thetao_MY_20230101_20231231.nc
97_dat,2023-10-07,5,19.644978180527687,MY,5.078224182128906,0.07822418212890625,1,thetao_MY_20230101_20231231.nc
97_dat,2023-10-07,10,19.08978545665741,MY,9.572997093200684,0.4270029067993164,1,thetao_MY_20230101_20231231.nc
97_dat,2023-10-07,15,18.5375225096941,MY,15.810070037841797,0.8100700378417969,1,thetao_MY_20230101_20231231.nc
97_dat,2023-10-07,20,18.21011994034052,MY,18.495559692382812,1.5044403076171875,1,thetao_MY_20230101_20231231.nc
97_dat,2023-10-07,30,16.10068056732416,MY,29.444730758666992,0.5552692413330078,1,thetao_MY_20230101_20231231.nc
97_dat,2023-10-08,5,19.203314311802387,MY,5.078224182128906,0.07822418212890625,1,thetao_MY_20230101_20231231.nc
97_dat,2023-10-08,10,19.189397871494293,MY,9.572997093200684,0.4270029067993164,1,thetao_MY_20230101_20231231.nc
97_dat,2023-10-08,15,18.831232644617558,MY,15.810070037841797,0.8100700378417969,1,thetao_MY_20230101_20231231.nc
97_dat,2023-10-08,20,18.620288707315922,MY,18.495559692382812,1.5044403076171875,1,thetao_MY_20230101_20231231.nc
97_dat,2023-10-08,30,16.52916043996811,MY,29.444730758666992,0.5552692413330078,1,thetao_MY_20230101_20231231.nc
97_dat,2023-10-09,5,19.013611257076263,MY,5.078224182128906,0.07822418212890625,1,thetao_MY_20230101_20231231.nc
97_dat,2023-10-09,10,19.055360578000546,MY,9.572997093200684,0.4270029067993164,1,thetao_MY_20230101_20231231.nc
97_dat,2023-10-09,15,18.834162421524525,MY,15.810070037841797,0.8100700378417969,1,thetao_MY_20230101_20231231.nc
97_dat,2023-10-09,20,18.605639822781086,MY,18.495559692382812,1.5044403076171875,1,thetao_MY_20230101_20231231.nc
97_dat,2023-10-09,30,16.11239967495203,MY,29.444730758666992,0.5552692413330078,1,thetao_MY_20230101_20231231.nc
97_dat,2023-10-10,5,18.940366834402084,MY,5.078224182128906,0.07822418212890625,1,thetao_MY_20230101_20231231.nc
97_dat,2023-10-10,10,18.941099278628826,MY,9.572997093200684,0.4270029067993164,1,thetao_MY_20230101_20231231.nc
97_dat,2023-10-10,15,18.99603259563446,MY,15.810070037841797,0.8100700378417969,1,thetao_MY_20230101_20231231.nc
97_dat,2023-10-10,20,18.91399884223938,MY,18.495559692382812,1.5044403076171875,1,thetao_MY_20230101_20231231.nc
97_dat,2023-10-10,30,16.228125862777233,MY,29.444730758666992,0.5552692413330078,1,thetao_MY_20230101_20231231.nc
97_dat,2023-10-11,5,18.830500200390816,MY,5.078224182128906,0.07822418212890625,1,thetao_MY_20230101_20231231.nc
97_dat,2023-10-11,10,18.829035311937332,MY,9.572997093200684,0.4270029067993164,1,thetao_MY_20230101_20231231.nc
97_dat,2023-10-11,15,19.124210335314274,MY,15.810070037841797,0.8100700378417969,1,thetao_MY_20230101_20231231.nc
97_dat,2023-10-11,20,19.02459792047739,MY,18.495559692382812,1.5044403076171875,1,thetao_MY_20230101_20231231.nc
97_dat,2023-10-11,30,17.161259807646275,MY,29.444730758666992,0.5552692413330078,1,thetao_MY_20230101_20231231.nc
97_dat,2023-10-12,5,18.683278910815716,MY,5.078224182128906,0.07822418212890625,1,thetao_MY_20230101_20231231.nc
97_dat,2023-10-12,10,18.93816950172186,MY,9.572997093200684,0.4270029067993164,1,thetao_MY_20230101_20231231.nc
97_dat,2023-10-12,15,18.97186193615198,MY,15.810070037841797,0.8100700378417969,1,thetao_MY_20230101_20231231.nc
97_dat,2023-10-12,20,18.851741082966328,MY,18.495559692382812,1.5044403076171875,1,thetao_MY_20230101_20231231.nc
97_dat,2023-10-12,30,17.799218729138374,MY,29.444730758666992,0.5552692413330078,1,thetao_MY_20230101_20231231.nc
97_dat,2023-10-13,5,18.640797145664692,MY,5.078224182128906,0.07822418212890625,1,thetao_MY_20230101_20231231.nc
97_dat,2023-10-13,10,19.046571247279644,MY,9.572997093200684,0.4270029067993164,1,thetao_MY_20230101_20231231.nc
97_dat,2023-10-13,15,18.904477067291737,MY,15.810070037841797,0.8100700378417969,1,thetao_MY_20230101_20231231.nc
97_dat,2023-10-13,20,18.812921538949013,MY,18.495559692382812,1.5044403076171875,1,thetao_MY_20230101_20231231.nc
97_dat,2023-10-13,30,17.991119116544724,MY,29.444730758666992,0.5552692413330078,1,thetao_MY_20230101_20231231.nc
97_dat,2023-10-14,5,18.634205147624016,MY,5.078224182128906,0.07822418212890625,1,thetao_MY_20230101_20231231.nc
97_dat,2023-10-14,10,19.08539079129696,MY,9.572997093200684,0.4270029067993164,1,thetao_MY_20230101_20231231.nc
97_dat,2023-10-14,15,18.9301126152277,MY,15.810070037841797,0.8100700378417969,1,thetao_MY_20230101_20231231.nc
97_dat,2023-10-14,20,18.785821102559566,MY,18.495559692382812,1.5044403076171875,1,thetao_MY_20230101_20231231.nc
97_dat,2023-10-14,30,17.99404889345169,MY,29.444730758666992,0.5552692413330078,1,thetao_MY_20230101_20231231.nc
97_dat,2023-10-15,5,18.714774012565613,MY,5.078224182128906,0.07822418212890625,1,thetao_MY_20230101_20231231.nc
97_dat,2023-10-15,10,19.153508104383945,MY,9.572997093200684,0.4270029067993164,1,thetao_MY_20230101_20231231.nc
97_dat,2023-10-15,15,19.002624593675137,MY,15.810070037841797,0.8100700378417969,1,thetao_MY_20230101_20231231.nc
97_dat,2023-10-15,20,18.818781092762947,MY,18.495559692382812,1.5044403076171875,1,thetao_MY_20230101_20231231.nc
97_dat,2023-10-15,30,17.988921783864498,MY,29.444730758666992,0.5552692413330078,1,thetao_MY_20230101_20231231.nc
97_dat,2023-10-16,5,18.68913846462965,MY,5.078224182128906,0.07822418212890625,1,thetao_MY_20230101_20231231.nc
97_dat,2023-10-16,10,19.017273478209972,MY,9.572997093200684,0.4270029067993164,1,thetao_MY_20230101_20231231.nc
97_dat,2023-10-16,15,18.84807886183262,MY,15.810070037841797,0.8100700378417969,1,thetao_MY_20230101_20231231.nc
97_dat,2023-10-16,20,18.68108157813549,MY,18.495559692382812,1.5044403076171875,1,thetao_MY_20230101_20231231.nc
97_dat,2023-10-16,30,17.914212472736835,MY,29.444730758666992,0.5552692413330078,1,thetao_MY_20230101_20231231.nc
97_dat,2023-10-17,5,18.327311016619205,MY,5.078224182128906,0.07822418212890625,1,thetao_MY_20230101_20231231.nc
97_dat,2023-10-17,10,18.539719842374325,MY,9.572997093200684,0.4270029067993164,1,thetao_MY_20230101_20231231.nc
97_dat,2023-10-17,15,18.43205054104328,MY,15.810070037841797,0.8100700378417969,1,thetao_MY_20230101_20231231.nc
97_dat,2023-10-17,20,18.340495012700558,MY,18.495559692382812,1.5044403076171875,1,thetao_MY_20230101_20231231.nc
97_dat,2023-10-17,30,17.57289346307516,MY,29.444730758666992,0.5552692413330078,1,thetao_MY_20230101_20231231.nc
97_dat,2023-10-18,5,18.246009707450867,MY,5.078224182128906,0.07822418212890625,1,thetao_MY_20230101_20231231.nc
97_dat,2023-10-18,10,18.462080754339695,MY,9.572997093200684,0.4270029067993164,1,thetao_MY_20230101_20231231.nc
97_dat,2023-10-18,15,18.43205054104328,MY,15.810070037841797,0.8100700378417969,1,thetao_MY_20230101_20231231.nc
97_dat,2023-10-18,20,18.37418744713068,MY,18.495559692382812,1.5044403076171875,1,thetao_MY_20230101_20231231.nc
97_dat,2023-10-18,30,17.349497973918915,MY,29.444730758666992,0.5552692413330078,1,thetao_MY_20230101_20231231.nc
97_dat,2023-10-19,5,18.139805294573307,MY,5.078224182128906,0.07822418212890625,1,thetao_MY_20230101_20231231.nc
97_dat,2023-10-19,10,18.500167854130268,MY,9.572997093200684,0.4270029067993164,1,thetao_MY_20230101_20231231.nc
97_dat,2023-10-19,15,18.576342053711414,MY,15.810070037841797,0.8100700378417969,1,thetao_MY_20230101_20231231.nc
97_dat,2023-10-19,20,18.536057621240616,MY,18.495559692382812,1.5044403076171875,1,thetao_MY_20230101_20231231.nc
97_dat,2023-10-19,30,17.349497973918915,MY,29.444730758666992,0.5552692413330078,1,thetao_MY_20230101_20231231.nc
97_dat,2023-10-20,5,17.92812891304493,MY,5.078224182128906,0.07822418212890625,1,thetao_MY_20230101_20231231.nc
97_dat,2023-10-20,10,18.258461259305477,MY,9.572997093200684,0.4270029067993164,1,thetao_MY_20230101_20231231.nc
97_dat,2023-10-20,15,18.425458543002605,MY,15.810070037841797,0.8100700378417969,1,thetao_MY_20230101_20231231.nc
97_dat,2023-10-20,20,18.41520432382822,MY,18.495559692382812,1.5044403076171875,1,thetao_MY_20230101_20231231.nc
97_dat,2023-10-20,30,17.066774502396584,MY,29.444730758666992,0.5552692413330078,1,thetao_MY_20230101_20231231.nc
97_dat,2023-10-21,5,17.599261455237865,MY,5.078224182128906,0.07822418212890625,1,thetao_MY_20230101_20231231.nc
97_dat,2023-10-21,10,17.832911163568497,MY,9.572997093200684,0.4270029067993164,1,thetao_MY_20230101_20231231.nc
97_dat,2023-10-21,15,18.024079106748104,MY,15.810070037841797,0.8100700378417969,1,thetao_MY_20230101_20231231.nc
97_dat,2023-10-21,20,17.909085363149643,MY,18.495559692382812,1.5044403076171875,1,thetao_MY_20230101_20231231.nc
97_dat,2023-10-21,30,16.474227122962475,MY,29.444730758666992,0.5552692413330078,1,thetao_MY_20230101_20231231.nc
97_dat,2023-10-22,5,17.33558153361082,MY,5.078224182128906,0.07822418212890625,1,thetao_MY_20230101_20231231.nc
97_dat,2023-10-22,10,17.372936189174652,MY,9.572997093200684,0.4270029067993164,1,thetao_MY_20230101_20231231.nc
97_dat,2023-10-22,15,17.532609030604362,MY,15.810070037841797,0.8100700378417969,1,thetao_MY_20230101_20231231.nc
97_dat,2023-10-22,20,17.45423749834299,MY,18.495559692382812,1.5044403076171875,1,thetao_MY_20230101_20231231.nc
97_dat,2023-10-22,30,16.126316115260124,MY,29.444730758666992,0.5552692413330078,1,thetao_MY_20230101_20231231.nc
97_dat,2023-10-23,5,17.06091494858265,MY,5.078224182128906,0.07822418212890625,1,thetao_MY_20230101_20231231.nc
97_dat,2023-10-23,10,17.08581805229187,MY,9.572997093200684,0.4270029067993164,1,thetao_MY_20230101_20231231.nc
97_dat,2023-10-23,15,17.276985995471478,MY,15.810070037841797,0.8100700378417969,1,thetao_MY_20230101_20231231.nc
97_dat,2023-10-23,20,17.260139778256416,MY,18.495559692382812,1.5044403076171875,1,thetao_MY_20230101_20231231.nc
97_dat,2023-10-23,30,15.85457930713892,MY,29.444730758666992,0.5552692413330078,1,thetao_MY_20230101_20231231.nc
97_dat,2023-10-24,5,16.940061651170254,MY,5.078224182128906,0.07822418212890625,1,thetao_MY_20230101_20231231.nc
97_dat,2023-10-24,10,16.945921204984188,MY,9.572997093200684,0.4270029067993164,1,thetao_MY_20230101_20231231.nc
97_dat,2023-10-24,15,17.18030335754156,MY,15.810070037841797,0.8100700378417969,1,thetao_MY_20230101_20231231.nc
97_dat,2023-10-24,20,17.248420670628548,MY,18.495559692382812,1.5044403076171875,1,thetao_MY_20230101_20231231.nc
97_dat,2023-10-24,30,15.831141091883183,MY,29.444730758666992,0.5552692413330078,1,thetao_MY_20230101_20231231.nc
97_dat,2023-10-25,5,16.658070623874664,MY,5.078224182128906,0.07822418212890625,1,thetao_MY_20230101_20231231.nc
97_dat,2023-10-25,10,16.657338179647923,MY,9.572997093200684,0.4270029067993164,1,thetao_MY_20230101_20231231.nc
97_dat,2023-10-25,15,16.883663445711136,MY,15.810070037841797,0.8100700378417969,1,thetao_MY_20230101_20231231.nc
97_dat,2023-10-25,20,16.970091864466667,MY,18.495559692382812,1.5044403076171875,1,thetao_MY_20230101_20231231.nc
97_dat,2023-10-25,30,15.795251324772835,MY,29.444730758666992,0.5552692413330078,1,thetao_MY_20230101_20231231.nc
97_dat,2023-10-26,5,16.66466262191534,MY,5.078224182128906,0.07822418212890625,1,thetao_MY_20230101_20231231.nc
97_dat,2023-10-26,10,16.661732845008373,MY,9.572997093200684,0.4270029067993164,1,thetao_MY_20230101_20231231.nc
97_dat,2023-10-26,15,16.921018101274967,MY,15.810070037841797,0.8100700378417969,1,thetao_MY_20230101_20231231.nc
97_dat,2023-10-26,20,16.99133274704218,MY,18.495559692382812,1.5044403076171875,1,thetao_MY_20230101_20231231.nc
97_dat,2023-10-26,30,15.66634114086628,MY,29.444730758666992,0.5552692413330078,1,thetao_MY_20230101_20231231.nc
97_dat,2023-10-27,5,16.657338179647923,MY,5.078224182128906,0.07822418212890625,1,thetao_MY_20230101_20231231.nc
97_dat,2023-10-27,10,16.658803068101406,MY,9.572997093200684,0.4270029067993164,1,thetao_MY_20230101_20231231.nc
97_dat,2023-10-27,15,16.847041234374046,MY,15.810070037841797,0.8100700378417969,1,thetao_MY_20230101_20231231.nc
97_dat,2023-10-27,20,16.985473193228245,MY,18.495559692382812,1.5044403076171875,1,thetao_MY_20230101_20231231.nc
97_dat,2023-10-27,30,15.712485127151012,MY,29.444730758666992,0.5552692413330078,1,thetao_MY_20230101_20231231.nc
97_dat,2023-10-28,5,16.63609729707241,MY,5.078224182128906,0.07822418212890625,1,thetao_MY_20230101_20231231.nc
97_dat,2023-10-28,10,16.634632408618927,MY,9.572997093200684,0.4270029067993164,1,thetao_MY_20230101_20231231.nc
97_dat,2023-10-28,15,16.896847441792488,MY,15.810070037841797,0.8100700378417969,1,thetao_MY_20230101_20231231.nc
97_dat,2023-10-28,20,16.98327586054802,MY,18.495559692382812,1.5044403076171875,1,thetao_MY_20230101_20231231.nc
97_dat,2023-10-28,30,15.67439802736044,MY,29.444730758666992,0.5552692413330078,1,thetao_MY_20230101_20231231.nc
97_dat,2023-10-29,5,16.593615531921387,MY,5.078224182128906,0.07822418212890625,1,thetao_MY_20230101_20231231.nc
97_dat,2023-10-29,10,16.59141819924116,MY,9.572997093200684,0.4270029067993164,1,thetao_MY_20230101_20231231.nc
97_dat,2023-10-29,15,16.93786431849003,MY,15.810070037841797,0.8100700378417969,1,thetao_MY_20230101_20231231.nc
97_dat,2023-10-29,20,16.8778038918972,MY,18.495559692382812,1.5044403076171875,1,thetao_MY_20230101_20231231.nc
97_dat,2023-10-29,30,15.758629113435745,MY,29.444730758666992,0.5552692413330078,1,thetao_MY_20230101_20231231.nc
97_dat,2023-10-30,5,16.5342875495553,MY,5.078224182128906,0.07822418212890625,1,thetao_MY_20230101_20231231.nc
97_dat,2023-10-30,10,16.567247539758682,MY,9.572997093200684,0.4270029067993164,1,thetao_MY_20230101_20231231.nc
97_dat,2023-10-30,15,16.833124794065952,MY,15.810070037841797,0.8100700378417969,1,thetao_MY_20230101_20231231.nc
97_dat,2023-10-30,20,16.73790704458952,MY,18.495559692382812,1.5044403076171875,1,thetao_MY_20230101_20231231.nc
97_dat,2023-10-30,30,15.943205058574677,MY,29.444730758666992,0.5552692413330078,1,thetao_MY_20230101_20231231.nc
97_dat,2023-10-31,5,16.4676351249218,MY,5.078224182128906,0.07822418212890625,1,thetao_MY_20230101_20231231.nc
97_dat,2023-10-31,10,16.598010197281837,MY,9.572997093200684,0.4270029067993164,1,thetao_MY_20230101_20231231.nc
97_dat,2023-10-31,15,16.78698080778122,MY,15.810070037841797,0.8100700378417969,1,thetao_MY_20230101_20231231.nc
97_dat,2023-10-31,20,16.720328383147717,MY,18.495559692382812,1.5044403076171875,1,thetao_MY_20230101_20231231.nc
97_dat,2023-10-31,30,16.099215678870678,MY,29.444730758666992,0.5552692413330078,1,thetao_MY_20230101_20231231.nc
97_dat,2023-11-01,5,16.42295602709055,MY,5.078224182128906,0.07822418212890625,1,thetao_MY_20230101_20231231.nc
97_dat,2023-11-01,10,16.523300886154175,MY,9.572997093200684,0.4270029067993164,1,thetao_MY_20230101_20231231.nc
97_dat,2023-11-01,15,16.812616355717182,MY,15.810070037841797,0.8100700378417969,1,thetao_MY_20230101_20231231.nc
97_dat,2023-11-01,20,16.75914792716503,MY,18.495559692382812,1.5044403076171875,1,thetao_MY_20230101_20231231.nc
97_dat,2023-11-01,30,16.187108986079693,MY,29.444730758666992,0.5552692413330078,1,thetao_MY_20230101_20231231.nc
97_dat,2023-11-02,5,16.327005833387375,MY,5.078224182128906,0.07822418212890625,1,thetao_MY_20230101_20231231.nc
97_dat,2023-11-02,10,16.577501758933067,MY,9.572997093200684,0.4270029067993164,1,thetao_MY_20230101_20231231.nc
97_dat,2023-11-02,15,16.764275036752224,MY,15.810070037841797,0.8100700378417969,1,thetao_MY_20230101_20231231.nc
97_dat,2023-11-02,20,16.72106082737446,MY,18.495559692382812,1.5044403076171875,1,thetao_MY_20230101_20231231.nc
97_dat,2023-11-02,30,16.195898316800594,MY,29.444730758666992,0.5552692413330078,1,thetao_MY_20230101_20231231.nc
97_dat,2023-11-03,5,16.362895600497723,MY,5.078224182128906,0.07822418212890625,1,thetao_MY_20230101_20231231.nc
97_dat,2023-11-03,10,16.449324019253254,MY,9.572997093200684,0.4270029067993164,1,thetao_MY_20230101_20231231.nc
97_dat,2023-11-03,15,16.753288373351097,MY,15.810070037841797,0.8100700378417969,1,thetao_MY_20230101_20231231.nc
97_dat,2023-11-03,20,16.719595938920975,MY,18.495559692382812,1.5044403076171875,1,thetao_MY_20230101_20231231.nc
97_dat,2023-11-03,30,16.20249031484127,MY,29.444730758666992,0.5552692413330078,1,thetao_MY_20230101_20231231.nc
97_dat,2023-11-04,5,16.212012089788914,MY,5.078224182128906,0.07822418212890625,1,thetao_MY_20230101_20231231.nc
97_dat,2023-11-04,10,16.506454668939114,MY,9.572997093200684,0.4270029067993164,1,thetao_MY_20230101_20231231.nc
97_dat,2023-11-04,15,16.60679952800274,MY,15.810070037841797,0.8100700378417969,1,thetao_MY_20230101_20231231.nc
97_dat,2023-11-04,20,16.59068575501442,MY,18.495559692382812,1.5044403076171875,1,thetao_MY_20230101_20231231.nc
97_dat,2023-11-04,30,16.118259228765965,MY,29.444730758666992,0.5552692413330078,1,thetao_MY_20230101_20231231.nc
97_dat,2023-11-05,5,16.097750790417194,MY,5.078224182128906,0.07822418212890625,1,thetao_MY_20230101_20231231.nc
97_dat,2023-11-05,10,16.266945406794548,MY,9.572997093200684,0.4270029067993164,1,thetao_MY_20230101_20231231.nc
97_dat,2023-11-05,15,16.483016453683376,MY,15.810070037841797,0.8100700378417969,1,thetao_MY_20230101_20231231.nc
97_dat,2023-11-05,20,16.518173776566982,MY,18.495559692382812,1.5044403076171875,1,thetao_MY_20230101_20231231.nc
97_dat,2023-11-05,30,16.065523244440556,MY,29.444730758666992,0.5552692413330078,1,thetao_MY_20230101_20231231.nc
97_dat,2023-11-06,5,16.027436144649982,MY,5.078224182128906,0.07822418212890625,1,thetao_MY_20230101_20231231.nc
97_dat,2023-11-06,10,16.04208502918482,MY,9.572997093200684,0.4270029067993164,1,thetao_MY_20230101_20231231.nc
97_dat,2023-11-06,15,16.209082312881947,MY,15.810070037841797,0.8100700378417969,1,thetao_MY_20230101_20231231.nc
97_dat,2023-11-06,20,16.416364029049873,MY,18.495559692382812,1.5044403076171875,1,thetao_MY_20230101_20231231.nc
97_dat,2023-11-06,30,16.073580130934715,MY,29.444730758666992,0.5552692413330078,1,thetao_MY_20230101_20231231.nc
97_dat,2023-11-07,5,15.871425524353981,MY,5.078224182128906,0.07822418212890625,1,thetao_MY_20230101_20231231.nc
97_dat,2023-11-07,10,15.954924166202545,MY,9.572997093200684,0.4270029067993164,1,thetao_MY_20230101_20231231.nc
97_dat,2023-11-07,15,16.17758721113205,MY,15.810070037841797,0.8100700378417969,1,thetao_MY_20230101_20231231.nc
97_dat,2023-11-07,20,16.260353408753872,MY,18.495559692382812,1.5044403076171875,1,thetao_MY_20230101_20231231.nc
97_dat,2023-11-07,30,15.927823729813099,MY,29.444730758666992,0.5552692413330078,1,thetao_MY_20230101_20231231.nc
97_dat,2023-11-08,5,15.991546377539635,MY,5.078224182128906,0.07822418212890625,1,thetao_MY_20230101_20231231.nc
97_dat,2023-11-08,10,16.25156407803297,MY,9.572997093200684,0.4270029067993164,1,thetao_MY_20230101_20231231.nc
97_dat,2023-11-08,15,16.39805292338133,MY,15.810070037841797,0.8100700378417969,1,thetao_MY_20230101_20231231.nc
97_dat,2023-11-08,20,16.4676351249218,MY,18.495559692382812,1.5044403076171875,1,thetao_MY_20230101_20231231.nc
97_dat,2023-11-08,30,16.14023255556822,MY,29.444730758666992,0.5552692413330078,1,thetao_MY_20230101_20231231.nc
97_dat,2023-11-09,5,15.893398851156235,MY,5.078224182128906,0.07822418212890625,1,thetao_MY_20230101_20231231.nc
97_dat,2023-11-09,10,15.96517838537693,MY,9.572997093200684,0.4270029067993164,1,thetao_MY_20230101_20231231.nc
97_dat,2023-11-09,15,16.201025426387787,MY,15.810070037841797,0.8100700378417969,1,thetao_MY_20230101_20231231.nc
97_dat,2023-11-09,20,16.354838714003563,MY,18.495559692382812,1.5044403076171875,1,thetao_MY_20230101_20231231.nc
97_dat,2023-11-09,30,16.17758721113205,MY,29.444730758666992,0.5552692413330078,1,thetao_MY_20230101_20231231.nc
97_dat,2023-11-10,5,15.790124215185642,MY,5.078224182128906,0.07822418212890625,1,thetao_MY_20230101_20231231.nc
97_dat,2023-11-10,10,15.798913545906544,MY,9.572997093200684,0.4270029067993164,1,thetao_MY_20230101_20231231.nc
97_dat,2023-11-10,15,15.90804773569107,MY,15.810070037841797,0.8100700378417969,1,thetao_MY_20230101_20231231.nc
97_dat,2023-11-10,20,16.25962096452713,MY,18.495559692382812,1.5044403076171875,1,thetao_MY_20230101_20231231.nc
97_dat,2023-11-10,30,16.182714320719242,MY,29.444730758666992,0.5552692413330078,1,thetao_MY_20230101_20231231.nc
97_dat,2023-11-11,5,15.431226544082165,MY,5.078224182128906,0.07822418212890625,1,thetao_MY_20230101_20231231.nc
97_dat,2023-11-11,10,15.440748319029808,MY,9.572997093200684,0.4270029067993164,1,thetao_MY_20230101_20231231.nc
97_dat,2023-11-11,15,15.820154428482056,MY,15.810070037841797,0.8100700378417969,1,thetao_MY_20230101_20231231.nc
97_dat,2023-11-11,20,15.963713496923447,MY,18.495559692382812,1.5044403076171875,1,thetao_MY_20230101_20231231.nc
97_dat,2023-11-11,30,15.697836242616177,MY,29.444730758666992,0.5552692413330078,1,thetao_MY_20230101_20231231.nc
97_dat,2023-11-12,5,15.084780424833298,MY,5.078224182128906,0.07822418212890625,1,thetao_MY_20230101_20231231.nc
97_dat,2023-11-12,10,15.112613305449486,MY,9.572997093200684,0.4270029067993164,1,thetao_MY_20230101_20231231.nc
97_dat,2023-11-12,15,15.66634114086628,MY,15.810070037841797,0.8100700378417969,1,thetao_MY_20230101_20231231.nc
97_dat,2023-11-12,20,15.672200694680214,MY,18.495559692382812,1.5044403076171875,1,thetao_MY_20230101_20231231.nc
97_dat,2023-11-12,30,15.391674555838108,MY,29.444730758666992,0.5552692413330078,1,thetao_MY_20230101_20231231.nc
97_dat,2023-11-13,5,14.881893374025822,MY,5.078224182128906,0.07822418212890625,1,thetao_MY_20230101_20231231.nc
97_dat,2023-11-13,10,14.881893374025822,MY,9.572997093200684,0.4270029067993164,1,thetao_MY_20230101_20231231.nc
97_dat,2023-11-13,15,15.273018591105938,MY,15.810070037841797,0.8100700378417969,1,thetao_MY_20230101_20231231.nc
97_dat,2023-11-13,20,15.423169657588005,MY,18.495559692382812,1.5044403076171875,1,thetao_MY_20230101_20231231.nc
97_dat,2023-11-13,30,15.27008881419897,MY,29.444730758666992,0.5552692413330078,1,thetao_MY_20230101_20231231.nc
97_dat,2023-11-14,5,14.708304092288017,MY,5.078224182128906,0.07822418212890625,1,thetao_MY_20230101_20231231.nc
97_dat,2023-11-14,10,14.708304092288017,MY,9.572997093200684,0.4270029067993164,1,thetao_MY_20230101_20231231.nc
97_dat,2023-11-14,15,14.752250745892525,MY,15.810070037841797,0.8100700378417969,1,thetao_MY_20230101_20231231.nc
97_dat,2023-11-14,20,14.86870937794447,MY,18.495559692382812,1.5044403076171875,1,thetao_MY_20230101_20231231.nc
97_dat,2023-11-14,30,14.977843567728996,MY,29.444730758666992,0.5552692413330078,1,thetao_MY_20230101_20231231.nc
97_dat,2023-11-15,5,14.50907926261425,MY,5.078224182128906,0.07822418212890625,1,thetao_MY_20230101_20231231.nc
97_dat,2023-11-15,10,14.50907926261425,MY,9.572997093200684,0.4270029067993164,1,thetao_MY_20230101_20231231.nc
97_dat,2023-11-15,15,14.516403704881668,MY,15.810070037841797,0.8100700378417969,1,thetao_MY_20230101_20231231.nc
97_dat,2023-11-15,20,14.53324992209673,MY,18.495559692382812,1.5044403076171875,1,thetao_MY_20230101_20231231.nc
97_dat,2023-11-15,30,14.748588524758816,MY,29.444730758666992,0.5552692413330078,1,thetao_MY_20230101_20231231.nc
97_dat,2023-11-16,5,14.375041969120502,MY,5.078224182128906,0.07822418212890625,1,thetao_MY_20230101_20231231.nc
97_dat,2023-11-16,10,14.375041969120502,MY,9.572997093200684,0.4270029067993164,1,thetao_MY_20230101_20231231.nc
97_dat,2023-11-16,15,14.378704190254211,MY,15.810070037841797,0.8100700378417969,1,thetao_MY_20230101_20231231.nc
97_dat,2023-11-16,20,14.387493520975113,MY,18.495559692382812,1.5044403076171875,1,thetao_MY_20230101_20231231.nc
97_dat,2023-11-16,30,14.679006323218346,MY,29.444730758666992,0.5552692413330078,1,thetao_MY_20230101_20231231.nc
97_dat,2023-11-17,5,14.290078438818455,MY,5.078224182128906,0.07822418212890625,1,thetao_MY_20230101_20231231.nc
97_dat,2023-11-17,10,14.297402881085873,MY,9.572997093200684,0.4270029067993164,1,thetao_MY_20230101_20231231.nc
97_dat,2023-11-17,15,14.308389544487,MY,15.810070037841797,0.8100700378417969,1,thetao_MY_20230101_20231231.nc
97_dat,2023-11-17,20,14.313516654074192,MY,18.495559692382812,1.5044403076171875,1,thetao_MY_20230101_20231231.nc
97_dat,2023-11-17,30,14.513473927974701,MY,29.444730758666992,0.5552692413330078,1,thetao_MY_20230101_20231231.nc
97_dat,2023-11-18,5,14.1611682549119,MY,5.078224182128906,0.07822418212890625,1,thetao_MY_20230101_20231231.nc
97_dat,2023-11-18,10,14.1611682549119,MY,9.572997093200684,0.4270029067993164,1,thetao_MY_20230101_20231231.nc
97_dat,2023-11-18,15,14.162633143365383,MY,15.810070037841797,0.8100700378417969,1,thetao_MY_20230101_20231231.nc
97_dat,2023-11-18,20,14.167027808725834,MY,18.495559692382812,1.5044403076171875,1,thetao_MY_20230101_20231231.nc
97_dat,2023-11-18,30,14.449018836021423,MY,29.444730758666992,0.5552692413330078,1,thetao_MY_20230101_20231231.nc
97_dat,2023-11-19,5,13.967070534825325,MY,5.078224182128906,0.07822418212890625,1,thetao_MY_20230101_20231231.nc
97_dat,2023-11-19,10,13.967070534825325,MY,9.572997093200684,0.4270029067993164,1,thetao_MY_20230101_20231231.nc
97_dat,2023-11-19,15,13.967070534825325,MY,15.810070037841797,0.8100700378417969,1,thetao_MY_20230101_20231231.nc
97_dat,2023-11-19,20,13.968535423278809,MY,18.495559692382812,1.5044403076171875,1,thetao_MY_20230101_20231231.nc
97_dat,2023-11-19,30,14.403607293963432,MY,29.444730758666992,0.5552692413330078,1,thetao_MY_20230101_20231231.nc
97_dat,2023-11-20,5,13.726096384227276,MY,5.078224182128906,0.07822418212890625,1,thetao_MY_20230101_20231231.nc
97_dat,2023-11-20,10,13.726096384227276,MY,9.572997093200684,0.4270029067993164,1,thetao_MY_20230101_20231231.nc
97_dat,2023-11-20,15,13.728293716907501,MY,15.810070037841797,0.8100700378417969,1,thetao_MY_20230101_20231231.nc
97_dat,2023-11-20,20,13.75612659752369,MY,18.495559692382812,1.5044403076171875,1,thetao_MY_20230101_20231231.nc
97_dat,2023-11-20,30,14.319376207888126,MY,29.444730758666992,0.5552692413330078,1,thetao_MY_20230101_20231231.nc
97_dat,2023-11-21,5,13.570818208158016,MY,5.078224182128906,0.07822418212890625,1,thetao_MY_20230101_20231231.nc
97_dat,2023-11-21,10,13.570818208158016,MY,9.572997093200684,0.4270029067993164,1,thetao_MY_20230101_20231231.nc
97_dat,2023-11-21,15,13.57667776197195,MY,15.810070037841797,0.8100700378417969,1,thetao_MY_20230101_20231231.nc
97_dat,2023-11-21,20,13.669698178768158,MY,18.495559692382812,1.5044403076171875,1,thetao_MY_20230101_20231231.nc
97_dat,2023-11-21,30,14.190466023981571,MY,29.444730758666992,0.5552692413330078,1,thetao_MY_20230101_20231231.nc
97_dat,2023-11-22,5,13.544450215995312,MY,5.078224182128906,0.07822418212890625,1,thetao_MY_20230101_20231231.nc
97_dat,2023-11-22,10,13.54371777176857,MY,9.572997093200684,0.4270029067993164,1,thetao_MY_20230101_20231231.nc
97_dat,2023-11-22,15,13.575212873518467,MY,15.810070037841797,0.8100700378417969,1,thetao_MY_20230101_20231231.nc
97_dat,2023-11-22,20,13.716574609279633,MY,18.495559692382812,1.5044403076171875,1,thetao_MY_20230101_20231231.nc
97_dat,2023-11-22,30,14.09964293986559,MY,29.444730758666992,0.5552692413330078,1,thetao_MY_20230101_20231231.nc
97_dat,2023-11-23,5,13.542252883315086,MY,5.078224182128906,0.07822418212890625,1,thetao_MY_20230101_20231231.nc
97_dat,2023-11-23,10,13.541520439088345,MY,9.572997093200684,0.4270029067993164,1,thetao_MY_20230101_20231231.nc
97_dat,2023-11-23,15,13.567155987024307,MY,15.810070037841797,0.8100700378417969,1,thetao_MY_20230101_20231231.nc
97_dat,2023-11-23,20,13.616962194442749,MY,18.495559692382812,1.5044403076171875,1,thetao_MY_20230101_20231231.nc
97_dat,2023-11-23,30,14.068147838115692,MY,29.444730758666992,0.5552692413330078,1,thetao_MY_20230101_20231231.nc
97_dat,2023-11-24,5,13.377452932298183,MY,5.078224182128906,0.07822418212890625,1,thetao_MY_20230101_20231231.nc
97_dat,2023-11-24,10,13.377452932298183,MY,9.572997093200684,0.4270029067993164,1,thetao_MY_20230101_20231231.nc
97_dat,2023-11-24,15,13.382580041885376,MY,15.810070037841797,0.8100700378417969,1,thetao_MY_20230101_20231231.nc
97_dat,2023-11-24,20,13.395764037966728,MY,18.495559692382812,1.5044403076171875,1,thetao_MY_20230101_20231231.nc
97_dat,2023-11-24,30,13.99783319234848,MY,29.444730758666992,0.5552692413330078,1,thetao_MY_20230101_20231231.nc
97_dat,2023-11-25,5,13.011230818927288,MY,5.078224182128906,0.07822418212890625,1,thetao_MY_20230101_20231231.nc
97_dat,2023-11-25,10,13.011230818927288,MY,9.572997093200684,0.4270029067993164,1,thetao_MY_20230101_20231231.nc
97_dat,2023-11-25,15,13.01196326315403,MY,15.810070037841797,0.8100700378417969,1,thetao_MY_20230101_20231231.nc
97_dat,2023-11-25,20,13.021485038101673,MY,18.495559692382812,1.5044403076171875,1,thetao_MY_20230101_20231231.nc
97_dat,2023-11-25,30,13.720236830413342,MY,29.444730758666992,0.5552692413330078,1,thetao_MY_20230101_20231231.nc
97_dat,2023-11-26,5,12.751213118433952,MY,5.078224182128906,0.07822418212890625,1,thetao_MY_20230101_20231231.nc
97_dat,2023-11-26,10,12.751213118433952,MY,9.572997093200684,0.4270029067993164,1,thetao_MY_20230101_20231231.nc
97_dat,2023-11-26,15,12.75414289534092,MY,15.810070037841797,0.8100700378417969,1,thetao_MY_20230101_20231231.nc
97_dat,2023-11-26,20,12.759270004928112,MY,18.495559692382812,1.5044403076171875,1,thetao_MY_20230101_20231231.nc
97_dat,2023-11-26,30,13.452894687652588,MY,29.444730758666992,0.5552692413330078,1,thetao_MY_20230101_20231231.nc
97_dat,2023-11-27,5,12.639149151742458,MY,5.078224182128906,0.07822418212890625,1,thetao_MY_20230101_20231231.nc
97_dat,2023-11-27,10,12.645008705556393,MY,9.572997093200684,0.4270029067993164,1,thetao_MY_20230101_20231231.nc
97_dat,2023-11-27,15,12.654530480504036,MY,15.810070037841797,0.8100700378417969,1,thetao_MY_20230101_20231231.nc
97_dat,2023-11-27,20,12.66039003431797,MY,18.495559692382812,1.5044403076171875,1,thetao_MY_20230101_20231231.nc
97_dat,2023-11-27,30,13.30274362117052,MY,29.444730758666992,0.5552692413330078,1,thetao_MY_20230101_20231231.nc
97_dat,2023-11-28,5,12.522690519690514,MY,5.078224182128906,0.07822418212890625,1,thetao_MY_20230101_20231231.nc
97_dat,2023-11-28,10,12.522690519690514,MY,9.572997093200684,0.4270029067993164,1,thetao_MY_20230101_20231231.nc
97_dat,2023-11-28,15,12.524887852370739,MY,15.810070037841797,0.8100700378417969,1,thetao_MY_20230101_20231231.nc
97_dat,2023-11-28,20,12.530014961957932,MY,18.495559692382812,1.5044403076171875,1,thetao_MY_20230101_20231231.nc
97_dat,2023-11-28,30,13.104983679950237,MY,29.444730758666992,0.5552692413330078,1,thetao_MY_20230101_20231231.nc
97_dat,2023-11-29,5,12.269264817237854,MY,5.078224182128906,0.07822418212890625,1,thetao_MY_20230101_20231231.nc
97_dat,2023-11-29,10,12.269264817237854,MY,9.572997093200684,0.4270029067993164,1,thetao_MY_20230101_20231231.nc
97_dat,2023-11-29,15,12.269264817237854,MY,15.810070037841797,0.8100700378417969,1,thetao_MY_20230101_20231231.nc
97_dat,2023-11-29,20,12.269264817237854,MY,18.495559692382812,1.5044403076171875,1,thetao_MY_20230101_20231231.nc
97_dat,2023-11-29,30,12.561510063707829,MY,29.444730758666992,0.5552692413330078,1,thetao_MY_20230101_20231231.nc
97_dat,2023-11-30,5,11.983611568808556,MY,5.078224182128906,0.07822418212890625,1,thetao_MY_20230101_20231231.nc
97_dat,2023-11-30,10,11.983611568808556,MY,9.572997093200684,0.4270029067993164,1,thetao_MY_20230101_20231231.nc
97_dat,2023-11-30,15,11.983611568808556,MY,15.810070037841797,0.8100700378417969,1,thetao_MY_20230101_20231231.nc
97_dat,2023-11-30,20,11.984344013035297,MY,18.495559692382812,1.5044403076171875,1,thetao_MY_20230101_20231231.nc
97_dat,2023-11-30,30,12.146946631371975,MY,29.444730758666992,0.5552692413330078,1,thetao_MY_20230101_20231231.nc
97_dat,2023-12-01,5,11.749961860477924,MY,5.078224182128906,0.07822418212890625,1,thetao_MY_20230101_20231231.nc
97_dat,2023-12-01,10,11.749961860477924,MY,9.572997093200684,0.4270029067993164,1,thetao_MY_20230101_20231231.nc
97_dat,2023-12-01,15,11.749961860477924,MY,15.810070037841797,0.8100700378417969,1,thetao_MY_20230101_20231231.nc
97_dat,2023-12-01,20,11.749961860477924,MY,18.495559692382812,1.5044403076171875,1,thetao_MY_20230101_20231231.nc
97_dat,2023-12-01,30,11.834925390779972,MY,29.444730758666992,0.5552692413330078,1,thetao_MY_20230101_20231231.nc
97_dat,2023-12-02,5,11.632770784199238,MY,5.078224182128906,0.07822418212890625,1,thetao_MY_20230101_20231231.nc
97_dat,2023-12-02,10,11.632770784199238,MY,9.572997093200684,0.4270029067993164,1,thetao_MY_20230101_20231231.nc
97_dat,2023-12-02,15,11.632770784199238,MY,15.810070037841797,0.8100700378417969,1,thetao_MY_20230101_20231231.nc
97_dat,2023-12-02,20,11.632770784199238,MY,18.495559692382812,1.5044403076171875,1,thetao_MY_20230101_20231231.nc
97_dat,2023-12-02,30,11.721396535634995,MY,29.444730758666992,0.5552692413330078,1,thetao_MY_20230101_20231231.nc
97_dat,2023-12-03,5,11.590289019048214,MY,5.078224182128906,0.07822418212890625,1,thetao_MY_20230101_20231231.nc
97_dat,2023-12-03,10,11.590289019048214,MY,9.572997093200684,0.4270029067993164,1,thetao_MY_20230101_20231231.nc
97_dat,2023-12-03,15,11.590289019048214,MY,15.810070037841797,0.8100700378417969,1,thetao_MY_20230101_20231231.nc
97_dat,2023-12-03,20,11.590289019048214,MY,18.495559692382812,1.5044403076171875,1,thetao_MY_20230101_20231231.nc
97_dat,2023-12-03,30,11.68697165697813,MY,29.444730758666992,0.5552692413330078,1,thetao_MY_20230101_20231231.nc
97_dat,2023-12-04,5,11.549272142350674,MY,5.078224182128906,0.07822418212890625,1,thetao_MY_20230101_20231231.nc
97_dat,2023-12-04,10,11.549272142350674,MY,9.572997093200684,0.4270029067993164,1,thetao_MY_20230101_20231231.nc
97_dat,2023-12-04,15,11.549272142350674,MY,15.810070037841797,0.8100700378417969,1,thetao_MY_20230101_20231231.nc
97_dat,2023-12-04,20,11.550004586577415,MY,18.495559692382812,1.5044403076171875,1,thetao_MY_20230101_20231231.nc
97_dat,2023-12-04,30,11.620319232344627,MY,29.444730758666992,0.5552692413330078,1,thetao_MY_20230101_20231231.nc
97_dat,2023-12-05,5,11.523636594414711,MY,5.078224182128906,0.07822418212890625,1,thetao_MY_20230101_20231231.nc
97_dat,2023-12-05,10,11.523636594414711,MY,9.572997093200684,0.4270029067993164,1,thetao_MY_20230101_20231231.nc
97_dat,2023-12-05,15,11.523636594414711,MY,15.810070037841797,0.8100700378417969,1,thetao_MY_20230101_20231231.nc
97_dat,2023-12-05,20,11.523636594414711,MY,18.495559692382812,1.5044403076171875,1,thetao_MY_20230101_20231231.nc
97_dat,2023-12-05,30,11.595416128635406,MY,29.444730758666992,0.5552692413330078,1,thetao_MY_20230101_20231231.nc
97_dat,2023-12-06,5,11.484817050397396,MY,5.078224182128906,0.07822418212890625,1,thetao_MY_20230101_20231231.nc
97_dat,2023-12-06,10,11.484817050397396,MY,9.572997093200684,0.4270029067993164,1,thetao_MY_20230101_20231231.nc
97_dat,2023-12-06,15,11.484817050397396,MY,15.810070037841797,0.8100700378417969,1,thetao_MY_20230101_20231231.nc
97_dat,2023-12-06,20,11.484817050397396,MY,18.495559692382812,1.5044403076171875,1,thetao_MY_20230101_20231231.nc
97_dat,2023-12-06,30,11.580034799873829,MY,29.444730758666992,0.5552692413330078,1,thetao_MY_20230101_20231231.nc
97_dat,2023-12-07,5,11.397656187415123,MY,5.078224182128906,0.07822418212890625,1,thetao_MY_20230101_20231231.nc
97_dat,2023-12-07,10,11.399121075868607,MY,9.572997093200684,0.4270029067993164,1,thetao_MY_20230101_20231231.nc
97_dat,2023-12-07,15,11.401318408548832,MY,15.810070037841797,0.8100700378417969,1,thetao_MY_20230101_20231231.nc
97_dat,2023-12-07,20,11.402050852775574,MY,18.495559692382812,1.5044403076171875,1,thetao_MY_20230101_20231231.nc
97_dat,2023-12-07,30,11.481887273490429,MY,29.444730758666992,0.5552692413330078,1,thetao_MY_20230101_20231231.nc
97_dat,2023-12-08,5,11.209418021142483,MY,5.078224182128906,0.07822418212890625,1,thetao_MY_20230101_20231231.nc
97_dat,2023-12-08,10,11.210882909595966,MY,9.572997093200684,0.4270029067993164,1,thetao_MY_20230101_20231231.nc
97_dat,2023-12-08,15,11.210882909595966,MY,15.810070037841797,0.8100700378417969,1,thetao_MY_20230101_20231231.nc
97_dat,2023-12-08,20,11.211615353822708,MY,18.495559692382812,1.5044403076171875,1,thetao_MY_20230101_20231231.nc
97_dat,2023-12-08,30,11.303903326392174,MY,29.444730758666992,0.5552692413330078,1,thetao_MY_20230101_20231231.nc
97_dat,2023-12-09,5,11.173528254032135,MY,5.078224182128906,0.07822418212890625,1,thetao_MY_20230101_20231231.nc
97_dat,2023-12-09,10,11.180120252072811,MY,9.572997093200684,0.4270029067993164,1,thetao_MY_20230101_20231231.nc
97_dat,2023-12-09,15,11.185979805886745,MY,15.810070037841797,0.8100700378417969,1,thetao_MY_20230101_20231231.nc
97_dat,2023-12-09,20,11.192571803927422,MY,18.495559692382812,1.5044403076171875,1,thetao_MY_20230101_20231231.nc
97_dat,2023-12-09,30,11.344187758862972,MY,29.444730758666992,0.5552692413330078,1,thetao_MY_20230101_20231231.nc
97_dat,2023-12-10,5,11.050477623939514,MY,5.078224182128906,0.07822418212890625,1,thetao_MY_20230101_20231231.nc
97_dat,2023-12-10,10,11.050477623939514,MY,9.572997093200684,0.4270029067993164,1,thetao_MY_20230101_20231231.nc
97_dat,2023-12-10,15,11.051210068166256,MY,15.810070037841797,0.8100700378417969,1,thetao_MY_20230101_20231231.nc
97_dat,2023-12-10,20,11.051210068166256,MY,18.495559692382812,1.5044403076171875,1,thetao_MY_20230101_20231231.nc
97_dat,2023-12-10,30,11.160344257950783,MY,29.444730758666992,0.5552692413330078,1,thetao_MY_20230101_20231231.nc
97_dat,2023-12-11,5,10.93401899188757,MY,5.078224182128906,0.07822418212890625,1,thetao_MY_20230101_20231231.nc
97_dat,2023-12-11,10,10.93401899188757,MY,9.572997093200684,0.4270029067993164,1,thetao_MY_20230101_20231231.nc
97_dat,2023-12-11,15,10.93401899188757,MY,15.810070037841797,0.8100700378417969,1,thetao_MY_20230101_20231231.nc
97_dat,2023-12-11,20,10.93401899188757,MY,18.495559692382812,1.5044403076171875,1,thetao_MY_20230101_20231231.nc
97_dat,2023-12-11,30,11.022644743323326,MY,29.444730758666992,0.5552692413330078,1,thetao_MY_20230101_20231231.nc
97_dat,2023-12-12,5,10.886410117149353,MY,5.078224182128906,0.07822418212890625,1,thetao_MY_20230101_20231231.nc
97_dat,2023-12-12,10,10.886410117149353,MY,9.572997093200684,0.4270029067993164,1,thetao_MY_20230101_20231231.nc
97_dat,2023-12-12,15,10.886410117149353,MY,15.810070037841797,0.8100700378417969,1,thetao_MY_20230101_20231231.nc
97_dat,2023-12-12,20,10.886410117149353,MY,18.495559692382812,1.5044403076171875,1,thetao_MY_20230101_20231231.nc
97_dat,2023-12-12,30,10.975768312811852,MY,29.444730758666992,0.5552692413330078,1,thetao_MY_20230101_20231231.nc
97_dat,2023-12-13,5,10.719412833452225,MY,5.078224182128906,0.07822418212890625,1,thetao_MY_20230101_20231231.nc
97_dat,2023-12-13,10,10.720145277678967,MY,9.572997093200684,0.4270029067993164,1,thetao_MY_20230101_20231231.nc
97_dat,2023-12-13,15,10.720145277678967,MY,15.810070037841797,0.8100700378417969,1,thetao_MY_20230101_20231231.nc
97_dat,2023-12-13,20,10.720145277678967,MY,18.495559692382812,1.5044403076171875,1,thetao_MY_20230101_20231231.nc
97_dat,2023-12-13,30,10.786065258085728,MY,29.444730758666992,0.5552692413330078,1,thetao_MY_20230101_20231231.nc
97_dat,2023-12-14,5,10.567796878516674,MY,5.078224182128906,0.07822418212890625,1,thetao_MY_20230101_20231231.nc
97_dat,2023-12-14,10,10.567796878516674,MY,9.572997093200684,0.4270029067993164,1,thetao_MY_20230101_20231231.nc
97_dat,2023-12-14,15,10.567796878516674,MY,15.810070037841797,0.8100700378417969,1,thetao_MY_20230101_20231231.nc
97_dat,2023-12-14,20,10.567796878516674,MY,18.495559692382812,1.5044403076171875,1,thetao_MY_20230101_20231231.nc
97_dat,2023-12-14,30,10.616138197481632,MY,29.444730758666992,0.5552692413330078,1,thetao_MY_20230101_20231231.nc
97_dat,2023-12-15,5,10.54582355171442,MY,5.078224182128906,0.07822418212890625,1,thetao_MY_20230101_20231231.nc
97_dat,2023-12-15,10,10.54582355171442,MY,9.572997093200684,0.4270029067993164,1,thetao_MY_20230101_20231231.nc
97_dat,2023-12-15,15,10.54582355171442,MY,15.810070037841797,0.8100700378417969,1,thetao_MY_20230101_20231231.nc
97_dat,2023-12-15,20,10.54582355171442,MY,18.495559692382812,1.5044403076171875,1,thetao_MY_20230101_20231231.nc
97_dat,2023-12-15,30,10.603686645627022,MY,29.444730758666992,0.5552692413330078,1,thetao_MY_20230101_20231231.nc
97_dat,2023-12-16,5,10.526047557592392,MY,5.078224182128906,0.07822418212890625,1,thetao_MY_20230101_20231231.nc
97_dat,2023-12-16,10,10.528244890272617,MY,9.572997093200684,0.4270029067993164,1,thetao_MY_20230101_20231231.nc
97_dat,2023-12-16,15,10.52897733449936,MY,15.810070037841797,0.8100700378417969,1,thetao_MY_20230101_20231231.nc
97_dat,2023-12-16,20,10.52897733449936,MY,18.495559692382812,1.5044403076171875,1,thetao_MY_20230101_20231231.nc
97_dat,2023-12-16,30,10.573656432330608,MY,29.444730758666992,0.5552692413330078,1,thetao_MY_20230101_20231231.nc
97_dat,2023-12-17,5,10.342204056680202,MY,5.078224182128906,0.07822418212890625,1,thetao_MY_20230101_20231231.nc
97_dat,2023-12-17,10,10.342204056680202,MY,9.572997093200684,0.4270029067993164,1,thetao_MY_20230101_20231231.nc
97_dat,2023-12-17,15,10.342204056680202,MY,15.810070037841797,0.8100700378417969,1,thetao_MY_20230101_20231231.nc
97_dat,2023-12-17,20,10.342204056680202,MY,18.495559692382812,1.5044403076171875,1,thetao_MY_20230101_20231231.nc
97_dat,2023-12-17,30,10.375896491110325,MY,29.444730758666992,0.5552692413330078,1,thetao_MY_20230101_20231231.nc
97_dat,2023-12-18,5,10.123203232884407,MY,5.078224182128906,0.07822418212890625,1,thetao_MY_20230101_20231231.nc
97_dat,2023-12-18,10,10.123203232884407,MY,9.572997093200684,0.4270029067993164,1,thetao_MY_20230101_20231231.nc
97_dat,2023-12-18,15,10.123203232884407,MY,15.810070037841797,0.8100700378417969,1,thetao_MY_20230101_20231231.nc
97_dat,2023-12-18,20,10.123203232884407,MY,18.495559692382812,1.5044403076171875,1,thetao_MY_20230101_20231231.nc
97_dat,2023-12-18,30,10.150303669273853,MY,29.444730758666992,0.5552692413330078,1,thetao_MY_20230101_20231231.nc
97_dat,2023-12-19,5,10.067537471652031,MY,5.078224182128906,0.07822418212890625,1,thetao_MY_20230101_20231231.nc
97_dat,2023-12-19,10,10.067537471652031,MY,9.572997093200684,0.4270029067993164,1,thetao_MY_20230101_20231231.nc
97_dat,2023-12-19,15,10.067537471652031,MY,15.810070037841797,0.8100700378417969,1,thetao_MY_20230101_20231231.nc
97_dat,2023-12-19,20,10.067537471652031,MY,18.495559692382812,1.5044403076171875,1,thetao_MY_20230101_20231231.nc
97_dat,2023-12-19,30,10.077059246599674,MY,29.444730758666992,0.5552692413330078,1,thetao_MY_20230101_20231231.nc
97_dat,2023-12-20,5,10.01406904309988,MY,5.078224182128906,0.07822418212890625,1,thetao_MY_20230101_20231231.nc
97_dat,2023-12-20,10,10.01406904309988,MY,9.572997093200684,0.4270029067993164,1,thetao_MY_20230101_20231231.nc
97_dat,2023-12-20,15,10.01406904309988,MY,15.810070037841797,0.8100700378417969,1,thetao_MY_20230101_20231231.nc
97_dat,2023-12-20,20,10.01406904309988,MY,18.495559692382812,1.5044403076171875,1,thetao_MY_20230101_20231231.nc
97_dat,2023-12-20,30,10.027985483407974,MY,29.444730758666992,0.5552692413330078,1,thetao_MY_20230101_20231231.nc
97_dat,2023-12-21,5,9.881496638059616,MY,5.078224182128906,0.07822418212890625,1,thetao_MY_20230101_20231231.nc
97_dat,2023-12-21,10,9.881496638059616,MY,9.572997093200684,0.4270029067993164,1,thetao_MY_20230101_20231231.nc
97_dat,2023-12-21,15,9.881496638059616,MY,15.810070037841797,0.8100700378417969,1,thetao_MY_20230101_20231231.nc
97_dat,2023-12-21,20,9.881496638059616,MY,18.495559692382812,1.5044403076171875,1,thetao_MY_20230101_20231231.nc
97_dat,2023-12-21,30,9.905667297542095,MY,29.444730758666992,0.5552692413330078,1,thetao_MY_20230101_20231231.nc
97_dat,2023-12-22,5,9.743064679205418,MY,5.078224182128906,0.07822418212890625,1,thetao_MY_20230101_20231231.nc
97_dat,2023-12-22,10,9.743064679205418,MY,9.572997093200684,0.4270029067993164,1,thetao_MY_20230101_20231231.nc
97_dat,2023-12-22,15,9.743064679205418,MY,15.810070037841797,0.8100700378417969,1,thetao_MY_20230101_20231231.nc
97_dat,2023-12-22,20,9.743064679205418,MY,18.495559692382812,1.5044403076171875,1,thetao_MY_20230101_20231231.nc
97_dat,2023-12-22,30,9.765038006007671,MY,29.444730758666992,0.5552692413330078,1,thetao_MY_20230101_20231231.nc
97_dat,2023-12-23,5,9.597308278083801,MY,5.078224182128906,0.07822418212890625,1,thetao_MY_20230101_20231231.nc
97_dat,2023-12-23,10,9.598040722310543,MY,9.572997093200684,0.4270029067993164,1,thetao_MY_20230101_20231231.nc
97_dat,2023-12-23,15,9.598040722310543,MY,15.810070037841797,0.8100700378417969,1,thetao_MY_20230101_20231231.nc
97_dat,2023-12-23,20,9.598040722310543,MY,18.495559692382812,1.5044403076171875,1,thetao_MY_20230101_20231231.nc
97_dat,2023-12-23,30,9.614154495298862,MY,29.444730758666992,0.5552692413330078,1,thetao_MY_20230101_20231231.nc
97_dat,2023-12-24,5,9.542374961078167,MY,5.078224182128906,0.07822418212890625,1,thetao_MY_20230101_20231231.nc
97_dat,2023-12-24,10,9.542374961078167,MY,9.572997093200684,0.4270029067993164,1,thetao_MY_20230101_20231231.nc
97_dat,2023-12-24,15,9.542374961078167,MY,15.810070037841797,0.8100700378417969,1,thetao_MY_20230101_20231231.nc
97_dat,2023-12-24,20,9.542374961078167,MY,18.495559692382812,1.5044403076171875,1,thetao_MY_20230101_20231231.nc
97_dat,2023-12-24,30,9.548234514892101,MY,29.444730758666992,0.5552692413330078,1,thetao_MY_20230101_20231231.nc
97_dat,2023-12-25,5,9.540910072624683,MY,5.078224182128906,0.07822418212890625,1,thetao_MY_20230101_20231231.nc
97_dat,2023-12-25,10,9.540910072624683,MY,9.572997093200684,0.4270029067993164,1,thetao_MY_20230101_20231231.nc
97_dat,2023-12-25,15,9.540910072624683,MY,15.810070037841797,0.8100700378417969,1,thetao_MY_20230101_20231231.nc
97_dat,2023-12-25,20,9.540177628397942,MY,18.495559692382812,1.5044403076171875,1,thetao_MY_20230101_20231231.nc
97_dat,2023-12-25,30,9.544572293758392,MY,29.444730758666992,0.5552692413330078,1,thetao_MY_20230101_20231231.nc
97_dat,2023-12-26,5,9.464735873043537,MY,5.078224182128906,0.07822418212890625,1,thetao_MY_20230101_20231231.nc
97_dat,2023-12-26,10,9.464735873043537,MY,9.572997093200684,0.4270029067993164,1,thetao_MY_20230101_20231231.nc
97_dat,2023-12-26,15,9.464735873043537,MY,15.810070037841797,0.8100700378417969,1,thetao_MY_20230101_20231231.nc
97_dat,2023-12-26,20,9.464735873043537,MY,18.495559692382812,1.5044403076171875,1,thetao_MY_20230101_20231231.nc
97_dat,2023-12-26,30,9.477187424898148,MY,29.444730758666992,0.5552692413330078,1,thetao_MY_20230101_20231231.nc
97_dat,2023-12-27,5,9.31019014120102,MY,5.078224182128906,0.07822418212890625,1,thetao_MY_20230101_20231231.nc
97_dat,2023-12-27,10,9.31019014120102,MY,9.572997093200684,0.4270029067993164,1,thetao_MY_20230101_20231231.nc
97_dat,2023-12-27,15,9.31019014120102,MY,15.810070037841797,0.8100700378417969,1,thetao_MY_20230101_20231231.nc
97_dat,2023-12-27,20,9.310922585427761,MY,18.495559692382812,1.5044403076171875,1,thetao_MY_20230101_20231231.nc
97_dat,2023-12-27,30,9.331431023776531,MY,29.444730758666992,0.5552692413330078,1,thetao_MY_20230101_20231231.nc
97_dat,2023-12-28,5,9.26551104336977,MY,5.078224182128906,0.07822418212890625,1,thetao_MY_20230101_20231231.nc
97_dat,2023-12-28,10,9.26551104336977,MY,9.572997093200684,0.4270029067993164,1,thetao_MY_20230101_20231231.nc
97_dat,2023-12-28,15,9.26551104336977,MY,15.810070037841797,0.8100700378417969,1,thetao_MY_20230101_20231231.nc
97_dat,2023-12-28,20,9.26551104336977,MY,18.495559692382812,1.5044403076171875,1,thetao_MY_20230101_20231231.nc
97_dat,2023-12-28,30,9.279427483677864,MY,29.444730758666992,0.5552692413330078,1,thetao_MY_20230101_20231231.nc
97_dat,2023-12-29,5,9.275765262544155,MY,5.078224182128906,0.07822418212890625,1,thetao_MY_20230101_20231231.nc
97_dat,2023-12-29,10,9.275765262544155,MY,9.572997093200684,0.4270029067993164,1,thetao_MY_20230101_20231231.nc
97_dat,2023-12-29,15,9.276497706770897,MY,15.810070037841797,0.8100700378417969,1,thetao_MY_20230101_20231231.nc
97_dat,2023-12-29,20,9.276497706770897,MY,18.495559692382812,1.5044403076171875,1,thetao_MY_20230101_20231231.nc
97_dat,2023-12-29,30,9.283089704811573,MY,29.444730758666992,0.5552692413330078,1,thetao_MY_20230101_20231231.nc
97_dat,2023-12-30,5,9.27356792986393,MY,5.078224182128906,0.07822418212890625,1,thetao_MY_20230101_20231231.nc
97_dat,2023-12-30,10,9.27356792986393,MY,9.572997093200684,0.4270029067993164,1,thetao_MY_20230101_20231231.nc
97_dat,2023-12-30,15,9.27356792986393,MY,15.810070037841797,0.8100700378417969,1,thetao_MY_20230101_20231231.nc
97_dat,2023-12-30,20,9.27356792986393,MY,18.495559692382812,1.5044403076171875,1,thetao_MY_20230101_20231231.nc
97_dat,2023-12-30,30,9.280892372131348,MY,29.444730758666992,0.5552692413330078,1,thetao_MY_20230101_20231231.nc
97_dat,2023-12-31,5,9.220099501311779,MY,5.078224182128906,0.07822418212890625,1,thetao_MY_20230101_20231231.nc
97_dat,2023-12-31,10,9.220099501311779,MY,9.572997093200684,0.4270029067993164,1,thetao_MY_20230101_20231231.nc
97_dat,2023-12-31,15,9.220099501311779,MY,15.810070037841797,0.8100700378417969,1,thetao_MY_20230101_20231231.nc
97_dat,2023-12-31,20,9.220099501311779,MY,18.495559692382812,1.5044403076171875,1,thetao_MY_20230101_20231231.nc
97_dat,2023-12-31,30,9.233283497393131,MY,29.444730758666992,0.5552692413330078,1,thetao_MY_20230101_20231231.nc
97_dat,2024-01-01,5,9.114627532660961,MY,5.078224182128906,0.07822418212890625,1,thetao_MY_20240101_20241231.nc
97_dat,2024-01-01,10,9.114627532660961,MY,9.572997093200684,0.4270029067993164,1,thetao_MY_20240101_20241231.nc
97_dat,2024-01-01,15,9.114627532660961,MY,15.810070037841797,0.8100700378417969,1,thetao_MY_20240101_20241231.nc
97_dat,2024-01-01,20,9.114627532660961,MY,18.495559692382812,1.5044403076171875,1,thetao_MY_20240101_20241231.nc
97_dat,2024-01-01,30,9.135868415236473,MY,29.444730758666992,0.5552692413330078,1,thetao_MY_20240101_20241231.nc
97_dat,2024-01-02,5,9.020874671638012,MY,5.078224182128906,0.07822418212890625,1,thetao_MY_20240101_20241231.nc
97_dat,2024-01-02,10,9.022339560091496,MY,9.572997093200684,0.4270029067993164,1,thetao_MY_20240101_20241231.nc
97_dat,2024-01-02,15,9.023072004318237,MY,15.810070037841797,0.8100700378417969,1,thetao_MY_20240101_20241231.nc
97_dat,2024-01-02,20,9.023804448544979,MY,18.495559692382812,1.5044403076171875,1,thetao_MY_20240101_20241231.nc
97_dat,2024-01-02,30,9.045777775347233,MY,29.444730758666992,0.5552692413330078,1,thetao_MY_20240101_20241231.nc
97_dat,2024-01-03,5,8.886837378144264,MY,5.078224182128906,0.07822418212890625,1,thetao_MY_20240101_20241231.nc
97_dat,2024-01-03,10,8.886837378144264,MY,9.572997093200684,0.4270029067993164,1,thetao_MY_20240101_20241231.nc
97_dat,2024-01-03,15,8.886837378144264,MY,15.810070037841797,0.8100700378417969,1,thetao_MY_20240101_20241231.nc
97_dat,2024-01-03,20,8.886837378144264,MY,18.495559692382812,1.5044403076171875,1,thetao_MY_20240101_20241231.nc
97_dat,2024-01-03,30,8.908810704946518,MY,29.444730758666992,0.5552692413330078,1,thetao_MY_20240101_20241231.nc
97_dat,2024-01-04,5,8.791619628667831,MY,5.078224182128906,0.07822418212890625,1,thetao_MY_20240101_20241231.nc
97_dat,2024-01-04,10,8.791619628667831,MY,9.572997093200684,0.4270029067993164,1,thetao_MY_20240101_20241231.nc
97_dat,2024-01-04,15,8.791619628667831,MY,15.810070037841797,0.8100700378417969,1,thetao_MY_20240101_20241231.nc
97_dat,2024-01-04,20,8.79088718444109,MY,18.495559692382812,1.5044403076171875,1,thetao_MY_20240101_20241231.nc
97_dat,2024-01-04,30,8.812128067016602,MY,29.444730758666992,0.5552692413330078,1,thetao_MY_20240101_20241231.nc
97_dat,2024-01-05,5,8.572618804872036,MY,5.078224182128906,0.07822418212890625,1,thetao_MY_20240101_20241231.nc
97_dat,2024-01-05,10,8.580675691366196,MY,9.572997093200684,0.4270029067993164,1,thetao_MY_20240101_20241231.nc
97_dat,2024-01-05,15,8.583605468273163,MY,15.810070037841797,0.8100700378417969,1,thetao_MY_20240101_20241231.nc
97_dat,2024-01-05,20,8.585070356726646,MY,18.495559692382812,1.5044403076171875,1,thetao_MY_20240101_20241231.nc
97_dat,2024-01-05,30,8.611438348889351,MY,29.444730758666992,0.5552692413330078,1,thetao_MY_20240101_20241231.nc
97_dat,2024-01-06,5,8.268654450774193,MY,5.078224182128906,0.07822418212890625,1,thetao_MY_20240101_20241231.nc
97_dat,2024-01-06,10,8.268654450774193,MY,9.572997093200684,0.4270029067993164,1,thetao_MY_20240101_20241231.nc
97_dat,2024-01-06,15,8.268654450774193,MY,15.810070037841797,0.8100700378417969,1,thetao_MY_20240101_20241231.nc
97_dat,2024-01-06,20,8.268654450774193,MY,18.495559692382812,1.5044403076171875,1,thetao_MY_20240101_20241231.nc
97_dat,2024-01-06,30,8.297219775617123,MY,29.444730758666992,0.5552692413330078,1,thetao_MY_20240101_20241231.nc
97_dat,2024-01-07,5,8.076021619141102,MY,5.078224182128906,0.07822418212890625,1,thetao_MY_20240101_20241231.nc
97_dat,2024-01-07,10,8.076021619141102,MY,9.572997093200684,0.4270029067993164,1,thetao_MY_20240101_20241231.nc
97_dat,2024-01-07,15,8.076021619141102,MY,15.810070037841797,0.8100700378417969,1,thetao_MY_20240101_20241231.nc
97_dat,2024-01-07,20,8.076021619141102,MY,18.495559692382812,1.5044403076171875,1,thetao_MY_20240101_20241231.nc
97_dat,2024-01-07,30,8.108981609344482,MY,29.444730758666992,0.5552692413330078,1,thetao_MY_20240101_20241231.nc
97_dat,2024-01-08,5,8.113376274704933,MY,5.078224182128906,0.07822418212890625,1,thetao_MY_20240101_20241231.nc
97_dat,2024-01-08,10,8.113376274704933,MY,9.572997093200684,0.4270029067993164,1,thetao_MY_20240101_20241231.nc
97_dat,2024-01-08,15,8.113376274704933,MY,15.810070037841797,0.8100700378417969,1,thetao_MY_20240101_20241231.nc
97_dat,2024-01-08,20,8.113376274704933,MY,18.495559692382812,1.5044403076171875,1,thetao_MY_20240101_20241231.nc
97_dat,2024-01-08,30,8.138279378414154,MY,29.444730758666992,0.5552692413330078,1,thetao_MY_20240101_20241231.nc
97_dat,2024-01-09,5,8.194677583873272,MY,5.078224182128906,0.07822418212890625,1,thetao_MY_20240101_20241231.nc
97_dat,2024-01-09,10,8.195410028100014,MY,9.572997093200684,0.4270029067993164,1,thetao_MY_20240101_20241231.nc
97_dat,2024-01-09,15,8.194677583873272,MY,15.810070037841797,0.8100700378417969,1,thetao_MY_20240101_20241231.nc
97_dat,2024-01-09,20,8.193212695419788,MY,18.495559692382812,1.5044403076171875,1,thetao_MY_20240101_20241231.nc
97_dat,2024-01-09,30,8.207861579954624,MY,29.444730758666992,0.5552692413330078,1,thetao_MY_20240101_20241231.nc
97_dat,2024-01-10,5,8.125827826559544,MY,5.078224182128906,0.07822418212890625,1,thetao_MY_20240101_20241231.nc
97_dat,2024-01-10,10,8.125827826559544,MY,9.572997093200684,0.4270029067993164,1,thetao_MY_20240101_20241231.nc
97_dat,2024-01-10,15,8.125827826559544,MY,15.810070037841797,0.8100700378417969,1,thetao_MY_20240101_20241231.nc
97_dat,2024-01-10,20,8.125827826559544,MY,18.495559692382812,1.5044403076171875,1,thetao_MY_20240101_20241231.nc
97_dat,2024-01-10,30,8.14047671109438,MY,29.444730758666992,0.5552692413330078,1,thetao_MY_20240101_20241231.nc
97_dat,2024-01-11,5,8.08334606140852,MY,5.078224182128906,0.07822418212890625,1,thetao_MY_20240101_20241231.nc
97_dat,2024-01-11,10,8.086275838315487,MY,9.572997093200684,0.4270029067993164,1,thetao_MY_20240101_20241231.nc
97_dat,2024-01-11,15,8.089938059449196,MY,15.810070037841797,0.8100700378417969,1,thetao_MY_20240101_20241231.nc
97_dat,2024-01-11,20,8.090670503675938,MY,18.495559692382812,1.5044403076171875,1,thetao_MY_20240101_20241231.nc
97_dat,2024-01-11,30,8.105319388210773,MY,29.444730758666992,0.5552692413330078,1,thetao_MY_20240101_20241231.nc
97_dat,2024-01-12,5,7.871669679880142,MY,5.078224182128906,0.07822418212890625,1,thetao_MY_20240101_20241231.nc
97_dat,2024-01-12,10,7.871669679880142,MY,9.572997093200684,0.4270029067993164,1,thetao_MY_20240101_20241231.nc
97_dat,2024-01-12,15,7.871669679880142,MY,15.810070037841797,0.8100700378417969,1,thetao_MY_20240101_20241231.nc
97_dat,2024-01-12,20,7.871669679880142,MY,18.495559692382812,1.5044403076171875,1,thetao_MY_20240101_20241231.nc
97_dat,2024-01-12,30,7.886318564414978,MY,29.444730758666992,0.5552692413330078,1,thetao_MY_20240101_20241231.nc
97_dat,2024-01-13,5,7.586016431450844,MY,5.078224182128906,0.07822418212890625,1,thetao_MY_20240101_20241231.nc
97_dat,2024-01-13,10,7.586016431450844,MY,9.572997093200684,0.4270029067993164,1,thetao_MY_20240101_20241231.nc
97_dat,2024-01-13,15,7.586016431450844,MY,15.810070037841797,0.8100700378417969,1,thetao_MY_20240101_20241231.nc
97_dat,2024-01-13,20,7.586016431450844,MY,18.495559692382812,1.5044403076171875,1,thetao_MY_20240101_20241231.nc
97_dat,2024-01-13,30,7.60505998134613,MY,29.444730758666992,0.5552692413330078,1,thetao_MY_20240101_20241231.nc
97_dat,2024-01-14,5,7.235175646841526,MY,5.078224182128906,0.07822418212890625,1,thetao_MY_20240101_20241231.nc
97_dat,2024-01-14,10,7.2439649775624275,MY,9.572997093200684,0.4270029067993164,1,thetao_MY_20240101_20241231.nc
97_dat,2024-01-14,15,7.24909208714962,MY,15.810070037841797,0.8100700378417969,1,thetao_MY_20240101_20241231.nc
97_dat,2024-01-14,20,7.252021864056587,MY,18.495559692382812,1.5044403076171875,1,thetao_MY_20240101_20241231.nc
97_dat,2024-01-14,30,7.284981854259968,MY,29.444730758666992,0.5552692413330078,1,thetao_MY_20240101_20241231.nc
97_dat,2024-01-15,5,6.920957073569298,MY,5.078224182128906,0.07822418212890625,1,thetao_MY_20240101_20241231.nc
97_dat,2024-01-15,10,6.920957073569298,MY,9.572997093200684,0.4270029067993164,1,thetao_MY_20240101_20241231.nc
97_dat,2024-01-15,15,6.920957073569298,MY,15.810070037841797,0.8100700378417969,1,thetao_MY_20240101_20241231.nc
97_dat,2024-01-15,20,6.920957073569298,MY,18.495559692382812,1.5044403076171875,1,thetao_MY_20240101_20241231.nc
97_dat,2024-01-15,30,6.957579284906387,MY,29.444730758666992,0.5552692413330078,1,thetao_MY_20240101_20241231.nc
97_dat,2024-01-16,5,6.849177539348602,MY,5.078224182128906,0.07822418212890625,1,thetao_MY_20240101_20241231.nc
97_dat,2024-01-16,10,6.849177539348602,MY,9.572997093200684,0.4270029067993164,1,thetao_MY_20240101_20241231.nc
97_dat,2024-01-16,15,6.849177539348602,MY,15.810070037841797,0.8100700378417969,1,thetao_MY_20240101_20241231.nc
97_dat,2024-01-16,20,6.849177539348602,MY,18.495559692382812,1.5044403076171875,1,thetao_MY_20240101_20241231.nc
97_dat,2024-01-16,30,6.887264639139175,MY,29.444730758666992,0.5552692413330078,1,thetao_MY_20240101_20241231.nc
97_dat,2024-01-17,5,6.904110856354237,MY,5.078224182128906,0.07822418212890625,1,thetao_MY_20240101_20241231.nc
97_dat,2024-01-17,10,6.903378412127495,MY,9.572997093200684,0.4270029067993164,1,thetao_MY_20240101_20241231.nc
97_dat,2024-01-17,15,6.902645967900753,MY,15.810070037841797,0.8100700378417969,1,thetao_MY_20240101_20241231.nc
97_dat,2024-01-17,20,6.902645967900753,MY,18.495559692382812,1.5044403076171875,1,thetao_MY_20240101_20241231.nc
97_dat,2024-01-17,30,6.933408625423908,MY,29.444730758666992,0.5552692413330078,1,thetao_MY_20240101_20241231.nc
97_dat,2024-01-18,5,6.927549071609974,MY,5.078224182128906,0.07822418212890625,1,thetao_MY_20240101_20241231.nc
97_dat,2024-01-18,10,6.92608418315649,MY,9.572997093200684,0.4270029067993164,1,thetao_MY_20240101_20241231.nc
97_dat,2024-01-18,15,6.9253517389297485,MY,15.810070037841797,0.8100700378417969,1,thetao_MY_20240101_20241231.nc
97_dat,2024-01-18,20,6.924619294703007,MY,18.495559692382812,1.5044403076171875,1,thetao_MY_20240101_20241231.nc
97_dat,2024-01-18,30,6.955381952226162,MY,29.444730758666992,0.5552692413330078,1,thetao_MY_20240101_20241231.nc
97_dat,2024-01-19,5,6.810357995331287,MY,5.078224182128906,0.07822418212890625,1,thetao_MY_20240101_20241231.nc
97_dat,2024-01-19,10,6.810357995331287,MY,9.572997093200684,0.4270029067993164,1,thetao_MY_20240101_20241231.nc
97_dat,2024-01-19,15,6.811090439558029,MY,15.810070037841797,0.8100700378417969,1,thetao_MY_20240101_20241231.nc
97_dat,2024-01-19,20,6.811090439558029,MY,18.495559692382812,1.5044403076171875,1,thetao_MY_20240101_20241231.nc
97_dat,2024-01-19,30,6.846247762441635,MY,29.444730758666992,0.5552692413330078,1,thetao_MY_20240101_20241231.nc
97_dat,2024-01-20,5,6.51298563927412,MY,5.078224182128906,0.07822418212890625,1,thetao_MY_20240101_20241231.nc
97_dat,2024-01-20,10,6.51298563927412,MY,9.572997093200684,0.4270029067993164,1,thetao_MY_20240101_20241231.nc
97_dat,2024-01-20,15,6.513718083500862,MY,15.810070037841797,0.8100700378417969,1,thetao_MY_20240101_20241231.nc
97_dat,2024-01-20,20,6.5334940776228905,MY,18.495559692382812,1.5044403076171875,1,thetao_MY_20240101_20241231.nc
97_dat,2024-01-20,30,6.61113316565752,MY,29.444730758666992,0.5552692413330078,1,thetao_MY_20240101_20241231.nc
97_dat,2024-01-21,5,5.971709355711937,MY,5.078224182128906,0.07822418212890625,1,thetao_MY_20240101_20241231.nc
97_dat,2024-01-21,10,5.979766242206097,MY,9.572997093200684,0.4270029067993164,1,thetao_MY_20240101_20241231.nc
97_dat,2024-01-21,15,6.006866678595543,MY,15.810070037841797,0.8100700378417969,1,thetao_MY_20240101_20241231.nc
97_dat,2024-01-21,20,6.11600086838007,MY,18.495559692382812,1.5044403076171875,1,thetao_MY_20240101_20241231.nc
97_dat,2024-01-21,30,6.257362604141235,MY,29.444730758666992,0.5552692413330078,1,thetao_MY_20240101_20241231.nc
97_dat,2024-01-22,5,5.501480162143707,MY,5.078224182128906,0.07822418212890625,1,thetao_MY_20240101_20241231.nc
97_dat,2024-01-22,10,5.516129046678543,MY,9.572997093200684,0.4270029067993164,1,thetao_MY_20240101_20241231.nc
97_dat,2024-01-22,15,5.545426815748215,MY,15.810070037841797,0.8100700378417969,1,thetao_MY_20240101_20241231.nc
97_dat,2024-01-22,20,5.636982344090939,MY,18.495559692382812,1.5044403076171875,1,thetao_MY_20240101_20241231.nc
97_dat,2024-01-22,30,5.768089860677719,MY,29.444730758666992,0.5552692413330078,1,thetao_MY_20240101_20241231.nc
97_dat,2024-01-23,5,5.333017989993095,MY,5.078224182128906,0.07822418212890625,1,thetao_MY_20240101_20241231.nc
97_dat,2024-01-23,10,5.333750434219837,MY,9.572997093200684,0.4270029067993164,1,thetao_MY_20240101_20241231.nc
97_dat,2024-01-23,15,5.334482878446579,MY,15.810070037841797,0.8100700378417969,1,thetao_MY_20240101_20241231.nc
97_dat,2024-01-23,20,5.336680211126804,MY,18.495559692382812,1.5044403076171875,1,thetao_MY_20240101_20241231.nc
97_dat,2024-01-23,30,5.396740637719631,MY,29.444730758666992,0.5552692413330078,1,thetao_MY_20240101_20241231.nc
97_dat,2024-01-24,5,5.264900676906109,MY,5.078224182128906,0.07822418212890625,1,thetao_MY_20240101_20241231.nc
97_dat,2024-01-24,10,5.265633121132851,MY,9.572997093200684,0.4270029067993164,1,thetao_MY_20240101_20241231.nc
97_dat,2024-01-24,15,5.267098009586334,MY,15.810070037841797,0.8100700378417969,1,thetao_MY_20240101_20241231.nc
97_dat,2024-01-24,20,5.271492674946785,MY,18.495559692382812,1.5044403076171875,1,thetao_MY_20240101_20241231.nc
97_dat,2024-01-24,30,5.348399318754673,MY,29.444730758666992,0.5552692413330078,1,thetao_MY_20240101_20241231.nc
97_dat,2024-01-25,5,5.23267313092947,MY,5.078224182128906,0.07822418212890625,1,thetao_MY_20240101_20241231.nc
97_dat,2024-01-25,10,5.233405575156212,MY,9.572997093200684,0.4270029067993164,1,thetao_MY_20240101_20241231.nc
97_dat,2024-01-25,15,5.236335352063179,MY,15.810070037841797,0.8100700378417969,1,thetao_MY_20240101_20241231.nc
97_dat,2024-01-25,20,5.2414624616503716,MY,18.495559692382812,1.5044403076171875,1,thetao_MY_20240101_20241231.nc
97_dat,2024-01-25,30,5.333750434219837,MY,29.444730758666992,0.5552692413330078,1,thetao_MY_20240101_20241231.nc
97_dat,2024-01-26,5,5.302987776696682,MY,5.078224182128906,0.07822418212890625,1,thetao_MY_20240101_20241231.nc
97_dat,2024-01-26,10,5.302987776696682,MY,9.572997093200684,0.4270029067993164,1,thetao_MY_20240101_20241231.nc
97_dat,2024-01-26,15,5.3117771074175835,MY,15.810070037841797,0.8100700378417969,1,thetao_MY_20240101_20241231.nc
97_dat,2024-01-26,20,5.315439328551292,MY,18.495559692382812,1.5044403076171875,1,thetao_MY_20240101_20241231.nc
97_dat,2024-01-26,30,5.414319299161434,MY,29.444730758666992,0.5552692413330078,1,thetao_MY_20240101_20241231.nc
97_dat,2024-01-27,5,5.3850215300917625,MY,5.078224182128906,0.07822418212890625,1,thetao_MY_20240101_20241231.nc
97_dat,2024-01-27,10,5.382824197411537,MY,9.572997093200684,0.4270029067993164,1,thetao_MY_20240101_20241231.nc
97_dat,2024-01-27,15,5.387218862771988,MY,15.810070037841797,0.8100700378417969,1,thetao_MY_20240101_20241231.nc
97_dat,2024-01-27,20,5.395275749266148,MY,18.495559692382812,1.5044403076171875,1,thetao_MY_20240101_20241231.nc
97_dat,2024-01-27,30,5.520523712038994,MY,29.444730758666992,0.5552692413330078,1,thetao_MY_20240101_20241231.nc
97_dat,2024-01-28,5,5.4165166318416595,MY,5.078224182128906,0.07822418212890625,1,thetao_MY_20240101_20241231.nc
97_dat,2024-01-28,10,5.414319299161434,MY,9.572997093200684,0.4270029067993164,1,thetao_MY_20240101_20241231.nc
97_dat,2024-01-28,15,5.412854410707951,MY,15.810070037841797,0.8100700378417969,1,thetao_MY_20240101_20241231.nc
97_dat,2024-01-28,20,5.4165166318416595,MY,18.495559692382812,1.5044403076171875,1,thetao_MY_20240101_20241231.nc
97_dat,2024-01-28,30,5.565935254096985,MY,29.444730758666992,0.5552692413330078,1,thetao_MY_20240101_20241231.nc
97_dat,2024-01-29,5,5.409192189574242,MY,5.078224182128906,0.07822418212890625,1,thetao_MY_20240101_20241231.nc
97_dat,2024-01-29,10,5.4062624126672745,MY,9.572997093200684,0.4270029067993164,1,thetao_MY_20240101_20241231.nc
97_dat,2024-01-29,15,5.405529968440533,MY,15.810070037841797,0.8100700378417969,1,thetao_MY_20240101_20241231.nc
97_dat,2024-01-29,20,5.406994856894016,MY,18.495559692382812,1.5044403076171875,1,thetao_MY_20240101_20241231.nc
97_dat,2024-01-29,30,5.529313042759895,MY,29.444730758666992,0.5552692413330078,1,thetao_MY_20240101_20241231.nc
97_dat,2024-01-30,5,5.3593859821558,MY,5.078224182128906,0.07822418212890625,1,thetao_MY_20240101_20241231.nc
97_dat,2024-01-30,10,5.3593859821558,MY,9.572997093200684,0.4270029067993164,1,thetao_MY_20240101_20241231.nc
97_dat,2024-01-30,15,5.3593859821558,MY,15.810070037841797,0.8100700378417969,1,thetao_MY_20240101_20241231.nc
97_dat,2024-01-30,20,5.3593859821558,MY,18.495559692382812,1.5044403076171875,1,thetao_MY_20240101_20241231.nc
97_dat,2024-01-30,30,5.453138843178749,MY,29.444730758666992,0.5552692413330078,1,thetao_MY_20240101_20241231.nc
97_dat,2024-01-31,5,5.3256935477256775,MY,5.078224182128906,0.07822418212890625,1,thetao_MY_20240101_20241231.nc
97_dat,2024-01-31,10,5.326425991952419,MY,9.572997093200684,0.4270029067993164,1,thetao_MY_20240101_20241231.nc
97_dat,2024-01-31,15,5.327890880405903,MY,15.810070037841797,0.8100700378417969,1,thetao_MY_20240101_20241231.nc
97_dat,2024-01-31,20,5.3293557688593864,MY,18.495559692382812,1.5044403076171875,1,thetao_MY_20240101_20241231.nc
97_dat,2024-01-31,30,5.399670414626598,MY,29.444730758666992,0.5552692413330078,1,thetao_MY_20240101_20241231.nc
97_dat,2024-02-01,5,5.239997573196888,MY,5.078224182128906,0.07822418212890625,1,thetao_MY_20240101_20241231.nc
97_dat,2024-02-01,10,5.239997573196888,MY,9.572997093200684,0.4270029067993164,1,thetao_MY_20240101_20241231.nc
97_dat,2024-02-01,15,5.239997573196888,MY,15.810070037841797,0.8100700378417969,1,thetao_MY_20240101_20241231.nc
97_dat,2024-02-01,20,5.24073001742363,MY,18.495559692382812,1.5044403076171875,1,thetao_MY_20240101_20241231.nc
97_dat,2024-02-01,30,5.27369000762701,MY,29.444730758666992,0.5552692413330078,1,thetao_MY_20240101_20241231.nc
97_dat,2024-02-02,5,5.15503404289484,MY,5.078224182128906,0.07822418212890625,1,thetao_MY_20240101_20241231.nc
97_dat,2024-02-02,10,5.15503404289484,MY,9.572997093200684,0.4270029067993164,1,thetao_MY_20240101_20241231.nc
97_dat,2024-02-02,15,5.15503404289484,MY,15.810070037841797,0.8100700378417969,1,thetao_MY_20240101_20241231.nc
97_dat,2024-02-02,20,5.15503404289484,MY,18.495559692382812,1.5044403076171875,1,thetao_MY_20240101_20241231.nc
97_dat,2024-02-02,30,5.201178029179573,MY,29.444730758666992,0.5552692413330078,1,thetao_MY_20240101_20241231.nc
97_dat,2024-02-03,5,5.207770027220249,MY,5.078224182128906,0.07822418212890625,1,thetao_MY_20240101_20241231.nc
97_dat,2024-02-03,10,5.207770027220249,MY,9.572997093200684,0.4270029067993164,1,thetao_MY_20240101_20241231.nc
97_dat,2024-02-03,15,5.208502471446991,MY,15.810070037841797,0.8100700378417969,1,thetao_MY_20240101_20241231.nc
97_dat,2024-02-03,20,5.208502471446991,MY,18.495559692382812,1.5044403076171875,1,thetao_MY_20240101_20241231.nc
97_dat,2024-02-03,30,5.249519348144531,MY,29.444730758666992,0.5552692413330078,1,thetao_MY_20240101_20241231.nc
97_dat,2024-02-04,5,5.282479338347912,MY,5.078224182128906,0.07822418212890625,1,thetao_MY_20240101_20241231.nc
97_dat,2024-02-04,10,5.282479338347912,MY,9.572997093200684,0.4270029067993164,1,thetao_MY_20240101_20241231.nc
97_dat,2024-02-04,15,5.282479338347912,MY,15.810070037841797,0.8100700378417969,1,thetao_MY_20240101_20241231.nc
97_dat,2024-02-04,20,5.282479338347912,MY,18.495559692382812,1.5044403076171875,1,thetao_MY_20240101_20241231.nc
97_dat,2024-02-04,30,5.312509551644325,MY,29.444730758666992,0.5552692413330078,1,thetao_MY_20240101_20241231.nc
97_dat,2024-02-05,5,5.349131762981415,MY,5.078224182128906,0.07822418212890625,1,thetao_MY_20240101_20241231.nc
97_dat,2024-02-05,10,5.347666874527931,MY,9.572997093200684,0.4270029067993164,1,thetao_MY_20240101_20241231.nc
97_dat,2024-02-05,15,5.346201986074448,MY,15.810070037841797,0.8100700378417969,1,thetao_MY_20240101_20241231.nc
97_dat,2024-02-05,20,5.345469541847706,MY,18.495559692382812,1.5044403076171875,1,thetao_MY_20240101_20241231.nc
97_dat,2024-02-05,30,5.370372645556927,MY,29.444730758666992,0.5552692413330078,1,thetao_MY_20240101_20241231.nc
97_dat,2024-02-06,5,5.354991316795349,MY,5.078224182128906,0.07822418212890625,1,thetao_MY_20240101_20241231.nc
97_dat,2024-02-06,10,5.354258872568607,MY,9.572997093200684,0.4270029067993164,1,thetao_MY_20240101_20241231.nc
97_dat,2024-02-06,15,5.352793984115124,MY,15.810070037841797,0.8100700378417969,1,thetao_MY_20240101_20241231.nc
97_dat,2024-02-06,20,5.352061539888382,MY,18.495559692382812,1.5044403076171875,1,thetao_MY_20240101_20241231.nc
97_dat,2024-02-06,30,5.379161976277828,MY,29.444730758666992,0.5552692413330078,1,thetao_MY_20240101_20241231.nc
97_dat,2024-02-07,5,5.368907757103443,MY,5.078224182128906,0.07822418212890625,1,thetao_MY_20240101_20241231.nc
97_dat,2024-02-07,10,5.366710424423218,MY,9.572997093200684,0.4270029067993164,1,thetao_MY_20240101_20241231.nc
97_dat,2024-02-07,15,5.364513091742992,MY,15.810070037841797,0.8100700378417969,1,thetao_MY_20240101_20241231.nc
97_dat,2024-02-07,20,5.364513091742992,MY,18.495559692382812,1.5044403076171875,1,thetao_MY_20240101_20241231.nc
97_dat,2024-02-07,30,5.390148639678955,MY,29.444730758666992,0.5552692413330078,1,thetao_MY_20240101_20241231.nc
97_dat,2024-02-08,5,5.363048203289509,MY,5.078224182128906,0.07822418212890625,1,thetao_MY_20240101_20241231.nc
97_dat,2024-02-08,10,5.363048203289509,MY,9.572997093200684,0.4270029067993164,1,thetao_MY_20240101_20241231.nc
97_dat,2024-02-08,15,5.363048203289509,MY,15.810070037841797,0.8100700378417969,1,thetao_MY_20240101_20241231.nc
97_dat,2024-02-08,20,5.363048203289509,MY,18.495559692382812,1.5044403076171875,1,thetao_MY_20240101_20241231.nc
97_dat,2024-02-08,30,5.389416195452213,MY,29.444730758666992,0.5552692413330078,1,thetao_MY_20240101_20241231.nc
97_dat,2024-02-09,5,5.3608508706092834,MY,5.078224182128906,0.07822418212890625,1,thetao_MY_20240101_20241231.nc
97_dat,2024-02-09,10,5.3608508706092834,MY,9.572997093200684,0.4270029067993164,1,thetao_MY_20240101_20241231.nc
97_dat,2024-02-09,15,5.3608508706092834,MY,15.810070037841797,0.8100700378417969,1,thetao_MY_20240101_20241231.nc
97_dat,2024-02-09,20,5.3608508706092834,MY,18.495559692382812,1.5044403076171875,1,thetao_MY_20240101_20241231.nc
97_dat,2024-02-09,30,5.390148639678955,MY,29.444730758666992,0.5552692413330078,1,thetao_MY_20240101_20241231.nc
97_dat,2024-02-10,5,5.406994856894016,MY,5.078224182128906,0.07822418212890625,1,thetao_MY_20240101_20241231.nc
97_dat,2024-02-10,10,5.404797524213791,MY,9.572997093200684,0.4270029067993164,1,thetao_MY_20240101_20241231.nc
97_dat,2024-02-10,15,5.401135303080082,MY,15.810070037841797,0.8100700378417969,1,thetao_MY_20240101_20241231.nc
97_dat,2024-02-10,20,5.401135303080082,MY,18.495559692382812,1.5044403076171875,1,thetao_MY_20240101_20241231.nc
97_dat,2024-02-10,30,5.42896818369627,MY,29.444730758666992,0.5552692413330078,1,thetao_MY_20240101_20241231.nc
97_dat,2024-02-11,5,5.409924633800983,MY,5.078224182128906,0.07822418212890625,1,thetao_MY_20240101_20241231.nc
97_dat,2024-02-11,10,5.409924633800983,MY,9.572997093200684,0.4270029067993164,1,thetao_MY_20240101_20241231.nc
97_dat,2024-02-11,15,5.409924633800983,MY,15.810070037841797,0.8100700378417969,1,thetao_MY_20240101_20241231.nc
97_dat,2024-02-11,20,5.409924633800983,MY,18.495559692382812,1.5044403076171875,1,thetao_MY_20240101_20241231.nc
97_dat,2024-02-11,30,5.439954847097397,MY,29.444730758666992,0.5552692413330078,1,thetao_MY_20240101_20241231.nc
97_dat,2024-02-12,5,5.428235739469528,MY,5.078224182128906,0.07822418212890625,1,thetao_MY_20240101_20241231.nc
97_dat,2024-02-12,10,5.427503295242786,MY,9.572997093200684,0.4270029067993164,1,thetao_MY_20240101_20241231.nc
97_dat,2024-02-12,15,5.426038406789303,MY,15.810070037841797,0.8100700378417969,1,thetao_MY_20240101_20241231.nc
97_dat,2024-02-12,20,5.426038406789303,MY,18.495559692382812,1.5044403076171875,1,thetao_MY_20240101_20241231.nc
97_dat,2024-02-12,30,5.456068620085716,MY,29.444730758666992,0.5552692413330078,1,thetao_MY_20240101_20241231.nc
97_dat,2024-02-13,5,5.537369929254055,MY,5.078224182128906,0.07822418212890625,1,thetao_MY_20240101_20241231.nc
97_dat,2024-02-13,10,5.525650821626186,MY,9.572997093200684,0.4270029067993164,1,thetao_MY_20240101_20241231.nc
97_dat,2024-02-13,15,5.5146641582250595,MY,15.810070037841797,0.8100700378417969,1,thetao_MY_20240101_20241231.nc
97_dat,2024-02-13,20,5.511734381318092,MY,18.495559692382812,1.5044403076171875,1,thetao_MY_20240101_20241231.nc
97_dat,2024-02-13,30,5.533707708120346,MY,29.444730758666992,0.5552692413330078,1,thetao_MY_20240101_20241231.nc
97_dat,2024-02-14,5,5.653096117079258,MY,5.078224182128906,0.07822418212890625,1,thetao_MY_20240101_20241231.nc
97_dat,2024-02-14,10,5.642841897904873,MY,9.572997093200684,0.4270029067993164,1,thetao_MY_20240101_20241231.nc
97_dat,2024-02-14,15,5.635517455637455,MY,15.810070037841797,0.8100700378417969,1,thetao_MY_20240101_20241231.nc
97_dat,2024-02-14,20,5.632587678730488,MY,18.495559692382812,1.5044403076171875,1,thetao_MY_20240101_20241231.nc
97_dat,2024-02-14,30,5.648701451718807,MY,29.444730758666992,0.5552692413330078,1,thetao_MY_20240101_20241231.nc
97_dat,2024-02-15,5,5.667012557387352,MY,5.078224182128906,0.07822418212890625,1,thetao_MY_20240101_20241231.nc
97_dat,2024-02-15,10,5.6860561072826385,MY,9.572997093200684,0.4270029067993164,1,thetao_MY_20240101_20241231.nc
97_dat,2024-02-15,15,5.699972547590733,MY,15.810070037841797,0.8100700378417969,1,thetao_MY_20240101_20241231.nc
97_dat,2024-02-15,20,5.7029023244977,MY,18.495559692382812,1.5044403076171875,1,thetao_MY_20240101_20241231.nc
97_dat,2024-02-15,30,5.730735205113888,MY,29.444730758666992,0.5552692413330078,1,thetao_MY_20240101_20241231.nc
97_dat,2024-02-16,5,5.647969007492065,MY,5.078224182128906,0.07822418212890625,1,thetao_MY_20240101_20241231.nc
97_dat,2024-02-16,10,5.647969007492065,MY,9.572997093200684,0.4270029067993164,1,thetao_MY_20240101_20241231.nc
97_dat,2024-02-16,15,5.647969007492065,MY,15.810070037841797,0.8100700378417969,1,thetao_MY_20240101_20241231.nc
97_dat,2024-02-16,20,5.647969007492065,MY,18.495559692382812,1.5044403076171875,1,thetao_MY_20240101_20241231.nc
97_dat,2024-02-16,30,5.6758018881082535,MY,29.444730758666992,0.5552692413330078,1,thetao_MY_20240101_20241231.nc
97_dat,2024-02-17,5,5.67433699965477,MY,5.078224182128906,0.07822418212890625,1,thetao_MY_20240101_20241231.nc
97_dat,2024-02-17,10,5.669942334294319,MY,9.572997093200684,0.4270029067993164,1,thetao_MY_20240101_20241231.nc
97_dat,2024-02-17,15,5.66628011316061,MY,15.810070037841797,0.8100700378417969,1,thetao_MY_20240101_20241231.nc
97_dat,2024-02-17,20,5.66628011316061,MY,18.495559692382812,1.5044403076171875,1,thetao_MY_20240101_20241231.nc
97_dat,2024-02-17,30,5.685323663055897,MY,29.444730758666992,0.5552692413330078,1,thetao_MY_20240101_20241231.nc
97_dat,2024-02-18,5,5.823023177683353,MY,5.078224182128906,0.07822418212890625,1,thetao_MY_20240101_20241231.nc
97_dat,2024-02-18,10,5.806176960468292,MY,9.572997093200684,0.4270029067993164,1,thetao_MY_20240101_20241231.nc
97_dat,2024-02-18,15,5.793725408613682,MY,15.810070037841797,0.8100700378417969,1,thetao_MY_20240101_20241231.nc
97_dat,2024-02-18,20,5.787133410573006,MY,18.495559692382812,1.5044403076171875,1,thetao_MY_20240101_20241231.nc
97_dat,2024-02-18,30,5.776146747171879,MY,29.444730758666992,0.5552692413330078,1,thetao_MY_20240101_20241231.nc
97_dat,2024-02-19,5,6.049348443746567,MY,5.078224182128906,0.07822418212890625,1,thetao_MY_20240101_20241231.nc
97_dat,2024-02-19,10,6.006134234368801,MY,9.572997093200684,0.4270029067993164,1,thetao_MY_20240101_20241231.nc
97_dat,2024-02-19,15,5.977568909525871,MY,15.810070037841797,0.8100700378417969,1,thetao_MY_20240101_20241231.nc
97_dat,2024-02-19,20,5.96072269231081,MY,18.495559692382812,1.5044403076171875,1,thetao_MY_20240101_20241231.nc
97_dat,2024-02-19,30,5.897000044584274,MY,29.444730758666992,0.5552692413330078,1,thetao_MY_20240101_20241231.nc
97_dat,2024-02-20,5,6.020050674676895,MY,5.078224182128906,0.07822418212890625,1,thetao_MY_20240101_20241231.nc
97_dat,2024-02-20,10,6.020050674676895,MY,9.572997093200684,0.4270029067993164,1,thetao_MY_20240101_20241231.nc
97_dat,2024-02-20,15,6.015656009316444,MY,15.810070037841797,0.8100700378417969,1,thetao_MY_20240101_20241231.nc
97_dat,2024-02-20,20,6.010528899729252,MY,18.495559692382812,1.5044403076171875,1,thetao_MY_20240101_20241231.nc
97_dat,2024-02-20,30,6.003204457461834,MY,29.444730758666992,0.5552692413330078,1,thetao_MY_20240101_20241231.nc
97_dat,2024-02-21,5,5.907986707985401,MY,5.078224182128906,0.07822418212890625,1,thetao_MY_20240101_20241231.nc
97_dat,2024-02-21,10,5.907986707985401,MY,9.572997093200684,0.4270029067993164,1,thetao_MY_20240101_20241231.nc
97_dat,2024-02-21,15,5.907986707985401,MY,15.810070037841797,0.8100700378417969,1,thetao_MY_20240101_20241231.nc
97_dat,2024-02-21,20,5.907986707985401,MY,18.495559692382812,1.5044403076171875,1,thetao_MY_20240101_20241231.nc
97_dat,2024-02-21,30,5.925565369427204,MY,29.444730758666992,0.5552692413330078,1,thetao_MY_20240101_20241231.nc
97_dat,2024-02-22,5,5.8193609565496445,MY,5.078224182128906,0.07822418212890625,1,thetao_MY_20240101_20241231.nc
97_dat,2024-02-22,10,5.820093400776386,MY,9.572997093200684,0.4270029067993164,1,thetao_MY_20240101_20241231.nc
97_dat,2024-02-22,15,5.820093400776386,MY,15.810070037841797,0.8100700378417969,1,thetao_MY_20240101_20241231.nc
97_dat,2024-02-22,20,5.820093400776386,MY,18.495559692382812,1.5044403076171875,1,thetao_MY_20240101_20241231.nc
97_dat,2024-02-22,30,5.841334283351898,MY,29.444730758666992,0.5552692413330078,1,thetao_MY_20240101_20241231.nc
97_dat,2024-02-23,5,5.779076524078846,MY,5.078224182128906,0.07822418212890625,1,thetao_MY_20240101_20241231.nc
97_dat,2024-02-23,10,5.779076524078846,MY,9.572997093200684,0.4270029067993164,1,thetao_MY_20240101_20241231.nc
97_dat,2024-02-23,15,5.779076524078846,MY,15.810070037841797,0.8100700378417969,1,thetao_MY_20240101_20241231.nc
97_dat,2024-02-23,20,5.779076524078846,MY,18.495559692382812,1.5044403076171875,1,thetao_MY_20240101_20241231.nc
97_dat,2024-02-23,30,5.800317406654358,MY,29.444730758666992,0.5552692413330078,1,thetao_MY_20240101_20241231.nc
97_dat,2024-02-24,5,5.778344079852104,MY,5.078224182128906,0.07822418212890625,1,thetao_MY_20240101_20241231.nc
97_dat,2024-02-24,10,5.777611635625362,MY,9.572997093200684,0.4270029067993164,1,thetao_MY_20240101_20241231.nc
97_dat,2024-02-24,15,5.776879191398621,MY,15.810070037841797,0.8100700378417969,1,thetao_MY_20240101_20241231.nc
97_dat,2024-02-24,20,5.776879191398621,MY,18.495559692382812,1.5044403076171875,1,thetao_MY_20240101_20241231.nc
97_dat,2024-02-24,30,5.799584962427616,MY,29.444730758666992,0.5552692413330078,1,thetao_MY_20240101_20241231.nc
97_dat,2024-02-25,5,5.823023177683353,MY,5.078224182128906,0.07822418212890625,1,thetao_MY_20240101_20241231.nc
97_dat,2024-02-25,10,5.820825845003128,MY,9.572997093200684,0.4270029067993164,1,thetao_MY_20240101_20241231.nc
97_dat,2024-02-25,15,5.8193609565496445,MY,15.810070037841797,0.8100700378417969,1,thetao_MY_20240101_20241231.nc
97_dat,2024-02-25,20,5.817896068096161,MY,18.495559692382812,1.5044403076171875,1,thetao_MY_20240101_20241231.nc
97_dat,2024-02-25,30,5.84206672757864,MY,29.444730758666992,0.5552692413330078,1,thetao_MY_20240101_20241231.nc
97_dat,2024-02-26,5,5.684591218829155,MY,5.078224182128906,0.07822418212890625,1,thetao_MY_20240101_20241231.nc
97_dat,2024-02-26,10,5.743186756968498,MY,9.572997093200684,0.4270029067993164,1,thetao_MY_20240101_20241231.nc
97_dat,2024-02-26,15,5.795922741293907,MY,15.810070037841797,0.8100700378417969,1,thetao_MY_20240101_20241231.nc
97_dat,2024-02-26,20,5.8017822951078415,MY,18.495559692382812,1.5044403076171875,1,thetao_MY_20240101_20241231.nc
97_dat,2024-02-26,30,5.837672062218189,MY,29.444730758666992,0.5552692413330078,1,thetao_MY_20240101_20241231.nc
97_dat,2024-02-27,5,5.249519348144531,MY,5.078224182128906,0.07822418212890625,1,thetao_MY_20240101_20241231.nc
97_dat,2024-02-27,10,5.2590411230921745,MY,9.572997093200684,0.4270029067993164,1,thetao_MY_20240101_20241231.nc
97_dat,2024-02-27,15,5.396008193492889,MY,15.810070037841797,0.8100700378417969,1,thetao_MY_20240101_20241231.nc
97_dat,2024-02-27,20,5.541032150387764,MY,18.495559692382812,1.5044403076171875,1,thetao_MY_20240101_20241231.nc
97_dat,2024-02-27,30,5.728537872433662,MY,29.444730758666992,0.5552692413330078,1,thetao_MY_20240101_20241231.nc
97_dat,2024-02-28,5,4.430646702647209,MY,5.078224182128906,0.07822418212890625,1,thetao_MY_20240101_20241231.nc
97_dat,2024-02-28,10,4.429914258420467,MY,9.572997093200684,0.4270029067993164,1,thetao_MY_20240101_20241231.nc
97_dat,2024-02-28,15,4.469466246664524,MY,15.810070037841797,0.8100700378417969,1,thetao_MY_20240101_20241231.nc
97_dat,2024-02-28,20,4.735343500971794,MY,18.495559692382812,1.5044403076171875,1,thetao_MY_20240101_20241231.nc
97_dat,2024-02-28,30,5.274422451853752,MY,29.444730758666992,0.5552692413330078,1,thetao_MY_20240101_20241231.nc
97_dat,2024-02-29,5,3.342234581708908,MY,5.078224182128906,0.07822418212890625,1,thetao_MY_20240101_20241231.nc
97_dat,2024-02-29,10,3.335642583668232,MY,9.572997093200684,0.4270029067993164,1,thetao_MY_20240101_20241231.nc
97_dat,2024-02-29,15,3.468214988708496,MY,15.810070037841797,0.8100700378417969,1,thetao_MY_20240101_20241231.nc
97_dat,2024-02-29,20,3.8520157635211945,MY,18.495559692382812,1.5044403076171875,1,thetao_MY_20240101_20241231.nc
97_dat,2024-02-29,30,4.554429776966572,MY,29.444730758666992,0.5552692413330078,1,thetao_MY_20240101_20241231.nc
97_dat,2024-03-01,5,2.3072908893227577,MY,5.078224182128906,0.07822418212890625,1,thetao_MY_20240101_20241231.nc
97_dat,2024-03-01,10,2.4017761945724487,MY,9.572997093200684,0.4270029067993164,1,thetao_MY_20240101_20241231.nc
97_dat,2024-03-01,15,2.6471450105309486,MY,15.810070037841797,0.8100700378417969,1,thetao_MY_20240101_20241231.nc
97_dat,2024-03-01,20,2.8514969497919083,MY,18.495559692382812,1.5044403076171875,1,thetao_MY_20240101_20241231.nc
97_dat,2024-03-01,30,3.8131962195038795,MY,29.444730758666992,0.5552692413330078,1,thetao_MY_20240101_20241231.nc
97_dat,2024-03-02,5,2.225989580154419,MY,5.078224182128906,0.07822418212890625,1,thetao_MY_20240101_20241231.nc
97_dat,2024-03-02,10,2.2274544686079025,MY,9.572997093200684,0.4270029067993164,1,thetao_MY_20240101_20241231.nc
97_dat,2024-03-02,15,2.2794580087065697,MY,15.810070037841797,0.8100700378417969,1,thetao_MY_20240101_20241231.nc
97_dat,2024-03-02,20,2.3915219753980637,MY,18.495559692382812,1.5044403076171875,1,thetao_MY_20240101_20241231.nc
97_dat,2024-03-02,30,3.513626530766487,MY,29.444730758666992,0.5552692413330078,1,thetao_MY_20240101_20241231.nc
97_dat,2024-03-03,5,2.4486526250839233,MY,5.078224182128906,0.07822418212890625,1,thetao_MY_20240101_20241231.nc
97_dat,2024-03-03,10,2.446455292403698,MY,9.572997093200684,0.4270029067993164,1,thetao_MY_20240101_20241231.nc
97_dat,2024-03-03,15,2.519699715077877,MY,15.810070037841797,0.8100700378417969,1,thetao_MY_20240101_20241231.nc
97_dat,2024-03-03,20,2.7145298793911934,MY,18.495559692382812,1.5044403076171875,1,thetao_MY_20240101_20241231.nc
97_dat,2024-03-03,30,3.961882397532463,MY,29.444730758666992,0.5552692413330078,1,thetao_MY_20240101_20241231.nc
97_dat,2024-03-04,5,2.6962187737226486,MY,5.078224182128906,0.07822418212890625,1,thetao_MY_20240101_20241231.nc
97_dat,2024-03-04,10,2.6962187737226486,MY,9.572997093200684,0.4270029067993164,1,thetao_MY_20240101_20241231.nc
97_dat,2024-03-04,15,2.841975174844265,MY,15.810070037841797,0.8100700378417969,1,thetao_MY_20240101_20241231.nc
97_dat,2024-03-04,20,3.1649830788373947,MY,18.495559692382812,1.5044403076171875,1,thetao_MY_20240101_20241231.nc
97_dat,2024-03-04,30,4.358867168426514,MY,29.444730758666992,0.5552692413330078,1,thetao_MY_20240101_20241231.nc
97_dat,2024-03-05,5,2.9181493744254112,MY,5.078224182128906,0.07822418212890625,1,thetao_MY_20240101_20241231.nc
97_dat,2024-03-05,10,2.9203467071056366,MY,9.572997093200684,0.4270029067993164,1,thetao_MY_20240101_20241231.nc
97_dat,2024-03-05,15,3.1276284232735634,MY,15.810070037841797,0.8100700378417969,1,thetao_MY_20240101_20241231.nc
97_dat,2024-03-05,20,3.503372311592102,MY,18.495559692382812,1.5044403076171875,1,thetao_MY_20240101_20241231.nc
97_dat,2024-03-05,30,4.722891949117184,MY,29.444730758666992,0.5552692413330078,1,thetao_MY_20240101_20241231.nc
97_dat,2024-03-06,5,3.118839092552662,MY,5.078224182128906,0.07822418212890625,1,thetao_MY_20240101_20241231.nc
97_dat,2024-03-06,10,3.1159093156456947,MY,9.572997093200684,0.4270029067993164,1,thetao_MY_20240101_20241231.nc
97_dat,2024-03-06,15,3.4110843390226364,MY,15.810070037841797,0.8100700378417969,1,thetao_MY_20240101_20241231.nc
97_dat,2024-03-06,20,3.7648549005389214,MY,18.495559692382812,1.5044403076171875,1,thetao_MY_20240101_20241231.nc
97_dat,2024-03-06,30,4.9616687670350075,MY,29.444730758666992,0.5552692413330078,1,thetao_MY_20240101_20241231.nc
97_dat,2024-03-07,5,3.3539536893367767,MY,5.078224182128906,0.07822418212890625,1,thetao_MY_20240101_20241231.nc
97_dat,2024-03-07,10,3.348826579749584,MY,9.572997093200684,0.4270029067993164,1,thetao_MY_20240101_20241231.nc
97_dat,2024-03-07,15,3.6110416129231453,MY,15.810070037841797,0.8100700378417969,1,thetao_MY_20240101_20241231.nc
97_dat,2024-03-07,20,4.012421049177647,MY,18.495559692382812,1.5044403076171875,1,thetao_MY_20240101_20241231.nc
97_dat,2024-03-07,30,5.109622500836849,MY,29.444730758666992,0.5552692413330078,1,thetao_MY_20240101_20241231.nc
97_dat,2024-03-08,5,3.5187536403536797,MY,5.078224182128906,0.07822418212890625,1,thetao_MY_20240101_20241231.nc
97_dat,2024-03-08,10,3.5150914192199707,MY,9.572997093200684,0.4270029067993164,1,thetao_MY_20240101_20241231.nc
97_dat,2024-03-08,15,3.6169011667370796,MY,15.810070037841797,0.8100700378417969,1,thetao_MY_20240101_20241231.nc
97_dat,2024-03-08,20,4.008758828043938,MY,18.495559692382812,1.5044403076171875,1,thetao_MY_20240101_20241231.nc
97_dat,2024-03-08,30,5.163090929389,MY,29.444730758666992,0.5552692413330078,1,thetao_MY_20240101_20241231.nc
97_dat,2024-03-09,5,3.5956602841615677,MY,5.078224182128906,0.07822418212890625,1,thetao_MY_20240101_20241231.nc
97_dat,2024-03-09,10,3.583941176533699,MY,9.572997093200684,0.4270029067993164,1,thetao_MY_20240101_20241231.nc
97_dat,2024-03-09,15,3.6242256090044975,MY,15.810070037841797,0.8100700378417969,1,thetao_MY_20240101_20241231.nc
97_dat,2024-03-09,20,3.982390835881233,MY,18.495559692382812,1.5044403076171875,1,thetao_MY_20240101_20241231.nc
97_dat,2024-03-09,30,5.166020706295967,MY,29.444730758666992,0.5552692413330078,1,thetao_MY_20240101_20241231.nc
97_dat,2024-03-10,5,3.605182059109211,MY,5.078224182128906,0.07822418212890625,1,thetao_MY_20240101_20241231.nc
97_dat,2024-03-10,10,3.5956602841615677,MY,9.572997093200684,0.4270029067993164,1,thetao_MY_20240101_20241231.nc
97_dat,2024-03-10,15,3.6806238144636154,MY,15.810070037841797,0.8100700378417969,1,thetao_MY_20240101_20241231.nc
97_dat,2024-03-10,20,3.997772164642811,MY,18.495559692382812,1.5044403076171875,1,thetao_MY_20240101_20241231.nc
97_dat,2024-03-10,30,5.15503404289484,MY,29.444730758666992,0.5552692413330078,1,thetao_MY_20240101_20241231.nc
97_dat,2024-03-11,5,3.5092318654060364,MY,5.078224182128906,0.07822418212890625,1,thetao_MY_20240101_20241231.nc
97_dat,2024-03-11,10,3.4740745425224304,MY,9.572997093200684,0.4270029067993164,1,thetao_MY_20240101_20241231.nc
97_dat,2024-03-11,15,3.5363323017954826,MY,15.810070037841797,0.8100700378417969,1,thetao_MY_20240101_20241231.nc
97_dat,2024-03-11,20,3.769249565899372,MY,18.495559692382812,1.5044403076171875,1,thetao_MY_20240101_20241231.nc
97_dat,2024-03-11,30,5.031250968575478,MY,29.444730758666992,0.5552692413330078,1,thetao_MY_20240101_20241231.nc
97_dat,2024-03-12,5,3.3861812353134155,MY,5.078224182128906,0.07822418212890625,1,thetao_MY_20240101_20241231.nc
97_dat,2024-03-12,10,3.346629247069359,MY,9.572997093200684,0.4270029067993164,1,thetao_MY_20240101_20241231.nc
97_dat,2024-03-12,15,3.4381847754120827,MY,15.810070037841797,0.8100700378417969,1,thetao_MY_20240101_20241231.nc
97_dat,2024-03-12,20,3.604449614882469,MY,18.495559692382812,1.5044403076171875,1,thetao_MY_20240101_20241231.nc
97_dat,2024-03-12,30,4.858394131064415,MY,29.444730758666992,0.5552692413330078,1,thetao_MY_20240101_20241231.nc
97_dat,2024-03-13,5,3.4623554348945618,MY,5.078224182128906,0.07822418212890625,1,thetao_MY_20240101_20241231.nc
97_dat,2024-03-13,10,3.457960769534111,MY,9.572997093200684,0.4270029067993164,1,thetao_MY_20240101_20241231.nc
97_dat,2024-03-13,15,3.6029847264289856,MY,15.810070037841797,0.8100700378417969,1,thetao_MY_20240101_20241231.nc
97_dat,2024-03-13,20,3.8036744445562363,MY,18.495559692382812,1.5044403076171875,1,thetao_MY_20240101_20241231.nc
97_dat,2024-03-13,30,4.867915906012058,MY,29.444730758666992,0.5552692413330078,1,thetao_MY_20240101_20241231.nc
97_dat,2024-03-14,5,3.6147038340568542,MY,5.078224182128906,0.07822418212890625,1,thetao_MY_20240101_20241231.nc
97_dat,2024-03-14,10,3.584673620760441,MY,9.572997093200684,0.4270029067993164,1,thetao_MY_20240101_20241231.nc
97_dat,2024-03-14,15,3.7084566950798035,MY,15.810070037841797,0.8100700378417969,1,thetao_MY_20240101_20241231.nc
97_dat,2024-03-14,20,3.9018219709396362,MY,18.495559692382812,1.5044403076171875,1,thetao_MY_20240101_20241231.nc
97_dat,2024-03-14,30,4.914792336523533,MY,29.444730758666992,0.5552692413330078,1,thetao_MY_20240101_20241231.nc
97_dat,2024-03-15,5,3.608111836016178,MY,5.078224182128906,0.07822418212890625,1,thetao_MY_20240101_20241231.nc
97_dat,2024-03-15,10,3.622760720551014,MY,9.572997093200684,0.4270029067993164,1,thetao_MY_20240101_20241231.nc
97_dat,2024-03-15,15,3.6916104778647423,MY,15.810070037841797,0.8100700378417969,1,thetao_MY_20240101_20241231.nc
97_dat,2024-03-15,20,3.8337046578526497,MY,18.495559692382812,1.5044403076171875,1,thetao_MY_20240101_20241231.nc
97_dat,2024-03-15,30,4.859859019517899,MY,29.444730758666992,0.5552692413330078,1,thetao_MY_20240101_20241231.nc
97_dat,2024-03-16,5,3.6696371510624886,MY,5.078224182128906,0.07822418212890625,1,thetao_MY_20240101_20241231.nc
97_dat,2024-03-16,10,3.635944716632366,MY,9.572997093200684,0.4270029067993164,1,thetao_MY_20240101_20241231.nc
97_dat,2024-03-16,15,3.702597141265869,MY,15.810070037841797,0.8100700378417969,1,thetao_MY_20240101_20241231.nc
97_dat,2024-03-16,20,3.8307748809456825,MY,18.495559692382812,1.5044403076171875,1,thetao_MY_20240101_20241231.nc
97_dat,2024-03-16,30,4.806390590965748,MY,29.444730758666992,0.5552692413330078,1,thetao_MY_20240101_20241231.nc
97_dat,2024-03-17,5,3.553178519010544,MY,5.078224182128906,0.07822418212890625,1,thetao_MY_20240101_20241231.nc
97_dat,2024-03-17,10,3.577349178493023,MY,9.572997093200684,0.4270029067993164,1,thetao_MY_20240101_20241231.nc
97_dat,2024-03-17,15,3.6586504876613617,MY,15.810070037841797,0.8100700378417969,1,thetao_MY_20240101_20241231.nc
97_dat,2024-03-17,20,3.7355571314692497,MY,18.495559692382812,1.5044403076171875,1,thetao_MY_20240101_20241231.nc
97_dat,2024-03-17,30,4.689199514687061,MY,29.444730758666992,0.5552692413330078,1,thetao_MY_20240101_20241231.nc
97_dat,2024-03-18,5,3.7370220199227333,MY,5.078224182128906,0.07822418212890625,1,thetao_MY_20240101_20241231.nc
97_dat,2024-03-18,10,3.7494735717773438,MY,9.572997093200684,0.4270029067993164,1,thetao_MY_20240101_20241231.nc
97_dat,2024-03-18,15,3.8388317674398422,MY,15.810070037841797,0.8100700378417969,1,thetao_MY_20240101_20241231.nc
97_dat,2024-03-18,20,3.9889828339219093,MY,18.495559692382812,1.5044403076171875,1,thetao_MY_20240101_20241231.nc
97_dat,2024-03-18,30,4.806390590965748,MY,29.444730758666992,0.5552692413330078,1,thetao_MY_20240101_20241231.nc
97_dat,2024-03-19,5,3.982390835881233,MY,5.078224182128906,0.07822418212890625,1,thetao_MY_20240101_20241231.nc
97_dat,2024-03-19,10,4.106906354427338,MY,9.572997093200684,0.4270029067993164,1,thetao_MY_20240101_20241231.nc
97_dat,2024-03-19,15,4.317850291728973,MY,15.810070037841797,0.8100700378417969,1,thetao_MY_20240101_20241231.nc
97_dat,2024-03-19,20,4.523667119443417,MY,18.495559692382812,1.5044403076171875,1,thetao_MY_20240101_20241231.nc
97_dat,2024-03-19,30,5.166753150522709,MY,29.444730758666992,0.5552692413330078,1,thetao_MY_20240101_20241231.nc
97_dat,2024-03-20,5,4.205053880810738,MY,5.078224182128906,0.07822418212890625,1,thetao_MY_20240101_20241231.nc
97_dat,2024-03-20,10,4.362529389560223,MY,9.572997093200684,0.4270029067993164,1,thetao_MY_20240101_20241231.nc
97_dat,2024-03-20,15,4.583727546036243,MY,15.810070037841797,0.8100700378417969,1,thetao_MY_20240101_20241231.nc
97_dat,2024-03-20,20,4.726554170250893,MY,18.495559692382812,1.5044403076171875,1,thetao_MY_20240101_20241231.nc
97_dat,2024-03-20,30,5.409192189574242,MY,29.444730758666992,0.5552692413330078,1,thetao_MY_20240101_20241231.nc
97_dat,2024-03-21,5,4.395489379763603,MY,5.078224182128906,0.07822418212890625,1,thetao_MY_20240101_20241231.nc
97_dat,2024-03-21,10,4.509750679135323,MY,9.572997093200684,0.4270029067993164,1,thetao_MY_20240101_20241231.nc
97_dat,2024-03-21,15,4.733146168291569,MY,15.810070037841797,0.8100700378417969,1,thetao_MY_20240101_20241231.nc
97_dat,2024-03-21,20,4.85619679838419,MY,18.495559692382812,1.5044403076171875,1,thetao_MY_20240101_20241231.nc
97_dat,2024-03-21,30,5.524918377399445,MY,29.444730758666992,0.5552692413330078,1,thetao_MY_20240101_20241231.nc
97_dat,2024-03-22,5,4.563219107687473,MY,5.078224182128906,0.07822418212890625,1,thetao_MY_20240101_20241231.nc
97_dat,2024-03-22,10,4.613757759332657,MY,9.572997093200684,0.4270029067993164,1,thetao_MY_20240101_20241231.nc
97_dat,2024-03-22,15,4.804925702512264,MY,15.810070037841797,0.8100700378417969,1,thetao_MY_20240101_20241231.nc
97_dat,2024-03-22,20,4.9265114441514015,MY,18.495559692382812,1.5044403076171875,1,thetao_MY_20240101_20241231.nc
97_dat,2024-03-22,30,5.563005477190018,MY,29.444730758666992,0.5552692413330078,1,thetao_MY_20240101_20241231.nc
97_dat,2024-03-23,5,4.5903195440769196,MY,5.078224182128906,0.07822418212890625,1,thetao_MY_20240101_20241231.nc
97_dat,2024-03-23,10,4.618884868919849,MY,9.572997093200684,0.4270029067993164,1,thetao_MY_20240101_20241231.nc
97_dat,2024-03-23,15,4.810052812099457,MY,15.810070037841797,0.8100700378417969,1,thetao_MY_20240101_20241231.nc
97_dat,2024-03-23,20,4.927243888378143,MY,18.495559692382812,1.5044403076171875,1,thetao_MY_20240101_20241231.nc
97_dat,2024-03-23,30,5.54762414842844,MY,29.444730758666992,0.5552692413330078,1,thetao_MY_20240101_20241231.nc
97_dat,2024-03-24,5,4.658436857163906,MY,5.078224182128906,0.07822418212890625,1,thetao_MY_20240101_20241231.nc
97_dat,2024-03-24,10,4.645985305309296,MY,9.572997093200684,0.4270029067993164,1,thetao_MY_20240101_20241231.nc
97_dat,2024-03-24,15,4.789544373750687,MY,15.810070037841797,0.8100700378417969,1,thetao_MY_20240101_20241231.nc
97_dat,2024-03-24,20,4.910397671163082,MY,18.495559692382812,1.5044403076171875,1,thetao_MY_20240101_20241231.nc
97_dat,2024-03-24,30,5.5146641582250595,MY,29.444730758666992,0.5552692413330078,1,thetao_MY_20240101_20241231.nc
97_dat,2024-03-25,5,4.823969252407551,MY,5.078224182128906,0.07822418212890625,1,thetao_MY_20240101_20241231.nc
97_dat,2024-03-25,10,4.799798592925072,MY,9.572997093200684,0.4270029067993164,1,thetao_MY_20240101_20241231.nc
97_dat,2024-03-25,15,4.892819009721279,MY,15.810070037841797,0.8100700378417969,1,thetao_MY_20240101_20241231.nc
97_dat,2024-03-25,20,5.0209967494010925,MY,18.495559692382812,1.5044403076171875,1,thetao_MY_20240101_20241231.nc
97_dat,2024-03-25,30,5.531510375440121,MY,29.444730758666992,0.5552692413330078,1,thetao_MY_20240101_20241231.nc
97_dat,2024-03-26,5,4.923581667244434,MY,5.078224182128906,0.07822418212890625,1,thetao_MY_20240101_20241231.nc
97_dat,2024-03-26,10,4.959471434354782,MY,9.572997093200684,0.4270029067993164,1,thetao_MY_20240101_20241231.nc
97_dat,2024-03-26,15,5.059083849191666,MY,15.810070037841797,0.8100700378417969,1,thetao_MY_20240101_20241231.nc
97_dat,2024-03-26,20,5.162358485162258,MY,18.495559692382812,1.5044403076171875,1,thetao_MY_20240101_20241231.nc
97_dat,2024-03-26,30,5.615741461515427,MY,29.444730758666992,0.5552692413330078,1,thetao_MY_20240101_20241231.nc
97_dat,2024-03-27,5,5.14258249104023,MY,5.078224182128906,0.07822418212890625,1,thetao_MY_20240101_20241231.nc
97_dat,2024-03-27,10,5.161626040935516,MY,9.572997093200684,0.4270029067993164,1,thetao_MY_20240101_20241231.nc
97_dat,2024-03-27,15,5.250984236598015,MY,15.810070037841797,0.8100700378417969,1,thetao_MY_20240101_20241231.nc
97_dat,2024-03-27,20,5.335215322673321,MY,18.495559692382812,1.5044403076171875,1,thetao_MY_20240101_20241231.nc
97_dat,2024-03-27,30,5.730735205113888,MY,29.444730758666992,0.5552692413330078,1,thetao_MY_20240101_20241231.nc
97_dat,2024-03-28,5,5.292001113295555,MY,5.078224182128906,0.07822418212890625,1,thetao_MY_20240101_20241231.nc
97_dat,2024-03-28,10,5.3103122189641,MY,9.572997093200684,0.4270029067993164,1,thetao_MY_20240101_20241231.nc
97_dat,2024-03-28,15,5.412854410707951,MY,15.810070037841797,0.8100700378417969,1,thetao_MY_20240101_20241231.nc
97_dat,2024-03-28,20,5.458265952765942,MY,18.495559692382812,1.5044403076171875,1,thetao_MY_20240101_20241231.nc
97_dat,2024-03-28,30,5.828150287270546,MY,29.444730758666992,0.5552692413330078,1,thetao_MY_20240101_20241231.nc
97_dat,2024-03-29,5,5.239997573196888,MY,5.078224182128906,0.07822418212890625,1,thetao_MY_20240101_20241231.nc
97_dat,2024-03-29,10,5.2612384557724,MY,9.572997093200684,0.4270029067993164,1,thetao_MY_20240101_20241231.nc
97_dat,2024-03-29,15,5.368175312876701,MY,15.810070037841797,0.8100700378417969,1,thetao_MY_20240101_20241231.nc
97_dat,2024-03-29,20,5.4201788529753685,MY,18.495559692382812,1.5044403076171875,1,thetao_MY_20240101_20241231.nc
97_dat,2024-03-29,30,5.817896068096161,MY,29.444730758666992,0.5552692413330078,1,thetao_MY_20240101_20241231.nc
97_dat,2024-03-30,5,5.471449948847294,MY,5.078224182128906,0.07822418212890625,1,thetao_MY_20240101_20241231.nc
97_dat,2024-03-30,10,5.333017989993095,MY,9.572997093200684,0.4270029067993164,1,thetao_MY_20240101_20241231.nc
97_dat,2024-03-30,15,5.38795130699873,MY,15.810070037841797,0.8100700378417969,1,thetao_MY_20240101_20241231.nc
97_dat,2024-03-30,20,5.444349512457848,MY,18.495559692382812,1.5044403076171875,1,thetao_MY_20240101_20241231.nc
97_dat,2024-03-30,30,5.809106737375259,MY,29.444730758666992,0.5552692413330078,1,thetao_MY_20240101_20241231.nc
97_dat,2024-03-31,5,5.730002760887146,MY,5.078224182128906,0.07822418212890625,1,thetao_MY_20240101_20241231.nc
97_dat,2024-03-31,10,5.538834817707539,MY,9.572997093200684,0.4270029067993164,1,thetao_MY_20240101_20241231.nc
97_dat,2024-03-31,15,5.541764594614506,MY,15.810070037841797,0.8100700378417969,1,thetao_MY_20240101_20241231.nc
97_dat,2024-03-31,20,5.59669791162014,MY,18.495559692382812,1.5044403076171875,1,thetao_MY_20240101_20241231.nc
97_dat,2024-03-31,30,5.851588502526283,MY,29.444730758666992,0.5552692413330078,1,thetao_MY_20240101_20241231.nc
97_dat,2024-04-01,5,5.898464933037758,MY,5.078224182128906,0.07822418212890625,1,thetao_MY_20240101_20241231.nc
97_dat,2024-04-01,10,5.763695195317268,MY,9.572997093200684,0.4270029067993164,1,thetao_MY_20240101_20241231.nc
97_dat,2024-04-01,15,5.741721868515015,MY,15.810070037841797,0.8100700378417969,1,thetao_MY_20240101_20241231.nc
97_dat,2024-04-01,20,5.782006300985813,MY,18.495559692382812,1.5044403076171875,1,thetao_MY_20240101_20241231.nc
97_dat,2024-04-01,30,5.949736028909683,MY,29.444730758666992,0.5552692413330078,1,thetao_MY_20240101_20241231.nc
97_dat,2024-04-02,5,6.044221334159374,MY,5.078224182128906,0.07822418212890625,1,thetao_MY_20240101_20241231.nc
97_dat,2024-04-02,10,5.983428463339806,MY,9.572997093200684,0.4270029067993164,1,thetao_MY_20240101_20241231.nc
97_dat,2024-04-02,15,5.9416791424155235,MY,15.810070037841797,0.8100700378417969,1,thetao_MY_20240101_20241231.nc
97_dat,2024-04-02,20,5.962187580764294,MY,18.495559692382812,1.5044403076171875,1,thetao_MY_20240101_20241231.nc
97_dat,2024-04-02,30,6.054475553333759,MY,29.444730758666992,0.5552692413330078,1,thetao_MY_20240101_20241231.nc
97_dat,2024-04-03,5,6.198767066001892,MY,5.078224182128906,0.07822418212890625,1,thetao_MY_20240101_20241231.nc
97_dat,2024-04-03,10,6.167271964251995,MY,9.572997093200684,0.4270029067993164,1,thetao_MY_20240101_20241231.nc
97_dat,2024-04-03,15,6.1306497529149055,MY,15.810070037841797,0.8100700378417969,1,thetao_MY_20240101_20241231.nc
97_dat,2024-04-03,20,6.11600086838007,MY,18.495559692382812,1.5044403076171875,1,thetao_MY_20240101_20241231.nc
97_dat,2024-04-03,30,6.1658070757985115,MY,29.444730758666992,0.5552692413330078,1,thetao_MY_20240101_20241231.nc
97_dat,2024-04-04,5,6.419965222477913,MY,5.078224182128906,0.07822418212890625,1,thetao_MY_20240101_20241231.nc
97_dat,2024-04-04,10,6.289590150117874,MY,9.572997093200684,0.4270029067993164,1,thetao_MY_20240101_20241231.nc
97_dat,2024-04-04,15,6.233924388885498,MY,15.810070037841797,0.8100700378417969,1,thetao_MY_20240101_20241231.nc
97_dat,2024-04-04,20,6.207556396722794,MY,18.495559692382812,1.5044403076171875,1,thetao_MY_20240101_20241231.nc
97_dat,2024-04-04,30,6.233924388885498,MY,29.444730758666992,0.5552692413330078,1,thetao_MY_20240101_20241231.nc
97_dat,2024-04-05,5,6.535691410303116,MY,5.078224182128906,0.07822418212890625,1,thetao_MY_20240101_20241231.nc
97_dat,2024-04-05,10,6.391399897634983,MY,9.572997093200684,0.4270029067993164,1,thetao_MY_20240101_20241231.nc
97_dat,2024-04-05,15,6.296914592385292,MY,15.810070037841797,0.8100700378417969,1,thetao_MY_20240101_20241231.nc
97_dat,2024-04-05,20,6.274941265583038,MY,18.495559692382812,1.5044403076171875,1,thetao_MY_20240101_20241231.nc
97_dat,2024-04-05,30,6.27567370980978,MY,29.444730758666992,0.5552692413330078,1,thetao_MY_20240101_20241231.nc
97_dat,2024-04-06,5,6.671193592250347,MY,5.078224182128906,0.07822418212890625,1,thetao_MY_20240101_20241231.nc
97_dat,2024-04-06,10,6.506393641233444,MY,9.572997093200684,0.4270029067993164,1,thetao_MY_20240101_20241231.nc
97_dat,2024-04-06,15,6.383343011140823,MY,15.810070037841797,0.8100700378417969,1,thetao_MY_20240101_20241231.nc
97_dat,2024-04-06,20,6.350383020937443,MY,18.495559692382812,1.5044403076171875,1,thetao_MY_20240101_20241231.nc
97_dat,2024-04-06,30,6.319620363414288,MY,29.444730758666992,0.5552692413330078,1,thetao_MY_20240101_20241231.nc
97_dat,2024-04-07,5,6.869685977697372,MY,5.078224182128906,0.07822418212890625,1,thetao_MY_20240101_20241231.nc
97_dat,2024-04-07,10,6.629444271326065,MY,9.572997093200684,0.4270029067993164,1,thetao_MY_20240101_20241231.nc
97_dat,2024-04-07,15,6.476363427937031,MY,15.810070037841797,0.8100700378417969,1,thetao_MY_20240101_20241231.nc
97_dat,2024-04-07,20,6.423627443611622,MY,18.495559692382812,1.5044403076171875,1,thetao_MY_20240101_20241231.nc
97_dat,2024-04-07,30,6.367229238152504,MY,29.444730758666992,0.5552692413330078,1,thetao_MY_20240101_20241231.nc
97_dat,2024-04-08,5,7.123111680150032,MY,5.078224182128906,0.07822418212890625,1,thetao_MY_20240101_20241231.nc
97_dat,2024-04-08,10,6.751030012965202,MY,9.572997093200684,0.4270029067993164,1,thetao_MY_20240101_20241231.nc
97_dat,2024-04-08,15,6.558397181332111,MY,15.810070037841797,0.8100700378417969,1,thetao_MY_20240101_20241231.nc
97_dat,2024-04-08,20,6.488814979791641,MY,18.495559692382812,1.5044403076171875,1,thetao_MY_20240101_20241231.nc
97_dat,2024-04-08,30,6.405316337943077,MY,29.444730758666992,0.5552692413330078,1,thetao_MY_20240101_20241231.nc
97_dat,2024-04-09,5,6.948057509958744,MY,5.078224182128906,0.07822418212890625,1,thetao_MY_20240101_20241231.nc
97_dat,2024-04-09,10,6.688039809465408,MY,9.572997093200684,0.4270029067993164,1,thetao_MY_20240101_20241231.nc
97_dat,2024-04-09,15,6.50053408741951,MY,15.810070037841797,0.8100700378417969,1,thetao_MY_20240101_20241231.nc
97_dat,2024-04-09,20,6.462446987628937,MY,18.495559692382812,1.5044403076171875,1,thetao_MY_20240101_20241231.nc
97_dat,2024-04-09,30,6.406048782169819,MY,29.444730758666992,0.5552692413330078,1,thetao_MY_20240101_20241231.nc
97_dat,2024-04-10,5,6.851374872028828,MY,5.078224182128906,0.07822418212890625,1,thetao_MY_20240101_20241231.nc
97_dat,2024-04-10,10,6.679250478744507,MY,9.572997093200684,0.4270029067993164,1,thetao_MY_20240101_20241231.nc
97_dat,2024-04-10,15,6.530564300715923,MY,15.810070037841797,0.8100700378417969,1,thetao_MY_20240101_20241231.nc
97_dat,2024-04-10,20,6.4983367547392845,MY,18.495559692382812,1.5044403076171875,1,thetao_MY_20240101_20241231.nc
97_dat,2024-04-10,30,6.43095188587904,MY,29.444730758666992,0.5552692413330078,1,thetao_MY_20240101_20241231.nc
97_dat,2024-04-11,5,6.918027296662331,MY,5.078224182128906,0.07822418212890625,1,thetao_MY_20240101_20241231.nc
97_dat,2024-04-11,10,6.755424678325653,MY,9.572997093200684,0.4270029067993164,1,thetao_MY_20240101_20241231.nc
97_dat,2024-04-11,15,6.6067385002970695,MY,15.810070037841797,0.8100700378417969,1,thetao_MY_20240101_20241231.nc
97_dat,2024-04-11,20,6.559129625558853,MY,18.495559692382812,1.5044403076171875,1,thetao_MY_20240101_20241231.nc
97_dat,2024-04-11,30,6.478560760617256,MY,29.444730758666992,0.5552692413330078,1,thetao_MY_20240101_20241231.nc
97_dat,2024-04-12,5,7.019104599952698,MY,5.078224182128906,0.07822418212890625,1,thetao_MY_20240101_20241231.nc
97_dat,2024-04-12,10,6.804498441517353,MY,9.572997093200684,0.4270029067993164,1,thetao_MY_20240101_20241231.nc
97_dat,2024-04-12,15,6.6594744846224785,MY,15.810070037841797,0.8100700378417969,1,thetao_MY_20240101_20241231.nc
97_dat,2024-04-12,20,6.605273611843586,MY,18.495559692382812,1.5044403076171875,1,thetao_MY_20240101_20241231.nc
97_dat,2024-04-12,30,6.515182971954346,MY,29.444730758666992,0.5552692413330078,1,thetao_MY_20240101_20241231.nc
97_dat,2024-04-13,5,7.2022156566381454,MY,5.078224182128906,0.07822418212890625,1,thetao_MY_20240101_20241231.nc
97_dat,2024-04-13,10,6.910702854394913,MY,9.572997093200684,0.4270029067993164,1,thetao_MY_20240101_20241231.nc
97_dat,2024-04-13,15,6.741508238017559,MY,15.810070037841797,0.8100700378417969,1,thetao_MY_20240101_20241231.nc
97_dat,2024-04-13,20,6.6770531460642815,MY,18.495559692382812,1.5044403076171875,1,thetao_MY_20240101_20241231.nc
97_dat,2024-04-13,30,6.55766473710537,MY,29.444730758666992,0.5552692413330078,1,thetao_MY_20240101_20241231.nc
97_dat,2024-04-14,5,7.342844948172569,MY,5.078224182128906,0.07822418212890625,1,thetao_MY_20240101_20241231.nc
97_dat,2024-04-14,10,6.989074386656284,MY,9.572997093200684,0.4270029067993164,1,thetao_MY_20240101_20241231.nc
97_dat,2024-04-14,15,6.812555328011513,MY,15.810070037841797,0.8100700378417969,1,thetao_MY_20240101_20241231.nc
97_dat,2024-04-14,20,6.737113572657108,MY,18.495559692382812,1.5044403076171875,1,thetao_MY_20240101_20241231.nc
97_dat,2024-04-14,30,6.59868161380291,MY,29.444730758666992,0.5552692413330078,1,thetao_MY_20240101_20241231.nc
97_dat,2024-04-15,5,7.4820093512535095,MY,5.078224182128906,0.07822418212890625,1,thetao_MY_20240101_20241231.nc
97_dat,2024-04-15,10,7.077700138092041,MY,9.572997093200684,0.4270029067993164,1,thetao_MY_20240101_20241231.nc
97_dat,2024-04-15,15,6.875545531511307,MY,15.810070037841797,0.8100700378417969,1,thetao_MY_20240101_20241231.nc
97_dat,2024-04-15,20,6.787652224302292,MY,18.495559692382812,1.5044403076171875,1,thetao_MY_20240101_20241231.nc
97_dat,2024-04-15,30,6.630909159779549,MY,29.444730758666992,0.5552692413330078,1,thetao_MY_20240101_20241231.nc
97_dat,2024-04-16,5,8.147801153361797,MY,5.078224182128906,0.07822418212890625,1,thetao_MY_20240101_20241231.nc
97_dat,2024-04-16,10,7.350901834666729,MY,9.572997093200684,0.4270029067993164,1,thetao_MY_20240101_20241231.nc
97_dat,2024-04-16,15,7.002990826964378,MY,15.810070037841797,0.8100700378417969,1,thetao_MY_20240101_20241231.nc
97_dat,2024-04-16,20,6.904110856354237,MY,18.495559692382812,1.5044403076171875,1,thetao_MY_20240101_20241231.nc
97_dat,2024-04-16,30,6.661671817302704,MY,29.444730758666992,0.5552692413330078,1,thetao_MY_20240101_20241231.nc
97_dat,2024-04-17,5,8.481795720756054,MY,5.078224182128906,0.07822418212890625,1,thetao_MY_20240101_20241231.nc
97_dat,2024-04-17,10,7.517899118363857,MY,9.572997093200684,0.4270029067993164,1,thetao_MY_20240101_20241231.nc
97_dat,2024-04-17,15,7.066713474690914,MY,15.810070037841797,0.8100700378417969,1,thetao_MY_20240101_20241231.nc
97_dat,2024-04-17,20,6.967101059854031,MY,18.495559692382812,1.5044403076171875,1,thetao_MY_20240101_20241231.nc
97_dat,2024-04-17,30,6.6873073652386665,MY,29.444730758666992,0.5552692413330078,1,thetao_MY_20240101_20241231.nc
97_dat,2024-04-18,5,8.338236652314663,MY,5.078224182128906,0.07822418212890625,1,thetao_MY_20240101_20241231.nc
97_dat,2024-04-18,10,7.398510709404945,MY,9.572997093200684,0.4270029067993164,1,thetao_MY_20240101_20241231.nc
97_dat,2024-04-18,15,7.038148149847984,MY,15.810070037841797,0.8100700378417969,1,thetao_MY_20240101_20241231.nc
97_dat,2024-04-18,20,6.927549071609974,MY,18.495559692382812,1.5044403076171875,1,thetao_MY_20240101_20241231.nc
97_dat,2024-04-18,30,6.693899363279343,MY,29.444730758666992,0.5552692413330078,1,thetao_MY_20240101_20241231.nc
97_dat,2024-04-19,5,8.053315848112106,MY,5.078224182128906,0.07822418212890625,1,thetao_MY_20240101_20241231.nc
97_dat,2024-04-19,10,7.281319633126259,MY,9.572997093200684,0.4270029067993164,1,thetao_MY_20240101_20241231.nc
97_dat,2024-04-19,15,6.953917063772678,MY,15.810070037841797,0.8100700378417969,1,thetao_MY_20240101_20241231.nc
97_dat,2024-04-19,20,6.860896646976471,MY,18.495559692382812,1.5044403076171875,1,thetao_MY_20240101_20241231.nc
97_dat,2024-04-19,30,6.67632070183754,MY,29.444730758666992,0.5552692413330078,1,thetao_MY_20240101_20241231.nc
97_dat,2024-04-20,5,7.695150621235371,MY,5.078224182128906,0.07822418212890625,1,thetao_MY_20240101_20241231.nc
97_dat,2024-04-20,10,7.132633455097675,MY,9.572997093200684,0.4270029067993164,1,thetao_MY_20240101_20241231.nc
97_dat,2024-04-20,15,6.8308664336800575,MY,15.810070037841797,0.8100700378417969,1,thetao_MY_20240101_20241231.nc
97_dat,2024-04-20,20,6.787652224302292,MY,18.495559692382812,1.5044403076171875,1,thetao_MY_20240101_20241231.nc
97_dat,2024-04-20,30,6.6067385002970695,MY,29.444730758666992,0.5552692413330078,1,thetao_MY_20240101_20241231.nc
97_dat,2024-04-21,5,7.386059157550335,MY,5.078224182128906,0.07822418212890625,1,thetao_MY_20240101_20241231.nc
97_dat,2024-04-21,10,7.080629914999008,MY,9.572997093200684,0.4270029067993164,1,thetao_MY_20240101_20241231.nc
97_dat,2024-04-21,15,6.818414881825447,MY,15.810070037841797,0.8100700378417969,1,thetao_MY_20240101_20241231.nc
97_dat,2024-04-21,20,6.756157122552395,MY,18.495559692382812,1.5044403076171875,1,thetao_MY_20240101_20241231.nc
97_dat,2024-04-21,30,6.558397181332111,MY,29.444730758666992,0.5552692413330078,1,thetao_MY_20240101_20241231.nc
97_dat,2024-04-22,5,7.377269826829433,MY,5.078224182128906,0.07822418212890625,1,thetao_MY_20240101_20241231.nc
97_dat,2024-04-22,10,7.099673464894295,MY,9.572997093200684,0.4270029067993164,1,thetao_MY_20240101_20241231.nc
97_dat,2024-04-22,15,6.82793665677309,MY,15.810070037841797,0.8100700378417969,1,thetao_MY_20240101_20241231.nc
97_dat,2024-04-22,20,6.754692234098911,MY,18.495559692382812,1.5044403076171875,1,thetao_MY_20240101_20241231.nc
97_dat,2024-04-22,30,6.5474105179309845,MY,29.444730758666992,0.5552692413330078,1,thetao_MY_20240101_20241231.nc
97_dat,2024-04-23,5,7.805749699473381,MY,5.078224182128906,0.07822418212890625,1,thetao_MY_20240101_20241231.nc
97_dat,2024-04-23,10,7.329660952091217,MY,9.572997093200684,0.4270029067993164,1,thetao_MY_20240101_20241231.nc
97_dat,2024-04-23,15,6.937803290784359,MY,15.810070037841797,0.8100700378417969,1,thetao_MY_20240101_20241231.nc
97_dat,2024-04-23,20,6.837458431720734,MY,18.495559692382812,1.5044403076171875,1,thetao_MY_20240101_20241231.nc
97_dat,2024-04-23,30,6.564256735146046,MY,29.444730758666992,0.5552692413330078,1,thetao_MY_20240101_20241231.nc
97_dat,2024-04-24,5,7.914883889257908,MY,5.078224182128906,0.07822418212890625,1,thetao_MY_20240101_20241231.nc
97_dat,2024-04-24,10,7.825525693595409,MY,9.572997093200684,0.4270029067993164,1,thetao_MY_20240101_20241231.nc
97_dat,2024-04-24,15,7.534012891352177,MY,15.810070037841797,0.8100700378417969,1,thetao_MY_20240101_20241231.nc
97_dat,2024-04-24,20,7.405835151672363,MY,18.495559692382812,1.5044403076171875,1,thetao_MY_20240101_20241231.nc
97_dat,2024-04-24,30,6.692434474825859,MY,29.444730758666992,0.5552692413330078,1,thetao_MY_20240101_20241231.nc
97_dat,2024-04-25,5,7.7969603687524796,MY,5.078224182128906,0.07822418212890625,1,thetao_MY_20240101_20241231.nc
97_dat,2024-04-25,10,7.782311484217644,MY,9.572997093200684,0.4270029067993164,1,thetao_MY_20240101_20241231.nc
97_dat,2024-04-25,15,7.655598632991314,MY,15.810070037841797,0.8100700378417969,1,thetao_MY_20240101_20241231.nc
97_dat,2024-04-25,20,7.650471523404121,MY,18.495559692382812,1.5044403076171875,1,thetao_MY_20240101_20241231.nc
97_dat,2024-04-25,30,6.710013136267662,MY,29.444730758666992,0.5552692413330078,1,thetao_MY_20240101_20241231.nc
97_dat,2024-04-26,5,7.587481319904327,MY,5.078224182128906,0.07822418212890625,1,thetao_MY_20240101_20241231.nc
97_dat,2024-04-26,10,7.518631562590599,MY,9.572997093200684,0.4270029067993164,1,thetao_MY_20240101_20241231.nc
97_dat,2024-04-26,15,7.524491116404533,MY,15.810070037841797,0.8100700378417969,1,thetao_MY_20240101_20241231.nc
97_dat,2024-04-26,20,7.484939128160477,MY,18.495559692382812,1.5044403076171875,1,thetao_MY_20240101_20241231.nc
97_dat,2024-04-26,30,6.303506590425968,MY,29.444730758666992,0.5552692413330078,1,thetao_MY_20240101_20241231.nc
97_dat,2024-04-27,5,7.529618225991726,MY,5.078224182128906,0.07822418212890625,1,thetao_MY_20240101_20241231.nc
97_dat,2024-04-27,10,7.368480496108532,MY,9.572997093200684,0.4270029067993164,1,thetao_MY_20240101_20241231.nc
97_dat,2024-04-27,15,7.3911862671375275,MY,15.810070037841797,0.8100700378417969,1,thetao_MY_20240101_20241231.nc
97_dat,2024-04-27,20,7.258613862097263,MY,18.495559692382812,1.5044403076171875,1,thetao_MY_20240101_20241231.nc
97_dat,2024-04-27,30,6.086703099310398,MY,29.444730758666992,0.5552692413330078,1,thetao_MY_20240101_20241231.nc
97_dat,2024-04-28,5,7.649006634950638,MY,5.078224182128906,0.07822418212890625,1,thetao_MY_20240101_20241231.nc
97_dat,2024-04-28,10,7.479079574346542,MY,9.572997093200684,0.4270029067993164,1,thetao_MY_20240101_20241231.nc
97_dat,2024-04-28,15,7.309884957969189,MY,15.810070037841797,0.8100700378417969,1,thetao_MY_20240101_20241231.nc
97_dat,2024-04-28,20,7.059389032423496,MY,18.495559692382812,1.5044403076171875,1,thetao_MY_20240101_20241231.nc
97_dat,2024-04-28,30,6.044953778386116,MY,29.444730758666992,0.5552692413330078,1,thetao_MY_20240101_20241231.nc
97_dat,2024-04-29,5,7.999847419559956,MY,5.078224182128906,0.07822418212890625,1,thetao_MY_20240101_20241231.nc
97_dat,2024-04-29,10,7.726645722985268,MY,9.572997093200684,0.4270029067993164,1,thetao_MY_20240101_20241231.nc
97_dat,2024-04-29,15,7.4051027074456215,MY,15.810070037841797,0.8100700378417969,1,thetao_MY_20240101_20241231.nc
97_dat,2024-04-29,20,7.09381391108036,MY,18.495559692382812,1.5044403076171875,1,thetao_MY_20240101_20241231.nc
97_dat,2024-04-29,30,6.16507463157177,MY,29.444730758666992,0.5552692413330078,1,thetao_MY_20240101_20241231.nc
97_dat,2024-04-30,5,8.673696108162403,MY,5.078224182128906,0.07822418212890625,1,thetao_MY_20240101_20241231.nc
97_dat,2024-04-30,10,8.003509640693665,MY,9.572997093200684,0.4270029067993164,1,thetao_MY_20240101_20241231.nc
97_dat,2024-04-30,15,7.654866188764572,MY,15.810070037841797,0.8100700378417969,1,thetao_MY_20240101_20241231.nc
97_dat,2024-04-30,20,7.380932047963142,MY,18.495559692382812,1.5044403076171875,1,thetao_MY_20240101_20241231.nc
97_dat,2024-04-30,30,6.350383020937443,MY,29.444730758666992,0.5552692413330078,1,thetao_MY_20240101_20241231.nc
97_dat,2024-05-01,5,8.533799260854721,MY,5.078224182128906,0.07822418212890625,1,thetao_MY_20240101_20241231.nc
97_dat,2024-05-01,10,7.998382531106472,MY,9.572997093200684,0.4270029067993164,1,thetao_MY_20240101_20241231.nc
97_dat,2024-05-01,15,7.420484036207199,MY,15.810070037841797,0.8100700378417969,1,thetao_MY_20240101_20241231.nc
97_dat,2024-05-01,20,7.145085006952286,MY,18.495559692382812,1.5044403076171875,1,thetao_MY_20240101_20241231.nc
97_dat,2024-05-01,30,6.405316337943077,MY,29.444730758666992,0.5552692413330078,1,thetao_MY_20240101_20241231.nc
97_dat,2024-05-02,5,8.801873847842216,MY,5.078224182128906,0.07822418212890625,1,thetao_MY_20240101_20241231.nc
97_dat,2024-05-02,10,8.096530057489872,MY,9.572997093200684,0.4270029067993164,1,thetao_MY_20240101_20241231.nc
97_dat,2024-05-02,15,7.458571135997772,MY,15.810070037841797,0.8100700378417969,1,thetao_MY_20240101_20241231.nc
97_dat,2024-05-02,20,7.190496549010277,MY,18.495559692382812,1.5044403076171875,1,thetao_MY_20240101_20241231.nc
97_dat,2024-05-02,30,6.516647860407829,MY,29.444730758666992,0.5552692413330078,1,thetao_MY_20240101_20241231.nc
97_dat,2024-05-03,5,8.935178697109222,MY,5.078224182128906,0.07822418212890625,1,thetao_MY_20240101_20241231.nc
97_dat,2024-05-03,10,7.998382531106472,MY,9.572997093200684,0.4270029067993164,1,thetao_MY_20240101_20241231.nc
97_dat,2024-05-03,15,7.36774805188179,MY,15.810070037841797,0.8100700378417969,1,thetao_MY_20240101_20241231.nc
97_dat,2024-05-03,20,7.14288767427206,MY,18.495559692382812,1.5044403076171875,1,thetao_MY_20240101_20241231.nc
97_dat,2024-05-03,30,6.559862069785595,MY,29.444730758666992,0.5552692413330078,1,thetao_MY_20240101_20241231.nc
97_dat,2024-05-04,5,8.80773340165615,MY,5.078224182128906,0.07822418212890625,1,thetao_MY_20240101_20241231.nc
97_dat,2024-05-04,10,7.911954112350941,MY,9.572997093200684,0.4270029067993164,1,thetao_MY_20240101_20241231.nc
97_dat,2024-05-04,15,7.304757848381996,MY,15.810070037841797,0.8100700378417969,1,thetao_MY_20240101_20241231.nc
97_dat,2024-05-04,20,7.119449459016323,MY,18.495559692382812,1.5044403076171875,1,thetao_MY_20240101_20241231.nc
97_dat,2024-05-04,30,6.573046065866947,MY,29.444730758666992,0.5552692413330078,1,thetao_MY_20240101_20241231.nc
97_dat,2024-05-05,5,9.316049695014954,MY,5.078224182128906,0.07822418212890625,1,thetao_MY_20240101_20241231.nc
97_dat,2024-05-05,10,8.021088302135468,MY,9.572997093200684,0.4270029067993164,1,thetao_MY_20240101_20241231.nc
97_dat,2024-05-05,15,7.446119584143162,MY,15.810070037841797,0.8100700378417969,1,thetao_MY_20240101_20241231.nc
97_dat,2024-05-05,20,7.24909208714962,MY,18.495559692382812,1.5044403076171875,1,thetao_MY_20240101_20241231.nc
97_dat,2024-05-05,30,6.6382336020469666,MY,29.444730758666992,0.5552692413330078,1,thetao_MY_20240101_20241231.nc
97_dat,2024-05-06,5,9.553361624479294,MY,5.078224182128906,0.07822418212890625,1,thetao_MY_20240101_20241231.nc
97_dat,2024-05-06,10,8.084078505635262,MY,9.572997093200684,0.4270029067993164,1,thetao_MY_20240101_20241231.nc
97_dat,2024-05-06,15,7.510574676096439,MY,15.810070037841797,0.8100700378417969,1,thetao_MY_20240101_20241231.nc
97_dat,2024-05-06,20,7.317209400236607,MY,18.495559692382812,1.5044403076171875,1,thetao_MY_20240101_20241231.nc
97_dat,2024-05-06,30,6.662404261529446,MY,29.444730758666992,0.5552692413330078,1,thetao_MY_20240101_20241231.nc
97_dat,2024-05-07,5,9.561418510973454,MY,5.078224182128906,0.07822418212890625,1,thetao_MY_20240101_20241231.nc
97_dat,2024-05-07,10,8.076021619141102,MY,9.572997093200684,0.4270029067993164,1,thetao_MY_20240101_20241231.nc
97_dat,2024-05-07,15,7.512039564549923,MY,15.810070037841797,0.8100700378417969,1,thetao_MY_20240101_20241231.nc
97_dat,2024-05-07,20,7.332590728998184,MY,18.495559692382812,1.5044403076171875,1,thetao_MY_20240101_20241231.nc
97_dat,2024-05-07,30,6.64775537699461,MY,29.444730758666992,0.5552692413330078,1,thetao_MY_20240101_20241231.nc
97_dat,2024-05-08,5,8.42686240375042,MY,5.078224182128906,0.07822418212890625,1,thetao_MY_20240101_20241231.nc
97_dat,2024-05-08,10,7.820398584008217,MY,9.572997093200684,0.4270029067993164,1,thetao_MY_20240101_20241231.nc
97_dat,2024-05-08,15,7.336985394358635,MY,15.810070037841797,0.8100700378417969,1,thetao_MY_20240101_20241231.nc
97_dat,2024-05-08,20,7.169255666434765,MY,18.495559692382812,1.5044403076171875,1,thetao_MY_20240101_20241231.nc
97_dat,2024-05-08,30,6.490279868245125,MY,29.444730758666992,0.5552692413330078,1,thetao_MY_20240101_20241231.nc
97_dat,2024-05-09,5,8.957884468138218,MY,5.078224182128906,0.07822418212890625,1,thetao_MY_20240101_20241231.nc
97_dat,2024-05-09,10,8.178563810884953,MY,9.572997093200684,0.4270029067993164,1,thetao_MY_20240101_20241231.nc
97_dat,2024-05-09,15,7.616779088973999,MY,15.810070037841797,0.8100700378417969,1,thetao_MY_20240101_20241231.nc
97_dat,2024-05-09,20,7.443189807236195,MY,18.495559692382812,1.5044403076171875,1,thetao_MY_20240101_20241231.nc
97_dat,2024-05-09,30,6.5437482967972755,MY,29.444730758666992,0.5552692413330078,1,thetao_MY_20240101_20241231.nc
97_dat,2024-05-10,5,9.28968170285225,MY,5.078224182128906,0.07822418212890625,1,thetao_MY_20240101_20241231.nc
97_dat,2024-05-10,10,8.432721957564354,MY,9.572997093200684,0.4270029067993164,1,thetao_MY_20240101_20241231.nc
97_dat,2024-05-10,15,7.823328360915184,MY,15.810070037841797,0.8100700378417969,1,thetao_MY_20240101_20241231.nc
97_dat,2024-05-10,20,7.6292306408286095,MY,18.495559692382812,1.5044403076171875,1,thetao_MY_20240101_20241231.nc
97_dat,2024-05-10,30,6.5964842811226845,MY,29.444730758666992,0.5552692413330078,1,thetao_MY_20240101_20241231.nc
97_dat,2024-05-11,5,9.713034465909004,MY,5.078224182128906,0.07822418212890625,1,thetao_MY_20240101_20241231.nc
97_dat,2024-05-11,10,8.665639221668243,MY,9.572997093200684,0.4270029067993164,1,thetao_MY_20240101_20241231.nc
97_dat,2024-05-11,15,7.993987865746021,MY,15.810070037841797,0.8100700378417969,1,thetao_MY_20240101_20241231.nc
97_dat,2024-05-11,20,7.766930155456066,MY,18.495559692382812,1.5044403076171875,1,thetao_MY_20240101_20241231.nc
97_dat,2024-05-11,30,6.595019392669201,MY,29.444730758666992,0.5552692413330078,1,thetao_MY_20240101_20241231.nc
97_dat,2024-05-12,5,10.350260943174362,MY,5.078224182128906,0.07822418212890625,1,thetao_MY_20240101_20241231.nc
97_dat,2024-05-12,10,9.133671082556248,MY,9.572997093200684,0.4270029067993164,1,thetao_MY_20240101_20241231.nc
97_dat,2024-05-12,15,8.295754887163639,MY,15.810070037841797,0.8100700378417969,1,thetao_MY_20240101_20241231.nc
97_dat,2024-05-12,20,8.060640290379524,MY,18.495559692382812,1.5044403076171875,1,thetao_MY_20240101_20241231.nc
97_dat,2024-05-12,30,6.654347375035286,MY,29.444730758666992,0.5552692413330078,1,thetao_MY_20240101_20241231.nc
97_dat,2024-05-13,5,10.404461815953255,MY,5.078224182128906,0.07822418212890625,1,thetao_MY_20240101_20241231.nc
97_dat,2024-05-13,10,9.231086164712906,MY,9.572997093200684,0.4270029067993164,1,thetao_MY_20240101_20241231.nc
97_dat,2024-05-13,15,8.38584552705288,MY,15.810070037841797,0.8100700378417969,1,thetao_MY_20240101_20241231.nc
97_dat,2024-05-13,20,8.123630493879318,MY,18.495559692382812,1.5044403076171875,1,thetao_MY_20240101_20241231.nc
97_dat,2024-05-13,30,6.656544707715511,MY,29.444730758666992,0.5552692413330078,1,thetao_MY_20240101_20241231.nc
97_dat,2024-05-14,5,10.413983590900898,MY,5.078224182128906,0.07822418212890625,1,thetao_MY_20240101_20241231.nc
97_dat,2024-05-14,10,9.209845282137394,MY,9.572997093200684,0.4270029067993164,1,thetao_MY_20240101_20241231.nc
97_dat,2024-05-14,15,8.40269174426794,MY,15.810070037841797,0.8100700378417969,1,thetao_MY_20240101_20241231.nc
97_dat,2024-05-14,20,8.09140294790268,MY,18.495559692382812,1.5044403076171875,1,thetao_MY_20240101_20241231.nc
97_dat,2024-05-14,30,6.5964842811226845,MY,29.444730758666992,0.5552692413330078,1,thetao_MY_20240101_20241231.nc
97_dat,2024-05-15,5,11.1676687002182,MY,5.078224182128906,0.07822418212890625,1,thetao_MY_20240101_20241231.nc
97_dat,2024-05-15,10,9.655171371996403,MY,9.572997093200684,0.4270029067993164,1,thetao_MY_20240101_20241231.nc
97_dat,2024-05-15,15,8.694204546511173,MY,15.810070037841797,0.8100700378417969,1,thetao_MY_20240101_20241231.nc
97_dat,2024-05-15,20,8.395367302000523,MY,18.495559692382812,1.5044403076171875,1,thetao_MY_20240101_20241231.nc
97_dat,2024-05-15,30,6.63969849050045,MY,29.444730758666992,0.5552692413330078,1,thetao_MY_20240101_20241231.nc
97_dat,2024-05-16,5,11.815881840884686,MY,5.078224182128906,0.07822418212890625,1,thetao_MY_20240101_20241231.nc
97_dat,2024-05-16,10,10.628589749336243,MY,9.572997093200684,0.4270029067993164,1,thetao_MY_20240101_20241231.nc
97_dat,2024-05-16,15,9.076540432870388,MY,15.810070037841797,0.8100700378417969,1,thetao_MY_20240101_20241231.nc
97_dat,2024-05-16,20,8.781365409493446,MY,18.495559692382812,1.5044403076171875,1,thetao_MY_20240101_20241231.nc
97_dat,2024-05-16,30,6.721732243895531,MY,29.444730758666992,0.5552692413330078,1,thetao_MY_20240101_20241231.nc
97_dat,2024-05-17,5,12.004120007157326,MY,5.078224182128906,0.07822418212890625,1,thetao_MY_20240101_20241231.nc
97_dat,2024-05-17,10,10.6681417375803,MY,9.572997093200684,0.4270029067993164,1,thetao_MY_20240101_20241231.nc
97_dat,2024-05-17,15,9.036988444626331,MY,15.810070037841797,0.8100700378417969,1,thetao_MY_20240101_20241231.nc
97_dat,2024-05-17,20,8.72130498290062,MY,18.495559692382812,1.5044403076171875,1,thetao_MY_20240101_20241231.nc
97_dat,2024-05-17,30,6.681447811424732,MY,29.444730758666992,0.5552692413330078,1,thetao_MY_20240101_20241231.nc
97_dat,2024-05-18,5,11.614459678530693,MY,5.078224182128906,0.07822418212890625,1,thetao_MY_20240101_20241231.nc
97_dat,2024-05-18,10,9.766502894461155,MY,9.572997093200684,0.4270029067993164,1,thetao_MY_20240101_20241231.nc
97_dat,2024-05-18,15,8.473738834261894,MY,15.810070037841797,0.8100700378417969,1,thetao_MY_20240101_20241231.nc
97_dat,2024-05-18,20,8.029877632856369,MY,18.495559692382812,1.5044403076171875,1,thetao_MY_20240101_20241231.nc
97_dat,2024-05-18,30,6.3269448056817055,MY,29.444730758666992,0.5552692413330078,1,thetao_MY_20240101_20241231.nc
97_dat,2024-05-19,5,11.080507837235928,MY,5.078224182128906,0.07822418212890625,1,thetao_MY_20240101_20241231.nc
97_dat,2024-05-19,10,9.44569232314825,MY,9.572997093200684,0.4270029067993164,1,thetao_MY_20240101_20241231.nc
97_dat,2024-05-19,15,8.078218951821327,MY,15.810070037841797,0.8100700378417969,1,thetao_MY_20240101_20241231.nc
97_dat,2024-05-19,20,7.654866188764572,MY,18.495559692382812,1.5044403076171875,1,thetao_MY_20240101_20241231.nc
97_dat,2024-05-19,30,6.070589326322079,MY,29.444730758666992,0.5552692413330078,1,thetao_MY_20240101_20241231.nc
97_dat,2024-05-20,5,11.420361958444118,MY,5.078224182128906,0.07822418212890625,1,thetao_MY_20240101_20241231.nc
97_dat,2024-05-20,10,9.41273233294487,MY,9.572997093200684,0.4270029067993164,1,thetao_MY_20240101_20241231.nc
97_dat,2024-05-20,15,8.07089450955391,MY,15.810070037841797,0.8100700378417969,1,thetao_MY_20240101_20241231.nc
97_dat,2024-05-20,20,7.648274190723896,MY,18.495559692382812,1.5044403076171875,1,thetao_MY_20240101_20241231.nc
97_dat,2024-05-20,30,5.98928801715374,MY,29.444730758666992,0.5552692413330078,1,thetao_MY_20240101_20241231.nc
97_dat,2024-05-21,5,10.302652068436146,MY,5.078224182128906,0.07822418212890625,1,thetao_MY_20240101_20241231.nc
97_dat,2024-05-21,10,8.820917397737503,MY,9.572997093200684,0.4270029067993164,1,thetao_MY_20240101_20241231.nc
97_dat,2024-05-21,15,7.779381707310677,MY,15.810070037841797,0.8100700378417969,1,thetao_MY_20240101_20241231.nc
97_dat,2024-05-21,20,7.39631337672472,MY,18.495559692382812,1.5044403076171875,1,thetao_MY_20240101_20241231.nc
97_dat,2024-05-21,30,5.875759162008762,MY,29.444730758666992,0.5552692413330078,1,thetao_MY_20240101_20241231.nc
97_dat,2024-05-22,5,10.058015696704388,MY,5.078224182128906,0.07822418212890625,1,thetao_MY_20240101_20241231.nc
97_dat,2024-05-22,10,8.653187669813633,MY,9.572997093200684,0.4270029067993164,1,thetao_MY_20240101_20241231.nc
97_dat,2024-05-22,15,7.683431513607502,MY,15.810070037841797,0.8100700378417969,1,thetao_MY_20240101_20241231.nc
97_dat,2024-05-22,20,7.301828071475029,MY,18.495559692382812,1.5044403076171875,1,thetao_MY_20240101_20241231.nc
97_dat,2024-05-22,30,5.775414302945137,MY,29.444730758666992,0.5552692413330078,1,thetao_MY_20240101_20241231.nc
97_dat,2024-05-23,5,10.002349935472012,MY,5.078224182128906,0.07822418212890625,1,thetao_MY_20240101_20241231.nc
97_dat,2024-05-23,10,8.683950327336788,MY,9.572997093200684,0.4270029067993164,1,thetao_MY_20240101_20241231.nc
97_dat,2024-05-23,15,7.7376323863863945,MY,15.810070037841797,0.8100700378417969,1,thetao_MY_20240101_20241231.nc
97_dat,2024-05-23,20,7.351634278893471,MY,18.495559692382812,1.5044403076171875,1,thetao_MY_20240101_20241231.nc
97_dat,2024-05-23,30,5.776879191398621,MY,29.444730758666992,0.5552692413330078,1,thetao_MY_20240101_20241231.nc
97_dat,2024-05-24,5,9.595110945403576,MY,5.078224182128906,0.07822418212890625,1,thetao_MY_20240101_20241231.nc
97_dat,2024-05-24,10,8.464217059314251,MY,9.572997093200684,0.4270029067993164,1,thetao_MY_20240101_20241231.nc
97_dat,2024-05-24,15,7.5347453355789185,MY,15.810070037841797,0.8100700378417969,1,thetao_MY_20240101_20241231.nc
97_dat,2024-05-24,20,7.169988110661507,MY,18.495559692382812,1.5044403076171875,1,thetao_MY_20240101_20241231.nc
97_dat,2024-05-24,30,5.656758338212967,MY,29.444730758666992,0.5552692413330078,1,thetao_MY_20240101_20241231.nc
97_dat,2024-05-25,5,9.056031994521618,MY,5.078224182128906,0.07822418212890625,1,thetao_MY_20240101_20241231.nc
97_dat,2024-05-25,10,8.12875760346651,MY,9.572997093200684,0.4270029067993164,1,thetao_MY_20240101_20241231.nc
97_dat,2024-05-25,15,7.2337107583880424,MY,15.810070037841797,0.8100700378417969,1,thetao_MY_20240101_20241231.nc
97_dat,2024-05-25,20,6.912167742848396,MY,18.495559692382812,1.5044403076171875,1,thetao_MY_20240101_20241231.nc
97_dat,2024-05-25,30,5.452406398952007,MY,29.444730758666992,0.5552692413330078,1,thetao_MY_20240101_20241231.nc
97_dat,2024-05-26,5,9.00402845442295,MY,5.078224182128906,0.07822418212890625,1,thetao_MY_20240101_20241231.nc
97_dat,2024-05-26,10,8.151463374495506,MY,9.572997093200684,0.4270029067993164,1,thetao_MY_20240101_20241231.nc
97_dat,2024-05-26,15,7.29010896384716,MY,15.810070037841797,0.8100700378417969,1,thetao_MY_20240101_20241231.nc
97_dat,2024-05-26,20,6.9290139600634575,MY,18.495559692382812,1.5044403076171875,1,thetao_MY_20240101_20241231.nc
97_dat,2024-05-26,30,5.387218862771988,MY,29.444730758666992,0.5552692413330078,1,thetao_MY_20240101_20241231.nc
97_dat,2024-05-27,5,9.945951730012894,MY,5.078224182128906,0.07822418212890625,1,thetao_MY_20240101_20241231.nc
97_dat,2024-05-27,10,8.499374382197857,MY,9.572997093200684,0.4270029067993164,1,thetao_MY_20240101_20241231.nc
97_dat,2024-05-27,15,7.559648439288139,MY,15.810070037841797,0.8100700378417969,1,thetao_MY_20240101_20241231.nc
97_dat,2024-05-27,20,7.20807521045208,MY,18.495559692382812,1.5044403076171875,1,thetao_MY_20240101_20241231.nc
97_dat,2024-05-27,30,5.4868312776088715,MY,29.444730758666992,0.5552692413330078,1,thetao_MY_20240101_20241231.nc
97_dat,2024-05-28,5,9.726218461990356,MY,5.078224182128906,0.07822418212890625,1,thetao_MY_20240101_20241231.nc
97_dat,2024-05-28,10,8.42320018261671,MY,9.572997093200684,0.4270029067993164,1,thetao_MY_20240101_20241231.nc
97_dat,2024-05-28,15,7.474684908986092,MY,15.810070037841797,0.8100700378417969,1,thetao_MY_20240101_20241231.nc
97_dat,2024-05-28,20,7.110660128295422,MY,18.495559692382812,1.5044403076171875,1,thetao_MY_20240101_20241231.nc
97_dat,2024-05-28,30,5.5007477179169655,MY,29.444730758666992,0.5552692413330078,1,thetao_MY_20240101_20241231.nc
97_dat,2024-05-29,5,9.214972391724586,MY,5.078224182128906,0.07822418212890625,1,thetao_MY_20240101_20241231.nc
97_dat,2024-05-29,10,8.131687380373478,MY,9.572997093200684,0.4270029067993164,1,thetao_MY_20240101_20241231.nc
97_dat,2024-05-29,15,7.108462795615196,MY,15.810070037841797,0.8100700378417969,1,thetao_MY_20240101_20241231.nc
97_dat,2024-05-29,20,6.739310905337334,MY,18.495559692382812,1.5044403076171875,1,thetao_MY_20240101_20241231.nc
97_dat,2024-05-29,30,5.384289085865021,MY,29.444730758666992,0.5552692413330078,1,thetao_MY_20240101_20241231.nc
97_dat,2024-05-30,5,9.226691499352455,MY,5.078224182128906,0.07822418212890625,1,thetao_MY_20240101_20241231.nc
97_dat,2024-05-30,10,8.088473170995712,MY,9.572997093200684,0.4270029067993164,1,thetao_MY_20240101_20241231.nc
97_dat,2024-05-30,15,7.043275259435177,MY,15.810070037841797,0.8100700378417969,1,thetao_MY_20240101_20241231.nc
97_dat,2024-05-30,20,6.672658480703831,MY,18.495559692382812,1.5044403076171875,1,thetao_MY_20240101_20241231.nc
97_dat,2024-05-30,30,5.354258872568607,MY,29.444730758666992,0.5552692413330078,1,thetao_MY_20240101_20241231.nc
97_dat,2024-05-31,5,9.918118849396706,MY,5.078224182128906,0.07822418212890625,1,thetao_MY_20240101_20241231.nc
97_dat,2024-05-31,10,8.431989513337612,MY,9.572997093200684,0.4270029067993164,1,thetao_MY_20240101_20241231.nc
97_dat,2024-05-31,15,7.295236073434353,MY,15.810070037841797,0.8100700378417969,1,thetao_MY_20240101_20241231.nc
97_dat,2024-05-31,20,6.901913523674011,MY,18.495559692382812,1.5044403076171875,1,thetao_MY_20240101_20241231.nc
97_dat,2024-05-31,30,5.458265952765942,MY,29.444730758666992,0.5552692413330078,1,thetao_MY_20240101_20241231.nc
97_dat,2024-06-01,5,10.964781649410725,MY,5.078224182128906,0.07822418212890625,1,thetao_MY_20240101_20241231.nc
97_dat,2024-06-01,10,8.939573362469673,MY,9.572997093200684,0.4270029067993164,1,thetao_MY_20240101_20241231.nc
97_dat,2024-06-01,15,7.571367546916008,MY,15.810070037841797,0.8100700378417969,1,thetao_MY_20240101_20241231.nc
97_dat,2024-06-01,20,7.178044997155666,MY,18.495559692382812,1.5044403076171875,1,thetao_MY_20240101_20241231.nc
97_dat,2024-06-01,30,5.6128116846084595,MY,29.444730758666992,0.5552692413330078,1,thetao_MY_20240101_20241231.nc
97_dat,2024-06-02,5,11.589556574821472,MY,5.078224182128906,0.07822418212890625,1,thetao_MY_20240101_20241231.nc
97_dat,2024-06-02,10,10.039704591035843,MY,9.572997093200684,0.4270029067993164,1,thetao_MY_20240101_20241231.nc
97_dat,2024-06-02,15,8.115573607385159,MY,15.810070037841797,0.8100700378417969,1,thetao_MY_20240101_20241231.nc
97_dat,2024-06-02,20,7.598467983305454,MY,18.495559692382812,1.5044403076171875,1,thetao_MY_20240101_20241231.nc
97_dat,2024-06-02,30,5.7878658547997475,MY,29.444730758666992,0.5552692413330078,1,thetao_MY_20240101_20241231.nc
97_dat,2024-06-03,5,11.19183935970068,MY,5.078224182128906,0.07822418212890625,1,thetao_MY_20240101_20241231.nc
97_dat,2024-06-03,10,10.683523066341877,MY,9.572997093200684,0.4270029067993164,1,thetao_MY_20240101_20241231.nc
97_dat,2024-06-03,15,9.436902992427349,MY,15.810070037841797,0.8100700378417969,1,thetao_MY_20240101_20241231.nc
97_dat,2024-06-03,20,8.608508571982384,MY,18.495559692382812,1.5044403076171875,1,thetao_MY_20240101_20241231.nc
97_dat,2024-06-03,30,6.1167333126068115,MY,29.444730758666992,0.5552692413330078,1,thetao_MY_20240101_20241231.nc
97_dat,2024-06-04,5,11.19623402506113,MY,5.078224182128906,0.07822418212890625,1,thetao_MY_20240101_20241231.nc
97_dat,2024-06-04,10,10.698904395103455,MY,9.572997093200684,0.4270029067993164,1,thetao_MY_20240101_20241231.nc
97_dat,2024-06-04,15,9.965727724134922,MY,15.810070037841797,0.8100700378417969,1,thetao_MY_20240101_20241231.nc
97_dat,2024-06-04,20,9.327768802642822,MY,18.495559692382812,1.5044403076171875,1,thetao_MY_20240101_20241231.nc
97_dat,2024-06-04,30,6.734916239976883,MY,29.444730758666992,0.5552692413330078,1,thetao_MY_20240101_20241231.nc
97_dat,2024-06-05,5,11.45405439287424,MY,5.078224182128906,0.07822418212890625,1,thetao_MY_20240101_20241231.nc
97_dat,2024-06-05,10,10.921567440032959,MY,9.572997093200684,0.4270029067993164,1,thetao_MY_20240101_20241231.nc
97_dat,2024-06-05,15,10.122470788657665,MY,15.810070037841797,0.8100700378417969,1,thetao_MY_20240101_20241231.nc
97_dat,2024-06-05,20,9.656636260449886,MY,18.495559692382812,1.5044403076171875,1,thetao_MY_20240101_20241231.nc
97_dat,2024-06-05,30,7.501052901148796,MY,29.444730758666992,0.5552692413330078,1,thetao_MY_20240101_20241231.nc
97_dat,2024-06-06,5,11.508255265653133,MY,5.078224182128906,0.07822418212890625,1,thetao_MY_20240101_20241231.nc
97_dat,2024-06-06,10,10.916440330445766,MY,9.572997093200684,0.4270029067993164,1,thetao_MY_20240101_20241231.nc
97_dat,2024-06-06,15,9.929837957024574,MY,15.810070037841797,0.8100700378417969,1,thetao_MY_20240101_20241231.nc
97_dat,2024-06-06,20,9.535050518810749,MY,18.495559692382812,1.5044403076171875,1,thetao_MY_20240101_20241231.nc
97_dat,2024-06-06,30,7.990325644612312,MY,29.444730758666992,0.5552692413330078,1,thetao_MY_20240101_20241231.nc
97_dat,2024-06-07,5,11.774864964187145,MY,5.078224182128906,0.07822418212890625,1,thetao_MY_20240101_20241231.nc
97_dat,2024-06-07,10,11.109073162078857,MY,9.572997093200684,0.4270029067993164,1,thetao_MY_20240101_20241231.nc
97_dat,2024-06-07,15,10.030915260314941,MY,15.810070037841797,0.8100700378417969,1,thetao_MY_20240101_20241231.nc
97_dat,2024-06-07,20,9.633198045194149,MY,18.495559692382812,1.5044403076171875,1,thetao_MY_20240101_20241231.nc
97_dat,2024-06-07,30,8.242286458611488,MY,29.444730758666992,0.5552692413330078,1,thetao_MY_20240101_20241231.nc
97_dat,2024-06-08,5,12.170384846627712,MY,5.078224182128906,0.07822418212890625,1,thetao_MY_20240101_20241231.nc
97_dat,2024-06-08,10,11.315622434020042,MY,9.572997093200684,0.4270029067993164,1,thetao_MY_20240101_20241231.nc
97_dat,2024-06-08,15,10.183263659477234,MY,15.810070037841797,0.8100700378417969,1,thetao_MY_20240101_20241231.nc
97_dat,2024-06-08,20,9.735007792711258,MY,18.495559692382812,1.5044403076171875,1,thetao_MY_20240101_20241231.nc
97_dat,2024-06-08,30,8.330179765820503,MY,29.444730758666992,0.5552692413330078,1,thetao_MY_20240101_20241231.nc
97_dat,2024-06-09,5,12.831049539148808,MY,5.078224182128906,0.07822418212890625,1,thetao_MY_20240101_20241231.nc
97_dat,2024-06-09,10,11.63350322842598,MY,9.572997093200684,0.4270029067993164,1,thetao_MY_20240101_20241231.nc
97_dat,2024-06-09,15,10.442548915743828,MY,15.810070037841797,0.8100700378417969,1,thetao_MY_20240101_20241231.nc
97_dat,2024-06-09,20,9.906399741768837,MY,18.495559692382812,1.5044403076171875,1,thetao_MY_20240101_20241231.nc
97_dat,2024-06-09,30,8.370464198291302,MY,29.444730758666992,0.5552692413330078,1,thetao_MY_20240101_20241231.nc
97_dat,2024-06-10,5,12.96288949996233,MY,5.078224182128906,0.07822418212890625,1,thetao_MY_20240101_20241231.nc
97_dat,2024-06-10,10,11.708212539553642,MY,9.572997093200684,0.4270029067993164,1,thetao_MY_20240101_20241231.nc
97_dat,2024-06-10,15,10.33268228173256,MY,15.810070037841797,0.8100700378417969,1,thetao_MY_20240101_20241231.nc
97_dat,2024-06-10,20,9.802392661571503,MY,18.495559692382812,1.5044403076171875,1,thetao_MY_20240101_20241231.nc
97_dat,2024-06-10,30,8.397564634680748,MY,29.444730758666992,0.5552692413330078,1,thetao_MY_20240101_20241231.nc
97_dat,2024-06-11,5,12.984862826764584,MY,5.078224182128906,0.07822418212890625,1,thetao_MY_20240101_20241231.nc
97_dat,2024-06-11,10,11.742637418210506,MY,9.572997093200684,0.4270029067993164,1,thetao_MY_20240101_20241231.nc
97_dat,2024-06-11,15,10.266029857099056,MY,15.810070037841797,0.8100700378417969,1,thetao_MY_20240101_20241231.nc
97_dat,2024-06-11,20,9.745262011885643,MY,18.495559692382812,1.5044403076171875,1,thetao_MY_20240101_20241231.nc
97_dat,2024-06-11,30,8.485457941889763,MY,29.444730758666992,0.5552692413330078,1,thetao_MY_20240101_20241231.nc
97_dat,2024-06-12,5,13.16724143922329,MY,5.078224182128906,0.07822418212890625,1,thetao_MY_20240101_20241231.nc
97_dat,2024-06-12,10,11.849574275314808,MY,9.572997093200684,0.4270029067993164,1,thetao_MY_20240101_20241231.nc
97_dat,2024-06-12,15,10.335612058639526,MY,15.810070037841797,0.8100700378417969,1,thetao_MY_20240101_20241231.nc
97_dat,2024-06-12,20,9.81777399033308,MY,18.495559692382812,1.5044403076171875,1,thetao_MY_20240101_20241231.nc
97_dat,2024-06-12,30,8.59459213167429,MY,29.444730758666992,0.5552692413330078,1,thetao_MY_20240101_20241231.nc
97_dat,2024-06-13,5,13.20825831592083,MY,5.078224182128906,0.07822418212890625,1,thetao_MY_20240101_20241231.nc
97_dat,2024-06-13,10,11.771202743053436,MY,9.572997093200684,0.4270029067993164,1,thetao_MY_20240101_20241231.nc
97_dat,2024-06-13,15,10.286538295447826,MY,15.810070037841797,0.8100700378417969,1,thetao_MY_20240101_20241231.nc
97_dat,2024-06-13,20,9.808252215385437,MY,18.495559692382812,1.5044403076171875,1,thetao_MY_20240101_20241231.nc
97_dat,2024-06-13,30,8.593127243220806,MY,29.444730758666992,0.5552692413330078,1,thetao_MY_20240101_20241231.nc
97_dat,2024-06-14,5,13.219977423548698,MY,5.078224182128906,0.07822418212890625,1,thetao_MY_20240101_20241231.nc
97_dat,2024-06-14,10,11.612262345850468,MY,9.572997093200684,0.4270029067993164,1,thetao_MY_20240101_20241231.nc
97_dat,2024-06-14,15,10.192785434424877,MY,15.810070037841797,0.8100700378417969,1,thetao_MY_20240101_20241231.nc
97_dat,2024-06-14,20,9.71523179858923,MY,18.495559692382812,1.5044403076171875,1,thetao_MY_20240101_20241231.nc
97_dat,2024-06-14,30,8.459089949727058,MY,29.444730758666992,0.5552692413330078,1,thetao_MY_20240101_20241231.nc
97_dat,2024-06-15,5,14.593310348689556,MY,5.078224182128906,0.07822418212890625,1,thetao_MY_20240101_20241231.nc
97_dat,2024-06-15,10,12.09201331436634,MY,9.572997093200684,0.4270029067993164,1,thetao_MY_20240101_20241231.nc
97_dat,2024-06-15,15,10.442548915743828,MY,15.810070037841797,0.8100700378417969,1,thetao_MY_20240101_20241231.nc
97_dat,2024-06-15,20,9.877101972699165,MY,18.495559692382812,1.5044403076171875,1,thetao_MY_20240101_20241231.nc
97_dat,2024-06-15,30,8.327982433140278,MY,29.444730758666992,0.5552692413330078,1,thetao_MY_20240101_20241231.nc
97_dat,2024-06-16,5,15.673665583133698,MY,5.078224182128906,0.07822418212890625,1,thetao_MY_20240101_20241231.nc
97_dat,2024-06-16,10,12.70946379750967,MY,9.572997093200684,0.4270029067993164,1,thetao_MY_20240101_20241231.nc
97_dat,2024-06-16,15,10.621265307068825,MY,15.810070037841797,0.8100700378417969,1,thetao_MY_20240101_20241231.nc
97_dat,2024-06-16,20,9.984038829803467,MY,18.495559692382812,1.5044403076171875,1,thetao_MY_20240101_20241231.nc
97_dat,2024-06-16,30,8.212988689541817,MY,29.444730758666992,0.5552692413330078,1,thetao_MY_20240101_20241231.nc
97_dat,2024-06-17,5,15.27814570069313,MY,5.078224182128906,0.07822418212890625,1,thetao_MY_20240101_20241231.nc
97_dat,2024-06-17,10,12.10812708735466,MY,9.572997093200684,0.4270029067993164,1,thetao_MY_20240101_20241231.nc
97_dat,2024-06-17,15,10.15689566731453,MY,15.810070037841797,0.8100700378417969,1,thetao_MY_20240101_20241231.nc
97_dat,2024-06-17,20,9.54383984953165,MY,18.495559692382812,1.5044403076171875,1,thetao_MY_20240101_20241231.nc
97_dat,2024-06-17,30,8.100192278623581,MY,29.444730758666992,0.5552692413330078,1,thetao_MY_20240101_20241231.nc
97_dat,2024-06-18,5,14.97491379082203,MY,5.078224182128906,0.07822418212890625,1,thetao_MY_20240101_20241231.nc
97_dat,2024-06-18,10,12.03854488581419,MY,9.572997093200684,0.4270029067993164,1,thetao_MY_20240101_20241231.nc
97_dat,2024-06-18,15,10.094637908041477,MY,15.810070037841797,0.8100700378417969,1,thetao_MY_20240101_20241231.nc
97_dat,2024-06-18,20,9.473525203764439,MY,18.495559692382812,1.5044403076171875,1,thetao_MY_20240101_20241231.nc
97_dat,2024-06-18,30,8.145603820681572,MY,29.444730758666992,0.5552692413330078,1,thetao_MY_20240101_20241231.nc
97_dat,2024-06-19,5,14.049104288220406,MY,5.078224182128906,0.07822418212890625,1,thetao_MY_20240101_20241231.nc
97_dat,2024-06-19,10,11.829065836966038,MY,9.572997093200684,0.4270029067993164,1,thetao_MY_20240101_20241231.nc
97_dat,2024-06-19,15,10.056550808250904,MY,15.810070037841797,0.8100700378417969,1,thetao_MY_20240101_20241231.nc
97_dat,2024-06-19,20,9.507950082421303,MY,18.495559692382812,1.5044403076171875,1,thetao_MY_20240101_20241231.nc
97_dat,2024-06-19,30,8.265724673867226,MY,29.444730758666992,0.5552692413330078,1,thetao_MY_20240101_20241231.nc
97_dat,2024-06-20,5,14.207312241196632,MY,5.078224182128906,0.07822418212890625,1,thetao_MY_20240101_20241231.nc
97_dat,2024-06-20,10,12.012909337878227,MY,9.572997093200684,0.4270029067993164,1,thetao_MY_20240101_20241231.nc
97_dat,2024-06-20,15,10.261635191738605,MY,15.810070037841797,0.8100700378417969,1,thetao_MY_20240101_20241231.nc
97_dat,2024-06-20,20,9.71156957745552,MY,18.495559692382812,1.5044403076171875,1,thetao_MY_20240101_20241231.nc
97_dat,2024-06-20,30,8.364604644477367,MY,29.444730758666992,0.5552692413330078,1,thetao_MY_20240101_20241231.nc
97_dat,2024-06-21,5,14.591845460236073,MY,5.078224182128906,0.07822418212890625,1,thetao_MY_20240101_20241231.nc
97_dat,2024-06-21,10,12.248023934662342,MY,9.572997093200684,0.4270029067993164,1,thetao_MY_20240101_20241231.nc
97_dat,2024-06-21,15,10.456465356051922,MY,15.810070037841797,0.8100700378417969,1,thetao_MY_20240101_20241231.nc
97_dat,2024-06-21,20,9.89980774372816,MY,18.495559692382812,1.5044403076171875,1,thetao_MY_20240101_20241231.nc
97_dat,2024-06-21,30,8.417340628802776,MY,29.444730758666992,0.5552692413330078,1,thetao_MY_20240101_20241231.nc
97_dat,2024-06-22,5,14.968321792781353,MY,5.078224182128906,0.07822418212890625,1,thetao_MY_20240101_20241231.nc
97_dat,2024-06-22,10,12.364482566714287,MY,9.572997093200684,0.4270029067993164,1,thetao_MY_20240101_20241231.nc
97_dat,2024-06-22,15,10.523117780685425,MY,15.810070037841797,0.8100700378417969,1,thetao_MY_20240101_20241231.nc
97_dat,2024-06-22,20,9.961333058774471,MY,18.495559692382812,1.5044403076171875,1,thetao_MY_20240101_20241231.nc
97_dat,2024-06-22,30,8.400494411587715,MY,29.444730758666992,0.5552692413330078,1,thetao_MY_20240101_20241231.nc
97_dat,2024-06-23,5,16.073580130934715,MY,5.078224182128906,0.07822418212890625,1,thetao_MY_20240101_20241231.nc
97_dat,2024-06-23,10,13.095461905002594,MY,9.572997093200684,0.4270029067993164,1,thetao_MY_20240101_20241231.nc
97_dat,2024-06-23,15,10.878353230655193,MY,15.810070037841797,0.8100700378417969,1,thetao_MY_20240101_20241231.nc
97_dat,2024-06-23,20,10.227210313081741,MY,18.495559692382812,1.5044403076171875,1,thetao_MY_20240101_20241231.nc
97_dat,2024-06-23,30,8.350688204169273,MY,29.444730758666992,0.5552692413330078,1,thetao_MY_20240101_20241231.nc
97_dat,2024-06-24,5,17.09460738301277,MY,5.078224182128906,0.07822418212890625,1,thetao_MY_20240101_20241231.nc
97_dat,2024-06-24,10,15.512527853250504,MY,9.572997093200684,0.4270029067993164,1,thetao_MY_20240101_20241231.nc
97_dat,2024-06-24,15,11.847376942634583,MY,15.810070037841797,0.8100700378417969,1,thetao_MY_20240101_20241231.nc
97_dat,2024-06-24,20,10.952330097556114,MY,18.495559692382812,1.5044403076171875,1,thetao_MY_20240101_20241231.nc
97_dat,2024-06-24,30,8.41441085189581,MY,29.444730758666992,0.5552692413330078,1,thetao_MY_20240101_20241231.nc
97_dat,2024-06-25,5,16.9092989936471,MY,5.078224182128906,0.07822418212890625,1,thetao_MY_20240101_20241231.nc
97_dat,2024-06-25,10,14.531785033643246,MY,9.572997093200684,0.4270029067993164,1,thetao_MY_20240101_20241231.nc
97_dat,2024-06-25,15,11.002868749201298,MY,15.810070037841797,0.8100700378417969,1,thetao_MY_20240101_20241231.nc
97_dat,2024-06-25,20,10.307779178023338,MY,18.495559692382812,1.5044403076171875,1,thetao_MY_20240101_20241231.nc
97_dat,2024-06-25,30,8.371196642518044,MY,29.444730758666992,0.5552692413330078,1,thetao_MY_20240101_20241231.nc
97_dat,2024-06-26,5,16.592150643467903,MY,5.078224182128906,0.07822418212890625,1,thetao_MY_20240101_20241231.nc
97_dat,2024-06-26,10,14.295937992632389,MY,9.572997093200684,0.4270029067993164,1,thetao_MY_20240101_20241231.nc
97_dat,2024-06-26,15,11.137638486921787,MY,15.810070037841797,0.8100700378417969,1,thetao_MY_20240101_20241231.nc
97_dat,2024-06-26,20,10.464522242546082,MY,18.495559692382812,1.5044403076171875,1,thetao_MY_20240101_20241231.nc
97_dat,2024-06-26,30,8.64000367373228,MY,29.444730758666992,0.5552692413330078,1,thetao_MY_20240101_20241231.nc
97_dat,2024-06-27,5,16.297708064317703,MY,5.078224182128906,0.07822418212890625,1,thetao_MY_20240101_20241231.nc
97_dat,2024-06-27,10,14.201452687382698,MY,9.572997093200684,0.4270029067993164,1,thetao_MY_20240101_20241231.nc
97_dat,2024-06-27,15,11.32660909742117,MY,15.810070037841797,0.8100700378417969,1,thetao_MY_20240101_20241231.nc
97_dat,2024-06-27,20,10.768486596643925,MY,18.495559692382812,1.5044403076171875,1,thetao_MY_20240101_20241231.nc
97_dat,2024-06-27,30,8.943968027830124,MY,29.444730758666992,0.5552692413330078,1,thetao_MY_20240101_20241231.nc
97_dat,2024-06-28,5,15.835535757243633,MY,5.078224182128906,0.07822418212890625,1,thetao_MY_20240101_20241231.nc
97_dat,2024-06-28,10,13.450697354972363,MY,9.572997093200684,0.4270029067993164,1,thetao_MY_20240101_20241231.nc
97_dat,2024-06-28,15,11.119327381253242,MY,15.810070037841797,0.8100700378417969,1,thetao_MY_20240101_20241231.nc
97_dat,2024-06-28,20,10.649830631911755,MY,18.495559692382812,1.5044403076171875,1,thetao_MY_20240101_20241231.nc
97_dat,2024-06-28,30,8.910275593400002,MY,29.444730758666992,0.5552692413330078,1,thetao_MY_20240101_20241231.nc
97_dat,2024-06-29,5,15.13898129761219,MY,5.078224182128906,0.07822418212890625,1,thetao_MY_20240101_20241231.nc
97_dat,2024-06-29,10,12.5417340695858,MY,9.572997093200684,0.4270029067993164,1,thetao_MY_20240101_20241231.nc
97_dat,2024-06-29,15,10.764091931283474,MY,15.810070037841797,0.8100700378417969,1,thetao_MY_20240101_20241231.nc
97_dat,2024-06-29,20,10.301919624209404,MY,18.495559692382812,1.5044403076171875,1,thetao_MY_20240101_20241231.nc
97_dat,2024-06-29,30,8.689809881150723,MY,29.444730758666992,0.5552692413330078,1,thetao_MY_20240101_20241231.nc
97_dat,2024-06-30,5,15.1917172819376,MY,5.078224182128906,0.07822418212890625,1,thetao_MY_20240101_20241231.nc
97_dat,2024-06-30,10,12.2472914904356,MY,9.572997093200684,0.4270029067993164,1,thetao_MY_20240101_20241231.nc
97_dat,2024-06-30,15,10.420575588941574,MY,15.810070037841797,0.8100700378417969,1,thetao_MY_20240101_20241231.nc
97_dat,2024-06-30,20,9.94888150691986,MY,18.495559692382812,1.5044403076171875,1,thetao_MY_20240101_20241231.nc
97_dat,2024-06-30,30,8.427594847977161,MY,29.444730758666992,0.5552692413330078,1,thetao_MY_20240101_20241231.nc
97_dat,2024-07-01,5,13.875515006482601,MY,5.078224182128906,0.07822418212890625,1,thetao_MY_20240101_20241231.nc
97_dat,2024-07-01,10,11.268746003508568,MY,9.572997093200684,0.4270029067993164,1,thetao_MY_20240101_20241231.nc
97_dat,2024-07-01,15,9.767967782914639,MY,15.810070037841797,0.8100700378417969,1,thetao_MY_20240101_20241231.nc
97_dat,2024-07-01,20,9.413464777171612,MY,18.495559692382812,1.5044403076171875,1,thetao_MY_20240101_20241231.nc
97_dat,2024-07-01,30,8.204199358820915,MY,29.444730758666992,0.5552692413330078,1,thetao_MY_20240101_20241231.nc
97_dat,2024-07-02,5,11.801965400576591,MY,5.078224182128906,0.07822418212890625,1,thetao_MY_20240101_20241231.nc
97_dat,2024-07-02,10,10.142979227006435,MY,9.572997093200684,0.4270029067993164,1,thetao_MY_20240101_20241231.nc
97_dat,2024-07-02,15,8.898556485772133,MY,15.810070037841797,0.8100700378417969,1,thetao_MY_20240101_20241231.nc
97_dat,2024-07-02,20,8.673696108162403,MY,18.495559692382812,1.5044403076171875,1,thetao_MY_20240101_20241231.nc
97_dat,2024-07-02,30,7.855555906891823,MY,29.444730758666992,0.5552692413330078,1,thetao_MY_20240101_20241231.nc
97_dat,2024-07-03,5,11.518509484827518,MY,5.078224182128906,0.07822418212890625,1,thetao_MY_20240101_20241231.nc
97_dat,2024-07-03,10,9.802392661571503,MY,9.572997093200684,0.4270029067993164,1,thetao_MY_20240101_20241231.nc
97_dat,2024-07-03,15,8.552110366523266,MY,15.810070037841797,0.8100700378417969,1,thetao_MY_20240101_20241231.nc
97_dat,2024-07-03,20,8.334574431180954,MY,18.495559692382812,1.5044403076171875,1,thetao_MY_20240101_20241231.nc
97_dat,2024-07-03,30,7.57209999114275,MY,29.444730758666992,0.5552692413330078,1,thetao_MY_20240101_20241231.nc
97_dat,2024-07-04,5,11.751426748931408,MY,5.078224182128906,0.07822418212890625,1,thetao_MY_20240101_20241231.nc
97_dat,2024-07-04,10,9.811181992292404,MY,9.572997093200684,0.4270029067993164,1,thetao_MY_20240101_20241231.nc
97_dat,2024-07-04,15,8.478865943849087,MY,15.810070037841797,0.8100700378417969,1,thetao_MY_20240101_20241231.nc
97_dat,2024-07-04,20,8.17343670129776,MY,18.495559692382812,1.5044403076171875,1,thetao_MY_20240101_20241231.nc
97_dat,2024-07-04,30,7.317209400236607,MY,29.444730758666992,0.5552692413330078,1,thetao_MY_20240101_20241231.nc
97_dat,2024-07-05,5,12.395245224237442,MY,5.078224182128906,0.07822418212890625,1,thetao_MY_20240101_20241231.nc
97_dat,2024-07-05,10,9.973784610629082,MY,9.572997093200684,0.4270029067993164,1,thetao_MY_20240101_20241231.nc
97_dat,2024-07-05,15,8.538193926215172,MY,15.810070037841797,0.8100700378417969,1,thetao_MY_20240101_20241231.nc
97_dat,2024-07-05,20,8.168309591710567,MY,18.495559692382812,1.5044403076171875,1,thetao_MY_20240101_20241231.nc
97_dat,2024-07-05,30,7.120181903243065,MY,29.444730758666992,0.5552692413330078,1,thetao_MY_20240101_20241231.nc
97_dat,2024-07-06,5,13.808130137622356,MY,5.078224182128906,0.07822418212890625,1,thetao_MY_20240101_20241231.nc
97_dat,2024-07-06,10,10.295327626168728,MY,9.572997093200684,0.4270029067993164,1,thetao_MY_20240101_20241231.nc
97_dat,2024-07-06,15,8.629749454557896,MY,15.810070037841797,0.8100700378417969,1,thetao_MY_20240101_20241231.nc
97_dat,2024-07-06,20,8.23496201634407,MY,18.495559692382812,1.5044403076171875,1,thetao_MY_20240101_20241231.nc
97_dat,2024-07-06,30,7.042542815208435,MY,29.444730758666992,0.5552692413330078,1,thetao_MY_20240101_20241231.nc
97_dat,2024-07-07,5,13.485854677855968,MY,5.078224182128906,0.07822418212890625,1,thetao_MY_20240101_20241231.nc
97_dat,2024-07-07,10,10.041901923716068,MY,9.572997093200684,0.4270029067993164,1,thetao_MY_20240101_20241231.nc
97_dat,2024-07-07,15,8.404156632721424,MY,15.810070037841797,0.8100700378417969,1,thetao_MY_20240101_20241231.nc
97_dat,2024-07-07,20,7.96469009667635,MY,18.495559692382812,1.5044403076171875,1,thetao_MY_20240101_20241231.nc
97_dat,2024-07-07,30,6.981749944388866,MY,29.444730758666992,0.5552692413330078,1,thetao_MY_20240101_20241231.nc
97_dat,2024-07-08,5,12.279519036412239,MY,5.078224182128906,0.07822418212890625,1,thetao_MY_20240101_20241231.nc
97_dat,2024-07-08,10,9.636860266327858,MY,9.572997093200684,0.4270029067993164,1,thetao_MY_20240101_20241231.nc
97_dat,2024-07-08,15,8.103122055530548,MY,15.810070037841797,0.8100700378417969,1,thetao_MY_20240101_20241231.nc
97_dat,2024-07-08,20,7.717123948037624,MY,18.495559692382812,1.5044403076171875,1,thetao_MY_20240101_20241231.nc
97_dat,2024-07-08,30,7.001525938510895,MY,29.444730758666992,0.5552692413330078,1,thetao_MY_20240101_20241231.nc
97_dat,2024-07-09,5,12.414288774132729,MY,5.078224182128906,0.07822418212890625,1,thetao_MY_20240101_20241231.nc
97_dat,2024-07-09,10,9.731345571577549,MY,9.572997093200684,0.4270029067993164,1,thetao_MY_20240101_20241231.nc
97_dat,2024-07-09,15,8.10385449975729,MY,15.810070037841797,0.8100700378417969,1,thetao_MY_20240101_20241231.nc
97_dat,2024-07-09,20,7.716391503810883,MY,18.495559692382812,1.5044403076171875,1,thetao_MY_20240101_20241231.nc
97_dat,2024-07-09,30,7.0198370441794395,MY,29.444730758666992,0.5552692413330078,1,thetao_MY_20240101_20241231.nc
97_dat,2024-07-10,5,12.629627376794815,MY,5.078224182128906,0.07822418212890625,1,thetao_MY_20240101_20241231.nc
97_dat,2024-07-10,10,9.94009217619896,MY,9.572997093200684,0.4270029067993164,1,thetao_MY_20240101_20241231.nc
97_dat,2024-07-10,15,8.324320212006569,MY,15.810070037841797,0.8100700378417969,1,thetao_MY_20240101_20241231.nc
97_dat,2024-07-10,20,7.9126865565776825,MY,18.495559692382812,1.5044403076171875,1,thetao_MY_20240101_20241231.nc
97_dat,2024-07-10,30,7.0725730285048485,MY,29.444730758666992,0.5552692413330078,1,thetao_MY_20240101_20241231.nc
97_dat,2024-07-11,5,13.258796967566013,MY,5.078224182128906,0.07822418212890625,1,thetao_MY_20240101_20241231.nc
97_dat,2024-07-11,10,10.471114240586758,MY,9.572997093200684,0.4270029067993164,1,thetao_MY_20240101_20241231.nc
97_dat,2024-07-11,15,8.724967204034328,MY,15.810070037841797,0.8100700378417969,1,thetao_MY_20240101_20241231.nc
97_dat,2024-07-11,20,8.288430444896221,MY,18.495559692382812,1.5044403076171875,1,thetao_MY_20240101_20241231.nc
97_dat,2024-07-11,30,7.20001832395792,MY,29.444730758666992,0.5552692413330078,1,thetao_MY_20240101_20241231.nc
97_dat,2024-07-12,5,13.558366656303406,MY,5.078224182128906,0.07822418212890625,1,thetao_MY_20240101_20241231.nc
97_dat,2024-07-12,10,10.723807498812675,MY,9.572997093200684,0.4270029067993164,1,thetao_MY_20240101_20241231.nc
97_dat,2024-07-12,15,8.989379569888115,MY,15.810070037841797,0.8100700378417969,1,thetao_MY_20240101_20241231.nc
97_dat,2024-07-12,20,8.535264149308205,MY,18.495559692382812,1.5044403076171875,1,thetao_MY_20240101_20241231.nc
97_dat,2024-07-12,30,7.311349846422672,MY,29.444730758666992,0.5552692413330078,1,thetao_MY_20240101_20241231.nc
97_dat,2024-07-13,5,13.230231642723083,MY,5.078224182128906,0.07822418212890625,1,thetao_MY_20240101_20241231.nc
97_dat,2024-07-13,10,10.669606626033783,MY,9.572997093200684,0.4270029067993164,1,thetao_MY_20240101_20241231.nc
97_dat,2024-07-13,15,9.075075544416904,MY,15.810070037841797,0.8100700378417969,1,thetao_MY_20240101_20241231.nc
97_dat,2024-07-13,20,8.57847835868597,MY,18.495559692382812,1.5044403076171875,1,thetao_MY_20240101_20241231.nc
97_dat,2024-07-13,30,7.427076034247875,MY,29.444730758666992,0.5552692413330078,1,thetao_MY_20240101_20241231.nc
97_dat,2024-07-14,5,14.072542503476143,MY,5.078224182128906,0.07822418212890625,1,thetao_MY_20240101_20241231.nc
97_dat,2024-07-14,10,11.589556574821472,MY,9.572997093200684,0.4270029067993164,1,thetao_MY_20240101_20241231.nc
97_dat,2024-07-14,15,9.657368704676628,MY,15.810070037841797,0.8100700378417969,1,thetao_MY_20240101_20241231.nc
97_dat,2024-07-14,20,9.082399986684322,MY,18.495559692382812,1.5044403076171875,1,thetao_MY_20240101_20241231.nc
97_dat,2024-07-14,30,7.608722202479839,MY,29.444730758666992,0.5552692413330078,1,thetao_MY_20240101_20241231.nc
97_dat,2024-07-15,5,15.510330520570278,MY,5.078224182128906,0.07822418212890625,1,thetao_MY_20240101_20241231.nc
97_dat,2024-07-15,10,12.912350848317146,MY,9.572997093200684,0.4270029067993164,1,thetao_MY_20240101_20241231.nc
97_dat,2024-07-15,15,10.695242173969746,MY,15.810070037841797,0.8100700378417969,1,thetao_MY_20240101_20241231.nc
97_dat,2024-07-15,20,10.021393485367298,MY,18.495559692382812,1.5044403076171875,1,thetao_MY_20240101_20241231.nc
97_dat,2024-07-15,30,7.878261677920818,MY,29.444730758666992,0.5552692413330078,1,thetao_MY_20240101_20241231.nc
97_dat,2024-07-16,5,16.75035859644413,MY,5.078224182128906,0.07822418212890625,1,thetao_MY_20240101_20241231.nc
97_dat,2024-07-16,10,14.043977178633213,MY,9.572997093200684,0.4270029067993164,1,thetao_MY_20240101_20241231.nc
97_dat,2024-07-16,15,11.750694304704666,MY,15.810070037841797,0.8100700378417969,1,thetao_MY_20240101_20241231.nc
97_dat,2024-07-16,20,10.947935432195663,MY,18.495559692382812,1.5044403076171875,1,thetao_MY_20240101_20241231.nc
97_dat,2024-07-16,30,8.295022442936897,MY,29.444730758666992,0.5552692413330078,1,thetao_MY_20240101_20241231.nc
97_dat,2024-07-17,5,17.897366255521774,MY,5.078224182128906,0.07822418212890625,1,thetao_MY_20240101_20241231.nc
97_dat,2024-07-17,10,15.507400743663311,MY,9.572997093200684,0.4270029067993164,1,thetao_MY_20240101_20241231.nc
97_dat,2024-07-17,15,13.25733207911253,MY,15.810070037841797,0.8100700378417969,1,thetao_MY_20240101_20241231.nc
97_dat,2024-07-17,20,12.347636349499226,MY,18.495559692382812,1.5044403076171875,1,thetao_MY_20240101_20241231.nc
97_dat,2024-07-17,30,9.099978648126125,MY,29.444730758666992,0.5552692413330078,1,thetao_MY_20240101_20241231.nc
97_dat,2024-07-18,5,18.6935331299901,MY,5.078224182128906,0.07822418212890625,1,thetao_MY_20240101_20241231.nc
97_dat,2024-07-18,10,16.673451952636242,MY,9.572997093200684,0.4270029067993164,1,thetao_MY_20240101_20241231.nc
97_dat,2024-07-18,15,14.846003606915474,MY,15.810070037841797,0.8100700378417969,1,thetao_MY_20240101_20241231.nc
97_dat,2024-07-18,20,13.95681631565094,MY,18.495559692382812,1.5044403076171875,1,thetao_MY_20240101_20241231.nc
97_dat,2024-07-18,30,10.3736991584301,MY,29.444730758666992,0.5552692413330078,1,thetao_MY_20240101_20241231.nc
97_dat,2024-07-19,5,19.54829554259777,MY,5.078224182128906,0.07822418212890625,1,thetao_MY_20240101_20241231.nc
97_dat,2024-07-19,10,17.758201852440834,MY,9.572997093200684,0.4270029067993164,1,thetao_MY_20240101_20241231.nc
97_dat,2024-07-19,15,16.28379162400961,MY,15.810070037841797,0.8100700378417969,1,thetao_MY_20240101_20241231.nc
97_dat,2024-07-19,20,15.411450549960136,MY,18.495559692382812,1.5044403076171875,1,thetao_MY_20240101_20241231.nc
97_dat,2024-07-19,30,11.693563655018806,MY,29.444730758666992,0.5552692413330078,1,thetao_MY_20240101_20241231.nc
97_dat,2024-07-20,5,19.502151556313038,MY,5.078224182128906,0.07822418212890625,1,thetao_MY_20240101_20241231.nc
97_dat,2024-07-20,10,17.930326245725155,MY,9.572997093200684,0.4270029067993164,1,thetao_MY_20240101_20241231.nc
97_dat,2024-07-20,15,16.49693289399147,MY,15.810070037841797,0.8100700378417969,1,thetao_MY_20240101_20241231.nc
97_dat,2024-07-20,20,15.777672663331032,MY,18.495559692382812,1.5044403076171875,1,thetao_MY_20240101_20241231.nc
97_dat,2024-07-20,30,12.503646969795227,MY,29.444730758666992,0.5552692413330078,1,thetao_MY_20240101_20241231.nc
97_dat,2024-07-21,5,19.685995057225227,MY,5.078224182128906,0.07822418212890625,1,thetao_MY_20240101_20241231.nc
97_dat,2024-07-21,10,18.25992614775896,MY,9.572997093200684,0.4270029067993164,1,thetao_MY_20240101_20241231.nc
97_dat,2024-07-21,15,16.9759514182806,MY,15.810070037841797,0.8100700378417969,1,thetao_MY_20240101_20241231.nc
97_dat,2024-07-21,20,16.318216502666473,MY,18.495559692382812,1.5044403076171875,1,thetao_MY_20240101_20241231.nc
97_dat,2024-07-21,30,13.475600458681583,MY,29.444730758666992,0.5552692413330078,1,thetao_MY_20240101_20241231.nc
97_dat,2024-07-22,5,19.338084049522877,MY,5.078224182128906,0.07822418212890625,1,thetao_MY_20240101_20241231.nc
97_dat,2024-07-22,10,17.853419601917267,MY,9.572997093200684,0.4270029067993164,1,thetao_MY_20240101_20241231.nc
97_dat,2024-07-22,15,16.376079596579075,MY,15.810070037841797,0.8100700378417969,1,thetao_MY_20240101_20241231.nc
97_dat,2024-07-22,20,15.967375718057156,MY,18.495559692382812,1.5044403076171875,1,thetao_MY_20240101_20241231.nc
97_dat,2024-07-22,30,13.645527519285679,MY,29.444730758666992,0.5552692413330078,1,thetao_MY_20240101_20241231.nc
97_dat,2024-07-23,5,19.247993409633636,MY,5.078224182128906,0.07822418212890625,1,thetao_MY_20240101_20241231.nc
97_dat,2024-07-23,10,17.468153938651085,MY,9.572997093200684,0.4270029067993164,1,thetao_MY_20240101_20241231.nc
97_dat,2024-07-23,15,15.817224651575089,MY,15.810070037841797,0.8100700378417969,1,thetao_MY_20240101_20241231.nc
97_dat,2024-07-23,20,15.486159861087799,MY,18.495559692382812,1.5044403076171875,1,thetao_MY_20240101_20241231.nc
97_dat,2024-07-23,30,13.21265298128128,MY,29.444730758666992,0.5552692413330078,1,thetao_MY_20240101_20241231.nc
97_dat,2024-07-24,5,18.322916351258755,MY,5.078224182128906,0.07822418212890625,1,thetao_MY_20240101_20241231.nc
97_dat,2024-07-24,10,16.572374649345875,MY,9.572997093200684,0.4270029067993164,1,thetao_MY_20240101_20241231.nc
97_dat,2024-07-24,15,15.27814570069313,MY,15.810070037841797,0.8100700378417969,1,thetao_MY_20240101_20241231.nc
97_dat,2024-07-24,20,14.886288039386272,MY,18.495559692382812,1.5044403076171875,1,thetao_MY_20240101_20241231.nc
97_dat,2024-07-24,30,12.691152691841125,MY,29.444730758666992,0.5552692413330078,1,thetao_MY_20240101_20241231.nc
97_dat,2024-07-25,5,17.85854671150446,MY,5.078224182128906,0.07822418212890625,1,thetao_MY_20240101_20241231.nc
97_dat,2024-07-25,10,16.197363205254078,MY,9.572997093200684,0.4270029067993164,1,thetao_MY_20240101_20241231.nc
97_dat,2024-07-25,15,14.870906710624695,MY,15.810070037841797,0.8100700378417969,1,thetao_MY_20240101_20241231.nc
97_dat,2024-07-25,20,14.41093173623085,MY,18.495559692382812,1.5044403076171875,1,thetao_MY_20240101_20241231.nc
97_dat,2024-07-25,30,12.237037271261215,MY,29.444730758666992,0.5552692413330078,1,thetao_MY_20240101_20241231.nc
97_dat,2024-07-26,5,18.70159001648426,MY,5.078224182128906,0.07822418212890625,1,thetao_MY_20240101_20241231.nc
97_dat,2024-07-26,10,16.59947508573532,MY,9.572997093200684,0.4270029067993164,1,thetao_MY_20240101_20241231.nc
97_dat,2024-07-26,15,15.101626642048359,MY,15.810070037841797,0.8100700378417969,1,thetao_MY_20240101_20241231.nc
97_dat,2024-07-26,20,14.589648127555847,MY,18.495559692382812,1.5044403076171875,1,thetao_MY_20240101_20241231.nc
97_dat,2024-07-26,30,12.269264817237854,MY,29.444730758666992,0.5552692413330078,1,thetao_MY_20240101_20241231.nc
97_dat,2024-07-27,5,19.463332012295723,MY,5.078224182128906,0.07822418212890625,1,thetao_MY_20240101_20241231.nc
97_dat,2024-07-27,10,16.740104377269745,MY,9.572997093200684,0.4270029067993164,1,thetao_MY_20240101_20241231.nc
97_dat,2024-07-27,15,15.123599968850613,MY,15.810070037841797,0.8100700378417969,1,thetao_MY_20240101_20241231.nc
97_dat,2024-07-27,20,14.599902346730232,MY,18.495559692382812,1.5044403076171875,1,thetao_MY_20240101_20241231.nc
97_dat,2024-07-27,30,12.190893284976482,MY,29.444730758666992,0.5552692413330078,1,thetao_MY_20240101_20241231.nc
97_dat,2024-07-28,5,20.05514694750309,MY,5.078224182128906,0.07822418212890625,1,thetao_MY_20240101_20241231.nc
97_dat,2024-07-28,10,17.059450060129166,MY,9.572997093200684,0.4270029067993164,1,thetao_MY_20240101_20241231.nc
97_dat,2024-07-28,15,15.15509507060051,MY,15.810070037841797,0.8100700378417969,1,thetao_MY_20240101_20241231.nc
97_dat,2024-07-28,20,14.590380571782589,MY,18.495559692382812,1.5044403076171875,1,thetao_MY_20240101_20241231.nc
97_dat,2024-07-28,30,12.200415059924126,MY,29.444730758666992,0.5552692413330078,1,thetao_MY_20240101_20241231.nc
97_dat,2024-07-29,5,19.87862788885832,MY,5.078224182128906,0.07822418212890625,1,thetao_MY_20240101_20241231.nc
97_dat,2024-07-29,10,17.430799283087254,MY,9.572997093200684,0.4270029067993164,1,thetao_MY_20240101_20241231.nc
97_dat,2024-07-29,15,15.536698512732983,MY,15.810070037841797,0.8100700378417969,1,thetao_MY_20240101_20241231.nc
97_dat,2024-07-29,20,14.922910250723362,MY,18.495559692382812,1.5044403076171875,1,thetao_MY_20240101_20241231.nc
97_dat,2024-07-29,30,12.607654049992561,MY,29.444730758666992,0.5552692413330078,1,thetao_MY_20240101_20241231.nc
97_dat,2024-07-30,5,18.969664603471756,MY,5.078224182128906,0.07822418212890625,1,thetao_MY_20240101_20241231.nc
97_dat,2024-07-30,10,17.096804715692997,MY,9.572997093200684,0.4270029067993164,1,thetao_MY_20240101_20241231.nc
97_dat,2024-07-30,15,15.65022736787796,MY,15.810070037841797,0.8100700378417969,1,thetao_MY_20240101_20241231.nc
97_dat,2024-07-30,20,15.141911074519157,MY,18.495559692382812,1.5044403076171875,1,thetao_MY_20240101_20241231.nc
97_dat,2024-07-30,30,13.189947210252285,MY,29.444730758666992,0.5552692413330078,1,thetao_MY_20240101_20241231.nc
97_dat,2024-07-31,5,19.007019259035587,MY,5.078224182128906,0.07822418212890625,1,thetao_MY_20240101_20241231.nc
97_dat,2024-07-31,10,17.29456465691328,MY,9.572997093200684,0.4270029067993164,1,thetao_MY_20240101_20241231.nc
97_dat,2024-07-31,15,15.999603264033794,MY,15.810070037841797,0.8100700378417969,1,thetao_MY_20240101_20241231.nc
97_dat,2024-07-31,20,15.509598076343536,MY,18.495559692382812,1.5044403076171875,1,thetao_MY_20240101_20241231.nc
97_dat,2024-07-31,30,13.684347063302994,MY,29.444730758666992,0.5552692413330078,1,thetao_MY_20240101_20241231.nc
97_dat,2024-08-01,5,19.239936523139477,MY,5.078224182128906,0.07822418212890625,1,thetao_MY_20240101_20241231.nc
97_dat,2024-08-01,10,17.586077459156513,MY,9.572997093200684,0.4270029067993164,1,thetao_MY_20240101_20241231.nc
97_dat,2024-08-01,15,16.084566794335842,MY,15.810070037841797,0.8100700378417969,1,thetao_MY_20240101_20241231.nc
97_dat,2024-08-01,20,15.604083381593227,MY,18.495559692382812,1.5044403076171875,1,thetao_MY_20240101_20241231.nc
97_dat,2024-08-01,30,13.83816035091877,MY,29.444730758666992,0.5552692413330078,1,thetao_MY_20240101_20241231.nc
97_dat,2024-08-02,5,19.746055483818054,MY,5.078224182128906,0.07822418212890625,1,thetao_MY_20240101_20241231.nc
97_dat,2024-08-02,10,18.020416885614395,MY,9.572997093200684,0.4270029067993164,1,thetao_MY_20240101_20241231.nc
97_dat,2024-08-02,15,16.212744534015656,MY,15.810070037841797,0.8100700378417969,1,thetao_MY_20240101_20241231.nc
97_dat,2024-08-02,20,15.664876252412796,MY,18.495559692382812,1.5044403076171875,1,thetao_MY_20240101_20241231.nc
97_dat,2024-08-02,30,13.839625239372253,MY,29.444730758666992,0.5552692413330078,1,thetao_MY_20240101_20241231.nc
97_dat,2024-08-03,5,20.408185064792633,MY,5.078224182128906,0.07822418212890625,1,thetao_MY_20240101_20241231.nc
97_dat,2024-08-03,10,18.568285167217255,MY,9.572997093200684,0.4270029067993164,1,thetao_MY_20240101_20241231.nc
97_dat,2024-08-03,15,16.587755978107452,MY,15.810070037841797,0.8100700378417969,1,thetao_MY_20240101_20241231.nc
97_dat,2024-08-03,20,15.901455737650394,MY,18.495559692382812,1.5044403076171875,1,thetao_MY_20240101_20241231.nc
97_dat,2024-08-03,30,13.889431446790695,MY,29.444730758666992,0.5552692413330078,1,thetao_MY_20240101_20241231.nc
97_dat,2024-08-04,5,20.3217566460371,MY,5.078224182128906,0.07822418212890625,1,thetao_MY_20240101_20241231.nc
97_dat,2024-08-04,10,18.58732871711254,MY,9.572997093200684,0.4270029067993164,1,thetao_MY_20240101_20241231.nc
97_dat,2024-08-04,15,16.57017731666565,MY,15.810070037841797,0.8100700378417969,1,thetao_MY_20240101_20241231.nc
97_dat,2024-08-04,20,15.924893952906132,MY,18.495559692382812,1.5044403076171875,1,thetao_MY_20240101_20241231.nc
97_dat,2024-08-04,30,13.924588769674301,MY,29.444730758666992,0.5552692413330078,1,thetao_MY_20240101_20241231.nc
97_dat,2024-08-05,5,20.474837489426136,MY,5.078224182128906,0.07822418212890625,1,thetao_MY_20240101_20241231.nc
97_dat,2024-08-05,10,18.801202431321144,MY,9.572997093200684,0.4270029067993164,1,thetao_MY_20240101_20241231.nc
97_dat,2024-08-05,15,16.86828211694956,MY,15.810070037841797,0.8100700378417969,1,thetao_MY_20240101_20241231.nc
97_dat,2024-08-05,20,16.179784543812275,MY,18.495559692382812,1.5044403076171875,1,thetao_MY_20240101_20241231.nc
97_dat,2024-08-05,30,14.041047401726246,MY,29.444730758666992,0.5552692413330078,1,thetao_MY_20240101_20241231.nc
97_dat,2024-08-06,5,20.93041779845953,MY,5.078224182128906,0.07822418212890625,1,thetao_MY_20240101_20241231.nc
97_dat,2024-08-06,10,19.141788996756077,MY,9.572997093200684,0.4270029067993164,1,thetao_MY_20240101_20241231.nc
97_dat,2024-08-06,15,17.194219797849655,MY,15.810070037841797,0.8100700378417969,1,thetao_MY_20240101_20241231.nc
97_dat,2024-08-06,20,16.446394242346287,MY,18.495559692382812,1.5044403076171875,1,thetao_MY_20240101_20241231.nc
97_dat,2024-08-06,30,14.106967382133007,MY,29.444730758666992,0.5552692413330078,1,thetao_MY_20240101_20241231.nc
97_dat,2024-08-07,5,21.497329629957676,MY,5.078224182128906,0.07822418212890625,1,thetao_MY_20240101_20241231.nc
97_dat,2024-08-07,10,19.595904417335987,MY,9.572997093200684,0.4270029067993164,1,thetao_MY_20240101_20241231.nc
97_dat,2024-08-07,15,17.443250834941864,MY,15.810070037841797,0.8100700378417969,1,thetao_MY_20240101_20241231.nc
97_dat,2024-08-07,20,16.616321302950382,MY,18.495559692382812,1.5044403076171875,1,thetao_MY_20240101_20241231.nc
97_dat,2024-08-07,30,14.076204724609852,MY,29.444730758666992,0.5552692413330078,1,thetao_MY_20240101_20241231.nc
97_dat,2024-08-08,5,21.751487776637077,MY,5.078224182128906,0.07822418212890625,1,thetao_MY_20240101_20241231.nc
97_dat,2024-08-08,10,19.922574542462826,MY,9.572997093200684,0.4270029067993164,1,thetao_MY_20240101_20241231.nc
97_dat,2024-08-08,15,17.627094335854053,MY,15.810070037841797,0.8100700378417969,1,thetao_MY_20240101_20241231.nc
97_dat,2024-08-08,20,16.740104377269745,MY,18.495559692382812,1.5044403076171875,1,thetao_MY_20240101_20241231.nc
97_dat,2024-08-08,30,14.047639399766922,MY,29.444730758666992,0.5552692413330078,1,thetao_MY_20240101_20241231.nc
97_dat,2024-08-09,5,21.754417553544044,MY,5.078224182128906,0.07822418212890625,1,thetao_MY_20240101_20241231.nc
97_dat,2024-08-09,10,20.027314066886902,MY,9.572997093200684,0.4270029067993164,1,thetao_MY_20240101_20241231.nc
97_dat,2024-08-09,15,17.76845607161522,MY,15.810070037841797,0.8100700378417969,1,thetao_MY_20240101_20241231.nc
97_dat,2024-08-09,20,16.882931001484394,MY,18.495559692382812,1.5044403076171875,1,thetao_MY_20240101_20241231.nc
97_dat,2024-08-09,30,14.10403760522604,MY,29.444730758666992,0.5552692413330078,1,thetao_MY_20240101_20241231.nc
97_dat,2024-08-10,5,21.81814020127058,MY,5.078224182128906,0.07822418212890625,1,thetao_MY_20240101_20241231.nc
97_dat,2024-08-10,10,20.159154027700424,MY,9.572997093200684,0.4270029067993164,1,thetao_MY_20240101_20241231.nc
97_dat,2024-08-10,15,18.04751732200384,MY,15.810070037841797,0.8100700378417969,1,thetao_MY_20240101_20241231.nc
97_dat,2024-08-10,20,17.185430467128754,MY,18.495559692382812,1.5044403076171875,1,thetao_MY_20240101_20241231.nc
97_dat,2024-08-10,30,14.28788110613823,MY,29.444730758666992,0.5552692413330078,1,thetao_MY_20240101_20241231.nc
97_dat,2024-08-11,5,21.999053925275803,MY,5.078224182128906,0.07822418212890625,1,thetao_MY_20240101_20241231.nc
97_dat,2024-08-11,10,20.273415327072144,MY,9.572997093200684,0.4270029067993164,1,thetao_MY_20240101_20241231.nc
97_dat,2024-08-11,15,18.07901242375374,MY,15.810070037841797,0.8100700378417969,1,thetao_MY_20240101_20241231.nc
97_dat,2024-08-11,20,17.26526688784361,MY,18.495559692382812,1.5044403076171875,1,thetao_MY_20240101_20241231.nc
97_dat,2024-08-11,30,14.389690853655338,MY,29.444730758666992,0.5552692413330078,1,thetao_MY_20240101_20241231.nc
97_dat,2024-08-12,5,22.875789664685726,MY,5.078224182128906,0.07822418212890625,1,thetao_MY_20240101_20241231.nc
97_dat,2024-08-12,10,21.561784721910954,MY,9.572997093200684,0.4270029067993164,1,thetao_MY_20240101_20241231.nc
97_dat,2024-08-12,15,19.86324656009674,MY,15.810070037841797,0.8100700378417969,1,thetao_MY_20240101_20241231.nc
97_dat,2024-08-12,20,19.066347241401672,MY,18.495559692382812,1.5044403076171875,1,thetao_MY_20240101_20241231.nc
97_dat,2024-08-12,30,14.911923587322235,MY,29.444730758666992,0.5552692413330078,1,thetao_MY_20240101_20241231.nc
97_dat,2024-08-13,5,22.786431469023228,MY,5.078224182128906,0.07822418212890625,1,thetao_MY_20240101_20241231.nc
97_dat,2024-08-13,10,22.651661731302738,MY,9.572997093200684,0.4270029067993164,1,thetao_MY_20240101_20241231.nc
97_dat,2024-08-13,15,22.05545213073492,MY,15.810070037841797,0.8100700378417969,1,thetao_MY_20240101_20241231.nc
97_dat,2024-08-13,20,21.854029968380928,MY,18.495559692382812,1.5044403076171875,1,thetao_MY_20240101_20241231.nc
97_dat,2024-08-13,30,16.567247539758682,MY,29.444730758666992,0.5552692413330078,1,thetao_MY_20240101_20241231.nc
97_dat,2024-08-14,5,23.231025114655495,MY,5.078224182128906,0.07822418212890625,1,thetao_MY_20240101_20241231.nc
97_dat,2024-08-14,10,23.030335396528244,MY,9.572997093200684,0.4270029067993164,1,thetao_MY_20240101_20241231.nc
97_dat,2024-08-14,15,22.36234626173973,MY,15.810070037841797,0.8100700378417969,1,thetao_MY_20240101_20241231.nc
97_dat,2024-08-14,20,21.804956205189228,MY,18.495559692382812,1.5044403076171875,1,thetao_MY_20240101_20241231.nc
97_dat,2024-08-14,30,17.841700494289398,MY,29.444730758666992,0.5552692413330078,1,thetao_MY_20240101_20241231.nc
97_dat,2024-08-15,5,23.27057710289955,MY,5.078224182128906,0.07822418212890625,1,thetao_MY_20240101_20241231.nc
97_dat,2024-08-15,10,22.81939145922661,MY,9.572997093200684,0.4270029067993164,1,thetao_MY_20240101_20241231.nc
97_dat,2024-08-15,15,21.227057710289955,MY,15.810070037841797,0.8100700378417969,1,thetao_MY_20240101_20241231.nc
97_dat,2024-08-15,20,20.56273079663515,MY,18.495559692382812,1.5044403076171875,1,thetao_MY_20240101_20241231.nc
97_dat,2024-08-15,30,18.191808834671974,MY,29.444730758666992,0.5552692413330078,1,thetao_MY_20240101_20241231.nc
97_dat,2024-08-16,5,23.352610856294632,MY,5.078224182128906,0.07822418212890625,1,thetao_MY_20240101_20241231.nc
97_dat,2024-08-16,10,22.981261633336544,MY,9.572997093200684,0.4270029067993164,1,thetao_MY_20240101_20241231.nc
97_dat,2024-08-16,15,21.504654072225094,MY,15.810070037841797,0.8100700378417969,1,thetao_MY_20240101_20241231.nc
97_dat,2024-08-16,20,20.679189428687096,MY,18.495559692382812,1.5044403076171875,1,thetao_MY_20240101_20241231.nc
97_dat,2024-08-16,30,18.10025330632925,MY,29.444730758666992,0.5552692413330078,1,thetao_MY_20240101_20241231.nc
97_dat,2024-08-17,5,23.18048646301031,MY,5.078224182128906,0.07822418212890625,1,thetao_MY_20240101_20241231.nc
97_dat,2024-08-17,10,23.06915494054556,MY,9.572997093200684,0.4270029067993164,1,thetao_MY_20240101_20241231.nc
97_dat,2024-08-17,15,21.506118960678577,MY,15.810070037841797,0.8100700378417969,1,thetao_MY_20240101_20241231.nc
97_dat,2024-08-17,20,20.515121921896935,MY,18.495559692382812,1.5044403076171875,1,thetao_MY_20240101_20241231.nc
97_dat,2024-08-17,30,17.5963316783309,MY,29.444730758666992,0.5552692413330078,1,thetao_MY_20240101_20241231.nc
97_dat,2024-08-18,5,23.269112214446068,MY,5.078224182128906,0.07822418212890625,1,thetao_MY_20240101_20241231.nc
97_dat,2024-08-18,10,23.02813806384802,MY,9.572997093200684,0.4270029067993164,1,thetao_MY_20240101_20241231.nc
97_dat,2024-08-18,15,21.13550218194723,MY,15.810070037841797,0.8100700378417969,1,thetao_MY_20240101_20241231.nc
97_dat,2024-08-18,20,20.230201117694378,MY,18.495559692382812,1.5044403076171875,1,thetao_MY_20240101_20241231.nc
97_dat,2024-08-18,30,17.160527363419533,MY,29.444730758666992,0.5552692413330078,1,thetao_MY_20240101_20241231.nc
97_dat,2024-08-19,5,23.329172641038895,MY,5.078224182128906,0.07822418212890625,1,thetao_MY_20240101_20241231.nc
97_dat,2024-08-19,10,23.031800284981728,MY,9.572997093200684,0.4270029067993164,1,thetao_MY_20240101_20241231.nc
97_dat,2024-08-19,15,21.463637195527554,MY,15.810070037841797,0.8100700378417969,1,thetao_MY_20240101_20241231.nc
97_dat,2024-08-19,20,20.585436567664146,MY,18.495559692382812,1.5044403076171875,1,thetao_MY_20240101_20241231.nc
97_dat,2024-08-19,30,17.158330030739307,MY,29.444730758666992,0.5552692413330078,1,thetao_MY_20240101_20241231.nc
97_dat,2024-08-20,5,23.32258064299822,MY,5.078224182128906,0.07822418212890625,1,thetao_MY_20240101_20241231.nc
97_dat,2024-08-20,10,23.14679402858019,MY,9.572997093200684,0.4270029067993164,1,thetao_MY_20240101_20241231.nc
97_dat,2024-08-20,15,21.889187291264534,MY,15.810070037841797,0.8100700378417969,1,thetao_MY_20240101_20241231.nc
97_dat,2024-08-20,20,20.986083559691906,MY,18.495559692382812,1.5044403076171875,1,thetao_MY_20240101_20241231.nc
97_dat,2024-08-20,30,17.132694482803345,MY,29.444730758666992,0.5552692413330078,1,thetao_MY_20240101_20241231.nc
97_dat,2024-08-21,5,23.277169100940228,MY,5.078224182128906,0.07822418212890625,1,thetao_MY_20240101_20241231.nc
97_dat,2024-08-21,10,23.25299844145775,MY,9.572997093200684,0.4270029067993164,1,thetao_MY_20240101_20241231.nc
97_dat,2024-08-21,15,22.009308144450188,MY,15.810070037841797,0.8100700378417969,1,thetao_MY_20240101_20241231.nc
97_dat,2024-08-21,20,21.017578661441803,MY,18.495559692382812,1.5044403076171875,1,thetao_MY_20240101_20241231.nc
97_dat,2024-08-21,30,16.81554613262415,MY,29.444730758666992,0.5552692413330078,1,thetao_MY_20240101_20241231.nc
97_dat,2024-08-22,5,23.277169100940228,MY,5.078224182128906,0.07822418212890625,1,thetao_MY_20240101_20241231.nc
97_dat,2024-08-22,10,23.295480206608772,MY,9.572997093200684,0.4270029067993164,1,thetao_MY_20240101_20241231.nc
97_dat,2024-08-22,15,22.576952420175076,MY,15.810070037841797,0.8100700378417969,1,thetao_MY_20240101_20241231.nc
97_dat,2024-08-22,20,21.5976744890213,MY,18.495559692382812,1.5044403076171875,1,thetao_MY_20240101_20241231.nc
97_dat,2024-08-22,30,16.891720332205296,MY,29.444730758666992,0.5552692413330078,1,thetao_MY_20240101_20241231.nc
97_dat,2024-08-23,5,23.419263280928135,MY,5.078224182128906,0.07822418212890625,1,thetao_MY_20240101_20241231.nc
97_dat,2024-08-23,10,23.37604907155037,MY,9.572997093200684,0.4270029067993164,1,thetao_MY_20240101_20241231.nc
97_dat,2024-08-23,15,22.481734670698643,MY,15.810070037841797,0.8100700378417969,1,thetao_MY_20240101_20241231.nc
97_dat,2024-08-23,20,21.594744712114334,MY,18.495559692382812,1.5044403076171875,1,thetao_MY_20240101_20241231.nc
97_dat,2024-08-23,30,17.072634056210518,MY,29.444730758666992,0.5552692413330078,1,thetao_MY_20240101_20241231.nc
97_dat,2024-08-24,5,23.58479567617178,MY,5.078224182128906,0.07822418212890625,1,thetao_MY_20240101_20241231.nc
97_dat,2024-08-24,10,23.30207220464945,MY,9.572997093200684,0.4270029067993164,1,thetao_MY_20240101_20241231.nc
97_dat,2024-08-24,15,21.751487776637077,MY,15.810070037841797,0.8100700378417969,1,thetao_MY_20240101_20241231.nc
97_dat,2024-08-24,20,20.916501358151436,MY,18.495559692382812,1.5044403076171875,1,thetao_MY_20240101_20241231.nc
97_dat,2024-08-24,30,16.76720481365919,MY,29.444730758666992,0.5552692413330078,1,thetao_MY_20240101_20241231.nc
97_dat,2024-08-25,5,23.800134278833866,MY,5.078224182128906,0.07822418212890625,1,thetao_MY_20240101_20241231.nc
97_dat,2024-08-25,10,23.614825889468193,MY,9.572997093200684,0.4270029067993164,1,thetao_MY_20240101_20241231.nc
97_dat,2024-08-25,15,22.11185033619404,MY,15.810070037841797,0.8100700378417969,1,thetao_MY_20240101_20241231.nc
97_dat,2024-08-25,20,21.149418622255325,MY,18.495559692382812,1.5044403076171875,1,thetao_MY_20240101_20241231.nc
97_dat,2024-08-25,30,16.52989288419485,MY,29.444730758666992,0.5552692413330078,1,thetao_MY_20240101_20241231.nc
97_dat,2024-08-26,5,23.89608447253704,MY,5.078224182128906,0.07822418212890625,1,thetao_MY_20240101_20241231.nc
97_dat,2024-08-26,10,23.901944026350975,MY,9.572997093200684,0.4270029067993164,1,thetao_MY_20240101_20241231.nc
97_dat,2024-08-26,15,22.25907162576914,MY,15.810070037841797,0.8100700378417969,1,thetao_MY_20240101_20241231.nc
97_dat,2024-08-26,20,21.095950193703175,MY,18.495559692382812,1.5044403076171875,1,thetao_MY_20240101_20241231.nc
97_dat,2024-08-26,30,15.784264661371708,MY,29.444730758666992,0.5552692413330078,1,thetao_MY_20240101_20241231.nc
97_dat,2024-08-27,5,24.09970396757126,MY,5.078224182128906,0.07822418212890625,1,thetao_MY_20240101_20241231.nc
97_dat,2024-08-27,10,24.131931513547897,MY,9.572997093200684,0.4270029067993164,1,thetao_MY_20240101_20241231.nc
97_dat,2024-08-27,15,22.536667987704277,MY,15.810070037841797,0.8100700378417969,1,thetao_MY_20240101_20241231.nc
97_dat,2024-08-27,20,21.268807031214237,MY,18.495559692382812,1.5044403076171875,1,thetao_MY_20240101_20241231.nc
97_dat,2024-08-27,30,14.996154673397541,MY,29.444730758666992,0.5552692413330078,1,thetao_MY_20240101_20241231.nc
97_dat,2024-08-28,5,24.22714926302433,MY,5.078224182128906,0.07822418212890625,1,thetao_MY_20240101_20241231.nc
97_dat,2024-08-28,10,24.3458052277565,MY,9.572997093200684,0.4270029067993164,1,thetao_MY_20240101_20241231.nc
97_dat,2024-08-28,15,23.45881526917219,MY,15.810070037841797,0.8100700378417969,1,thetao_MY_20240101_20241231.nc
97_dat,2024-08-28,20,22.646534621715546,MY,18.495559692382812,1.5044403076171875,1,thetao_MY_20240101_20241231.nc
97_dat,2024-08-28,30,15.792321547865868,MY,29.444730758666992,0.5552692413330078,1,thetao_MY_20240101_20241231.nc
97_dat,2024-08-29,5,24.444685198366642,MY,5.078224182128906,0.07822418212890625,1,thetao_MY_20240101_20241231.nc
97_dat,2024-08-29,10,24.477645188570023,MY,9.572997093200684,0.4270029067993164,1,thetao_MY_20240101_20241231.nc
97_dat,2024-08-29,15,23.140202030539513,MY,15.810070037841797,0.8100700378417969,1,thetao_MY_20240101_20241231.nc
97_dat,2024-08-29,20,22.16092409938574,MY,18.495559692382812,1.5044403076171875,1,thetao_MY_20240101_20241231.nc
97_dat,2024-08-29,30,15.925626397132874,MY,29.444730758666992,0.5552692413330078,1,thetao_MY_20240101_20241231.nc
97_dat,2024-08-30,5,24.72154911607504,MY,5.078224182128906,0.07822418212890625,1,thetao_MY_20240101_20241231.nc
97_dat,2024-08-30,10,24.745719775557518,MY,9.572997093200684,0.4270029067993164,1,thetao_MY_20240101_20241231.nc
97_dat,2024-08-30,15,23.258857995271683,MY,15.810070037841797,0.8100700378417969,1,thetao_MY_20240101_20241231.nc
97_dat,2024-08-30,20,22.11697744578123,MY,18.495559692382812,1.5044403076171875,1,thetao_MY_20240101_20241231.nc
97_dat,2024-08-30,30,15.452467426657677,MY,29.444730758666992,0.5552692413330078,1,thetao_MY_20240101_20241231.nc
97_dat,2024-08-31,5,24.814569532871246,MY,5.078224182128906,0.07822418212890625,1,thetao_MY_20240101_20241231.nc
97_dat,2024-08-31,10,24.985229037702084,MY,9.572997093200684,0.4270029067993164,1,thetao_MY_20240101_20241231.nc
97_dat,2024-08-31,15,23.922452464699745,MY,15.810070037841797,0.8100700378417969,1,thetao_MY_20240101_20241231.nc
97_dat,2024-08-31,20,22.960753194987774,MY,18.495559692382812,1.5044403076171875,1,thetao_MY_20240101_20241231.nc
97_dat,2024-08-31,30,15.399731442332268,MY,29.444730758666992,0.5552692413330078,1,thetao_MY_20240101_20241231.nc
97_dat,2024-09-01,5,24.99182103574276,MY,5.078224182128906,0.07822418212890625,1,thetao_MY_20240101_20241231.nc
97_dat,2024-09-01,10,25.032105468213558,MY,9.572997093200684,0.4270029067993164,1,thetao_MY_20240101_20241231.nc
97_dat,2024-09-01,15,23.603106781840324,MY,15.810070037841797,0.8100700378417969,1,thetao_MY_20240101_20241231.nc
97_dat,2024-09-01,20,22.610644854605198,MY,18.495559692382812,1.5044403076171875,1,thetao_MY_20240101_20241231.nc
97_dat,2024-09-01,30,15.80550554394722,MY,29.444730758666992,0.5552692413330078,1,thetao_MY_20240101_20241231.nc
97_dat,2024-09-02,5,25.161748096346855,MY,5.078224182128906,0.07822418212890625,1,thetao_MY_20240101_20241231.nc
97_dat,2024-09-02,10,24.569200716912746,MY,9.572997093200684,0.4270029067993164,1,thetao_MY_20240101_20241231.nc
97_dat,2024-09-02,15,22.27152317762375,MY,15.810070037841797,0.8100700378417969,1,thetao_MY_20240101_20241231.nc
97_dat,2024-09-02,20,20.981688894331455,MY,18.495559692382812,1.5044403076171875,1,thetao_MY_20240101_20241231.nc
97_dat,2024-09-02,30,15.135319076478481,MY,29.444730758666992,0.5552692413330078,1,thetao_MY_20240101_20241231.nc
97_dat,2024-09-03,5,24.906857505440712,MY,5.078224182128906,0.07822418212890625,1,thetao_MY_20240101_20241231.nc
97_dat,2024-09-03,10,23.786950282752514,MY,9.572997093200684,0.4270029067993164,1,thetao_MY_20240101_20241231.nc
97_dat,2024-09-03,15,20.584704123437405,MY,15.810070037841797,0.8100700378417969,1,thetao_MY_20240101_20241231.nc
97_dat,2024-09-03,20,19.256782740354538,MY,18.495559692382812,1.5044403076171875,1,thetao_MY_20240101_20241231.nc
97_dat,2024-09-03,30,13.892361223697662,MY,29.444730758666992,0.5552692413330078,1,thetao_MY_20240101_20241231.nc
97_dat,2024-09-04,5,24.82482375204563,MY,5.078224182128906,0.07822418212890625,1,thetao_MY_20240101_20241231.nc
97_dat,2024-09-04,10,23.963469341397285,MY,9.572997093200684,0.4270029067993164,1,thetao_MY_20240101_20241231.nc
97_dat,2024-09-04,15,20.7949156165123,MY,15.810070037841797,0.8100700378417969,1,thetao_MY_20240101_20241231.nc
97_dat,2024-09-04,20,19.428174689412117,MY,18.495559692382812,1.5044403076171875,1,thetao_MY_20240101_20241231.nc
97_dat,2024-09-04,30,13.610370196402073,MY,29.444730758666992,0.5552692413330078,1,thetao_MY_20240101_20241231.nc
97_dat,2024-09-05,5,24.698843345046043,MY,5.078224182128906,0.07822418212890625,1,thetao_MY_20240101_20241231.nc
97_dat,2024-09-05,10,24.24399548023939,MY,9.572997093200684,0.4270029067993164,1,thetao_MY_20240101_20241231.nc
97_dat,2024-09-05,15,21.093020416796207,MY,15.810070037841797,0.8100700378417969,1,thetao_MY_20240101_20241231.nc
97_dat,2024-09-05,20,19.734336376190186,MY,18.495559692382812,1.5044403076171875,1,thetao_MY_20240101_20241231.nc
97_dat,2024-09-05,30,13.24488052725792,MY,29.444730758666992,0.5552692413330078,1,thetao_MY_20240101_20241231.nc
97_dat,2024-09-06,5,24.302591018378735,MY,5.078224182128906,0.07822418212890625,1,thetao_MY_20240101_20241231.nc
97_dat,2024-09-06,10,22.507370218634605,MY,9.572997093200684,0.4270029067993164,1,thetao_MY_20240101_20241231.nc
97_dat,2024-09-06,15,18.526535846292973,MY,15.810070037841797,0.8100700378417969,1,thetao_MY_20240101_20241231.nc
97_dat,2024-09-06,20,17.029419846832752,MY,18.495559692382812,1.5044403076171875,1,thetao_MY_20240101_20241231.nc
97_dat,2024-09-06,30,11.753624081611633,MY,29.444730758666992,0.5552692413330078,1,thetao_MY_20240101_20241231.nc
97_dat,2024-09-07,5,24.36265144497156,MY,5.078224182128906,0.07822418212890625,1,thetao_MY_20240101_20241231.nc
97_dat,2024-09-07,10,23.512283697724342,MY,9.572997093200684,0.4270029067993164,1,thetao_MY_20240101_20241231.nc
97_dat,2024-09-07,15,20.289529100060463,MY,15.810070037841797,0.8100700378417969,1,thetao_MY_20240101_20241231.nc
97_dat,2024-09-07,20,19.26190984994173,MY,18.495559692382812,1.5044403076171875,1,thetao_MY_20240101_20241231.nc
97_dat,2024-09-07,30,12.724112682044506,MY,29.444730758666992,0.5552692413330078,1,thetao_MY_20240101_20241231.nc
97_dat,2024-09-08,5,24.131931513547897,MY,5.078224182128906,0.07822418212890625,1,thetao_MY_20240101_20241231.nc
97_dat,2024-09-08,10,22.745414592325687,MY,9.572997093200684,0.4270029067993164,1,thetao_MY_20240101_20241231.nc
97_dat,2024-09-08,15,19.96578875184059,MY,15.810070037841797,0.8100700378417969,1,thetao_MY_20240101_20241231.nc
97_dat,2024-09-08,20,18.79900509864092,MY,18.495559692382812,1.5044403076171875,1,thetao_MY_20240101_20241231.nc
97_dat,2024-09-08,30,12.763664670288563,MY,29.444730758666992,0.5552692413330078,1,thetao_MY_20240101_20241231.nc
97_dat,2024-09-09,5,23.919522687792778,MY,5.078224182128906,0.07822418212890625,1,thetao_MY_20240101_20241231.nc
97_dat,2024-09-09,10,22.283242285251617,MY,9.572997093200684,0.4270029067993164,1,thetao_MY_20240101_20241231.nc
97_dat,2024-09-09,15,18.99603259563446,MY,15.810070037841797,0.8100700378417969,1,thetao_MY_20240101_20241231.nc
97_dat,2024-09-09,20,17.517960146069527,MY,18.495559692382812,1.5044403076171875,1,thetao_MY_20240101_20241231.nc
97_dat,2024-09-09,30,12.363017678260803,MY,29.444730758666992,0.5552692413330078,1,thetao_MY_20240101_20241231.nc
97_dat,2024-09-10,5,24.1897946074605,MY,5.078224182128906,0.07822418212890625,1,thetao_MY_20240101_20241231.nc
97_dat,2024-09-10,10,23.643391214311123,MY,9.572997093200684,0.4270029067993164,1,thetao_MY_20240101_20241231.nc
97_dat,2024-09-10,15,20.396465957164764,MY,15.810070037841797,0.8100700378417969,1,thetao_MY_20240101_20241231.nc
97_dat,2024-09-10,20,19.13446455448866,MY,18.495559692382812,1.5044403076171875,1,thetao_MY_20240101_20241231.nc
97_dat,2024-09-10,30,12.838373981416225,MY,29.444730758666992,0.5552692413330078,1,thetao_MY_20240101_20241231.nc
97_dat,2024-09-11,5,24.074800863862038,MY,5.078224182128906,0.07822418212890625,1,thetao_MY_20240101_20241231.nc
97_dat,2024-09-11,10,23.12335581332445,MY,9.572997093200684,0.4270029067993164,1,thetao_MY_20240101_20241231.nc
97_dat,2024-09-11,15,19.917447432875633,MY,15.810070037841797,0.8100700378417969,1,thetao_MY_20240101_20241231.nc
97_dat,2024-09-11,20,18.453291423618793,MY,18.495559692382812,1.5044403076171875,1,thetao_MY_20240101_20241231.nc
97_dat,2024-09-11,30,12.39817500114441,MY,29.444730758666992,0.5552692413330078,1,thetao_MY_20240101_20241231.nc
97_dat,2024-09-12,5,23.979583114385605,MY,5.078224182128906,0.07822418212890625,1,thetao_MY_20240101_20241231.nc
97_dat,2024-09-12,10,23.729819633066654,MY,9.572997093200684,0.4270029067993164,1,thetao_MY_20240101_20241231.nc
97_dat,2024-09-12,15,21.10986663401127,MY,15.810070037841797,0.8100700378417969,1,thetao_MY_20240101_20241231.nc
97_dat,2024-09-12,20,20.42283394932747,MY,18.495559692382812,1.5044403076171875,1,thetao_MY_20240101_20241231.nc
97_dat,2024-09-12,30,13.435316026210785,MY,29.444730758666992,0.5552692413330078,1,thetao_MY_20240101_20241231.nc
97_dat,2024-09-13,5,23.677083648741245,MY,5.078224182128906,0.07822418212890625,1,thetao_MY_20240101_20241231.nc
97_dat,2024-09-13,10,22.694143496453762,MY,9.572997093200684,0.4270029067993164,1,thetao_MY_20240101_20241231.nc
97_dat,2024-09-13,15,20.093966491520405,MY,15.810070037841797,0.8100700378417969,1,thetao_MY_20240101_20241231.nc
97_dat,2024-09-13,20,19.026795253157616,MY,18.495559692382812,1.5044403076171875,1,thetao_MY_20240101_20241231.nc
97_dat,2024-09-13,30,13.135746337473392,MY,29.444730758666992,0.5552692413330078,1,thetao_MY_20240101_20241231.nc
97_dat,2024-09-14,5,23.47859126329422,MY,5.078224182128906,0.07822418212890625,1,thetao_MY_20240101_20241231.nc
97_dat,2024-09-14,10,22.92632831633091,MY,9.572997093200684,0.4270029067993164,1,thetao_MY_20240101_20241231.nc
97_dat,2024-09-14,15,20.487289041280746,MY,15.810070037841797,0.8100700378417969,1,thetao_MY_20240101_20241231.nc
97_dat,2024-09-14,20,19.346140936017036,MY,18.495559692382812,1.5044403076171875,1,thetao_MY_20240101_20241231.nc
97_dat,2024-09-14,30,13.250740081071854,MY,29.444730758666992,0.5552692413330078,1,thetao_MY_20240101_20241231.nc
97_dat,2024-09-15,5,23.20465712249279,MY,5.078224182128906,0.07822418212890625,1,thetao_MY_20240101_20241231.nc
97_dat,2024-09-15,10,22.793023467063904,MY,9.572997093200684,0.4270029067993164,1,thetao_MY_20240101_20241231.nc
97_dat,2024-09-15,15,20.408185064792633,MY,15.810070037841797,0.8100700378417969,1,thetao_MY_20240101_20241231.nc
97_dat,2024-09-15,20,19.288277842104435,MY,18.495559692382812,1.5044403076171875,1,thetao_MY_20240101_20241231.nc
97_dat,2024-09-15,30,13.157719664275646,MY,29.444730758666992,0.5552692413330078,1,thetao_MY_20240101_20241231.nc
97_dat,2024-09-16,5,22.953428752720356,MY,5.078224182128906,0.07822418212890625,1,thetao_MY_20240101_20241231.nc
97_dat,2024-09-16,10,22.943906977772713,MY,9.572997093200684,0.4270029067993164,1,thetao_MY_20240101_20241231.nc
97_dat,2024-09-16,15,21.94412060827017,MY,15.810070037841797,0.8100700378417969,1,thetao_MY_20240101_20241231.nc
97_dat,2024-09-16,20,21.36841944605112,MY,18.495559692382812,1.5044403076171875,1,thetao_MY_20240101_20241231.nc
97_dat,2024-09-16,30,14.347209088504314,MY,29.444730758666992,0.5552692413330078,1,thetao_MY_20240101_20241231.nc
97_dat,2024-09-17,5,22.858943447470665,MY,5.078224182128906,0.07822418212890625,1,thetao_MY_20240101_20241231.nc
97_dat,2024-09-17,10,22.70586260408163,MY,9.572997093200684,0.4270029067993164,1,thetao_MY_20240101_20241231.nc
97_dat,2024-09-17,15,20.95532090216875,MY,15.810070037841797,0.8100700378417969,1,thetao_MY_20240101_20241231.nc
97_dat,2024-09-17,20,19.991424299776554,MY,18.495559692382812,1.5044403076171875,1,thetao_MY_20240101_20241231.nc
97_dat,2024-09-17,30,14.056428730487823,MY,29.444730758666992,0.5552692413330078,1,thetao_MY_20240101_20241231.nc
97_dat,2024-09-18,5,22.784234136343002,MY,5.078224182128906,0.07822418212890625,1,thetao_MY_20240101_20241231.nc
97_dat,2024-09-18,10,22.752739034593105,MY,9.572997093200684,0.4270029067993164,1,thetao_MY_20240101_20241231.nc
97_dat,2024-09-18,15,21.329599902033806,MY,15.810070037841797,0.8100700378417969,1,thetao_MY_20240101_20241231.nc
97_dat,2024-09-18,20,20.44773705303669,MY,18.495559692382812,1.5044403076171875,1,thetao_MY_20240101_20241231.nc
97_dat,2024-09-18,30,14.342814423143864,MY,29.444730758666992,0.5552692413330078,1,thetao_MY_20240101_20241231.nc
97_dat,2024-09-19,5,22.773979917168617,MY,5.078224182128906,0.07822418212890625,1,thetao_MY_20240101_20241231.nc
97_dat,2024-09-19,10,22.64360484480858,MY,9.572997093200684,0.4270029067993164,1,thetao_MY_20240101_20241231.nc
97_dat,2024-09-19,15,20.997070223093033,MY,15.810070037841797,0.8100700378417969,1,thetao_MY_20240101_20241231.nc
97_dat,2024-09-19,20,20.106418043375015,MY,18.495559692382812,1.5044403076171875,1,thetao_MY_20240101_20241231.nc
97_dat,2024-09-19,30,14.668019659817219,MY,29.444730758666992,0.5552692413330078,1,thetao_MY_20240101_20241231.nc
97_dat,2024-09-20,5,22.515427105128765,MY,5.078224182128906,0.07822418212890625,1,thetao_MY_20240101_20241231.nc
97_dat,2024-09-20,10,22.12942899763584,MY,9.572997093200684,0.4270029067993164,1,thetao_MY_20240101_20241231.nc
97_dat,2024-09-20,15,20.232398450374603,MY,15.810070037841797,0.8100700378417969,1,thetao_MY_20240101_20241231.nc
97_dat,2024-09-20,20,19.226752527058125,MY,18.495559692382812,1.5044403076171875,1,thetao_MY_20240101_20241231.nc
97_dat,2024-09-20,30,14.603564567863941,MY,29.444730758666992,0.5552692413330078,1,thetao_MY_20240101_20241231.nc
97_dat,2024-09-21,5,22.10892055928707,MY,5.078224182128906,0.07822418212890625,1,thetao_MY_20240101_20241231.nc
97_dat,2024-09-21,10,22.016632586717606,MY,9.572997093200684,0.4270029067993164,1,thetao_MY_20240101_20241231.nc
97_dat,2024-09-21,15,20.797112949192524,MY,15.810070037841797,0.8100700378417969,1,thetao_MY_20240101_20241231.nc
97_dat,2024-09-21,20,19.713827937841415,MY,18.495559692382812,1.5044403076171875,1,thetao_MY_20240101_20241231.nc
97_dat,2024-09-21,30,14.940488912165165,MY,29.444730758666992,0.5552692413330078,1,thetao_MY_20240101_20241231.nc
97_dat,2024-09-22,5,21.784447766840458,MY,5.078224182128906,0.07822418212890625,1,thetao_MY_20240101_20241231.nc
97_dat,2024-09-22,10,21.78591265529394,MY,9.572997093200684,0.4270029067993164,1,thetao_MY_20240101_20241231.nc
97_dat,2024-09-22,15,21.701681569218636,MY,15.810070037841797,0.8100700378417969,1,thetao_MY_20240101_20241231.nc
97_dat,2024-09-22,20,21.322275459766388,MY,18.495559692382812,1.5044403076171875,1,thetao_MY_20240101_20241231.nc
97_dat,2024-09-22,30,15.861903749406338,MY,29.444730758666992,0.5552692413330078,1,thetao_MY_20240101_20241231.nc
97_dat,2024-09-23,5,21.693624682724476,MY,5.078224182128906,0.07822418212890625,1,thetao_MY_20240101_20241231.nc
97_dat,2024-09-23,10,21.692892238497734,MY,9.572997093200684,0.4270029067993164,1,thetao_MY_20240101_20241231.nc
97_dat,2024-09-23,15,21.68776512891054,MY,15.810070037841797,0.8100700378417969,1,thetao_MY_20240101_20241231.nc
97_dat,2024-09-23,20,21.405774101614952,MY,18.495559692382812,1.5044403076171875,1,thetao_MY_20240101_20241231.nc
97_dat,2024-09-23,30,16.64415418356657,MY,29.444730758666992,0.5552692413330078,1,thetao_MY_20240101_20241231.nc
97_dat,2024-09-24,5,21.3523056730628,MY,5.078224182128906,0.07822418212890625,1,thetao_MY_20240101_20241231.nc
97_dat,2024-09-24,10,21.3523056730628,MY,9.572997093200684,0.4270029067993164,1,thetao_MY_20240101_20241231.nc
97_dat,2024-09-24,15,21.361827448010445,MY,15.810070037841797,0.8100700378417969,1,thetao_MY_20240101_20241231.nc
97_dat,2024-09-24,20,21.328867457807064,MY,18.495559692382812,1.5044403076171875,1,thetao_MY_20240101_20241231.nc
97_dat,2024-09-24,30,19.174016542732716,MY,29.444730758666992,0.5552692413330078,1,thetao_MY_20240101_20241231.nc
97_dat,2024-09-25,5,20.966307565569878,MY,5.078224182128906,0.07822418212890625,1,thetao_MY_20240101_20241231.nc
97_dat,2024-09-25,10,20.966307565569878,MY,9.572997093200684,0.4270029067993164,1,thetao_MY_20240101_20241231.nc
97_dat,2024-09-25,15,20.96704000979662,MY,15.810070037841797,0.8100700378417969,1,thetao_MY_20240101_20241231.nc
97_dat,2024-09-25,20,20.968504898250103,MY,18.495559692382812,1.5044403076171875,1,thetao_MY_20240101_20241231.nc
97_dat,2024-09-25,30,20.581774346530437,MY,29.444730758666992,0.5552692413330078,1,thetao_MY_20240101_20241231.nc
97_dat,2024-09-26,5,20.6161992251873,MY,5.078224182128906,0.07822418212890625,1,thetao_MY_20240101_20241231.nc
97_dat,2024-09-26,10,20.617664113640785,MY,9.572997093200684,0.4270029067993164,1,thetao_MY_20240101_20241231.nc
97_dat,2024-09-26,15,20.6161992251873,MY,15.810070037841797,0.8100700378417969,1,thetao_MY_20240101_20241231.nc
97_dat,2024-09-26,20,20.6161992251873,MY,18.495559692382812,1.5044403076171875,1,thetao_MY_20240101_20241231.nc
97_dat,2024-09-26,30,20.539292581379414,MY,29.444730758666992,0.5552692413330078,1,thetao_MY_20240101_20241231.nc
97_dat,2024-09-27,5,20.36643574386835,MY,5.078224182128906,0.07822418212890625,1,thetao_MY_20240101_20241231.nc
97_dat,2024-09-27,10,20.359111301600933,MY,9.572997093200684,0.4270029067993164,1,thetao_MY_20240101_20241231.nc
97_dat,2024-09-27,15,20.356181524693966,MY,15.810070037841797,0.8100700378417969,1,thetao_MY_20240101_20241231.nc
97_dat,2024-09-27,20,20.35764641314745,MY,18.495559692382812,1.5044403076171875,1,thetao_MY_20240101_20241231.nc
97_dat,2024-09-27,30,20.25144200026989,MY,29.444730758666992,0.5552692413330078,1,thetao_MY_20240101_20241231.nc
97_dat,2024-09-28,5,20.281472213566303,MY,5.078224182128906,0.07822418212890625,1,thetao_MY_20240101_20241231.nc
97_dat,2024-09-28,10,20.27195043861866,MY,9.572997093200684,0.4270029067993164,1,thetao_MY_20240101_20241231.nc
97_dat,2024-09-28,15,20.269753105938435,MY,15.810070037841797,0.8100700378417969,1,thetao_MY_20240101_20241231.nc
97_dat,2024-09-28,20,20.271217994391918,MY,18.495559692382812,1.5044403076171875,1,thetao_MY_20240101_20241231.nc
97_dat,2024-09-28,30,20.044160284101963,MY,29.444730758666992,0.5552692413330078,1,thetao_MY_20240101_20241231.nc
97_dat,2024-09-29,5,20.348857082426548,MY,5.078224182128906,0.07822418212890625,1,thetao_MY_20240101_20241231.nc
97_dat,2024-09-29,10,20.34519486129284,MY,9.572997093200684,0.4270029067993164,1,thetao_MY_20240101_20241231.nc
97_dat,2024-09-29,15,20.342997528612614,MY,15.810070037841797,0.8100700378417969,1,thetao_MY_20240101_20241231.nc
97_dat,2024-09-29,20,20.344462417066097,MY,18.495559692382812,1.5044403076171875,1,thetao_MY_20240101_20241231.nc
97_dat,2024-09-29,30,19.896938994526863,MY,29.444730758666992,0.5552692413330078,1,thetao_MY_20240101_20241231.nc
97_dat,2024-09-30,5,20.506332591176033,MY,5.078224182128906,0.07822418212890625,1,thetao_MY_20240101_20241231.nc
97_dat,2024-09-30,10,20.50120548158884,MY,9.572997093200684,0.4270029067993164,1,thetao_MY_20240101_20241231.nc
97_dat,2024-09-30,15,20.498275704681873,MY,15.810070037841797,0.8100700378417969,1,thetao_MY_20240101_20241231.nc
97_dat,2024-09-30,20,20.496078372001648,MY,18.495559692382812,1.5044403076171875,1,thetao_MY_20240101_20241231.nc
97_dat,2024-09-30,30,19.836878567934036,MY,29.444730758666992,0.5552692413330078,1,thetao_MY_20240101_20241231.nc
97_dat,2024-10-01,5,20.704092532396317,MY,5.078224182128906,0.07822418212890625,1,thetao_MY_20240101_20241231.nc
97_dat,2024-10-01,10,20.70116275548935,MY,9.572997093200684,0.4270029067993164,1,thetao_MY_20240101_20241231.nc
97_dat,2024-10-01,15,20.70116275548935,MY,15.810070037841797,0.8100700378417969,1,thetao_MY_20240101_20241231.nc
97_dat,2024-10-01,20,20.698965422809124,MY,18.495559692382812,1.5044403076171875,1,thetao_MY_20240101_20241231.nc
97_dat,2024-10-01,30,19.56367687135935,MY,29.444730758666992,0.5552692413330078,1,thetao_MY_20240101_20241231.nc
97_dat,2024-10-02,5,20.838129825890064,MY,5.078224182128906,0.07822418212890625,1,thetao_MY_20240101_20241231.nc
97_dat,2024-10-02,10,20.837397381663322,MY,9.572997093200684,0.4270029067993164,1,thetao_MY_20240101_20241231.nc
97_dat,2024-10-02,15,20.83666493743658,MY,15.810070037841797,0.8100700378417969,1,thetao_MY_20240101_20241231.nc
97_dat,2024-10-02,20,20.824945829808712,MY,18.495559692382812,1.5044403076171875,1,thetao_MY_20240101_20241231.nc
97_dat,2024-10-02,30,19.221625417470932,MY,29.444730758666992,0.5552692413330078,1,thetao_MY_20240101_20241231.nc
97_dat,2024-10-03,5,20.83593249320984,MY,5.078224182128906,0.07822418212890625,1,thetao_MY_20240101_20241231.nc
97_dat,2024-10-03,10,20.83593249320984,MY,9.572997093200684,0.4270029067993164,1,thetao_MY_20240101_20241231.nc
97_dat,2024-10-03,15,20.830805383622646,MY,15.810070037841797,0.8100700378417969,1,thetao_MY_20240101_20241231.nc
97_dat,2024-10-03,20,20.77440717816353,MY,18.495559692382812,1.5044403076171875,1,thetao_MY_20240101_20241231.nc
97_dat,2024-10-03,30,18.772637106478214,MY,29.444730758666992,0.5552692413330078,1,thetao_MY_20240101_20241231.nc
97_dat,2024-10-04,5,20.837397381663322,MY,5.078224182128906,0.07822418212890625,1,thetao_MY_20240101_20241231.nc
97_dat,2024-10-04,10,20.84105960279703,MY,9.572997093200684,0.4270029067993164,1,thetao_MY_20240101_20241231.nc
97_dat,2024-10-04,15,20.841792047023773,MY,15.810070037841797,0.8100700378417969,1,thetao_MY_20240101_20241231.nc
97_dat,2024-10-04,20,20.851313821971416,MY,18.495559692382812,1.5044403076171875,1,thetao_MY_20240101_20241231.nc
97_dat,2024-10-04,30,18.87298196554184,MY,29.444730758666992,0.5552692413330078,1,thetao_MY_20240101_20241231.nc
97_dat,2024-10-05,5,20.898922696709633,MY,5.078224182128906,0.07822418212890625,1,thetao_MY_20240101_20241231.nc
97_dat,2024-10-05,10,20.895260475575924,MY,9.572997093200684,0.4270029067993164,1,thetao_MY_20240101_20241231.nc
97_dat,2024-10-05,15,20.896725364029408,MY,15.810070037841797,0.8100700378417969,1,thetao_MY_20240101_20241231.nc
97_dat,2024-10-05,20,20.805902279913425,MY,18.495559692382812,1.5044403076171875,1,thetao_MY_20240101_20241231.nc
97_dat,2024-10-05,30,18.432782985270023,MY,29.444730758666992,0.5552692413330078,1,thetao_MY_20240101_20241231.nc
97_dat,2024-10-06,5,20.956785790622234,MY,5.078224182128906,0.07822418212890625,1,thetao_MY_20240101_20241231.nc
97_dat,2024-10-06,10,20.956053346395493,MY,9.572997093200684,0.4270029067993164,1,thetao_MY_20240101_20241231.nc
97_dat,2024-10-06,15,20.97509689629078,MY,15.810070037841797,0.8100700378417969,1,thetao_MY_20240101_20241231.nc
97_dat,2024-10-06,20,20.898922696709633,MY,18.495559692382812,1.5044403076171875,1,thetao_MY_20240101_20241231.nc
97_dat,2024-10-06,30,18.33683279156685,MY,29.444730758666992,0.5552692413330078,1,thetao_MY_20240101_20241231.nc
97_dat,2024-10-07,5,20.909176915884018,MY,5.078224182128906,0.07822418212890625,1,thetao_MY_20240101_20241231.nc
97_dat,2024-10-07,10,20.909176915884018,MY,9.572997093200684,0.4270029067993164,1,thetao_MY_20240101_20241231.nc
97_dat,2024-10-07,15,20.93408001959324,MY,15.810070037841797,0.8100700378417969,1,thetao_MY_20240101_20241231.nc
97_dat,2024-10-07,20,20.9597155675292,MY,18.495559692382812,1.5044403076171875,1,thetao_MY_20240101_20241231.nc
97_dat,2024-10-07,30,18.826105535030365,MY,29.444730758666992,0.5552692413330078,1,thetao_MY_20240101_20241231.nc
97_dat,2024-10-08,5,20.871089816093445,MY,5.078224182128906,0.07822418212890625,1,thetao_MY_20240101_20241231.nc
97_dat,2024-10-08,10,20.86962492763996,MY,9.572997093200684,0.4270029067993164,1,thetao_MY_20240101_20241231.nc
97_dat,2024-10-08,15,20.90112002938986,MY,15.810070037841797,0.8100700378417969,1,thetao_MY_20240101_20241231.nc
97_dat,2024-10-08,20,20.8615680411458,MY,18.495559692382812,1.5044403076171875,1,thetao_MY_20240101_20241231.nc
97_dat,2024-10-08,30,18.617358930408955,MY,29.444730758666992,0.5552692413330078,1,thetao_MY_20240101_20241231.nc
97_dat,2024-10-09,5,20.77880184352398,MY,5.078224182128906,0.07822418212890625,1,thetao_MY_20240101_20241231.nc
97_dat,2024-10-09,10,20.77880184352398,MY,9.572997093200684,0.4270029067993164,1,thetao_MY_20240101_20241231.nc
97_dat,2024-10-09,15,20.7949156165123,MY,15.810070037841797,0.8100700378417969,1,thetao_MY_20240101_20241231.nc
97_dat,2024-10-09,20,20.745109409093857,MY,18.495559692382812,1.5044403076171875,1,thetao_MY_20240101_20241231.nc
97_dat,2024-10-09,30,18.48478652536869,MY,29.444730758666992,0.5552692413330078,1,thetao_MY_20240101_20241231.nc
97_dat,2024-10-10,5,20.68578142672777,MY,5.078224182128906,0.07822418212890625,1,thetao_MY_20240101_20241231.nc
97_dat,2024-10-10,10,20.68578142672777,MY,9.572997093200684,0.4270029067993164,1,thetao_MY_20240101_20241231.nc
97_dat,2024-10-10,15,20.687246315181255,MY,15.810070037841797,0.8100700378417969,1,thetao_MY_20240101_20241231.nc
97_dat,2024-10-10,20,20.71361430734396,MY,18.495559692382812,1.5044403076171875,1,thetao_MY_20240101_20241231.nc
97_dat,2024-10-10,30,18.52946562319994,MY,29.444730758666992,0.5552692413330078,1,thetao_MY_20240101_20241231.nc
97_dat,2024-10-11,5,20.614734336733818,MY,5.078224182128906,0.07822418212890625,1,thetao_MY_20240101_20241231.nc
97_dat,2024-10-11,10,20.614001892507076,MY,9.572997093200684,0.4270029067993164,1,thetao_MY_20240101_20241231.nc
97_dat,2024-10-11,15,20.613269448280334,MY,15.810070037841797,0.8100700378417969,1,thetao_MY_20240101_20241231.nc
97_dat,2024-10-11,20,20.61546678096056,MY,18.495559692382812,1.5044403076171875,1,thetao_MY_20240101_20241231.nc
97_dat,2024-10-11,30,18.483321636915207,MY,29.444730758666992,0.5552692413330078,1,thetao_MY_20240101_20241231.nc
97_dat,2024-10-12,5,20.539292581379414,MY,5.078224182128906,0.07822418212890625,1,thetao_MY_20240101_20241231.nc
97_dat,2024-10-12,10,20.53709524869919,MY,9.572997093200684,0.4270029067993164,1,thetao_MY_20240101_20241231.nc
97_dat,2024-10-12,15,20.551744133234024,MY,15.810070037841797,0.8100700378417969,1,thetao_MY_20240101_20241231.nc
97_dat,2024-10-12,20,20.463118381798267,MY,18.495559692382812,1.5044403076171875,1,thetao_MY_20240101_20241231.nc
97_dat,2024-10-12,30,18.72136601060629,MY,29.444730758666992,0.5552692413330078,1,thetao_MY_20240101_20241231.nc
97_dat,2024-10-13,5,20.32102420181036,MY,5.078224182128906,0.07822418212890625,1,thetao_MY_20240101_20241231.nc
97_dat,2024-10-13,10,20.3217566460371,MY,9.572997093200684,0.4270029067993164,1,thetao_MY_20240101_20241231.nc
97_dat,2024-10-13,15,20.17819757759571,MY,15.810070037841797,0.8100700378417969,1,thetao_MY_20240101_20241231.nc
97_dat,2024-10-13,20,19.999481186270714,MY,18.495559692382812,1.5044403076171875,1,thetao_MY_20240101_20241231.nc
97_dat,2024-10-13,30,19.001159705221653,MY,29.444730758666992,0.5552692413330078,1,thetao_MY_20240101_20241231.nc
97_dat,2024-10-14,5,20.16501358151436,MY,5.078224182128906,0.07822418212890625,1,thetao_MY_20240101_20241231.nc
97_dat,2024-10-14,10,20.166478469967842,MY,9.572997093200684,0.4270029067993164,1,thetao_MY_20240101_20241231.nc
97_dat,2024-10-14,15,20.139378033578396,MY,15.810070037841797,0.8100700378417969,1,thetao_MY_20240101_20241231.nc
97_dat,2024-10-14,20,20.039765618741512,MY,18.495559692382812,1.5044403076171875,1,thetao_MY_20240101_20241231.nc
97_dat,2024-10-14,30,19.20404675602913,MY,29.444730758666992,0.5552692413330078,1,thetao_MY_20240101_20241231.nc
97_dat,2024-10-15,5,20.143772698938847,MY,5.078224182128906,0.07822418212890625,1,thetao_MY_20240101_20241231.nc
97_dat,2024-10-15,10,20.156224250793457,MY,9.572997093200684,0.4270029067993164,1,thetao_MY_20240101_20241231.nc
97_dat,2024-10-15,15,20.17014069110155,MY,15.810070037841797,0.8100700378417969,1,thetao_MY_20240101_20241231.nc
97_dat,2024-10-15,20,20.167943358421326,MY,18.495559692382812,1.5044403076171875,1,thetao_MY_20240101_20241231.nc
97_dat,2024-10-15,30,19.371776483953,MY,29.444730758666992,0.5552692413330078,1,thetao_MY_20240101_20241231.nc
97_dat,2024-10-16,5,20.09543137997389,MY,5.078224182128906,0.07822418212890625,1,thetao_MY_20240101_20241231.nc
97_dat,2024-10-16,10,20.106418043375015,MY,9.572997093200684,0.4270029067993164,1,thetao_MY_20240101_20241231.nc
97_dat,2024-10-16,15,20.170873135328293,MY,15.810070037841797,0.8100700378417969,1,thetao_MY_20240101_20241231.nc
97_dat,2024-10-16,20,20.11227759718895,MY,18.495559692382812,1.5044403076171875,1,thetao_MY_20240101_20241231.nc
97_dat,2024-10-16,30,19.31830805540085,MY,29.444730758666992,0.5552692413330078,1,thetao_MY_20240101_20241231.nc
97_dat,2024-10-17,5,20.01486251503229,MY,5.078224182128906,0.07822418212890625,1,thetao_MY_20240101_20241231.nc
97_dat,2024-10-17,10,20.016327403485775,MY,9.572997093200684,0.4270029067993164,1,thetao_MY_20240101_20241231.nc
97_dat,2024-10-17,15,20.057344280183315,MY,15.810070037841797,0.8100700378417969,1,thetao_MY_20240101_20241231.nc
97_dat,2024-10-17,20,20.005340740084648,MY,18.495559692382812,1.5044403076171875,1,thetao_MY_20240101_20241231.nc
97_dat,2024-10-17,30,19.259712517261505,MY,29.444730758666992,0.5552692413330078,1,thetao_MY_20240101_20241231.nc
97_dat,2024-10-18,5,19.992889188230038,MY,5.078224182128906,0.07822418212890625,1,thetao_MY_20240101_20241231.nc
97_dat,2024-10-18,10,19.992889188230038,MY,9.572997093200684,0.4270029067993164,1,thetao_MY_20240101_20241231.nc
97_dat,2024-10-18,15,20.02291940152645,MY,15.810070037841797,0.8100700378417969,1,thetao_MY_20240101_20241231.nc
97_dat,2024-10-18,20,20.025116734206676,MY,18.495559692382812,1.5044403076171875,1,thetao_MY_20240101_20241231.nc
97_dat,2024-10-18,30,19.158635213971138,MY,29.444730758666992,0.5552692413330078,1,thetao_MY_20240101_20241231.nc
97_dat,2024-10-19,5,19.768028810620308,MY,5.078224182128906,0.07822418212890625,1,thetao_MY_20240101_20241231.nc
97_dat,2024-10-19,10,19.779015474021435,MY,9.572997093200684,0.4270029067993164,1,thetao_MY_20240101_20241231.nc
97_dat,2024-10-19,15,19.79732657968998,MY,15.810070037841797,0.8100700378417969,1,thetao_MY_20240101_20241231.nc
97_dat,2024-10-19,20,19.79000213742256,MY,18.495559692382812,1.5044403076171875,1,thetao_MY_20240101_20241231.nc
97_dat,2024-10-19,30,18.286294139921665,MY,29.444730758666992,0.5552692413330078,1,thetao_MY_20240101_20241231.nc
97_dat,2024-10-20,5,19.172551654279232,MY,5.078224182128906,0.07822418212890625,1,thetao_MY_20240101_20241231.nc
97_dat,2024-10-20,10,19.173284098505974,MY,9.572997093200684,0.4270029067993164,1,thetao_MY_20240101_20241231.nc
97_dat,2024-10-20,15,19.076601460576057,MY,15.810070037841797,0.8100700378417969,1,thetao_MY_20240101_20241231.nc
97_dat,2024-10-20,20,18.907406844198704,MY,18.495559692382812,1.5044403076171875,1,thetao_MY_20240101_20241231.nc
97_dat,2024-10-20,30,16.90636921674013,MY,29.444730758666992,0.5552692413330078,1,thetao_MY_20240101_20241231.nc
97_dat,2024-10-21,5,18.932309947907925,MY,5.078224182128906,0.07822418212890625,1,thetao_MY_20240101_20241231.nc
97_dat,2024-10-21,10,18.932309947907925,MY,9.572997093200684,0.4270029067993164,1,thetao_MY_20240101_20241231.nc
97_dat,2024-10-21,15,18.952818386256695,MY,15.810070037841797,0.8100700378417969,1,thetao_MY_20240101_20241231.nc
97_dat,2024-10-21,20,18.92205572873354,MY,18.495559692382812,1.5044403076171875,1,thetao_MY_20240101_20241231.nc
97_dat,2024-10-21,30,17.247688226401806,MY,29.444730758666992,0.5552692413330078,1,thetao_MY_20240101_20241231.nc
97_dat,2024-10-22,5,18.947691276669502,MY,5.078224182128906,0.07822418212890625,1,thetao_MY_20240101_20241231.nc
97_dat,2024-10-22,10,18.94622638821602,MY,9.572997093200684,0.4270029067993164,1,thetao_MY_20240101_20241231.nc
97_dat,2024-10-22,15,18.944029055535793,MY,15.810070037841797,0.8100700378417969,1,thetao_MY_20240101_20241231.nc
97_dat,2024-10-22,20,18.92571794986725,MY,18.495559692382812,1.5044403076171875,1,thetao_MY_20240101_20241231.nc
97_dat,2024-10-22,30,17.09753715991974,MY,29.444730758666992,0.5552692413330078,1,thetao_MY_20240101_20241231.nc
97_dat,2024-10-23,5,18.947691276669502,MY,5.078224182128906,0.07822418212890625,1,thetao_MY_20240101_20241231.nc
97_dat,2024-10-23,10,18.976256601512432,MY,9.572997093200684,0.4270029067993164,1,thetao_MY_20240101_20241231.nc
97_dat,2024-10-23,15,19.004821926355362,MY,15.810070037841797,0.8100700378417969,1,thetao_MY_20240101_20241231.nc
97_dat,2024-10-23,20,18.986510820686817,MY,18.495559692382812,1.5044403076171875,1,thetao_MY_20240101_20241231.nc
97_dat,2024-10-23,30,16.866084784269333,MY,29.444730758666992,0.5552692413330078,1,thetao_MY_20240101_20241231.nc
97_dat,2024-10-24,5,18.768974885344505,MY,5.078224182128906,0.07822418212890625,1,thetao_MY_20240101_20241231.nc
97_dat,2024-10-24,10,18.77117221802473,MY,9.572997093200684,0.4270029067993164,1,thetao_MY_20240101_20241231.nc
97_dat,2024-10-24,15,18.805597096681595,MY,15.810070037841797,0.8100700378417969,1,thetao_MY_20240101_20241231.nc
97_dat,2024-10-24,20,18.698660239577293,MY,18.495559692382812,1.5044403076171875,1,thetao_MY_20240101_20241231.nc
97_dat,2024-10-24,30,16.6236457452178,MY,29.444730758666992,0.5552692413330078,1,thetao_MY_20240101_20241231.nc
97_dat,2024-10-25,5,18.58220160752535,MY,5.078224182128906,0.07822418212890625,1,thetao_MY_20240101_20241231.nc
97_dat,2024-10-25,10,18.585863828659058,MY,9.572997093200684,0.4270029067993164,1,thetao_MY_20240101_20241231.nc
97_dat,2024-10-25,15,18.48112430423498,MY,15.810070037841797,0.8100700378417969,1,thetao_MY_20240101_20241231.nc
97_dat,2024-10-25,20,18.328043460845947,MY,18.495559692382812,1.5044403076171875,1,thetao_MY_20240101_20241231.nc
97_dat,2024-10-25,30,16.530625328421593,MY,29.444730758666992,0.5552692413330078,1,thetao_MY_20240101_20241231.nc
97_dat,2024-10-26,5,18.48112430423498,MY,5.078224182128906,0.07822418212890625,1,thetao_MY_20240101_20241231.nc
97_dat,2024-10-26,10,18.479659415781498,MY,9.572997093200684,0.4270029067993164,1,thetao_MY_20240101_20241231.nc
97_dat,2024-10-26,15,18.41080965846777,MY,15.810070037841797,0.8100700378417969,1,thetao_MY_20240101_20241231.nc
97_dat,2024-10-26,20,18.278969697654247,MY,18.495559692382812,1.5044403076171875,1,thetao_MY_20240101_20241231.nc
97_dat,2024-10-26,30,16.399517811834812,MY,29.444730758666992,0.5552692413330078,1,thetao_MY_20240101_20241231.nc
97_dat,2024-10-27,5,18.35734122991562,MY,5.078224182128906,0.07822418212890625,1,thetao_MY_20240101_20241231.nc
97_dat,2024-10-27,10,18.35734122991562,MY,9.572997093200684,0.4270029067993164,1,thetao_MY_20240101_20241231.nc
97_dat,2024-10-27,15,18.334635458886623,MY,15.810070037841797,0.8100700378417969,1,thetao_MY_20240101_20241231.nc
97_dat,2024-10-27,20,18.19473861157894,MY,18.495559692382812,1.5044403076171875,1,thetao_MY_20240101_20241231.nc
97_dat,2024-10-27,30,16.03109836578369,MY,29.444730758666992,0.5552692413330078,1,thetao_MY_20240101_20241231.nc
97_dat,2024-10-28,5,18.007232889533043,MY,5.078224182128906,0.07822418212890625,1,thetao_MY_20240101_20241231.nc
97_dat,2024-10-28,10,18.007232889533043,MY,9.572997093200684,0.4270029067993164,1,thetao_MY_20240101_20241231.nc
97_dat,2024-10-28,15,17.840235605835915,MY,15.810070037841797,0.8100700378417969,1,thetao_MY_20240101_20241231.nc
97_dat,2024-10-28,20,17.532609030604362,MY,18.495559692382812,1.5044403076171875,1,thetao_MY_20240101_20241231.nc
97_dat,2024-10-28,30,15.136783964931965,MY,29.444730758666992,0.5552692413330078,1,thetao_MY_20240101_20241231.nc
97_dat,2024-10-29,5,17.7120578661561,MY,5.078224182128906,0.07822418212890625,1,thetao_MY_20240101_20241231.nc
97_dat,2024-10-29,10,17.7120578661561,MY,9.572997093200684,0.4270029067993164,1,thetao_MY_20240101_20241231.nc
97_dat,2024-10-29,15,17.575090795755386,MY,15.810070037841797,0.8100700378417969,1,thetao_MY_20240101_20241231.nc
97_dat,2024-10-29,20,17.326059758663177,MY,18.495559692382812,1.5044403076171875,1,thetao_MY_20240101_20241231.nc
97_dat,2024-10-29,30,14.985168009996414,MY,29.444730758666992,0.5552692413330078,1,thetao_MY_20240101_20241231.nc
97_dat,2024-10-30,5,17.565569020807743,MY,5.078224182128906,0.07822418212890625,1,thetao_MY_20240101_20241231.nc
97_dat,2024-10-30,10,17.565569020807743,MY,9.572997093200684,0.4270029067993164,1,thetao_MY_20240101_20241231.nc
97_dat,2024-10-30,15,17.57216101884842,MY,15.810070037841797,0.8100700378417969,1,thetao_MY_20240101_20241231.nc
97_dat,2024-10-30,20,17.4666890501976,MY,18.495559692382812,1.5044403076171875,1,thetao_MY_20240101_20241231.nc
97_dat,2024-10-30,30,15.278878144919872,MY,29.444730758666992,0.5552692413330078,1,thetao_MY_20240101_20241231.nc
97_dat,2024-10-31,5,17.439588613808155,MY,5.078224182128906,0.07822418212890625,1,thetao_MY_20240101_20241231.nc
97_dat,2024-10-31,10,17.439588613808155,MY,9.572997093200684,0.4270029067993164,1,thetao_MY_20240101_20241231.nc
97_dat,2024-10-31,15,17.42567217350006,MY,15.810070037841797,0.8100700378417969,1,thetao_MY_20240101_20241231.nc
97_dat,2024-10-31,20,17.246223337948322,MY,18.495559692382812,1.5044403076171875,1,thetao_MY_20240101_20241231.nc
97_dat,2024-10-31,30,15.010071113705635,MY,29.444730758666992,0.5552692413330078,1,thetao_MY_20240101_20241231.nc
97_dat,2024-11-01,5,17.3685415238142,MY,5.078224182128906,0.07822418212890625,1,thetao_MY_20240101_20241231.nc
97_dat,2024-11-01,10,17.36780907958746,MY,9.572997093200684,0.4270029067993164,1,thetao_MY_20240101_20241231.nc
97_dat,2024-11-01,15,17.367076635360718,MY,15.810070037841797,0.8100700378417969,1,thetao_MY_20240101_20241231.nc
97_dat,2024-11-01,20,17.263801999390125,MY,18.495559692382812,1.5044403076171875,1,thetao_MY_20240101_20241231.nc
97_dat,2024-11-01,30,15.429761655628681,MY,29.444730758666992,0.5552692413330078,1,thetao_MY_20240101_20241231.nc
97_dat,2024-11-02,5,17.2703939974308,MY,5.078224182128906,0.07822418212890625,1,thetao_MY_20240101_20241231.nc
97_dat,2024-11-02,10,17.2703939974308,MY,9.572997093200684,0.4270029067993164,1,thetao_MY_20240101_20241231.nc
97_dat,2024-11-02,15,17.280648216605186,MY,15.810070037841797,0.8100700378417969,1,thetao_MY_20240101_20241231.nc
97_dat,2024-11-02,20,17.15100558847189,MY,18.495559692382812,1.5044403076171875,1,thetao_MY_20240101_20241231.nc
97_dat,2024-11-02,30,15.687582023441792,MY,29.444730758666992,0.5552692413330078,1,thetao_MY_20240101_20241231.nc
97_dat,2024-11-03,5,17.09826960414648,MY,5.078224182128906,0.07822418212890625,1,thetao_MY_20240101_20241231.nc
97_dat,2024-11-03,10,17.09826960414648,MY,9.572997093200684,0.4270029067993164,1,thetao_MY_20240101_20241231.nc
97_dat,2024-11-03,15,17.070436723530293,MY,15.810070037841797,0.8100700378417969,1,thetao_MY_20240101_20241231.nc
97_dat,2024-11-03,20,16.9092989936471,MY,18.495559692382812,1.5044403076171875,1,thetao_MY_20240101_20241231.nc
97_dat,2024-11-03,30,15.663411363959312,MY,29.444730758666992,0.5552692413330078,1,thetao_MY_20240101_20241231.nc
97_dat,2024-11-04,5,16.95104831457138,MY,5.078224182128906,0.07822418212890625,1,thetao_MY_20240101_20241231.nc
97_dat,2024-11-04,10,16.953245647251606,MY,9.572997093200684,0.4270029067993164,1,thetao_MY_20240101_20241231.nc
97_dat,2024-11-04,15,16.97082430869341,MY,15.810070037841797,0.8100700378417969,1,thetao_MY_20240101_20241231.nc
97_dat,2024-11-04,20,16.88512833416462,MY,18.495559692382812,1.5044403076171875,1,thetao_MY_20240101_20241231.nc
97_dat,2024-11-04,30,15.754966892302036,MY,29.444730758666992,0.5552692413330078,1,thetao_MY_20240101_20241231.nc
97_dat,2024-11-05,5,16.662465289235115,MY,5.078224182128906,0.07822418212890625,1,thetao_MY_20240101_20241231.nc
97_dat,2024-11-05,10,16.662465289235115,MY,9.572997093200684,0.4270029067993164,1,thetao_MY_20240101_20241231.nc
97_dat,2024-11-05,15,16.576036870479584,MY,15.810070037841797,0.8100700378417969,1,thetao_MY_20240101_20241231.nc
97_dat,2024-11-05,20,16.417096473276615,MY,18.495559692382812,1.5044403076171875,1,thetao_MY_20240101_20241231.nc
97_dat,2024-11-05,30,15.116275526583195,MY,29.444730758666992,0.5552692413330078,1,thetao_MY_20240101_20241231.nc
97_dat,2024-11-06,5,16.448591575026512,MY,5.078224182128906,0.07822418212890625,1,thetao_MY_20240101_20241231.nc
97_dat,2024-11-06,10,16.449324019253254,MY,9.572997093200684,0.4270029067993164,1,thetao_MY_20240101_20241231.nc
97_dat,2024-11-06,15,16.41050447523594,MY,15.810070037841797,0.8100700378417969,1,thetao_MY_20240101_20241231.nc
97_dat,2024-11-06,20,16.30430006235838,MY,18.495559692382812,1.5044403076171875,1,thetao_MY_20240101_20241231.nc
97_dat,2024-11-06,30,14.714896090328693,MY,29.444730758666992,0.5552692413330078,1,thetao_MY_20240101_20241231.nc
97_dat,2024-11-07,5,15.949797056615353,MY,5.078224182128906,0.07822418212890625,1,thetao_MY_20240101_20241231.nc
97_dat,2024-11-07,10,15.949797056615353,MY,9.572997093200684,0.4270029067993164,1,thetao_MY_20240101_20241231.nc
97_dat,2024-11-07,15,15.869228191673756,MY,15.810070037841797,0.8100700378417969,1,thetao_MY_20240101_20241231.nc
97_dat,2024-11-07,20,15.67879269272089,MY,18.495559692382812,1.5044403076171875,1,thetao_MY_20240101_20241231.nc
97_dat,2024-11-07,30,14.117954045534134,MY,29.444730758666992,0.5552692413330078,1,thetao_MY_20240101_20241231.nc
97_dat,2024-11-08,5,15.493484303355217,MY,5.078224182128906,0.07822418212890625,1,thetao_MY_20240101_20241231.nc
97_dat,2024-11-08,10,15.493484303355217,MY,9.572997093200684,0.4270029067993164,1,thetao_MY_20240101_20241231.nc
97_dat,2024-11-08,15,15.332346573472023,MY,15.810070037841797,0.8100700378417969,1,thetao_MY_20240101_20241231.nc
97_dat,2024-11-08,20,15.149235516786575,MY,18.495559692382812,1.5044403076171875,1,thetao_MY_20240101_20241231.nc
97_dat,2024-11-08,30,13.619159527122974,MY,29.444730758666992,0.5552692413330078,1,thetao_MY_20240101_20241231.nc
97_dat,2024-11-09,5,15.234199047088623,MY,5.078224182128906,0.07822418212890625,1,thetao_MY_20240101_20241231.nc
97_dat,2024-11-09,10,15.234199047088623,MY,9.572997093200684,0.4270029067993164,1,thetao_MY_20240101_20241231.nc
97_dat,2024-11-09,15,15.034974217414856,MY,15.810070037841797,0.8100700378417969,1,thetao_MY_20240101_20241231.nc
97_dat,2024-11-09,20,14.87310404330492,MY,18.495559692382812,1.5044403076171875,1,thetao_MY_20240101_20241231.nc
97_dat,2024-11-09,30,13.313730284571648,MY,29.444730758666992,0.5552692413330078,1,thetao_MY_20240101_20241231.nc
97_dat,2024-11-10,5,15.227607049047947,MY,5.078224182128906,0.07822418212890625,1,thetao_MY_20240101_20241231.nc
97_dat,2024-11-10,10,15.228339493274689,MY,9.572997093200684,0.4270029067993164,1,thetao_MY_20240101_20241231.nc
97_dat,2024-11-10,15,15.06134220957756,MY,15.810070037841797,0.8100700378417969,1,thetao_MY_20240101_20241231.nc
97_dat,2024-11-10,20,14.869441822171211,MY,18.495559692382812,1.5044403076171875,1,thetao_MY_20240101_20241231.nc
97_dat,2024-11-10,30,13.219244979321957,MY,29.444730758666992,0.5552692413330078,1,thetao_MY_20240101_20241231.nc
97_dat,2024-11-11,5,15.145573295652866,MY,5.078224182128906,0.07822418212890625,1,thetao_MY_20240101_20241231.nc
97_dat,2024-11-11,10,15.145573295652866,MY,9.572997093200684,0.4270029067993164,1,thetao_MY_20240101_20241231.nc
97_dat,2024-11-11,15,14.84014405310154,MY,15.810070037841797,0.8100700378417969,1,thetao_MY_20240101_20241231.nc
97_dat,2024-11-11,20,14.604297012090683,MY,18.495559692382812,1.5044403076171875,1,thetao_MY_20240101_20241231.nc
97_dat,2024-11-11,30,12.977538384497166,MY,29.444730758666992,0.5552692413330078,1,thetao_MY_20240101_20241231.nc
97_dat,2024-11-12,5,14.927304916083813,MY,5.078224182128906,0.07822418212890625,1,thetao_MY_20240101_20241231.nc
97_dat,2024-11-12,10,14.92584002763033,MY,9.572997093200684,0.4270029067993164,1,thetao_MY_20240101_20241231.nc
97_dat,2024-11-12,15,14.7009796500206,MY,15.810070037841797,0.8100700378417969,1,thetao_MY_20240101_20241231.nc
97_dat,2024-11-12,20,14.413129068911076,MY,18.495559692382812,1.5044403076171875,1,thetao_MY_20240101_20241231.nc
97_dat,2024-11-12,30,12.846430867910385,MY,29.444730758666992,0.5552692413330078,1,thetao_MY_20240101_20241231.nc
97_dat,2024-11-13,5,14.571337021887302,MY,5.078224182128906,0.07822418212890625,1,thetao_MY_20240101_20241231.nc
97_dat,2024-11-13,10,14.571337021887302,MY,9.572997093200684,0.4270029067993164,1,thetao_MY_20240101_20241231.nc
97_dat,2024-11-13,15,14.350138865411282,MY,15.810070037841797,0.8100700378417969,1,thetao_MY_20240101_20241231.nc
97_dat,2024-11-13,20,14.13260293006897,MY,18.495559692382812,1.5044403076171875,1,thetao_MY_20240101_20241231.nc
97_dat,2024-11-13,30,12.851557977497578,MY,29.444730758666992,0.5552692413330078,1,thetao_MY_20240101_20241231.nc
97_dat,2024-11-14,5,14.434369951486588,MY,5.078224182128906,0.07822418212890625,1,thetao_MY_20240101_20241231.nc
97_dat,2024-11-14,10,14.43510239571333,MY,9.572997093200684,0.4270029067993164,1,thetao_MY_20240101_20241231.nc
97_dat,2024-11-14,15,14.381633967161179,MY,15.810070037841797,0.8100700378417969,1,thetao_MY_20240101_20241231.nc
97_dat,2024-11-14,20,14.224890902638435,MY,18.495559692382812,1.5044403076171875,1,thetao_MY_20240101_20241231.nc
97_dat,2024-11-14,30,13.014893040060997,MY,29.444730758666992,0.5552692413330078,1,thetao_MY_20240101_20241231.nc
97_dat,2024-11-15,5,14.394085519015789,MY,5.078224182128906,0.07822418212890625,1,thetao_MY_20240101_20241231.nc
97_dat,2024-11-15,10,14.394085519015789,MY,9.572997093200684,0.4270029067993164,1,thetao_MY_20240101_20241231.nc
97_dat,2024-11-15,15,14.417523734271526,MY,15.810070037841797,0.8100700378417969,1,thetao_MY_20240101_20241231.nc
97_dat,2024-11-15,20,14.288613550364971,MY,18.495559692382812,1.5044403076171875,1,thetao_MY_20240101_20241231.nc
97_dat,2024-11-15,30,13.125492118299007,MY,29.444730758666992,0.5552692413330078,1,thetao_MY_20240101_20241231.nc
97_dat,2024-11-16,5,14.331095315515995,MY,5.078224182128906,0.07822418212890625,1,thetao_MY_20240101_20241231.nc
97_dat,2024-11-16,10,14.331095315515995,MY,9.572997093200684,0.4270029067993164,1,thetao_MY_20240101_20241231.nc
97_dat,2024-11-16,15,14.340617090463638,MY,15.810070037841797,0.8100700378417969,1,thetao_MY_20240101_20241231.nc
97_dat,2024-11-16,20,14.309854432940483,MY,18.495559692382812,1.5044403076171875,1,thetao_MY_20240101_20241231.nc
97_dat,2024-11-16,30,13.207525871694088,MY,29.444730758666992,0.5552692413330078,1,thetao_MY_20240101_20241231.nc
97_dat,2024-11-17,5,14.187536247074604,MY,5.078224182128906,0.07822418212890625,1,thetao_MY_20240101_20241231.nc
97_dat,2024-11-17,10,14.196325577795506,MY,9.572997093200684,0.4270029067993164,1,thetao_MY_20240101_20241231.nc
97_dat,2024-11-17,15,14.224890902638435,MY,15.810070037841797,0.8100700378417969,1,thetao_MY_20240101_20241231.nc
97_dat,2024-11-17,20,14.183141581714153,MY,18.495559692382812,1.5044403076171875,1,thetao_MY_20240101_20241231.nc
97_dat,2024-11-17,30,13.295419178903103,MY,29.444730758666992,0.5552692413330078,1,thetao_MY_20240101_20241231.nc
97_dat,2024-11-18,5,13.74001282453537,MY,5.078224182128906,0.07822418212890625,1,thetao_MY_20240101_20241231.nc
97_dat,2024-11-18,10,13.740745268762112,MY,9.572997093200684,0.4270029067993164,1,thetao_MY_20240101_20241231.nc
97_dat,2024-11-18,15,13.81765191257,MY,15.810070037841797,0.8100700378417969,1,thetao_MY_20240101_20241231.nc
97_dat,2024-11-18,20,13.742210157215595,MY,18.495559692382812,1.5044403076171875,1,thetao_MY_20240101_20241231.nc
97_dat,2024-11-18,30,13.295419178903103,MY,29.444730758666992,0.5552692413330078,1,thetao_MY_20240101_20241231.nc
97_dat,2024-11-19,5,13.373058266937733,MY,5.078224182128906,0.07822418212890625,1,thetao_MY_20240101_20241231.nc
97_dat,2024-11-19,10,13.373058266937733,MY,9.572997093200684,0.4270029067993164,1,thetao_MY_20240101_20241231.nc
97_dat,2024-11-19,15,13.586931981146336,MY,15.810070037841797,0.8100700378417969,1,thetao_MY_20240101_20241231.nc
97_dat,2024-11-19,20,13.578142650425434,MY,18.495559692382812,1.5044403076171875,1,thetao_MY_20240101_20241231.nc
97_dat,2024-11-19,30,13.328379169106483,MY,29.444730758666992,0.5552692413330078,1,thetao_MY_20240101_20241231.nc
97_dat,2024-11-20,5,13.289559625089169,MY,5.078224182128906,0.07822418212890625,1,thetao_MY_20240101_20241231.nc
97_dat,2024-11-20,10,13.289559625089169,MY,9.572997093200684,0.4270029067993164,1,thetao_MY_20240101_20241231.nc
97_dat,2024-11-20,15,13.477797791361809,MY,15.810070037841797,0.8100700378417969,1,thetao_MY_20240101_20241231.nc
97_dat,2024-11-20,20,13.53126621991396,MY,18.495559692382812,1.5044403076171875,1,thetao_MY_20240101_20241231.nc
97_dat,2024-11-20,30,13.373058266937733,MY,29.444730758666992,0.5552692413330078,1,thetao_MY_20240101_20241231.nc
97_dat,2024-11-21,5,13.24488052725792,MY,5.078224182128906,0.07822418212890625,1,thetao_MY_20240101_20241231.nc
97_dat,2024-11-21,10,13.24488052725792,MY,9.572997093200684,0.4270029067993164,1,thetao_MY_20240101_20241231.nc
97_dat,2024-11-21,15,13.307870730757713,MY,15.810070037841797,0.8100700378417969,1,thetao_MY_20240101_20241231.nc
97_dat,2024-11-21,20,13.49024934321642,MY,18.495559692382812,1.5044403076171875,1,thetao_MY_20240101_20241231.nc
97_dat,2024-11-21,30,13.38404493033886,MY,29.444730758666992,0.5552692413330078,1,thetao_MY_20240101_20241231.nc
97_dat,2024-11-22,5,13.165044106543064,MY,5.078224182128906,0.07822418212890625,1,thetao_MY_20240101_20241231.nc
97_dat,2024-11-22,10,13.165044106543064,MY,9.572997093200684,0.4270029067993164,1,thetao_MY_20240101_20241231.nc
97_dat,2024-11-22,15,13.197271652519703,MY,15.810070037841797,0.8100700378417969,1,thetao_MY_20240101_20241231.nc
97_dat,2024-11-22,20,13.422132030129433,MY,18.495559692382812,1.5044403076171875,1,thetao_MY_20240101_20241231.nc
97_dat,2024-11-22,30,13.387707151472569,MY,29.444730758666992,0.5552692413330078,1,thetao_MY_20240101_20241231.nc
97_dat,2024-11-23,5,13.014893040060997,MY,5.078224182128906,0.07822418212890625,1,thetao_MY_20240101_20241231.nc
97_dat,2024-11-23,10,13.014893040060997,MY,9.572997093200684,0.4270029067993164,1,thetao_MY_20240101_20241231.nc
97_dat,2024-11-23,15,13.022949926555157,MY,15.810070037841797,0.8100700378417969,1,thetao_MY_20240101_20241231.nc
97_dat,2024-11-23,20,13.27344585210085,MY,18.495559692382812,1.5044403076171875,1,thetao_MY_20240101_20241231.nc
97_dat,2024-11-23,30,13.370128490030766,MY,29.444730758666992,0.5552692413330078,1,thetao_MY_20240101_20241231.nc
97_dat,2024-11-24,5,12.83178198337555,MY,5.078224182128906,0.07822418212890625,1,thetao_MY_20240101_20241231.nc
97_dat,2024-11-24,10,12.83178198337555,MY,9.572997093200684,0.4270029067993164,1,thetao_MY_20240101_20241231.nc
97_dat,2024-11-24,15,12.83178198337555,MY,15.810070037841797,0.8100700378417969,1,thetao_MY_20240101_20241231.nc
97_dat,2024-11-24,20,12.858882419764996,MY,18.495559692382812,1.5044403076171875,1,thetao_MY_20240101_20241231.nc
97_dat,2024-11-24,30,13.291756957769394,MY,29.444730758666992,0.5552692413330078,1,thetao_MY_20240101_20241231.nc
97_dat,2024-11-25,5,12.655262924730778,MY,5.078224182128906,0.07822418212890625,1,thetao_MY_20240101_20241231.nc
97_dat,2024-11-25,10,12.655262924730778,MY,9.572997093200684,0.4270029067993164,1,thetao_MY_20240101_20241231.nc
97_dat,2024-11-25,15,12.656727813184261,MY,15.810070037841797,0.8100700378417969,1,thetao_MY_20240101_20241231.nc
97_dat,2024-11-25,20,12.801019325852394,MY,18.495559692382812,1.5044403076171875,1,thetao_MY_20240101_20241231.nc
97_dat,2024-11-25,30,13.186284989118576,MY,29.444730758666992,0.5552692413330078,1,thetao_MY_20240101_20241231.nc
97_dat,2024-11-26,5,12.53367718309164,MY,5.078224182128906,0.07822418212890625,1,thetao_MY_20240101_20241231.nc
97_dat,2024-11-26,10,12.540269181132317,MY,9.572997093200684,0.4270029067993164,1,thetao_MY_20240101_20241231.nc
97_dat,2024-11-26,15,12.548326067626476,MY,15.810070037841797,0.8100700378417969,1,thetao_MY_20240101_20241231.nc
97_dat,2024-11-26,20,12.65599536895752,MY,18.495559692382812,1.5044403076171875,1,thetao_MY_20240101_20241231.nc
97_dat,2024-11-26,30,13.037598811089993,MY,29.444730758666992,0.5552692413330078,1,thetao_MY_20240101_20241231.nc
97_dat,2024-11-27,5,12.491195417940617,MY,5.078224182128906,0.07822418212890625,1,thetao_MY_20240101_20241231.nc
97_dat,2024-11-27,10,12.499984748661518,MY,9.572997093200684,0.4270029067993164,1,thetao_MY_20240101_20241231.nc
97_dat,2024-11-27,15,12.52122563123703,MY,15.810070037841797,0.8100700378417969,1,thetao_MY_20240101_20241231.nc
97_dat,2024-11-27,20,12.530747406184673,MY,18.495559692382812,1.5044403076171875,1,thetao_MY_20240101_20241231.nc
97_dat,2024-11-27,30,12.806146435439587,MY,29.444730758666992,0.5552692413330078,1,thetao_MY_20240101_20241231.nc
97_dat,2024-11-28,5,12.384258560836315,MY,5.078224182128906,0.07822418212890625,1,thetao_MY_20240101_20241231.nc
97_dat,2024-11-28,10,12.384258560836315,MY,9.572997093200684,0.4270029067993164,1,thetao_MY_20240101_20241231.nc
97_dat,2024-11-28,15,12.406231887638569,MY,15.810070037841797,0.8100700378417969,1,thetao_MY_20240101_20241231.nc
97_dat,2024-11-28,20,12.429670102894306,MY,18.495559692382812,1.5044403076171875,1,thetao_MY_20240101_20241231.nc
97_dat,2024-11-28,30,12.696279801428318,MY,29.444730758666992,0.5552692413330078,1,thetao_MY_20240101_20241231.nc
97_dat,2024-11-29,5,12.275124371051788,MY,5.078224182128906,0.07822418212890625,1,thetao_MY_20240101_20241231.nc
97_dat,2024-11-29,10,12.275124371051788,MY,9.572997093200684,0.4270029067993164,1,thetao_MY_20240101_20241231.nc
97_dat,2024-11-29,15,12.27585681527853,MY,15.810070037841797,0.8100700378417969,1,thetao_MY_20240101_20241231.nc
97_dat,2024-11-29,20,12.28391370177269,MY,18.495559692382812,1.5044403076171875,1,thetao_MY_20240101_20241231.nc
97_dat,2024-11-29,30,12.426740325987339,MY,29.444730758666992,0.5552692413330078,1,thetao_MY_20240101_20241231.nc
97_dat,2024-11-30,5,12.031952887773514,MY,5.078224182128906,0.07822418212890625,1,thetao_MY_20240101_20241231.nc
97_dat,2024-11-30,10,12.031952887773514,MY,9.572997093200684,0.4270029067993164,1,thetao_MY_20240101_20241231.nc
97_dat,2024-11-30,15,12.032685332000256,MY,15.810070037841797,0.8100700378417969,1,thetao_MY_20240101_20241231.nc
97_dat,2024-11-30,20,12.040742218494415,MY,18.495559692382812,1.5044403076171875,1,thetao_MY_20240101_20241231.nc
97_dat,2024-11-30,30,12.165990181267262,MY,29.444730758666992,0.5552692413330078,1,thetao_MY_20240101_20241231.nc
97_dat,2024-12-01,5,11.898648038506508,MY,5.078224182128906,0.07822418212890625,1,thetao_MY_20240101_20241231.nc
97_dat,2024-12-01,10,11.898648038506508,MY,9.572997093200684,0.4270029067993164,1,thetao_MY_20240101_20241231.nc
97_dat,2024-12-01,15,11.89938048273325,MY,15.810070037841797,0.8100700378417969,1,thetao_MY_20240101_20241231.nc
97_dat,2024-12-01,20,11.89938048273325,MY,18.495559692382812,1.5044403076171875,1,thetao_MY_20240101_20241231.nc
97_dat,2024-12-01,30,11.957976020872593,MY,29.444730758666992,0.5552692413330078,1,thetao_MY_20240101_20241231.nc
97_dat,2024-12-02,5,11.914761811494827,MY,5.078224182128906,0.07822418212890625,1,thetao_MY_20240101_20241231.nc
97_dat,2024-12-02,10,11.916959144175053,MY,9.572997093200684,0.4270029067993164,1,thetao_MY_20240101_20241231.nc
97_dat,2024-12-02,15,11.918424032628536,MY,15.810070037841797,0.8100700378417969,1,thetao_MY_20240101_20241231.nc
97_dat,2024-12-02,20,11.919156476855278,MY,18.495559692382812,1.5044403076171875,1,thetao_MY_20240101_20241231.nc
97_dat,2024-12-02,30,11.996795564889908,MY,29.444730758666992,0.5552692413330078,1,thetao_MY_20240101_20241231.nc
97_dat,2024-12-03,5,11.872280046343803,MY,5.078224182128906,0.07822418212890625,1,thetao_MY_20240101_20241231.nc
97_dat,2024-12-03,10,11.872280046343803,MY,9.572997093200684,0.4270029067993164,1,thetao_MY_20240101_20241231.nc
97_dat,2024-12-03,15,11.872280046343803,MY,15.810070037841797,0.8100700378417969,1,thetao_MY_20240101_20241231.nc
97_dat,2024-12-03,20,11.872280046343803,MY,18.495559692382812,1.5044403076171875,1,thetao_MY_20240101_20241231.nc
97_dat,2024-12-03,30,11.950651578605175,MY,29.444730758666992,0.5552692413330078,1,thetao_MY_20240101_20241231.nc
97_dat,2024-12-04,5,11.767540521919727,MY,5.078224182128906,0.07822418212890625,1,thetao_MY_20240101_20241231.nc
97_dat,2024-12-04,10,11.767540521919727,MY,9.572997093200684,0.4270029067993164,1,thetao_MY_20240101_20241231.nc
97_dat,2024-12-04,15,11.767540521919727,MY,15.810070037841797,0.8100700378417969,1,thetao_MY_20240101_20241231.nc
97_dat,2024-12-04,20,11.767540521919727,MY,18.495559692382812,1.5044403076171875,1,thetao_MY_20240101_20241231.nc
97_dat,2024-12-04,30,11.825403615832329,MY,29.444730758666992,0.5552692413330078,1,thetao_MY_20240101_20241231.nc
97_dat,2024-12-05,5,11.654744111001492,MY,5.078224182128906,0.07822418212890625,1,thetao_MY_20240101_20241231.nc
97_dat,2024-12-05,10,11.654744111001492,MY,9.572997093200684,0.4270029067993164,1,thetao_MY_20240101_20241231.nc
97_dat,2024-12-05,15,11.654744111001492,MY,15.810070037841797,0.8100700378417969,1,thetao_MY_20240101_20241231.nc
97_dat,2024-12-05,20,11.654744111001492,MY,18.495559692382812,1.5044403076171875,1,thetao_MY_20240101_20241231.nc
97_dat,2024-12-05,30,11.718466758728027,MY,29.444730758666992,0.5552692413330078,1,thetao_MY_20240101_20241231.nc
97_dat,2024-12-06,5,11.491409048438072,MY,5.078224182128906,0.07822418212890625,1,thetao_MY_20240101_20241231.nc
97_dat,2024-12-06,10,11.491409048438072,MY,9.572997093200684,0.4270029067993164,1,thetao_MY_20240101_20241231.nc
97_dat,2024-12-06,15,11.491409048438072,MY,15.810070037841797,0.8100700378417969,1,thetao_MY_20240101_20241231.nc
97_dat,2024-12-06,20,11.491409048438072,MY,18.495559692382812,1.5044403076171875,1,thetao_MY_20240101_20241231.nc
97_dat,2024-12-06,30,11.540482811629772,MY,29.444730758666992,0.5552692413330078,1,thetao_MY_20240101_20241231.nc
97_dat,2024-12-07,5,11.311227768659592,MY,5.078224182128906,0.07822418212890625,1,thetao_MY_20240101_20241231.nc
97_dat,2024-12-07,10,11.311227768659592,MY,9.572997093200684,0.4270029067993164,1,thetao_MY_20240101_20241231.nc
97_dat,2024-12-07,15,11.311227768659592,MY,15.810070037841797,0.8100700378417969,1,thetao_MY_20240101_20241231.nc
97_dat,2024-12-07,20,11.311227768659592,MY,18.495559692382812,1.5044403076171875,1,thetao_MY_20240101_20241231.nc
97_dat,2024-12-07,30,11.332468651235104,MY,29.444730758666992,0.5552692413330078,1,thetao_MY_20240101_20241231.nc
97_dat,2024-12-08,5,11.185979805886745,MY,5.078224182128906,0.07822418212890625,1,thetao_MY_20240101_20241231.nc
97_dat,2024-12-08,10,11.185979805886745,MY,9.572997093200684,0.4270029067993164,1,thetao_MY_20240101_20241231.nc
97_dat,2024-12-08,15,11.185979805886745,MY,15.810070037841797,0.8100700378417969,1,thetao_MY_20240101_20241231.nc
97_dat,2024-12-08,20,11.185979805886745,MY,18.495559692382812,1.5044403076171875,1,thetao_MY_20240101_20241231.nc
97_dat,2024-12-08,30,11.205023355782032,MY,29.444730758666992,0.5552692413330078,1,thetao_MY_20240101_20241231.nc
97_dat,2024-12-09,5,11.07757806032896,MY,5.078224182128906,0.07822418212890625,1,thetao_MY_20240101_20241231.nc
97_dat,2024-12-09,10,11.07757806032896,MY,9.572997093200684,0.4270029067993164,1,thetao_MY_20240101_20241231.nc
97_dat,2024-12-09,15,11.07757806032896,MY,15.810070037841797,0.8100700378417969,1,thetao_MY_20240101_20241231.nc
97_dat,2024-12-09,20,11.07757806032896,MY,18.495559692382812,1.5044403076171875,1,thetao_MY_20240101_20241231.nc
97_dat,2024-12-09,30,11.090762056410313,MY,29.444730758666992,0.5552692413330078,1,thetao_MY_20240101_20241231.nc
97_dat,2024-12-10,5,10.988219864666462,MY,5.078224182128906,0.07822418212890625,1,thetao_MY_20240101_20241231.nc
97_dat,2024-12-10,10,10.988219864666462,MY,9.572997093200684,0.4270029067993164,1,thetao_MY_20240101_20241231.nc
97_dat,2024-12-10,15,10.988219864666462,MY,15.810070037841797,0.8100700378417969,1,thetao_MY_20240101_20241231.nc
97_dat,2024-12-10,20,10.988219864666462,MY,18.495559692382812,1.5044403076171875,1,thetao_MY_20240101_20241231.nc
97_dat,2024-12-10,30,10.996276751160622,MY,29.444730758666992,0.5552692413330078,1,thetao_MY_20240101_20241231.nc
97_dat,2024-12-11,5,10.838068798184395,MY,5.078224182128906,0.07822418212890625,1,thetao_MY_20240101_20241231.nc
97_dat,2024-12-11,10,10.838068798184395,MY,9.572997093200684,0.4270029067993164,1,thetao_MY_20240101_20241231.nc
97_dat,2024-12-11,15,10.838801242411137,MY,15.810070037841797,0.8100700378417969,1,thetao_MY_20240101_20241231.nc
97_dat,2024-12-11,20,10.838801242411137,MY,18.495559692382812,1.5044403076171875,1,thetao_MY_20240101_20241231.nc
97_dat,2024-12-11,30,10.853450126945972,MY,29.444730758666992,0.5552692413330078,1,thetao_MY_20240101_20241231.nc
97_dat,2024-12-12,5,10.66447951644659,MY,5.078224182128906,0.07822418212890625,1,thetao_MY_20240101_20241231.nc
97_dat,2024-12-12,10,10.66447951644659,MY,9.572997093200684,0.4270029067993164,1,thetao_MY_20240101_20241231.nc
97_dat,2024-12-12,15,10.66447951644659,MY,15.810070037841797,0.8100700378417969,1,thetao_MY_20240101_20241231.nc
97_dat,2024-12-12,20,10.66447951644659,MY,18.495559692382812,1.5044403076171875,1,thetao_MY_20240101_20241231.nc
97_dat,2024-12-12,30,10.682058177888393,MY,29.444730758666992,0.5552692413330078,1,thetao_MY_20240101_20241231.nc
97_dat,2024-12-13,5,10.548020884394646,MY,5.078224182128906,0.07822418212890625,1,thetao_MY_20240101_20241231.nc
97_dat,2024-12-13,10,10.548020884394646,MY,9.572997093200684,0.4270029067993164,1,thetao_MY_20240101_20241231.nc
97_dat,2024-12-13,15,10.548020884394646,MY,15.810070037841797,0.8100700378417969,1,thetao_MY_20240101_20241231.nc
97_dat,2024-12-13,20,10.548020884394646,MY,18.495559692382812,1.5044403076171875,1,thetao_MY_20240101_20241231.nc
97_dat,2024-12-13,30,10.564134657382965,MY,29.444730758666992,0.5552692413330078,1,thetao_MY_20240101_20241231.nc
97_dat,2024-12-14,5,10.405194260179996,MY,5.078224182128906,0.07822418212890625,1,thetao_MY_20240101_20241231.nc
97_dat,2024-12-14,10,10.405194260179996,MY,9.572997093200684,0.4270029067993164,1,thetao_MY_20240101_20241231.nc
97_dat,2024-12-14,15,10.405194260179996,MY,15.810070037841797,0.8100700378417969,1,thetao_MY_20240101_20241231.nc
97_dat,2024-12-14,20,10.405194260179996,MY,18.495559692382812,1.5044403076171875,1,thetao_MY_20240101_20241231.nc
97_dat,2024-12-14,30,10.424237810075283,MY,29.444730758666992,0.5552692413330078,1,thetao_MY_20240101_20241231.nc
97_dat,2024-12-15,5,10.293130293488503,MY,5.078224182128906,0.07822418212890625,1,thetao_MY_20240101_20241231.nc
97_dat,2024-12-15,10,10.293130293488503,MY,9.572997093200684,0.4270029067993164,1,thetao_MY_20240101_20241231.nc
97_dat,2024-12-15,15,10.293130293488503,MY,15.810070037841797,0.8100700378417969,1,thetao_MY_20240101_20241231.nc
97_dat,2024-12-15,20,10.293130293488503,MY,18.495559692382812,1.5044403076171875,1,thetao_MY_20240101_20241231.nc
97_dat,2024-12-15,30,10.312173843383789,MY,29.444730758666992,0.5552692413330078,1,thetao_MY_20240101_20241231.nc
97_dat,2024-12-16,5,10.123203232884407,MY,5.078224182128906,0.07822418212890625,1,thetao_MY_20240101_20241231.nc
97_dat,2024-12-16,10,10.123203232884407,MY,9.572997093200684,0.4270029067993164,1,thetao_MY_20240101_20241231.nc
97_dat,2024-12-16,15,10.123203232884407,MY,15.810070037841797,0.8100700378417969,1,thetao_MY_20240101_20241231.nc
97_dat,2024-12-16,20,10.123203232884407,MY,18.495559692382812,1.5044403076171875,1,thetao_MY_20240101_20241231.nc
97_dat,2024-12-16,30,10.146641448140144,MY,29.444730758666992,0.5552692413330078,1,thetao_MY_20240101_20241231.nc
97_dat,2024-12-17,5,10.00601215660572,MY,5.078224182128906,0.07822418212890625,1,thetao_MY_20240101_20241231.nc
97_dat,2024-12-17,10,10.00601215660572,MY,9.572997093200684,0.4270029067993164,1,thetao_MY_20240101_20241231.nc
97_dat,2024-12-17,15,10.00601215660572,MY,15.810070037841797,0.8100700378417969,1,thetao_MY_20240101_20241231.nc
97_dat,2024-12-17,20,10.00601215660572,MY,18.495559692382812,1.5044403076171875,1,thetao_MY_20240101_20241231.nc
97_dat,2024-12-17,30,10.028717927634716,MY,29.444730758666992,0.5552692413330078,1,thetao_MY_20240101_20241231.nc
97_dat,2024-12-18,5,9.91152685135603,MY,5.078224182128906,0.07822418212890625,1,thetao_MY_20240101_20241231.nc
97_dat,2024-12-18,10,9.91152685135603,MY,9.572997093200684,0.4270029067993164,1,thetao_MY_20240101_20241231.nc
97_dat,2024-12-18,15,9.91152685135603,MY,15.810070037841797,0.8100700378417969,1,thetao_MY_20240101_20241231.nc
97_dat,2024-12-18,20,9.91152685135603,MY,18.495559692382812,1.5044403076171875,1,thetao_MY_20240101_20241231.nc
97_dat,2024-12-18,30,9.9320352897048,MY,29.444730758666992,0.5552692413330078,1,thetao_MY_20240101_20241231.nc
97_dat,2024-12-19,5,9.83828242868185,MY,5.078224182128906,0.07822418212890625,1,thetao_MY_20240101_20241231.nc
97_dat,2024-12-19,10,9.83828242868185,MY,9.572997093200684,0.4270029067993164,1,thetao_MY_20240101_20241231.nc
97_dat,2024-12-19,15,9.83828242868185,MY,15.810070037841797,0.8100700378417969,1,thetao_MY_20240101_20241231.nc
97_dat,2024-12-19,20,9.83828242868185,MY,18.495559692382812,1.5044403076171875,1,thetao_MY_20240101_20241231.nc
97_dat,2024-12-19,30,9.856593534350395,MY,29.444730758666992,0.5552692413330078,1,thetao_MY_20240101_20241231.nc
97_dat,2024-12-20,5,9.737205125391483,MY,5.078224182128906,0.07822418212890625,1,thetao_MY_20240101_20241231.nc
97_dat,2024-12-20,10,9.737205125391483,MY,9.572997093200684,0.4270029067993164,1,thetao_MY_20240101_20241231.nc
97_dat,2024-12-20,15,9.737205125391483,MY,15.810070037841797,0.8100700378417969,1,thetao_MY_20240101_20241231.nc
97_dat,2024-12-20,20,9.737205125391483,MY,18.495559692382812,1.5044403076171875,1,thetao_MY_20240101_20241231.nc
97_dat,2024-12-20,30,9.75624867528677,MY,29.444730758666992,0.5552692413330078,1,thetao_MY_20240101_20241231.nc
97_dat,2024-12-21,5,9.70278024673462,MY,5.078224182128906,0.07822418212890625,1,thetao_MY_20240101_20241231.nc
97_dat,2024-12-21,10,9.70278024673462,MY,9.572997093200684,0.4270029067993164,1,thetao_MY_20240101_20241231.nc
97_dat,2024-12-21,15,9.70278024673462,MY,15.810070037841797,0.8100700378417969,1,thetao_MY_20240101_20241231.nc
97_dat,2024-12-21,20,9.70278024673462,MY,18.495559692382812,1.5044403076171875,1,thetao_MY_20240101_20241231.nc
97_dat,2024-12-21,30,9.718894019722939,MY,29.444730758666992,0.5552692413330078,1,thetao_MY_20240101_20241231.nc
97_dat,2024-12-22,5,9.639790043234825,MY,5.078224182128906,0.07822418212890625,1,thetao_MY_20240101_20241231.nc
97_dat,2024-12-22,10,9.640522487461567,MY,9.572997093200684,0.4270029067993164,1,thetao_MY_20240101_20241231.nc
97_dat,2024-12-22,15,9.640522487461567,MY,15.810070037841797,0.8100700378417969,1,thetao_MY_20240101_20241231.nc
97_dat,2024-12-22,20,9.640522487461567,MY,18.495559692382812,1.5044403076171875,1,thetao_MY_20240101_20241231.nc
97_dat,2024-12-22,30,9.65810114890337,MY,29.444730758666992,0.5552692413330078,1,thetao_MY_20240101_20241231.nc
97_dat,2024-12-23,5,9.505752749741077,MY,5.078224182128906,0.07822418212890625,1,thetao_MY_20240101_20241231.nc
97_dat,2024-12-23,10,9.505752749741077,MY,9.572997093200684,0.4270029067993164,1,thetao_MY_20240101_20241231.nc
97_dat,2024-12-23,15,9.505752749741077,MY,15.810070037841797,0.8100700378417969,1,thetao_MY_20240101_20241231.nc
97_dat,2024-12-23,20,9.505752749741077,MY,18.495559692382812,1.5044403076171875,1,thetao_MY_20240101_20241231.nc
97_dat,2024-12-23,30,9.529923409223557,MY,29.444730758666992,0.5552692413330078,1,thetao_MY_20240101_20241231.nc
97_dat,2024-12-24,5,9.383434563875198,MY,5.078224182128906,0.07822418212890625,1,thetao_MY_20240101_20241231.nc
97_dat,2024-12-24,10,9.383434563875198,MY,9.572997093200684,0.4270029067993164,1,thetao_MY_20240101_20241231.nc
97_dat,2024-12-24,15,9.383434563875198,MY,15.810070037841797,0.8100700378417969,1,thetao_MY_20240101_20241231.nc
97_dat,2024-12-24,20,9.383434563875198,MY,18.495559692382812,1.5044403076171875,1,thetao_MY_20240101_20241231.nc
97_dat,2024-12-24,30,9.409802556037903,MY,29.444730758666992,0.5552692413330078,1,thetao_MY_20240101_20241231.nc
97_dat,2024-12-25,5,9.327768802642822,MY,5.078224182128906,0.07822418212890625,1,thetao_MY_20240101_20241231.nc
97_dat,2024-12-25,10,9.332895912230015,MY,9.572997093200684,0.4270029067993164,1,thetao_MY_20240101_20241231.nc
97_dat,2024-12-25,15,9.335825689136982,MY,15.810070037841797,0.8100700378417969,1,thetao_MY_20240101_20241231.nc
97_dat,2024-12-25,20,9.336558133363724,MY,18.495559692382812,1.5044403076171875,1,thetao_MY_20240101_20241231.nc
97_dat,2024-12-25,30,9.359996348619461,MY,29.444730758666992,0.5552692413330078,1,thetao_MY_20240101_20241231.nc
97_dat,2024-12-26,5,9.2940763682127,MY,5.078224182128906,0.07822418212890625,1,thetao_MY_20240101_20241231.nc
97_dat,2024-12-26,10,9.2940763682127,MY,9.572997093200684,0.4270029067993164,1,thetao_MY_20240101_20241231.nc
97_dat,2024-12-26,15,9.294808812439442,MY,15.810070037841797,0.8100700378417969,1,thetao_MY_20240101_20241231.nc
97_dat,2024-12-26,20,9.294808812439442,MY,18.495559692382812,1.5044403076171875,1,thetao_MY_20240101_20241231.nc
97_dat,2024-12-26,30,9.32264169305563,MY,29.444730758666992,0.5552692413330078,1,thetao_MY_20240101_20241231.nc
97_dat,2024-12-27,5,9.067751102149487,MY,5.078224182128906,0.07822418212890625,1,thetao_MY_20240101_20241231.nc
97_dat,2024-12-27,10,9.067751102149487,MY,9.572997093200684,0.4270029067993164,1,thetao_MY_20240101_20241231.nc
97_dat,2024-12-27,15,9.067751102149487,MY,15.810070037841797,0.8100700378417969,1,thetao_MY_20240101_20241231.nc
97_dat,2024-12-27,20,9.067751102149487,MY,18.495559692382812,1.5044403076171875,1,thetao_MY_20240101_20241231.nc
97_dat,2024-12-27,30,9.099978648126125,MY,29.444730758666992,0.5552692413330078,1,thetao_MY_20240101_20241231.nc
97_dat,2024-12-28,5,8.959349356591702,MY,5.078224182128906,0.07822418212890625,1,thetao_MY_20240101_20241231.nc
97_dat,2024-12-28,10,8.960081800818443,MY,9.572997093200684,0.4270029067993164,1,thetao_MY_20240101_20241231.nc
97_dat,2024-12-28,15,8.960081800818443,MY,15.810070037841797,0.8100700378417969,1,thetao_MY_20240101_20241231.nc
97_dat,2024-12-28,20,8.960081800818443,MY,18.495559692382812,1.5044403076171875,1,thetao_MY_20240101_20241231.nc
97_dat,2024-12-28,30,8.979857794940472,MY,29.444730758666992,0.5552692413330078,1,thetao_MY_20240101_20241231.nc
97_dat,2024-12-29,5,8.884640045464039,MY,5.078224182128906,0.07822418212890625,1,thetao_MY_20240101_20241231.nc
97_dat,2024-12-29,10,8.884640045464039,MY,9.572997093200684,0.4270029067993164,1,thetao_MY_20240101_20241231.nc
97_dat,2024-12-29,15,8.884640045464039,MY,15.810070037841797,0.8100700378417969,1,thetao_MY_20240101_20241231.nc
97_dat,2024-12-29,20,8.884640045464039,MY,18.495559692382812,1.5044403076171875,1,thetao_MY_20240101_20241231.nc
97_dat,2024-12-29,30,8.894894264638424,MY,29.444730758666992,0.5552692413330078,1,thetao_MY_20240101_20241231.nc
97_dat,2024-12-30,5,8.842890724539757,MY,5.078224182128906,0.07822418212890625,1,thetao_MY_20240101_20241231.nc
97_dat,2024-12-30,10,8.842890724539757,MY,9.572997093200684,0.4270029067993164,1,thetao_MY_20240101_20241231.nc
97_dat,2024-12-30,15,8.842890724539757,MY,15.810070037841797,0.8100700378417969,1,thetao_MY_20240101_20241231.nc
97_dat,2024-12-30,20,8.842890724539757,MY,18.495559692382812,1.5044403076171875,1,thetao_MY_20240101_20241231.nc
97_dat,2024-12-30,30,8.848750278353691,MY,29.444730758666992,0.5552692413330078,1,thetao_MY_20240101_20241231.nc
97_dat,2024-12-31,5,8.791619628667831,MY,5.078224182128906,0.07822418212890625,1,thetao_MY_20240101_20241231.nc
97_dat,2024-12-31,10,8.791619628667831,MY,9.572997093200684,0.4270029067993164,1,thetao_MY_20240101_20241231.nc
97_dat,2024-12-31,15,8.791619628667831,MY,15.810070037841797,0.8100700378417969,1,thetao_MY_20240101_20241231.nc
97_dat,2024-12-31,20,8.791619628667831,MY,18.495559692382812,1.5044403076171875,1,thetao_MY_20240101_20241231.nc
97_dat,2024-12-31,30,8.802606292068958,MY,29.444730758666992,0.5552692413330078,1,thetao_MY_20240101_20241231.nc
97_dat,2025-01-01,5,8.756462305784225,MY,5.078224182128906,0.07822418212890625,1,thetao_MY_20250101_20251231.nc
97_dat,2025-01-01,10,8.756462305784225,MY,9.572997093200684,0.4270029067993164,1,thetao_MY_20250101_20251231.nc
97_dat,2025-01-01,15,8.756462305784225,MY,15.810070037841797,0.8100700378417969,1,thetao_MY_20250101_20251231.nc
97_dat,2025-01-01,20,8.756462305784225,MY,18.495559692382812,1.5044403076171875,1,thetao_MY_20250101_20251231.nc
97_dat,2025-01-01,30,8.78283029794693,MY,29.444730758666992,0.5552692413330078,1,thetao_MY_20250101_20251231.nc
97_dat,2025-01-02,5,8.845820501446724,MY,5.078224182128906,0.07822418212890625,1,thetao_MY_20250101_20251231.nc
97_dat,2025-01-02,10,8.845820501446724,MY,9.572997093200684,0.4270029067993164,1,thetao_MY_20250101_20251231.nc
97_dat,2025-01-02,15,8.845820501446724,MY,15.810070037841797,0.8100700378417969,1,thetao_MY_20250101_20251231.nc
97_dat,2025-01-02,20,8.845820501446724,MY,18.495559692382812,1.5044403076171875,1,thetao_MY_20250101_20251231.nc
97_dat,2025-01-02,30,8.891232043504715,MY,29.444730758666992,0.5552692413330078,1,thetao_MY_20250101_20251231.nc
97_dat,2025-01-03,5,8.911008037626743,MY,5.078224182128906,0.07822418212890625,1,thetao_MY_20250101_20251231.nc
97_dat,2025-01-03,10,8.911008037626743,MY,9.572997093200684,0.4270029067993164,1,thetao_MY_20250101_20251231.nc
97_dat,2025-01-03,15,8.911008037626743,MY,15.810070037841797,0.8100700378417969,1,thetao_MY_20250101_20251231.nc
97_dat,2025-01-03,20,8.911008037626743,MY,18.495559692382812,1.5044403076171875,1,thetao_MY_20250101_20251231.nc
97_dat,2025-01-03,30,8.970336019992828,MY,29.444730758666992,0.5552692413330078,1,thetao_MY_20250101_20251231.nc
97_dat,2025-01-04,5,8.894894264638424,MY,5.078224182128906,0.07822418212890625,1,thetao_MY_20250101_20251231.nc
97_dat,2025-01-04,10,8.894894264638424,MY,9.572997093200684,0.4270029067993164,1,thetao_MY_20250101_20251231.nc
97_dat,2025-01-04,15,8.894894264638424,MY,15.810070037841797,0.8100700378417969,1,thetao_MY_20250101_20251231.nc
97_dat,2025-01-04,20,8.894894264638424,MY,18.495559692382812,1.5044403076171875,1,thetao_MY_20250101_20251231.nc
97_dat,2025-01-04,30,8.95861691236496,MY,29.444730758666992,0.5552692413330078,1,thetao_MY_20250101_20251231.nc
97_dat,2025-01-05,5,8.829706728458405,MY,5.078224182128906,0.07822418212890625,1,thetao_MY_20250101_20251231.nc
97_dat,2025-01-05,10,8.830439172685146,MY,9.572997093200684,0.4270029067993164,1,thetao_MY_20250101_20251231.nc
97_dat,2025-01-05,15,8.830439172685146,MY,15.810070037841797,0.8100700378417969,1,thetao_MY_20250101_20251231.nc
97_dat,2025-01-05,20,8.830439172685146,MY,18.495559692382812,1.5044403076171875,1,thetao_MY_20250101_20251231.nc
97_dat,2025-01-05,30,8.890499599277973,MY,29.444730758666992,0.5552692413330078,1,thetao_MY_20250101_20251231.nc
97_dat,2025-01-06,5,8.804071180522442,MY,5.078224182128906,0.07822418212890625,1,thetao_MY_20250101_20251231.nc
97_dat,2025-01-06,10,8.81139562278986,MY,9.572997093200684,0.4270029067993164,1,thetao_MY_20250101_20251231.nc
97_dat,2025-01-06,15,8.818720065057278,MY,15.810070037841797,0.8100700378417969,1,thetao_MY_20250101_20251231.nc
97_dat,2025-01-06,20,8.80773340165615,MY,18.495559692382812,1.5044403076171875,1,thetao_MY_20250101_20251231.nc
97_dat,2025-01-06,30,8.845820501446724,MY,29.444730758666992,0.5552692413330078,1,thetao_MY_20250101_20251231.nc
97_dat,2025-01-07,5,8.683217883110046,MY,5.078224182128906,0.07822418212890625,1,thetao_MY_20250101_20251231.nc
97_dat,2025-01-07,10,8.683217883110046,MY,9.572997093200684,0.4270029067993164,1,thetao_MY_20250101_20251231.nc
97_dat,2025-01-07,15,8.68468277156353,MY,15.810070037841797,0.8100700378417969,1,thetao_MY_20250101_20251231.nc
97_dat,2025-01-07,20,8.688344992697239,MY,18.495559692382812,1.5044403076171875,1,thetao_MY_20250101_20251231.nc
97_dat,2025-01-07,30,8.733024090528488,MY,29.444730758666992,0.5552692413330078,1,thetao_MY_20250101_20251231.nc
97_dat,2025-01-08,5,8.435651734471321,MY,5.078224182128906,0.07822418212890625,1,thetao_MY_20250101_20251231.nc
97_dat,2025-01-08,10,8.435651734471321,MY,9.572997093200684,0.4270029067993164,1,thetao_MY_20250101_20251231.nc
97_dat,2025-01-08,15,8.435651734471321,MY,15.810070037841797,0.8100700378417969,1,thetao_MY_20250101_20251231.nc
97_dat,2025-01-08,20,8.435651734471321,MY,18.495559692382812,1.5044403076171875,1,thetao_MY_20250101_20251231.nc
97_dat,2025-01-08,30,8.481063276529312,MY,29.444730758666992,0.5552692413330078,1,thetao_MY_20250101_20251231.nc
97_dat,2025-01-09,5,8.193212695419788,MY,5.078224182128906,0.07822418212890625,1,thetao_MY_20250101_20251231.nc
97_dat,2025-01-09,10,8.193212695419788,MY,9.572997093200684,0.4270029067993164,1,thetao_MY_20250101_20251231.nc
97_dat,2025-01-09,15,8.193212695419788,MY,15.810070037841797,0.8100700378417969,1,thetao_MY_20250101_20251231.nc
97_dat,2025-01-09,20,8.193212695419788,MY,18.495559692382812,1.5044403076171875,1,thetao_MY_20250101_20251231.nc
97_dat,2025-01-09,30,8.242286458611488,MY,29.444730758666992,0.5552692413330078,1,thetao_MY_20250101_20251231.nc
97_dat,2025-01-10,5,8.080416284501553,MY,5.078224182128906,0.07822418212890625,1,thetao_MY_20250101_20251231.nc
97_dat,2025-01-10,10,8.080416284501553,MY,9.572997093200684,0.4270029067993164,1,thetao_MY_20250101_20251231.nc
97_dat,2025-01-10,15,8.07968384027481,MY,15.810070037841797,0.8100700378417969,1,thetao_MY_20250101_20251231.nc
97_dat,2025-01-10,20,8.07968384027481,MY,18.495559692382812,1.5044403076171875,1,thetao_MY_20250101_20251231.nc
97_dat,2025-01-10,30,8.125827826559544,MY,29.444730758666992,0.5552692413330078,1,thetao_MY_20250101_20251231.nc
97_dat,2025-01-11,5,7.982268758118153,MY,5.078224182128906,0.07822418212890625,1,thetao_MY_20250101_20251231.nc
97_dat,2025-01-11,10,7.982268758118153,MY,9.572997093200684,0.4270029067993164,1,thetao_MY_20250101_20251231.nc
97_dat,2025-01-11,15,7.982268758118153,MY,15.810070037841797,0.8100700378417969,1,thetao_MY_20250101_20251231.nc
97_dat,2025-01-11,20,7.982268758118153,MY,18.495559692382812,1.5044403076171875,1,thetao_MY_20250101_20251231.nc
97_dat,2025-01-11,30,8.025482967495918,MY,29.444730758666992,0.5552692413330078,1,thetao_MY_20250101_20251231.nc
97_dat,2025-01-12,5,7.761070601642132,MY,5.078224182128906,0.07822418212890625,1,thetao_MY_20250101_20251231.nc
97_dat,2025-01-12,10,7.761803045868874,MY,9.572997093200684,0.4270029067993164,1,thetao_MY_20250101_20251231.nc
97_dat,2025-01-12,15,7.766197711229324,MY,15.810070037841797,0.8100700378417969,1,thetao_MY_20250101_20251231.nc
97_dat,2025-01-12,20,7.771324820816517,MY,18.495559692382812,1.5044403076171875,1,thetao_MY_20250101_20251231.nc
97_dat,2025-01-12,30,7.837244801223278,MY,29.444730758666992,0.5552692413330078,1,thetao_MY_20250101_20251231.nc
97_dat,2025-01-13,5,7.035950817167759,MY,5.078224182128906,0.07822418212890625,1,thetao_MY_20250101_20251231.nc
97_dat,2025-01-13,10,7.057924143970013,MY,9.572997093200684,0.4270029067993164,1,thetao_MY_20250101_20251231.nc
97_dat,2025-01-13,15,7.17145299911499,MY,15.810070037841797,0.8100700378417969,1,thetao_MY_20250101_20251231.nc
97_dat,2025-01-13,20,7.234443202614784,MY,18.495559692382812,1.5044403076171875,1,thetao_MY_20250101_20251231.nc
97_dat,2025-01-13,30,7.413159593939781,MY,29.444730758666992,0.5552692413330078,1,thetao_MY_20250101_20251231.nc
97_dat,2025-01-14,5,6.425824776291847,MY,5.078224182128906,0.07822418212890625,1,thetao_MY_20250101_20251231.nc
97_dat,2025-01-14,10,6.427289664745331,MY,9.572997093200684,0.4270029067993164,1,thetao_MY_20250101_20251231.nc
97_dat,2025-01-14,15,6.562791846692562,MY,15.810070037841797,0.8100700378417969,1,thetao_MY_20250101_20251231.nc
97_dat,2025-01-14,20,6.74590290337801,MY,18.495559692382812,1.5044403076171875,1,thetao_MY_20250101_20251231.nc
97_dat,2025-01-14,30,7.000061050057411,MY,29.444730758666992,0.5552692413330078,1,thetao_MY_20250101_20251231.nc
97_dat,2025-01-15,5,6.168004408478737,MY,5.078224182128906,0.07822418212890625,1,thetao_MY_20250101_20251231.nc
97_dat,2025-01-15,10,6.168004408478737,MY,9.572997093200684,0.4270029067993164,1,thetao_MY_20250101_20251231.nc
97_dat,2025-01-15,15,6.178991071879864,MY,15.810070037841797,0.8100700378417969,1,thetao_MY_20250101_20251231.nc
97_dat,2025-01-15,20,6.225867502391338,MY,18.495559692382812,1.5044403076171875,1,thetao_MY_20250101_20251231.nc
97_dat,2025-01-15,30,6.4214301109313965,MY,29.444730758666992,0.5552692413330078,1,thetao_MY_20250101_20251231.nc
97_dat,2025-01-16,5,5.872829385101795,MY,5.078224182128906,0.07822418212890625,1,thetao_MY_20250101_20251231.nc
97_dat,2025-01-16,10,5.872829385101795,MY,9.572997093200684,0.4270029067993164,1,thetao_MY_20250101_20251231.nc
97_dat,2025-01-16,15,5.873561829328537,MY,15.810070037841797,0.8100700378417969,1,thetao_MY_20250101_20251231.nc
97_dat,2025-01-16,20,5.876491606235504,MY,18.495559692382812,1.5044403076171875,1,thetao_MY_20250101_20251231.nc
97_dat,2025-01-16,30,5.982696019113064,MY,29.444730758666992,0.5552692413330078,1,thetao_MY_20250101_20251231.nc
97_dat,2025-01-17,5,5.538102373480797,MY,5.078224182128906,0.07822418212890625,1,thetao_MY_20250101_20251231.nc
97_dat,2025-01-17,10,5.538102373480797,MY,9.572997093200684,0.4270029067993164,1,thetao_MY_20250101_20251231.nc
97_dat,2025-01-17,15,5.538102373480797,MY,15.810070037841797,0.8100700378417969,1,thetao_MY_20250101_20251231.nc
97_dat,2025-01-17,20,5.538102373480797,MY,18.495559692382812,1.5044403076171875,1,thetao_MY_20250101_20251231.nc
97_dat,2025-01-17,30,5.76442763954401,MY,29.444730758666992,0.5552692413330078,1,thetao_MY_20250101_20251231.nc
97_dat,2025-01-18,5,5.236335352063179,MY,5.078224182128906,0.07822418212890625,1,thetao_MY_20250101_20251231.nc
97_dat,2025-01-18,10,5.236335352063179,MY,9.572997093200684,0.4270029067993164,1,thetao_MY_20250101_20251231.nc
97_dat,2025-01-18,15,5.237067796289921,MY,15.810070037841797,0.8100700378417969,1,thetao_MY_20250101_20251231.nc
97_dat,2025-01-18,20,5.245857127010822,MY,18.495559692382812,1.5044403076171875,1,thetao_MY_20250101_20251231.nc
97_dat,2025-01-18,30,5.530777931213379,MY,29.444730758666992,0.5552692413330078,1,thetao_MY_20250101_20251231.nc
97_dat,2025-01-19,5,4.796136371791363,MY,5.078224182128906,0.07822418212890625,1,thetao_MY_20250101_20251231.nc
97_dat,2025-01-19,10,4.853267021477222,MY,9.572997093200684,0.4270029067993164,1,thetao_MY_20250101_20251231.nc
97_dat,2025-01-19,15,4.894283898174763,MY,15.810070037841797,0.8100700378417969,1,thetao_MY_20250101_20251231.nc
97_dat,2025-01-19,20,4.911862559616566,MY,18.495559692382812,1.5044403076171875,1,thetao_MY_20250101_20251231.nc
97_dat,2025-01-19,30,5.098635837435722,MY,29.444730758666992,0.5552692413330078,1,thetao_MY_20250101_20251231.nc
97_dat,2025-01-20,5,4.002166830003262,MY,5.078224182128906,0.07822418212890625,1,thetao_MY_20250101_20251231.nc
97_dat,2025-01-20,10,4.201391659677029,MY,9.572997093200684,0.4270029067993164,1,thetao_MY_20250101_20251231.nc
97_dat,2025-01-20,15,4.336161397397518,MY,15.810070037841797,0.8100700378417969,1,thetao_MY_20250101_20251231.nc
97_dat,2025-01-20,20,4.372783608734608,MY,18.495559692382812,1.5044403076171875,1,thetao_MY_20250101_20251231.nc
97_dat,2025-01-20,30,4.489974685013294,MY,29.444730758666992,0.5552692413330078,1,thetao_MY_20250101_20251231.nc
97_dat,2025-01-21,5,3.1620533019304276,MY,5.078224182128906,0.07822418212890625,1,thetao_MY_20250101_20251231.nc
97_dat,2025-01-21,10,3.4074221178889275,MY,9.572997093200684,0.4270029067993164,1,thetao_MY_20250101_20251231.nc
97_dat,2025-01-21,15,3.6418042704463005,MY,15.810070037841797,0.8100700378417969,1,thetao_MY_20250101_20251231.nc
97_dat,2025-01-21,20,3.7253029122948647,MY,18.495559692382812,1.5044403076171875,1,thetao_MY_20250101_20251231.nc
97_dat,2025-01-21,30,3.931119740009308,MY,29.444730758666992,0.5552692413330078,1,thetao_MY_20250101_20251231.nc
97_dat,2025-01-22,5,2.7738578617572784,MY,5.078224182128906,0.07822418212890625,1,thetao_MY_20250101_20251231.nc
97_dat,2025-01-22,10,2.877132497727871,MY,9.572997093200684,0.4270029067993164,1,thetao_MY_20250101_20251231.nc
97_dat,2025-01-22,15,3.062440887093544,MY,15.810070037841797,0.8100700378417969,1,thetao_MY_20250101_20251231.nc
97_dat,2025-01-22,20,3.167912855744362,MY,18.495559692382812,1.5044403076171875,1,thetao_MY_20250101_20251231.nc
97_dat,2025-01-22,30,3.405224785208702,MY,29.444730758666992,0.5552692413330078,1,thetao_MY_20250101_20251231.nc
97_dat,2025-01-23,5,2.6471450105309486,MY,5.078224182128906,0.07822418212890625,1,thetao_MY_20250101_20251231.nc
97_dat,2025-01-23,10,2.7379680946469307,MY,9.572997093200684,0.4270029067993164,1,thetao_MY_20250101_20251231.nc
97_dat,2025-01-23,15,2.8295236229896545,MY,15.810070037841797,0.8100700378417969,1,thetao_MY_20250101_20251231.nc
97_dat,2025-01-23,20,2.9240089282393456,MY,18.495559692382812,1.5044403076171875,1,thetao_MY_20250101_20251231.nc
97_dat,2025-01-23,30,3.1964781805872917,MY,29.444730758666992,0.5552692413330078,1,thetao_MY_20250101_20251231.nc
97_dat,2025-01-24,5,2.5599841475486755,MY,5.078224182128906,0.07822418212890625,1,thetao_MY_20250101_20251231.nc
97_dat,2025-01-24,10,2.6793725565075874,MY,9.572997093200684,0.4270029067993164,1,thetao_MY_20250101_20251231.nc
97_dat,2025-01-24,15,2.8156071826815605,MY,15.810070037841797,0.8100700378417969,1,thetao_MY_20250101_20251231.nc
97_dat,2025-01-24,20,2.8954436033964157,MY,18.495559692382812,1.5044403076171875,1,thetao_MY_20250101_20251231.nc
97_dat,2025-01-24,30,3.2360301688313484,MY,29.444730758666992,0.5552692413330078,1,thetao_MY_20250101_20251231.nc
97_dat,2025-01-25,5,2.502121053636074,MY,5.078224182128906,0.07822418212890625,1,thetao_MY_20250101_20251231.nc
97_dat,2025-01-25,10,2.687429443001747,MY,9.572997093200684,0.4270029067993164,1,thetao_MY_20250101_20251231.nc
97_dat,2025-01-25,15,2.908627599477768,MY,15.810070037841797,0.8100700378417969,1,thetao_MY_20250101_20251231.nc
97_dat,2025-01-25,20,2.9913937970995903,MY,18.495559692382812,1.5044403076171875,1,thetao_MY_20250101_20251231.nc
97_dat,2025-01-25,30,3.3546861335635185,MY,29.444730758666992,0.5552692413330078,1,thetao_MY_20250101_20251231.nc
97_dat,2025-01-26,5,2.4691610634326935,MY,5.078224182128906,0.07822418212890625,1,thetao_MY_20250101_20251231.nc
97_dat,2025-01-26,10,2.6757103353738785,MY,9.572997093200684,0.4270029067993164,1,thetao_MY_20250101_20251231.nc
97_dat,2025-01-26,15,2.9935911297798157,MY,15.810070037841797,0.8100700378417969,1,thetao_MY_20250101_20251231.nc
97_dat,2025-01-26,20,3.07708977162838,MY,18.495559692382812,1.5044403076171875,1,thetao_MY_20250101_20251231.nc
97_dat,2025-01-26,30,3.4696798771619797,MY,29.444730758666992,0.5552692413330078,1,thetao_MY_20250101_20251231.nc
97_dat,2025-01-27,5,2.4091006368398666,MY,5.078224182128906,0.07822418212890625,1,thetao_MY_20250101_20251231.nc
97_dat,2025-01-27,10,2.5680410340428352,MY,9.572997093200684,0.4270029067993164,1,thetao_MY_20250101_20251231.nc
97_dat,2025-01-27,15,3.0221564546227455,MY,15.810070037841797,0.8100700378417969,1,thetao_MY_20250101_20251231.nc
97_dat,2025-01-27,20,3.1063875406980515,MY,18.495559692382812,1.5044403076171875,1,thetao_MY_20250101_20251231.nc
97_dat,2025-01-27,30,3.5158238634467125,MY,29.444730758666992,0.5552692413330078,1,thetao_MY_20250101_20251231.nc
97_dat,2025-01-28,5,2.380535311996937,MY,5.078224182128906,0.07822418212890625,1,thetao_MY_20250101_20251231.nc
97_dat,2025-01-28,10,2.505783274769783,MY,9.572997093200684,0.4270029067993164,1,thetao_MY_20250101_20251231.nc
97_dat,2025-01-28,15,2.975280024111271,MY,15.810070037841797,0.8100700378417969,1,thetao_MY_20250101_20251231.nc
97_dat,2025-01-28,20,3.0536515563726425,MY,18.495559692382812,1.5044403076171875,1,thetao_MY_20250101_20251231.nc
97_dat,2025-01-28,30,3.49018831551075,MY,29.444730758666992,0.5552692413330078,1,thetao_MY_20250101_20251231.nc
97_dat,2025-01-29,5,2.443525515496731,MY,5.078224182128906,0.07822418212890625,1,thetao_MY_20250101_20251231.nc
97_dat,2025-01-29,10,2.516037493944168,MY,9.572997093200684,0.4270029067993164,1,thetao_MY_20250101_20251231.nc
97_dat,2025-01-29,15,2.8895840495824814,MY,15.810070037841797,0.8100700378417969,1,thetao_MY_20250101_20251231.nc
97_dat,2025-01-29,20,2.989196464419365,MY,18.495559692382812,1.5044403076171875,1,thetao_MY_20250101_20251231.nc
97_dat,2025-01-29,30,3.472609654068947,MY,29.444730758666992,0.5552692413330078,1,thetao_MY_20250101_20251231.nc
97_dat,2025-01-30,5,2.592944137752056,MY,5.078224182128906,0.07822418212890625,1,thetao_MY_20250101_20251231.nc
97_dat,2025-01-30,10,2.6119876876473427,MY,9.572997093200684,0.4270029067993164,1,thetao_MY_20250101_20251231.nc
97_dat,2025-01-30,15,2.915219597518444,MY,15.810070037841797,0.8100700378417969,1,thetao_MY_20250101_20251231.nc
97_dat,2025-01-30,20,3.112247094511986,MY,18.495559692382812,1.5044403076171875,1,thetao_MY_20250101_20251231.nc
97_dat,2025-01-30,30,3.696737587451935,MY,29.444730758666992,0.5552692413330078,1,thetao_MY_20250101_20251231.nc
97_dat,2025-01-31,5,2.653004564344883,MY,5.078224182128906,0.07822418212890625,1,thetao_MY_20250101_20251231.nc
97_dat,2025-01-31,10,2.7116001024842262,MY,9.572997093200684,0.4270029067993164,1,thetao_MY_20250101_20251231.nc
97_dat,2025-01-31,15,3.1510666385293007,MY,15.810070037841797,0.8100700378417969,1,thetao_MY_20250101_20251231.nc
97_dat,2025-01-31,20,3.4462416619062424,MY,18.495559692382812,1.5044403076171875,1,thetao_MY_20250101_20251231.nc
97_dat,2025-01-31,30,4.1039765775203705,MY,29.444730758666992,0.5552692413330078,1,thetao_MY_20250101_20251231.nc
97_dat,2025-02-01,5,2.642017900943756,MY,5.078224182128906,0.07822418212890625,1,thetao_MY_20250101_20251231.nc
97_dat,2025-02-01,10,2.8859218284487724,MY,9.572997093200684,0.4270029067993164,1,thetao_MY_20250101_20251231.nc
97_dat,2025-02-01,15,3.5436567440629005,MY,15.810070037841797,0.8100700378417969,1,thetao_MY_20250101_20251231.nc
97_dat,2025-02-01,20,3.800744667649269,MY,18.495559692382812,1.5044403076171875,1,thetao_MY_20250101_20251231.nc
97_dat,2025-02-01,30,4.44309825450182,MY,29.444730758666992,0.5552692413330078,1,thetao_MY_20250101_20251231.nc
97_dat,2025-02-02,5,2.666921004652977,MY,5.078224182128906,0.07822418212890625,1,thetao_MY_20250101_20251231.nc
97_dat,2025-02-02,10,2.9240089282393456,MY,9.572997093200684,0.4270029067993164,1,thetao_MY_20250101_20251231.nc
97_dat,2025-02-02,15,3.6322824954986572,MY,15.810070037841797,0.8100700378417969,1,thetao_MY_20250101_20251231.nc
97_dat,2025-02-02,20,3.8695944249629974,MY,18.495559692382812,1.5044403076171875,1,thetao_MY_20250101_20251231.nc
97_dat,2025-02-02,30,4.601306207478046,MY,29.444730758666992,0.5552692413330078,1,thetao_MY_20250101_20251231.nc
97_dat,2025-02-03,5,2.8573565036058426,MY,5.078224182128906,0.07822418212890625,1,thetao_MY_20250101_20251231.nc
97_dat,2025-02-03,10,2.9210791513323784,MY,9.572997093200684,0.4270029067993164,1,thetao_MY_20250101_20251231.nc
97_dat,2025-02-03,15,3.268257714807987,MY,15.810070037841797,0.8100700378417969,1,thetao_MY_20250101_20251231.nc
97_dat,2025-02-03,20,3.4945829808712006,MY,18.495559692382812,1.5044403076171875,1,thetao_MY_20250101_20251231.nc
97_dat,2025-02-03,30,4.4643391370773315,MY,29.444730758666992,0.5552692413330078,1,thetao_MY_20250101_20251231.nc
97_dat,2025-02-04,5,3.1767021864652634,MY,5.078224182128906,0.07822418212890625,1,thetao_MY_20250101_20251231.nc
97_dat,2025-02-04,10,3.181096851825714,MY,9.572997093200684,0.4270029067993164,1,thetao_MY_20250101_20251231.nc
97_dat,2025-02-04,15,3.1942808479070663,MY,15.810070037841797,0.8100700378417969,1,thetao_MY_20250101_20251231.nc
97_dat,2025-02-04,20,3.205999955534935,MY,18.495559692382812,1.5044403076171875,1,thetao_MY_20250101_20251231.nc
97_dat,2025-02-04,30,3.843226432800293,MY,29.444730758666992,0.5552692413330078,1,thetao_MY_20250101_20251231.nc
97_dat,2025-02-05,5,3.2184515073895454,MY,5.078224182128906,0.07822418212890625,1,thetao_MY_20250101_20251231.nc
97_dat,2025-02-05,10,3.2184515073895454,MY,9.572997093200684,0.4270029067993164,1,thetao_MY_20250101_20251231.nc
97_dat,2025-02-05,15,3.2184515073895454,MY,15.810070037841797,0.8100700378417969,1,thetao_MY_20250101_20251231.nc
97_dat,2025-02-05,20,3.2191839516162872,MY,18.495559692382812,1.5044403076171875,1,thetao_MY_20250101_20251231.nc
97_dat,2025-02-05,30,3.4953154250979424,MY,29.444730758666992,0.5552692413330078,1,thetao_MY_20250101_20251231.nc
97_dat,2025-02-06,5,3.262398160994053,MY,5.078224182128906,0.07822418212890625,1,thetao_MY_20250101_20251231.nc
97_dat,2025-02-06,10,3.262398160994053,MY,9.572997093200684,0.4270029067993164,1,thetao_MY_20250101_20251231.nc
97_dat,2025-02-06,15,3.262398160994053,MY,15.810070037841797,0.8100700378417969,1,thetao_MY_20250101_20251231.nc
97_dat,2025-02-06,20,3.2638630494475365,MY,18.495559692382812,1.5044403076171875,1,thetao_MY_20250101_20251231.nc
97_dat,2025-02-06,30,3.6520584896206856,MY,29.444730758666992,0.5552692413330078,1,thetao_MY_20250101_20251231.nc
97_dat,2025-02-07,5,3.2572710514068604,MY,5.078224182128906,0.07822418212890625,1,thetao_MY_20250101_20251231.nc
97_dat,2025-02-07,10,3.2572710514068604,MY,9.572997093200684,0.4270029067993164,1,thetao_MY_20250101_20251231.nc
97_dat,2025-02-07,15,3.2572710514068604,MY,15.810070037841797,0.8100700378417969,1,thetao_MY_20250101_20251231.nc
97_dat,2025-02-07,20,3.2609332725405693,MY,18.495559692382812,1.5044403076171875,1,thetao_MY_20250101_20251231.nc
97_dat,2025-02-07,30,4.029267266392708,MY,29.444730758666992,0.5552692413330078,1,thetao_MY_20250101_20251231.nc
97_dat,2025-02-08,5,3.2470168322324753,MY,5.078224182128906,0.07822418212890625,1,thetao_MY_20250101_20251231.nc
97_dat,2025-02-08,10,3.244087055325508,MY,9.572997093200684,0.4270029067993164,1,thetao_MY_20250101_20251231.nc
97_dat,2025-02-08,15,3.255073718726635,MY,15.810070037841797,0.8100700378417969,1,thetao_MY_20250101_20251231.nc
97_dat,2025-02-08,20,3.3202612549066544,MY,18.495559692382812,1.5044403076171875,1,thetao_MY_20250101_20251231.nc
97_dat,2025-02-08,30,4.4760582447052,MY,29.444730758666992,0.5552692413330078,1,thetao_MY_20250101_20251231.nc
97_dat,2025-02-09,5,3.2147892862558365,MY,5.078224182128906,0.07822418212890625,1,thetao_MY_20250101_20251231.nc
97_dat,2025-02-09,10,3.2184515073895454,MY,9.572997093200684,0.4270029067993164,1,thetao_MY_20250101_20251231.nc
97_dat,2025-02-09,15,3.370799906551838,MY,15.810070037841797,0.8100700378417969,1,thetao_MY_20250101_20251231.nc
97_dat,2025-02-09,20,3.633747383952141,MY,18.495559692382812,1.5044403076171875,1,thetao_MY_20250101_20251231.nc
97_dat,2025-02-09,30,5.004150532186031,MY,29.444730758666992,0.5552692413330078,1,thetao_MY_20250101_20251231.nc
97_dat,2025-02-10,5,3.145939528942108,MY,5.078224182128906,0.07822418212890625,1,thetao_MY_20250101_20251231.nc
97_dat,2025-02-10,10,3.2470168322324753,MY,9.572997093200684,0.4270029067993164,1,thetao_MY_20250101_20251231.nc
97_dat,2025-02-10,15,3.728232689201832,MY,15.810070037841797,0.8100700378417969,1,thetao_MY_20250101_20251231.nc
97_dat,2025-02-10,20,4.0863979160785675,MY,18.495559692382812,1.5044403076171875,1,thetao_MY_20250101_20251231.nc
97_dat,2025-02-10,30,5.446546845138073,MY,29.444730758666992,0.5552692413330078,1,thetao_MY_20250101_20251231.nc
97_dat,2025-02-11,5,3.191351071000099,MY,5.078224182128906,0.07822418212890625,1,thetao_MY_20250101_20251231.nc
97_dat,2025-02-11,10,3.482863873243332,MY,9.572997093200684,0.4270029067993164,1,thetao_MY_20250101_20251231.nc
97_dat,2025-02-11,15,3.9926450550556183,MY,15.810070037841797,0.8100700378417969,1,thetao_MY_20250101_20251231.nc
97_dat,2025-02-11,20,4.339091174304485,MY,18.495559692382812,1.5044403076171875,1,thetao_MY_20250101_20251231.nc
97_dat,2025-02-11,30,5.757835641503334,MY,29.444730758666992,0.5552692413330078,1,thetao_MY_20250101_20251231.nc
97_dat,2025-02-12,5,3.380321681499481,MY,5.078224182128906,0.07822418212890625,1,thetao_MY_20250101_20251231.nc
97_dat,2025-02-12,10,3.734092243015766,MY,9.572997093200684,0.4270029067993164,1,thetao_MY_20250101_20251231.nc
97_dat,2025-02-12,15,4.204321436583996,MY,15.810070037841797,0.8100700378417969,1,thetao_MY_20250101_20251231.nc
97_dat,2025-02-12,20,4.506820902228355,MY,18.495559692382812,1.5044403076171875,1,thetao_MY_20250101_20251231.nc
97_dat,2025-02-12,30,5.885280936956406,MY,29.444730758666992,0.5552692413330078,1,thetao_MY_20250101_20251231.nc
97_dat,2025-02-13,5,3.58833584189415,MY,5.078224182128906,0.07822418212890625,1,thetao_MY_20250101_20251231.nc
97_dat,2025-02-13,10,3.843226432800293,MY,9.572997093200684,0.4270029067993164,1,thetao_MY_20250101_20251231.nc
97_dat,2025-02-13,15,4.3207800686359406,MY,15.810070037841797,0.8100700378417969,1,thetao_MY_20250101_20251231.nc
97_dat,2025-02-13,20,4.6232795342803,MY,18.495559692382812,1.5044403076171875,1,thetao_MY_20250101_20251231.nc
97_dat,2025-02-13,30,5.876491606235504,MY,29.444730758666992,0.5552692413330078,1,thetao_MY_20250101_20251231.nc
97_dat,2025-02-14,5,3.9003570824861526,MY,5.078224182128906,0.07822418212890625,1,thetao_MY_20250101_20251231.nc
97_dat,2025-02-14,10,3.9538255110383034,MY,9.572997093200684,0.4270029067993164,1,thetao_MY_20250101_20251231.nc
97_dat,2025-02-14,15,4.522934675216675,MY,15.810070037841797,0.8100700378417969,1,thetao_MY_20250101_20251231.nc
97_dat,2025-02-14,20,4.776360377669334,MY,18.495559692382812,1.5044403076171875,1,thetao_MY_20250101_20251231.nc
97_dat,2025-02-14,30,5.864040054380894,MY,29.444730758666992,0.5552692413330078,1,thetao_MY_20250101_20251231.nc
97_dat,2025-02-15,5,4.33689384162426,MY,5.078224182128906,0.07822418212890625,1,thetao_MY_20250101_20251231.nc
97_dat,2025-02-15,10,4.399884045124054,MY,9.572997093200684,0.4270029067993164,1,thetao_MY_20250101_20251231.nc
97_dat,2025-02-15,15,4.740470610558987,MY,15.810070037841797,0.8100700378417969,1,thetao_MY_20250101_20251231.nc
97_dat,2025-02-15,20,4.942625217139721,MY,18.495559692382812,1.5044403076171875,1,thetao_MY_20250101_20251231.nc
97_dat,2025-02-15,30,5.9314249232411385,MY,29.444730758666992,0.5552692413330078,1,thetao_MY_20250101_20251231.nc
97_dat,2025-02-16,5,4.50462356954813,MY,5.078224182128906,0.07822418212890625,1,thetao_MY_20250101_20251231.nc
97_dat,2025-02-16,10,4.614490203559399,MY,9.572997093200684,0.4270029067993164,1,thetao_MY_20250101_20251231.nc
97_dat,2025-02-16,15,4.848872356116772,MY,15.810070037841797,0.8100700378417969,1,thetao_MY_20250101_20251231.nc
97_dat,2025-02-16,20,5.004150532186031,MY,18.495559692382812,1.5044403076171875,1,thetao_MY_20250101_20251231.nc
97_dat,2025-02-16,30,5.992950238287449,MY,29.444730758666992,0.5552692413330078,1,thetao_MY_20250101_20251231.nc
97_dat,2025-02-17,5,4.58226265758276,MY,5.078224182128906,0.07822418212890625,1,thetao_MY_20250101_20251231.nc
97_dat,2025-02-17,10,4.624744422733784,MY,9.572997093200684,0.4270029067993164,1,thetao_MY_20250101_20251231.nc
97_dat,2025-02-17,15,4.873775459825993,MY,15.810070037841797,0.8100700378417969,1,thetao_MY_20250101_20251231.nc
97_dat,2025-02-17,20,5.041505187749863,MY,18.495559692382812,1.5044403076171875,1,thetao_MY_20250101_20251231.nc
97_dat,2025-02-17,30,5.9768364652991295,MY,29.444730758666992,0.5552692413330078,1,thetao_MY_20250101_20251231.nc
97_dat,2025-02-18,5,4.633533753454685,MY,5.078224182128906,0.07822418212890625,1,thetao_MY_20250101_20251231.nc
97_dat,2025-02-18,10,4.635731086134911,MY,9.572997093200684,0.4270029067993164,1,thetao_MY_20250101_20251231.nc
97_dat,2025-02-18,15,4.806390590965748,MY,15.810070037841797,0.8100700378417969,1,thetao_MY_20250101_20251231.nc
97_dat,2025-02-18,20,5.048829630017281,MY,18.495559692382812,1.5044403076171875,1,thetao_MY_20250101_20251231.nc
97_dat,2025-02-18,30,5.908719152212143,MY,29.444730758666992,0.5552692413330078,1,thetao_MY_20250101_20251231.nc
97_dat,2025-02-19,5,4.654774636030197,MY,5.078224182128906,0.07822418212890625,1,thetao_MY_20250101_20251231.nc
97_dat,2025-02-19,10,4.655507080256939,MY,9.572997093200684,0.4270029067993164,1,thetao_MY_20250101_20251231.nc
97_dat,2025-02-19,15,4.742667943239212,MY,15.810070037841797,0.8100700378417969,1,thetao_MY_20250101_20251231.nc
97_dat,2025-02-19,20,5.058351404964924,MY,18.495559692382812,1.5044403076171875,1,thetao_MY_20250101_20251231.nc
97_dat,2025-02-19,30,5.861842721700668,MY,29.444730758666992,0.5552692413330078,1,thetao_MY_20250101_20251231.nc
97_dat,2025-02-20,5,4.645252861082554,MY,5.078224182128906,0.07822418212890625,1,thetao_MY_20250101_20251231.nc
97_dat,2025-02-20,10,4.642323084175587,MY,9.572997093200684,0.4270029067993164,1,thetao_MY_20250101_20251231.nc
97_dat,2025-02-20,15,4.687002182006836,MY,15.810070037841797,0.8100700378417969,1,thetao_MY_20250101_20251231.nc
97_dat,2025-02-20,20,4.994628757238388,MY,18.495559692382812,1.5044403076171875,1,thetao_MY_20250101_20251231.nc
97_dat,2025-02-20,30,5.832544952630997,MY,29.444730758666992,0.5552692413330078,1,thetao_MY_20250101_20251231.nc
97_dat,2025-02-21,5,4.6291390880942345,MY,5.078224182128906,0.07822418212890625,1,thetao_MY_20250101_20251231.nc
97_dat,2025-02-21,10,4.627674199640751,MY,9.572997093200684,0.4270029067993164,1,thetao_MY_20250101_20251231.nc
97_dat,2025-02-21,15,4.645985305309296,MY,15.810070037841797,0.8100700378417969,1,thetao_MY_20250101_20251231.nc
97_dat,2025-02-21,20,4.749259941279888,MY,18.495559692382812,1.5044403076171875,1,thetao_MY_20250101_20251231.nc
97_dat,2025-02-21,30,5.786400966346264,MY,29.444730758666992,0.5552692413330078,1,thetao_MY_20250101_20251231.nc
97_dat,2025-02-22,5,4.609363093972206,MY,5.078224182128906,0.07822418212890625,1,thetao_MY_20250101_20251231.nc
97_dat,2025-02-22,10,4.604235984385014,MY,9.572997093200684,0.4270029067993164,1,thetao_MY_20250101_20251231.nc
97_dat,2025-02-22,15,4.607165761291981,MY,15.810070037841797,0.8100700378417969,1,thetao_MY_20250101_20251231.nc
97_dat,2025-02-22,20,4.633533753454685,MY,18.495559692382812,1.5044403076171875,1,thetao_MY_20250101_20251231.nc
97_dat,2025-02-22,30,5.739524535834789,MY,29.444730758666992,0.5552692413330078,1,thetao_MY_20250101_20251231.nc
97_dat,2025-02-23,5,4.599108874797821,MY,5.078224182128906,0.07822418212890625,1,thetao_MY_20250101_20251231.nc
97_dat,2025-02-23,10,4.595446653664112,MY,9.572997093200684,0.4270029067993164,1,thetao_MY_20250101_20251231.nc
97_dat,2025-02-23,15,4.596911542117596,MY,15.810070037841797,0.8100700378417969,1,thetao_MY_20250101_20251231.nc
97_dat,2025-02-23,20,4.606433317065239,MY,18.495559692382812,1.5044403076171875,1,thetao_MY_20250101_20251231.nc
97_dat,2025-02-23,30,5.684591218829155,MY,29.444730758666992,0.5552692413330078,1,thetao_MY_20250101_20251231.nc
97_dat,2025-02-24,5,4.577867992222309,MY,5.078224182128906,0.07822418212890625,1,thetao_MY_20250101_20251231.nc
97_dat,2025-02-24,10,4.572740882635117,MY,9.572997093200684,0.4270029067993164,1,thetao_MY_20250101_20251231.nc
97_dat,2025-02-24,15,4.5764031037688255,MY,15.810070037841797,0.8100700378417969,1,thetao_MY_20250101_20251231.nc
97_dat,2025-02-24,20,4.592516876757145,MY,18.495559692382812,1.5044403076171875,1,thetao_MY_20250101_20251231.nc
97_dat,2025-02-24,30,5.595965467393398,MY,29.444730758666992,0.5552692413330078,1,thetao_MY_20250101_20251231.nc
97_dat,2025-02-25,5,4.581530213356018,MY,5.078224182128906,0.07822418212890625,1,thetao_MY_20250101_20251231.nc
97_dat,2025-02-25,10,4.5742057710886,MY,9.572997093200684,0.4270029067993164,1,thetao_MY_20250101_20251231.nc
97_dat,2025-02-25,15,4.595446653664112,MY,15.810070037841797,0.8100700378417969,1,thetao_MY_20250101_20251231.nc
97_dat,2025-02-25,20,4.632068865001202,MY,18.495559692382812,1.5044403076171875,1,thetao_MY_20250101_20251231.nc
97_dat,2025-02-25,30,5.482436612248421,MY,29.444730758666992,0.5552692413330078,1,thetao_MY_20250101_20251231.nc
97_dat,2025-02-26,5,4.574938215315342,MY,5.078224182128906,0.07822418212890625,1,thetao_MY_20250101_20251231.nc
97_dat,2025-02-26,10,4.575670659542084,MY,9.572997093200684,0.4270029067993164,1,thetao_MY_20250101_20251231.nc
97_dat,2025-02-26,15,4.595446653664112,MY,15.810070037841797,0.8100700378417969,1,thetao_MY_20250101_20251231.nc
97_dat,2025-02-26,20,4.632801309227943,MY,18.495559692382812,1.5044403076171875,1,thetao_MY_20250101_20251231.nc
97_dat,2025-02-26,30,5.33082065731287,MY,29.444730758666992,0.5552692413330078,1,thetao_MY_20250101_20251231.nc
97_dat,2025-02-27,5,4.6115604266524315,MY,5.078224182128906,0.07822418212890625,1,thetao_MY_20250101_20251231.nc
97_dat,2025-02-27,10,4.613757759332657,MY,9.572997093200684,0.4270029067993164,1,thetao_MY_20250101_20251231.nc
97_dat,2025-02-27,15,4.648182637989521,MY,15.810070037841797,0.8100700378417969,1,thetao_MY_20250101_20251231.nc
97_dat,2025-02-27,20,4.690664403140545,MY,18.495559692382812,1.5044403076171875,1,thetao_MY_20250101_20251231.nc
97_dat,2025-02-27,30,5.3923459723591805,MY,29.444730758666992,0.5552692413330078,1,thetao_MY_20250101_20251231.nc
97_dat,2025-02-28,5,4.711905285716057,MY,5.078224182128906,0.07822418212890625,1,thetao_MY_20250101_20251231.nc
97_dat,2025-02-28,10,4.703848399221897,MY,9.572997093200684,0.4270029067993164,1,thetao_MY_20250101_20251231.nc
97_dat,2025-02-28,15,4.7653737142682076,MY,15.810070037841797,0.8100700378417969,1,thetao_MY_20250101_20251231.nc
97_dat,2025-02-28,20,4.801995925605297,MY,18.495559692382812,1.5044403076171875,1,thetao_MY_20250101_20251231.nc
97_dat,2025-02-28,30,5.631122790277004,MY,29.444730758666992,0.5552692413330078,1,thetao_MY_20250101_20251231.nc
97_dat,2025-03-01,5,4.793206594884396,MY,5.078224182128906,0.07822418212890625,1,thetao_MY_20250101_20251231.nc
97_dat,2025-03-01,10,4.80712303519249,MY,9.572997093200684,0.4270029067993164,1,thetao_MY_20250101_20251231.nc
97_dat,2025-03-01,15,4.89721367508173,MY,15.810070037841797,0.8100700378417969,1,thetao_MY_20250101_20251231.nc
97_dat,2025-03-01,20,4.9580065459012985,MY,18.495559692382812,1.5044403076171875,1,thetao_MY_20250101_20251231.nc
97_dat,2025-03-01,30,5.776146747171879,MY,29.444730758666992,0.5552692413330078,1,thetao_MY_20250101_20251231.nc
97_dat,2025-03-02,5,4.856929242610931,MY,5.078224182128906,0.07822418212890625,1,thetao_MY_20250101_20251231.nc
97_dat,2025-03-02,10,4.861323907971382,MY,9.572997093200684,0.4270029067993164,1,thetao_MY_20250101_20251231.nc
97_dat,2025-03-02,15,4.925046555697918,MY,15.810070037841797,0.8100700378417969,1,thetao_MY_20250101_20251231.nc
97_dat,2025-03-02,20,5.049562074244022,MY,18.495559692382812,1.5044403076171875,1,thetao_MY_20250101_20251231.nc
97_dat,2025-03-02,30,5.855983167886734,MY,29.444730758666992,0.5552692413330078,1,thetao_MY_20250101_20251231.nc
97_dat,2025-03-03,5,4.891354121267796,MY,5.078224182128906,0.07822418212890625,1,thetao_MY_20250101_20251231.nc
97_dat,2025-03-03,10,4.892086565494537,MY,9.572997093200684,0.4270029067993164,1,thetao_MY_20250101_20251231.nc
97_dat,2025-03-03,15,4.90966522693634,MY,15.810070037841797,0.8100700378417969,1,thetao_MY_20250101_20251231.nc
97_dat,2025-03-03,20,4.963133655488491,MY,18.495559692382812,1.5044403076171875,1,thetao_MY_20250101_20251231.nc
97_dat,2025-03-03,30,5.970976911485195,MY,29.444730758666992,0.5552692413330078,1,thetao_MY_20250101_20251231.nc
97_dat,2025-03-04,5,4.971190541982651,MY,5.078224182128906,0.07822418212890625,1,thetao_MY_20250101_20251231.nc
97_dat,2025-03-04,10,4.968993209302425,MY,9.572997093200684,0.4270029067993164,1,thetao_MY_20250101_20251231.nc
97_dat,2025-03-04,15,4.988769203424454,MY,15.810070037841797,0.8100700378417969,1,thetao_MY_20250101_20251231.nc
97_dat,2025-03-04,20,5.011474974453449,MY,18.495559692382812,1.5044403076171875,1,thetao_MY_20250101_20251231.nc
97_dat,2025-03-04,30,6.089632876217365,MY,29.444730758666992,0.5552692413330078,1,thetao_MY_20250101_20251231.nc
97_dat,2025-03-05,5,4.973387874662876,MY,5.078224182128906,0.07822418212890625,1,thetao_MY_20250101_20251231.nc
97_dat,2025-03-05,10,4.978514984250069,MY,9.572997093200684,0.4270029067993164,1,thetao_MY_20250101_20251231.nc
97_dat,2025-03-05,15,4.988769203424454,MY,15.810070037841797,0.8100700378417969,1,thetao_MY_20250101_20251231.nc
97_dat,2025-03-05,20,4.999755866825581,MY,18.495559692382812,1.5044403076171875,1,thetao_MY_20250101_20251231.nc
97_dat,2025-03-05,30,5.782006300985813,MY,29.444730758666992,0.5552692413330078,1,thetao_MY_20250101_20251231.nc
97_dat,2025-03-06,5,4.949949659407139,MY,5.078224182128906,0.07822418212890625,1,thetao_MY_20250101_20251231.nc
97_dat,2025-03-06,10,4.949949659407139,MY,9.572997093200684,0.4270029067993164,1,thetao_MY_20250101_20251231.nc
97_dat,2025-03-06,15,4.950682103633881,MY,15.810070037841797,0.8100700378417969,1,thetao_MY_20250101_20251231.nc
97_dat,2025-03-06,20,4.952146992087364,MY,18.495559692382812,1.5044403076171875,1,thetao_MY_20250101_20251231.nc
97_dat,2025-03-06,30,5.390881083905697,MY,29.444730758666992,0.5552692413330078,1,thetao_MY_20250101_20251231.nc
97_dat,2025-03-07,5,4.9301736652851105,MY,5.078224182128906,0.07822418212890625,1,thetao_MY_20250101_20251231.nc
97_dat,2025-03-07,10,4.919187001883984,MY,9.572997093200684,0.4270029067993164,1,thetao_MY_20250101_20251231.nc
97_dat,2025-03-07,15,4.9125950038433075,MY,15.810070037841797,0.8100700378417969,1,thetao_MY_20250101_20251231.nc
97_dat,2025-03-07,20,4.913327448070049,MY,18.495559692382812,1.5044403076171875,1,thetao_MY_20250101_20251231.nc
97_dat,2025-03-07,30,5.320566438138485,MY,29.444730758666992,0.5552692413330078,1,thetao_MY_20250101_20251231.nc
97_dat,2025-03-08,5,4.913327448070049,MY,5.078224182128906,0.07822418212890625,1,thetao_MY_20250101_20251231.nc
97_dat,2025-03-08,10,4.900143451988697,MY,9.572997093200684,0.4270029067993164,1,thetao_MY_20250101_20251231.nc
97_dat,2025-03-08,15,4.899411007761955,MY,15.810070037841797,0.8100700378417969,1,thetao_MY_20250101_20251231.nc
97_dat,2025-03-08,20,4.90527056157589,MY,18.495559692382812,1.5044403076171875,1,thetao_MY_20250101_20251231.nc
97_dat,2025-03-08,30,5.3535264283418655,MY,29.444730758666992,0.5552692413330078,1,thetao_MY_20250101_20251231.nc
97_dat,2025-03-09,5,4.893551453948021,MY,5.078224182128906,0.07822418212890625,1,thetao_MY_20250101_20251231.nc
97_dat,2025-03-09,10,4.881832346320152,MY,9.572997093200684,0.4270029067993164,1,thetao_MY_20250101_20251231.nc
97_dat,2025-03-09,15,4.8847621232271194,MY,15.810070037841797,0.8100700378417969,1,thetao_MY_20250101_20251231.nc
97_dat,2025-03-09,20,4.894283898174763,MY,18.495559692382812,1.5044403076171875,1,thetao_MY_20250101_20251231.nc
97_dat,2025-03-09,30,5.453138843178749,MY,29.444730758666992,0.5552692413330078,1,thetao_MY_20250101_20251231.nc
97_dat,2025-03-10,5,4.896481230854988,MY,5.078224182128906,0.07822418212890625,1,thetao_MY_20250101_20251231.nc
97_dat,2025-03-10,10,4.871578127145767,MY,9.572997093200684,0.4270029067993164,1,thetao_MY_20250101_20251231.nc
97_dat,2025-03-10,15,4.886227011680603,MY,15.810070037841797,0.8100700378417969,1,thetao_MY_20250101_20251231.nc
97_dat,2025-03-10,20,4.915524780750275,MY,18.495559692382812,1.5044403076171875,1,thetao_MY_20250101_20251231.nc
97_dat,2025-03-10,30,5.5556810349226,MY,29.444730758666992,0.5552692413330078,1,thetao_MY_20250101_20251231.nc
97_dat,2025-03-11,5,4.955809213221073,MY,5.078224182128906,0.07822418212890625,1,thetao_MY_20250101_20251231.nc
97_dat,2025-03-11,10,4.896481230854988,MY,9.572997093200684,0.4270029067993164,1,thetao_MY_20250101_20251231.nc
97_dat,2025-03-11,15,4.900875896215439,MY,15.810070037841797,0.8100700378417969,1,thetao_MY_20250101_20251231.nc
97_dat,2025-03-11,20,4.93823055177927,MY,18.495559692382812,1.5044403076171875,1,thetao_MY_20250101_20251231.nc
97_dat,2025-03-11,30,5.7029023244977,MY,29.444730758666992,0.5552692413330078,1,thetao_MY_20250101_20251231.nc
97_dat,2025-03-12,5,4.957274101674557,MY,5.078224182128906,0.07822418212890625,1,thetao_MY_20250101_20251231.nc
97_dat,2025-03-12,10,4.934568330645561,MY,9.572997093200684,0.4270029067993164,1,thetao_MY_20250101_20251231.nc
97_dat,2025-03-12,15,4.965330988168716,MY,15.810070037841797,0.8100700378417969,1,thetao_MY_20250101_20251231.nc
97_dat,2025-03-12,20,5.029786080121994,MY,18.495559692382812,1.5044403076171875,1,thetao_MY_20250101_20251231.nc
97_dat,2025-03-12,30,5.929960034787655,MY,29.444730758666992,0.5552692413330078,1,thetao_MY_20250101_20251231.nc
97_dat,2025-03-13,5,4.718497283756733,MY,5.078224182128906,0.07822418212890625,1,thetao_MY_20250101_20251231.nc
97_dat,2025-03-13,10,4.756584383547306,MY,9.572997093200684,0.4270029067993164,1,thetao_MY_20250101_20251231.nc
97_dat,2025-03-13,15,5.17554248124361,MY,15.810070037841797,0.8100700378417969,1,thetao_MY_20250101_20251231.nc
97_dat,2025-03-13,20,5.450941510498524,MY,18.495559692382812,1.5044403076171875,1,thetao_MY_20250101_20251231.nc
97_dat,2025-03-13,30,6.515182971954346,MY,29.444730758666992,0.5552692413330078,1,thetao_MY_20250101_20251231.nc
97_dat,2025-03-14,5,4.755851939320564,MY,5.078224182128906,0.07822418212890625,1,thetao_MY_20250101_20251231.nc
97_dat,2025-03-14,10,4.922849223017693,MY,9.572997093200684,0.4270029067993164,1,thetao_MY_20250101_20251231.nc
97_dat,2025-03-14,15,5.523453488945961,MY,15.810070037841797,0.8100700378417969,1,thetao_MY_20250101_20251231.nc
97_dat,2025-03-14,20,5.673604555428028,MY,18.495559692382812,1.5044403076171875,1,thetao_MY_20250101_20251231.nc
97_dat,2025-03-14,30,6.80742821842432,MY,29.444730758666992,0.5552692413330078,1,thetao_MY_20250101_20251231.nc
97_dat,2025-03-15,5,4.859126575291157,MY,5.078224182128906,0.07822418212890625,1,thetao_MY_20250101_20251231.nc
97_dat,2025-03-15,10,5.070802956819534,MY,9.572997093200684,0.4270029067993164,1,thetao_MY_20250101_20251231.nc
97_dat,2025-03-15,15,5.538834817707539,MY,15.810070037841797,0.8100700378417969,1,thetao_MY_20250101_20251231.nc
97_dat,2025-03-15,20,5.668477445840836,MY,18.495559692382812,1.5044403076171875,1,thetao_MY_20250101_20251231.nc
97_dat,2025-03-15,30,6.865291312336922,MY,29.444730758666992,0.5552692413330078,1,thetao_MY_20250101_20251231.nc
97_dat,2025-03-16,5,4.866451017558575,MY,5.078224182128906,0.07822418212890625,1,thetao_MY_20250101_20251231.nc
97_dat,2025-03-16,10,5.026123858988285,MY,9.572997093200684,0.4270029067993164,1,thetao_MY_20250101_20251231.nc
97_dat,2025-03-16,15,5.443617068231106,MY,15.810070037841797,0.8100700378417969,1,thetao_MY_20250101_20251231.nc
97_dat,2025-03-16,20,5.552751258015633,MY,18.495559692382812,1.5044403076171875,1,thetao_MY_20250101_20251231.nc
97_dat,2025-03-16,30,6.8169499933719635,MY,29.444730758666992,0.5552692413330078,1,thetao_MY_20250101_20251231.nc
97_dat,2025-03-17,5,4.862056352198124,MY,5.078224182128906,0.07822418212890625,1,thetao_MY_20250101_20251231.nc
97_dat,2025-03-17,10,4.996826089918613,MY,9.572997093200684,0.4270029067993164,1,thetao_MY_20250101_20251231.nc
97_dat,2025-03-17,15,5.4970854967832565,MY,15.810070037841797,0.8100700378417969,1,thetao_MY_20250101_20251231.nc
97_dat,2025-03-17,20,5.59669791162014,MY,18.495559692382812,1.5044403076171875,1,thetao_MY_20250101_20251231.nc
97_dat,2025-03-17,30,6.804498441517353,MY,29.444730758666992,0.5552692413330078,1,thetao_MY_20250101_20251231.nc
97_dat,2025-03-18,5,4.834223471581936,MY,5.078224182128906,0.07822418212890625,1,thetao_MY_20250101_20251231.nc
97_dat,2025-03-18,10,5.096438504755497,MY,9.572997093200684,0.4270029067993164,1,thetao_MY_20250101_20251231.nc
97_dat,2025-03-18,15,5.571062363684177,MY,15.810070037841797,0.8100700378417969,1,thetao_MY_20250101_20251231.nc
97_dat,2025-03-18,20,5.702169880270958,MY,18.495559692382812,1.5044403076171875,1,thetao_MY_20250101_20251231.nc
97_dat,2025-03-18,30,6.863826423883438,MY,29.444730758666992,0.5552692413330078,1,thetao_MY_20250101_20251231.nc
97_dat,2025-03-19,5,4.857661686837673,MY,5.078224182128906,0.07822418212890625,1,thetao_MY_20250101_20251231.nc
97_dat,2025-03-19,10,5.197515808045864,MY,9.572997093200684,0.4270029067993164,1,thetao_MY_20250101_20251231.nc
97_dat,2025-03-19,15,5.760032974183559,MY,15.810070037841797,0.8100700378417969,1,thetao_MY_20250101_20251231.nc
97_dat,2025-03-19,20,5.954130694270134,MY,18.495559692382812,1.5044403076171875,1,thetao_MY_20250101_20251231.nc
97_dat,2025-03-19,30,7.035950817167759,MY,29.444730758666992,0.5552692413330078,1,thetao_MY_20250101_20251231.nc
97_dat,2025-03-20,5,4.850337244570255,MY,5.078224182128906,0.07822418212890625,1,thetao_MY_20250101_20251231.nc
97_dat,2025-03-20,10,5.170415371656418,MY,9.572997093200684,0.4270029067993164,1,thetao_MY_20250101_20251231.nc
97_dat,2025-03-20,15,5.789330743253231,MY,15.810070037841797,0.8100700378417969,1,thetao_MY_20250101_20251231.nc
97_dat,2025-03-20,20,5.995147570967674,MY,18.495559692382812,1.5044403076171875,1,thetao_MY_20250101_20251231.nc
97_dat,2025-03-20,30,7.144352562725544,MY,29.444730758666992,0.5552692413330078,1,thetao_MY_20250101_20251231.nc
97_dat,2025-03-21,5,4.986571870744228,MY,5.078224182128906,0.07822418212890625,1,thetao_MY_20250101_20251231.nc
97_dat,2025-03-21,10,5.331553101539612,MY,9.572997093200684,0.4270029067993164,1,thetao_MY_20250101_20251231.nc
97_dat,2025-03-21,15,5.9453413635492325,MY,15.810070037841797,0.8100700378417969,1,thetao_MY_20250101_20251231.nc
97_dat,2025-03-21,20,6.170201741158962,MY,18.495559692382812,1.5044403076171875,1,thetao_MY_20250101_20251231.nc
97_dat,2025-03-21,30,7.251289419829845,MY,29.444730758666992,0.5552692413330078,1,thetao_MY_20250101_20251231.nc
97_dat,2025-03-22,5,5.1154820546507835,MY,5.078224182128906,0.07822418212890625,1,thetao_MY_20250101_20251231.nc
97_dat,2025-03-22,10,5.619403682649136,MY,9.572997093200684,0.4270029067993164,1,thetao_MY_20250101_20251231.nc
97_dat,2025-03-22,15,6.139439083635807,MY,15.810070037841797,0.8100700378417969,1,thetao_MY_20250101_20251231.nc
97_dat,2025-03-22,20,6.337931469082832,MY,18.495559692382812,1.5044403076171875,1,thetao_MY_20250101_20251231.nc
97_dat,2025-03-22,30,7.342844948172569,MY,29.444730758666992,0.5552692413330078,1,thetao_MY_20250101_20251231.nc
97_dat,2025-03-23,5,5.259773567318916,MY,5.078224182128906,0.07822418212890625,1,thetao_MY_20250101_20251231.nc
97_dat,2025-03-23,10,5.529313042759895,MY,9.572997093200684,0.4270029067993164,1,thetao_MY_20250101_20251231.nc
97_dat,2025-03-23,15,6.0398266687989235,MY,15.810070037841797,0.8100700378417969,1,thetao_MY_20250101_20251231.nc
97_dat,2025-03-23,20,6.233924388885498,MY,18.495559692382812,1.5044403076171875,1,thetao_MY_20250101_20251231.nc
97_dat,2025-03-23,30,7.309152513742447,MY,29.444730758666992,0.5552692413330078,1,thetao_MY_20250101_20251231.nc
97_dat,2025-03-24,5,5.348399318754673,MY,5.078224182128906,0.07822418212890625,1,thetao_MY_20250101_20251231.nc
97_dat,2025-03-24,10,5.502945050597191,MY,9.572997093200684,0.4270029067993164,1,thetao_MY_20250101_20251231.nc
97_dat,2025-03-24,15,5.939481809735298,MY,15.810070037841797,0.8100700378417969,1,thetao_MY_20250101_20251231.nc
97_dat,2025-03-24,20,6.1203955337405205,MY,18.495559692382812,1.5044403076171875,1,thetao_MY_20250101_20251231.nc
97_dat,2025-03-24,30,7.231513425707817,MY,29.444730758666992,0.5552692413330078,1,thetao_MY_20250101_20251231.nc
97_dat,2025-03-25,5,5.6047547981143,MY,5.078224182128906,0.07822418212890625,1,thetao_MY_20250101_20251231.nc
97_dat,2025-03-25,10,5.669209890067577,MY,9.572997093200684,0.4270029067993164,1,thetao_MY_20250101_20251231.nc
97_dat,2025-03-25,15,5.98123113065958,MY,15.810070037841797,0.8100700378417969,1,thetao_MY_20250101_20251231.nc
97_dat,2025-03-25,20,6.1482284143567085,MY,18.495559692382812,1.5044403076171875,1,thetao_MY_20250101_20251231.nc
97_dat,2025-03-25,30,7.223456539213657,MY,29.444730758666992,0.5552692413330078,1,thetao_MY_20250101_20251231.nc
97_dat,2025-03-26,5,5.620136126875877,MY,5.078224182128906,0.07822418212890625,1,thetao_MY_20250101_20251231.nc
97_dat,2025-03-26,10,5.81350140273571,MY,9.572997093200684,0.4270029067993164,1,thetao_MY_20250101_20251231.nc
97_dat,2025-03-26,15,6.122592866420746,MY,15.810070037841797,0.8100700378417969,1,thetao_MY_20250101_20251231.nc
97_dat,2025-03-26,20,6.300576813519001,MY,18.495559692382812,1.5044403076171875,1,thetao_MY_20250101_20251231.nc
97_dat,2025-03-26,30,7.3069551810622215,MY,29.444730758666992,0.5552692413330078,1,thetao_MY_20250101_20251231.nc
97_dat,2025-03-27,5,5.554948590695858,MY,5.078224182128906,0.07822418212890625,1,thetao_MY_20250101_20251231.nc
97_dat,2025-03-27,10,5.7036347687244415,MY,9.572997093200684,0.4270029067993164,1,thetao_MY_20250101_20251231.nc
97_dat,2025-03-27,15,5.9768364652991295,MY,15.810070037841797,0.8100700378417969,1,thetao_MY_20250101_20251231.nc
97_dat,2025-03-27,20,6.140171527862549,MY,18.495559692382812,1.5044403076171875,1,thetao_MY_20250101_20251231.nc
97_dat,2025-03-27,30,7.302560515701771,MY,29.444730758666992,0.5552692413330078,1,thetao_MY_20250101_20251231.nc
97_dat,2025-03-28,5,5.495620608329773,MY,5.078224182128906,0.07822418212890625,1,thetao_MY_20250101_20251231.nc
97_dat,2025-03-28,10,5.57618947327137,MY,9.572997093200684,0.4270029067993164,1,thetao_MY_20250101_20251231.nc
97_dat,2025-03-28,15,5.841334283351898,MY,15.810070037841797,0.8100700378417969,1,thetao_MY_20250101_20251231.nc
97_dat,2025-03-28,20,5.977568909525871,MY,18.495559692382812,1.5044403076171875,1,thetao_MY_20250101_20251231.nc
97_dat,2025-03-28,30,7.183904550969601,MY,29.444730758666992,0.5552692413330078,1,thetao_MY_20250101_20251231.nc
97_dat,2025-03-29,5,5.468520171940327,MY,5.078224182128906,0.07822418212890625,1,thetao_MY_20250101_20251231.nc
97_dat,2025-03-29,10,5.71535387635231,MY,9.572997093200684,0.4270029067993164,1,thetao_MY_20250101_20251231.nc
97_dat,2025-03-29,15,6.1518906354904175,MY,15.810070037841797,0.8100700378417969,1,thetao_MY_20250101_20251231.nc
97_dat,2025-03-29,20,6.320352807641029,MY,18.495559692382812,1.5044403076171875,1,thetao_MY_20250101_20251231.nc
97_dat,2025-03-29,30,7.298898294568062,MY,29.444730758666992,0.5552692413330078,1,thetao_MY_20250101_20251231.nc
97_dat,2025-03-30,5,5.377697087824345,MY,5.078224182128906,0.07822418212890625,1,thetao_MY_20250101_20251231.nc
97_dat,2025-03-30,10,5.601825021207333,MY,9.572997093200684,0.4270029067993164,1,thetao_MY_20250101_20251231.nc
97_dat,2025-03-30,15,6.178258627653122,MY,15.810070037841797,0.8100700378417969,1,thetao_MY_20250101_20251231.nc
97_dat,2025-03-30,20,6.4177678897976875,MY,18.495559692382812,1.5044403076171875,1,thetao_MY_20250101_20251231.nc
97_dat,2025-03-30,30,7.382396936416626,MY,29.444730758666992,0.5552692413330078,1,thetao_MY_20250101_20251231.nc
97_dat,2025-03-31,5,5.415784187614918,MY,5.078224182128906,0.07822418212890625,1,thetao_MY_20250101_20251231.nc
97_dat,2025-03-31,10,5.89114049077034,MY,9.572997093200684,0.4270029067993164,1,thetao_MY_20250101_20251231.nc
97_dat,2025-03-31,15,6.507858529686928,MY,15.810070037841797,0.8100700378417969,1,thetao_MY_20250101_20251231.nc
97_dat,2025-03-31,20,6.658009596168995,MY,18.495559692382812,1.5044403076171875,1,thetao_MY_20250101_20251231.nc
97_dat,2025-03-31,30,7.50251778960228,MY,29.444730758666992,0.5552692413330078,1,thetao_MY_20250101_20251231.nc
97_dat,2025-04-01,5,5.558610811829567,MY,5.078224182128906,0.07822418212890625,1,thetao_MY_20250101_20251231.nc
97_dat,2025-04-01,10,5.73586231470108,MY,9.572997093200684,0.4270029067993164,1,thetao_MY_20250101_20251231.nc
97_dat,2025-04-01,15,6.29618214815855,MY,15.810070037841797,0.8100700378417969,1,thetao_MY_20250101_20251231.nc
97_dat,2025-04-01,20,6.538621187210083,MY,18.495559692382812,1.5044403076171875,1,thetao_MY_20250101_20251231.nc
97_dat,2025-04-01,30,7.559648439288139,MY,29.444730758666992,0.5552692413330078,1,thetao_MY_20250101_20251231.nc
97_dat,2025-04-02,5,5.61720634996891,MY,5.078224182128906,0.07822418212890625,1,thetao_MY_20250101_20251231.nc
97_dat,2025-04-02,10,5.643574342131615,MY,9.572997093200684,0.4270029067993164,1,thetao_MY_20250101_20251231.nc
97_dat,2025-04-02,15,5.8471938371658325,MY,15.810070037841797,0.8100700378417969,1,thetao_MY_20250101_20251231.nc
97_dat,2025-04-02,20,6.083040878176689,MY,18.495559692382812,1.5044403076171875,1,thetao_MY_20250101_20251231.nc
97_dat,2025-04-02,30,7.460768468677998,MY,29.444730758666992,0.5552692413330078,1,thetao_MY_20250101_20251231.nc
97_dat,2025-04-03,5,5.606952130794525,MY,5.078224182128906,0.07822418212890625,1,thetao_MY_20250101_20251231.nc
97_dat,2025-04-03,10,5.643574342131615,MY,9.572997093200684,0.4270029067993164,1,thetao_MY_20250101_20251231.nc
97_dat,2025-04-03,15,5.8999298214912415,MY,15.810070037841797,0.8100700378417969,1,thetao_MY_20250101_20251231.nc
97_dat,2025-04-03,20,6.13650930672884,MY,18.495559692382812,1.5044403076171875,1,thetao_MY_20250101_20251231.nc
97_dat,2025-04-03,30,7.430005811154842,MY,29.444730758666992,0.5552692413330078,1,thetao_MY_20250101_20251231.nc
97_dat,2025-04-04,5,5.680196553468704,MY,5.078224182128906,0.07822418212890625,1,thetao_MY_20250101_20251231.nc
97_dat,2025-04-04,10,5.782006300985813,MY,9.572997093200684,0.4270029067993164,1,thetao_MY_20250101_20251231.nc
97_dat,2025-04-04,15,6.230262167751789,MY,15.810070037841797,0.8100700378417969,1,thetao_MY_20250101_20251231.nc
97_dat,2025-04-04,20,6.495406977832317,MY,18.495559692382812,1.5044403076171875,1,thetao_MY_20250101_20251231.nc
97_dat,2025-04-04,30,7.498855568468571,MY,29.444730758666992,0.5552692413330078,1,thetao_MY_20250101_20251231.nc
97_dat,2025-04-05,5,5.757103197276592,MY,5.078224182128906,0.07822418212890625,1,thetao_MY_20250101_20251231.nc
97_dat,2025-04-05,10,5.979033797979355,MY,9.572997093200684,0.4270029067993164,1,thetao_MY_20250101_20251231.nc
97_dat,2025-04-05,15,6.4705038741230965,MY,15.810070037841797,0.8100700378417969,1,thetao_MY_20250101_20251231.nc
97_dat,2025-04-05,20,6.692434474825859,MY,18.495559692382812,1.5044403076171875,1,thetao_MY_20250101_20251231.nc
97_dat,2025-04-05,30,7.563310660421848,MY,29.444730758666992,0.5552692413330078,1,thetao_MY_20250101_20251231.nc
97_dat,2025-04-06,5,5.898464933037758,MY,5.078224182128906,0.07822418212890625,1,thetao_MY_20250101_20251231.nc
97_dat,2025-04-06,10,5.938016921281815,MY,9.572997093200684,0.4270029067993164,1,thetao_MY_20250101_20251231.nc
97_dat,2025-04-06,15,6.419232778251171,MY,15.810070037841797,0.8100700378417969,1,thetao_MY_20250101_20251231.nc
97_dat,2025-04-06,20,6.617725163698196,MY,18.495559692382812,1.5044403076171875,1,thetao_MY_20250101_20251231.nc
97_dat,2025-04-06,30,7.580889321863651,MY,29.444730758666992,0.5552692413330078,1,thetao_MY_20250101_20251231.nc
97_dat,2025-04-07,5,5.979766242206097,MY,5.078224182128906,0.07822418212890625,1,thetao_MY_20250101_20251231.nc
97_dat,2025-04-07,10,5.918240927159786,MY,9.572997093200684,0.4270029067993164,1,thetao_MY_20250101_20251231.nc
97_dat,2025-04-07,15,6.3547776862978935,MY,15.810070037841797,0.8100700378417969,1,thetao_MY_20250101_20251231.nc
97_dat,2025-04-07,20,6.523972302675247,MY,18.495559692382812,1.5044403076171875,1,thetao_MY_20250101_20251231.nc
97_dat,2025-04-07,30,7.545731998980045,MY,29.444730758666992,0.5552692413330078,1,thetao_MY_20250101_20251231.nc
97_dat,2025-04-08,5,6.05081333220005,MY,5.078224182128906,0.07822418212890625,1,thetao_MY_20250101_20251231.nc
97_dat,2025-04-08,10,6.121860422194004,MY,9.572997093200684,0.4270029067993164,1,thetao_MY_20250101_20251231.nc
97_dat,2025-04-08,15,6.506393641233444,MY,15.810070037841797,0.8100700378417969,1,thetao_MY_20250101_20251231.nc
97_dat,2025-04-08,20,6.664601594209671,MY,18.495559692382812,1.5044403076171875,1,thetao_MY_20250101_20251231.nc
97_dat,2025-04-08,30,7.58455154299736,MY,29.444730758666992,0.5552692413330078,1,thetao_MY_20250101_20251231.nc
97_dat,2025-04-09,5,6.207556396722794,MY,5.078224182128906,0.07822418212890625,1,thetao_MY_20250101_20251231.nc
97_dat,2025-04-09,10,6.280800819396973,MY,9.572997093200684,0.4270029067993164,1,thetao_MY_20250101_20251231.nc
97_dat,2025-04-09,15,6.606006056070328,MY,15.810070037841797,0.8100700378417969,1,thetao_MY_20250101_20251231.nc
97_dat,2025-04-09,20,6.7576220110058784,MY,18.495559692382812,1.5044403076171875,1,thetao_MY_20250101_20251231.nc
97_dat,2025-04-09,30,7.632892861962318,MY,29.444730758666992,0.5552692413330078,1,thetao_MY_20250101_20251231.nc
97_dat,2025-04-10,5,6.300576813519001,MY,5.078224182128906,0.07822418212890625,1,thetao_MY_20250101_20251231.nc
97_dat,2025-04-10,10,6.378948345780373,MY,9.572997093200684,0.4270029067993164,1,thetao_MY_20250101_20251231.nc
97_dat,2025-04-10,15,6.666066482663155,MY,15.810070037841797,0.8100700378417969,1,thetao_MY_20250101_20251231.nc
97_dat,2025-04-10,20,6.800836220383644,MY,18.495559692382812,1.5044403076171875,1,thetao_MY_20250101_20251231.nc
97_dat,2025-04-10,30,7.64973907917738,MY,29.444730758666992,0.5552692413330078,1,thetao_MY_20250101_20251231.nc
97_dat,2025-04-11,5,6.3686941266059875,MY,5.078224182128906,0.07822418212890625,1,thetao_MY_20250101_20251231.nc
97_dat,2025-04-11,10,6.418500334024429,MY,9.572997093200684,0.4270029067993164,1,thetao_MY_20250101_20251231.nc
97_dat,2025-04-11,15,6.671193592250347,MY,15.810070037841797,0.8100700378417969,1,thetao_MY_20250101_20251231.nc
97_dat,2025-04-11,20,6.783257558941841,MY,18.495559692382812,1.5044403076171875,1,thetao_MY_20250101_20251231.nc
97_dat,2025-04-11,30,7.640217304229736,MY,29.444730758666992,0.5552692413330078,1,thetao_MY_20250101_20251231.nc
97_dat,2025-04-12,5,6.4983367547392845,MY,5.078224182128906,0.07822418212890625,1,thetao_MY_20250101_20251231.nc
97_dat,2025-04-12,10,6.4844203144311905,MY,9.572997093200684,0.4270029067993164,1,thetao_MY_20250101_20251231.nc
97_dat,2025-04-12,15,6.710013136267662,MY,15.810070037841797,0.8100700378417969,1,thetao_MY_20250101_20251231.nc
97_dat,2025-04-12,20,6.797173999249935,MY,18.495559692382812,1.5044403076171875,1,thetao_MY_20250101_20251231.nc
97_dat,2025-04-12,30,7.629963085055351,MY,29.444730758666992,0.5552692413330078,1,thetao_MY_20250101_20251231.nc
97_dat,2025-04-13,5,6.84405042976141,MY,5.078224182128906,0.07822418212890625,1,thetao_MY_20250101_20251231.nc
97_dat,2025-04-13,10,6.716605134308338,MY,9.572997093200684,0.4270029067993164,1,thetao_MY_20250101_20251231.nc
97_dat,2025-04-13,15,6.7048860266804695,MY,15.810070037841797,0.8100700378417969,1,thetao_MY_20250101_20251231.nc
97_dat,2025-04-13,20,6.727591797709465,MY,18.495559692382812,1.5044403076171875,1,thetao_MY_20250101_20251231.nc
97_dat,2025-04-13,30,7.471022687852383,MY,29.444730758666992,0.5552692413330078,1,thetao_MY_20250101_20251231.nc
97_dat,2025-04-14,5,6.796441555023193,MY,5.078224182128906,0.07822418212890625,1,thetao_MY_20250101_20251231.nc
97_dat,2025-04-14,10,6.7891171127557755,MY,9.572997093200684,0.4270029067993164,1,thetao_MY_20250101_20251231.nc
97_dat,2025-04-14,15,6.773735783994198,MY,15.810070037841797,0.8100700378417969,1,thetao_MY_20250101_20251231.nc
97_dat,2025-04-14,20,6.764214009046555,MY,18.495559692382812,1.5044403076171875,1,thetao_MY_20250101_20251231.nc
97_dat,2025-04-14,30,7.030091263353825,MY,29.444730758666992,0.5552692413330078,1,thetao_MY_20250101_20251231.nc
97_dat,2025-04-15,5,6.8623615354299545,MY,5.078224182128906,0.07822418212890625,1,thetao_MY_20250101_20251231.nc
97_dat,2025-04-15,10,6.82354199141264,MY,9.572997093200684,0.4270029067993164,1,thetao_MY_20250101_20251231.nc
97_dat,2025-04-15,15,6.796441555023193,MY,15.810070037841797,0.8100700378417969,1,thetao_MY_20250101_20251231.nc
97_dat,2025-04-15,20,6.787652224302292,MY,18.495559692382812,1.5044403076171875,1,thetao_MY_20250101_20251231.nc
97_dat,2025-04-15,30,7.113589905202389,MY,29.444730758666992,0.5552692413330078,1,thetao_MY_20250101_20251231.nc
97_dat,2025-04-16,5,7.016174823045731,MY,5.078224182128906,0.07822418212890625,1,thetao_MY_20250101_20251231.nc
97_dat,2025-04-16,10,6.898251302540302,MY,9.572997093200684,0.4270029067993164,1,thetao_MY_20250101_20251231.nc
97_dat,2025-04-16,15,6.827204212546349,MY,15.810070037841797,0.8100700378417969,1,thetao_MY_20250101_20251231.nc
97_dat,2025-04-16,20,6.846980206668377,MY,18.495559692382812,1.5044403076171875,1,thetao_MY_20250101_20251231.nc
97_dat,2025-04-16,30,7.270332969725132,MY,29.444730758666992,0.5552692413330078,1,thetao_MY_20250101_20251231.nc
97_dat,2025-04-17,5,7.126773901283741,MY,5.078224182128906,0.07822418212890625,1,thetao_MY_20250101_20251231.nc
97_dat,2025-04-17,10,6.9290139600634575,MY,9.572997093200684,0.4270029067993164,1,thetao_MY_20250101_20251231.nc
97_dat,2025-04-17,15,6.863826423883438,MY,15.810070037841797,0.8100700378417969,1,thetao_MY_20250101_20251231.nc
97_dat,2025-04-17,20,6.901913523674011,MY,18.495559692382812,1.5044403076171875,1,thetao_MY_20250101_20251231.nc
97_dat,2025-04-17,30,7.364085830748081,MY,29.444730758666992,0.5552692413330078,1,thetao_MY_20250101_20251231.nc
97_dat,2025-04-18,5,7.361888498067856,MY,5.078224182128906,0.07822418212890625,1,thetao_MY_20250101_20251231.nc
97_dat,2025-04-18,10,7.029358819127083,MY,9.572997093200684,0.4270029067993164,1,thetao_MY_20250101_20251231.nc
97_dat,2025-04-18,15,6.8206122145056725,MY,15.810070037841797,0.8100700378417969,1,thetao_MY_20250101_20251231.nc
97_dat,2025-04-18,20,6.809625551104546,MY,18.495559692382812,1.5044403076171875,1,thetao_MY_20250101_20251231.nc
97_dat,2025-04-18,30,7.388988934457302,MY,29.444730758666992,0.5552692413330078,1,thetao_MY_20250101_20251231.nc
97_dat,2025-04-19,5,7.606524869799614,MY,5.078224182128906,0.07822418212890625,1,thetao_MY_20250101_20251231.nc
97_dat,2025-04-19,10,7.168523222208023,MY,9.572997093200684,0.4270029067993164,1,thetao_MY_20250101_20251231.nc
97_dat,2025-04-19,15,6.805963329970837,MY,15.810070037841797,0.8100700378417969,1,thetao_MY_20250101_20251231.nc
97_dat,2025-04-19,20,6.7539597898721695,MY,18.495559692382812,1.5044403076171875,1,thetao_MY_20250101_20251231.nc
97_dat,2025-04-19,30,7.340647615492344,MY,29.444730758666992,0.5552692413330078,1,thetao_MY_20250101_20251231.nc
97_dat,2025-04-20,5,7.806482143700123,MY,5.078224182128906,0.07822418212890625,1,thetao_MY_20250101_20251231.nc
97_dat,2025-04-20,10,7.183172106742859,MY,9.572997093200684,0.4270029067993164,1,thetao_MY_20250101_20251231.nc
97_dat,2025-04-20,15,6.756889566779137,MY,15.810070037841797,0.8100700378417969,1,thetao_MY_20250101_20251231.nc
97_dat,2025-04-20,20,6.7085482478141785,MY,18.495559692382812,1.5044403076171875,1,thetao_MY_20250101_20251231.nc
97_dat,2025-04-20,30,7.312082290649414,MY,29.444730758666992,0.5552692413330078,1,thetao_MY_20250101_20251231.nc
97_dat,2025-04-21,5,7.536942668259144,MY,5.078224182128906,0.07822418212890625,1,thetao_MY_20250101_20251231.nc
97_dat,2025-04-21,10,6.950254842638969,MY,9.572997093200684,0.4270029067993164,1,thetao_MY_20250101_20251231.nc
97_dat,2025-04-21,15,6.7224646881222725,MY,15.810070037841797,0.8100700378417969,1,thetao_MY_20250101_20251231.nc
97_dat,2025-04-21,20,6.748832680284977,MY,18.495559692382812,1.5044403076171875,1,thetao_MY_20250101_20251231.nc
97_dat,2025-04-21,30,7.315744511783123,MY,29.444730758666992,0.5552692413330078,1,thetao_MY_20250101_20251231.nc
97_dat,2025-04-22,5,7.83797724545002,MY,5.078224182128906,0.07822418212890625,1,thetao_MY_20250101_20251231.nc
97_dat,2025-04-22,10,7.133365899324417,MY,9.572997093200684,0.4270029067993164,1,thetao_MY_20250101_20251231.nc
97_dat,2025-04-22,15,6.748100236058235,MY,15.810070037841797,0.8100700378417969,1,thetao_MY_20250101_20251231.nc
97_dat,2025-04-22,20,6.759819343686104,MY,18.495559692382812,1.5044403076171875,1,thetao_MY_20250101_20251231.nc
97_dat,2025-04-22,30,7.299630738794804,MY,29.444730758666992,0.5552692413330078,1,thetao_MY_20250101_20251231.nc
97_dat,2025-04-23,5,8.27597889304161,MY,5.078224182128906,0.07822418212890625,1,thetao_MY_20250101_20251231.nc
97_dat,2025-04-23,10,7.573564879596233,MY,9.572997093200684,0.4270029067993164,1,thetao_MY_20250101_20251231.nc
97_dat,2025-04-23,15,6.798638887703419,MY,15.810070037841797,0.8100700378417969,1,thetao_MY_20250101_20251231.nc
97_dat,2025-04-23,20,6.704153582453728,MY,18.495559692382812,1.5044403076171875,1,thetao_MY_20250101_20251231.nc
97_dat,2025-04-23,30,7.20807521045208,MY,29.444730758666992,0.5552692413330078,1,thetao_MY_20250101_20251231.nc
97_dat,2025-04-24,5,8.40635396540165,MY,5.078224182128906,0.07822418212890625,1,thetao_MY_20250101_20251231.nc
97_dat,2025-04-24,10,7.646076858043671,MY,9.572997093200684,0.4270029067993164,1,thetao_MY_20250101_20251231.nc
97_dat,2025-04-24,15,6.816217549145222,MY,15.810070037841797,0.8100700378417969,1,thetao_MY_20250101_20251231.nc
97_dat,2025-04-24,20,6.734183795750141,MY,18.495559692382812,1.5044403076171875,1,thetao_MY_20250101_20251231.nc
97_dat,2025-04-24,30,7.17950988560915,MY,29.444730758666992,0.5552692413330078,1,thetao_MY_20250101_20251231.nc
97_dat,2025-04-25,5,8.507431268692017,MY,5.078224182128906,0.07822418212890625,1,thetao_MY_20250101_20251231.nc
97_dat,2025-04-25,10,7.63362530618906,MY,9.572997093200684,0.4270029067993164,1,thetao_MY_20250101_20251231.nc
97_dat,2025-04-25,15,6.817682437598705,MY,15.810070037841797,0.8100700378417969,1,thetao_MY_20250101_20251231.nc
97_dat,2025-04-25,20,6.780327782034874,MY,18.495559692382812,1.5044403076171875,1,thetao_MY_20250101_20251231.nc
97_dat,2025-04-25,30,7.123111680150032,MY,29.444730758666992,0.5552692413330078,1,thetao_MY_20250101_20251231.nc
97_dat,2025-04-26,5,8.374858863651752,MY,5.078224182128906,0.07822418212890625,1,thetao_MY_20250101_20251231.nc
97_dat,2025-04-26,10,7.210272543132305,MY,9.572997093200684,0.4270029067993164,1,thetao_MY_20250101_20251231.nc
97_dat,2025-04-26,15,6.841853097081184,MY,15.810070037841797,0.8100700378417969,1,thetao_MY_20250101_20251231.nc
97_dat,2025-04-26,20,6.85650198161602,MY,18.495559692382812,1.5044403076171875,1,thetao_MY_20250101_20251231.nc
97_dat,2025-04-26,30,6.95464950799942,MY,29.444730758666992,0.5552692413330078,1,thetao_MY_20250101_20251231.nc
97_dat,2025-04-27,5,7.6468093022704124,MY,5.078224182128906,0.07822418212890625,1,thetao_MY_20250101_20251231.nc
97_dat,2025-04-27,10,7.046937480568886,MY,9.572997093200684,0.4270029067993164,1,thetao_MY_20250101_20251231.nc
97_dat,2025-04-27,15,6.85650198161602,MY,15.810070037841797,0.8100700378417969,1,thetao_MY_20250101_20251231.nc
97_dat,2025-04-27,20,6.852839760482311,MY,18.495559692382812,1.5044403076171875,1,thetao_MY_20250101_20251231.nc
97_dat,2025-04-27,30,6.780327782034874,MY,29.444730758666992,0.5552692413330078,1,thetao_MY_20250101_20251231.nc
97_dat,2025-04-28,5,7.984466090798378,MY,5.078224182128906,0.07822418212890625,1,thetao_MY_20250101_20251231.nc
97_dat,2025-04-28,10,7.433668032288551,MY,9.572997093200684,0.4270029067993164,1,thetao_MY_20250101_20251231.nc
97_dat,2025-04-28,15,6.959776617586613,MY,15.810070037841797,0.8100700378417969,1,thetao_MY_20250101_20251231.nc
97_dat,2025-04-28,20,6.923886850476265,MY,18.495559692382812,1.5044403076171875,1,thetao_MY_20250101_20251231.nc
97_dat,2025-04-28,30,6.8762779757380486,MY,29.444730758666992,0.5552692413330078,1,thetao_MY_20250101_20251231.nc
97_dat,2025-04-29,5,8.164647370576859,MY,5.078224182128906,0.07822418212890625,1,thetao_MY_20250101_20251231.nc
97_dat,2025-04-29,10,7.841639466583729,MY,9.572997093200684,0.4270029067993164,1,thetao_MY_20250101_20251231.nc
97_dat,2025-04-29,15,7.08941924571991,MY,15.810070037841797,0.8100700378417969,1,thetao_MY_20250101_20251231.nc
97_dat,2025-04-29,20,7.002258382737637,MY,18.495559692382812,1.5044403076171875,1,thetao_MY_20250101_20251231.nc
97_dat,2025-04-29,30,6.997131273150444,MY,29.444730758666992,0.5552692413330078,1,thetao_MY_20250101_20251231.nc
97_dat,2025-04-30,5,8.078218951821327,MY,5.078224182128906,0.07822418212890625,1,thetao_MY_20250101_20251231.nc
97_dat,2025-04-30,10,7.512039564549923,MY,9.572997093200684,0.4270029067993164,1,thetao_MY_20250101_20251231.nc
97_dat,2025-04-30,15,7.038880594074726,MY,15.810070037841797,0.8100700378417969,1,thetao_MY_20250101_20251231.nc
97_dat,2025-04-30,20,7.001525938510895,MY,18.495559692382812,1.5044403076171875,1,thetao_MY_20250101_20251231.nc
97_dat,2025-04-30,30,7.088686801493168,MY,29.444730758666992,0.5552692413330078,1,thetao_MY_20250101_20251231.nc
97_dat,2025-05-01,5,8.278908669948578,MY,5.078224182128906,0.07822418212890625,1,thetao_MY_20250101_20251231.nc
97_dat,2025-05-01,10,7.749351494014263,MY,9.572997093200684,0.4270029067993164,1,thetao_MY_20250101_20251231.nc
97_dat,2025-05-01,15,7.158269003033638,MY,15.810070037841797,0.8100700378417969,1,thetao_MY_20250101_20251231.nc
97_dat,2025-05-01,20,7.076967693865299,MY,18.495559692382812,1.5044403076171875,1,thetao_MY_20250101_20251231.nc
97_dat,2025-05-01,30,7.139225453138351,MY,29.444730758666992,0.5552692413330078,1,thetao_MY_20250101_20251231.nc
97_dat,2025-05-02,5,8.491317495703697,MY,5.078224182128906,0.07822418212890625,1,thetao_MY_20250101_20251231.nc
97_dat,2025-05-02,10,8.399761967360973,MY,9.572997093200684,0.4270029067993164,1,thetao_MY_20250101_20251231.nc
97_dat,2025-05-02,15,8.035004742443562,MY,15.810070037841797,0.8100700378417969,1,thetao_MY_20250101_20251231.nc
97_dat,2025-05-02,20,7.881923899054527,MY,18.495559692382812,1.5044403076171875,1,thetao_MY_20250101_20251231.nc
97_dat,2025-05-02,30,7.131168566644192,MY,29.444730758666992,0.5552692413330078,1,thetao_MY_20250101_20251231.nc
97_dat,2025-05-03,5,8.538926370441914,MY,5.078224182128906,0.07822418212890625,1,thetao_MY_20250101_20251231.nc
97_dat,2025-05-03,10,8.409283742308617,MY,9.572997093200684,0.4270029067993164,1,thetao_MY_20250101_20251231.nc
97_dat,2025-05-03,15,8.071626953780651,MY,15.810070037841797,0.8100700378417969,1,thetao_MY_20250101_20251231.nc
97_dat,2025-05-03,20,7.864345237612724,MY,18.495559692382812,1.5044403076171875,1,thetao_MY_20250101_20251231.nc
97_dat,2025-05-03,30,7.030823707580566,MY,29.444730758666992,0.5552692413330078,1,thetao_MY_20250101_20251231.nc
97_dat,2025-05-04,5,8.642933450639248,MY,5.078224182128906,0.07822418212890625,1,thetao_MY_20250101_20251231.nc
97_dat,2025-05-04,10,8.399761967360973,MY,9.572997093200684,0.4270029067993164,1,thetao_MY_20250101_20251231.nc
97_dat,2025-05-04,15,8.117770940065384,MY,15.810070037841797,0.8100700378417969,1,thetao_MY_20250101_20251231.nc
97_dat,2025-05-04,20,7.8496963530778885,MY,18.495559692382812,1.5044403076171875,1,thetao_MY_20250101_20251231.nc
97_dat,2025-05-04,30,6.8799401968717575,MY,29.444730758666992,0.5552692413330078,1,thetao_MY_20250101_20251231.nc
97_dat,2025-05-05,5,8.687612548470497,MY,5.078224182128906,0.07822418212890625,1,thetao_MY_20250101_20251231.nc
97_dat,2025-05-05,10,8.30820643901825,MY,9.572997093200684,0.4270029067993164,1,thetao_MY_20250101_20251231.nc
97_dat,2025-05-05,15,8.002777196466923,MY,15.810070037841797,0.8100700378417969,1,thetao_MY_20250101_20251231.nc
97_dat,2025-05-05,20,7.767662599682808,MY,18.495559692382812,1.5044403076171875,1,thetao_MY_20250101_20251231.nc
97_dat,2025-05-05,30,6.779595337808132,MY,29.444730758666992,0.5552692413330078,1,thetao_MY_20250101_20251231.nc
97_dat,2025-05-06,5,8.776238299906254,MY,5.078224182128906,0.07822418212890625,1,thetao_MY_20250101_20251231.nc
97_dat,2025-05-06,10,8.278908669948578,MY,9.572997093200684,0.4270029067993164,1,thetao_MY_20250101_20251231.nc
97_dat,2025-05-06,15,7.835047468543053,MY,15.810070037841797,0.8100700378417969,1,thetao_MY_20250101_20251231.nc
97_dat,2025-05-06,20,7.59260842949152,MY,18.495559692382812,1.5044403076171875,1,thetao_MY_20250101_20251231.nc
97_dat,2025-05-06,30,6.7085482478141785,MY,29.444730758666992,0.5552692413330078,1,thetao_MY_20250101_20251231.nc
97_dat,2025-05-07,5,8.798211626708508,MY,5.078224182128906,0.07822418212890625,1,thetao_MY_20250101_20251231.nc
97_dat,2025-05-07,10,8.249610900878906,MY,9.572997093200684,0.4270029067993164,1,thetao_MY_20250101_20251231.nc
97_dat,2025-05-07,15,7.74788660556078,MY,15.810070037841797,0.8100700378417969,1,thetao_MY_20250101_20251231.nc
97_dat,2025-05-07,20,7.506180010735989,MY,18.495559692382812,1.5044403076171875,1,thetao_MY_20250101_20251231.nc
97_dat,2025-05-07,30,6.699026472866535,MY,29.444730758666992,0.5552692413330078,1,thetao_MY_20250101_20251231.nc
97_dat,2025-05-08,5,8.820184953510761,MY,5.078224182128906,0.07822418212890625,1,thetao_MY_20250101_20251231.nc
97_dat,2025-05-08,10,8.25107578933239,MY,9.572997093200684,0.4270029067993164,1,thetao_MY_20250101_20251231.nc
97_dat,2025-05-08,15,7.679769292473793,MY,15.810070037841797,0.8100700378417969,1,thetao_MY_20250101_20251231.nc
97_dat,2025-05-08,20,7.416089370846748,MY,18.495559692382812,1.5044403076171875,1,thetao_MY_20250101_20251231.nc
97_dat,2025-05-08,30,6.699026472866535,MY,29.444730758666992,0.5552692413330078,1,thetao_MY_20250101_20251231.nc
97_dat,2025-05-09,5,9.012817785143852,MY,5.078224182128906,0.07822418212890625,1,thetao_MY_20250101_20251231.nc
97_dat,2025-05-09,10,8.329447321593761,MY,9.572997093200684,0.4270029067993164,1,thetao_MY_20250101_20251231.nc
97_dat,2025-05-09,15,7.717123948037624,MY,15.810070037841797,0.8100700378417969,1,thetao_MY_20250101_20251231.nc
97_dat,2025-05-09,20,7.421216480433941,MY,18.495559692382812,1.5044403076171875,1,thetao_MY_20250101_20251231.nc
97_dat,2025-05-09,30,6.721732243895531,MY,29.444730758666992,0.5552692413330078,1,thetao_MY_20250101_20251231.nc
97_dat,2025-05-10,5,9.630268268287182,MY,5.078224182128906,0.07822418212890625,1,thetao_MY_20250101_20251231.nc
97_dat,2025-05-10,10,8.617297902703285,MY,9.572997093200684,0.4270029067993164,1,thetao_MY_20250101_20251231.nc
97_dat,2025-05-10,15,7.929532773792744,MY,15.810070037841797,0.8100700378417969,1,thetao_MY_20250101_20251231.nc
97_dat,2025-05-10,20,7.617511533200741,MY,18.495559692382812,1.5044403076171875,1,thetao_MY_20250101_20251231.nc
97_dat,2025-05-10,30,6.751762457191944,MY,29.444730758666992,0.5552692413330078,1,thetao_MY_20250101_20251231.nc
97_dat,2025-05-11,5,9.556291401386261,MY,5.078224182128906,0.07822418212890625,1,thetao_MY_20250101_20251231.nc
97_dat,2025-05-11,10,8.508163712918758,MY,9.572997093200684,0.4270029067993164,1,thetao_MY_20250101_20251231.nc
97_dat,2025-05-11,15,7.781579039990902,MY,15.810070037841797,0.8100700378417969,1,thetao_MY_20250101_20251231.nc
97_dat,2025-05-11,20,7.47395246475935,MY,18.495559692382812,1.5044403076171875,1,thetao_MY_20250101_20251231.nc
97_dat,2025-05-11,30,6.718070022761822,MY,29.444730758666992,0.5552692413330078,1,thetao_MY_20250101_20251231.nc
97_dat,2025-05-12,5,9.5394451841712,MY,5.078224182128906,0.07822418212890625,1,thetao_MY_20250101_20251231.nc
97_dat,2025-05-12,10,8.503036603331566,MY,9.572997093200684,0.4270029067993164,1,thetao_MY_20250101_20251231.nc
97_dat,2025-05-12,15,7.7200537249445915,MY,15.810070037841797,0.8100700378417969,1,thetao_MY_20250101_20251231.nc
97_dat,2025-05-12,20,7.391918711364269,MY,18.495559692382812,1.5044403076171875,1,thetao_MY_20250101_20251231.nc
97_dat,2025-05-12,30,6.677785590291023,MY,29.444730758666992,0.5552692413330078,1,thetao_MY_20250101_20251231.nc
97_dat,2025-05-13,5,9.672750033438206,MY,5.078224182128906,0.07822418212890625,1,thetao_MY_20250101_20251231.nc
97_dat,2025-05-13,10,8.600451685488224,MY,9.572997093200684,0.4270029067993164,1,thetao_MY_20250101_20251231.nc
97_dat,2025-05-13,15,7.812341697514057,MY,15.810070037841797,0.8100700378417969,1,thetao_MY_20250101_20251231.nc
97_dat,2025-05-13,20,7.4856715723872185,MY,18.495559692382812,1.5044403076171875,1,thetao_MY_20250101_20251231.nc
97_dat,2025-05-13,30,6.679250478744507,MY,29.444730758666992,0.5552692413330078,1,thetao_MY_20250101_20251231.nc
97_dat,2025-05-14,5,9.871242418885231,MY,5.078224182128906,0.07822418212890625,1,thetao_MY_20250101_20251231.nc
97_dat,2025-05-14,10,8.719840094447136,MY,9.572997093200684,0.4270029067993164,1,thetao_MY_20250101_20251231.nc
97_dat,2025-05-14,15,7.917813666164875,MY,15.810070037841797,0.8100700378417969,1,thetao_MY_20250101_20251231.nc
97_dat,2025-05-14,20,7.593340873718262,MY,18.495559692382812,1.5044403076171875,1,thetao_MY_20250101_20251231.nc
97_dat,2025-05-14,30,6.703421138226986,MY,29.444730758666992,0.5552692413330078,1,thetao_MY_20250101_20251231.nc
97_dat,2025-05-15,5,10.802179031074047,MY,5.078224182128906,0.07822418212890625,1,thetao_MY_20250101_20251231.nc
97_dat,2025-05-15,10,9.221564389765263,MY,9.572997093200684,0.4270029067993164,1,thetao_MY_20250101_20251231.nc
97_dat,2025-05-15,15,8.246681123971939,MY,15.810070037841797,0.8100700378417969,1,thetao_MY_20250101_20251231.nc
97_dat,2025-05-15,20,7.9163487777113914,MY,18.495559692382812,1.5044403076171875,1,thetao_MY_20250101_20251231.nc
97_dat,2025-05-15,30,6.772270895540714,MY,29.444730758666992,0.5552692413330078,1,thetao_MY_20250101_20251231.nc
97_dat,2025-05-16,5,11.035828739404678,MY,5.078224182128906,0.07822418212890625,1,thetao_MY_20250101_20251231.nc
97_dat,2025-05-16,10,9.40467544645071,MY,9.572997093200684,0.4270029067993164,1,thetao_MY_20250101_20251231.nc
97_dat,2025-05-16,15,8.294289998710155,MY,15.810070037841797,0.8100700378417969,1,thetao_MY_20250101_20251231.nc
97_dat,2025-05-16,20,7.961027875542641,MY,18.495559692382812,1.5044403076171875,1,thetao_MY_20250101_20251231.nc
97_dat,2025-05-16,30,6.8132877722382545,MY,29.444730758666992,0.5552692413330078,1,thetao_MY_20250101_20251231.nc
97_dat,2025-05-17,5,11.65034944564104,MY,5.078224182128906,0.07822418212890625,1,thetao_MY_20250101_20251231.nc
97_dat,2025-05-17,10,10.03457748144865,MY,9.572997093200684,0.4270029067993164,1,thetao_MY_20250101_20251231.nc
97_dat,2025-05-17,15,8.601916573941708,MY,15.810070037841797,0.8100700378417969,1,thetao_MY_20250101_20251231.nc
97_dat,2025-05-17,20,8.187353141605854,MY,18.495559692382812,1.5044403076171875,1,thetao_MY_20250101_20251231.nc
97_dat,2025-05-17,30,6.886532194912434,MY,29.444730758666992,0.5552692413330078,1,thetao_MY_20250101_20251231.nc
97_dat,2025-05-18,5,11.734580531716347,MY,5.078224182128906,0.07822418212890625,1,thetao_MY_20250101_20251231.nc
97_dat,2025-05-18,10,10.095370352268219,MY,9.572997093200684,0.4270029067993164,1,thetao_MY_20250101_20251231.nc
97_dat,2025-05-18,15,8.613635681569576,MY,15.810070037841797,0.8100700378417969,1,thetao_MY_20250101_20251231.nc
97_dat,2025-05-18,20,8.223975352942944,MY,18.495559692382812,1.5044403076171875,1,thetao_MY_20250101_20251231.nc
97_dat,2025-05-18,30,6.98321483284235,MY,29.444730758666992,0.5552692413330078,1,thetao_MY_20250101_20251231.nc
97_dat,2025-05-19,5,11.451857060194016,MY,5.078224182128906,0.07822418212890625,1,thetao_MY_20250101_20251231.nc
97_dat,2025-05-19,10,9.667622923851013,MY,9.572997093200684,0.4270029067993164,1,thetao_MY_20250101_20251231.nc
97_dat,2025-05-19,15,8.339701540768147,MY,15.810070037841797,0.8100700378417969,1,thetao_MY_20250101_20251231.nc
97_dat,2025-05-19,20,8.051118515431881,MY,18.495559692382812,1.5044403076171875,1,thetao_MY_20250101_20251231.nc
97_dat,2025-05-19,30,7.014709934592247,MY,29.444730758666992,0.5552692413330078,1,thetao_MY_20250101_20251231.nc
97_dat,2025-05-20,5,11.766075633466244,MY,5.078224182128906,0.07822418212890625,1,thetao_MY_20250101_20251231.nc
97_dat,2025-05-20,10,9.745994456112385,MY,9.572997093200684,0.4270029067993164,1,thetao_MY_20250101_20251231.nc
97_dat,2025-05-20,15,8.368999309837818,MY,15.810070037841797,0.8100700378417969,1,thetao_MY_20250101_20251231.nc
97_dat,2025-05-20,20,8.052583403885365,MY,18.495559692382812,1.5044403076171875,1,thetao_MY_20250101_20251231.nc
97_dat,2025-05-20,30,7.0374157056212425,MY,29.444730758666992,0.5552692413330078,1,thetao_MY_20250101_20251231.nc
97_dat,2025-05-21,5,11.695760987699032,MY,5.078224182128906,0.07822418212890625,1,thetao_MY_20250101_20251231.nc
97_dat,2025-05-21,10,9.483046978712082,MY,9.572997093200684,0.4270029067993164,1,thetao_MY_20250101_20251231.nc
97_dat,2025-05-21,15,8.303811773657799,MY,15.810070037841797,0.8100700378417969,1,thetao_MY_20250101_20251231.nc
97_dat,2025-05-21,20,7.983001202344894,MY,18.495559692382812,1.5044403076171875,1,thetao_MY_20250101_20251231.nc
97_dat,2025-05-21,30,7.030091263353825,MY,29.444730758666992,0.5552692413330078,1,thetao_MY_20250101_20251231.nc
97_dat,2025-05-22,5,11.407177962362766,MY,5.078224182128906,0.07822418212890625,1,thetao_MY_20250101_20251231.nc
97_dat,2025-05-22,10,9.392956338822842,MY,9.572997093200684,0.4270029067993164,1,thetao_MY_20250101_20251231.nc
97_dat,2025-05-22,15,8.35728020220995,MY,15.810070037841797,0.8100700378417969,1,thetao_MY_20250101_20251231.nc
97_dat,2025-05-22,20,8.0181585252285,MY,18.495559692382812,1.5044403076171875,1,thetao_MY_20250101_20251231.nc
97_dat,2025-05-22,30,7.077700138092041,MY,29.444730758666992,0.5552692413330078,1,thetao_MY_20250101_20251231.nc
97_dat,2025-05-23,5,10.527512446045876,MY,5.078224182128906,0.07822418212890625,1,thetao_MY_20250101_20251231.nc
97_dat,2025-05-23,10,9.15930663049221,MY,9.572997093200684,0.4270029067993164,1,thetao_MY_20250101_20251231.nc
97_dat,2025-05-23,15,8.229102462530136,MY,15.810070037841797,0.8100700378417969,1,thetao_MY_20250101_20251231.nc
97_dat,2025-05-23,20,7.906094558537006,MY,18.495559692382812,1.5044403076171875,1,thetao_MY_20250101_20251231.nc
97_dat,2025-05-23,30,7.098941020667553,MY,29.444730758666992,0.5552692413330078,1,thetao_MY_20250101_20251231.nc
97_dat,2025-05-24,5,11.59688101708889,MY,5.078224182128906,0.07822418212890625,1,thetao_MY_20250101_20251231.nc
97_dat,2025-05-24,10,9.878566861152649,MY,9.572997093200684,0.4270029067993164,1,thetao_MY_20250101_20251231.nc
97_dat,2025-05-24,15,8.609973460435867,MY,15.810070037841797,0.8100700378417969,1,thetao_MY_20250101_20251231.nc
97_dat,2025-05-24,20,8.227637574076653,MY,18.495559692382812,1.5044403076171875,1,thetao_MY_20250101_20251231.nc
97_dat,2025-05-24,30,7.197088547050953,MY,29.444730758666992,0.5552692413330078,1,thetao_MY_20250101_20251231.nc
97_dat,2025-05-25,5,12.101535089313984,MY,5.078224182128906,0.07822418212890625,1,thetao_MY_20250101_20251231.nc
97_dat,2025-05-25,10,11.344187758862972,MY,9.572997093200684,0.4270029067993164,1,thetao_MY_20250101_20251231.nc
97_dat,2025-05-25,15,9.271370597183704,MY,15.810070037841797,0.8100700378417969,1,thetao_MY_20250101_20251231.nc
97_dat,2025-05-25,20,8.804071180522442,MY,18.495559692382812,1.5044403076171875,1,thetao_MY_20250101_20251231.nc
97_dat,2025-05-25,30,7.3421125039458275,MY,29.444730758666992,0.5552692413330078,1,thetao_MY_20250101_20251231.nc
97_dat,2025-05-26,5,11.518509484827518,MY,5.078224182128906,0.07822418212890625,1,thetao_MY_20250101_20251231.nc
97_dat,2025-05-26,10,9.869045086205006,MY,9.572997093200684,0.4270029067993164,1,thetao_MY_20250101_20251231.nc
97_dat,2025-05-26,15,8.408551298081875,MY,15.810070037841797,0.8100700378417969,1,thetao_MY_20250101_20251231.nc
97_dat,2025-05-26,20,8.100924722850323,MY,18.495559692382812,1.5044403076171875,1,thetao_MY_20250101_20251231.nc
97_dat,2025-05-26,30,7.263008527457714,MY,29.444730758666992,0.5552692413330078,1,thetao_MY_20250101_20251231.nc
97_dat,2025-05-27,5,11.740440085530281,MY,5.078224182128906,0.07822418212890625,1,thetao_MY_20250101_20251231.nc
97_dat,2025-05-27,10,9.743064679205418,MY,9.572997093200684,0.4270029067993164,1,thetao_MY_20250101_20251231.nc
97_dat,2025-05-27,15,8.254738010466099,MY,15.810070037841797,0.8100700378417969,1,thetao_MY_20250101_20251231.nc
97_dat,2025-05-27,20,7.925870552659035,MY,18.495559692382812,1.5044403076171875,1,thetao_MY_20250101_20251231.nc
97_dat,2025-05-27,30,7.238837867975235,MY,29.444730758666992,0.5552692413330078,1,thetao_MY_20250101_20251231.nc
97_dat,2025-05-28,5,12.135959967970848,MY,5.078224182128906,0.07822418212890625,1,thetao_MY_20250101_20251231.nc
97_dat,2025-05-28,10,10.510666228830814,MY,9.572997093200684,0.4270029067993164,1,thetao_MY_20250101_20251231.nc
97_dat,2025-05-28,15,8.763786748051643,MY,15.810070037841797,0.8100700378417969,1,thetao_MY_20250101_20251231.nc
97_dat,2025-05-28,20,8.256202898919582,MY,18.495559692382812,1.5044403076171875,1,thetao_MY_20250101_20251231.nc
97_dat,2025-05-28,30,7.320139177143574,MY,29.444730758666992,0.5552692413330078,1,thetao_MY_20250101_20251231.nc
97_dat,2025-05-29,5,12.07516709715128,MY,5.078224182128906,0.07822418212890625,1,thetao_MY_20250101_20251231.nc
97_dat,2025-05-29,10,10.780938148498535,MY,9.572997093200684,0.4270029067993164,1,thetao_MY_20250101_20251231.nc
97_dat,2025-05-29,15,9.090456873178482,MY,15.810070037841797,0.8100700378417969,1,thetao_MY_20250101_20251231.nc
97_dat,2025-05-29,20,8.54551836848259,MY,18.495559692382812,1.5044403076171875,1,thetao_MY_20250101_20251231.nc
97_dat,2025-05-29,30,7.380932047963142,MY,29.444730758666992,0.5552692413330078,1,thetao_MY_20250101_20251231.nc
97_dat,2025-05-30,5,11.971160016953945,MY,5.078224182128906,0.07822418212890625,1,thetao_MY_20250101_20251231.nc
97_dat,2025-05-30,10,10.791924811899662,MY,9.572997093200684,0.4270029067993164,1,thetao_MY_20250101_20251231.nc
97_dat,2025-05-30,15,9.190801732242107,MY,15.810070037841797,0.8100700378417969,1,thetao_MY_20250101_20251231.nc
97_dat,2025-05-30,20,8.685415215790272,MY,18.495559692382812,1.5044403076171875,1,thetao_MY_20250101_20251231.nc
97_dat,2025-05-30,30,7.435865364968777,MY,29.444730758666992,0.5552692413330078,1,thetao_MY_20250101_20251231.nc
97_dat,2025-05-31,5,12.638416707515717,MY,5.078224182128906,0.07822418212890625,1,thetao_MY_20250101_20251231.nc
97_dat,2025-05-31,10,11.177922919392586,MY,9.572997093200684,0.4270029067993164,1,thetao_MY_20250101_20251231.nc
97_dat,2025-05-31,15,9.69472336024046,MY,15.810070037841797,0.8100700378417969,1,thetao_MY_20250101_20251231.nc
97_dat,2025-05-31,20,9.103640869259834,MY,18.495559692382812,1.5044403076171875,1,thetao_MY_20250101_20251231.nc
97_dat,2025-05-31,30,7.52302622795105,MY,29.444730758666992,0.5552692413330078,1,thetao_MY_20250101_20251231.nc
97_dat,2025-06-01,5,12.60692160576582,MY,5.078224182128906,0.07822418212890625,1,thetao_MY_20250101_20251231.nc
97_dat,2025-06-01,10,11.155949592590332,MY,9.572997093200684,0.4270029067993164,1,thetao_MY_20250101_20251231.nc
97_dat,2025-06-01,15,9.595110945403576,MY,15.810070037841797,0.8100700378417969,1,thetao_MY_20250101_20251231.nc
97_dat,2025-06-01,20,9.069948434829712,MY,18.495559692382812,1.5044403076171875,1,thetao_MY_20250101_20251231.nc
97_dat,2025-06-01,30,7.541337333619595,MY,29.444730758666992,0.5552692413330078,1,thetao_MY_20250101_20251231.nc
97_dat,2025-06-02,5,12.453840762376785,MY,5.078224182128906,0.07822418212890625,1,thetao_MY_20250101_20251231.nc
97_dat,2025-06-02,10,11.062929175794125,MY,9.572997093200684,0.4270029067993164,1,thetao_MY_20250101_20251231.nc
97_dat,2025-06-02,15,9.439832769334316,MY,15.810070037841797,0.8100700378417969,1,thetao_MY_20250101_20251231.nc
97_dat,2025-06-02,20,8.968138687312603,MY,18.495559692382812,1.5044403076171875,1,thetao_MY_20250101_20251231.nc
97_dat,2025-06-02,30,7.580889321863651,MY,29.444730758666992,0.5552692413330078,1,thetao_MY_20250101_20251231.nc
97_dat,2025-06-03,5,13.332041390240192,MY,5.078224182128906,0.07822418212890625,1,thetao_MY_20250101_20251231.nc
97_dat,2025-06-03,10,11.986541345715523,MY,9.572997093200684,0.4270029067993164,1,thetao_MY_20250101_20251231.nc
97_dat,2025-06-03,15,10.677663512527943,MY,15.810070037841797,0.8100700378417969,1,thetao_MY_20250101_20251231.nc
97_dat,2025-06-03,20,10.008209489285946,MY,18.495559692382812,1.5044403076171875,1,thetao_MY_20250101_20251231.nc
97_dat,2025-06-03,30,7.980803869664669,MY,29.444730758666992,0.5552692413330078,1,thetao_MY_20250101_20251231.nc
97_dat,2025-06-04,5,13.477065347135067,MY,5.078224182128906,0.07822418212890625,1,thetao_MY_20250101_20251231.nc
97_dat,2025-06-04,10,12.546128734946251,MY,9.572997093200684,0.4270029067993164,1,thetao_MY_20250101_20251231.nc
97_dat,2025-06-04,15,11.72798853367567,MY,15.810070037841797,0.8100700378417969,1,thetao_MY_20250101_20251231.nc
97_dat,2025-06-04,20,11.128116711974144,MY,18.495559692382812,1.5044403076171875,1,thetao_MY_20250101_20251231.nc
97_dat,2025-06-04,30,8.623889900743961,MY,29.444730758666992,0.5552692413330078,1,thetao_MY_20250101_20251231.nc
97_dat,2025-06-05,5,13.336436055600643,MY,5.078224182128906,0.07822418212890625,1,thetao_MY_20250101_20251231.nc
97_dat,2025-06-05,10,11.749229416251183,MY,9.572997093200684,0.4270029067993164,1,thetao_MY_20250101_20251231.nc
97_dat,2025-06-05,15,10.782403036952019,MY,15.810070037841797,0.8100700378417969,1,thetao_MY_20250101_20251231.nc
97_dat,2025-06-05,20,10.403729371726513,MY,18.495559692382812,1.5044403076171875,1,thetao_MY_20250101_20251231.nc
97_dat,2025-06-05,30,8.707388542592525,MY,29.444730758666992,0.5552692413330078,1,thetao_MY_20250101_20251231.nc
97_dat,2025-06-06,5,13.36793115735054,MY,5.078224182128906,0.07822418212890625,1,thetao_MY_20250101_20251231.nc
97_dat,2025-06-06,10,11.86275827139616,MY,9.572997093200684,0.4270029067993164,1,thetao_MY_20250101_20251231.nc
97_dat,2025-06-06,15,10.649098187685013,MY,15.810070037841797,0.8100700378417969,1,thetao_MY_20250101_20251231.nc
97_dat,2025-06-06,20,10.333414725959301,MY,18.495559692382812,1.5044403076171875,1,thetao_MY_20250101_20251231.nc
97_dat,2025-06-06,30,8.726432092487812,MY,29.444730758666992,0.5552692413330078,1,thetao_MY_20250101_20251231.nc
97_dat,2025-06-07,5,13.409680478274822,MY,5.078224182128906,0.07822418212890625,1,thetao_MY_20250101_20251231.nc
97_dat,2025-06-07,10,11.974089793860912,MY,9.572997093200684,0.4270029067993164,1,thetao_MY_20250101_20251231.nc
97_dat,2025-06-07,15,10.69670706242323,MY,15.810070037841797,0.8100700378417969,1,thetao_MY_20250101_20251231.nc
97_dat,2025-06-07,20,10.342936500906944,MY,18.495559692382812,1.5044403076171875,1,thetao_MY_20250101_20251231.nc
97_dat,2025-06-07,30,8.657582335174084,MY,29.444730758666992,0.5552692413330078,1,thetao_MY_20250101_20251231.nc
97_dat,2025-06-08,5,13.06543169170618,MY,5.078224182128906,0.07822418212890625,1,thetao_MY_20250101_20251231.nc
97_dat,2025-06-08,10,11.57197791337967,MY,9.572997093200684,0.4270029067993164,1,thetao_MY_20250101_20251231.nc
97_dat,2025-06-08,15,10.441816471517086,MY,15.810070037841797,0.8100700378417969,1,thetao_MY_20250101_20251231.nc
97_dat,2025-06-08,20,10.041169479489326,MY,18.495559692382812,1.5044403076171875,1,thetao_MY_20250101_20251231.nc
97_dat,2025-06-08,30,8.382915750145912,MY,29.444730758666992,0.5552692413330078,1,thetao_MY_20250101_20251231.nc
97_dat,2025-06-09,5,12.992187269032001,MY,5.078224182128906,0.07822418212890625,1,thetao_MY_20250101_20251231.nc
97_dat,2025-06-09,10,11.428418844938278,MY,9.572997093200684,0.4270029067993164,1,thetao_MY_20250101_20251231.nc
97_dat,2025-06-09,15,10.270424522459507,MY,15.810070037841797,0.8100700378417969,1,thetao_MY_20250101_20251231.nc
97_dat,2025-06-09,20,9.787011332809925,MY,18.495559692382812,1.5044403076171875,1,thetao_MY_20250101_20251231.nc
97_dat,2025-06-09,30,8.100924722850323,MY,29.444730758666992,0.5552692413330078,1,thetao_MY_20250101_20251231.nc
97_dat,2025-06-10,5,13.431653805077076,MY,5.078224182128906,0.07822418212890625,1,thetao_MY_20250101_20251231.nc
97_dat,2025-06-10,10,11.635700561106205,MY,9.572997093200684,0.4270029067993164,1,thetao_MY_20250101_20251231.nc
97_dat,2025-06-10,15,10.360515162348747,MY,15.810070037841797,0.8100700378417969,1,thetao_MY_20250101_20251231.nc
97_dat,2025-06-10,20,9.810449548065662,MY,18.495559692382812,1.5044403076171875,1,thetao_MY_20250101_20251231.nc
97_dat,2025-06-10,30,7.959562987089157,MY,29.444730758666992,0.5552692413330078,1,thetao_MY_20250101_20251231.nc
97_dat,2025-06-11,5,14.040314957499504,MY,5.078224182128906,0.07822418212890625,1,thetao_MY_20250101_20251231.nc
97_dat,2025-06-11,10,11.863490715622902,MY,9.572997093200684,0.4270029067993164,1,thetao_MY_20250101_20251231.nc
97_dat,2025-06-11,15,10.46818446367979,MY,15.810070037841797,0.8100700378417969,1,thetao_MY_20250101_20251231.nc
97_dat,2025-06-11,20,9.885158859193325,MY,18.495559692382812,1.5044403076171875,1,thetao_MY_20250101_20251231.nc
97_dat,2025-06-11,30,7.882656343281269,MY,29.444730758666992,0.5552692413330078,1,thetao_MY_20250101_20251231.nc
97_dat,2025-06-12,5,12.248023934662342,MY,5.078224182128906,0.07822418212890625,1,thetao_MY_20250101_20251231.nc
97_dat,2025-06-12,10,10.893734559416771,MY,9.572997093200684,0.4270029067993164,1,thetao_MY_20250101_20251231.nc
97_dat,2025-06-12,15,9.556291401386261,MY,15.810070037841797,0.8100700378417969,1,thetao_MY_20250101_20251231.nc
97_dat,2025-06-12,20,9.110965311527252,MY,18.495559692382812,1.5044403076171875,1,thetao_MY_20250101_20251231.nc
97_dat,2025-06-12,30,7.627765752375126,MY,29.444730758666992,0.5552692413330078,1,thetao_MY_20250101_20251231.nc
97_dat,2025-06-13,5,12.300759918987751,MY,5.078224182128906,0.07822418212890625,1,thetao_MY_20250101_20251231.nc
97_dat,2025-06-13,10,10.936216324567795,MY,9.572997093200684,0.4270029067993164,1,thetao_MY_20250101_20251231.nc
97_dat,2025-06-13,15,9.540177628397942,MY,15.810070037841797,0.8100700378417969,1,thetao_MY_20250101_20251231.nc
97_dat,2025-06-13,20,9.078005321323872,MY,18.495559692382812,1.5044403076171875,1,thetao_MY_20250101_20251231.nc
97_dat,2025-06-13,30,7.5977355390787125,MY,29.444730758666992,0.5552692413330078,1,thetao_MY_20250101_20251231.nc
97_dat,2025-06-14,5,13.395031593739986,MY,5.078224182128906,0.07822418212890625,1,thetao_MY_20250101_20251231.nc
97_dat,2025-06-14,10,11.536820590496063,MY,9.572997093200684,0.4270029067993164,1,thetao_MY_20250101_20251231.nc
97_dat,2025-06-14,15,10.089510798454285,MY,15.810070037841797,0.8100700378417969,1,thetao_MY_20250101_20251231.nc
97_dat,2025-06-14,20,9.565080732107162,MY,18.495559692382812,1.5044403076171875,1,thetao_MY_20250101_20251231.nc
97_dat,2025-06-14,30,7.777184374630451,MY,29.444730758666992,0.5552692413330078,1,thetao_MY_20250101_20251231.nc
97_dat,2025-06-15,5,14.36185797303915,MY,5.078224182128906,0.07822418212890625,1,thetao_MY_20250101_20251231.nc
97_dat,2025-06-15,10,12.051728881895542,MY,9.572997093200684,0.4270029067993164,1,thetao_MY_20250101_20251231.nc
97_dat,2025-06-15,15,10.419843144714832,MY,15.810070037841797,0.8100700378417969,1,thetao_MY_20250101_20251231.nc
97_dat,2025-06-15,20,9.853663757443428,MY,18.495559692382812,1.5044403076171875,1,thetao_MY_20250101_20251231.nc
97_dat,2025-06-15,30,7.904629670083523,MY,29.444730758666992,0.5552692413330078,1,thetao_MY_20250101_20251231.nc
97_dat,2025-06-16,5,14.536912143230438,MY,5.078224182128906,0.07822418212890625,1,thetao_MY_20250101_20251231.nc
97_dat,2025-06-16,10,12.145481742918491,MY,9.572997093200684,0.4270029067993164,1,thetao_MY_20250101_20251231.nc
97_dat,2025-06-16,15,10.43961913883686,MY,15.810070037841797,0.8100700378417969,1,thetao_MY_20250101_20251231.nc
97_dat,2025-06-16,20,9.811914436519146,MY,18.495559692382812,1.5044403076171875,1,thetao_MY_20250101_20251231.nc
97_dat,2025-06-16,30,7.939054548740387,MY,29.444730758666992,0.5552692413330078,1,thetao_MY_20250101_20251231.nc
97_dat,2025-06-17,5,14.972716458141804,MY,5.078224182128906,0.07822418212890625,1,thetao_MY_20250101_20251231.nc
97_dat,2025-06-17,10,12.520493187010288,MY,9.572997093200684,0.4270029067993164,1,thetao_MY_20250101_20251231.nc
97_dat,2025-06-17,15,10.7260048314929,MY,15.810070037841797,0.8100700378417969,1,thetao_MY_20250101_20251231.nc
97_dat,2025-06-17,20,10.070467248558998,MY,18.495559692382812,1.5044403076171875,1,thetao_MY_20250101_20251231.nc
97_dat,2025-06-17,30,8.05038607120514,MY,29.444730758666992,0.5552692413330078,1,thetao_MY_20250101_20251231.nc
97_dat,2025-06-18,5,14.334025092422962,MY,5.078224182128906,0.07822418212890625,1,thetao_MY_20250101_20251231.nc
97_dat,2025-06-18,10,12.072237320244312,MY,9.572997093200684,0.4270029067993164,1,thetao_MY_20250101_20251231.nc
97_dat,2025-06-18,15,10.532639555633068,MY,15.810070037841797,0.8100700378417969,1,thetao_MY_20250101_20251231.nc
97_dat,2025-06-18,20,9.877101972699165,MY,18.495559692382812,1.5044403076171875,1,thetao_MY_20250101_20251231.nc
97_dat,2025-06-18,30,8.082613617181778,MY,29.444730758666992,0.5552692413330078,1,thetao_MY_20250101_20251231.nc
97_dat,2025-06-19,5,13.89529100060463,MY,5.078224182128906,0.07822418212890625,1,thetao_MY_20250101_20251231.nc
97_dat,2025-06-19,10,11.904507592320442,MY,9.572997093200684,0.4270029067993164,1,thetao_MY_20250101_20251231.nc
97_dat,2025-06-19,15,10.375896491110325,MY,15.810070037841797,0.8100700378417969,1,thetao_MY_20250101_20251231.nc
97_dat,2025-06-19,20,9.71962646394968,MY,18.495559692382812,1.5044403076171875,1,thetao_MY_20250101_20251231.nc
97_dat,2025-06-19,30,8.043794073164463,MY,29.444730758666992,0.5552692413330078,1,thetao_MY_20250101_20251231.nc
97_dat,2025-06-20,5,14.898007147014141,MY,5.078224182128906,0.07822418212890625,1,thetao_MY_20250101_20251231.nc
97_dat,2025-06-20,10,12.513901188969612,MY,9.572997093200684,0.4270029067993164,1,thetao_MY_20250101_20251231.nc
97_dat,2025-06-20,15,10.814630582928658,MY,15.810070037841797,0.8100700378417969,1,thetao_MY_20250101_20251231.nc
97_dat,2025-06-20,20,10.095370352268219,MY,18.495559692382812,1.5044403076171875,1,thetao_MY_20250101_20251231.nc
97_dat,2025-06-20,30,8.07968384027481,MY,29.444730758666992,0.5552692413330078,1,thetao_MY_20250101_20251231.nc
97_dat,2025-06-21,5,16.175389878451824,MY,5.078224182128906,0.07822418212890625,1,thetao_MY_20250101_20251231.nc
97_dat,2025-06-21,10,13.11011078953743,MY,9.572997093200684,0.4270029067993164,1,thetao_MY_20250101_20251231.nc
97_dat,2025-06-21,15,11.145695373415947,MY,15.810070037841797,0.8100700378417969,1,thetao_MY_20250101_20251231.nc
97_dat,2025-06-21,20,10.38175604492426,MY,18.495559692382812,1.5044403076171875,1,thetao_MY_20250101_20251231.nc
97_dat,2025-06-21,30,8.089938059449196,MY,29.444730758666992,0.5552692413330078,1,thetao_MY_20250101_20251231.nc
97_dat,2025-06-22,5,15.75643178075552,MY,5.078224182128906,0.07822418212890625,1,thetao_MY_20250101_20251231.nc
97_dat,2025-06-22,10,12.697744689881802,MY,9.572997093200684,0.4270029067993164,1,thetao_MY_20250101_20251231.nc
97_dat,2025-06-22,15,10.676198624074459,MY,15.810070037841797,0.8100700378417969,1,thetao_MY_20250101_20251231.nc
97_dat,2025-06-22,20,9.890285968780518,MY,18.495559692382812,1.5044403076171875,1,thetao_MY_20250101_20251231.nc
97_dat,2025-06-22,30,7.938322104513645,MY,29.444730758666992,0.5552692413330078,1,thetao_MY_20250101_20251231.nc
97_dat,2025-06-23,5,15.015198223292828,MY,5.078224182128906,0.07822418212890625,1,thetao_MY_20250101_20251231.nc
97_dat,2025-06-23,10,12.436994545161724,MY,9.572997093200684,0.4270029067993164,1,thetao_MY_20250101_20251231.nc
97_dat,2025-06-23,15,10.21842098236084,MY,15.810070037841797,0.8100700378417969,1,thetao_MY_20250101_20251231.nc
97_dat,2025-06-23,20,9.507217638194561,MY,18.495559692382812,1.5044403076171875,1,thetao_MY_20250101_20251231.nc
97_dat,2025-06-23,30,7.757408380508423,MY,29.444730758666992,0.5552692413330078,1,thetao_MY_20250101_20251231.nc
97_dat,2025-06-24,5,14.79546495527029,MY,5.078224182128906,0.07822418212890625,1,thetao_MY_20250101_20251231.nc
97_dat,2025-06-24,10,12.387188337743282,MY,9.572997093200684,0.4270029067993164,1,thetao_MY_20250101_20251231.nc
97_dat,2025-06-24,15,10.203039653599262,MY,15.810070037841797,0.8100700378417969,1,thetao_MY_20250101_20251231.nc
97_dat,2025-06-24,20,9.520401634275913,MY,18.495559692382812,1.5044403076171875,1,thetao_MY_20250101_20251231.nc
97_dat,2025-06-24,30,7.661458186805248,MY,29.444730758666992,0.5552692413330078,1,thetao_MY_20250101_20251231.nc
97_dat,2025-06-25,5,14.997619561851025,MY,5.078224182128906,0.07822418212890625,1,thetao_MY_20250101_20251231.nc
97_dat,2025-06-25,10,12.559312731027603,MY,9.572997093200684,0.4270029067993164,1,thetao_MY_20250101_20251231.nc
97_dat,2025-06-25,15,10.433027140796185,MY,15.810070037841797,0.8100700378417969,1,thetao_MY_20250101_20251231.nc
97_dat,2025-06-25,20,9.721823796629906,MY,18.495559692382812,1.5044403076171875,1,thetao_MY_20250101_20251231.nc
97_dat,2025-06-25,30,7.627765752375126,MY,29.444730758666992,0.5552692413330078,1,thetao_MY_20250101_20251231.nc
97_dat,2025-06-26,5,15.363109230995178,MY,5.078224182128906,0.07822418212890625,1,thetao_MY_20250101_20251231.nc
97_dat,2025-06-26,10,12.84862820059061,MY,9.572997093200684,0.4270029067993164,1,thetao_MY_20250101_20251231.nc
97_dat,2025-06-26,15,10.666676849126816,MY,15.810070037841797,0.8100700378417969,1,thetao_MY_20250101_20251231.nc
97_dat,2025-06-26,20,9.915189072489738,MY,18.495559692382812,1.5044403076171875,1,thetao_MY_20250101_20251231.nc
97_dat,2025-06-26,30,7.618976421654224,MY,29.444730758666992,0.5552692413330078,1,thetao_MY_20250101_20251231.nc
97_dat,2025-06-27,5,14.600634790956974,MY,5.078224182128906,0.07822418212890625,1,thetao_MY_20250101_20251231.nc
97_dat,2025-06-27,10,12.384258560836315,MY,9.572997093200684,0.4270029067993164,1,thetao_MY_20250101_20251231.nc
97_dat,2025-06-27,15,10.252845861017704,MY,15.810070037841797,0.8100700378417969,1,thetao_MY_20250101_20251231.nc
97_dat,2025-06-27,20,9.51893674582243,MY,18.495559692382812,1.5044403076171875,1,thetao_MY_20250101_20251231.nc
97_dat,2025-06-27,30,7.5171666741371155,MY,29.444730758666992,0.5552692413330078,1,thetao_MY_20250101_20251231.nc
97_dat,2025-06-28,5,14.229285567998886,MY,5.078224182128906,0.07822418212890625,1,thetao_MY_20250101_20251231.nc
97_dat,2025-06-28,10,12.031220443546772,MY,9.572997093200684,0.4270029067993164,1,thetao_MY_20250101_20251231.nc
97_dat,2025-06-28,15,9.864650420844555,MY,15.810070037841797,0.8100700378417969,1,thetao_MY_20250101_20251231.nc
97_dat,2025-06-28,20,9.198126174509525,MY,18.495559692382812,1.5044403076171875,1,thetao_MY_20250101_20251231.nc
97_dat,2025-06-28,30,7.42487870156765,MY,29.444730758666992,0.5552692413330078,1,thetao_MY_20250101_20251231.nc
97_dat,2025-06-29,5,14.610889010131359,MY,5.078224182128906,0.07822418212890625,1,thetao_MY_20250101_20251231.nc
97_dat,2025-06-29,10,12.20627461373806,MY,9.572997093200684,0.4270029067993164,1,thetao_MY_20250101_20251231.nc
97_dat,2025-06-29,15,10.040437035262585,MY,15.810070037841797,0.8100700378417969,1,thetao_MY_20250101_20251231.nc
97_dat,2025-06-29,20,9.35120701789856,MY,18.495559692382812,1.5044403076171875,1,thetao_MY_20250101_20251231.nc
97_dat,2025-06-29,30,7.444654695689678,MY,29.444730758666992,0.5552692413330078,1,thetao_MY_20250101_20251231.nc
97_dat,2025-06-30,5,14.889950260519981,MY,5.078224182128906,0.07822418212890625,1,thetao_MY_20250101_20251231.nc
97_dat,2025-06-30,10,12.326395466923714,MY,9.572997093200684,0.4270029067993164,1,thetao_MY_20250101_20251231.nc
97_dat,2025-06-30,15,10.09976501762867,MY,15.810070037841797,0.8100700378417969,1,thetao_MY_20250101_20251231.nc
97_dat,2025-06-30,20,9.382702119648457,MY,18.495559692382812,1.5044403076171875,1,thetao_MY_20250101_20251231.nc
97_dat,2025-06-30,30,7.435865364968777,MY,29.444730758666992,0.5552692413330078,1,thetao_MY_20250101_20251231.nc
97_dat,2025-07-01,5,15.11847285926342,MY,5.078224182128906,0.07822418212890625,1,thetao_MY_20250101_20251231.nc
97_dat,2025-07-01,10,12.40696433186531,MY,9.572997093200684,0.4270029067993164,1,thetao_MY_20250101_20251231.nc
97_dat,2025-07-01,15,10.076326802372932,MY,15.810070037841797,0.8100700378417969,1,thetao_MY_20250101_20251231.nc
97_dat,2025-07-01,20,9.332895912230015,MY,18.495559692382812,1.5044403076171875,1,thetao_MY_20250101_20251231.nc
97_dat,2025-07-01,30,7.441724918782711,MY,29.444730758666992,0.5552692413330078,1,thetao_MY_20250101_20251231.nc
97_dat,2025-07-02,5,15.762291334569454,MY,5.078224182128906,0.07822418212890625,1,thetao_MY_20250101_20251231.nc
97_dat,2025-07-02,10,12.691152691841125,MY,9.572997093200684,0.4270029067993164,1,thetao_MY_20250101_20251231.nc
97_dat,2025-07-02,15,10.183263659477234,MY,15.810070037841797,0.8100700378417969,1,thetao_MY_20250101_20251231.nc
97_dat,2025-07-02,20,9.403210557997227,MY,18.495559692382812,1.5044403076171875,1,thetao_MY_20250101_20251231.nc
97_dat,2025-07-02,30,7.475417353212833,MY,29.444730758666992,0.5552692413330078,1,thetao_MY_20250101_20251231.nc
97_dat,2025-07-03,5,16.84044923633337,MY,5.078224182128906,0.07822418212890625,1,thetao_MY_20250101_20251231.nc
97_dat,2025-07-03,10,13.234626308083534,MY,9.572997093200684,0.4270029067993164,1,thetao_MY_20250101_20251231.nc
97_dat,2025-07-03,15,10.522385336458683,MY,15.810070037841797,0.8100700378417969,1,thetao_MY_20250101_20251231.nc
97_dat,2025-07-03,20,9.724753573536873,MY,18.495559692382812,1.5044403076171875,1,thetao_MY_20250101_20251231.nc
97_dat,2025-07-03,30,7.601397760212421,MY,29.444730758666992,0.5552692413330078,1,thetao_MY_20250101_20251231.nc
97_dat,2025-07-04,5,16.9092989936471,MY,5.078224182128906,0.07822418212890625,1,thetao_MY_20250101_20251231.nc
97_dat,2025-07-04,10,13.102786347270012,MY,9.572997093200684,0.4270029067993164,1,thetao_MY_20250101_20251231.nc
97_dat,2025-07-04,15,10.424970254302025,MY,15.810070037841797,0.8100700378417969,1,thetao_MY_20250101_20251231.nc
97_dat,2025-07-04,20,9.624408714473248,MY,18.495559692382812,1.5044403076171875,1,thetao_MY_20250101_20251231.nc
97_dat,2025-07-04,30,7.695883065462112,MY,29.444730758666992,0.5552692413330078,1,thetao_MY_20250101_20251231.nc
97_dat,2025-07-05,5,17.116580709815025,MY,5.078224182128906,0.07822418212890625,1,thetao_MY_20250101_20251231.nc
97_dat,2025-07-05,10,13.296151623129845,MY,9.572997093200684,0.4270029067993164,1,thetao_MY_20250101_20251231.nc
97_dat,2025-07-05,15,10.522385336458683,MY,15.810070037841797,0.8100700378417969,1,thetao_MY_20250101_20251231.nc
97_dat,2025-07-05,20,9.680074475705624,MY,18.495559692382812,1.5044403076171875,1,thetao_MY_20250101_20251231.nc
97_dat,2025-07-05,30,7.840174578130245,MY,29.444730758666992,0.5552692413330078,1,thetao_MY_20250101_20251231.nc
97_dat,2025-07-06,5,17.1722464710474,MY,5.078224182128906,0.07822418212890625,1,thetao_MY_20250101_20251231.nc
97_dat,2025-07-06,10,13.555436879396439,MY,9.572997093200684,0.4270029067993164,1,thetao_MY_20250101_20251231.nc
97_dat,2025-07-06,15,10.84392835199833,MY,15.810070037841797,0.8100700378417969,1,thetao_MY_20250101_20251231.nc
97_dat,2025-07-06,20,10.016266375780106,MY,18.495559692382812,1.5044403076171875,1,thetao_MY_20250101_20251231.nc
97_dat,2025-07-06,30,8.024750523269176,MY,29.444730758666992,0.5552692413330078,1,thetao_MY_20250101_20251231.nc
97_dat,2025-07-07,5,16.896114997565746,MY,5.078224182128906,0.07822418212890625,1,thetao_MY_20250101_20251231.nc
97_dat,2025-07-07,10,13.511490225791931,MY,9.572997093200684,0.4270029067993164,1,thetao_MY_20250101_20251231.nc
97_dat,2025-07-07,15,11.042420737445354,MY,15.810070037841797,0.8100700378417969,1,thetao_MY_20250101_20251231.nc
97_dat,2025-07-07,20,10.257240526378155,MY,18.495559692382812,1.5044403076171875,1,thetao_MY_20250101_20251231.nc
97_dat,2025-07-07,30,8.201269581913948,MY,29.444730758666992,0.5552692413330078,1,thetao_MY_20250101_20251231.nc
97_dat,2025-07-08,5,16.0259712561965,MY,5.078224182128906,0.07822418212890625,1,thetao_MY_20250101_20251231.nc
97_dat,2025-07-08,10,13.049317918717861,MY,9.572997093200684,0.4270029067993164,1,thetao_MY_20250101_20251231.nc
97_dat,2025-07-08,15,10.88128300756216,MY,15.810070037841797,0.8100700378417969,1,thetao_MY_20250101_20251231.nc
97_dat,2025-07-08,20,10.118808567523956,MY,18.495559692382812,1.5044403076171875,1,thetao_MY_20250101_20251231.nc
97_dat,2025-07-08,30,8.318460658192635,MY,29.444730758666992,0.5552692413330078,1,thetao_MY_20250101_20251231.nc
97_dat,2025-07-09,5,16.45591601729393,MY,5.078224182128906,0.07822418212890625,1,thetao_MY_20250101_20251231.nc
97_dat,2025-07-09,10,13.503433339297771,MY,9.572997093200684,0.4270029067993164,1,thetao_MY_20250101_20251231.nc
97_dat,2025-07-09,15,11.268013559281826,MY,15.810070037841797,0.8100700378417969,1,thetao_MY_20250101_20251231.nc
97_dat,2025-07-09,20,10.507004007697105,MY,18.495559692382812,1.5044403076171875,1,thetao_MY_20250101_20251231.nc
97_dat,2025-07-09,30,8.486922830343246,MY,29.444730758666992,0.5552692413330078,1,thetao_MY_20250101_20251231.nc
97_dat,2025-07-10,5,18.556566059589386,MY,5.078224182128906,0.07822418212890625,1,thetao_MY_20250101_20251231.nc
97_dat,2025-07-10,10,14.796929843723774,MY,9.572997093200684,0.4270029067993164,1,thetao_MY_20250101_20251231.nc
97_dat,2025-07-10,15,11.949919134378433,MY,15.810070037841797,0.8100700378417969,1,thetao_MY_20250101_20251231.nc
97_dat,2025-07-10,20,11.251167342066765,MY,18.495559692382812,1.5044403076171875,1,thetao_MY_20250101_20251231.nc
97_dat,2025-07-10,30,8.72130498290062,MY,29.444730758666992,0.5552692413330078,1,thetao_MY_20250101_20251231.nc
97_dat,2025-07-11,5,19.808313243091106,MY,5.078224182128906,0.07822418212890625,1,thetao_MY_20250101_20251231.nc
97_dat,2025-07-11,10,16.56212043017149,MY,9.572997093200684,0.4270029067993164,1,thetao_MY_20250101_20251231.nc
97_dat,2025-07-11,15,12.305154584348202,MY,15.810070037841797,0.8100700378417969,1,thetao_MY_20250101_20251231.nc
97_dat,2025-07-11,20,11.566850803792477,MY,18.495559692382812,1.5044403076171875,1,thetao_MY_20250101_20251231.nc
97_dat,2025-07-11,30,8.927121810615063,MY,29.444730758666992,0.5552692413330078,1,thetao_MY_20250101_20251231.nc
97_dat,2025-07-12,5,19.757774591445923,MY,5.078224182128906,0.07822418212890625,1,thetao_MY_20250101_20251231.nc
97_dat,2025-07-12,10,17.571428574621677,MY,9.572997093200684,0.4270029067993164,1,thetao_MY_20250101_20251231.nc
97_dat,2025-07-12,15,12.564439840614796,MY,15.810070037841797,0.8100700378417969,1,thetao_MY_20250101_20251231.nc
97_dat,2025-07-12,20,11.60127568244934,MY,18.495559692382812,1.5044403076171875,1,thetao_MY_20250101_20251231.nc
97_dat,2025-07-12,30,9.197393730282784,MY,29.444730758666992,0.5552692413330078,1,thetao_MY_20250101_20251231.nc
97_dat,2025-07-13,5,19.36738181859255,MY,5.078224182128906,0.07822418212890625,1,thetao_MY_20250101_20251231.nc
97_dat,2025-07-13,10,17.971343122422695,MY,9.572997093200684,0.4270029067993164,1,thetao_MY_20250101_20251231.nc
97_dat,2025-07-13,15,13.989043861627579,MY,15.810070037841797,0.8100700378417969,1,thetao_MY_20250101_20251231.nc
97_dat,2025-07-13,20,12.95043794810772,MY,18.495559692382812,1.5044403076171875,1,thetao_MY_20250101_20251231.nc
97_dat,2025-07-13,30,10.082186356186867,MY,29.444730758666992,0.5552692413330078,1,thetao_MY_20250101_20251231.nc
97_dat,2025-07-14,5,19.242866300046444,MY,5.078224182128906,0.07822418212890625,1,thetao_MY_20250101_20251231.nc
97_dat,2025-07-14,10,18.358806118369102,MY,9.572997093200684,0.4270029067993164,1,thetao_MY_20250101_20251231.nc
97_dat,2025-07-14,15,15.905850403010845,MY,15.810070037841797,0.8100700378417969,1,thetao_MY_20250101_20251231.nc
97_dat,2025-07-14,20,14.733207195997238,MY,18.495559692382812,1.5044403076171875,1,thetao_MY_20250101_20251231.nc
97_dat,2025-07-14,30,11.47383038699627,MY,29.444730758666992,0.5552692413330078,1,thetao_MY_20250101_20251231.nc
97_dat,2025-07-15,5,19.26630451530218,MY,5.078224182128906,0.07822418212890625,1,thetao_MY_20250101_20251231.nc
97_dat,2025-07-15,10,18.670827358961105,MY,9.572997093200684,0.4270029067993164,1,thetao_MY_20250101_20251231.nc
97_dat,2025-07-15,15,16.986205637454987,MY,15.810070037841797,0.8100700378417969,1,thetao_MY_20250101_20251231.nc
97_dat,2025-07-15,20,15.765221111476421,MY,18.495559692382812,1.5044403076171875,1,thetao_MY_20250101_20251231.nc
97_dat,2025-07-15,30,12.524887852370739,MY,29.444730758666992,0.5552692413330078,1,thetao_MY_20250101_20251231.nc
97_dat,2025-07-16,5,19.49555955827236,MY,5.078224182128906,0.07822418212890625,1,thetao_MY_20250101_20251231.nc
97_dat,2025-07-16,10,18.927182838320732,MY,9.572997093200684,0.4270029067993164,1,thetao_MY_20250101_20251231.nc
97_dat,2025-07-16,15,17.41688284277916,MY,15.810070037841797,0.8100700378417969,1,thetao_MY_20250101_20251231.nc
97_dat,2025-07-16,20,16.257423631846905,MY,18.495559692382812,1.5044403076171875,1,thetao_MY_20250101_20251231.nc
97_dat,2025-07-16,30,13.02002014964819,MY,29.444730758666992,0.5552692413330078,1,thetao_MY_20250101_20251231.nc
97_dat,2025-07-17,5,19.685995057225227,MY,5.078224182128906,0.07822418212890625,1,thetao_MY_20250101_20251231.nc
97_dat,2025-07-17,10,19.084658347070217,MY,9.572997093200684,0.4270029067993164,1,thetao_MY_20250101_20251231.nc
97_dat,2025-07-17,15,16.993530079722404,MY,15.810070037841797,0.8100700378417969,1,thetao_MY_20250101_20251231.nc
97_dat,2025-07-17,20,15.96517838537693,MY,18.495559692382812,1.5044403076171875,1,thetao_MY_20250101_20251231.nc
97_dat,2025-07-17,30,12.846430867910385,MY,29.444730758666992,0.5552692413330078,1,thetao_MY_20250101_20251231.nc
97_dat,2025-07-18,5,19.804651021957397,MY,5.078224182128906,0.07822418212890625,1,thetao_MY_20250101_20251231.nc
97_dat,2025-07-18,10,18.864192634820938,MY,9.572997093200684,0.4270029067993164,1,thetao_MY_20250101_20251231.nc
97_dat,2025-07-18,15,16.154881440103054,MY,15.810070037841797,0.8100700378417969,1,thetao_MY_20250101_20251231.nc
97_dat,2025-07-18,20,15.254707485437393,MY,18.495559692382812,1.5044403076171875,1,thetao_MY_20250101_20251231.nc
97_dat,2025-07-18,30,12.272194594144821,MY,29.444730758666992,0.5552692413330078,1,thetao_MY_20250101_20251231.nc
97_dat,2025-07-19,5,19.72774437814951,MY,5.078224182128906,0.07822418212890625,1,thetao_MY_20250101_20251231.nc
97_dat,2025-07-19,10,18.02700888365507,MY,9.572997093200684,0.4270029067993164,1,thetao_MY_20250101_20251231.nc
97_dat,2025-07-19,15,15.095034644007683,MY,15.810070037841797,0.8100700378417969,1,thetao_MY_20250101_20251231.nc
97_dat,2025-07-19,20,14.308389544487,MY,18.495559692382812,1.5044403076171875,1,thetao_MY_20250101_20251231.nc
97_dat,2025-07-19,30,11.54780725389719,MY,29.444730758666992,0.5552692413330078,1,thetao_MY_20250101_20251231.nc
97_dat,2025-07-20,5,19.513138219714165,MY,5.078224182128906,0.07822418212890625,1,thetao_MY_20250101_20251231.nc
97_dat,2025-07-20,10,17.142216257750988,MY,9.572997093200684,0.4270029067993164,1,thetao_MY_20250101_20251231.nc
97_dat,2025-07-20,15,14.09598071873188,MY,15.810070037841797,0.8100700378417969,1,thetao_MY_20250101_20251231.nc
97_dat,2025-07-20,20,13.44117558002472,MY,18.495559692382812,1.5044403076171875,1,thetao_MY_20250101_20251231.nc
97_dat,2025-07-20,30,10.94647054374218,MY,29.444730758666992,0.5552692413330078,1,thetao_MY_20250101_20251231.nc
97_dat,2025-07-21,5,19.26557207107544,MY,5.078224182128906,0.07822418212890625,1,thetao_MY_20250101_20251231.nc
97_dat,2025-07-21,10,16.332132942974567,MY,9.572997093200684,0.4270029067993164,1,thetao_MY_20250101_20251231.nc
97_dat,2025-07-21,15,13.430188916623592,MY,15.810070037841797,0.8100700378417969,1,thetao_MY_20250101_20251231.nc
97_dat,2025-07-21,20,12.814203321933746,MY,18.495559692382812,1.5044403076171875,1,thetao_MY_20250101_20251231.nc
97_dat,2025-07-21,30,10.60295420140028,MY,29.444730758666992,0.5552692413330078,1,thetao_MY_20250101_20251231.nc
97_dat,2025-07-22,5,18.71770378947258,MY,5.078224182128906,0.07822418212890625,1,thetao_MY_20250101_20251231.nc
97_dat,2025-07-22,10,15.471510976552963,MY,9.572997093200684,0.4270029067993164,1,thetao_MY_20250101_20251231.nc
97_dat,2025-07-22,15,12.902829073369503,MY,15.810070037841797,0.8100700378417969,1,thetao_MY_20250101_20251231.nc
97_dat,2025-07-22,20,12.302957251667976,MY,18.495559692382812,1.5044403076171875,1,thetao_MY_20250101_20251231.nc
97_dat,2025-07-22,30,10.418378256261349,MY,29.444730758666992,0.5552692413330078,1,thetao_MY_20250101_20251231.nc
97_dat,2025-07-23,5,17.839503161609173,MY,5.078224182128906,0.07822418212890625,1,thetao_MY_20250101_20251231.nc
97_dat,2025-07-23,10,14.669484548270702,MY,9.572997093200684,0.4270029067993164,1,thetao_MY_20250101_20251231.nc
97_dat,2025-07-23,15,12.454573206603527,MY,15.810070037841797,0.8100700378417969,1,thetao_MY_20250101_20251231.nc
97_dat,2025-07-23,20,11.902310259640217,MY,18.495559692382812,1.5044403076171875,1,thetao_MY_20250101_20251231.nc
97_dat,2025-07-23,30,10.323160506784916,MY,29.444730758666992,0.5552692413330078,1,thetao_MY_20250101_20251231.nc
97_dat,2025-07-24,5,17.372936189174652,MY,5.078224182128906,0.07822418212890625,1,thetao_MY_20250101_20251231.nc
97_dat,2025-07-24,10,14.383831299841404,MY,9.572997093200684,0.4270029067993164,1,thetao_MY_20250101_20251231.nc
97_dat,2025-07-24,15,12.245094157755375,MY,15.810070037841797,0.8100700378417969,1,thetao_MY_20250101_20251231.nc
97_dat,2025-07-24,20,11.708212539553642,MY,18.495559692382812,1.5044403076171875,1,thetao_MY_20250101_20251231.nc
97_dat,2025-07-24,30,10.274086743593216,MY,29.444730758666992,0.5552692413330078,1,thetao_MY_20250101_20251231.nc
97_dat,2025-07-25,5,17.191290020942688,MY,5.078224182128906,0.07822418212890625,1,thetao_MY_20250101_20251231.nc
97_dat,2025-07-25,10,14.34134953469038,MY,9.572997093200684,0.4270029067993164,1,thetao_MY_20250101_20251231.nc
97_dat,2025-07-25,15,12.230445273220539,MY,15.810070037841797,0.8100700378417969,1,thetao_MY_20250101_20251231.nc
97_dat,2025-07-25,20,11.684774324297905,MY,18.495559692382812,1.5044403076171875,1,thetao_MY_20250101_20251231.nc
97_dat,2025-07-25,30,10.266762301325798,MY,29.444730758666992,0.5552692413330078,1,thetao_MY_20250101_20251231.nc
97_dat,2025-07-26,5,17.172978915274143,MY,5.078224182128906,0.07822418212890625,1,thetao_MY_20250101_20251231.nc
97_dat,2025-07-26,10,14.375774413347244,MY,9.572997093200684,0.4270029067993164,1,thetao_MY_20250101_20251231.nc
97_dat,2025-07-26,15,12.243629269301891,MY,15.810070037841797,0.8100700378417969,1,thetao_MY_20250101_20251231.nc
97_dat,2025-07-26,20,11.69942320883274,MY,18.495559692382812,1.5044403076171875,1,thetao_MY_20250101_20251231.nc
97_dat,2025-07-26,30,10.277016520500183,MY,29.444730758666992,0.5552692413330078,1,thetao_MY_20250101_20251231.nc
97_dat,2025-07-27,5,16.962034977972507,MY,5.078224182128906,0.07822418212890625,1,thetao_MY_20250101_20251231.nc
97_dat,2025-07-27,10,14.2593157812953,MY,9.572997093200684,0.4270029067993164,1,thetao_MY_20250101_20251231.nc
97_dat,2025-07-27,15,12.172582179307938,MY,15.810070037841797,0.8100700378417969,1,thetao_MY_20250101_20251231.nc
97_dat,2025-07-27,20,11.684774324297905,MY,18.495559692382812,1.5044403076171875,1,thetao_MY_20250101_20251231.nc
97_dat,2025-07-27,30,10.383953377604485,MY,29.444730758666992,0.5552692413330078,1,thetao_MY_20250101_20251231.nc
97_dat,2025-07-28,5,16.83165990561247,MY,5.078224182128906,0.07822418212890625,1,thetao_MY_20250101_20251231.nc
97_dat,2025-07-28,10,14.131870485842228,MY,9.572997093200684,0.4270029067993164,1,thetao_MY_20250101_20251231.nc
97_dat,2025-07-28,15,12.09201331436634,MY,15.810070037841797,0.8100700378417969,1,thetao_MY_20250101_20251231.nc
97_dat,2025-07-28,20,11.668660551309586,MY,18.495559692382812,1.5044403076171875,1,thetao_MY_20250101_20251231.nc
97_dat,2025-07-28,30,10.596362203359604,MY,29.444730758666992,0.5552692413330078,1,thetao_MY_20250101_20251231.nc
97_dat,2025-07-29,5,17.22937712073326,MY,5.078224182128906,0.07822418212890625,1,thetao_MY_20250101_20251231.nc
97_dat,2025-07-29,10,14.452681057155132,MY,9.572997093200684,0.4270029067993164,1,thetao_MY_20250101_20251231.nc
97_dat,2025-07-29,15,12.248023934662342,MY,15.810070037841797,0.8100700378417969,1,thetao_MY_20250101_20251231.nc
97_dat,2025-07-29,20,11.84664449840784,MY,18.495559692382812,1.5044403076171875,1,thetao_MY_20250101_20251231.nc
97_dat,2025-07-29,30,10.875423453748226,MY,29.444730758666992,0.5552692413330078,1,thetao_MY_20250101_20251231.nc
97_dat,2025-07-30,5,19.017273478209972,MY,5.078224182128906,0.07822418212890625,1,thetao_MY_20250101_20251231.nc
97_dat,2025-07-30,10,15.508865632116795,MY,9.572997093200684,0.4270029067993164,1,thetao_MY_20250101_20251231.nc
97_dat,2025-07-30,15,12.704336687922478,MY,15.810070037841797,0.8100700378417969,1,thetao_MY_20250101_20251231.nc
97_dat,2025-07-30,20,12.204809725284576,MY,18.495559692382812,1.5044403076171875,1,thetao_MY_20250101_20251231.nc
97_dat,2025-07-30,30,11.158146925270557,MY,29.444730758666992,0.5552692413330078,1,thetao_MY_20250101_20251231.nc
97_dat,2025-07-31,5,21.090823084115982,MY,5.078224182128906,0.07822418212890625,1,thetao_MY_20250101_20251231.nc
97_dat,2025-07-31,10,17.033814512193203,MY,9.572997093200684,0.4270029067993164,1,thetao_MY_20250101_20251231.nc
97_dat,2025-07-31,15,13.320322282612324,MY,15.810070037841797,0.8100700378417969,1,thetao_MY_20250101_20251231.nc
97_dat,2025-07-31,20,12.69335002452135,MY,18.495559692382812,1.5044403076171875,1,thetao_MY_20250101_20251231.nc
97_dat,2025-07-31,30,11.438673064112663,MY,29.444730758666992,0.5552692413330078,1,thetao_MY_20250101_20251231.nc
97_dat,2025-08-01,5,22.10013122856617,MY,5.078224182128906,0.07822418212890625,1,thetao_MY_20250101_20251231.nc
97_dat,2025-08-01,10,18.32511368393898,MY,9.572997093200684,0.4270029067993164,1,thetao_MY_20250101_20251231.nc
97_dat,2025-08-01,15,13.789819031953812,MY,15.810070037841797,0.8100700378417969,1,thetao_MY_20250101_20251231.nc
97_dat,2025-08-01,20,13.156254775822163,MY,18.495559692382812,1.5044403076171875,1,thetao_MY_20250101_20251231.nc
97_dat,2025-08-01,30,11.765343189239502,MY,29.444730758666992,0.5552692413330078,1,thetao_MY_20250101_20251231.nc
97_dat,2025-08-02,5,22.373332925140858,MY,5.078224182128906,0.07822418212890625,1,thetao_MY_20250101_20251231.nc
97_dat,2025-08-02,10,19.655232399702072,MY,9.572997093200684,0.4270029067993164,1,thetao_MY_20250101_20251231.nc
97_dat,2025-08-02,15,14.475386828184128,MY,15.810070037841797,0.8100700378417969,1,thetao_MY_20250101_20251231.nc
97_dat,2025-08-02,20,13.708517722785473,MY,18.495559692382812,1.5044403076171875,1,thetao_MY_20250101_20251231.nc
97_dat,2025-08-02,30,12.094210647046566,MY,29.444730758666992,0.5552692413330078,1,thetao_MY_20250101_20251231.nc
97_dat,2025-08-03,5,22.561571091413498,MY,5.078224182128906,0.07822418212890625,1,thetao_MY_20250101_20251231.nc
97_dat,2025-08-03,10,20.657948546111584,MY,9.572997093200684,0.4270029067993164,1,thetao_MY_20250101_20251231.nc
97_dat,2025-08-03,15,15.816492207348347,MY,15.810070037841797,0.8100700378417969,1,thetao_MY_20250101_20251231.nc
97_dat,2025-08-03,20,14.68486587703228,MY,18.495559692382812,1.5044403076171875,1,thetao_MY_20250101_20251231.nc
97_dat,2025-08-03,30,12.531479850411415,MY,29.444730758666992,0.5552692413330078,1,thetao_MY_20250101_20251231.nc
97_dat,2025-08-04,5,23.043519392609596,MY,5.078224182128906,0.07822418212890625,1,thetao_MY_20250101_20251231.nc
97_dat,2025-08-04,10,21.60939359664917,MY,9.572997093200684,0.4270029067993164,1,thetao_MY_20250101_20251231.nc
97_dat,2025-08-04,15,17.877590261399746,MY,15.810070037841797,0.8100700378417969,1,thetao_MY_20250101_20251231.nc
97_dat,2025-08-04,20,16.20249031484127,MY,18.495559692382812,1.5044403076171875,1,thetao_MY_20250101_20251231.nc
97_dat,2025-08-04,30,13.099856570363045,MY,29.444730758666992,0.5552692413330078,1,thetao_MY_20250101_20251231.nc
97_dat,2025-08-05,5,23.099917598068714,MY,5.078224182128906,0.07822418212890625,1,thetao_MY_20250101_20251231.nc
97_dat,2025-08-05,10,21.33985412120819,MY,9.572997093200684,0.4270029067993164,1,thetao_MY_20250101_20251231.nc
97_dat,2025-08-05,15,17.63734855502844,MY,15.810070037841797,0.8100700378417969,1,thetao_MY_20250101_20251231.nc
97_dat,2025-08-05,20,16.433942690491676,MY,18.495559692382812,1.5044403076171875,1,thetao_MY_20250101_20251231.nc
97_dat,2025-08-05,30,13.518814668059349,MY,29.444730758666992,0.5552692413330078,1,thetao_MY_20250101_20251231.nc
97_dat,2025-08-06,5,23.05670338869095,MY,5.078224182128906,0.07822418212890625,1,thetao_MY_20250101_20251231.nc
97_dat,2025-08-06,10,21.26148258894682,MY,9.572997093200684,0.4270029067993164,1,thetao_MY_20250101_20251231.nc
97_dat,2025-08-06,15,17.664448991417885,MY,15.810070037841797,0.8100700378417969,1,thetao_MY_20250101_20251231.nc
97_dat,2025-08-06,20,16.755485706031322,MY,18.495559692382812,1.5044403076171875,1,thetao_MY_20250101_20251231.nc
97_dat,2025-08-06,30,13.970000311732292,MY,29.444730758666992,0.5552692413330078,1,thetao_MY_20250101_20251231.nc
97_dat,2025-08-07,5,22.954161196947098,MY,5.078224182128906,0.07822418212890625,1,thetao_MY_20250101_20251231.nc
97_dat,2025-08-07,10,21.222663044929504,MY,9.572997093200684,0.4270029067993164,1,thetao_MY_20250101_20251231.nc
97_dat,2025-08-07,15,18.027741327881813,MY,15.810070037841797,0.8100700378417969,1,thetao_MY_20250101_20251231.nc
97_dat,2025-08-07,20,17.20886868238449,MY,18.495559692382812,1.5044403076171875,1,thetao_MY_20250101_20251231.nc
97_dat,2025-08-07,30,14.468794830143452,MY,29.444730758666992,0.5552692413330078,1,thetao_MY_20250101_20251231.nc
97_dat,2025-08-08,5,22.298623614013195,MY,5.078224182128906,0.07822418212890625,1,thetao_MY_20250101_20251231.nc
97_dat,2025-08-08,10,20.32981353253126,MY,9.572997093200684,0.4270029067993164,1,thetao_MY_20250101_20251231.nc
97_dat,2025-08-08,15,17.53553880751133,MY,15.810070037841797,0.8100700378417969,1,thetao_MY_20250101_20251231.nc
97_dat,2025-08-08,20,17.003051854670048,MY,18.495559692382812,1.5044403076171875,1,thetao_MY_20250101_20251231.nc
97_dat,2025-08-08,30,14.68486587703228,MY,29.444730758666992,0.5552692413330078,1,thetao_MY_20250101_20251231.nc
97_dat,2025-08-09,5,22.33304849267006,MY,5.078224182128906,0.07822418212890625,1,thetao_MY_20250101_20251231.nc
97_dat,2025-08-09,10,20.604480117559433,MY,9.572997093200684,0.4270029067993164,1,thetao_MY_20250101_20251231.nc
97_dat,2025-08-09,15,17.98159734159708,MY,15.810070037841797,0.8100700378417969,1,thetao_MY_20250101_20251231.nc
97_dat,2025-08-09,20,17.357554860413074,MY,18.495559692382812,1.5044403076171875,1,thetao_MY_20250101_20251231.nc
97_dat,2025-08-09,30,15.073061317205429,MY,29.444730758666992,0.5552692413330078,1,thetao_MY_20250101_20251231.nc
97_dat,2025-08-10,5,22.546922206878662,MY,5.078224182128906,0.07822418212890625,1,thetao_MY_20250101_20251231.nc
97_dat,2025-08-10,10,20.797845393419266,MY,9.572997093200684,0.4270029067993164,1,thetao_MY_20250101_20251231.nc
97_dat,2025-08-10,15,18.339030124247074,MY,15.810070037841797,0.8100700378417969,1,thetao_MY_20250101_20251231.nc
97_dat,2025-08-10,20,17.667378768324852,MY,18.495559692382812,1.5044403076171875,1,thetao_MY_20250101_20251231.nc
97_dat,2025-08-10,30,15.409985661506653,MY,29.444730758666992,0.5552692413330078,1,thetao_MY_20250101_20251231.nc
97_dat,2025-08-11,5,22.608447521924973,MY,5.078224182128906,0.07822418212890625,1,thetao_MY_20250101_20251231.nc
97_dat,2025-08-11,10,20.669667653739452,MY,9.572997093200684,0.4270029067993164,1,thetao_MY_20250101_20251231.nc
97_dat,2025-08-11,15,18.151524402201176,MY,15.810070037841797,0.8100700378417969,1,thetao_MY_20250101_20251231.nc
97_dat,2025-08-11,20,17.591204568743706,MY,18.495559692382812,1.5044403076171875,1,thetao_MY_20250101_20251231.nc
97_dat,2025-08-11,30,15.570390947163105,MY,29.444730758666992,0.5552692413330078,1,thetao_MY_20250101_20251231.nc
97_dat,2025-08-12,5,22.520554214715958,MY,5.078224182128906,0.07822418212890625,1,thetao_MY_20250101_20251231.nc
97_dat,2025-08-12,10,20.53416547179222,MY,9.572997093200684,0.4270029067993164,1,thetao_MY_20250101_20251231.nc
97_dat,2025-08-12,15,17.95229957252741,MY,15.810070037841797,0.8100700378417969,1,thetao_MY_20250101_20251231.nc
97_dat,2025-08-12,20,17.472548604011536,MY,18.495559692382812,1.5044403076171875,1,thetao_MY_20250101_20251231.nc
97_dat,2025-08-12,30,15.673665583133698,MY,29.444730758666992,0.5552692413330078,1,thetao_MY_20250101_20251231.nc
97_dat,2025-08-13,5,22.290566727519035,MY,5.078224182128906,0.07822418212890625,1,thetao_MY_20250101_20251231.nc
97_dat,2025-08-13,10,20.282204657793045,MY,9.572997093200684,0.4270029067993164,1,thetao_MY_20250101_20251231.nc
97_dat,2025-08-13,15,17.738425858318806,MY,15.810070037841797,0.8100700378417969,1,thetao_MY_20250101_20251231.nc
97_dat,2025-08-13,20,17.328989535570145,MY,18.495559692382812,1.5044403076171875,1,thetao_MY_20250101_20251231.nc
97_dat,2025-08-13,30,15.700033575296402,MY,29.444730758666992,0.5552692413330078,1,thetao_MY_20250101_20251231.nc
97_dat,2025-08-14,5,22.89776299148798,MY,5.078224182128906,0.07822418212890625,1,thetao_MY_20250101_20251231.nc
97_dat,2025-08-14,10,20.718741416931152,MY,9.572997093200684,0.4270029067993164,1,thetao_MY_20250101_20251231.nc
97_dat,2025-08-14,15,17.90395825356245,MY,15.810070037841797,0.8100700378417969,1,thetao_MY_20250101_20251231.nc
97_dat,2025-08-14,20,17.361949525773525,MY,18.495559692382812,1.5044403076171875,1,thetao_MY_20250101_20251231.nc
97_dat,2025-08-14,30,15.70735801756382,MY,29.444730758666992,0.5552692413330078,1,thetao_MY_20250101_20251231.nc
97_dat,2025-08-15,5,22.270058289170265,MY,5.078224182128906,0.07822418212890625,1,thetao_MY_20250101_20251231.nc
97_dat,2025-08-15,10,19.53144932538271,MY,9.572997093200684,0.4270029067993164,1,thetao_MY_20250101_20251231.nc
97_dat,2025-08-15,15,17.218390457332134,MY,15.810070037841797,0.8100700378417969,1,thetao_MY_20250101_20251231.nc
97_dat,2025-08-15,20,16.837519459426403,MY,18.495559692382812,1.5044403076171875,1,thetao_MY_20250101_20251231.nc
97_dat,2025-08-15,30,15.460524313151836,MY,29.444730758666992,0.5552692413330078,1,thetao_MY_20250101_20251231.nc
97_dat,2025-08-16,5,21.889187291264534,MY,5.078224182128906,0.07822418212890625,1,thetao_MY_20250101_20251231.nc
97_dat,2025-08-16,10,18.871517077088356,MY,9.572997093200684,0.4270029067993164,1,thetao_MY_20250101_20251231.nc
97_dat,2025-08-16,15,16.784783475100994,MY,15.810070037841797,0.8100700378417969,1,thetao_MY_20250101_20251231.nc
97_dat,2025-08-16,20,16.420758694410324,MY,18.495559692382812,1.5044403076171875,1,thetao_MY_20250101_20251231.nc
97_dat,2025-08-16,30,15.221747495234013,MY,29.444730758666992,0.5552692413330078,1,thetao_MY_20250101_20251231.nc
97_dat,2025-08-17,5,22.05105746537447,MY,5.078224182128906,0.07822418212890625,1,thetao_MY_20250101_20251231.nc
97_dat,2025-08-17,10,19.104434341192245,MY,9.572997093200684,0.4270029067993164,1,thetao_MY_20250101_20251231.nc
97_dat,2025-08-17,15,16.85729545354843,MY,15.810070037841797,0.8100700378417969,1,thetao_MY_20250101_20251231.nc
97_dat,2025-08-17,20,16.39439070224762,MY,18.495559692382812,1.5044403076171875,1,thetao_MY_20250101_20251231.nc
97_dat,2025-08-17,30,15.1426435187459,MY,29.444730758666992,0.5552692413330078,1,thetao_MY_20250101_20251231.nc
97_dat,2025-08-18,5,21.69142735004425,MY,5.078224182128906,0.07822418212890625,1,thetao_MY_20250101_20251231.nc
97_dat,2025-08-18,10,18.908871732652187,MY,9.572997093200684,0.4270029067993164,1,thetao_MY_20250101_20251231.nc
97_dat,2025-08-18,15,16.81920835375786,MY,15.810070037841797,0.8100700378417969,1,thetao_MY_20250101_20251231.nc
97_dat,2025-08-18,20,16.330668054521084,MY,18.495559692382812,1.5044403076171875,1,thetao_MY_20250101_20251231.nc
97_dat,2025-08-18,30,15.023987554013729,MY,29.444730758666992,0.5552692413330078,1,thetao_MY_20250101_20251231.nc
97_dat,2025-08-19,5,22.012237921357155,MY,5.078224182128906,0.07822418212890625,1,thetao_MY_20250101_20251231.nc
97_dat,2025-08-19,10,19.35126804560423,MY,9.572997093200684,0.4270029067993164,1,thetao_MY_20250101_20251231.nc
97_dat,2025-08-19,15,17.096804715692997,MY,15.810070037841797,0.8100700378417969,1,thetao_MY_20250101_20251231.nc
97_dat,2025-08-19,20,16.532822661101818,MY,18.495559692382812,1.5044403076171875,1,thetao_MY_20250101_20251231.nc
97_dat,2025-08-19,30,15.034974217414856,MY,29.444730758666992,0.5552692413330078,1,thetao_MY_20250101_20251231.nc
97_dat,2025-08-20,5,21.921414837241173,MY,5.078224182128906,0.07822418212890625,1,thetao_MY_20250101_20251231.nc
97_dat,2025-08-20,10,19.256050296127796,MY,9.572997093200684,0.4270029067993164,1,thetao_MY_20250101_20251231.nc
97_dat,2025-08-20,15,17.019165627658367,MY,15.810070037841797,0.8100700378417969,1,thetao_MY_20250101_20251231.nc
97_dat,2025-08-20,20,16.46397290378809,MY,18.495559692382812,1.5044403076171875,1,thetao_MY_20250101_20251231.nc
97_dat,2025-08-20,30,14.96319468319416,MY,29.444730758666992,0.5552692413330078,1,thetao_MY_20250101_20251231.nc
97_dat,2025-08-21,5,21.04541154205799,MY,5.078224182128906,0.07822418212890625,1,thetao_MY_20250101_20251231.nc
97_dat,2025-08-21,10,18.59099093824625,MY,9.572997093200684,0.4270029067993164,1,thetao_MY_20250101_20251231.nc
97_dat,2025-08-21,15,16.79064302891493,MY,15.810070037841797,0.8100700378417969,1,thetao_MY_20250101_20251231.nc
97_dat,2025-08-21,20,16.266945406794548,MY,18.495559692382812,1.5044403076171875,1,thetao_MY_20250101_20251231.nc
97_dat,2025-08-21,30,14.821100503206253,MY,29.444730758666992,0.5552692413330078,1,thetao_MY_20250101_20251231.nc
97_dat,2025-08-22,5,21.362559892237186,MY,5.078224182128906,0.07822418212890625,1,thetao_MY_20250101_20251231.nc
97_dat,2025-08-22,10,19.197454757988453,MY,9.572997093200684,0.4270029067993164,1,thetao_MY_20250101_20251231.nc
97_dat,2025-08-22,15,17.194219797849655,MY,15.810070037841797,0.8100700378417969,1,thetao_MY_20250101_20251231.nc
97_dat,2025-08-22,20,16.603869751095772,MY,18.495559692382812,1.5044403076171875,1,thetao_MY_20250101_20251231.nc
97_dat,2025-08-22,30,14.828424945473671,MY,29.444730758666992,0.5552692413330078,1,thetao_MY_20250101_20251231.nc
97_dat,2025-08-23,5,21.202154606580734,MY,5.078224182128906,0.07822418212890625,1,thetao_MY_20250101_20251231.nc
97_dat,2025-08-23,10,19.078798793256283,MY,9.572997093200684,0.4270029067993164,1,thetao_MY_20250101_20251231.nc
97_dat,2025-08-23,15,17.210333570837975,MY,15.810070037841797,0.8100700378417969,1,thetao_MY_20250101_20251231.nc
97_dat,2025-08-23,20,16.61558885872364,MY,18.495559692382812,1.5044403076171875,1,thetao_MY_20250101_20251231.nc
97_dat,2025-08-23,30,14.765434741973877,MY,29.444730758666992,0.5552692413330078,1,thetao_MY_20250101_20251231.nc
97_dat,2025-08-24,5,20.56199835240841,MY,5.078224182128906,0.07822418212890625,1,thetao_MY_20250101_20251231.nc
97_dat,2025-08-24,10,18.50163274258375,MY,9.572997093200684,0.4270029067993164,1,thetao_MY_20250101_20251231.nc
97_dat,2025-08-24,15,16.862422563135624,MY,15.810070037841797,0.8100700378417969,1,thetao_MY_20250101_20251231.nc
97_dat,2025-08-24,20,16.24716941267252,MY,18.495559692382812,1.5044403076171875,1,thetao_MY_20250101_20251231.nc
97_dat,2025-08-24,30,14.500289931893349,MY,29.444730758666992,0.5552692413330078,1,thetao_MY_20250101_20251231.nc
97_dat,2025-08-25,5,21.68776512891054,MY,5.078224182128906,0.07822418212890625,1,thetao_MY_20250101_20251231.nc
97_dat,2025-08-25,10,19.71163060516119,MY,9.572997093200684,0.4270029067993164,1,thetao_MY_20250101_20251231.nc
97_dat,2025-08-25,15,17.742088079452515,MY,15.810070037841797,0.8100700378417969,1,thetao_MY_20250101_20251231.nc
97_dat,2025-08-25,20,17.047730952501297,MY,18.495559692382812,1.5044403076171875,1,thetao_MY_20250101_20251231.nc
97_dat,2025-08-25,30,14.61967834085226,MY,29.444730758666992,0.5552692413330078,1,thetao_MY_20250101_20251231.nc
97_dat,2025-08-26,5,22.634083069860935,MY,5.078224182128906,0.07822418212890625,1,thetao_MY_20250101_20251231.nc
97_dat,2025-08-26,10,20.759758293628693,MY,9.572997093200684,0.4270029067993164,1,thetao_MY_20250101_20251231.nc
97_dat,2025-08-26,15,18.379314556717873,MY,15.810070037841797,0.8100700378417969,1,thetao_MY_20250101_20251231.nc
97_dat,2025-08-26,20,17.708395645022392,MY,18.495559692382812,1.5044403076171875,1,thetao_MY_20250101_20251231.nc
97_dat,2025-08-26,30,14.772759184241295,MY,29.444730758666992,0.5552692413330078,1,thetao_MY_20250101_20251231.nc
97_dat,2025-08-27,5,22.588671527802944,MY,5.078224182128906,0.07822418212890625,1,thetao_MY_20250101_20251231.nc
97_dat,2025-08-27,10,20.53709524869919,MY,9.572997093200684,0.4270029067993164,1,thetao_MY_20250101_20251231.nc
97_dat,2025-08-27,15,18.307535022497177,MY,15.810070037841797,0.8100700378417969,1,thetao_MY_20250101_20251231.nc
97_dat,2025-08-27,20,17.57655568420887,MY,18.495559692382812,1.5044403076171875,1,thetao_MY_20250101_20251231.nc
97_dat,2025-08-27,30,14.714163646101952,MY,29.444730758666992,0.5552692413330078,1,thetao_MY_20250101_20251231.nc
97_dat,2025-08-28,5,22.838435009121895,MY,5.078224182128906,0.07822418212890625,1,thetao_MY_20250101_20251231.nc
97_dat,2025-08-28,10,21.103274635970592,MY,9.572997093200684,0.4270029067993164,1,thetao_MY_20250101_20251231.nc
97_dat,2025-08-28,15,19.238471634685993,MY,15.810070037841797,0.8100700378417969,1,thetao_MY_20250101_20251231.nc
97_dat,2025-08-28,20,18.585131384432316,MY,18.495559692382812,1.5044403076171875,1,thetao_MY_20250101_20251231.nc
97_dat,2025-08-28,30,15.081118203699589,MY,29.444730758666992,0.5552692413330078,1,thetao_MY_20250101_20251231.nc
97_dat,2025-08-29,5,23.02447584271431,MY,5.078224182128906,0.07822418212890625,1,thetao_MY_20250101_20251231.nc
97_dat,2025-08-29,10,21.599871821701527,MY,9.572997093200684,0.4270029067993164,1,thetao_MY_20250101_20251231.nc
97_dat,2025-08-29,15,19.606891080737114,MY,15.810070037841797,0.8100700378417969,1,thetao_MY_20250101_20251231.nc
97_dat,2025-08-29,20,18.95867794007063,MY,18.495559692382812,1.5044403076171875,1,thetao_MY_20250101_20251231.nc
97_dat,2025-08-29,30,15.287667475640774,MY,29.444730758666992,0.5552692413330078,1,thetao_MY_20250101_20251231.nc
97_dat,2025-08-30,5,23.076479382812977,MY,5.078224182128906,0.07822418212890625,1,thetao_MY_20250101_20251231.nc
97_dat,2025-08-30,10,22.17337565124035,MY,9.572997093200684,0.4270029067993164,1,thetao_MY_20250101_20251231.nc
97_dat,2025-08-30,15,19.93282876163721,MY,15.810070037841797,0.8100700378417969,1,thetao_MY_20250101_20251231.nc
97_dat,2025-08-30,20,19.170354321599007,MY,18.495559692382812,1.5044403076171875,1,thetao_MY_20250101_20251231.nc
97_dat,2025-08-30,30,15.305978581309319,MY,29.444730758666992,0.5552692413330078,1,thetao_MY_20250101_20251231.nc
97_dat,2025-08-31,5,23.20099490135908,MY,5.078224182128906,0.07822418212890625,1,thetao_MY_20250101_20251231.nc
97_dat,2025-08-31,10,21.72804956138134,MY,9.572997093200684,0.4270029067993164,1,thetao_MY_20250101_20251231.nc
97_dat,2025-08-31,15,19.34321115911007,MY,15.810070037841797,0.8100700378417969,1,thetao_MY_20250101_20251231.nc
97_dat,2025-08-31,20,18.348551899194717,MY,18.495559692382812,1.5044403076171875,1,thetao_MY_20250101_20251231.nc
97_dat,2025-08-31,30,14.8569902703166,MY,29.444730758666992,0.5552692413330078,1,thetao_MY_20250101_20251231.nc
97_dat,2025-09-01,5,23.485915705561638,MY,5.078224182128906,0.07822418212890625,1,thetao_MY_20250101_20251231.nc
97_dat,2025-09-01,10,23.21271400898695,MY,9.572997093200684,0.4270029067993164,1,thetao_MY_20250101_20251231.nc
97_dat,2025-09-01,15,21.162602618336678,MY,15.810070037841797,0.8100700378417969,1,thetao_MY_20250101_20251231.nc
97_dat,2025-09-01,20,20.155491806566715,MY,18.495559692382812,1.5044403076171875,1,thetao_MY_20250101_20251231.nc
97_dat,2025-09-01,30,15.275215923786163,MY,29.444730758666992,0.5552692413330078,1,thetao_MY_20250101_20251231.nc
97_dat,2025-09-02,5,23.89168980717659,MY,5.078224182128906,0.07822418212890625,1,thetao_MY_20250101_20251231.nc
97_dat,2025-09-02,10,23.619952999055386,MY,9.572997093200684,0.4270029067993164,1,thetao_MY_20250101_20251231.nc
97_dat,2025-09-02,15,21.689230017364025,MY,15.810070037841797,0.8100700378417969,1,thetao_MY_20250101_20251231.nc
97_dat,2025-09-02,20,20.843989379704,MY,18.495559692382812,1.5044403076171875,1,thetao_MY_20250101_20251231.nc
97_dat,2025-09-02,30,16.25156407803297,MY,29.444730758666992,0.5552692413330078,1,thetao_MY_20250101_20251231.nc
97_dat,2025-09-03,5,24.29233679920435,MY,5.078224182128906,0.07822418212890625,1,thetao_MY_20250101_20251231.nc
97_dat,2025-09-03,10,23.83089693635702,MY,9.572997093200684,0.4270029067993164,1,thetao_MY_20250101_20251231.nc
97_dat,2025-09-03,15,21.71559800952673,MY,15.810070037841797,0.8100700378417969,1,thetao_MY_20250101_20251231.nc
97_dat,2025-09-03,20,20.97070223093033,MY,18.495559692382812,1.5044403076171875,1,thetao_MY_20250101_20251231.nc
97_dat,2025-09-03,30,16.941526539623737,MY,29.444730758666992,0.5552692413330078,1,thetao_MY_20250101_20251231.nc
97_dat,2025-09-04,5,24.306253239512444,MY,5.078224182128906,0.07822418212890625,1,thetao_MY_20250101_20251231.nc
97_dat,2025-09-04,10,24.04330576211214,MY,9.572997093200684,0.4270029067993164,1,thetao_MY_20250101_20251231.nc
97_dat,2025-09-04,15,21.856959745287895,MY,15.810070037841797,0.8100700378417969,1,thetao_MY_20250101_20251231.nc
97_dat,2025-09-04,20,20.998535111546516,MY,18.495559692382812,1.5044403076171875,1,thetao_MY_20250101_20251231.nc
97_dat,2025-09-04,30,17.03601184487343,MY,29.444730758666992,0.5552692413330078,1,thetao_MY_20250101_20251231.nc
97_dat,2025-09-05,5,24.230079039931297,MY,5.078224182128906,0.07822418212890625,1,thetao_MY_20250101_20251231.nc
97_dat,2025-09-05,10,24.260841697454453,MY,9.572997093200684,0.4270029067993164,1,thetao_MY_20250101_20251231.nc
97_dat,2025-09-05,15,22.782036803662777,MY,15.810070037841797,0.8100700378417969,1,thetao_MY_20250101_20251231.nc
97_dat,2025-09-05,20,21.64601580798626,MY,18.495559692382812,1.5044403076171875,1,thetao_MY_20250101_20251231.nc
97_dat,2025-09-05,30,17.18396557867527,MY,29.444730758666992,0.5552692413330078,1,thetao_MY_20250101_20251231.nc
97_dat,2025-09-06,5,24.263039030134678,MY,5.078224182128906,0.07822418212890625,1,thetao_MY_20250101_20251231.nc
97_dat,2025-09-06,10,24.30112612992525,MY,9.572997093200684,0.4270029067993164,1,thetao_MY_20250101_20251231.nc
97_dat,2025-09-06,15,23.303537093102932,MY,15.810070037841797,0.8100700378417969,1,thetao_MY_20250101_20251231.nc
97_dat,2025-09-06,20,22.17337565124035,MY,18.495559692382812,1.5044403076171875,1,thetao_MY_20250101_20251231.nc
97_dat,2025-09-06,30,17.553849913179874,MY,29.444730758666992,0.5552692413330078,1,thetao_MY_20250101_20251231.nc
97_dat,2025-09-07,5,24.307718127965927,MY,5.078224182128906,0.07822418212890625,1,thetao_MY_20250101_20251231.nc
97_dat,2025-09-07,10,24.253517255187035,MY,9.572997093200684,0.4270029067993164,1,thetao_MY_20250101_20251231.nc
97_dat,2025-09-07,15,22.856013670563698,MY,15.810070037841797,0.8100700378417969,1,thetao_MY_20250101_20251231.nc
97_dat,2025-09-07,20,21.862086854875088,MY,18.495559692382812,1.5044403076171875,1,thetao_MY_20250101_20251231.nc
97_dat,2025-09-07,30,17.68642231822014,MY,29.444730758666992,0.5552692413330078,1,thetao_MY_20250101_20251231.nc
97_dat,2025-09-08,5,24.328226566314697,MY,5.078224182128906,0.07822418212890625,1,thetao_MY_20250101_20251231.nc
97_dat,2025-09-08,10,24.224219486117363,MY,9.572997093200684,0.4270029067993164,1,thetao_MY_20250101_20251231.nc
97_dat,2025-09-08,15,22.289834283292294,MY,15.810070037841797,0.8100700378417969,1,thetao_MY_20250101_20251231.nc
97_dat,2025-09-08,20,21.300302132964134,MY,18.495559692382812,1.5044403076171875,1,thetao_MY_20250101_20251231.nc
97_dat,2025-09-08,30,17.52381969988346,MY,29.444730758666992,0.5552692413330078,1,thetao_MY_20250101_20251231.nc
97_dat,2025-09-09,5,24.249122589826584,MY,5.078224182128906,0.07822418212890625,1,thetao_MY_20250101_20251231.nc
97_dat,2025-09-09,10,24.26377147436142,MY,9.572997093200684,0.4270029067993164,1,thetao_MY_20250101_20251231.nc
97_dat,2025-09-09,15,22.515427105128765,MY,15.810070037841797,0.8100700378417969,1,thetao_MY_20250101_20251231.nc
97_dat,2025-09-09,20,21.530289620161057,MY,18.495559692382812,1.5044403076171875,1,thetao_MY_20250101_20251231.nc
97_dat,2025-09-09,30,17.70400097966194,MY,29.444730758666992,0.5552692413330078,1,thetao_MY_20250101_20251231.nc
97_dat,2025-09-10,5,24.250587478280067,MY,5.078224182128906,0.07822418212890625,1,thetao_MY_20250101_20251231.nc
97_dat,2025-09-10,10,24.004486218094826,MY,9.572997093200684,0.4270029067993164,1,thetao_MY_20250101_20251231.nc
97_dat,2025-09-10,15,21.852565079927444,MY,15.810070037841797,0.8100700378417969,1,thetao_MY_20250101_20251231.nc
97_dat,2025-09-10,20,20.915036469697952,MY,18.495559692382812,1.5044403076171875,1,thetao_MY_20250101_20251231.nc
97_dat,2025-09-10,30,17.52308725565672,MY,29.444730758666992,0.5552692413330078,1,thetao_MY_20250101_20251231.nc
97_dat,2025-09-11,5,24.17734305560589,MY,5.078224182128906,0.07822418212890625,1,thetao_MY_20250101_20251231.nc
97_dat,2025-09-11,10,24.221289709210396,MY,9.572997093200684,0.4270029067993164,1,thetao_MY_20250101_20251231.nc
97_dat,2025-09-11,15,22.571825310587883,MY,15.810070037841797,0.8100700378417969,1,thetao_MY_20250101_20251231.nc
97_dat,2025-09-11,20,21.566179387271404,MY,18.495559692382812,1.5044403076171875,1,thetao_MY_20250101_20251231.nc
97_dat,2025-09-11,30,17.716452531516552,MY,29.444730758666992,0.5552692413330078,1,thetao_MY_20250101_20251231.nc
97_dat,2025-09-12,5,24.056489758193493,MY,5.078224182128906,0.07822418212890625,1,thetao_MY_20250101_20251231.nc
97_dat,2025-09-12,10,24.111423075199127,MY,9.572997093200684,0.4270029067993164,1,thetao_MY_20250101_20251231.nc
97_dat,2025-09-12,15,23.14313180744648,MY,15.810070037841797,0.8100700378417969,1,thetao_MY_20250101_20251231.nc
97_dat,2025-09-12,20,22.228308968245983,MY,18.495559692382812,1.5044403076171875,1,thetao_MY_20250101_20251231.nc
97_dat,2025-09-12,30,18.14053773880005,MY,29.444730758666992,0.5552692413330078,1,thetao_MY_20250101_20251231.nc
97_dat,2025-09-13,5,23.770104065537453,MY,5.078224182128906,0.07822418212890625,1,thetao_MY_20250101_20251231.nc
97_dat,2025-09-13,10,23.795007169246674,MY,9.572997093200684,0.4270029067993164,1,thetao_MY_20250101_20251231.nc
97_dat,2025-09-13,15,23.65071565657854,MY,15.810070037841797,0.8100700378417969,1,thetao_MY_20250101_20251231.nc
97_dat,2025-09-13,20,23.381908625364304,MY,18.495559692382812,1.5044403076171875,1,thetao_MY_20250101_20251231.nc
97_dat,2025-09-13,30,19.62227240949869,MY,29.444730758666992,0.5552692413330078,1,thetao_MY_20250101_20251231.nc
97_dat,2025-09-14,5,23.583330787718296,MY,5.078224182128906,0.07822418212890625,1,thetao_MY_20250101_20251231.nc
97_dat,2025-09-14,10,23.48298592865467,MY,9.572997093200684,0.4270029067993164,1,thetao_MY_20250101_20251231.nc
97_dat,2025-09-14,15,22.936582535505295,MY,15.810070037841797,0.8100700378417969,1,thetao_MY_20250101_20251231.nc
97_dat,2025-09-14,20,22.500045776367188,MY,18.495559692382812,1.5044403076171875,1,thetao_MY_20250101_20251231.nc
97_dat,2025-09-14,30,19.631061740219593,MY,29.444730758666992,0.5552692413330078,1,thetao_MY_20250101_20251231.nc
97_dat,2025-09-15,5,23.636066772043705,MY,5.078224182128906,0.07822418212890625,1,thetao_MY_20250101_20251231.nc
97_dat,2025-09-15,10,23.618488110601902,MY,9.572997093200684,0.4270029067993164,1,thetao_MY_20250101_20251231.nc
97_dat,2025-09-15,15,23.440504163503647,MY,15.810070037841797,0.8100700378417969,1,thetao_MY_20250101_20251231.nc
97_dat,2025-09-15,20,23.129215367138386,MY,18.495559692382812,1.5044403076171875,1,thetao_MY_20250101_20251231.nc
97_dat,2025-09-15,30,20.450666829943657,MY,29.444730758666992,0.5552692413330078,1,thetao_MY_20250101_20251231.nc
97_dat,2025-09-16,5,23.61775566637516,MY,5.078224182128906,0.07822418212890625,1,thetao_MY_20250101_20251231.nc
97_dat,2025-09-16,10,23.569414347410202,MY,9.572997093200684,0.4270029067993164,1,thetao_MY_20250101_20251231.nc
97_dat,2025-09-16,15,22.61503951996565,MY,15.810070037841797,0.8100700378417969,1,thetao_MY_20250101_20251231.nc
97_dat,2025-09-16,20,21.94412060827017,MY,18.495559692382812,1.5044403076171875,1,thetao_MY_20250101_20251231.nc
97_dat,2025-09-16,30,19.365184485912323,MY,29.444730758666992,0.5552692413330078,1,thetao_MY_20250101_20251231.nc
97_dat,2025-09-17,5,23.526200138032436,MY,5.078224182128906,0.07822418212890625,1,thetao_MY_20250101_20251231.nc
97_dat,2025-09-17,10,23.40900906175375,MY,9.572997093200684,0.4270029067993164,1,thetao_MY_20250101_20251231.nc
97_dat,2025-09-17,15,22.10013122856617,MY,15.810070037841797,0.8100700378417969,1,thetao_MY_20250101_20251231.nc
97_dat,2025-09-17,20,21.328135013580322,MY,18.495559692382812,1.5044403076171875,1,thetao_MY_20250101_20251231.nc
97_dat,2025-09-17,30,18.57927183061838,MY,29.444730758666992,0.5552692413330078,1,thetao_MY_20250101_20251231.nc
97_dat,2025-09-18,5,23.16730246692896,MY,5.078224182128906,0.07822418212890625,1,thetao_MY_20250101_20251231.nc
97_dat,2025-09-18,10,23.0610980540514,MY,9.572997093200684,0.4270029067993164,1,thetao_MY_20250101_20251231.nc
97_dat,2025-09-18,15,21.636494033038616,MY,15.810070037841797,0.8100700378417969,1,thetao_MY_20250101_20251231.nc
97_dat,2025-09-18,20,20.866695150732994,MY,18.495559692382812,1.5044403076171875,1,thetao_MY_20250101_20251231.nc
97_dat,2025-09-18,30,17.98159734159708,MY,29.444730758666992,0.5552692413330078,1,thetao_MY_20250101_20251231.nc
97_dat,2025-09-19,5,22.83623767644167,MY,5.078224182128906,0.07822418212890625,1,thetao_MY_20250101_20251231.nc
97_dat,2025-09-19,10,22.855281226336956,MY,9.572997093200684,0.4270029067993164,1,thetao_MY_20250101_20251231.nc
97_dat,2025-09-19,15,21.65480513870716,MY,15.810070037841797,0.8100700378417969,1,thetao_MY_20250101_20251231.nc
97_dat,2025-09-19,20,20.92236091196537,MY,18.495559692382812,1.5044403076171875,1,thetao_MY_20250101_20251231.nc
97_dat,2025-09-19,30,17.750144965946674,MY,29.444730758666992,0.5552692413330078,1,thetao_MY_20250101_20251231.nc
97_dat,2025-09-20,5,22.459028899669647,MY,5.078224182128906,0.07822418212890625,1,thetao_MY_20250101_20251231.nc
97_dat,2025-09-20,10,22.602587968111038,MY,9.572997093200684,0.4270029067993164,1,thetao_MY_20250101_20251231.nc
97_dat,2025-09-20,15,22.185094758868217,MY,15.810070037841797,0.8100700378417969,1,thetao_MY_20250101_20251231.nc
97_dat,2025-09-20,20,21.648213140666485,MY,18.495559692382812,1.5044403076171875,1,thetao_MY_20250101_20251231.nc
97_dat,2025-09-20,30,18.019684441387653,MY,29.444730758666992,0.5552692413330078,1,thetao_MY_20250101_20251231.nc
97_dat,2025-09-21,5,22.122104555368423,MY,5.078224182128906,0.07822418212890625,1,thetao_MY_20250101_20251231.nc
97_dat,2025-09-21,10,22.25614184886217,MY,9.572997093200684,0.4270029067993164,1,thetao_MY_20250101_20251231.nc
97_dat,2025-09-21,15,21.395519882440567,MY,15.810070037841797,0.8100700378417969,1,thetao_MY_20250101_20251231.nc
97_dat,2025-09-21,20,20.76268807053566,MY,18.495559692382812,1.5044403076171875,1,thetao_MY_20250101_20251231.nc
97_dat,2025-09-21,30,17.30262154340744,MY,29.444730758666992,0.5552692413330078,1,thetao_MY_20250101_20251231.nc
97_dat,2025-09-22,5,21.962431713938713,MY,5.078224182128906,0.07822418212890625,1,thetao_MY_20250101_20251231.nc
97_dat,2025-09-22,10,21.99319437146187,MY,9.572997093200684,0.4270029067993164,1,thetao_MY_20250101_20251231.nc
97_dat,2025-09-22,15,22.081820122897625,MY,15.810070037841797,0.8100700378417969,1,thetao_MY_20250101_20251231.nc
97_dat,2025-09-22,20,21.938993498682976,MY,18.495559692382812,1.5044403076171875,1,thetao_MY_20250101_20251231.nc
97_dat,2025-09-22,30,18.21011994034052,MY,29.444730758666992,0.5552692413330078,1,thetao_MY_20250101_20251231.nc
97_dat,2025-09-23,5,21.91555528342724,MY,5.078224182128906,0.07822418212890625,1,thetao_MY_20250101_20251231.nc
97_dat,2025-09-23,10,21.917752616107464,MY,9.572997093200684,0.4270029067993164,1,thetao_MY_20250101_20251231.nc
97_dat,2025-09-23,15,22.138950772583485,MY,15.810070037841797,0.8100700378417969,1,thetao_MY_20250101_20251231.nc
97_dat,2025-09-23,20,21.954374827444553,MY,18.495559692382812,1.5044403076171875,1,thetao_MY_20250101_20251231.nc
97_dat,2025-09-23,30,18.074617758393288,MY,29.444730758666992,0.5552692413330078,1,thetao_MY_20250101_20251231.nc
97_dat,2025-09-24,5,21.888454847037792,MY,5.078224182128906,0.07822418212890625,1,thetao_MY_20250101_20251231.nc
97_dat,2025-09-24,10,21.88772240281105,MY,9.572997093200684,0.4270029067993164,1,thetao_MY_20250101_20251231.nc
97_dat,2025-09-24,15,22.021027252078056,MY,15.810070037841797,0.8100700378417969,1,thetao_MY_20250101_20251231.nc
97_dat,2025-09-24,20,22.01882991939783,MY,18.495559692382812,1.5044403076171875,1,thetao_MY_20250101_20251231.nc
97_dat,2025-09-24,30,18.88177129626274,MY,29.444730758666992,0.5552692413330078,1,thetao_MY_20250101_20251231.nc
97_dat,2025-09-25,5,21.804223760962486,MY,5.078224182128906,0.07822418212890625,1,thetao_MY_20250101_20251231.nc
97_dat,2025-09-25,10,21.823999755084515,MY,9.572997093200684,0.4270029067993164,1,thetao_MY_20250101_20251231.nc
97_dat,2025-09-25,15,21.922879725694656,MY,15.810070037841797,0.8100700378417969,1,thetao_MY_20250101_20251231.nc
97_dat,2025-09-25,20,21.96169926971197,MY,18.495559692382812,1.5044403076171875,1,thetao_MY_20250101_20251231.nc
97_dat,2025-09-25,30,19.541703544557095,MY,29.444730758666992,0.5552692413330078,1,thetao_MY_20250101_20251231.nc
97_dat,2025-09-26,5,21.787377543747425,MY,5.078224182128906,0.07822418212890625,1,thetao_MY_20250101_20251231.nc
97_dat,2025-09-26,10,21.782250434160233,MY,9.572997093200684,0.4270029067993164,1,thetao_MY_20250101_20251231.nc
97_dat,2025-09-26,15,21.970488600432873,MY,15.810070037841797,0.8100700378417969,1,thetao_MY_20250101_20251231.nc
97_dat,2025-09-26,20,21.962431713938713,MY,18.495559692382812,1.5044403076171875,1,thetao_MY_20250101_20251231.nc
97_dat,2025-09-26,30,19.599566638469696,MY,29.444730758666992,0.5552692413330078,1,thetao_MY_20250101_20251231.nc
97_dat,2025-09-27,5,21.7448957785964,MY,5.078224182128906,0.07822418212890625,1,thetao_MY_20250101_20251231.nc
97_dat,2025-09-27,10,21.751487776637077,MY,9.572997093200684,0.4270029067993164,1,thetao_MY_20250101_20251231.nc
97_dat,2025-09-27,15,21.976348154246807,MY,15.810070037841797,0.8100700378417969,1,thetao_MY_20250101_20251231.nc
97_dat,2025-09-27,20,21.820337533950806,MY,18.495559692382812,1.5044403076171875,1,thetao_MY_20250101_20251231.nc
97_dat,2025-09-27,30,19.77242347598076,MY,29.444730758666992,0.5552692413330078,1,thetao_MY_20250101_20251231.nc
97_dat,2025-09-28,5,21.725852228701115,MY,5.078224182128906,0.07822418212890625,1,thetao_MY_20250101_20251231.nc
97_dat,2025-09-28,10,21.848902858793736,MY,9.572997093200684,0.4270029067993164,1,thetao_MY_20250101_20251231.nc
97_dat,2025-09-28,15,21.92800683528185,MY,15.810070037841797,0.8100700378417969,1,thetao_MY_20250101_20251231.nc
97_dat,2025-09-28,20,21.720725119113922,MY,18.495559692382812,1.5044403076171875,1,thetao_MY_20250101_20251231.nc
97_dat,2025-09-28,30,19.606891080737114,MY,29.444730758666992,0.5552692413330078,1,thetao_MY_20250101_20251231.nc
97_dat,2025-09-29,5,21.73171178251505,MY,5.078224182128906,0.07822418212890625,1,thetao_MY_20250101_20251231.nc
97_dat,2025-09-29,10,21.888454847037792,MY,9.572997093200684,0.4270029067993164,1,thetao_MY_20250101_20251231.nc
97_dat,2025-09-29,15,21.922879725694656,MY,15.810070037841797,0.8100700378417969,1,thetao_MY_20250101_20251231.nc
97_dat,2025-09-29,20,21.630634479224682,MY,18.495559692382812,1.5044403076171875,1,thetao_MY_20250101_20251231.nc
97_dat,2025-09-29,30,19.26996673643589,MY,29.444730758666992,0.5552692413330078,1,thetao_MY_20250101_20251231.nc
97_dat,2025-09-30,5,21.722922451794147,MY,5.078224182128906,0.07822418212890625,1,thetao_MY_20250101_20251231.nc
97_dat,2025-09-30,10,21.807153537869453,MY,9.572997093200684,0.4270029067993164,1,thetao_MY_20250101_20251231.nc
97_dat,2025-09-30,15,21.99758903682232,MY,15.810070037841797,0.8100700378417969,1,thetao_MY_20250101_20251231.nc
97_dat,2025-09-30,20,21.739036224782467,MY,18.495559692382812,1.5044403076171875,1,thetao_MY_20250101_20251231.nc
97_dat,2025-09-30,30,19.15057832747698,MY,29.444730758666992,0.5552692413330078,1,thetao_MY_20250101_20251231.nc
97_dat,2025-10-01,5,21.71193578839302,MY,5.078224182128906,0.07822418212890625,1,thetao_MY_20250101_20251231.nc
97_dat,2025-10-01,10,21.70827356725931,MY,9.572997093200684,0.4270029067993164,1,thetao_MY_20250101_20251231.nc
97_dat,2025-10-01,15,22.037873469293118,MY,15.810070037841797,0.8100700378417969,1,thetao_MY_20250101_20251231.nc
97_dat,2025-10-01,20,21.91994994878769,MY,18.495559692382812,1.5044403076171875,1,thetao_MY_20250101_20251231.nc
97_dat,2025-10-01,30,19.143986329436302,MY,29.444730758666992,0.5552692413330078,1,thetao_MY_20250101_20251231.nc
97_dat,2025-10-02,5,21.681173130869865,MY,5.078224182128906,0.07822418212890625,1,thetao_MY_20250101_20251231.nc
97_dat,2025-10-02,10,21.659932248294353,MY,9.572997093200684,0.4270029067993164,1,thetao_MY_20250101_20251231.nc
97_dat,2025-10-02,15,21.90749839693308,MY,15.810070037841797,0.8100700378417969,1,thetao_MY_20250101_20251231.nc
97_dat,2025-10-02,20,21.759544663131237,MY,18.495559692382812,1.5044403076171875,1,thetao_MY_20250101_20251231.nc
97_dat,2025-10-02,30,18.82830286771059,MY,29.444730758666992,0.5552692413330078,1,thetao_MY_20250101_20251231.nc
97_dat,2025-10-03,5,21.615985594689846,MY,5.078224182128906,0.07822418212890625,1,thetao_MY_20250101_20251231.nc
97_dat,2025-10-03,10,21.607928708195686,MY,9.572997093200684,0.4270029067993164,1,thetao_MY_20250101_20251231.nc
97_dat,2025-10-03,15,21.664326913654804,MY,15.810070037841797,0.8100700378417969,1,thetao_MY_20250101_20251231.nc
97_dat,2025-10-03,20,21.40064699202776,MY,18.495559692382812,1.5044403076171875,1,thetao_MY_20250101_20251231.nc
97_dat,2025-10-03,30,18.862727746367455,MY,29.444730758666992,0.5552692413330078,1,thetao_MY_20250101_20251231.nc
97_dat,2025-10-04,5,21.552995391190052,MY,5.078224182128906,0.07822418212890625,1,thetao_MY_20250101_20251231.nc
97_dat,2025-10-04,10,21.550065614283085,MY,9.572997093200684,0.4270029067993164,1,thetao_MY_20250101_20251231.nc
97_dat,2025-10-04,15,21.516373179852962,MY,15.810070037841797,0.8100700378417969,1,thetao_MY_20250101_20251231.nc
97_dat,2025-10-04,20,21.202154606580734,MY,18.495559692382812,1.5044403076171875,1,thetao_MY_20250101_20251231.nc
97_dat,2025-10-04,30,18.74187444895506,MY,29.444730758666992,0.5552692413330078,1,thetao_MY_20250101_20251231.nc
97_dat,2025-10-05,5,21.459974974393845,MY,5.078224182128906,0.07822418212890625,1,thetao_MY_20250101_20251231.nc
97_dat,2025-10-05,10,21.434339426457882,MY,9.572997093200684,0.4270029067993164,1,thetao_MY_20250101_20251231.nc
97_dat,2025-10-05,15,21.403576768934727,MY,15.810070037841797,0.8100700378417969,1,thetao_MY_20250101_20251231.nc
97_dat,2025-10-05,20,21.128910183906555,MY,18.495559692382812,1.5044403076171875,1,thetao_MY_20250101_20251231.nc
97_dat,2025-10-05,30,18.77483443915844,MY,29.444730758666992,0.5552692413330078,1,thetao_MY_20250101_20251231.nc
97_dat,2025-10-06,5,20.98388622701168,MY,5.078224182128906,0.07822418212890625,1,thetao_MY_20250101_20251231.nc
97_dat,2025-10-06,10,20.98388622701168,MY,9.572997093200684,0.4270029067993164,1,thetao_MY_20250101_20251231.nc
97_dat,2025-10-06,15,20.933347575366497,MY,15.810070037841797,0.8100700378417969,1,thetao_MY_20250101_20251231.nc
97_dat,2025-10-06,20,20.741447187960148,MY,18.495559692382812,1.5044403076171875,1,thetao_MY_20250101_20251231.nc
97_dat,2025-10-06,30,19.09344767779112,MY,29.444730758666992,0.5552692413330078,1,thetao_MY_20250101_20251231.nc
97_dat,2025-10-07,5,20.307840205729008,MY,5.078224182128906,0.07822418212890625,1,thetao_MY_20250101_20251231.nc
97_dat,2025-10-07,10,20.307840205729008,MY,9.572997093200684,0.4270029067993164,1,thetao_MY_20250101_20251231.nc
97_dat,2025-10-07,15,20.35032197088003,MY,15.810070037841797,0.8100700378417969,1,thetao_MY_20250101_20251231.nc
97_dat,2025-10-07,20,20.318826869130135,MY,18.495559692382812,1.5044403076171875,1,thetao_MY_20250101_20251231.nc
97_dat,2025-10-07,30,19.43330179899931,MY,29.444730758666992,0.5552692413330078,1,thetao_MY_20250101_20251231.nc
97_dat,2025-10-08,5,19.89620655030012,MY,5.078224182128906,0.07822418212890625,1,thetao_MY_20250101_20251231.nc
97_dat,2025-10-08,10,19.886684775352478,MY,9.572997093200684,0.4270029067993164,1,thetao_MY_20250101_20251231.nc
97_dat,2025-10-08,15,19.87936033308506,MY,15.810070037841797,0.8100700378417969,1,thetao_MY_20250101_20251231.nc
97_dat,2025-10-08,20,19.844203010201454,MY,18.495559692382812,1.5044403076171875,1,thetao_MY_20250101_20251231.nc
97_dat,2025-10-08,30,19.09857478737831,MY,29.444730758666992,0.5552692413330078,1,thetao_MY_20250101_20251231.nc
97_dat,2025-10-09,5,19.571001313626766,MY,5.078224182128906,0.07822418212890625,1,thetao_MY_20250101_20251231.nc
97_dat,2025-10-09,10,19.570268869400024,MY,9.572997093200684,0.4270029067993164,1,thetao_MY_20250101_20251231.nc
97_dat,2025-10-09,15,19.615680411458015,MY,15.810070037841797,0.8100700378417969,1,thetao_MY_20250101_20251231.nc
97_dat,2025-10-09,20,19.623004853725433,MY,18.495559692382812,1.5044403076171875,1,thetao_MY_20250101_20251231.nc
97_dat,2025-10-09,30,18.89422284811735,MY,29.444730758666992,0.5552692413330078,1,thetao_MY_20250101_20251231.nc
97_dat,2025-10-10,5,19.368846707046032,MY,5.078224182128906,0.07822418212890625,1,thetao_MY_20250101_20251231.nc
97_dat,2025-10-10,10,19.368846707046032,MY,9.572997093200684,0.4270029067993164,1,thetao_MY_20250101_20251231.nc
97_dat,2025-10-10,15,19.369579151272774,MY,15.810070037841797,0.8100700378417969,1,thetao_MY_20250101_20251231.nc
97_dat,2025-10-10,20,19.47431867569685,MY,18.495559692382812,1.5044403076171875,1,thetao_MY_20250101_20251231.nc
97_dat,2025-10-10,30,18.854670859873295,MY,29.444730758666992,0.5552692413330078,1,thetao_MY_20250101_20251231.nc
97_dat,2025-10-11,5,19.264107182621956,MY,5.078224182128906,0.07822418212890625,1,thetao_MY_20250101_20251231.nc
97_dat,2025-10-11,10,19.264107182621956,MY,9.572997093200684,0.4270029067993164,1,thetao_MY_20250101_20251231.nc
97_dat,2025-10-11,15,19.264839626848698,MY,15.810070037841797,0.8100700378417969,1,thetao_MY_20250101_20251231.nc
97_dat,2025-10-11,20,19.34760582447052,MY,18.495559692382812,1.5044403076171875,1,thetao_MY_20250101_20251231.nc
97_dat,2025-10-11,30,18.63640248030424,MY,29.444730758666992,0.5552692413330078,1,thetao_MY_20250101_20251231.nc
97_dat,2025-10-12,5,19.185735650360584,MY,5.078224182128906,0.07822418212890625,1,thetao_MY_20250101_20251231.nc
97_dat,2025-10-12,10,19.185735650360584,MY,9.572997093200684,0.4270029067993164,1,thetao_MY_20250101_20251231.nc
97_dat,2025-10-12,15,19.185735650360584,MY,15.810070037841797,0.8100700378417969,1,thetao_MY_20250101_20251231.nc
97_dat,2025-10-12,20,19.185735650360584,MY,18.495559692382812,1.5044403076171875,1,thetao_MY_20250101_20251231.nc
97_dat,2025-10-12,30,18.678884245455265,MY,29.444730758666992,0.5552692413330078,1,thetao_MY_20250101_20251231.nc
97_dat,2025-10-13,5,19.119815669953823,MY,5.078224182128906,0.07822418212890625,1,thetao_MY_20250101_20251231.nc
97_dat,2025-10-13,10,19.119815669953823,MY,9.572997093200684,0.4270029067993164,1,thetao_MY_20250101_20251231.nc
97_dat,2025-10-13,15,19.119815669953823,MY,15.810070037841797,0.8100700378417969,1,thetao_MY_20250101_20251231.nc
97_dat,2025-10-13,20,19.14325388520956,MY,18.495559692382812,1.5044403076171875,1,thetao_MY_20250101_20251231.nc
97_dat,2025-10-13,30,18.555833615362644,MY,29.444730758666992,0.5552692413330078,1,thetao_MY_20250101_20251231.nc
97_dat,2025-10-14,5,18.955748163163662,MY,5.078224182128906,0.07822418212890625,1,thetao_MY_20250101_20251231.nc
97_dat,2025-10-14,10,18.953550830483437,MY,9.572997093200684,0.4270029067993164,1,thetao_MY_20250101_20251231.nc
97_dat,2025-10-14,15,18.952818386256695,MY,15.810070037841797,0.8100700378417969,1,thetao_MY_20250101_20251231.nc
97_dat,2025-10-14,20,18.953550830483437,MY,18.495559692382812,1.5044403076171875,1,thetao_MY_20250101_20251231.nc
97_dat,2025-10-14,30,18.785821102559566,MY,29.444730758666992,0.5552692413330078,1,thetao_MY_20250101_20251231.nc
97_dat,2025-10-15,5,18.75872066617012,MY,5.078224182128906,0.07822418212890625,1,thetao_MY_20250101_20251231.nc
97_dat,2025-10-15,10,18.75872066617012,MY,9.572997093200684,0.4270029067993164,1,thetao_MY_20250101_20251231.nc
97_dat,2025-10-15,15,18.75872066617012,MY,15.810070037841797,0.8100700378417969,1,thetao_MY_20250101_20251231.nc
97_dat,2025-10-15,20,18.75872066617012,MY,18.495559692382812,1.5044403076171875,1,thetao_MY_20250101_20251231.nc
97_dat,2025-10-15,30,18.837824642658234,MY,29.444730758666992,0.5552692413330078,1,thetao_MY_20250101_20251231.nc
97_dat,2025-10-16,5,18.535325177013874,MY,5.078224182128906,0.07822418212890625,1,thetao_MY_20250101_20251231.nc
97_dat,2025-10-16,10,18.535325177013874,MY,9.572997093200684,0.4270029067993164,1,thetao_MY_20250101_20251231.nc
97_dat,2025-10-16,15,18.535325177013874,MY,15.810070037841797,0.8100700378417969,1,thetao_MY_20250101_20251231.nc
97_dat,2025-10-16,20,18.535325177013874,MY,18.495559692382812,1.5044403076171875,1,thetao_MY_20250101_20251231.nc
97_dat,2025-10-16,30,18.7916806563735,MY,29.444730758666992,0.5552692413330078,1,thetao_MY_20250101_20251231.nc
97_dat,2025-10-17,5,18.432782985270023,MY,5.078224182128906,0.07822418212890625,1,thetao_MY_20250101_20251231.nc
97_dat,2025-10-17,10,18.430585652589798,MY,9.572997093200684,0.4270029067993164,1,thetao_MY_20250101_20251231.nc
97_dat,2025-10-17,15,18.429120764136314,MY,15.810070037841797,0.8100700378417969,1,thetao_MY_20250101_20251231.nc
97_dat,2025-10-17,20,18.429120764136314,MY,18.495559692382812,1.5044403076171875,1,thetao_MY_20250101_20251231.nc
97_dat,2025-10-17,30,18.663502916693687,MY,29.444730758666992,0.5552692413330078,1,thetao_MY_20250101_20251231.nc
97_dat,2025-10-18,5,18.327311016619205,MY,5.078224182128906,0.07822418212890625,1,thetao_MY_20250101_20251231.nc
97_dat,2025-10-18,10,18.330240793526173,MY,9.572997093200684,0.4270029067993164,1,thetao_MY_20250101_20251231.nc
97_dat,2025-10-18,15,18.331705681979656,MY,15.810070037841797,0.8100700378417969,1,thetao_MY_20250101_20251231.nc
97_dat,2025-10-18,20,18.331705681979656,MY,18.495559692382812,1.5044403076171875,1,thetao_MY_20250101_20251231.nc
97_dat,2025-10-18,30,18.395428329706192,MY,29.444730758666992,0.5552692413330078,1,thetao_MY_20250101_20251231.nc
97_dat,2025-10-19,5,18.172765284776688,MY,5.078224182128906,0.07822418212890625,1,thetao_MY_20250101_20251231.nc
97_dat,2025-10-19,10,18.172765284776688,MY,9.572997093200684,0.4270029067993164,1,thetao_MY_20250101_20251231.nc
97_dat,2025-10-19,15,18.172765284776688,MY,15.810070037841797,0.8100700378417969,1,thetao_MY_20250101_20251231.nc
97_dat,2025-10-19,20,18.172765284776688,MY,18.495559692382812,1.5044403076171875,1,thetao_MY_20250101_20251231.nc
97_dat,2025-10-19,30,18.2518692612648,MY,29.444730758666992,0.5552692413330078,1,thetao_MY_20250101_20251231.nc
97_dat,2025-10-20,5,18.041657768189907,MY,5.078224182128906,0.07822418212890625,1,thetao_MY_20250101_20251231.nc
97_dat,2025-10-20,10,18.041657768189907,MY,9.572997093200684,0.4270029067993164,1,thetao_MY_20250101_20251231.nc
97_dat,2025-10-20,15,18.041657768189907,MY,15.810070037841797,0.8100700378417969,1,thetao_MY_20250101_20251231.nc
97_dat,2025-10-20,20,18.041657768189907,MY,18.495559692382812,1.5044403076171875,1,thetao_MY_20250101_20251231.nc
97_dat,2025-10-20,30,18.10831019282341,MY,29.444730758666992,0.5552692413330078,1,thetao_MY_20250101_20251231.nc
97_dat,2025-10-21,5,17.925199136137962,MY,5.078224182128906,0.07822418212890625,1,thetao_MY_20250101_20251231.nc
97_dat,2025-10-21,10,17.925199136137962,MY,9.572997093200684,0.4270029067993164,1,thetao_MY_20250101_20251231.nc
97_dat,2025-10-21,15,17.925199136137962,MY,15.810070037841797,0.8100700378417969,1,thetao_MY_20250101_20251231.nc
97_dat,2025-10-21,20,17.925199136137962,MY,18.495559692382812,1.5044403076171875,1,thetao_MY_20250101_20251231.nc
97_dat,2025-10-21,30,17.939848020672798,MY,29.444730758666992,0.5552692413330078,1,thetao_MY_20250101_20251231.nc
97_dat,2025-10-22,5,17.86733604222536,MY,5.078224182128906,0.07822418212890625,1,thetao_MY_20250101_20251231.nc
97_dat,2025-10-22,10,17.86733604222536,MY,9.572997093200684,0.4270029067993164,1,thetao_MY_20250101_20251231.nc
97_dat,2025-10-22,15,17.86733604222536,MY,15.810070037841797,0.8100700378417969,1,thetao_MY_20250101_20251231.nc
97_dat,2025-10-22,20,17.868068486452103,MY,18.495559692382812,1.5044403076171875,1,thetao_MY_20250101_20251231.nc
97_dat,2025-10-22,30,17.815332502126694,MY,29.444730758666992,0.5552692413330078,1,thetao_MY_20250101_20251231.nc
97_dat,2025-10-23,5,17.815332502126694,MY,5.078224182128906,0.07822418212890625,1,thetao_MY_20250101_20251231.nc
97_dat,2025-10-23,10,17.815332502126694,MY,9.572997093200684,0.4270029067993164,1,thetao_MY_20250101_20251231.nc
97_dat,2025-10-23,15,17.816064946353436,MY,15.810070037841797,0.8100700378417969,1,thetao_MY_20250101_20251231.nc
97_dat,2025-10-23,20,17.816064946353436,MY,18.495559692382812,1.5044403076171875,1,thetao_MY_20250101_20251231.nc
97_dat,2025-10-23,30,17.73622852563858,MY,29.444730758666992,0.5552692413330078,1,thetao_MY_20250101_20251231.nc
97_dat,2025-10-24,5,17.742088079452515,MY,5.078224182128906,0.07822418212890625,1,thetao_MY_20250101_20251231.nc
97_dat,2025-10-24,10,17.742088079452515,MY,9.572997093200684,0.4270029067993164,1,thetao_MY_20250101_20251231.nc
97_dat,2025-10-24,15,17.742820523679256,MY,15.810070037841797,0.8100700378417969,1,thetao_MY_20250101_20251231.nc
97_dat,2025-10-24,20,17.743552967906,MY,18.495559692382812,1.5044403076171875,1,thetao_MY_20250101_20251231.nc
97_dat,2025-10-24,30,17.58021790534258,MY,29.444730758666992,0.5552692413330078,1,thetao_MY_20250101_20251231.nc
97_dat,2025-10-25,5,17.710592977702618,MY,5.078224182128906,0.07822418212890625,1,thetao_MY_20250101_20251231.nc
97_dat,2025-10-25,10,17.710592977702618,MY,9.572997093200684,0.4270029067993164,1,thetao_MY_20250101_20251231.nc
97_dat,2025-10-25,15,17.710592977702618,MY,15.810070037841797,0.8100700378417969,1,thetao_MY_20250101_20251231.nc
97_dat,2025-10-25,20,17.7120578661561,MY,18.495559692382812,1.5044403076171875,1,thetao_MY_20250101_20251231.nc
97_dat,2025-10-25,30,17.459364607930183,MY,29.444730758666992,0.5552692413330078,1,thetao_MY_20250101_20251231.nc
97_dat,2025-10-26,5,17.630756556987762,MY,5.078224182128906,0.07822418212890625,1,thetao_MY_20250101_20251231.nc
97_dat,2025-10-26,10,17.643940553069115,MY,9.572997093200684,0.4270029067993164,1,thetao_MY_20250101_20251231.nc
97_dat,2025-10-26,15,17.64613788574934,MY,15.810070037841797,0.8100700378417969,1,thetao_MY_20250101_20251231.nc
97_dat,2025-10-26,20,17.646870329976082,MY,18.495559692382812,1.5044403076171875,1,thetao_MY_20250101_20251231.nc
97_dat,2025-10-26,30,17.4666890501976,MY,29.444730758666992,0.5552692413330078,1,thetao_MY_20250101_20251231.nc
97_dat,2025-10-27,5,17.526749476790428,MY,5.078224182128906,0.07822418212890625,1,thetao_MY_20250101_20251231.nc
97_dat,2025-10-27,10,17.526749476790428,MY,9.572997093200684,0.4270029067993164,1,thetao_MY_20250101_20251231.nc
97_dat,2025-10-27,15,17.526749476790428,MY,15.810070037841797,0.8100700378417969,1,thetao_MY_20250101_20251231.nc
97_dat,2025-10-27,20,17.526749476790428,MY,18.495559692382812,1.5044403076171875,1,thetao_MY_20250101_20251231.nc
97_dat,2025-10-27,30,17.442518390715122,MY,29.444730758666992,0.5552692413330078,1,thetao_MY_20250101_20251231.nc
97_dat,2025-10-28,5,17.14734336733818,MY,5.078224182128906,0.07822418212890625,1,thetao_MY_20250101_20251231.nc
97_dat,2025-10-28,10,17.14734336733818,MY,9.572997093200684,0.4270029067993164,1,thetao_MY_20250101_20251231.nc
97_dat,2025-10-28,15,17.14734336733818,MY,15.810070037841797,0.8100700378417969,1,thetao_MY_20250101_20251231.nc
97_dat,2025-10-28,20,17.148808255791664,MY,18.495559692382812,1.5044403076171875,1,thetao_MY_20250101_20251231.nc
97_dat,2025-10-28,30,16.81920835375786,MY,29.444730758666992,0.5552692413330078,1,thetao_MY_20250101_20251231.nc
97_dat,2025-10-29,5,16.869747005403042,MY,5.078224182128906,0.07822418212890625,1,thetao_MY_20250101_20251231.nc
97_dat,2025-10-29,10,16.869747005403042,MY,9.572997093200684,0.4270029067993164,1,thetao_MY_20250101_20251231.nc
97_dat,2025-10-29,15,16.870479449629784,MY,15.810070037841797,0.8100700378417969,1,thetao_MY_20250101_20251231.nc
97_dat,2025-10-29,20,16.871944338083267,MY,18.495559692382812,1.5044403076171875,1,thetao_MY_20250101_20251231.nc
97_dat,2025-10-29,30,16.23471786081791,MY,29.444730758666992,0.5552692413330078,1,thetao_MY_20250101_20251231.nc
97_dat,2025-10-30,5,16.74156926572323,MY,5.078224182128906,0.07822418212890625,1,thetao_MY_20250101_20251231.nc
97_dat,2025-10-30,10,16.74156926572323,MY,9.572997093200684,0.4270029067993164,1,thetao_MY_20250101_20251231.nc
97_dat,2025-10-30,15,16.74156926572323,MY,15.810070037841797,0.8100700378417969,1,thetao_MY_20250101_20251231.nc
97_dat,2025-10-30,20,16.74230170994997,MY,18.495559692382812,1.5044403076171875,1,thetao_MY_20250101_20251231.nc
97_dat,2025-10-30,30,16.19882809370756,MY,29.444730758666992,0.5552692413330078,1,thetao_MY_20250101_20251231.nc
97_dat,2025-10-31,5,16.650013737380505,MY,5.078224182128906,0.07822418212890625,1,thetao_MY_20250101_20251231.nc
97_dat,2025-10-31,10,16.658070623874664,MY,9.572997093200684,0.4270029067993164,1,thetao_MY_20250101_20251231.nc
97_dat,2025-10-31,15,16.659535512328148,MY,15.810070037841797,0.8100700378417969,1,thetao_MY_20250101_20251231.nc
97_dat,2025-10-31,20,16.663197733461857,MY,18.495559692382812,1.5044403076171875,1,thetao_MY_20250101_20251231.nc
97_dat,2025-10-31,30,16.24790185689926,MY,29.444730758666992,0.5552692413330078,1,thetao_MY_20250101_20251231.nc
97_dat,2025-11-01,5,16.351176492869854,MY,5.078224182128906,0.07822418212890625,1,thetao_MY_20250101_20251231.nc
97_dat,2025-11-01,10,16.409772031009197,MY,9.572997093200684,0.4270029067993164,1,thetao_MY_20250101_20251231.nc
97_dat,2025-11-01,15,16.4764244556427,MY,15.810070037841797,0.8100700378417969,1,thetao_MY_20250101_20251231.nc
97_dat,2025-11-01,20,16.51377911120653,MY,18.495559692382812,1.5044403076171875,1,thetao_MY_20250101_20251231.nc
97_dat,2025-11-01,30,15.90804773569107,MY,29.444730758666992,0.5552692413330078,1,thetao_MY_20250101_20251231.nc
97_dat,2025-11-02,5,16.241309858858585,MY,5.078224182128906,0.07822418212890625,1,thetao_MY_20250101_20251231.nc
97_dat,2025-11-02,10,16.241309858858585,MY,9.572997093200684,0.4270029067993164,1,thetao_MY_20250101_20251231.nc
97_dat,2025-11-02,15,16.246436968445778,MY,15.810070037841797,0.8100700378417969,1,thetao_MY_20250101_20251231.nc
97_dat,2025-11-02,20,16.249366745352745,MY,18.495559692382812,1.5044403076171875,1,thetao_MY_20250101_20251231.nc
97_dat,2025-11-02,30,15.779137551784515,MY,29.444730758666992,0.5552692413330078,1,thetao_MY_20250101_20251231.nc
97_dat,2025-11-03,5,16.09189123660326,MY,5.078224182128906,0.07822418212890625,1,thetao_MY_20250101_20251231.nc
97_dat,2025-11-03,10,16.09189123660326,MY,9.572997093200684,0.4270029067993164,1,thetao_MY_20250101_20251231.nc
97_dat,2025-11-03,15,16.09189123660326,MY,15.810070037841797,0.8100700378417969,1,thetao_MY_20250101_20251231.nc
97_dat,2025-11-03,20,16.093356125056744,MY,18.495559692382812,1.5044403076171875,1,thetao_MY_20250101_20251231.nc
97_dat,2025-11-03,30,15.86263619363308,MY,29.444730758666992,0.5552692413330078,1,thetao_MY_20250101_20251231.nc
97_dat,2025-11-04,5,15.930753506720066,MY,5.078224182128906,0.07822418212890625,1,thetao_MY_20250101_20251231.nc
97_dat,2025-11-04,10,15.931485950946808,MY,9.572997093200684,0.4270029067993164,1,thetao_MY_20250101_20251231.nc
97_dat,2025-11-04,15,15.931485950946808,MY,15.810070037841797,0.8100700378417969,1,thetao_MY_20250101_20251231.nc
97_dat,2025-11-04,20,15.931485950946808,MY,18.495559692382812,1.5044403076171875,1,thetao_MY_20250101_20251231.nc
97_dat,2025-11-04,30,15.93221839517355,MY,29.444730758666992,0.5552692413330078,1,thetao_MY_20250101_20251231.nc
97_dat,2025-11-05,5,15.859706416726112,MY,5.078224182128906,0.07822418212890625,1,thetao_MY_20250101_20251231.nc
97_dat,2025-11-05,10,15.858241528272629,MY,9.572997093200684,0.4270029067993164,1,thetao_MY_20250101_20251231.nc
97_dat,2025-11-05,15,15.858241528272629,MY,15.810070037841797,0.8100700378417969,1,thetao_MY_20250101_20251231.nc
97_dat,2025-11-05,20,15.85897397249937,MY,18.495559692382812,1.5044403076171875,1,thetao_MY_20250101_20251231.nc
97_dat,2025-11-05,30,15.939542837440968,MY,29.444730758666992,0.5552692413330078,1,thetao_MY_20250101_20251231.nc
97_dat,2025-11-06,5,15.750572226941586,MY,5.078224182128906,0.07822418212890625,1,thetao_MY_20250101_20251231.nc
97_dat,2025-11-06,10,15.749107338488102,MY,9.572997093200684,0.4270029067993164,1,thetao_MY_20250101_20251231.nc
97_dat,2025-11-06,15,15.74837489426136,MY,15.810070037841797,0.8100700378417969,1,thetao_MY_20250101_20251231.nc
97_dat,2025-11-06,20,15.749107338488102,MY,18.495559692382812,1.5044403076171875,1,thetao_MY_20250101_20251231.nc
97_dat,2025-11-06,30,15.857509084045887,MY,29.444730758666992,0.5552692413330078,1,thetao_MY_20250101_20251231.nc
97_dat,2025-11-07,5,15.444410540163517,MY,5.078224182128906,0.07822418212890625,1,thetao_MY_20250101_20251231.nc
97_dat,2025-11-07,10,15.444410540163517,MY,9.572997093200684,0.4270029067993164,1,thetao_MY_20250101_20251231.nc
97_dat,2025-11-07,15,15.444410540163517,MY,15.810070037841797,0.8100700378417969,1,thetao_MY_20250101_20251231.nc
97_dat,2025-11-07,20,15.445875428617,MY,18.495559692382812,1.5044403076171875,1,thetao_MY_20250101_20251231.nc
97_dat,2025-11-07,30,15.444410540163517,MY,29.444730758666992,0.5552692413330078,1,thetao_MY_20250101_20251231.nc
97_dat,2025-11-08,5,15.163884401321411,MY,5.078224182128906,0.07822418212890625,1,thetao_MY_20250101_20251231.nc
97_dat,2025-11-08,10,15.163884401321411,MY,9.572997093200684,0.4270029067993164,1,thetao_MY_20250101_20251231.nc
97_dat,2025-11-08,15,15.163884401321411,MY,15.810070037841797,0.8100700378417969,1,thetao_MY_20250101_20251231.nc
97_dat,2025-11-08,20,15.164616845548153,MY,18.495559692382812,1.5044403076171875,1,thetao_MY_20250101_20251231.nc
97_dat,2025-11-08,30,15.160222180187702,MY,29.444730758666992,0.5552692413330078,1,thetao_MY_20250101_20251231.nc
97_dat,2025-11-09,5,15.019592888653278,MY,5.078224182128906,0.07822418212890625,1,thetao_MY_20250101_20251231.nc
97_dat,2025-11-09,10,15.019592888653278,MY,9.572997093200684,0.4270029067993164,1,thetao_MY_20250101_20251231.nc
97_dat,2025-11-09,15,15.019592888653278,MY,15.810070037841797,0.8100700378417969,1,thetao_MY_20250101_20251231.nc
97_dat,2025-11-09,20,15.019592888653278,MY,18.495559692382812,1.5044403076171875,1,thetao_MY_20250101_20251231.nc
97_dat,2025-11-09,30,15.165349289774895,MY,29.444730758666992,0.5552692413330078,1,thetao_MY_20250101_20251231.nc
97_dat,2025-11-10,5,14.802056953310966,MY,5.078224182128906,0.07822418212890625,1,thetao_MY_20250101_20251231.nc
97_dat,2025-11-10,10,14.802056953310966,MY,9.572997093200684,0.4270029067993164,1,thetao_MY_20250101_20251231.nc
97_dat,2025-11-10,15,14.802056953310966,MY,15.810070037841797,0.8100700378417969,1,thetao_MY_20250101_20251231.nc
97_dat,2025-11-10,20,14.802056953310966,MY,18.495559692382812,1.5044403076171875,1,thetao_MY_20250101_20251231.nc
97_dat,2025-11-10,30,15.025452442467213,MY,29.444730758666992,0.5552692413330078,1,thetao_MY_20250101_20251231.nc
97_dat,2025-11-11,5,14.413129068911076,MY,5.078224182128906,0.07822418212890625,1,thetao_MY_20250101_20251231.nc
97_dat,2025-11-11,10,14.413129068911076,MY,9.572997093200684,0.4270029067993164,1,thetao_MY_20250101_20251231.nc
97_dat,2025-11-11,15,14.413129068911076,MY,15.810070037841797,0.8100700378417969,1,thetao_MY_20250101_20251231.nc
97_dat,2025-11-11,20,14.413861513137817,MY,18.495559692382812,1.5044403076171875,1,thetao_MY_20250101_20251231.nc
97_dat,2025-11-11,30,14.466597497463226,MY,29.444730758666992,0.5552692413330078,1,thetao_MY_20250101_20251231.nc
97_dat,2025-11-12,5,14.109897159039974,MY,5.078224182128906,0.07822418212890625,1,thetao_MY_20250101_20251231.nc
97_dat,2025-11-12,10,14.109897159039974,MY,9.572997093200684,0.4270029067993164,1,thetao_MY_20250101_20251231.nc
97_dat,2025-11-12,15,14.109897159039974,MY,15.810070037841797,0.8100700378417969,1,thetao_MY_20250101_20251231.nc
97_dat,2025-11-12,20,14.109897159039974,MY,18.495559692382812,1.5044403076171875,1,thetao_MY_20250101_20251231.nc
97_dat,2025-11-12,30,14.098910495638847,MY,29.444730758666992,0.5552692413330078,1,thetao_MY_20250101_20251231.nc
97_dat,2025-11-13,5,13.945829652249813,MY,5.078224182128906,0.07822418212890625,1,thetao_MY_20250101_20251231.nc
97_dat,2025-11-13,10,13.946562096476555,MY,9.572997093200684,0.4270029067993164,1,thetao_MY_20250101_20251231.nc
97_dat,2025-11-13,15,13.948026984930038,MY,15.810070037841797,0.8100700378417969,1,thetao_MY_20250101_20251231.nc
97_dat,2025-11-13,20,13.948026984930038,MY,18.495559692382812,1.5044403076171875,1,thetao_MY_20250101_20251231.nc
97_dat,2025-11-13,30,14.023468740284443,MY,29.444730758666992,0.5552692413330078,1,thetao_MY_20250101_20251231.nc
97_dat,2025-11-14,5,13.68654439598322,MY,5.078224182128906,0.07822418212890625,1,thetao_MY_20250101_20251231.nc
97_dat,2025-11-14,10,13.68654439598322,MY,9.572997093200684,0.4270029067993164,1,thetao_MY_20250101_20251231.nc
97_dat,2025-11-14,15,13.68654439598322,MY,15.810070037841797,0.8100700378417969,1,thetao_MY_20250101_20251231.nc
97_dat,2025-11-14,20,13.687276840209961,MY,18.495559692382812,1.5044403076171875,1,thetao_MY_20250101_20251231.nc
97_dat,2025-11-14,30,13.640400409698486,MY,29.444730758666992,0.5552692413330078,1,thetao_MY_20250101_20251231.nc
97_dat,2025-11-15,5,13.460219129920006,MY,5.078224182128906,0.07822418212890625,1,thetao_MY_20250101_20251231.nc
97_dat,2025-11-15,10,13.460219129920006,MY,9.572997093200684,0.4270029067993164,1,thetao_MY_20250101_20251231.nc
97_dat,2025-11-15,15,13.460219129920006,MY,15.810070037841797,0.8100700378417969,1,thetao_MY_20250101_20251231.nc
97_dat,2025-11-15,20,13.460219129920006,MY,18.495559692382812,1.5044403076171875,1,thetao_MY_20250101_20251231.nc
97_dat,2025-11-15,30,13.436048470437527,MY,29.444730758666992,0.5552692413330078,1,thetao_MY_20250101_20251231.nc
97_dat,2025-11-16,5,13.33130894601345,MY,5.078224182128906,0.07822418212890625,1,thetao_MY_20250101_20251231.nc
97_dat,2025-11-16,10,13.332041390240192,MY,9.572997093200684,0.4270029067993164,1,thetao_MY_20250101_20251231.nc
97_dat,2025-11-16,15,13.332773834466934,MY,15.810070037841797,0.8100700378417969,1,thetao_MY_20250101_20251231.nc
97_dat,2025-11-16,20,13.332773834466934,MY,18.495559692382812,1.5044403076171875,1,thetao_MY_20250101_20251231.nc
97_dat,2025-11-16,30,13.328379169106483,MY,29.444730758666992,0.5552692413330078,1,thetao_MY_20250101_20251231.nc
97_dat,2025-11-17,5,13.148197889328003,MY,5.078224182128906,0.07822418212890625,1,thetao_MY_20250101_20251231.nc
97_dat,2025-11-17,10,13.148197889328003,MY,9.572997093200684,0.4270029067993164,1,thetao_MY_20250101_20251231.nc
97_dat,2025-11-17,15,13.148197889328003,MY,15.810070037841797,0.8100700378417969,1,thetao_MY_20250101_20251231.nc
97_dat,2025-11-17,20,13.148197889328003,MY,18.495559692382812,1.5044403076171875,1,thetao_MY_20250101_20251231.nc
97_dat,2025-11-17,30,13.172368548810482,MY,29.444730758666992,0.5552692413330078,1,thetao_MY_20250101_20251231.nc
97_dat,2025-11-18,5,12.779778443276882,MY,5.078224182128906,0.07822418212890625,1,thetao_MY_20250101_20251231.nc
97_dat,2025-11-18,10,12.779778443276882,MY,9.572997093200684,0.4270029067993164,1,thetao_MY_20250101_20251231.nc
97_dat,2025-11-18,15,12.779778443276882,MY,15.810070037841797,0.8100700378417969,1,thetao_MY_20250101_20251231.nc
97_dat,2025-11-18,20,12.779778443276882,MY,18.495559692382812,1.5044403076171875,1,thetao_MY_20250101_20251231.nc
97_dat,2025-11-18,30,12.813470877707005,MY,29.444730758666992,0.5552692413330078,1,thetao_MY_20250101_20251231.nc
97_dat,2025-11-19,5,12.491927862167358,MY,5.078224182128906,0.07822418212890625,1,thetao_MY_20250101_20251231.nc
97_dat,2025-11-19,10,12.491927862167358,MY,9.572997093200684,0.4270029067993164,1,thetao_MY_20250101_20251231.nc
97_dat,2025-11-19,15,12.491927862167358,MY,15.810070037841797,0.8100700378417969,1,thetao_MY_20250101_20251231.nc
97_dat,2025-11-19,20,12.491927862167358,MY,18.495559692382812,1.5044403076171875,1,thetao_MY_20250101_20251231.nc
97_dat,2025-11-19,30,12.541001625359058,MY,29.444730758666992,0.5552692413330078,1,thetao_MY_20250101_20251231.nc
97_dat,2025-11-20,5,12.404034554958344,MY,5.078224182128906,0.07822418212890625,1,thetao_MY_20250101_20251231.nc
97_dat,2025-11-20,10,12.404034554958344,MY,9.572997093200684,0.4270029067993164,1,thetao_MY_20250101_20251231.nc
97_dat,2025-11-20,15,12.404034554958344,MY,15.810070037841797,0.8100700378417969,1,thetao_MY_20250101_20251231.nc
97_dat,2025-11-20,20,12.404034554958344,MY,18.495559692382812,1.5044403076171875,1,thetao_MY_20250101_20251231.nc
97_dat,2025-11-20,30,12.45603809505701,MY,29.444730758666992,0.5552692413330078,1,thetao_MY_20250101_20251231.nc
97_dat,2025-11-21,5,12.269997261464596,MY,5.078224182128906,0.07822418212890625,1,thetao_MY_20250101_20251231.nc
97_dat,2025-11-21,10,12.269997261464596,MY,9.572997093200684,0.4270029067993164,1,thetao_MY_20250101_20251231.nc
97_dat,2025-11-21,15,12.269997261464596,MY,15.810070037841797,0.8100700378417969,1,thetao_MY_20250101_20251231.nc
97_dat,2025-11-21,20,12.269997261464596,MY,18.495559692382812,1.5044403076171875,1,thetao_MY_20250101_20251231.nc
97_dat,2025-11-21,30,12.321268357336521,MY,29.444730758666992,0.5552692413330078,1,thetao_MY_20250101_20251231.nc
97_dat,2025-11-22,5,12.05465865880251,MY,5.078224182128906,0.07822418212890625,1,thetao_MY_20250101_20251231.nc
97_dat,2025-11-22,10,12.05465865880251,MY,9.572997093200684,0.4270029067993164,1,thetao_MY_20250101_20251231.nc
97_dat,2025-11-22,15,12.05465865880251,MY,15.810070037841797,0.8100700378417969,1,thetao_MY_20250101_20251231.nc
97_dat,2025-11-22,20,12.05465865880251,MY,18.495559692382812,1.5044403076171875,1,thetao_MY_20250101_20251231.nc
97_dat,2025-11-22,30,12.130832858383656,MY,29.444730758666992,0.5552692413330078,1,thetao_MY_20250101_20251231.nc
97_dat,2025-11-23,5,11.974822238087654,MY,5.078224182128906,0.07822418212890625,1,thetao_MY_20250101_20251231.nc
97_dat,2025-11-23,10,11.974822238087654,MY,9.572997093200684,0.4270029067993164,1,thetao_MY_20250101_20251231.nc
97_dat,2025-11-23,15,11.974089793860912,MY,15.810070037841797,0.8100700378417969,1,thetao_MY_20250101_20251231.nc
97_dat,2025-11-23,20,11.974089793860912,MY,18.495559692382812,1.5044403076171875,1,thetao_MY_20250101_20251231.nc
97_dat,2025-11-23,30,12.07516709715128,MY,29.444730758666992,0.5552692413330078,1,thetao_MY_20250101_20251231.nc
97_dat,2025-11-24,5,11.97335734963417,MY,5.078224182128906,0.07822418212890625,1,thetao_MY_20250101_20251231.nc
97_dat,2025-11-24,10,11.971160016953945,MY,9.572997093200684,0.4270029067993164,1,thetao_MY_20250101_20251231.nc
97_dat,2025-11-24,15,11.970427572727203,MY,15.810070037841797,0.8100700378417969,1,thetao_MY_20250101_20251231.nc
97_dat,2025-11-24,20,11.971160016953945,MY,18.495559692382812,1.5044403076171875,1,thetao_MY_20250101_20251231.nc
97_dat,2025-11-24,30,12.121311083436012,MY,29.444730758666992,0.5552692413330078,1,thetao_MY_20250101_20251231.nc
97_dat,2025-11-25,5,11.958708465099335,MY,5.078224182128906,0.07822418212890625,1,thetao_MY_20250101_20251231.nc
97_dat,2025-11-25,10,11.957976020872593,MY,9.572997093200684,0.4270029067993164,1,thetao_MY_20250101_20251231.nc
97_dat,2025-11-25,15,11.95651113241911,MY,15.810070037841797,0.8100700378417969,1,thetao_MY_20250101_20251231.nc
97_dat,2025-11-25,20,11.957243576645851,MY,18.495559692382812,1.5044403076171875,1,thetao_MY_20250101_20251231.nc
97_dat,2025-11-25,30,12.199682615697384,MY,29.444730758666992,0.5552692413330078,1,thetao_MY_20250101_20251231.nc
97_dat,2025-11-26,5,11.920621365308762,MY,5.078224182128906,0.07822418212890625,1,thetao_MY_20250101_20251231.nc
97_dat,2025-11-26,10,11.920621365308762,MY,9.572997093200684,0.4270029067993164,1,thetao_MY_20250101_20251231.nc
97_dat,2025-11-26,15,11.920621365308762,MY,15.810070037841797,0.8100700378417969,1,thetao_MY_20250101_20251231.nc
97_dat,2025-11-26,20,11.921353809535503,MY,18.495559692382812,1.5044403076171875,1,thetao_MY_20250101_20251231.nc
97_dat,2025-11-26,30,12.305887028574944,MY,29.444730758666992,0.5552692413330078,1,thetao_MY_20250101_20251231.nc
97_dat,2025-11-27,5,11.885464042425156,MY,5.078224182128906,0.07822418212890625,1,thetao_MY_20250101_20251231.nc
97_dat,2025-11-27,10,11.892056040465832,MY,9.572997093200684,0.4270029067993164,1,thetao_MY_20250101_20251231.nc
97_dat,2025-11-27,15,11.893520928919315,MY,15.810070037841797,0.8100700378417969,1,thetao_MY_20250101_20251231.nc
97_dat,2025-11-27,20,11.894253373146057,MY,18.495559692382812,1.5044403076171875,1,thetao_MY_20250101_20251231.nc
97_dat,2025-11-27,30,12.324198134243488,MY,29.444730758666992,0.5552692413330078,1,thetao_MY_20250101_20251231.nc
97_dat,2025-11-28,5,11.863490715622902,MY,5.078224182128906,0.07822418212890625,1,thetao_MY_20250101_20251231.nc
97_dat,2025-11-28,10,11.864955604076385,MY,9.572997093200684,0.4270029067993164,1,thetao_MY_20250101_20251231.nc
97_dat,2025-11-28,15,11.86715293675661,MY,15.810070037841797,0.8100700378417969,1,thetao_MY_20250101_20251231.nc
97_dat,2025-11-28,20,11.868617825210094,MY,18.495559692382812,1.5044403076171875,1,thetao_MY_20250101_20251231.nc
97_dat,2025-11-28,30,12.11618397384882,MY,29.444730758666992,0.5552692413330078,1,thetao_MY_20250101_20251231.nc
97_dat,2025-11-29,5,11.643757447600365,MY,5.078224182128906,0.07822418212890625,1,thetao_MY_20250101_20251231.nc
97_dat,2025-11-29,10,11.643757447600365,MY,9.572997093200684,0.4270029067993164,1,thetao_MY_20250101_20251231.nc
97_dat,2025-11-29,15,11.643757447600365,MY,15.810070037841797,0.8100700378417969,1,thetao_MY_20250101_20251231.nc
97_dat,2025-11-29,20,11.644489891827106,MY,18.495559692382812,1.5044403076171875,1,thetao_MY_20250101_20251231.nc
97_dat,2025-11-29,30,11.814416952431202,MY,29.444730758666992,0.5552692413330078,1,thetao_MY_20250101_20251231.nc
97_dat,2025-11-30,5,11.577837467193604,MY,5.078224182128906,0.07822418212890625,1,thetao_MY_20250101_20251231.nc
97_dat,2025-11-30,10,11.577105022966862,MY,9.572997093200684,0.4270029067993164,1,thetao_MY_20250101_20251231.nc
97_dat,2025-11-30,15,11.577105022966862,MY,15.810070037841797,0.8100700378417969,1,thetao_MY_20250101_20251231.nc
97_dat,2025-11-30,20,11.580034799873829,MY,18.495559692382812,1.5044403076171875,1,thetao_MY_20250101_20251231.nc
97_dat,2025-11-30,30,11.757286302745342,MY,29.444730758666992,0.5552692413330078,1,thetao_MY_20250101_20251231.nc
97_dat,2025-12-01,5,11.52729881554842,MY,5.078224182128906,0.07822418212890625,1,thetao_MY_20250101_20251231.nc
97_dat,2025-12-01,10,11.52729881554842,MY,9.572997093200684,0.4270029067993164,1,thetao_MY_20250101_20251231.nc
97_dat,2025-12-01,15,11.528763704001904,MY,15.810070037841797,0.8100700378417969,1,thetao_MY_20250101_20251231.nc
97_dat,2025-12-01,20,11.529496148228645,MY,18.495559692382812,1.5044403076171875,1,thetao_MY_20250101_20251231.nc
97_dat,2025-12-01,30,11.669392995536327,MY,29.444730758666992,0.5552692413330078,1,thetao_MY_20250101_20251231.nc
97_dat,2025-12-02,5,11.439405508339405,MY,5.078224182128906,0.07822418212890625,1,thetao_MY_20250101_20251231.nc
97_dat,2025-12-02,10,11.440870396792889,MY,9.572997093200684,0.4270029067993164,1,thetao_MY_20250101_20251231.nc
97_dat,2025-12-02,15,11.44160284101963,MY,15.810070037841797,0.8100700378417969,1,thetao_MY_20250101_20251231.nc
97_dat,2025-12-02,20,11.442335285246372,MY,18.495559692382812,1.5044403076171875,1,thetao_MY_20250101_20251231.nc
97_dat,2025-12-02,30,11.529496148228645,MY,29.444730758666992,0.5552692413330078,1,thetao_MY_20250101_20251231.nc
97_dat,2025-12-03,5,11.28998688608408,MY,5.078224182128906,0.07822418212890625,1,thetao_MY_20250101_20251231.nc
97_dat,2025-12-03,10,11.28998688608408,MY,9.572997093200684,0.4270029067993164,1,thetao_MY_20250101_20251231.nc
97_dat,2025-12-03,15,11.28998688608408,MY,15.810070037841797,0.8100700378417969,1,thetao_MY_20250101_20251231.nc
97_dat,2025-12-03,20,11.28998688608408,MY,18.495559692382812,1.5044403076171875,1,thetao_MY_20250101_20251231.nc
97_dat,2025-12-03,30,11.374217972159386,MY,29.444730758666992,0.5552692413330078,1,thetao_MY_20250101_20251231.nc
97_dat,2025-12-04,5,11.014587856829166,MY,5.078224182128906,0.07822418212890625,1,thetao_MY_20250101_20251231.nc
97_dat,2025-12-04,10,11.014587856829166,MY,9.572997093200684,0.4270029067993164,1,thetao_MY_20250101_20251231.nc
97_dat,2025-12-04,15,11.014587856829166,MY,15.810070037841797,0.8100700378417969,1,thetao_MY_20250101_20251231.nc
97_dat,2025-12-04,20,11.014587856829166,MY,18.495559692382812,1.5044403076171875,1,thetao_MY_20250101_20251231.nc
97_dat,2025-12-04,30,11.070986062288284,MY,29.444730758666992,0.5552692413330078,1,thetao_MY_20250101_20251231.nc
97_dat,2025-12-05,5,10.84832301735878,MY,5.078224182128906,0.07822418212890625,1,thetao_MY_20250101_20251231.nc
97_dat,2025-12-05,10,10.84832301735878,MY,9.572997093200684,0.4270029067993164,1,thetao_MY_20250101_20251231.nc
97_dat,2025-12-05,15,10.84832301735878,MY,15.810070037841797,0.8100700378417969,1,thetao_MY_20250101_20251231.nc
97_dat,2025-12-05,20,10.84832301735878,MY,18.495559692382812,1.5044403076171875,1,thetao_MY_20250101_20251231.nc
97_dat,2025-12-05,30,10.892269670963287,MY,29.444730758666992,0.5552692413330078,1,thetao_MY_20250101_20251231.nc
97_dat,2025-12-06,5,10.824884802103043,MY,5.078224182128906,0.07822418212890625,1,thetao_MY_20250101_20251231.nc
97_dat,2025-12-06,10,10.824884802103043,MY,9.572997093200684,0.4270029067993164,1,thetao_MY_20250101_20251231.nc
97_dat,2025-12-06,15,10.824884802103043,MY,15.810070037841797,0.8100700378417969,1,thetao_MY_20250101_20251231.nc
97_dat,2025-12-06,20,10.824884802103043,MY,18.495559692382812,1.5044403076171875,1,thetao_MY_20250101_20251231.nc
97_dat,2025-12-06,30,10.869563899934292,MY,29.444730758666992,0.5552692413330078,1,thetao_MY_20250101_20251231.nc
97_dat,2025-12-07,5,10.83220924437046,MY,5.078224182128906,0.07822418212890625,1,thetao_MY_20250101_20251231.nc
97_dat,2025-12-07,10,10.83220924437046,MY,9.572997093200684,0.4270029067993164,1,thetao_MY_20250101_20251231.nc
97_dat,2025-12-07,15,10.831476800143719,MY,15.810070037841797,0.8100700378417969,1,thetao_MY_20250101_20251231.nc
97_dat,2025-12-07,20,10.831476800143719,MY,18.495559692382812,1.5044403076171875,1,thetao_MY_20250101_20251231.nc
97_dat,2025-12-07,30,10.883480340242386,MY,29.444730758666992,0.5552692413330078,1,thetao_MY_20250101_20251231.nc
97_dat,2025-12-08,5,10.727469719946384,MY,5.078224182128906,0.07822418212890625,1,thetao_MY_20250101_20251231.nc
97_dat,2025-12-08,10,10.731131941080093,MY,9.572997093200684,0.4270029067993164,1,thetao_MY_20250101_20251231.nc
97_dat,2025-12-08,15,10.732596829533577,MY,15.810070037841797,0.8100700378417969,1,thetao_MY_20250101_20251231.nc
97_dat,2025-12-08,20,10.732596829533577,MY,18.495559692382812,1.5044403076171875,1,thetao_MY_20250101_20251231.nc
97_dat,2025-12-08,30,10.782403036952019,MY,29.444730758666992,0.5552692413330078,1,thetao_MY_20250101_20251231.nc
97_dat,2025-12-09,5,10.53337199985981,MY,5.078224182128906,0.07822418212890625,1,thetao_MY_20250101_20251231.nc
97_dat,2025-12-09,10,10.53337199985981,MY,9.572997093200684,0.4270029067993164,1,thetao_MY_20250101_20251231.nc
97_dat,2025-12-09,15,10.53337199985981,MY,15.810070037841797,0.8100700378417969,1,thetao_MY_20250101_20251231.nc
97_dat,2025-12-09,20,10.53337199985981,MY,18.495559692382812,1.5044403076171875,1,thetao_MY_20250101_20251231.nc
97_dat,2025-12-09,30,10.570726655423641,MY,29.444730758666992,0.5552692413330078,1,thetao_MY_20250101_20251231.nc
97_dat,2025-12-10,5,10.383953377604485,MY,5.078224182128906,0.07822418212890625,1,thetao_MY_20250101_20251231.nc
97_dat,2025-12-10,10,10.383953377604485,MY,9.572997093200684,0.4270029067993164,1,thetao_MY_20250101_20251231.nc
97_dat,2025-12-10,15,10.383953377604485,MY,15.810070037841797,0.8100700378417969,1,thetao_MY_20250101_20251231.nc
97_dat,2025-12-10,20,10.383953377604485,MY,18.495559692382812,1.5044403076171875,1,thetao_MY_20250101_20251231.nc
97_dat,2025-12-10,30,10.420575588941574,MY,29.444730758666992,0.5552692413330078,1,thetao_MY_20250101_20251231.nc
97_dat,2025-12-11,5,10.286538295447826,MY,5.078224182128906,0.07822418212890625,1,thetao_MY_20250101_20251231.nc
97_dat,2025-12-11,10,10.288735628128052,MY,9.572997093200684,0.4270029067993164,1,thetao_MY_20250101_20251231.nc
97_dat,2025-12-11,15,10.289468072354794,MY,15.810070037841797,0.8100700378417969,1,thetao_MY_20250101_20251231.nc
97_dat,2025-12-11,20,10.290200516581535,MY,18.495559692382812,1.5044403076171875,1,thetao_MY_20250101_20251231.nc
97_dat,2025-12-11,30,10.320230729877949,MY,29.444730758666992,0.5552692413330078,1,thetao_MY_20250101_20251231.nc
97_dat,2025-12-12,5,10.101229906082153,MY,5.078224182128906,0.07822418212890625,1,thetao_MY_20250101_20251231.nc
97_dat,2025-12-12,10,10.101229906082153,MY,9.572997093200684,0.4270029067993164,1,thetao_MY_20250101_20251231.nc
97_dat,2025-12-12,15,10.101229906082153,MY,15.810070037841797,0.8100700378417969,1,thetao_MY_20250101_20251231.nc
97_dat,2025-12-12,20,10.101229906082153,MY,18.495559692382812,1.5044403076171875,1,thetao_MY_20250101_20251231.nc
97_dat,2025-12-12,30,10.125400565564632,MY,29.444730758666992,0.5552692413330078,1,thetao_MY_20250101_20251231.nc
97_dat,2025-12-13,5,10.000885047018528,MY,5.078224182128906,0.07822418212890625,1,thetao_MY_20250101_20251231.nc
97_dat,2025-12-13,10,10.000885047018528,MY,9.572997093200684,0.4270029067993164,1,thetao_MY_20250101_20251231.nc
97_dat,2025-12-13,15,10.000885047018528,MY,15.810070037841797,0.8100700378417969,1,thetao_MY_20250101_20251231.nc
97_dat,2025-12-13,20,10.000885047018528,MY,18.495559692382812,1.5044403076171875,1,thetao_MY_20250101_20251231.nc
97_dat,2025-12-13,30,10.011139266192913,MY,29.444730758666992,0.5552692413330078,1,thetao_MY_20250101_20251231.nc
97_dat,2025-12-14,5,9.926908180117607,MY,5.078224182128906,0.07822418212890625,1,thetao_MY_20250101_20251231.nc
97_dat,2025-12-14,10,9.926908180117607,MY,9.572997093200684,0.4270029067993164,1,thetao_MY_20250101_20251231.nc
97_dat,2025-12-14,15,9.926908180117607,MY,15.810070037841797,0.8100700378417969,1,thetao_MY_20250101_20251231.nc
97_dat,2025-12-14,20,9.926908180117607,MY,18.495559692382812,1.5044403076171875,1,thetao_MY_20250101_20251231.nc
97_dat,2025-12-14,30,9.938627287745476,MY,29.444730758666992,0.5552692413330078,1,thetao_MY_20250101_20251231.nc
97_dat,2025-12-15,5,9.804589994251728,MY,5.078224182128906,0.07822418212890625,1,thetao_MY_20250101_20251231.nc
97_dat,2025-12-15,10,9.804589994251728,MY,9.572997093200684,0.4270029067993164,1,thetao_MY_20250101_20251231.nc
97_dat,2025-12-15,15,9.80532243847847,MY,15.810070037841797,0.8100700378417969,1,thetao_MY_20250101_20251231.nc
97_dat,2025-12-15,20,9.80532243847847,MY,18.495559692382812,1.5044403076171875,1,thetao_MY_20250101_20251231.nc
97_dat,2025-12-15,30,9.823633544147015,MY,29.444730758666992,0.5552692413330078,1,thetao_MY_20250101_20251231.nc
97_dat,2025-12-16,5,9.655171371996403,MY,5.078224182128906,0.07822418212890625,1,thetao_MY_20250101_20251231.nc
97_dat,2025-12-16,10,9.655171371996403,MY,9.572997093200684,0.4270029067993164,1,thetao_MY_20250101_20251231.nc
97_dat,2025-12-16,15,9.655903816223145,MY,15.810070037841797,0.8100700378417969,1,thetao_MY_20250101_20251231.nc
97_dat,2025-12-16,20,9.655903816223145,MY,18.495559692382812,1.5044403076171875,1,thetao_MY_20250101_20251231.nc
97_dat,2025-12-16,30,9.677144698798656,MY,29.444730758666992,0.5552692413330078,1,thetao_MY_20250101_20251231.nc
97_dat,2025-12-17,5,9.505752749741077,MY,5.078224182128906,0.07822418212890625,1,thetao_MY_20250101_20251231.nc
97_dat,2025-12-17,10,9.505752749741077,MY,9.572997093200684,0.4270029067993164,1,thetao_MY_20250101_20251231.nc
97_dat,2025-12-17,15,9.505752749741077,MY,15.810070037841797,0.8100700378417969,1,thetao_MY_20250101_20251231.nc
97_dat,2025-12-17,20,9.505752749741077,MY,18.495559692382812,1.5044403076171875,1,thetao_MY_20250101_20251231.nc
97_dat,2025-12-17,30,9.525528743863106,MY,29.444730758666992,0.5552692413330078,1,thetao_MY_20250101_20251231.nc
97_dat,2025-12-18,5,9.373180344700813,MY,5.078224182128906,0.07822418212890625,1,thetao_MY_20250101_20251231.nc
97_dat,2025-12-18,10,9.373180344700813,MY,9.572997093200684,0.4270029067993164,1,thetao_MY_20250101_20251231.nc
97_dat,2025-12-18,15,9.373180344700813,MY,15.810070037841797,0.8100700378417969,1,thetao_MY_20250101_20251231.nc
97_dat,2025-12-18,20,9.373180344700813,MY,18.495559692382812,1.5044403076171875,1,thetao_MY_20250101_20251231.nc
97_dat,2025-12-18,30,9.390026561915874,MY,29.444730758666992,0.5552692413330078,1,thetao_MY_20250101_20251231.nc
97_dat,2025-12-19,5,9.328501246869564,MY,5.078224182128906,0.07822418212890625,1,thetao_MY_20250101_20251231.nc
97_dat,2025-12-19,10,9.329233691096306,MY,9.572997093200684,0.4270029067993164,1,thetao_MY_20250101_20251231.nc
97_dat,2025-12-19,15,9.329966135323048,MY,15.810070037841797,0.8100700378417969,1,thetao_MY_20250101_20251231.nc
97_dat,2025-12-19,20,9.329966135323048,MY,18.495559692382812,1.5044403076171875,1,thetao_MY_20250101_20251231.nc
97_dat,2025-12-19,30,9.33875546604395,MY,29.444730758666992,0.5552692413330078,1,thetao_MY_20250101_20251231.nc
97_dat,2025-12-20,5,9.329966135323048,MY,5.078224182128906,0.07822418212890625,1,thetao_MY_20250101_20251231.nc
97_dat,2025-12-20,10,9.333628356456757,MY,9.572997093200684,0.4270029067993164,1,thetao_MY_20250101_20251231.nc
97_dat,2025-12-20,15,9.332895912230015,MY,15.810070037841797,0.8100700378417969,1,thetao_MY_20250101_20251231.nc
97_dat,2025-12-20,20,9.331431023776531,MY,18.495559692382812,1.5044403076171875,1,thetao_MY_20250101_20251231.nc
97_dat,2025-12-20,30,9.336558133363724,MY,29.444730758666992,0.5552692413330078,1,thetao_MY_20250101_20251231.nc
97_dat,2025-12-21,5,9.241340383887291,MY,5.078224182128906,0.07822418212890625,1,thetao_MY_20250101_20251231.nc
97_dat,2025-12-21,10,9.288949258625507,MY,9.572997093200684,0.4270029067993164,1,thetao_MY_20250101_20251231.nc
97_dat,2025-12-21,15,9.313852362334728,MY,15.810070037841797,0.8100700378417969,1,thetao_MY_20250101_20251231.nc
97_dat,2025-12-21,20,9.318247027695179,MY,18.495559692382812,1.5044403076171875,1,thetao_MY_20250101_20251231.nc
97_dat,2025-12-21,30,9.335825689136982,MY,29.444730758666992,0.5552692413330078,1,thetao_MY_20250101_20251231.nc
97_dat,2025-12-22,5,9.15491196513176,MY,5.078224182128906,0.07822418212890625,1,thetao_MY_20250101_20251231.nc
97_dat,2025-12-22,10,9.15491196513176,MY,9.572997093200684,0.4270029067993164,1,thetao_MY_20250101_20251231.nc
97_dat,2025-12-22,15,9.15491196513176,MY,15.810070037841797,0.8100700378417969,1,thetao_MY_20250101_20251231.nc
97_dat,2025-12-22,20,9.15491196513176,MY,18.495559692382812,1.5044403076171875,1,thetao_MY_20250101_20251231.nc
97_dat,2025-12-22,30,9.182744845747948,MY,29.444730758666992,0.5552692413330078,1,thetao_MY_20250101_20251231.nc
97_dat,2025-12-23,5,9.074343100190163,MY,5.078224182128906,0.07822418212890625,1,thetao_MY_20250101_20251231.nc
97_dat,2025-12-23,10,9.074343100190163,MY,9.572997093200684,0.4270029067993164,1,thetao_MY_20250101_20251231.nc
97_dat,2025-12-23,15,9.074343100190163,MY,15.810070037841797,0.8100700378417969,1,thetao_MY_20250101_20251231.nc
97_dat,2025-12-23,20,9.074343100190163,MY,18.495559692382812,1.5044403076171875,1,thetao_MY_20250101_20251231.nc
97_dat,2025-12-23,30,9.105105757713318,MY,29.444730758666992,0.5552692413330078,1,thetao_MY_20250101_20251231.nc
97_dat,2025-12-24,5,9.18787195533514,MY,5.078224182128906,0.07822418212890625,1,thetao_MY_20250101_20251231.nc
97_dat,2025-12-24,10,9.18787195533514,MY,9.572997093200684,0.4270029067993164,1,thetao_MY_20250101_20251231.nc
97_dat,2025-12-24,15,9.18787195533514,MY,15.810070037841797,0.8100700378417969,1,thetao_MY_20250101_20251231.nc
97_dat,2025-12-24,20,9.187139511108398,MY,18.495559692382812,1.5044403076171875,1,thetao_MY_20250101_20251231.nc
97_dat,2025-12-24,30,9.221564389765263,MY,29.444730758666992,0.5552692413330078,1,thetao_MY_20250101_20251231.nc
97_dat,2025-12-25,5,9.576799839735031,MY,5.078224182128906,0.07822418212890625,1,thetao_MY_20250101_20251231.nc
97_dat,2025-12-25,10,9.576799839735031,MY,9.572997093200684,0.4270029067993164,1,thetao_MY_20250101_20251231.nc
97_dat,2025-12-25,15,9.577532283961773,MY,15.810070037841797,0.8100700378417969,1,thetao_MY_20250101_20251231.nc
97_dat,2025-12-25,20,9.577532283961773,MY,18.495559692382812,1.5044403076171875,1,thetao_MY_20250101_20251231.nc
97_dat,2025-12-25,30,9.616351827979088,MY,29.444730758666992,0.5552692413330078,1,thetao_MY_20250101_20251231.nc
97_dat,2025-12-26,5,9.65370648354292,MY,5.078224182128906,0.07822418212890625,1,thetao_MY_20250101_20251231.nc
97_dat,2025-12-26,10,9.65370648354292,MY,9.572997093200684,0.4270029067993164,1,thetao_MY_20250101_20251231.nc
97_dat,2025-12-26,15,9.65370648354292,MY,15.810070037841797,0.8100700378417969,1,thetao_MY_20250101_20251231.nc
97_dat,2025-12-26,20,9.65370648354292,MY,18.495559692382812,1.5044403076171875,1,thetao_MY_20250101_20251231.nc
97_dat,2025-12-26,30,9.699850469827652,MY,29.444730758666992,0.5552692413330078,1,thetao_MY_20250101_20251231.nc
97_dat,2025-12-27,5,9.250862158834934,MY,5.078224182128906,0.07822418212890625,1,thetao_MY_20250101_20251231.nc
97_dat,2025-12-27,10,9.250862158834934,MY,9.572997093200684,0.4270029067993164,1,thetao_MY_20250101_20251231.nc
97_dat,2025-12-27,15,9.250862158834934,MY,15.810070037841797,0.8100700378417969,1,thetao_MY_20250101_20251231.nc
97_dat,2025-12-27,20,9.250862158834934,MY,18.495559692382812,1.5044403076171875,1,thetao_MY_20250101_20251231.nc
97_dat,2025-12-27,30,9.309457696974277,MY,29.444730758666992,0.5552692413330078,1,thetao_MY_20250101_20251231.nc
97_dat,2025-12-28,5,8.932981364428997,MY,5.078224182128906,0.07822418212890625,1,thetao_MY_20250101_20251231.nc
97_dat,2025-12-28,10,8.932981364428997,MY,9.572997093200684,0.4270029067993164,1,thetao_MY_20250101_20251231.nc
97_dat,2025-12-28,15,8.932981364428997,MY,15.810070037841797,0.8100700378417969,1,thetao_MY_20250101_20251231.nc
97_dat,2025-12-28,20,8.932981364428997,MY,18.495559692382812,1.5044403076171875,1,thetao_MY_20250101_20251231.nc
97_dat,2025-12-28,30,8.988647125661373,MY,29.444730758666992,0.5552692413330078,1,thetao_MY_20250101_20251231.nc
97_dat,2025-12-29,5,8.850215166807175,MY,5.078224182128906,0.07822418212890625,1,thetao_MY_20250101_20251231.nc
97_dat,2025-12-29,10,8.850947611033916,MY,9.572997093200684,0.4270029067993164,1,thetao_MY_20250101_20251231.nc
97_dat,2025-12-29,15,8.850947611033916,MY,15.810070037841797,0.8100700378417969,1,thetao_MY_20250101_20251231.nc
97_dat,2025-12-29,20,8.850947611033916,MY,18.495559692382812,1.5044403076171875,1,thetao_MY_20250101_20251231.nc
97_dat,2025-12-29,30,8.89709159731865,MY,29.444730758666992,0.5552692413330078,1,thetao_MY_20250101_20251231.nc
97_dat,2025-12-30,5,8.796746738255024,MY,5.078224182128906,0.07822418212890625,1,thetao_MY_20250101_20251231.nc
97_dat,2025-12-30,10,8.798211626708508,MY,9.572997093200684,0.4270029067993164,1,thetao_MY_20250101_20251231.nc
97_dat,2025-12-30,15,8.79894407093525,MY,15.810070037841797,0.8100700378417969,1,thetao_MY_20250101_20251231.nc
97_dat,2025-12-30,20,8.79894407093525,MY,18.495559692382812,1.5044403076171875,1,thetao_MY_20250101_20251231.nc
97_dat,2025-12-30,30,8.842890724539757,MY,29.444730758666992,0.5552692413330078,1,thetao_MY_20250101_20251231.nc
97_dat,2025-12-31,5,8.560899697244167,MY,5.078224182128906,0.07822418212890625,1,thetao_MY_20250101_20251231.nc
97_dat,2025-12-31,10,8.560899697244167,MY,9.572997093200684,0.4270029067993164,1,thetao_MY_20250101_20251231.nc
97_dat,2025-12-31,15,8.560899697244167,MY,15.810070037841797,0.8100700378417969,1,thetao_MY_20250101_20251231.nc
97_dat,2025-12-31,20,8.560899697244167,MY,18.495559692382812,1.5044403076171875,1,thetao_MY_20250101_20251231.nc
97_dat,2025-12-31,30,8.612170793116093,MY,29.444730758666992,0.5552692413330078,1,thetao_MY_20250101_20251231.nc
97_dat,2026-01-01,5,7.389926910400391,ANFC,5.078224182128906,0.07822418212890625,1,thetao_ANFC_YTD_to_fcst_P1D.nc
97_dat,2026-01-01,10,7.3937296867370605,ANFC,9.572997093200684,0.4270029067993164,1,thetao_ANFC_YTD_to_fcst_P1D.nc
97_dat,2026-01-01,15,7.3969292640686035,ANFC,15.810070037841797,0.8100700378417969,1,thetao_ANFC_YTD_to_fcst_P1D.nc
97_dat,2026-01-01,20,7.39791202545166,ANFC,18.495559692382812,1.5044403076171875,1,thetao_ANFC_YTD_to_fcst_P1D.nc
97_dat,2026-01-01,30,7.428528785705566,ANFC,29.444730758666992,0.5552692413330078,1,thetao_ANFC_YTD_to_fcst_P1D.nc
97_dat,2026-01-02,5,7.371578693389893,ANFC,5.078224182128906,0.07822418212890625,1,thetao_ANFC_YTD_to_fcst_P1D.nc
97_dat,2026-01-02,10,7.377002239227295,ANFC,9.572997093200684,0.4270029067993164,1,thetao_ANFC_YTD_to_fcst_P1D.nc
97_dat,2026-01-02,15,7.379974365234375,ANFC,15.810070037841797,0.8100700378417969,1,thetao_ANFC_YTD_to_fcst_P1D.nc
97_dat,2026-01-02,20,7.380856037139893,ANFC,18.495559692382812,1.5044403076171875,1,thetao_ANFC_YTD_to_fcst_P1D.nc
97_dat,2026-01-02,30,7.3979644775390625,ANFC,29.444730758666992,0.5552692413330078,1,thetao_ANFC_YTD_to_fcst_P1D.nc
97_dat,2026-01-03,5,7.330972194671631,ANFC,5.078224182128906,0.07822418212890625,1,thetao_ANFC_YTD_to_fcst_P1D.nc
97_dat,2026-01-03,10,7.334744930267334,ANFC,9.572997093200684,0.4270029067993164,1,thetao_ANFC_YTD_to_fcst_P1D.nc
97_dat,2026-01-03,15,7.337689399719238,ANFC,15.810070037841797,0.8100700378417969,1,thetao_ANFC_YTD_to_fcst_P1D.nc
97_dat,2026-01-03,20,7.338531970977783,ANFC,18.495559692382812,1.5044403076171875,1,thetao_ANFC_YTD_to_fcst_P1D.nc
97_dat,2026-01-03,30,7.354070663452148,ANFC,29.444730758666992,0.5552692413330078,1,thetao_ANFC_YTD_to_fcst_P1D.nc
97_dat,2026-01-04,5,7.176456451416016,ANFC,5.078224182128906,0.07822418212890625,1,thetao_ANFC_YTD_to_fcst_P1D.nc
97_dat,2026-01-04,10,7.179999828338623,ANFC,9.572997093200684,0.4270029067993164,1,thetao_ANFC_YTD_to_fcst_P1D.nc
97_dat,2026-01-04,15,7.183167934417725,ANFC,15.810070037841797,0.8100700378417969,1,thetao_ANFC_YTD_to_fcst_P1D.nc
97_dat,2026-01-04,20,7.184120178222656,ANFC,18.495559692382812,1.5044403076171875,1,thetao_ANFC_YTD_to_fcst_P1D.nc
97_dat,2026-01-04,30,7.205402851104736,ANFC,29.444730758666992,0.5552692413330078,1,thetao_ANFC_YTD_to_fcst_P1D.nc
97_dat,2026-01-05,5,7.011711120605469,ANFC,5.078224182128906,0.07822418212890625,1,thetao_ANFC_YTD_to_fcst_P1D.nc
97_dat,2026-01-05,10,7.0184006690979,ANFC,9.572997093200684,0.4270029067993164,1,thetao_ANFC_YTD_to_fcst_P1D.nc
97_dat,2026-01-05,15,7.023381233215332,ANFC,15.810070037841797,0.8100700378417969,1,thetao_ANFC_YTD_to_fcst_P1D.nc
97_dat,2026-01-05,20,7.024783134460449,ANFC,18.495559692382812,1.5044403076171875,1,thetao_ANFC_YTD_to_fcst_P1D.nc
97_dat,2026-01-05,30,7.046692371368408,ANFC,29.444730758666992,0.5552692413330078,1,thetao_ANFC_YTD_to_fcst_P1D.nc
97_dat,2026-01-06,5,6.895031929016113,ANFC,5.078224182128906,0.07822418212890625,1,thetao_ANFC_YTD_to_fcst_P1D.nc
97_dat,2026-01-06,10,6.900595188140869,ANFC,9.572997093200684,0.4270029067993164,1,thetao_ANFC_YTD_to_fcst_P1D.nc
97_dat,2026-01-06,15,6.904350280761719,ANFC,15.810070037841797,0.8100700378417969,1,thetao_ANFC_YTD_to_fcst_P1D.nc
97_dat,2026-01-06,20,6.905466079711914,ANFC,18.495559692382812,1.5044403076171875,1,thetao_ANFC_YTD_to_fcst_P1D.nc
97_dat,2026-01-06,30,6.926064968109131,ANFC,29.444730758666992,0.5552692413330078,1,thetao_ANFC_YTD_to_fcst_P1D.nc
97_dat,2026-01-07,5,6.819474697113037,ANFC,5.078224182128906,0.07822418212890625,1,thetao_ANFC_YTD_to_fcst_P1D.nc
97_dat,2026-01-07,10,6.824932098388672,ANFC,9.572997093200684,0.4270029067993164,1,thetao_ANFC_YTD_to_fcst_P1D.nc
97_dat,2026-01-07,15,6.8287811279296875,ANFC,15.810070037841797,0.8100700378417969,1,thetao_ANFC_YTD_to_fcst_P1D.nc
97_dat,2026-01-07,20,6.8299150466918945,ANFC,18.495559692382812,1.5044403076171875,1,thetao_ANFC_YTD_to_fcst_P1D.nc
97_dat,2026-01-07,30,6.857677459716797,ANFC,29.444730758666992,0.5552692413330078,1,thetao_ANFC_YTD_to_fcst_P1D.nc
97_dat,2026-01-08,5,6.713123321533203,ANFC,5.078224182128906,0.07822418212890625,1,thetao_ANFC_YTD_to_fcst_P1D.nc
97_dat,2026-01-08,10,6.717771053314209,ANFC,9.572997093200684,0.4270029067993164,1,thetao_ANFC_YTD_to_fcst_P1D.nc
97_dat,2026-01-08,15,6.722035884857178,ANFC,15.810070037841797,0.8100700378417969,1,thetao_ANFC_YTD_to_fcst_P1D.nc
97_dat,2026-01-08,20,6.72335147857666,ANFC,18.495559692382812,1.5044403076171875,1,thetao_ANFC_YTD_to_fcst_P1D.nc
97_dat,2026-01-08,30,6.7633442878723145,ANFC,29.444730758666992,0.5552692413330078,1,thetao_ANFC_YTD_to_fcst_P1D.nc
97_dat,2026-01-09,5,6.563144683837891,ANFC,5.078224182128906,0.07822418212890625,1,thetao_ANFC_YTD_to_fcst_P1D.nc
97_dat,2026-01-09,10,6.566713809967041,ANFC,9.572997093200684,0.4270029067993164,1,thetao_ANFC_YTD_to_fcst_P1D.nc
97_dat,2026-01-09,15,6.569342136383057,ANFC,15.810070037841797,0.8100700378417969,1,thetao_ANFC_YTD_to_fcst_P1D.nc
97_dat,2026-01-09,20,6.5702409744262695,ANFC,18.495559692382812,1.5044403076171875,1,thetao_ANFC_YTD_to_fcst_P1D.nc
97_dat,2026-01-09,30,6.6061601638793945,ANFC,29.444730758666992,0.5552692413330078,1,thetao_ANFC_YTD_to_fcst_P1D.nc
97_dat,2026-01-10,5,6.578373432159424,ANFC,5.078224182128906,0.07822418212890625,1,thetao_ANFC_YTD_to_fcst_P1D.nc
97_dat,2026-01-10,10,6.580490589141846,ANFC,9.572997093200684,0.4270029067993164,1,thetao_ANFC_YTD_to_fcst_P1D.nc
97_dat,2026-01-10,15,6.582400321960449,ANFC,15.810070037841797,0.8100700378417969,1,thetao_ANFC_YTD_to_fcst_P1D.nc
97_dat,2026-01-10,20,6.582997798919678,ANFC,18.495559692382812,1.5044403076171875,1,thetao_ANFC_YTD_to_fcst_P1D.nc
97_dat,2026-01-10,30,6.614908218383789,ANFC,29.444730758666992,0.5552692413330078,1,thetao_ANFC_YTD_to_fcst_P1D.nc
97_dat,2026-01-11,5,6.596819877624512,ANFC,5.078224182128906,0.07822418212890625,1,thetao_ANFC_YTD_to_fcst_P1D.nc
97_dat,2026-01-11,10,6.5990824699401855,ANFC,9.572997093200684,0.4270029067993164,1,thetao_ANFC_YTD_to_fcst_P1D.nc
97_dat,2026-01-11,15,6.601361274719238,ANFC,15.810070037841797,0.8100700378417969,1,thetao_ANFC_YTD_to_fcst_P1D.nc
97_dat,2026-01-11,20,6.6021223068237305,ANFC,18.495559692382812,1.5044403076171875,1,thetao_ANFC_YTD_to_fcst_P1D.nc
97_dat,2026-01-11,30,6.639604568481445,ANFC,29.444730758666992,0.5552692413330078,1,thetao_ANFC_YTD_to_fcst_P1D.nc
97_dat,2026-01-12,5,6.35287618637085,ANFC,5.078224182128906,0.07822418212890625,1,thetao_ANFC_YTD_to_fcst_P1D.nc
97_dat,2026-01-12,10,6.355439186096191,ANFC,9.572997093200684,0.4270029067993164,1,thetao_ANFC_YTD_to_fcst_P1D.nc
97_dat,2026-01-12,15,6.357876777648926,ANFC,15.810070037841797,0.8100700378417969,1,thetao_ANFC_YTD_to_fcst_P1D.nc
97_dat,2026-01-12,20,6.358704566955566,ANFC,18.495559692382812,1.5044403076171875,1,thetao_ANFC_YTD_to_fcst_P1D.nc
97_dat,2026-01-12,30,6.398691654205322,ANFC,29.444730758666992,0.5552692413330078,1,thetao_ANFC_YTD_to_fcst_P1D.nc
97_dat,2026-01-13,5,6.26059627532959,ANFC,5.078224182128906,0.07822418212890625,1,thetao_ANFC_YTD_to_fcst_P1D.nc
97_dat,2026-01-13,10,6.264145851135254,ANFC,9.572997093200684,0.4270029067993164,1,thetao_ANFC_YTD_to_fcst_P1D.nc
97_dat,2026-01-13,15,6.267483711242676,ANFC,15.810070037841797,0.8100700378417969,1,thetao_ANFC_YTD_to_fcst_P1D.nc
97_dat,2026-01-13,20,6.2685227394104,ANFC,18.495559692382812,1.5044403076171875,1,thetao_ANFC_YTD_to_fcst_P1D.nc
97_dat,2026-01-13,30,6.29985237121582,ANFC,29.444730758666992,0.5552692413330078,1,thetao_ANFC_YTD_to_fcst_P1D.nc
97_dat,2026-01-14,5,6.134635925292969,ANFC,5.078224182128906,0.07822418212890625,1,thetao_ANFC_YTD_to_fcst_P1D.nc
97_dat,2026-01-14,10,6.137045383453369,ANFC,9.572997093200684,0.4270029067993164,1,thetao_ANFC_YTD_to_fcst_P1D.nc
97_dat,2026-01-14,15,6.1393327713012695,ANFC,15.810070037841797,0.8100700378417969,1,thetao_ANFC_YTD_to_fcst_P1D.nc
97_dat,2026-01-14,20,6.140051364898682,ANFC,18.495559692382812,1.5044403076171875,1,thetao_ANFC_YTD_to_fcst_P1D.nc
97_dat,2026-01-14,30,6.169029235839844,ANFC,29.444730758666992,0.5552692413330078,1,thetao_ANFC_YTD_to_fcst_P1D.nc
97_dat,2026-01-15,5,6.088126182556152,ANFC,5.078224182128906,0.07822418212890625,1,thetao_ANFC_YTD_to_fcst_P1D.nc
97_dat,2026-01-15,10,6.091859340667725,ANFC,9.572997093200684,0.4270029067993164,1,thetao_ANFC_YTD_to_fcst_P1D.nc
97_dat,2026-01-15,15,6.094419479370117,ANFC,15.810070037841797,0.8100700378417969,1,thetao_ANFC_YTD_to_fcst_P1D.nc
97_dat,2026-01-15,20,6.095151424407959,ANFC,18.495559692382812,1.5044403076171875,1,thetao_ANFC_YTD_to_fcst_P1D.nc
97_dat,2026-01-15,30,6.11465311050415,ANFC,29.444730758666992,0.5552692413330078,1,thetao_ANFC_YTD_to_fcst_P1D.nc
97_dat,2026-01-16,5,6.10097074508667,ANFC,5.078224182128906,0.07822418212890625,1,thetao_ANFC_YTD_to_fcst_P1D.nc
97_dat,2026-01-16,10,6.105030536651611,ANFC,9.572997093200684,0.4270029067993164,1,thetao_ANFC_YTD_to_fcst_P1D.nc
97_dat,2026-01-16,15,6.108036518096924,ANFC,15.810070037841797,0.8100700378417969,1,thetao_ANFC_YTD_to_fcst_P1D.nc
97_dat,2026-01-16,20,6.108888626098633,ANFC,18.495559692382812,1.5044403076171875,1,thetao_ANFC_YTD_to_fcst_P1D.nc
97_dat,2026-01-16,30,6.125091075897217,ANFC,29.444730758666992,0.5552692413330078,1,thetao_ANFC_YTD_to_fcst_P1D.nc
97_dat,2026-01-17,5,6.021142482757568,ANFC,5.078224182128906,0.07822418212890625,1,thetao_ANFC_YTD_to_fcst_P1D.nc
97_dat,2026-01-17,10,6.024571895599365,ANFC,9.572997093200684,0.4270029067993164,1,thetao_ANFC_YTD_to_fcst_P1D.nc
97_dat,2026-01-17,15,6.027351379394531,ANFC,15.810070037841797,0.8100700378417969,1,thetao_ANFC_YTD_to_fcst_P1D.nc
97_dat,2026-01-17,20,6.028221130371094,ANFC,18.495559692382812,1.5044403076171875,1,thetao_ANFC_YTD_to_fcst_P1D.nc
97_dat,2026-01-17,30,6.04818058013916,ANFC,29.444730758666992,0.5552692413330078,1,thetao_ANFC_YTD_to_fcst_P1D.nc
97_dat,2026-01-18,5,5.9243011474609375,ANFC,5.078224182128906,0.07822418212890625,1,thetao_ANFC_YTD_to_fcst_P1D.nc
97_dat,2026-01-18,10,5.92888879776001,ANFC,9.572997093200684,0.4270029067993164,1,thetao_ANFC_YTD_to_fcst_P1D.nc
97_dat,2026-01-18,15,5.931775093078613,ANFC,15.810070037841797,0.8100700378417969,1,thetao_ANFC_YTD_to_fcst_P1D.nc
97_dat,2026-01-18,20,5.93277645111084,ANFC,18.495559692382812,1.5044403076171875,1,thetao_ANFC_YTD_to_fcst_P1D.nc
97_dat,2026-01-18,30,5.959773540496826,ANFC,29.444730758666992,0.5552692413330078,1,thetao_ANFC_YTD_to_fcst_P1D.nc
97_dat,2026-01-19,5,5.8971943855285645,ANFC,5.078224182128906,0.07822418212890625,1,thetao_ANFC_YTD_to_fcst_P1D.nc
97_dat,2026-01-19,10,5.902336597442627,ANFC,9.572997093200684,0.4270029067993164,1,thetao_ANFC_YTD_to_fcst_P1D.nc
97_dat,2026-01-19,15,5.906130313873291,ANFC,15.810070037841797,0.8100700378417969,1,thetao_ANFC_YTD_to_fcst_P1D.nc
97_dat,2026-01-19,20,5.9074296951293945,ANFC,18.495559692382812,1.5044403076171875,1,thetao_ANFC_YTD_to_fcst_P1D.nc
97_dat,2026-01-19,30,5.942504405975342,ANFC,29.444730758666992,0.5552692413330078,1,thetao_ANFC_YTD_to_fcst_P1D.nc
97_dat,2026-01-20,5,5.745237350463867,ANFC,5.078224182128906,0.07822418212890625,1,thetao_ANFC_YTD_to_fcst_P1D.nc
97_dat,2026-01-20,10,5.749754905700684,ANFC,9.572997093200684,0.4270029067993164,1,thetao_ANFC_YTD_to_fcst_P1D.nc
97_dat,2026-01-20,15,5.753957271575928,ANFC,15.810070037841797,0.8100700378417969,1,thetao_ANFC_YTD_to_fcst_P1D.nc
97_dat,2026-01-20,20,5.755285739898682,ANFC,18.495559692382812,1.5044403076171875,1,thetao_ANFC_YTD_to_fcst_P1D.nc
97_dat,2026-01-20,30,5.804638385772705,ANFC,29.444730758666992,0.5552692413330078,1,thetao_ANFC_YTD_to_fcst_P1D.nc
97_dat,2026-01-21,5,5.570814609527588,ANFC,5.078224182128906,0.07822418212890625,1,thetao_ANFC_YTD_to_fcst_P1D.nc
97_dat,2026-01-21,10,5.576966762542725,ANFC,9.572997093200684,0.4270029067993164,1,thetao_ANFC_YTD_to_fcst_P1D.nc
97_dat,2026-01-21,15,5.581579208374023,ANFC,15.810070037841797,0.8100700378417969,1,thetao_ANFC_YTD_to_fcst_P1D.nc
97_dat,2026-01-21,20,5.583000183105469,ANFC,18.495559692382812,1.5044403076171875,1,thetao_ANFC_YTD_to_fcst_P1D.nc
97_dat,2026-01-21,30,5.634425163269043,ANFC,29.444730758666992,0.5552692413330078,1,thetao_ANFC_YTD_to_fcst_P1D.nc
97_dat,2026-01-22,5,5.515354633331299,ANFC,5.078224182128906,0.07822418212890625,1,thetao_ANFC_YTD_to_fcst_P1D.nc
97_dat,2026-01-22,10,5.522556781768799,ANFC,9.572997093200684,0.4270029067993164,1,thetao_ANFC_YTD_to_fcst_P1D.nc
97_dat,2026-01-22,15,5.52717924118042,ANFC,15.810070037841797,0.8100700378417969,1,thetao_ANFC_YTD_to_fcst_P1D.nc
97_dat,2026-01-22,20,5.528537750244141,ANFC,18.495559692382812,1.5044403076171875,1,thetao_ANFC_YTD_to_fcst_P1D.nc
97_dat,2026-01-22,30,5.582817554473877,ANFC,29.444730758666992,0.5552692413330078,1,thetao_ANFC_YTD_to_fcst_P1D.nc
97_dat,2026-01-23,5,5.607734203338623,ANFC,5.078224182128906,0.07822418212890625,1,thetao_ANFC_YTD_to_fcst_P1D.nc
97_dat,2026-01-23,10,5.613765239715576,ANFC,9.572997093200684,0.4270029067993164,1,thetao_ANFC_YTD_to_fcst_P1D.nc
97_dat,2026-01-23,15,5.6182355880737305,ANFC,15.810070037841797,0.8100700378417969,1,thetao_ANFC_YTD_to_fcst_P1D.nc
97_dat,2026-01-23,20,5.619236469268799,ANFC,18.495559692382812,1.5044403076171875,1,thetao_ANFC_YTD_to_fcst_P1D.nc
97_dat,2026-01-23,30,5.668266296386719,ANFC,29.444730758666992,0.5552692413330078,1,thetao_ANFC_YTD_to_fcst_P1D.nc
97_dat,2026-01-24,5,5.682425022125244,ANFC,5.078224182128906,0.07822418212890625,1,thetao_ANFC_YTD_to_fcst_P1D.nc
97_dat,2026-01-24,10,5.688128471374512,ANFC,9.572997093200684,0.4270029067993164,1,thetao_ANFC_YTD_to_fcst_P1D.nc
97_dat,2026-01-24,15,5.692265510559082,ANFC,15.810070037841797,0.8100700378417969,1,thetao_ANFC_YTD_to_fcst_P1D.nc
97_dat,2026-01-24,20,5.693382740020752,ANFC,18.495559692382812,1.5044403076171875,1,thetao_ANFC_YTD_to_fcst_P1D.nc
97_dat,2026-01-24,30,5.738019943237305,ANFC,29.444730758666992,0.5552692413330078,1,thetao_ANFC_YTD_to_fcst_P1D.nc
97_dat,2026-01-25,5,5.531505584716797,ANFC,5.078224182128906,0.07822418212890625,1,thetao_ANFC_YTD_to_fcst_P1D.nc
97_dat,2026-01-25,10,5.536816596984863,ANFC,9.572997093200684,0.4270029067993164,1,thetao_ANFC_YTD_to_fcst_P1D.nc
97_dat,2026-01-25,15,5.540609836578369,ANFC,15.810070037841797,0.8100700378417969,1,thetao_ANFC_YTD_to_fcst_P1D.nc
97_dat,2026-01-25,20,5.541900157928467,ANFC,18.495559692382812,1.5044403076171875,1,thetao_ANFC_YTD_to_fcst_P1D.nc
97_dat,2026-01-25,30,5.589975357055664,ANFC,29.444730758666992,0.5552692413330078,1,thetao_ANFC_YTD_to_fcst_P1D.nc
97_dat,2026-01-26,5,5.461827278137207,ANFC,5.078224182128906,0.07822418212890625,1,thetao_ANFC_YTD_to_fcst_P1D.nc
97_dat,2026-01-26,10,5.466907024383545,ANFC,9.572997093200684,0.4270029067993164,1,thetao_ANFC_YTD_to_fcst_P1D.nc
97_dat,2026-01-26,15,5.470478534698486,ANFC,15.810070037841797,0.8100700378417969,1,thetao_ANFC_YTD_to_fcst_P1D.nc
97_dat,2026-01-26,20,5.471867561340332,ANFC,18.495559692382812,1.5044403076171875,1,thetao_ANFC_YTD_to_fcst_P1D.nc
97_dat,2026-01-26,30,5.519490718841553,ANFC,29.444730758666992,0.5552692413330078,1,thetao_ANFC_YTD_to_fcst_P1D.nc
97_dat,2026-01-27,5,5.447636127471924,ANFC,5.078224182128906,0.07822418212890625,1,thetao_ANFC_YTD_to_fcst_P1D.nc
97_dat,2026-01-27,10,5.455272197723389,ANFC,9.572997093200684,0.4270029067993164,1,thetao_ANFC_YTD_to_fcst_P1D.nc
97_dat,2026-01-27,15,5.4611687660217285,ANFC,15.810070037841797,0.8100700378417969,1,thetao_ANFC_YTD_to_fcst_P1D.nc
97_dat,2026-01-27,20,5.463059902191162,ANFC,18.495559692382812,1.5044403076171875,1,thetao_ANFC_YTD_to_fcst_P1D.nc
97_dat,2026-01-27,30,5.501105308532715,ANFC,29.444730758666992,0.5552692413330078,1,thetao_ANFC_YTD_to_fcst_P1D.nc
97_dat,2026-01-28,5,5.415841102600098,ANFC,5.078224182128906,0.07822418212890625,1,thetao_ANFC_YTD_to_fcst_P1D.nc
97_dat,2026-01-28,10,5.421078205108643,ANFC,9.572997093200684,0.4270029067993164,1,thetao_ANFC_YTD_to_fcst_P1D.nc
97_dat,2026-01-28,15,5.430845260620117,ANFC,15.810070037841797,0.8100700378417969,1,thetao_ANFC_YTD_to_fcst_P1D.nc
97_dat,2026-01-28,20,5.433438301086426,ANFC,18.495559692382812,1.5044403076171875,1,thetao_ANFC_YTD_to_fcst_P1D.nc
97_dat,2026-01-28,30,5.473264694213867,ANFC,29.444730758666992,0.5552692413330078,1,thetao_ANFC_YTD_to_fcst_P1D.nc
97_dat,2026-01-29,5,5.329999923706055,ANFC,5.078224182128906,0.07822418212890625,1,thetao_ANFC_YTD_to_fcst_P1D.nc
97_dat,2026-01-29,10,5.338929653167725,ANFC,9.572997093200684,0.4270029067993164,1,thetao_ANFC_YTD_to_fcst_P1D.nc
97_dat,2026-01-29,15,5.360540866851807,ANFC,15.810070037841797,0.8100700378417969,1,thetao_ANFC_YTD_to_fcst_P1D.nc
97_dat,2026-01-29,20,5.369078159332275,ANFC,18.495559692382812,1.5044403076171875,1,thetao_ANFC_YTD_to_fcst_P1D.nc
97_dat,2026-01-29,30,5.407588005065918,ANFC,29.444730758666992,0.5552692413330078,1,thetao_ANFC_YTD_to_fcst_P1D.nc
97_dat,2026-01-30,5,5.22795295715332,ANFC,5.078224182128906,0.07822418212890625,1,thetao_ANFC_YTD_to_fcst_P1D.nc
97_dat,2026-01-30,10,5.231378555297852,ANFC,9.572997093200684,0.4270029067993164,1,thetao_ANFC_YTD_to_fcst_P1D.nc
97_dat,2026-01-30,15,5.241057872772217,ANFC,15.810070037841797,0.8100700378417969,1,thetao_ANFC_YTD_to_fcst_P1D.nc
97_dat,2026-01-30,20,5.247625827789307,ANFC,18.495559692382812,1.5044403076171875,1,thetao_ANFC_YTD_to_fcst_P1D.nc
97_dat,2026-01-30,30,5.302787780761719,ANFC,29.444730758666992,0.5552692413330078,1,thetao_ANFC_YTD_to_fcst_P1D.nc
97_dat,2026-01-31,5,5.101806163787842,ANFC,5.078224182128906,0.07822418212890625,1,thetao_ANFC_YTD_to_fcst_P1D.nc
97_dat,2026-01-31,10,5.1063947677612305,ANFC,9.572997093200684,0.4270029067993164,1,thetao_ANFC_YTD_to_fcst_P1D.nc
97_dat,2026-01-31,15,5.1097612380981445,ANFC,15.810070037841797,0.8100700378417969,1,thetao_ANFC_YTD_to_fcst_P1D.nc
97_dat,2026-01-31,20,5.111275672912598,ANFC,18.495559692382812,1.5044403076171875,1,thetao_ANFC_YTD_to_fcst_P1D.nc
97_dat,2026-01-31,30,5.194605827331543,ANFC,29.444730758666992,0.5552692413330078,1,thetao_ANFC_YTD_to_fcst_P1D.nc
97_dat,2026-02-01,5,4.970747947692871,ANFC,5.078224182128906,0.07822418212890625,1,thetao_ANFC_YTD_to_fcst_P1D.nc
97_dat,2026-02-01,10,4.9759297370910645,ANFC,9.572997093200684,0.4270029067993164,1,thetao_ANFC_YTD_to_fcst_P1D.nc
97_dat,2026-02-01,15,4.980792045593262,ANFC,15.810070037841797,0.8100700378417969,1,thetao_ANFC_YTD_to_fcst_P1D.nc
97_dat,2026-02-01,20,4.985005855560303,ANFC,18.495559692382812,1.5044403076171875,1,thetao_ANFC_YTD_to_fcst_P1D.nc
97_dat,2026-02-01,30,5.066176414489746,ANFC,29.444730758666992,0.5552692413330078,1,thetao_ANFC_YTD_to_fcst_P1D.nc
97_dat,2026-02-02,5,4.853525161743164,ANFC,5.078224182128906,0.07822418212890625,1,thetao_ANFC_YTD_to_fcst_P1D.nc
97_dat,2026-02-02,10,4.859256267547607,ANFC,9.572997093200684,0.4270029067993164,1,thetao_ANFC_YTD_to_fcst_P1D.nc
97_dat,2026-02-02,15,4.866027355194092,ANFC,15.810070037841797,0.8100700378417969,1,thetao_ANFC_YTD_to_fcst_P1D.nc
97_dat,2026-02-02,20,4.874079704284668,ANFC,18.495559692382812,1.5044403076171875,1,thetao_ANFC_YTD_to_fcst_P1D.nc
97_dat,2026-02-02,30,4.976668834686279,ANFC,29.444730758666992,0.5552692413330078,1,thetao_ANFC_YTD_to_fcst_P1D.nc
97_dat,2026-02-03,5,4.757129669189453,ANFC,5.078224182128906,0.07822418212890625,1,thetao_ANFC_YTD_to_fcst_P1D.nc
97_dat,2026-02-03,10,4.7593817710876465,ANFC,9.572997093200684,0.4270029067993164,1,thetao_ANFC_YTD_to_fcst_P1D.nc
97_dat,2026-02-03,15,4.763732433319092,ANFC,15.810070037841797,0.8100700378417969,1,thetao_ANFC_YTD_to_fcst_P1D.nc
97_dat,2026-02-03,20,4.767972946166992,ANFC,18.495559692382812,1.5044403076171875,1,thetao_ANFC_YTD_to_fcst_P1D.nc
97_dat,2026-02-03,30,4.826626300811768,ANFC,29.444730758666992,0.5552692413330078,1,thetao_ANFC_YTD_to_fcst_P1D.nc
97_dat,2026-02-04,5,4.723974704742432,ANFC,5.078224182128906,0.07822418212890625,1,thetao_ANFC_YTD_to_fcst_P1D.nc
97_dat,2026-02-04,10,4.726979732513428,ANFC,9.572997093200684,0.4270029067993164,1,thetao_ANFC_YTD_to_fcst_P1D.nc
97_dat,2026-02-04,15,4.729542255401611,ANFC,15.810070037841797,0.8100700378417969,1,thetao_ANFC_YTD_to_fcst_P1D.nc
97_dat,2026-02-04,20,4.733767509460449,ANFC,18.495559692382812,1.5044403076171875,1,thetao_ANFC_YTD_to_fcst_P1D.nc
97_dat,2026-02-04,30,4.833885192871094,ANFC,29.444730758666992,0.5552692413330078,1,thetao_ANFC_YTD_to_fcst_P1D.nc
97_dat,2026-02-05,5,4.651262283325195,ANFC,5.078224182128906,0.07822418212890625,1,thetao_ANFC_YTD_to_fcst_P1D.nc
97_dat,2026-02-05,10,4.652590274810791,ANFC,9.572997093200684,0.4270029067993164,1,thetao_ANFC_YTD_to_fcst_P1D.nc
97_dat,2026-02-05,15,4.657624244689941,ANFC,15.810070037841797,0.8100700378417969,1,thetao_ANFC_YTD_to_fcst_P1D.nc
97_dat,2026-02-05,20,4.662135601043701,ANFC,18.495559692382812,1.5044403076171875,1,thetao_ANFC_YTD_to_fcst_P1D.nc
97_dat,2026-02-05,30,4.7564377784729,ANFC,29.444730758666992,0.5552692413330078,1,thetao_ANFC_YTD_to_fcst_P1D.nc
97_dat,2026-02-06,5,4.511988162994385,ANFC,5.078224182128906,0.07822418212890625,1,thetao_ANFC_YTD_to_fcst_P1D.nc
97_dat,2026-02-06,10,4.5141191482543945,ANFC,9.572997093200684,0.4270029067993164,1,thetao_ANFC_YTD_to_fcst_P1D.nc
97_dat,2026-02-06,15,4.516328811645508,ANFC,15.810070037841797,0.8100700378417969,1,thetao_ANFC_YTD_to_fcst_P1D.nc
97_dat,2026-02-06,20,4.517096996307373,ANFC,18.495559692382812,1.5044403076171875,1,thetao_ANFC_YTD_to_fcst_P1D.nc
97_dat,2026-02-06,30,4.5635857582092285,ANFC,29.444730758666992,0.5552692413330078,1,thetao_ANFC_YTD_to_fcst_P1D.nc
97_dat,2026-02-07,5,4.370296478271484,ANFC,5.078224182128906,0.07822418212890625,1,thetao_ANFC_YTD_to_fcst_P1D.nc
97_dat,2026-02-07,10,4.376363754272461,ANFC,9.572997093200684,0.4270029067993164,1,thetao_ANFC_YTD_to_fcst_P1D.nc
97_dat,2026-02-07,15,4.380668640136719,ANFC,15.810070037841797,0.8100700378417969,1,thetao_ANFC_YTD_to_fcst_P1D.nc
97_dat,2026-02-07,20,4.381985664367676,ANFC,18.495559692382812,1.5044403076171875,1,thetao_ANFC_YTD_to_fcst_P1D.nc
97_dat,2026-02-07,30,4.4225287437438965,ANFC,29.444730758666992,0.5552692413330078,1,thetao_ANFC_YTD_to_fcst_P1D.nc
97_dat,2026-02-08,5,4.312075138092041,ANFC,5.078224182128906,0.07822418212890625,1,thetao_ANFC_YTD_to_fcst_P1D.nc
97_dat,2026-02-08,10,4.316247463226318,ANFC,9.572997093200684,0.4270029067993164,1,thetao_ANFC_YTD_to_fcst_P1D.nc
97_dat,2026-02-08,15,4.320104122161865,ANFC,15.810070037841797,0.8100700378417969,1,thetao_ANFC_YTD_to_fcst_P1D.nc
97_dat,2026-02-08,20,4.321611404418945,ANFC,18.495559692382812,1.5044403076171875,1,thetao_ANFC_YTD_to_fcst_P1D.nc
97_dat,2026-02-08,30,4.36337423324585,ANFC,29.444730758666992,0.5552692413330078,1,thetao_ANFC_YTD_to_fcst_P1D.nc
97_dat,2026-02-09,5,4.204184532165527,ANFC,5.078224182128906,0.07822418212890625,1,thetao_ANFC_YTD_to_fcst_P1D.nc
97_dat,2026-02-09,10,4.206818580627441,ANFC,9.572997093200684,0.4270029067993164,1,thetao_ANFC_YTD_to_fcst_P1D.nc
97_dat,2026-02-09,15,4.209161758422852,ANFC,15.810070037841797,0.8100700378417969,1,thetao_ANFC_YTD_to_fcst_P1D.nc
97_dat,2026-02-09,20,4.209946155548096,ANFC,18.495559692382812,1.5044403076171875,1,thetao_ANFC_YTD_to_fcst_P1D.nc
97_dat,2026-02-09,30,4.2497944831848145,ANFC,29.444730758666992,0.5552692413330078,1,thetao_ANFC_YTD_to_fcst_P1D.nc
97_dat,2026-02-10,5,4.259194850921631,ANFC,5.078224182128906,0.07822418212890625,1,thetao_ANFC_YTD_to_fcst_P1D.nc
97_dat,2026-02-10,10,4.247058391571045,ANFC,9.572997093200684,0.4270029067993164,1,thetao_ANFC_YTD_to_fcst_P1D.nc
97_dat,2026-02-10,15,4.229918479919434,ANFC,15.810070037841797,0.8100700378417969,1,thetao_ANFC_YTD_to_fcst_P1D.nc
97_dat,2026-02-10,20,4.224110126495361,ANFC,18.495559692382812,1.5044403076171875,1,thetao_ANFC_YTD_to_fcst_P1D.nc
97_dat,2026-02-10,30,4.244450569152832,ANFC,29.444730758666992,0.5552692413330078,1,thetao_ANFC_YTD_to_fcst_P1D.nc
97_dat,2026-02-11,5,4.248406410217285,ANFC,5.078224182128906,0.07822418212890625,1,thetao_ANFC_YTD_to_fcst_P1D.nc
97_dat,2026-02-11,10,4.251152038574219,ANFC,9.572997093200684,0.4270029067993164,1,thetao_ANFC_YTD_to_fcst_P1D.nc
97_dat,2026-02-11,15,4.253561019897461,ANFC,15.810070037841797,0.8100700378417969,1,thetao_ANFC_YTD_to_fcst_P1D.nc
97_dat,2026-02-11,20,4.25433349609375,ANFC,18.495559692382812,1.5044403076171875,1,thetao_ANFC_YTD_to_fcst_P1D.nc
97_dat,2026-02-11,30,4.284151077270508,ANFC,29.444730758666992,0.5552692413330078,1,thetao_ANFC_YTD_to_fcst_P1D.nc
97_dat,2026-02-12,5,4.121413230895996,ANFC,5.078224182128906,0.07822418212890625,1,thetao_ANFC_YTD_to_fcst_P1D.nc
97_dat,2026-02-12,10,4.124902725219727,ANFC,9.572997093200684,0.4270029067993164,1,thetao_ANFC_YTD_to_fcst_P1D.nc
97_dat,2026-02-12,15,4.127964019775391,ANFC,15.810070037841797,0.8100700378417969,1,thetao_ANFC_YTD_to_fcst_P1D.nc
97_dat,2026-02-12,20,4.128951549530029,ANFC,18.495559692382812,1.5044403076171875,1,thetao_ANFC_YTD_to_fcst_P1D.nc
97_dat,2026-02-12,30,4.168651103973389,ANFC,29.444730758666992,0.5552692413330078,1,thetao_ANFC_YTD_to_fcst_P1D.nc
97_dat,2026-02-13,5,4.009061336517334,ANFC,5.078224182128906,0.07822418212890625,1,thetao_ANFC_YTD_to_fcst_P1D.nc
97_dat,2026-02-13,10,4.012744903564453,ANFC,9.572997093200684,0.4270029067993164,1,thetao_ANFC_YTD_to_fcst_P1D.nc
97_dat,2026-02-13,15,4.018761157989502,ANFC,15.810070037841797,0.8100700378417969,1,thetao_ANFC_YTD_to_fcst_P1D.nc
97_dat,2026-02-13,20,4.023632049560547,ANFC,18.495559692382812,1.5044403076171875,1,thetao_ANFC_YTD_to_fcst_P1D.nc
97_dat,2026-02-13,30,4.089379787445068,ANFC,29.444730758666992,0.5552692413330078,1,thetao_ANFC_YTD_to_fcst_P1D.nc
97_dat,2026-02-14,5,3.945772171020508,ANFC,5.078224182128906,0.07822418212890625,1,thetao_ANFC_YTD_to_fcst_P1D.nc
97_dat,2026-02-14,10,3.932790756225586,ANFC,9.572997093200684,0.4270029067993164,1,thetao_ANFC_YTD_to_fcst_P1D.nc
97_dat,2026-02-14,15,3.9417190551757812,ANFC,15.810070037841797,0.8100700378417969,1,thetao_ANFC_YTD_to_fcst_P1D.nc
97_dat,2026-02-14,20,3.945098876953125,ANFC,18.495559692382812,1.5044403076171875,1,thetao_ANFC_YTD_to_fcst_P1D.nc
97_dat,2026-02-14,30,4.007175445556641,ANFC,29.444730758666992,0.5552692413330078,1,thetao_ANFC_YTD_to_fcst_P1D.nc
97_dat,2026-02-15,5,3.7845044136047363,ANFC,5.078224182128906,0.07822418212890625,1,thetao_ANFC_YTD_to_fcst_P1D.nc
97_dat,2026-02-15,10,3.7795448303222656,ANFC,9.572997093200684,0.4270029067993164,1,thetao_ANFC_YTD_to_fcst_P1D.nc
97_dat,2026-02-15,15,3.7767186164855957,ANFC,15.810070037841797,0.8100700378417969,1,thetao_ANFC_YTD_to_fcst_P1D.nc
97_dat,2026-02-15,20,3.777954339981079,ANFC,18.495559692382812,1.5044403076171875,1,thetao_ANFC_YTD_to_fcst_P1D.nc
97_dat,2026-02-15,30,3.823855400085449,ANFC,29.444730758666992,0.5552692413330078,1,thetao_ANFC_YTD_to_fcst_P1D.nc
97_dat,2026-02-16,5,3.6184194087982178,ANFC,5.078224182128906,0.07822418212890625,1,thetao_ANFC_YTD_to_fcst_P1D.nc
97_dat,2026-02-16,10,3.6218395233154297,ANFC,9.572997093200684,0.4270029067993164,1,thetao_ANFC_YTD_to_fcst_P1D.nc
97_dat,2026-02-16,15,3.6298696994781494,ANFC,15.810070037841797,0.8100700378417969,1,thetao_ANFC_YTD_to_fcst_P1D.nc
97_dat,2026-02-16,20,3.639601945877075,ANFC,18.495559692382812,1.5044403076171875,1,thetao_ANFC_YTD_to_fcst_P1D.nc
97_dat,2026-02-16,30,3.7265515327453613,ANFC,29.444730758666992,0.5552692413330078,1,thetao_ANFC_YTD_to_fcst_P1D.nc
97_dat,2026-02-17,5,3.546875238418579,ANFC,5.078224182128906,0.07822418212890625,1,thetao_ANFC_YTD_to_fcst_P1D.nc
97_dat,2026-02-17,10,3.549668073654175,ANFC,9.572997093200684,0.4270029067993164,1,thetao_ANFC_YTD_to_fcst_P1D.nc
97_dat,2026-02-17,15,3.5565133094787598,ANFC,15.810070037841797,0.8100700378417969,1,thetao_ANFC_YTD_to_fcst_P1D.nc
97_dat,2026-02-17,20,3.568974256515503,ANFC,18.495559692382812,1.5044403076171875,1,thetao_ANFC_YTD_to_fcst_P1D.nc
97_dat,2026-02-17,30,3.6516921520233154,ANFC,29.444730758666992,0.5552692413330078,1,thetao_ANFC_YTD_to_fcst_P1D.nc
97_dat,2026-02-18,5,3.494204521179199,ANFC,5.078224182128906,0.07822418212890625,1,thetao_ANFC_YTD_to_fcst_P1D.nc
97_dat,2026-02-18,10,3.4953651428222656,ANFC,9.572997093200684,0.4270029067993164,1,thetao_ANFC_YTD_to_fcst_P1D.nc
97_dat,2026-02-18,15,3.4969797134399414,ANFC,15.810070037841797,0.8100700378417969,1,thetao_ANFC_YTD_to_fcst_P1D.nc
97_dat,2026-02-18,20,3.4982457160949707,ANFC,18.495559692382812,1.5044403076171875,1,thetao_ANFC_YTD_to_fcst_P1D.nc
97_dat,2026-02-18,30,3.526906728744507,ANFC,29.444730758666992,0.5552692413330078,1,thetao_ANFC_YTD_to_fcst_P1D.nc
97_dat,2026-02-19,5,3.444118022918701,ANFC,5.078224182128906,0.07822418212890625,1,thetao_ANFC_YTD_to_fcst_P1D.nc
97_dat,2026-02-19,10,3.4468185901641846,ANFC,9.572997093200684,0.4270029067993164,1,thetao_ANFC_YTD_to_fcst_P1D.nc
97_dat,2026-02-19,15,3.4497172832489014,ANFC,15.810070037841797,0.8100700378417969,1,thetao_ANFC_YTD_to_fcst_P1D.nc
97_dat,2026-02-19,20,3.450953245162964,ANFC,18.495559692382812,1.5044403076171875,1,thetao_ANFC_YTD_to_fcst_P1D.nc
97_dat,2026-02-19,30,3.4796783924102783,ANFC,29.444730758666992,0.5552692413330078,1,thetao_ANFC_YTD_to_fcst_P1D.nc
97_dat,2026-02-20,5,3.4431936740875244,ANFC,5.078224182128906,0.07822418212890625,1,thetao_ANFC_YTD_to_fcst_P1D.nc
97_dat,2026-02-20,10,3.4436092376708984,ANFC,9.572997093200684,0.4270029067993164,1,thetao_ANFC_YTD_to_fcst_P1D.nc
97_dat,2026-02-20,15,3.4501476287841797,ANFC,15.810070037841797,0.8100700378417969,1,thetao_ANFC_YTD_to_fcst_P1D.nc
97_dat,2026-02-20,20,3.4547462463378906,ANFC,18.495559692382812,1.5044403076171875,1,thetao_ANFC_YTD_to_fcst_P1D.nc
97_dat,2026-02-20,30,3.4981632232666016,ANFC,29.444730758666992,0.5552692413330078,1,thetao_ANFC_YTD_to_fcst_P1D.nc
97_dat,2026-02-21,5,3.500041961669922,ANFC,5.078224182128906,0.07822418212890625,1,thetao_ANFC_YTD_to_fcst_P1D.nc
97_dat,2026-02-21,10,3.473390817642212,ANFC,9.572997093200684,0.4270029067993164,1,thetao_ANFC_YTD_to_fcst_P1D.nc
97_dat,2026-02-21,15,3.456815719604492,ANFC,15.810070037841797,0.8100700378417969,1,thetao_ANFC_YTD_to_fcst_P1D.nc
97_dat,2026-02-21,20,3.4537978172302246,ANFC,18.495559692382812,1.5044403076171875,1,thetao_ANFC_YTD_to_fcst_P1D.nc
97_dat,2026-02-21,30,3.461989164352417,ANFC,29.444730758666992,0.5552692413330078,1,thetao_ANFC_YTD_to_fcst_P1D.nc
97_dat,2026-02-22,5,3.503570795059204,ANFC,5.078224182128906,0.07822418212890625,1,thetao_ANFC_YTD_to_fcst_P1D.nc
97_dat,2026-02-22,10,3.502750873565674,ANFC,9.572997093200684,0.4270029067993164,1,thetao_ANFC_YTD_to_fcst_P1D.nc
97_dat,2026-02-22,15,3.5014631748199463,ANFC,15.810070037841797,0.8100700378417969,1,thetao_ANFC_YTD_to_fcst_P1D.nc
97_dat,2026-02-22,20,3.500828742980957,ANFC,18.495559692382812,1.5044403076171875,1,thetao_ANFC_YTD_to_fcst_P1D.nc
97_dat,2026-02-22,30,3.5075697898864746,ANFC,29.444730758666992,0.5552692413330078,1,thetao_ANFC_YTD_to_fcst_P1D.nc
97_dat,2026-02-23,5,3.4736084938049316,ANFC,5.078224182128906,0.07822418212890625,1,thetao_ANFC_YTD_to_fcst_P1D.nc
97_dat,2026-02-23,10,3.475475549697876,ANFC,9.572997093200684,0.4270029067993164,1,thetao_ANFC_YTD_to_fcst_P1D.nc
97_dat,2026-02-23,15,3.4770939350128174,ANFC,15.810070037841797,0.8100700378417969,1,thetao_ANFC_YTD_to_fcst_P1D.nc
97_dat,2026-02-23,20,3.477621078491211,ANFC,18.495559692382812,1.5044403076171875,1,thetao_ANFC_YTD_to_fcst_P1D.nc
97_dat,2026-02-23,30,3.489088296890259,ANFC,29.444730758666992,0.5552692413330078,1,thetao_ANFC_YTD_to_fcst_P1D.nc
97_dat,2026-02-24,5,3.413458824157715,ANFC,5.078224182128906,0.07822418212890625,1,thetao_ANFC_YTD_to_fcst_P1D.nc
97_dat,2026-02-24,10,3.417902708053589,ANFC,9.572997093200684,0.4270029067993164,1,thetao_ANFC_YTD_to_fcst_P1D.nc
97_dat,2026-02-24,15,3.4234280586242676,ANFC,15.810070037841797,0.8100700378417969,1,thetao_ANFC_YTD_to_fcst_P1D.nc
97_dat,2026-02-24,20,3.426365375518799,ANFC,18.495559692382812,1.5044403076171875,1,thetao_ANFC_YTD_to_fcst_P1D.nc
97_dat,2026-02-24,30,3.4691247940063477,ANFC,29.444730758666992,0.5552692413330078,1,thetao_ANFC_YTD_to_fcst_P1D.nc
97_dat,2026-02-25,5,3.4476399421691895,ANFC,5.078224182128906,0.07822418212890625,1,thetao_ANFC_YTD_to_fcst_P1D.nc
97_dat,2026-02-25,10,3.419213056564331,ANFC,9.572997093200684,0.4270029067993164,1,thetao_ANFC_YTD_to_fcst_P1D.nc
97_dat,2026-02-25,15,3.406837224960327,ANFC,15.810070037841797,0.8100700378417969,1,thetao_ANFC_YTD_to_fcst_P1D.nc
97_dat,2026-02-25,20,3.410625457763672,ANFC,18.495559692382812,1.5044403076171875,1,thetao_ANFC_YTD_to_fcst_P1D.nc
97_dat,2026-02-25,30,3.4721875190734863,ANFC,29.444730758666992,0.5552692413330078,1,thetao_ANFC_YTD_to_fcst_P1D.nc
97_dat,2026-02-26,5,3.468372344970703,ANFC,5.078224182128906,0.07822418212890625,1,thetao_ANFC_YTD_to_fcst_P1D.nc
97_dat,2026-02-26,10,3.469026565551758,ANFC,9.572997093200684,0.4270029067993164,1,thetao_ANFC_YTD_to_fcst_P1D.nc
97_dat,2026-02-26,15,3.469822645187378,ANFC,15.810070037841797,0.8100700378417969,1,thetao_ANFC_YTD_to_fcst_P1D.nc
97_dat,2026-02-26,20,3.4702558517456055,ANFC,18.495559692382812,1.5044403076171875,1,thetao_ANFC_YTD_to_fcst_P1D.nc
97_dat,2026-02-26,30,3.4880428314208984,ANFC,29.444730758666992,0.5552692413330078,1,thetao_ANFC_YTD_to_fcst_P1D.nc
97_dat,2026-02-27,5,3.536374568939209,ANFC,5.078224182128906,0.07822418212890625,1,thetao_ANFC_YTD_to_fcst_P1D.nc
97_dat,2026-02-27,10,3.5399584770202637,ANFC,9.572997093200684,0.4270029067993164,1,thetao_ANFC_YTD_to_fcst_P1D.nc
97_dat,2026-02-27,15,3.537753105163574,ANFC,15.810070037841797,0.8100700378417969,1,thetao_ANFC_YTD_to_fcst_P1D.nc
97_dat,2026-02-27,20,3.5366759300231934,ANFC,18.495559692382812,1.5044403076171875,1,thetao_ANFC_YTD_to_fcst_P1D.nc
97_dat,2026-02-27,30,3.542945623397827,ANFC,29.444730758666992,0.5552692413330078,1,thetao_ANFC_YTD_to_fcst_P1D.nc
97_dat,2026-02-28,5,3.5780575275421143,ANFC,5.078224182128906,0.07822418212890625,1,thetao_ANFC_YTD_to_fcst_P1D.nc
97_dat,2026-02-28,10,3.5791332721710205,ANFC,9.572997093200684,0.4270029067993164,1,thetao_ANFC_YTD_to_fcst_P1D.nc
97_dat,2026-02-28,15,3.5782997608184814,ANFC,15.810070037841797,0.8100700378417969,1,thetao_ANFC_YTD_to_fcst_P1D.nc
97_dat,2026-02-28,20,3.5775647163391113,ANFC,18.495559692382812,1.5044403076171875,1,thetao_ANFC_YTD_to_fcst_P1D.nc
97_dat,2026-02-28,30,3.5772275924682617,ANFC,29.444730758666992,0.5552692413330078,1,thetao_ANFC_YTD_to_fcst_P1D.nc
97_dat,2026-03-01,5,3.5515711307525635,ANFC,5.078224182128906,0.07822418212890625,1,thetao_ANFC_YTD_to_fcst_P1D.nc
97_dat,2026-03-01,10,3.5543665885925293,ANFC,9.572997093200684,0.4270029067993164,1,thetao_ANFC_YTD_to_fcst_P1D.nc
97_dat,2026-03-01,15,3.5564842224121094,ANFC,15.810070037841797,0.8100700378417969,1,thetao_ANFC_YTD_to_fcst_P1D.nc
97_dat,2026-03-01,20,3.557128667831421,ANFC,18.495559692382812,1.5044403076171875,1,thetao_ANFC_YTD_to_fcst_P1D.nc
97_dat,2026-03-01,30,3.594688892364502,ANFC,29.444730758666992,0.5552692413330078,1,thetao_ANFC_YTD_to_fcst_P1D.nc
97_dat,2026-03-02,5,3.493563413619995,ANFC,5.078224182128906,0.07822418212890625,1,thetao_ANFC_YTD_to_fcst_P1D.nc
97_dat,2026-03-02,10,3.496790885925293,ANFC,9.572997093200684,0.4270029067993164,1,thetao_ANFC_YTD_to_fcst_P1D.nc
97_dat,2026-03-02,15,3.498342275619507,ANFC,15.810070037841797,0.8100700378417969,1,thetao_ANFC_YTD_to_fcst_P1D.nc
97_dat,2026-03-02,20,3.5000832080841064,ANFC,18.495559692382812,1.5044403076171875,1,thetao_ANFC_YTD_to_fcst_P1D.nc
97_dat,2026-03-02,30,3.5634267330169678,ANFC,29.444730758666992,0.5552692413330078,1,thetao_ANFC_YTD_to_fcst_P1D.nc
97_dat,2026-03-03,5,3.340196132659912,ANFC,5.078224182128906,0.07822418212890625,1,thetao_ANFC_YTD_to_fcst_P1D.nc
97_dat,2026-03-03,10,3.333881378173828,ANFC,9.572997093200684,0.4270029067993164,1,thetao_ANFC_YTD_to_fcst_P1D.nc
97_dat,2026-03-03,15,3.3342444896698,ANFC,15.810070037841797,0.8100700378417969,1,thetao_ANFC_YTD_to_fcst_P1D.nc
97_dat,2026-03-03,20,3.338481903076172,ANFC,18.495559692382812,1.5044403076171875,1,thetao_ANFC_YTD_to_fcst_P1D.nc
97_dat,2026-03-03,30,3.3542330265045166,ANFC,29.444730758666992,0.5552692413330078,1,thetao_ANFC_YTD_to_fcst_P1D.nc
97_dat,2026-03-04,5,3.1020166873931885,ANFC,5.078224182128906,0.07822418212890625,1,thetao_ANFC_YTD_to_fcst_P1D.nc
97_dat,2026-03-04,10,3.1441714763641357,ANFC,9.572997093200684,0.4270029067993164,1,thetao_ANFC_YTD_to_fcst_P1D.nc
97_dat,2026-03-04,15,3.1735920906066895,ANFC,15.810070037841797,0.8100700378417969,1,thetao_ANFC_YTD_to_fcst_P1D.nc
97_dat,2026-03-04,20,3.180771827697754,ANFC,18.495559692382812,1.5044403076171875,1,thetao_ANFC_YTD_to_fcst_P1D.nc
97_dat,2026-03-04,30,3.2080678939819336,ANFC,29.444730758666992,0.5552692413330078,1,thetao_ANFC_YTD_to_fcst_P1D.nc
97_dat,2026-03-05,5,3.036473512649536,ANFC,5.078224182128906,0.07822418212890625,1,thetao_ANFC_YTD_to_fcst_P1D.nc
97_dat,2026-03-05,10,3.0563814640045166,ANFC,9.572997093200684,0.4270029067993164,1,thetao_ANFC_YTD_to_fcst_P1D.nc
97_dat,2026-03-05,15,3.062941551208496,ANFC,15.810070037841797,0.8100700378417969,1,thetao_ANFC_YTD_to_fcst_P1D.nc
97_dat,2026-03-05,20,3.0668747425079346,ANFC,18.495559692382812,1.5044403076171875,1,thetao_ANFC_YTD_to_fcst_P1D.nc
97_dat,2026-03-05,30,3.089402914047241,ANFC,29.444730758666992,0.5552692413330078,1,thetao_ANFC_YTD_to_fcst_P1D.nc
97_dat,2026-03-06,5,3.022266149520874,ANFC,5.078224182128906,0.07822418212890625,1,thetao_ANFC_YTD_to_fcst_P1D.nc
97_dat,2026-03-06,10,3.0041139125823975,ANFC,9.572997093200684,0.4270029067993164,1,thetao_ANFC_YTD_to_fcst_P1D.nc
97_dat,2026-03-06,15,2.99346923828125,ANFC,15.810070037841797,0.8100700378417969,1,thetao_ANFC_YTD_to_fcst_P1D.nc
97_dat,2026-03-06,20,2.988206148147583,ANFC,18.495559692382812,1.5044403076171875,1,thetao_ANFC_YTD_to_fcst_P1D.nc
97_dat,2026-03-06,30,2.985152006149292,ANFC,29.444730758666992,0.5552692413330078,1,thetao_ANFC_YTD_to_fcst_P1D.nc
97_dat,2026-03-07,5,2.7885825634002686,ANFC,5.078224182128906,0.07822418212890625,1,thetao_ANFC_YTD_to_fcst_P1D.nc
97_dat,2026-03-07,10,2.7899444103240967,ANFC,9.572997093200684,0.4270029067993164,1,thetao_ANFC_YTD_to_fcst_P1D.nc
97_dat,2026-03-07,15,2.792465925216675,ANFC,15.810070037841797,0.8100700378417969,1,thetao_ANFC_YTD_to_fcst_P1D.nc
97_dat,2026-03-07,20,2.7937045097351074,ANFC,18.495559692382812,1.5044403076171875,1,thetao_ANFC_YTD_to_fcst_P1D.nc
97_dat,2026-03-07,30,2.7904698848724365,ANFC,29.444730758666992,0.5552692413330078,1,thetao_ANFC_YTD_to_fcst_P1D.nc
97_dat,2026-03-08,5,2.7386579513549805,ANFC,5.078224182128906,0.07822418212890625,1,thetao_ANFC_YTD_to_fcst_P1D.nc
97_dat,2026-03-08,10,2.7397983074188232,ANFC,9.572997093200684,0.4270029067993164,1,thetao_ANFC_YTD_to_fcst_P1D.nc
97_dat,2026-03-08,15,2.740265369415283,ANFC,15.810070037841797,0.8100700378417969,1,thetao_ANFC_YTD_to_fcst_P1D.nc
97_dat,2026-03-08,20,2.740614652633667,ANFC,18.495559692382812,1.5044403076171875,1,thetao_ANFC_YTD_to_fcst_P1D.nc
97_dat,2026-03-08,30,2.73764967918396,ANFC,29.444730758666992,0.5552692413330078,1,thetao_ANFC_YTD_to_fcst_P1D.nc
97_dat,2026-03-09,5,2.77288556098938,ANFC,5.078224182128906,0.07822418212890625,1,thetao_ANFC_YTD_to_fcst_P1D.nc
97_dat,2026-03-09,10,2.772754192352295,ANFC,9.572997093200684,0.4270029067993164,1,thetao_ANFC_YTD_to_fcst_P1D.nc
97_dat,2026-03-09,15,2.769033908843994,ANFC,15.810070037841797,0.8100700378417969,1,thetao_ANFC_YTD_to_fcst_P1D.nc
97_dat,2026-03-09,20,2.7711808681488037,ANFC,18.495559692382812,1.5044403076171875,1,thetao_ANFC_YTD_to_fcst_P1D.nc
97_dat,2026-03-09,30,2.759155511856079,ANFC,29.444730758666992,0.5552692413330078,1,thetao_ANFC_YTD_to_fcst_P1D.nc
97_dat,2026-03-10,5,2.832164764404297,ANFC,5.078224182128906,0.07822418212890625,1,thetao_ANFC_YTD_to_fcst_P1D.nc
97_dat,2026-03-10,10,2.7987759113311768,ANFC,9.572997093200684,0.4270029067993164,1,thetao_ANFC_YTD_to_fcst_P1D.nc
97_dat,2026-03-10,15,2.769589424133301,ANFC,15.810070037841797,0.8100700378417969,1,thetao_ANFC_YTD_to_fcst_P1D.nc
97_dat,2026-03-10,20,2.766008138656616,ANFC,18.495559692382812,1.5044403076171875,1,thetao_ANFC_YTD_to_fcst_P1D.nc
97_dat,2026-03-10,30,2.7566044330596924,ANFC,29.444730758666992,0.5552692413330078,1,thetao_ANFC_YTD_to_fcst_P1D.nc
97_dat,2026-03-11,5,2.8192288875579834,ANFC,5.078224182128906,0.07822418212890625,1,thetao_ANFC_YTD_to_fcst_P1D.nc
97_dat,2026-03-11,10,2.812408208847046,ANFC,9.572997093200684,0.4270029067993164,1,thetao_ANFC_YTD_to_fcst_P1D.nc
97_dat,2026-03-11,15,2.774329900741577,ANFC,15.810070037841797,0.8100700378417969,1,thetao_ANFC_YTD_to_fcst_P1D.nc
97_dat,2026-03-11,20,2.761775255203247,ANFC,18.495559692382812,1.5044403076171875,1,thetao_ANFC_YTD_to_fcst_P1D.nc
97_dat,2026-03-11,30,2.752680778503418,ANFC,29.444730758666992,0.5552692413330078,1,thetao_ANFC_YTD_to_fcst_P1D.nc
97_dat,2026-03-12,5,2.731757164001465,ANFC,5.078224182128906,0.07822418212890625,1,thetao_ANFC_YTD_to_fcst_P1D.nc
97_dat,2026-03-12,10,2.736057758331299,ANFC,9.572997093200684,0.4270029067993164,1,thetao_ANFC_YTD_to_fcst_P1D.nc
97_dat,2026-03-12,15,2.7360689640045166,ANFC,15.810070037841797,0.8100700378417969,1,thetao_ANFC_YTD_to_fcst_P1D.nc
97_dat,2026-03-12,20,2.732091188430786,ANFC,18.495559692382812,1.5044403076171875,1,thetao_ANFC_YTD_to_fcst_P1D.nc
97_dat,2026-03-12,30,2.734666585922241,ANFC,29.444730758666992,0.5552692413330078,1,thetao_ANFC_YTD_to_fcst_P1D.nc
97_dat,2026-03-13,5,2.6906957626342773,ANFC,5.078224182128906,0.07822418212890625,1,thetao_ANFC_YTD_to_fcst_P1D.nc
97_dat,2026-03-13,10,2.6880908012390137,ANFC,9.572997093200684,0.4270029067993164,1,thetao_ANFC_YTD_to_fcst_P1D.nc
97_dat,2026-03-13,15,2.673996925354004,ANFC,15.810070037841797,0.8100700378417969,1,thetao_ANFC_YTD_to_fcst_P1D.nc
97_dat,2026-03-13,20,2.666919708251953,ANFC,18.495559692382812,1.5044403076171875,1,thetao_ANFC_YTD_to_fcst_P1D.nc
97_dat,2026-03-13,30,2.6863014698028564,ANFC,29.444730758666992,0.5552692413330078,1,thetao_ANFC_YTD_to_fcst_P1D.nc
97_dat,2026-03-14,5,2.819065570831299,ANFC,5.078224182128906,0.07822418212890625,1,thetao_ANFC_YTD_to_fcst_P1D.nc
97_dat,2026-03-14,10,2.741701602935791,ANFC,9.572997093200684,0.4270029067993164,1,thetao_ANFC_YTD_to_fcst_P1D.nc
97_dat,2026-03-14,15,2.66683292388916,ANFC,15.810070037841797,0.8100700378417969,1,thetao_ANFC_YTD_to_fcst_P1D.nc
97_dat,2026-03-14,20,2.6616735458374023,ANFC,18.495559692382812,1.5044403076171875,1,thetao_ANFC_YTD_to_fcst_P1D.nc
97_dat,2026-03-14,30,2.690101146697998,ANFC,29.444730758666992,0.5552692413330078,1,thetao_ANFC_YTD_to_fcst_P1D.nc
97_dat,2026-03-15,5,2.9046196937561035,ANFC,5.078224182128906,0.07822418212890625,1,thetao_ANFC_YTD_to_fcst_P1D.nc
97_dat,2026-03-15,10,2.8333494663238525,ANFC,9.572997093200684,0.4270029067993164,1,thetao_ANFC_YTD_to_fcst_P1D.nc
97_dat,2026-03-15,15,2.7075436115264893,ANFC,15.810070037841797,0.8100700378417969,1,thetao_ANFC_YTD_to_fcst_P1D.nc
97_dat,2026-03-15,20,2.6869423389434814,ANFC,18.495559692382812,1.5044403076171875,1,thetao_ANFC_YTD_to_fcst_P1D.nc
97_dat,2026-03-15,30,2.678666830062866,ANFC,29.444730758666992,0.5552692413330078,1,thetao_ANFC_YTD_to_fcst_P1D.nc
97_dat,2026-03-16,5,2.90588116645813,ANFC,5.078224182128906,0.07822418212890625,1,thetao_ANFC_YTD_to_fcst_P1D.nc
97_dat,2026-03-16,10,2.893369674682617,ANFC,9.572997093200684,0.4270029067993164,1,thetao_ANFC_YTD_to_fcst_P1D.nc
97_dat,2026-03-16,15,2.839113712310791,ANFC,15.810070037841797,0.8100700378417969,1,thetao_ANFC_YTD_to_fcst_P1D.nc
97_dat,2026-03-16,20,2.766573190689087,ANFC,18.495559692382812,1.5044403076171875,1,thetao_ANFC_YTD_to_fcst_P1D.nc
97_dat,2026-03-16,30,2.6711881160736084,ANFC,29.444730758666992,0.5552692413330078,1,thetao_ANFC_YTD_to_fcst_P1D.nc
97_dat,2026-03-17,5,3.0546274185180664,ANFC,5.078224182128906,0.07822418212890625,1,thetao_ANFC_YTD_to_fcst_P1D.nc
97_dat,2026-03-17,10,3.0297093391418457,ANFC,9.572997093200684,0.4270029067993164,1,thetao_ANFC_YTD_to_fcst_P1D.nc
97_dat,2026-03-17,15,2.855118989944458,ANFC,15.810070037841797,0.8100700378417969,1,thetao_ANFC_YTD_to_fcst_P1D.nc
97_dat,2026-03-17,20,2.7828266620635986,ANFC,18.495559692382812,1.5044403076171875,1,thetao_ANFC_YTD_to_fcst_P1D.nc
97_dat,2026-03-17,30,2.6815574169158936,ANFC,29.444730758666992,0.5552692413330078,1,thetao_ANFC_YTD_to_fcst_P1D.nc
97_dat,2026-03-18,5,3.181680917739868,ANFC,5.078224182128906,0.07822418212890625,1,thetao_ANFC_YTD_to_fcst_P1D.nc
97_dat,2026-03-18,10,3.099623918533325,ANFC,9.572997093200684,0.4270029067993164,1,thetao_ANFC_YTD_to_fcst_P1D.nc
97_dat,2026-03-18,15,2.937206745147705,ANFC,15.810070037841797,0.8100700378417969,1,thetao_ANFC_YTD_to_fcst_P1D.nc
97_dat,2026-03-18,20,2.8400216102600098,ANFC,18.495559692382812,1.5044403076171875,1,thetao_ANFC_YTD_to_fcst_P1D.nc
97_dat,2026-03-18,30,2.6868526935577393,ANFC,29.444730758666992,0.5552692413330078,1,thetao_ANFC_YTD_to_fcst_P1D.nc
97_dat,2026-03-19,5,3.1734306812286377,ANFC,5.078224182128906,0.07822418212890625,1,thetao_ANFC_YTD_to_fcst_P1D.nc
97_dat,2026-03-19,10,3.1734862327575684,ANFC,9.572997093200684,0.4270029067993164,1,thetao_ANFC_YTD_to_fcst_P1D.nc
97_dat,2026-03-19,15,3.1521120071411133,ANFC,15.810070037841797,0.8100700378417969,1,thetao_ANFC_YTD_to_fcst_P1D.nc
97_dat,2026-03-19,20,3.115630865097046,ANFC,18.495559692382812,1.5044403076171875,1,thetao_ANFC_YTD_to_fcst_P1D.nc
97_dat,2026-03-19,30,2.728541374206543,ANFC,29.444730758666992,0.5552692413330078,1,thetao_ANFC_YTD_to_fcst_P1D.nc
97_dat,2026-03-20,5,3.2124407291412354,ANFC,5.078224182128906,0.07822418212890625,1,thetao_ANFC_YTD_to_fcst_P1D.nc
97_dat,2026-03-20,10,3.17490816116333,ANFC,9.572997093200684,0.4270029067993164,1,thetao_ANFC_YTD_to_fcst_P1D.nc
97_dat,2026-03-20,15,3.1497225761413574,ANFC,15.810070037841797,0.8100700378417969,1,thetao_ANFC_YTD_to_fcst_P1D.nc
97_dat,2026-03-20,20,3.131714344024658,ANFC,18.495559692382812,1.5044403076171875,1,thetao_ANFC_YTD_to_fcst_P1D.nc
97_dat,2026-03-20,30,2.8468031883239746,ANFC,29.444730758666992,0.5552692413330078,1,thetao_ANFC_YTD_to_fcst_P1D.nc
97_dat,2026-03-21,5,3.1913018226623535,ANFC,5.078224182128906,0.07822418212890625,1,thetao_ANFC_YTD_to_fcst_P1D.nc
97_dat,2026-03-21,10,3.1921911239624023,ANFC,9.572997093200684,0.4270029067993164,1,thetao_ANFC_YTD_to_fcst_P1D.nc
97_dat,2026-03-21,15,3.193464994430542,ANFC,15.810070037841797,0.8100700378417969,1,thetao_ANFC_YTD_to_fcst_P1D.nc
97_dat,2026-03-21,20,3.193157196044922,ANFC,18.495559692382812,1.5044403076171875,1,thetao_ANFC_YTD_to_fcst_P1D.nc
97_dat,2026-03-21,30,3.1650173664093018,ANFC,29.444730758666992,0.5552692413330078,1,thetao_ANFC_YTD_to_fcst_P1D.nc
97_dat,2026-03-22,5,3.3764455318450928,ANFC,5.078224182128906,0.07822418212890625,1,thetao_ANFC_YTD_to_fcst_P1D.nc
97_dat,2026-03-22,10,3.286808490753174,ANFC,9.572997093200684,0.4270029067993164,1,thetao_ANFC_YTD_to_fcst_P1D.nc
97_dat,2026-03-22,15,3.2481110095977783,ANFC,15.810070037841797,0.8100700378417969,1,thetao_ANFC_YTD_to_fcst_P1D.nc
97_dat,2026-03-22,20,3.242799997329712,ANFC,18.495559692382812,1.5044403076171875,1,thetao_ANFC_YTD_to_fcst_P1D.nc
97_dat,2026-03-22,30,3.2405667304992676,ANFC,29.444730758666992,0.5552692413330078,1,thetao_ANFC_YTD_to_fcst_P1D.nc
97_dat,2026-03-23,5,3.4505441188812256,ANFC,5.078224182128906,0.07822418212890625,1,thetao_ANFC_YTD_to_fcst_P1D.nc
97_dat,2026-03-23,10,3.3670146465301514,ANFC,9.572997093200684,0.4270029067993164,1,thetao_ANFC_YTD_to_fcst_P1D.nc
97_dat,2026-03-23,15,3.276287317276001,ANFC,15.810070037841797,0.8100700378417969,1,thetao_ANFC_YTD_to_fcst_P1D.nc
97_dat,2026-03-23,20,3.2644968032836914,ANFC,18.495559692382812,1.5044403076171875,1,thetao_ANFC_YTD_to_fcst_P1D.nc
97_dat,2026-03-23,30,3.2673208713531494,ANFC,29.444730758666992,0.5552692413330078,1,thetao_ANFC_YTD_to_fcst_P1D.nc
97_dat,2026-03-24,5,3.5626039505004883,ANFC,5.078224182128906,0.07822418212890625,1,thetao_ANFC_YTD_to_fcst_P1D.nc
97_dat,2026-03-24,10,3.3910226821899414,ANFC,9.572997093200684,0.4270029067993164,1,thetao_ANFC_YTD_to_fcst_P1D.nc
97_dat,2026-03-24,15,3.28960919380188,ANFC,15.810070037841797,0.8100700378417969,1,thetao_ANFC_YTD_to_fcst_P1D.nc
97_dat,2026-03-24,20,3.2766165733337402,ANFC,18.495559692382812,1.5044403076171875,1,thetao_ANFC_YTD_to_fcst_P1D.nc
97_dat,2026-03-24,30,3.2952020168304443,ANFC,29.444730758666992,0.5552692413330078,1,thetao_ANFC_YTD_to_fcst_P1D.nc
97_dat,2026-03-25,5,3.6493606567382812,ANFC,5.078224182128906,0.07822418212890625,1,thetao_ANFC_YTD_to_fcst_P1D.nc
97_dat,2026-03-25,10,3.5271637439727783,ANFC,9.572997093200684,0.4270029067993164,1,thetao_ANFC_YTD_to_fcst_P1D.nc
97_dat,2026-03-25,15,3.345592737197876,ANFC,15.810070037841797,0.8100700378417969,1,thetao_ANFC_YTD_to_fcst_P1D.nc
97_dat,2026-03-25,20,3.305300712585449,ANFC,18.495559692382812,1.5044403076171875,1,thetao_ANFC_YTD_to_fcst_P1D.nc
97_dat,2026-03-25,30,3.3052351474761963,ANFC,29.444730758666992,0.5552692413330078,1,thetao_ANFC_YTD_to_fcst_P1D.nc
97_dat,2026-03-26,5,3.61503005027771,ANFC,5.078224182128906,0.07822418212890625,1,thetao_ANFC_YTD_to_fcst_P1D.nc
97_dat,2026-03-26,10,3.600362539291382,ANFC,9.572997093200684,0.4270029067993164,1,thetao_ANFC_YTD_to_fcst_P1D.nc
97_dat,2026-03-26,15,3.529045820236206,ANFC,15.810070037841797,0.8100700378417969,1,thetao_ANFC_YTD_to_fcst_P1D.nc
97_dat,2026-03-26,20,3.468550682067871,ANFC,18.495559692382812,1.5044403076171875,1,thetao_ANFC_YTD_to_fcst_P1D.nc
97_dat,2026-03-26,30,3.2806684970855713,ANFC,29.444730758666992,0.5552692413330078,1,thetao_ANFC_YTD_to_fcst_P1D.nc
97_dat,2026-03-27,5,3.423029899597168,ANFC,5.078224182128906,0.07822418212890625,1,thetao_ANFC_YTD_to_fcst_P1D.nc
97_dat,2026-03-27,10,3.445498466491699,ANFC,9.572997093200684,0.4270029067993164,1,thetao_ANFC_YTD_to_fcst_P1D.nc
97_dat,2026-03-27,15,3.4564132690429688,ANFC,15.810070037841797,0.8100700378417969,1,thetao_ANFC_YTD_to_fcst_P1D.nc
97_dat,2026-03-27,20,3.452460289001465,ANFC,18.495559692382812,1.5044403076171875,1,thetao_ANFC_YTD_to_fcst_P1D.nc
97_dat,2026-03-27,30,3.278937578201294,ANFC,29.444730758666992,0.5552692413330078,1,thetao_ANFC_YTD_to_fcst_P1D.nc
97_dat,2026-03-28,5,3.3826794624328613,ANFC,5.078224182128906,0.07822418212890625,1,thetao_ANFC_YTD_to_fcst_P1D.nc
97_dat,2026-03-28,10,3.3615548610687256,ANFC,9.572997093200684,0.4270029067993164,1,thetao_ANFC_YTD_to_fcst_P1D.nc
97_dat,2026-03-28,15,3.332240104675293,ANFC,15.810070037841797,0.8100700378417969,1,thetao_ANFC_YTD_to_fcst_P1D.nc
97_dat,2026-03-28,20,3.318114995956421,ANFC,18.495559692382812,1.5044403076171875,1,thetao_ANFC_YTD_to_fcst_P1D.nc
97_dat,2026-03-28,30,3.248107433319092,ANFC,29.444730758666992,0.5552692413330078,1,thetao_ANFC_YTD_to_fcst_P1D.nc
97_dat,2026-03-29,5,3.490556240081787,ANFC,5.078224182128906,0.07822418212890625,1,thetao_ANFC_YTD_to_fcst_P1D.nc
97_dat,2026-03-29,10,3.370922803878784,ANFC,9.572997093200684,0.4270029067993164,1,thetao_ANFC_YTD_to_fcst_P1D.nc
97_dat,2026-03-29,15,3.2401697635650635,ANFC,15.810070037841797,0.8100700378417969,1,thetao_ANFC_YTD_to_fcst_P1D.nc
97_dat,2026-03-29,20,3.1995046138763428,ANFC,18.495559692382812,1.5044403076171875,1,thetao_ANFC_YTD_to_fcst_P1D.nc
97_dat,2026-03-29,30,3.1016902923583984,ANFC,29.444730758666992,0.5552692413330078,1,thetao_ANFC_YTD_to_fcst_P1D.nc
97_dat,2026-03-30,5,3.692899703979492,ANFC,5.078224182128906,0.07822418212890625,1,thetao_ANFC_YTD_to_fcst_P1D.nc
97_dat,2026-03-30,10,3.6435494422912598,ANFC,9.572997093200684,0.4270029067993164,1,thetao_ANFC_YTD_to_fcst_P1D.nc
97_dat,2026-03-30,15,3.489100217819214,ANFC,15.810070037841797,0.8100700378417969,1,thetao_ANFC_YTD_to_fcst_P1D.nc
97_dat,2026-03-30,20,3.4303877353668213,ANFC,18.495559692382812,1.5044403076171875,1,thetao_ANFC_YTD_to_fcst_P1D.nc
97_dat,2026-03-30,30,3.0568692684173584,ANFC,29.444730758666992,0.5552692413330078,1,thetao_ANFC_YTD_to_fcst_P1D.nc
97_dat,2026-03-31,5,3.719395875930786,ANFC,5.078224182128906,0.07822418212890625,1,thetao_ANFC_YTD_to_fcst_P1D.nc
97_dat,2026-03-31,10,3.6489391326904297,ANFC,9.572997093200684,0.4270029067993164,1,thetao_ANFC_YTD_to_fcst_P1D.nc
97_dat,2026-03-31,15,3.56062650680542,ANFC,15.810070037841797,0.8100700378417969,1,thetao_ANFC_YTD_to_fcst_P1D.nc
97_dat,2026-03-31,20,3.5166728496551514,ANFC,18.495559692382812,1.5044403076171875,1,thetao_ANFC_YTD_to_fcst_P1D.nc
97_dat,2026-03-31,30,3.0333995819091797,ANFC,29.444730758666992,0.5552692413330078,1,thetao_ANFC_YTD_to_fcst_P1D.nc
97_dat,2026-04-01,5,3.9296302795410156,ANFC,5.078224182128906,0.07822418212890625,1,thetao_ANFC_YTD_to_fcst_P1D.nc
97_dat,2026-04-01,10,3.7286181449890137,ANFC,9.572997093200684,0.4270029067993164,1,thetao_ANFC_YTD_to_fcst_P1D.nc
97_dat,2026-04-01,15,3.5304203033447266,ANFC,15.810070037841797,0.8100700378417969,1,thetao_ANFC_YTD_to_fcst_P1D.nc
97_dat,2026-04-01,20,3.4406490325927734,ANFC,18.495559692382812,1.5044403076171875,1,thetao_ANFC_YTD_to_fcst_P1D.nc
97_dat,2026-04-01,30,2.9648709297180176,ANFC,29.444730758666992,0.5552692413330078,1,thetao_ANFC_YTD_to_fcst_P1D.nc
97_dat,2026-04-02,5,4.022024631500244,ANFC,5.078224182128906,0.07822418212890625,1,thetao_ANFC_YTD_to_fcst_P1D.nc
97_dat,2026-04-02,10,3.9479410648345947,ANFC,9.572997093200684,0.4270029067993164,1,thetao_ANFC_YTD_to_fcst_P1D.nc
97_dat,2026-04-02,15,3.7232515811920166,ANFC,15.810070037841797,0.8100700378417969,1,thetao_ANFC_YTD_to_fcst_P1D.nc
97_dat,2026-04-02,20,3.597994327545166,ANFC,18.495559692382812,1.5044403076171875,1,thetao_ANFC_YTD_to_fcst_P1D.nc
97_dat,2026-04-02,30,3.0009191036224365,ANFC,29.444730758666992,0.5552692413330078,1,thetao_ANFC_YTD_to_fcst_P1D.nc
97_dat,2026-04-03,5,4.202836990356445,ANFC,5.078224182128906,0.07822418212890625,1,thetao_ANFC_YTD_to_fcst_P1D.nc
97_dat,2026-04-03,10,3.878727674484253,ANFC,9.572997093200684,0.4270029067993164,1,thetao_ANFC_YTD_to_fcst_P1D.nc
97_dat,2026-04-03,15,3.5279605388641357,ANFC,15.810070037841797,0.8100700378417969,1,thetao_ANFC_YTD_to_fcst_P1D.nc
97_dat,2026-04-03,20,3.3821146488189697,ANFC,18.495559692382812,1.5044403076171875,1,thetao_ANFC_YTD_to_fcst_P1D.nc
97_dat,2026-04-03,30,2.929628372192383,ANFC,29.444730758666992,0.5552692413330078,1,thetao_ANFC_YTD_to_fcst_P1D.nc
97_dat,2026-04-04,5,4.50131893157959,ANFC,5.078224182128906,0.07822418212890625,1,thetao_ANFC_YTD_to_fcst_P1D.nc
97_dat,2026-04-04,10,4.268942356109619,ANFC,9.572997093200684,0.4270029067993164,1,thetao_ANFC_YTD_to_fcst_P1D.nc
97_dat,2026-04-04,15,3.829056978225708,ANFC,15.810070037841797,0.8100700378417969,1,thetao_ANFC_YTD_to_fcst_P1D.nc
97_dat,2026-04-04,20,3.6026289463043213,ANFC,18.495559692382812,1.5044403076171875,1,thetao_ANFC_YTD_to_fcst_P1D.nc
97_dat,2026-04-04,30,3.0088491439819336,ANFC,29.444730758666992,0.5552692413330078,1,thetao_ANFC_YTD_to_fcst_P1D.nc
97_dat,2026-04-05,5,4.6790852546691895,ANFC,5.078224182128906,0.07822418212890625,1,thetao_ANFC_YTD_to_fcst_P1D.nc
97_dat,2026-04-05,10,4.454307556152344,ANFC,9.572997093200684,0.4270029067993164,1,thetao_ANFC_YTD_to_fcst_P1D.nc
97_dat,2026-04-05,15,4.07371187210083,ANFC,15.810070037841797,0.8100700378417969,1,thetao_ANFC_YTD_to_fcst_P1D.nc
97_dat,2026-04-05,20,3.842576503753662,ANFC,18.495559692382812,1.5044403076171875,1,thetao_ANFC_YTD_to_fcst_P1D.nc
97_dat,2026-04-05,30,3.087862014770508,ANFC,29.444730758666992,0.5552692413330078,1,thetao_ANFC_YTD_to_fcst_P1D.nc
97_dat,2026-04-06,5,4.650691986083984,ANFC,5.078224182128906,0.07822418212890625,1,thetao_ANFC_YTD_to_fcst_P1D.nc
97_dat,2026-04-06,10,4.558074951171875,ANFC,9.572997093200684,0.4270029067993164,1,thetao_ANFC_YTD_to_fcst_P1D.nc
97_dat,2026-04-06,15,4.32437801361084,ANFC,15.810070037841797,0.8100700378417969,1,thetao_ANFC_YTD_to_fcst_P1D.nc
97_dat,2026-04-06,20,4.1610493659973145,ANFC,18.495559692382812,1.5044403076171875,1,thetao_ANFC_YTD_to_fcst_P1D.nc
97_dat,2026-04-06,30,3.239997625350952,ANFC,29.444730758666992,0.5552692413330078,1,thetao_ANFC_YTD_to_fcst_P1D.nc
97_dat,2026-04-07,5,4.588609218597412,ANFC,5.078224182128906,0.07822418212890625,1,thetao_ANFC_YTD_to_fcst_P1D.nc
97_dat,2026-04-07,10,4.570154190063477,ANFC,9.572997093200684,0.4270029067993164,1,thetao_ANFC_YTD_to_fcst_P1D.nc
97_dat,2026-04-07,15,4.455715656280518,ANFC,15.810070037841797,0.8100700378417969,1,thetao_ANFC_YTD_to_fcst_P1D.nc
97_dat,2026-04-07,20,4.392550468444824,ANFC,18.495559692382812,1.5044403076171875,1,thetao_ANFC_YTD_to_fcst_P1D.nc
97_dat,2026-04-07,30,3.4161794185638428,ANFC,29.444730758666992,0.5552692413330078,1,thetao_ANFC_YTD_to_fcst_P1D.nc
97_dat,2026-04-08,5,4.988410949707031,ANFC,5.078224182128906,0.07822418212890625,1,thetao_ANFC_YTD_to_fcst_P1D.nc
97_dat,2026-04-08,10,4.679816246032715,ANFC,9.572997093200684,0.4270029067993164,1,thetao_ANFC_YTD_to_fcst_P1D.nc
97_dat,2026-04-08,15,4.161677837371826,ANFC,15.810070037841797,0.8100700378417969,1,thetao_ANFC_YTD_to_fcst_P1D.nc
97_dat,2026-04-08,20,3.957099199295044,ANFC,18.495559692382812,1.5044403076171875,1,thetao_ANFC_YTD_to_fcst_P1D.nc
97_dat,2026-04-08,30,3.2932348251342773,ANFC,29.444730758666992,0.5552692413330078,1,thetao_ANFC_YTD_to_fcst_P1D.nc
97_dat,2026-04-09,5,5.237988471984863,ANFC,5.078224182128906,0.07822418212890625,1,thetao_ANFC_YTD_to_fcst_P1D.nc
97_dat,2026-04-09,10,4.995718955993652,ANFC,9.572997093200684,0.4270029067993164,1,thetao_ANFC_YTD_to_fcst_P1D.nc
97_dat,2026-04-09,15,4.139710903167725,ANFC,15.810070037841797,0.8100700378417969,1,thetao_ANFC_YTD_to_fcst_P1D.nc
97_dat,2026-04-09,20,3.9894256591796875,ANFC,18.495559692382812,1.5044403076171875,1,thetao_ANFC_YTD_to_fcst_P1D.nc
97_dat,2026-04-09,30,3.3388805389404297,ANFC,29.444730758666992,0.5552692413330078,1,thetao_ANFC_YTD_to_fcst_P1D.nc
97_dat,2026-04-10,5,5.304969787597656,ANFC,5.078224182128906,0.07822418212890625,1,thetao_ANFC_YTD_to_fcst_P1D.nc
97_dat,2026-04-10,10,5.133808612823486,ANFC,9.572997093200684,0.4270029067993164,1,thetao_ANFC_YTD_to_fcst_P1D.nc
97_dat,2026-04-10,15,4.524939060211182,ANFC,15.810070037841797,0.8100700378417969,1,thetao_ANFC_YTD_to_fcst_P1D.nc
97_dat,2026-04-10,20,4.332954406738281,ANFC,18.495559692382812,1.5044403076171875,1,thetao_ANFC_YTD_to_fcst_P1D.nc
97_dat,2026-04-10,30,3.4751169681549072,ANFC,29.444730758666992,0.5552692413330078,1,thetao_ANFC_YTD_to_fcst_P1D.nc
97_dat,2026-04-11,5,5.2763447761535645,ANFC,5.078224182128906,0.07822418212890625,1,thetao_ANFC_YTD_to_fcst_P1D.nc
97_dat,2026-04-11,10,5.2722086906433105,ANFC,9.572997093200684,0.4270029067993164,1,thetao_ANFC_YTD_to_fcst_P1D.nc
97_dat,2026-04-11,15,5.198023796081543,ANFC,15.810070037841797,0.8100700378417969,1,thetao_ANFC_YTD_to_fcst_P1D.nc
97_dat,2026-04-11,20,5.020388603210449,ANFC,18.495559692382812,1.5044403076171875,1,thetao_ANFC_YTD_to_fcst_P1D.nc
97_dat,2026-04-11,30,3.5231447219848633,ANFC,29.444730758666992,0.5552692413330078,1,thetao_ANFC_YTD_to_fcst_P1D.nc
97_dat,2026-04-12,5,5.432565212249756,ANFC,5.078224182128906,0.07822418212890625,1,thetao_ANFC_YTD_to_fcst_P1D.nc
97_dat,2026-04-12,10,5.2005615234375,ANFC,9.572997093200684,0.4270029067993164,1,thetao_ANFC_YTD_to_fcst_P1D.nc
97_dat,2026-04-12,15,4.516529083251953,ANFC,15.810070037841797,0.8100700378417969,1,thetao_ANFC_YTD_to_fcst_P1D.nc
97_dat,2026-04-12,20,4.269489765167236,ANFC,18.495559692382812,1.5044403076171875,1,thetao_ANFC_YTD_to_fcst_P1D.nc
97_dat,2026-04-12,30,3.4611918926239014,ANFC,29.444730758666992,0.5552692413330078,1,thetao_ANFC_YTD_to_fcst_P1D.nc
97_dat,2026-04-13,5,5.286911487579346,ANFC,5.078224182128906,0.07822418212890625,1,thetao_ANFC_YTD_to_fcst_P1D.nc
97_dat,2026-04-13,10,4.775886058807373,ANFC,9.572997093200684,0.4270029067993164,1,thetao_ANFC_YTD_to_fcst_P1D.nc
97_dat,2026-04-13,15,4.250316619873047,ANFC,15.810070037841797,0.8100700378417969,1,thetao_ANFC_YTD_to_fcst_P1D.nc
97_dat,2026-04-13,20,4.06497049331665,ANFC,18.495559692382812,1.5044403076171875,1,thetao_ANFC_YTD_to_fcst_P1D.nc
97_dat,2026-04-13,30,3.5187366008758545,ANFC,29.444730758666992,0.5552692413330078,1,thetao_ANFC_YTD_to_fcst_P1D.nc
97_dat,2026-04-14,5,5.083770275115967,ANFC,5.078224182128906,0.07822418212890625,1,thetao_ANFC_YTD_to_fcst_P1D.nc
97_dat,2026-04-14,10,4.694401741027832,ANFC,9.572997093200684,0.4270029067993164,1,thetao_ANFC_YTD_to_fcst_P1D.nc
97_dat,2026-04-14,15,4.1194915771484375,ANFC,15.810070037841797,0.8100700378417969,1,thetao_ANFC_YTD_to_fcst_P1D.nc
97_dat,2026-04-14,20,3.9415321350097656,ANFC,18.495559692382812,1.5044403076171875,1,thetao_ANFC_YTD_to_fcst_P1D.nc
97_dat,2026-04-14,30,3.5745015144348145,ANFC,29.444730758666992,0.5552692413330078,1,thetao_ANFC_YTD_to_fcst_P1D.nc
97_dat,2026-04-15,5,5.401616096496582,ANFC,5.078224182128906,0.07822418212890625,1,thetao_ANFC_YTD_to_fcst_P1D.nc
97_dat,2026-04-15,10,4.766468524932861,ANFC,9.572997093200684,0.4270029067993164,1,thetao_ANFC_YTD_to_fcst_P1D.nc
97_dat,2026-04-15,15,4.187990665435791,ANFC,15.810070037841797,0.8100700378417969,1,thetao_ANFC_YTD_to_fcst_P1D.nc
97_dat,2026-04-15,20,4.0183892250061035,ANFC,18.495559692382812,1.5044403076171875,1,thetao_ANFC_YTD_to_fcst_P1D.nc
97_dat,2026-04-15,30,3.6096370220184326,ANFC,29.444730758666992,0.5552692413330078,1,thetao_ANFC_YTD_to_fcst_P1D.nc
97_dat,2026-04-16,5,6.002124786376953,ANFC,5.078224182128906,0.07822418212890625,1,thetao_ANFC_YTD_to_fcst_P1D.nc
97_dat,2026-04-16,10,5.085564613342285,ANFC,9.572997093200684,0.4270029067993164,1,thetao_ANFC_YTD_to_fcst_P1D.nc
97_dat,2026-04-16,15,4.3848958015441895,ANFC,15.810070037841797,0.8100700378417969,1,thetao_ANFC_YTD_to_fcst_P1D.nc
97_dat,2026-04-16,20,4.181002140045166,ANFC,18.495559692382812,1.5044403076171875,1,thetao_ANFC_YTD_to_fcst_P1D.nc
97_dat,2026-04-16,30,3.6467080116271973,ANFC,29.444730758666992,0.5552692413330078,1,thetao_ANFC_YTD_to_fcst_P1D.nc
97_dat,2026-04-17,5,6.402997970581055,ANFC,5.078224182128906,0.07822418212890625,1,thetao_ANFC_YTD_to_fcst_P1D.nc
97_dat,2026-04-17,10,5.433918476104736,ANFC,9.572997093200684,0.4270029067993164,1,thetao_ANFC_YTD_to_fcst_P1D.nc
97_dat,2026-04-17,15,4.549951553344727,ANFC,15.810070037841797,0.8100700378417969,1,thetao_ANFC_YTD_to_fcst_P1D.nc
97_dat,2026-04-17,20,4.315884113311768,ANFC,18.495559692382812,1.5044403076171875,1,thetao_ANFC_YTD_to_fcst_P1D.nc
97_dat,2026-04-17,30,3.6846184730529785,ANFC,29.444730758666992,0.5552692413330078,1,thetao_ANFC_YTD_to_fcst_P1D.nc
97_dat,2026-04-18,5,6.393868923187256,ANFC,5.078224182128906,0.07822418212890625,1,thetao_ANFC_YTD_to_fcst_P1D.nc
97_dat,2026-04-18,10,5.435806751251221,ANFC,9.572997093200684,0.4270029067993164,1,thetao_ANFC_YTD_to_fcst_P1D.nc
97_dat,2026-04-18,15,4.577859878540039,ANFC,15.810070037841797,0.8100700378417969,1,thetao_ANFC_YTD_to_fcst_P1D.nc
97_dat,2026-04-18,20,4.337246417999268,ANFC,18.495559692382812,1.5044403076171875,1,thetao_ANFC_YTD_to_fcst_P1D.nc
97_dat,2026-04-18,30,3.7031595706939697,ANFC,29.444730758666992,0.5552692413330078,1,thetao_ANFC_YTD_to_fcst_P1D.nc
97_dat,2026-04-19,5,5.899531841278076,ANFC,5.078224182128906,0.07822418212890625,1,thetao_ANFC_YTD_to_fcst_P1D.nc
97_dat,2026-04-19,10,4.847866058349609,ANFC,9.572997093200684,0.4270029067993164,1,thetao_ANFC_YTD_to_fcst_P1D.nc
97_dat,2026-04-19,15,4.259506702423096,ANFC,15.810070037841797,0.8100700378417969,1,thetao_ANFC_YTD_to_fcst_P1D.nc
97_dat,2026-04-19,20,4.091475009918213,ANFC,18.495559692382812,1.5044403076171875,1,thetao_ANFC_YTD_to_fcst_P1D.nc
97_dat,2026-04-19,30,3.7000818252563477,ANFC,29.444730758666992,0.5552692413330078,1,thetao_ANFC_YTD_to_fcst_P1D.nc
